[2026-05-12T00:00:12.963+0000] {processor.py:161} INFO - Started process (PID=3889) to work on /opt/airflow/dags/__pycache__/job_intelligent_pipeline.py
[2026-05-12T00:00:12.968+0000] {processor.py:830} INFO - Processing file /opt/airflow/dags/__pycache__/job_intelligent_pipeline.py for tasks to queue
[2026-05-12T00:00:12.981+0000] {logging_mixin.py:188} INFO - [2026-05-12T00:00:12.980+0000] {dagbag.py:545} INFO - Filling up the DagBag from /opt/airflow/dags/__pycache__/job_intelligent_pipeline.py
[2026-05-12T00:00:13.083+0000] {processor.py:840} INFO - DAG(s) 'job_intelligent_pipeline_simplified' retrieved from /opt/airflow/dags/__pycache__/job_intelligent_pipeline.py
[2026-05-12T00:00:13.245+0000] {logging_mixin.py:188} INFO - [2026-05-12T00:00:13.244+0000] {dag.py:3096} INFO - Sync 1 DAGs
[2026-05-12T00:00:13.331+0000] {logging_mixin.py:188} INFO - [2026-05-12T00:00:13.331+0000] {dag.py:3954} INFO - Setting next_dagrun for job_intelligent_pipeline_simplified to 2026-05-11 06:00:00+00:00, run_after=2026-05-12 06:00:00+00:00
[2026-05-12T00:00:13.407+0000] {processor.py:183} INFO - Processing /opt/airflow/dags/__pycache__/job_intelligent_pipeline.py took 0.488 seconds
[2026-05-12T00:00:43.529+0000] {processor.py:161} INFO - Started process (PID=3896) to work on /opt/airflow/dags/__pycache__/job_intelligent_pipeline.py
[2026-05-12T00:00:43.531+0000] {processor.py:830} INFO - Processing file /opt/airflow/dags/__pycache__/job_intelligent_pipeline.py for tasks to queue
[2026-05-12T00:00:43.536+0000] {logging_mixin.py:188} INFO - [2026-05-12T00:00:43.535+0000] {dagbag.py:545} INFO - Filling up the DagBag from /opt/airflow/dags/__pycache__/job_intelligent_pipeline.py
[2026-05-12T00:00:43.638+0000] {processor.py:840} INFO - DAG(s) 'job_intelligent_pipeline_simplified' retrieved from /opt/airflow/dags/__pycache__/job_intelligent_pipeline.py
[2026-05-12T00:00:43.746+0000] {logging_mixin.py:188} INFO - [2026-05-12T00:00:43.745+0000] {dag.py:3096} INFO - Sync 1 DAGs
[2026-05-12T00:00:43.836+0000] {logging_mixin.py:188} INFO - [2026-05-12T00:00:43.835+0000] {dag.py:3954} INFO - Setting next_dagrun for job_intelligent_pipeline_simplified to 2026-05-11 06:00:00+00:00, run_after=2026-05-12 06:00:00+00:00
[2026-05-12T00:00:44.033+0000] {processor.py:183} INFO - Processing /opt/airflow/dags/__pycache__/job_intelligent_pipeline.py took 0.517 seconds
[2026-05-12T00:01:14.922+0000] {processor.py:161} INFO - Started process (PID=3909) to work on /opt/airflow/dags/__pycache__/job_intelligent_pipeline.py
[2026-05-12T00:01:14.924+0000] {processor.py:830} INFO - Processing file /opt/airflow/dags/__pycache__/job_intelligent_pipeline.py for tasks to queue
[2026-05-12T00:01:14.929+0000] {logging_mixin.py:188} INFO - [2026-05-12T00:01:14.928+0000] {dagbag.py:545} INFO - Filling up the DagBag from /opt/airflow/dags/__pycache__/job_intelligent_pipeline.py
[2026-05-12T00:01:14.990+0000] {processor.py:840} INFO - DAG(s) 'job_intelligent_pipeline_simplified' retrieved from /opt/airflow/dags/__pycache__/job_intelligent_pipeline.py
[2026-05-12T00:01:15.089+0000] {logging_mixin.py:188} INFO - [2026-05-12T00:01:15.088+0000] {dag.py:3096} INFO - Sync 1 DAGs
[2026-05-12T00:01:15.148+0000] {logging_mixin.py:188} INFO - [2026-05-12T00:01:15.147+0000] {dag.py:3954} INFO - Setting next_dagrun for job_intelligent_pipeline_simplified to 2026-05-11 06:00:00+00:00, run_after=2026-05-12 06:00:00+00:00
[2026-05-12T00:01:15.212+0000] {processor.py:183} INFO - Processing /opt/airflow/dags/__pycache__/job_intelligent_pipeline.py took 0.305 seconds
[2026-05-12T00:01:45.953+0000] {processor.py:161} INFO - Started process (PID=3916) to work on /opt/airflow/dags/__pycache__/job_intelligent_pipeline.py
[2026-05-12T00:01:45.955+0000] {processor.py:830} INFO - Processing file /opt/airflow/dags/__pycache__/job_intelligent_pipeline.py for tasks to queue
[2026-05-12T00:01:45.960+0000] {logging_mixin.py:188} INFO - [2026-05-12T00:01:45.959+0000] {dagbag.py:545} INFO - Filling up the DagBag from /opt/airflow/dags/__pycache__/job_intelligent_pipeline.py
[2026-05-12T00:01:46.069+0000] {processor.py:840} INFO - DAG(s) 'job_intelligent_pipeline_simplified' retrieved from /opt/airflow/dags/__pycache__/job_intelligent_pipeline.py
[2026-05-12T00:01:46.208+0000] {logging_mixin.py:188} INFO - [2026-05-12T00:01:46.208+0000] {dag.py:3096} INFO - Sync 1 DAGs
[2026-05-12T00:01:46.380+0000] {logging_mixin.py:188} INFO - [2026-05-12T00:01:46.379+0000] {dag.py:3954} INFO - Setting next_dagrun for job_intelligent_pipeline_simplified to 2026-05-11 06:00:00+00:00, run_after=2026-05-12 06:00:00+00:00
[2026-05-12T00:01:46.494+0000] {processor.py:183} INFO - Processing /opt/airflow/dags/__pycache__/job_intelligent_pipeline.py took 0.559 seconds
[2026-05-12T00:02:16.906+0000] {processor.py:161} INFO - Started process (PID=3929) to work on /opt/airflow/dags/__pycache__/job_intelligent_pipeline.py
[2026-05-12T00:02:16.908+0000] {processor.py:830} INFO - Processing file /opt/airflow/dags/__pycache__/job_intelligent_pipeline.py for tasks to queue
[2026-05-12T00:02:16.911+0000] {logging_mixin.py:188} INFO - [2026-05-12T00:02:16.910+0000] {dagbag.py:545} INFO - Filling up the DagBag from /opt/airflow/dags/__pycache__/job_intelligent_pipeline.py
[2026-05-12T00:02:16.954+0000] {processor.py:840} INFO - DAG(s) 'job_intelligent_pipeline_simplified' retrieved from /opt/airflow/dags/__pycache__/job_intelligent_pipeline.py
[2026-05-12T00:02:17.024+0000] {logging_mixin.py:188} INFO - [2026-05-12T00:02:17.023+0000] {dag.py:3096} INFO - Sync 1 DAGs
[2026-05-12T00:02:17.080+0000] {logging_mixin.py:188} INFO - [2026-05-12T00:02:17.080+0000] {dag.py:3954} INFO - Setting next_dagrun for job_intelligent_pipeline_simplified to 2026-05-11 06:00:00+00:00, run_after=2026-05-12 06:00:00+00:00
[2026-05-12T00:02:17.141+0000] {processor.py:183} INFO - Processing /opt/airflow/dags/__pycache__/job_intelligent_pipeline.py took 0.249 seconds
[2026-05-12T00:02:47.474+0000] {processor.py:161} INFO - Started process (PID=3937) to work on /opt/airflow/dags/__pycache__/job_intelligent_pipeline.py
[2026-05-12T00:02:47.476+0000] {processor.py:830} INFO - Processing file /opt/airflow/dags/__pycache__/job_intelligent_pipeline.py for tasks to queue
[2026-05-12T00:02:47.479+0000] {logging_mixin.py:188} INFO - [2026-05-12T00:02:47.479+0000] {dagbag.py:545} INFO - Filling up the DagBag from /opt/airflow/dags/__pycache__/job_intelligent_pipeline.py
[2026-05-12T00:02:47.529+0000] {processor.py:840} INFO - DAG(s) 'job_intelligent_pipeline_simplified' retrieved from /opt/airflow/dags/__pycache__/job_intelligent_pipeline.py
[2026-05-12T00:02:47.612+0000] {logging_mixin.py:188} INFO - [2026-05-12T00:02:47.612+0000] {dag.py:3096} INFO - Sync 1 DAGs
[2026-05-12T00:02:47.683+0000] {logging_mixin.py:188} INFO - [2026-05-12T00:02:47.682+0000] {dag.py:3954} INFO - Setting next_dagrun for job_intelligent_pipeline_simplified to 2026-05-11 06:00:00+00:00, run_after=2026-05-12 06:00:00+00:00
[2026-05-12T00:02:47.749+0000] {processor.py:183} INFO - Processing /opt/airflow/dags/__pycache__/job_intelligent_pipeline.py took 0.291 seconds
[2026-05-12T00:03:18.397+0000] {processor.py:161} INFO - Started process (PID=3950) to work on /opt/airflow/dags/__pycache__/job_intelligent_pipeline.py
[2026-05-12T00:03:18.403+0000] {processor.py:830} INFO - Processing file /opt/airflow/dags/__pycache__/job_intelligent_pipeline.py for tasks to queue
[2026-05-12T00:03:18.409+0000] {logging_mixin.py:188} INFO - [2026-05-12T00:03:18.408+0000] {dagbag.py:545} INFO - Filling up the DagBag from /opt/airflow/dags/__pycache__/job_intelligent_pipeline.py
[2026-05-12T00:03:18.481+0000] {processor.py:840} INFO - DAG(s) 'job_intelligent_pipeline_simplified' retrieved from /opt/airflow/dags/__pycache__/job_intelligent_pipeline.py
[2026-05-12T00:03:18.597+0000] {logging_mixin.py:188} INFO - [2026-05-12T00:03:18.596+0000] {dag.py:3096} INFO - Sync 1 DAGs
[2026-05-12T00:03:18.712+0000] {logging_mixin.py:188} INFO - [2026-05-12T00:03:18.711+0000] {dag.py:3954} INFO - Setting next_dagrun for job_intelligent_pipeline_simplified to 2026-05-11 06:00:00+00:00, run_after=2026-05-12 06:00:00+00:00
[2026-05-12T00:03:18.803+0000] {processor.py:183} INFO - Processing /opt/airflow/dags/__pycache__/job_intelligent_pipeline.py took 0.421 seconds
[2026-05-12T00:03:49.232+0000] {processor.py:161} INFO - Started process (PID=3958) to work on /opt/airflow/dags/__pycache__/job_intelligent_pipeline.py
[2026-05-12T00:03:49.234+0000] {processor.py:830} INFO - Processing file /opt/airflow/dags/__pycache__/job_intelligent_pipeline.py for tasks to queue
[2026-05-12T00:03:49.238+0000] {logging_mixin.py:188} INFO - [2026-05-12T00:03:49.237+0000] {dagbag.py:545} INFO - Filling up the DagBag from /opt/airflow/dags/__pycache__/job_intelligent_pipeline.py
[2026-05-12T00:03:49.302+0000] {processor.py:840} INFO - DAG(s) 'job_intelligent_pipeline_simplified' retrieved from /opt/airflow/dags/__pycache__/job_intelligent_pipeline.py
[2026-05-12T00:03:49.404+0000] {logging_mixin.py:188} INFO - [2026-05-12T00:03:49.403+0000] {dag.py:3096} INFO - Sync 1 DAGs
[2026-05-12T00:03:49.493+0000] {logging_mixin.py:188} INFO - [2026-05-12T00:03:49.493+0000] {dag.py:3954} INFO - Setting next_dagrun for job_intelligent_pipeline_simplified to 2026-05-11 06:00:00+00:00, run_after=2026-05-12 06:00:00+00:00
[2026-05-12T00:03:49.585+0000] {processor.py:183} INFO - Processing /opt/airflow/dags/__pycache__/job_intelligent_pipeline.py took 0.368 seconds
[2026-05-12T00:04:20.131+0000] {processor.py:161} INFO - Started process (PID=3972) to work on /opt/airflow/dags/__pycache__/job_intelligent_pipeline.py
[2026-05-12T00:04:20.134+0000] {processor.py:830} INFO - Processing file /opt/airflow/dags/__pycache__/job_intelligent_pipeline.py for tasks to queue
[2026-05-12T00:04:20.137+0000] {logging_mixin.py:188} INFO - [2026-05-12T00:04:20.136+0000] {dagbag.py:545} INFO - Filling up the DagBag from /opt/airflow/dags/__pycache__/job_intelligent_pipeline.py
[2026-05-12T00:04:20.172+0000] {processor.py:840} INFO - DAG(s) 'job_intelligent_pipeline_simplified' retrieved from /opt/airflow/dags/__pycache__/job_intelligent_pipeline.py
[2026-05-12T00:04:20.230+0000] {logging_mixin.py:188} INFO - [2026-05-12T00:04:20.230+0000] {dag.py:3096} INFO - Sync 1 DAGs
[2026-05-12T00:04:20.287+0000] {logging_mixin.py:188} INFO - [2026-05-12T00:04:20.287+0000] {dag.py:3954} INFO - Setting next_dagrun for job_intelligent_pipeline_simplified to 2026-05-11 06:00:00+00:00, run_after=2026-05-12 06:00:00+00:00
[2026-05-12T00:04:20.353+0000] {processor.py:183} INFO - Processing /opt/airflow/dags/__pycache__/job_intelligent_pipeline.py took 0.234 seconds
[2026-05-12T00:04:51.021+0000] {processor.py:161} INFO - Started process (PID=3985) to work on /opt/airflow/dags/__pycache__/job_intelligent_pipeline.py
[2026-05-12T00:04:51.023+0000] {processor.py:830} INFO - Processing file /opt/airflow/dags/__pycache__/job_intelligent_pipeline.py for tasks to queue
[2026-05-12T00:04:51.037+0000] {logging_mixin.py:188} INFO - [2026-05-12T00:04:51.036+0000] {dagbag.py:545} INFO - Filling up the DagBag from /opt/airflow/dags/__pycache__/job_intelligent_pipeline.py
[2026-05-12T00:04:51.139+0000] {processor.py:840} INFO - DAG(s) 'job_intelligent_pipeline_simplified' retrieved from /opt/airflow/dags/__pycache__/job_intelligent_pipeline.py
[2026-05-12T00:04:51.338+0000] {logging_mixin.py:188} INFO - [2026-05-12T00:04:51.338+0000] {dag.py:3096} INFO - Sync 1 DAGs
[2026-05-12T00:04:51.557+0000] {logging_mixin.py:188} INFO - [2026-05-12T00:04:51.556+0000] {dag.py:3954} INFO - Setting next_dagrun for job_intelligent_pipeline_simplified to 2026-05-11 06:00:00+00:00, run_after=2026-05-12 06:00:00+00:00
[2026-05-12T00:04:51.822+0000] {processor.py:183} INFO - Processing /opt/airflow/dags/__pycache__/job_intelligent_pipeline.py took 0.830 seconds
[2026-05-12T00:05:22.709+0000] {processor.py:161} INFO - Started process (PID=3992) to work on /opt/airflow/dags/__pycache__/job_intelligent_pipeline.py
[2026-05-12T00:05:22.711+0000] {processor.py:830} INFO - Processing file /opt/airflow/dags/__pycache__/job_intelligent_pipeline.py for tasks to queue
[2026-05-12T00:05:22.726+0000] {logging_mixin.py:188} INFO - [2026-05-12T00:05:22.725+0000] {dagbag.py:545} INFO - Filling up the DagBag from /opt/airflow/dags/__pycache__/job_intelligent_pipeline.py
[2026-05-12T00:05:22.797+0000] {processor.py:840} INFO - DAG(s) 'job_intelligent_pipeline_simplified' retrieved from /opt/airflow/dags/__pycache__/job_intelligent_pipeline.py
[2026-05-12T00:05:22.903+0000] {logging_mixin.py:188} INFO - [2026-05-12T00:05:22.902+0000] {dag.py:3096} INFO - Sync 1 DAGs
[2026-05-12T00:05:23.014+0000] {logging_mixin.py:188} INFO - [2026-05-12T00:05:23.013+0000] {dag.py:3954} INFO - Setting next_dagrun for job_intelligent_pipeline_simplified to 2026-05-11 06:00:00+00:00, run_after=2026-05-12 06:00:00+00:00
[2026-05-12T00:05:23.156+0000] {processor.py:183} INFO - Processing /opt/airflow/dags/__pycache__/job_intelligent_pipeline.py took 0.465 seconds
[2026-05-12T00:05:53.403+0000] {processor.py:161} INFO - Started process (PID=4006) to work on /opt/airflow/dags/__pycache__/job_intelligent_pipeline.py
[2026-05-12T00:05:53.416+0000] {processor.py:830} INFO - Processing file /opt/airflow/dags/__pycache__/job_intelligent_pipeline.py for tasks to queue
[2026-05-12T00:05:53.429+0000] {logging_mixin.py:188} INFO - [2026-05-12T00:05:53.428+0000] {dagbag.py:545} INFO - Filling up the DagBag from /opt/airflow/dags/__pycache__/job_intelligent_pipeline.py
[2026-05-12T00:05:53.525+0000] {processor.py:840} INFO - DAG(s) 'job_intelligent_pipeline_simplified' retrieved from /opt/airflow/dags/__pycache__/job_intelligent_pipeline.py
[2026-05-12T00:05:53.668+0000] {logging_mixin.py:188} INFO - [2026-05-12T00:05:53.667+0000] {dag.py:3096} INFO - Sync 1 DAGs
[2026-05-12T00:05:53.799+0000] {logging_mixin.py:188} INFO - [2026-05-12T00:05:53.798+0000] {dag.py:3954} INFO - Setting next_dagrun for job_intelligent_pipeline_simplified to 2026-05-11 06:00:00+00:00, run_after=2026-05-12 06:00:00+00:00
[2026-05-12T00:05:53.858+0000] {processor.py:183} INFO - Processing /opt/airflow/dags/__pycache__/job_intelligent_pipeline.py took 0.481 seconds
[2026-05-12T00:06:24.354+0000] {processor.py:161} INFO - Started process (PID=4013) to work on /opt/airflow/dags/__pycache__/job_intelligent_pipeline.py
[2026-05-12T00:06:24.357+0000] {processor.py:830} INFO - Processing file /opt/airflow/dags/__pycache__/job_intelligent_pipeline.py for tasks to queue
[2026-05-12T00:06:24.377+0000] {logging_mixin.py:188} INFO - [2026-05-12T00:06:24.376+0000] {dagbag.py:545} INFO - Filling up the DagBag from /opt/airflow/dags/__pycache__/job_intelligent_pipeline.py
[2026-05-12T00:06:24.505+0000] {processor.py:840} INFO - DAG(s) 'job_intelligent_pipeline_simplified' retrieved from /opt/airflow/dags/__pycache__/job_intelligent_pipeline.py
[2026-05-12T00:06:24.692+0000] {logging_mixin.py:188} INFO - [2026-05-12T00:06:24.692+0000] {dag.py:3096} INFO - Sync 1 DAGs
[2026-05-12T00:06:24.787+0000] {logging_mixin.py:188} INFO - [2026-05-12T00:06:24.775+0000] {dag.py:3954} INFO - Setting next_dagrun for job_intelligent_pipeline_simplified to 2026-05-11 06:00:00+00:00, run_after=2026-05-12 06:00:00+00:00
[2026-05-12T00:06:24.903+0000] {processor.py:183} INFO - Processing /opt/airflow/dags/__pycache__/job_intelligent_pipeline.py took 0.568 seconds
[2026-05-12T00:06:55.062+0000] {processor.py:161} INFO - Started process (PID=4025) to work on /opt/airflow/dags/__pycache__/job_intelligent_pipeline.py
[2026-05-12T00:06:55.064+0000] {processor.py:830} INFO - Processing file /opt/airflow/dags/__pycache__/job_intelligent_pipeline.py for tasks to queue
[2026-05-12T00:06:55.072+0000] {logging_mixin.py:188} INFO - [2026-05-12T00:06:55.070+0000] {dagbag.py:545} INFO - Filling up the DagBag from /opt/airflow/dags/__pycache__/job_intelligent_pipeline.py
[2026-05-12T00:06:55.169+0000] {processor.py:840} INFO - DAG(s) 'job_intelligent_pipeline_simplified' retrieved from /opt/airflow/dags/__pycache__/job_intelligent_pipeline.py
[2026-05-12T00:06:55.271+0000] {logging_mixin.py:188} INFO - [2026-05-12T00:06:55.271+0000] {dag.py:3096} INFO - Sync 1 DAGs
[2026-05-12T00:06:55.326+0000] {logging_mixin.py:188} INFO - [2026-05-12T00:06:55.326+0000] {dag.py:3954} INFO - Setting next_dagrun for job_intelligent_pipeline_simplified to 2026-05-11 06:00:00+00:00, run_after=2026-05-12 06:00:00+00:00
[2026-05-12T00:06:55.378+0000] {processor.py:183} INFO - Processing /opt/airflow/dags/__pycache__/job_intelligent_pipeline.py took 0.331 seconds
[2026-05-12T00:07:27.012+0000] {processor.py:161} INFO - Started process (PID=4031) to work on /opt/airflow/dags/__pycache__/job_intelligent_pipeline.py
[2026-05-12T00:07:27.019+0000] {processor.py:830} INFO - Processing file /opt/airflow/dags/__pycache__/job_intelligent_pipeline.py for tasks to queue
[2026-05-12T00:07:27.026+0000] {logging_mixin.py:188} INFO - [2026-05-12T00:07:27.025+0000] {dagbag.py:545} INFO - Filling up the DagBag from /opt/airflow/dags/__pycache__/job_intelligent_pipeline.py
[2026-05-12T00:07:27.428+0000] {processor.py:840} INFO - DAG(s) 'job_intelligent_pipeline_simplified' retrieved from /opt/airflow/dags/__pycache__/job_intelligent_pipeline.py
[2026-05-12T00:07:27.509+0000] {logging_mixin.py:188} INFO - [2026-05-12T00:07:27.509+0000] {dag.py:3096} INFO - Sync 1 DAGs
[2026-05-12T00:07:27.663+0000] {logging_mixin.py:188} INFO - [2026-05-12T00:07:27.662+0000] {dag.py:3954} INFO - Setting next_dagrun for job_intelligent_pipeline_simplified to 2026-05-11 06:00:00+00:00, run_after=2026-05-12 06:00:00+00:00
[2026-05-12T00:07:27.737+0000] {processor.py:183} INFO - Processing /opt/airflow/dags/__pycache__/job_intelligent_pipeline.py took 0.761 seconds
[2026-05-12T00:07:58.366+0000] {processor.py:161} INFO - Started process (PID=4045) to work on /opt/airflow/dags/__pycache__/job_intelligent_pipeline.py
[2026-05-12T00:07:58.368+0000] {processor.py:830} INFO - Processing file /opt/airflow/dags/__pycache__/job_intelligent_pipeline.py for tasks to queue
[2026-05-12T00:07:58.372+0000] {logging_mixin.py:188} INFO - [2026-05-12T00:07:58.371+0000] {dagbag.py:545} INFO - Filling up the DagBag from /opt/airflow/dags/__pycache__/job_intelligent_pipeline.py
[2026-05-12T00:07:58.429+0000] {processor.py:840} INFO - DAG(s) 'job_intelligent_pipeline_simplified' retrieved from /opt/airflow/dags/__pycache__/job_intelligent_pipeline.py
[2026-05-12T00:07:58.525+0000] {logging_mixin.py:188} INFO - [2026-05-12T00:07:58.525+0000] {dag.py:3096} INFO - Sync 1 DAGs
[2026-05-12T00:07:58.599+0000] {logging_mixin.py:188} INFO - [2026-05-12T00:07:58.598+0000] {dag.py:3954} INFO - Setting next_dagrun for job_intelligent_pipeline_simplified to 2026-05-11 06:00:00+00:00, run_after=2026-05-12 06:00:00+00:00
[2026-05-12T00:07:58.643+0000] {processor.py:183} INFO - Processing /opt/airflow/dags/__pycache__/job_intelligent_pipeline.py took 0.289 seconds
[2026-05-12T00:08:29.393+0000] {processor.py:161} INFO - Started process (PID=4052) to work on /opt/airflow/dags/__pycache__/job_intelligent_pipeline.py
[2026-05-12T00:08:29.397+0000] {processor.py:830} INFO - Processing file /opt/airflow/dags/__pycache__/job_intelligent_pipeline.py for tasks to queue
[2026-05-12T00:08:29.404+0000] {logging_mixin.py:188} INFO - [2026-05-12T00:08:29.403+0000] {dagbag.py:545} INFO - Filling up the DagBag from /opt/airflow/dags/__pycache__/job_intelligent_pipeline.py
[2026-05-12T00:08:29.587+0000] {processor.py:840} INFO - DAG(s) 'job_intelligent_pipeline_simplified' retrieved from /opt/airflow/dags/__pycache__/job_intelligent_pipeline.py
[2026-05-12T00:08:29.676+0000] {logging_mixin.py:188} INFO - [2026-05-12T00:08:29.675+0000] {dag.py:3096} INFO - Sync 1 DAGs
[2026-05-12T00:08:29.751+0000] {logging_mixin.py:188} INFO - [2026-05-12T00:08:29.750+0000] {dag.py:3954} INFO - Setting next_dagrun for job_intelligent_pipeline_simplified to 2026-05-11 06:00:00+00:00, run_after=2026-05-12 06:00:00+00:00
[2026-05-12T00:08:29.808+0000] {processor.py:183} INFO - Processing /opt/airflow/dags/__pycache__/job_intelligent_pipeline.py took 0.444 seconds
[2026-05-12T00:09:00.139+0000] {processor.py:161} INFO - Started process (PID=4065) to work on /opt/airflow/dags/__pycache__/job_intelligent_pipeline.py
[2026-05-12T00:09:00.141+0000] {processor.py:830} INFO - Processing file /opt/airflow/dags/__pycache__/job_intelligent_pipeline.py for tasks to queue
[2026-05-12T00:09:00.145+0000] {logging_mixin.py:188} INFO - [2026-05-12T00:09:00.144+0000] {dagbag.py:545} INFO - Filling up the DagBag from /opt/airflow/dags/__pycache__/job_intelligent_pipeline.py
[2026-05-12T00:09:00.188+0000] {processor.py:840} INFO - DAG(s) 'job_intelligent_pipeline_simplified' retrieved from /opt/airflow/dags/__pycache__/job_intelligent_pipeline.py
[2026-05-12T00:09:00.266+0000] {logging_mixin.py:188} INFO - [2026-05-12T00:09:00.266+0000] {dag.py:3096} INFO - Sync 1 DAGs
[2026-05-12T00:09:00.310+0000] {logging_mixin.py:188} INFO - [2026-05-12T00:09:00.310+0000] {dag.py:3954} INFO - Setting next_dagrun for job_intelligent_pipeline_simplified to 2026-05-11 06:00:00+00:00, run_after=2026-05-12 06:00:00+00:00
[2026-05-12T00:09:00.424+0000] {processor.py:183} INFO - Processing /opt/airflow/dags/__pycache__/job_intelligent_pipeline.py took 0.296 seconds
[2026-05-12T00:09:31.176+0000] {processor.py:161} INFO - Started process (PID=4072) to work on /opt/airflow/dags/__pycache__/job_intelligent_pipeline.py
[2026-05-12T00:09:31.178+0000] {processor.py:830} INFO - Processing file /opt/airflow/dags/__pycache__/job_intelligent_pipeline.py for tasks to queue
[2026-05-12T00:09:31.183+0000] {logging_mixin.py:188} INFO - [2026-05-12T00:09:31.182+0000] {dagbag.py:545} INFO - Filling up the DagBag from /opt/airflow/dags/__pycache__/job_intelligent_pipeline.py
[2026-05-12T00:09:31.241+0000] {processor.py:840} INFO - DAG(s) 'job_intelligent_pipeline_simplified' retrieved from /opt/airflow/dags/__pycache__/job_intelligent_pipeline.py
[2026-05-12T00:09:31.304+0000] {logging_mixin.py:188} INFO - [2026-05-12T00:09:31.304+0000] {dag.py:3096} INFO - Sync 1 DAGs
[2026-05-12T00:09:31.389+0000] {logging_mixin.py:188} INFO - [2026-05-12T00:09:31.388+0000] {dag.py:3954} INFO - Setting next_dagrun for job_intelligent_pipeline_simplified to 2026-05-11 06:00:00+00:00, run_after=2026-05-12 06:00:00+00:00
[2026-05-12T00:09:31.470+0000] {processor.py:183} INFO - Processing /opt/airflow/dags/__pycache__/job_intelligent_pipeline.py took 0.311 seconds
[2026-05-12T00:10:01.836+0000] {processor.py:161} INFO - Started process (PID=4085) to work on /opt/airflow/dags/__pycache__/job_intelligent_pipeline.py
[2026-05-12T00:10:01.838+0000] {processor.py:830} INFO - Processing file /opt/airflow/dags/__pycache__/job_intelligent_pipeline.py for tasks to queue
[2026-05-12T00:10:01.846+0000] {logging_mixin.py:188} INFO - [2026-05-12T00:10:01.844+0000] {dagbag.py:545} INFO - Filling up the DagBag from /opt/airflow/dags/__pycache__/job_intelligent_pipeline.py
[2026-05-12T00:10:02.019+0000] {processor.py:840} INFO - DAG(s) 'job_intelligent_pipeline_simplified' retrieved from /opt/airflow/dags/__pycache__/job_intelligent_pipeline.py
[2026-05-12T00:10:02.112+0000] {logging_mixin.py:188} INFO - [2026-05-12T00:10:02.112+0000] {dag.py:3096} INFO - Sync 1 DAGs
[2026-05-12T00:10:02.186+0000] {logging_mixin.py:188} INFO - [2026-05-12T00:10:02.185+0000] {dag.py:3954} INFO - Setting next_dagrun for job_intelligent_pipeline_simplified to 2026-05-11 06:00:00+00:00, run_after=2026-05-12 06:00:00+00:00
[2026-05-12T00:10:02.289+0000] {processor.py:183} INFO - Processing /opt/airflow/dags/__pycache__/job_intelligent_pipeline.py took 0.469 seconds
[2026-05-12T00:10:32.546+0000] {processor.py:161} INFO - Started process (PID=4093) to work on /opt/airflow/dags/__pycache__/job_intelligent_pipeline.py
[2026-05-12T00:10:32.549+0000] {processor.py:830} INFO - Processing file /opt/airflow/dags/__pycache__/job_intelligent_pipeline.py for tasks to queue
[2026-05-12T00:10:32.557+0000] {logging_mixin.py:188} INFO - [2026-05-12T00:10:32.556+0000] {dagbag.py:545} INFO - Filling up the DagBag from /opt/airflow/dags/__pycache__/job_intelligent_pipeline.py
[2026-05-12T00:10:32.620+0000] {processor.py:840} INFO - DAG(s) 'job_intelligent_pipeline_simplified' retrieved from /opt/airflow/dags/__pycache__/job_intelligent_pipeline.py
[2026-05-12T00:10:32.707+0000] {logging_mixin.py:188} INFO - [2026-05-12T00:10:32.707+0000] {dag.py:3096} INFO - Sync 1 DAGs
[2026-05-12T00:10:32.791+0000] {logging_mixin.py:188} INFO - [2026-05-12T00:10:32.790+0000] {dag.py:3954} INFO - Setting next_dagrun for job_intelligent_pipeline_simplified to 2026-05-11 06:00:00+00:00, run_after=2026-05-12 06:00:00+00:00
[2026-05-12T00:10:32.870+0000] {processor.py:183} INFO - Processing /opt/airflow/dags/__pycache__/job_intelligent_pipeline.py took 0.339 seconds
[2026-05-12T00:11:03.632+0000] {processor.py:161} INFO - Started process (PID=4105) to work on /opt/airflow/dags/__pycache__/job_intelligent_pipeline.py
[2026-05-12T00:11:03.634+0000] {processor.py:830} INFO - Processing file /opt/airflow/dags/__pycache__/job_intelligent_pipeline.py for tasks to queue
[2026-05-12T00:11:03.638+0000] {logging_mixin.py:188} INFO - [2026-05-12T00:11:03.637+0000] {dagbag.py:545} INFO - Filling up the DagBag from /opt/airflow/dags/__pycache__/job_intelligent_pipeline.py
[2026-05-12T00:11:03.722+0000] {processor.py:840} INFO - DAG(s) 'job_intelligent_pipeline_simplified' retrieved from /opt/airflow/dags/__pycache__/job_intelligent_pipeline.py
[2026-05-12T00:11:03.873+0000] {logging_mixin.py:188} INFO - [2026-05-12T00:11:03.873+0000] {dag.py:3096} INFO - Sync 1 DAGs
[2026-05-12T00:11:03.933+0000] {logging_mixin.py:188} INFO - [2026-05-12T00:11:03.933+0000] {dag.py:3954} INFO - Setting next_dagrun for job_intelligent_pipeline_simplified to 2026-05-11 06:00:00+00:00, run_after=2026-05-12 06:00:00+00:00
[2026-05-12T00:11:03.987+0000] {processor.py:183} INFO - Processing /opt/airflow/dags/__pycache__/job_intelligent_pipeline.py took 0.377 seconds
[2026-05-12T00:11:34.626+0000] {processor.py:161} INFO - Started process (PID=4112) to work on /opt/airflow/dags/__pycache__/job_intelligent_pipeline.py
[2026-05-12T00:11:34.638+0000] {processor.py:830} INFO - Processing file /opt/airflow/dags/__pycache__/job_intelligent_pipeline.py for tasks to queue
[2026-05-12T00:11:34.652+0000] {logging_mixin.py:188} INFO - [2026-05-12T00:11:34.651+0000] {dagbag.py:545} INFO - Filling up the DagBag from /opt/airflow/dags/__pycache__/job_intelligent_pipeline.py
[2026-05-12T00:11:34.716+0000] {processor.py:840} INFO - DAG(s) 'job_intelligent_pipeline_simplified' retrieved from /opt/airflow/dags/__pycache__/job_intelligent_pipeline.py
[2026-05-12T00:11:34.791+0000] {logging_mixin.py:188} INFO - [2026-05-12T00:11:34.790+0000] {dag.py:3096} INFO - Sync 1 DAGs
[2026-05-12T00:11:34.839+0000] {logging_mixin.py:188} INFO - [2026-05-12T00:11:34.839+0000] {dag.py:3954} INFO - Setting next_dagrun for job_intelligent_pipeline_simplified to 2026-05-11 06:00:00+00:00, run_after=2026-05-12 06:00:00+00:00
[2026-05-12T00:11:34.883+0000] {processor.py:183} INFO - Processing /opt/airflow/dags/__pycache__/job_intelligent_pipeline.py took 0.309 seconds
[2026-05-12T00:12:05.772+0000] {processor.py:161} INFO - Started process (PID=4125) to work on /opt/airflow/dags/__pycache__/job_intelligent_pipeline.py
[2026-05-12T00:12:05.788+0000] {processor.py:830} INFO - Processing file /opt/airflow/dags/__pycache__/job_intelligent_pipeline.py for tasks to queue
[2026-05-12T00:12:05.791+0000] {logging_mixin.py:188} INFO - [2026-05-12T00:12:05.791+0000] {dagbag.py:545} INFO - Filling up the DagBag from /opt/airflow/dags/__pycache__/job_intelligent_pipeline.py
[2026-05-12T00:12:05.896+0000] {processor.py:840} INFO - DAG(s) 'job_intelligent_pipeline_simplified' retrieved from /opt/airflow/dags/__pycache__/job_intelligent_pipeline.py
[2026-05-12T00:12:06.250+0000] {logging_mixin.py:188} INFO - [2026-05-12T00:12:06.249+0000] {dag.py:3096} INFO - Sync 1 DAGs
[2026-05-12T00:12:06.564+0000] {logging_mixin.py:188} INFO - [2026-05-12T00:12:06.563+0000] {dag.py:3954} INFO - Setting next_dagrun for job_intelligent_pipeline_simplified to 2026-05-11 06:00:00+00:00, run_after=2026-05-12 06:00:00+00:00
[2026-05-12T00:12:07.070+0000] {processor.py:183} INFO - Processing /opt/airflow/dags/__pycache__/job_intelligent_pipeline.py took 1.321 seconds
[2026-05-12T00:12:37.708+0000] {processor.py:161} INFO - Started process (PID=4137) to work on /opt/airflow/dags/__pycache__/job_intelligent_pipeline.py
[2026-05-12T00:12:37.722+0000] {processor.py:830} INFO - Processing file /opt/airflow/dags/__pycache__/job_intelligent_pipeline.py for tasks to queue
[2026-05-12T00:12:37.727+0000] {logging_mixin.py:188} INFO - [2026-05-12T00:12:37.726+0000] {dagbag.py:545} INFO - Filling up the DagBag from /opt/airflow/dags/__pycache__/job_intelligent_pipeline.py
[2026-05-12T00:12:37.833+0000] {processor.py:840} INFO - DAG(s) 'job_intelligent_pipeline_simplified' retrieved from /opt/airflow/dags/__pycache__/job_intelligent_pipeline.py
[2026-05-12T00:12:38.042+0000] {logging_mixin.py:188} INFO - [2026-05-12T00:12:38.040+0000] {dag.py:3096} INFO - Sync 1 DAGs
[2026-05-12T00:12:38.148+0000] {logging_mixin.py:188} INFO - [2026-05-12T00:12:38.148+0000] {dag.py:3954} INFO - Setting next_dagrun for job_intelligent_pipeline_simplified to 2026-05-11 06:00:00+00:00, run_after=2026-05-12 06:00:00+00:00
[2026-05-12T00:12:38.204+0000] {processor.py:183} INFO - Processing /opt/airflow/dags/__pycache__/job_intelligent_pipeline.py took 0.520 seconds
[2026-05-12T00:13:10.228+0000] {processor.py:161} INFO - Started process (PID=4144) to work on /opt/airflow/dags/__pycache__/job_intelligent_pipeline.py
[2026-05-12T00:13:10.247+0000] {processor.py:830} INFO - Processing file /opt/airflow/dags/__pycache__/job_intelligent_pipeline.py for tasks to queue
[2026-05-12T00:13:10.262+0000] {logging_mixin.py:188} INFO - [2026-05-12T00:13:10.262+0000] {dagbag.py:545} INFO - Filling up the DagBag from /opt/airflow/dags/__pycache__/job_intelligent_pipeline.py
[2026-05-12T00:13:12.701+0000] {processor.py:840} INFO - DAG(s) 'job_intelligent_pipeline_simplified' retrieved from /opt/airflow/dags/__pycache__/job_intelligent_pipeline.py
[2026-05-12T00:13:13.018+0000] {logging_mixin.py:188} INFO - [2026-05-12T00:13:13.007+0000] {dag.py:3096} INFO - Sync 1 DAGs
[2026-05-12T00:13:13.194+0000] {logging_mixin.py:188} INFO - [2026-05-12T00:13:13.193+0000] {dag.py:3954} INFO - Setting next_dagrun for job_intelligent_pipeline_simplified to 2026-05-11 06:00:00+00:00, run_after=2026-05-12 06:00:00+00:00
[2026-05-12T00:13:13.545+0000] {processor.py:183} INFO - Processing /opt/airflow/dags/__pycache__/job_intelligent_pipeline.py took 3.342 seconds
[2026-05-12T00:13:44.475+0000] {processor.py:161} INFO - Started process (PID=4158) to work on /opt/airflow/dags/__pycache__/job_intelligent_pipeline.py
[2026-05-12T00:13:44.481+0000] {processor.py:830} INFO - Processing file /opt/airflow/dags/__pycache__/job_intelligent_pipeline.py for tasks to queue
[2026-05-12T00:13:44.496+0000] {logging_mixin.py:188} INFO - [2026-05-12T00:13:44.495+0000] {dagbag.py:545} INFO - Filling up the DagBag from /opt/airflow/dags/__pycache__/job_intelligent_pipeline.py
[2026-05-12T00:13:44.674+0000] {processor.py:840} INFO - DAG(s) 'job_intelligent_pipeline_simplified' retrieved from /opt/airflow/dags/__pycache__/job_intelligent_pipeline.py
[2026-05-12T00:13:44.840+0000] {logging_mixin.py:188} INFO - [2026-05-12T00:13:44.839+0000] {dag.py:3096} INFO - Sync 1 DAGs
[2026-05-12T00:13:45.005+0000] {logging_mixin.py:188} INFO - [2026-05-12T00:13:45.004+0000] {dag.py:3954} INFO - Setting next_dagrun for job_intelligent_pipeline_simplified to 2026-05-11 06:00:00+00:00, run_after=2026-05-12 06:00:00+00:00
[2026-05-12T00:13:45.085+0000] {processor.py:183} INFO - Processing /opt/airflow/dags/__pycache__/job_intelligent_pipeline.py took 0.648 seconds
[2026-05-12T00:14:15.375+0000] {processor.py:161} INFO - Started process (PID=4165) to work on /opt/airflow/dags/__pycache__/job_intelligent_pipeline.py
[2026-05-12T00:14:15.379+0000] {processor.py:830} INFO - Processing file /opt/airflow/dags/__pycache__/job_intelligent_pipeline.py for tasks to queue
[2026-05-12T00:14:15.384+0000] {logging_mixin.py:188} INFO - [2026-05-12T00:14:15.383+0000] {dagbag.py:545} INFO - Filling up the DagBag from /opt/airflow/dags/__pycache__/job_intelligent_pipeline.py
[2026-05-12T00:14:15.468+0000] {processor.py:840} INFO - DAG(s) 'job_intelligent_pipeline_simplified' retrieved from /opt/airflow/dags/__pycache__/job_intelligent_pipeline.py
[2026-05-12T00:14:15.579+0000] {logging_mixin.py:188} INFO - [2026-05-12T00:14:15.578+0000] {dag.py:3096} INFO - Sync 1 DAGs
[2026-05-12T00:14:15.641+0000] {logging_mixin.py:188} INFO - [2026-05-12T00:14:15.640+0000] {dag.py:3954} INFO - Setting next_dagrun for job_intelligent_pipeline_simplified to 2026-05-11 06:00:00+00:00, run_after=2026-05-12 06:00:00+00:00
[2026-05-12T00:14:15.704+0000] {processor.py:183} INFO - Processing /opt/airflow/dags/__pycache__/job_intelligent_pipeline.py took 0.347 seconds
[2026-05-12T00:14:46.119+0000] {processor.py:161} INFO - Started process (PID=4180) to work on /opt/airflow/dags/__pycache__/job_intelligent_pipeline.py
[2026-05-12T00:14:46.122+0000] {processor.py:830} INFO - Processing file /opt/airflow/dags/__pycache__/job_intelligent_pipeline.py for tasks to queue
[2026-05-12T00:14:46.128+0000] {logging_mixin.py:188} INFO - [2026-05-12T00:14:46.127+0000] {dagbag.py:545} INFO - Filling up the DagBag from /opt/airflow/dags/__pycache__/job_intelligent_pipeline.py
[2026-05-12T00:14:46.191+0000] {processor.py:840} INFO - DAG(s) 'job_intelligent_pipeline_simplified' retrieved from /opt/airflow/dags/__pycache__/job_intelligent_pipeline.py
[2026-05-12T00:14:46.318+0000] {logging_mixin.py:188} INFO - [2026-05-12T00:14:46.317+0000] {dag.py:3096} INFO - Sync 1 DAGs
[2026-05-12T00:14:46.384+0000] {logging_mixin.py:188} INFO - [2026-05-12T00:14:46.384+0000] {dag.py:3954} INFO - Setting next_dagrun for job_intelligent_pipeline_simplified to 2026-05-11 06:00:00+00:00, run_after=2026-05-12 06:00:00+00:00
[2026-05-12T00:14:46.483+0000] {processor.py:183} INFO - Processing /opt/airflow/dags/__pycache__/job_intelligent_pipeline.py took 0.414 seconds
[2026-05-12T00:15:17.577+0000] {processor.py:161} INFO - Started process (PID=4188) to work on /opt/airflow/dags/__pycache__/job_intelligent_pipeline.py
[2026-05-12T00:15:17.582+0000] {processor.py:830} INFO - Processing file /opt/airflow/dags/__pycache__/job_intelligent_pipeline.py for tasks to queue
[2026-05-12T00:15:17.590+0000] {logging_mixin.py:188} INFO - [2026-05-12T00:15:17.589+0000] {dagbag.py:545} INFO - Filling up the DagBag from /opt/airflow/dags/__pycache__/job_intelligent_pipeline.py
[2026-05-12T00:15:17.745+0000] {processor.py:840} INFO - DAG(s) 'job_intelligent_pipeline_simplified' retrieved from /opt/airflow/dags/__pycache__/job_intelligent_pipeline.py
[2026-05-12T00:15:17.874+0000] {logging_mixin.py:188} INFO - [2026-05-12T00:15:17.873+0000] {dag.py:3096} INFO - Sync 1 DAGs
[2026-05-12T00:15:18.020+0000] {logging_mixin.py:188} INFO - [2026-05-12T00:15:18.020+0000] {dag.py:3954} INFO - Setting next_dagrun for job_intelligent_pipeline_simplified to 2026-05-11 06:00:00+00:00, run_after=2026-05-12 06:00:00+00:00
[2026-05-12T00:15:18.098+0000] {processor.py:183} INFO - Processing /opt/airflow/dags/__pycache__/job_intelligent_pipeline.py took 0.535 seconds
[2026-05-12T00:15:48.630+0000] {processor.py:161} INFO - Started process (PID=4202) to work on /opt/airflow/dags/__pycache__/job_intelligent_pipeline.py
[2026-05-12T00:15:48.633+0000] {processor.py:830} INFO - Processing file /opt/airflow/dags/__pycache__/job_intelligent_pipeline.py for tasks to queue
[2026-05-12T00:15:48.639+0000] {logging_mixin.py:188} INFO - [2026-05-12T00:15:48.638+0000] {dagbag.py:545} INFO - Filling up the DagBag from /opt/airflow/dags/__pycache__/job_intelligent_pipeline.py
[2026-05-12T00:15:48.705+0000] {processor.py:840} INFO - DAG(s) 'job_intelligent_pipeline_simplified' retrieved from /opt/airflow/dags/__pycache__/job_intelligent_pipeline.py
[2026-05-12T00:15:48.791+0000] {logging_mixin.py:188} INFO - [2026-05-12T00:15:48.790+0000] {dag.py:3096} INFO - Sync 1 DAGs
[2026-05-12T00:15:48.877+0000] {logging_mixin.py:188} INFO - [2026-05-12T00:15:48.876+0000] {dag.py:3954} INFO - Setting next_dagrun for job_intelligent_pipeline_simplified to 2026-05-11 06:00:00+00:00, run_after=2026-05-12 06:00:00+00:00
[2026-05-12T00:15:48.962+0000] {processor.py:183} INFO - Processing /opt/airflow/dags/__pycache__/job_intelligent_pipeline.py took 0.343 seconds
[2026-05-12T00:16:19.340+0000] {processor.py:161} INFO - Started process (PID=4209) to work on /opt/airflow/dags/__pycache__/job_intelligent_pipeline.py
[2026-05-12T00:16:19.344+0000] {processor.py:830} INFO - Processing file /opt/airflow/dags/__pycache__/job_intelligent_pipeline.py for tasks to queue
[2026-05-12T00:16:19.351+0000] {logging_mixin.py:188} INFO - [2026-05-12T00:16:19.349+0000] {dagbag.py:545} INFO - Filling up the DagBag from /opt/airflow/dags/__pycache__/job_intelligent_pipeline.py
[2026-05-12T00:16:19.460+0000] {processor.py:840} INFO - DAG(s) 'job_intelligent_pipeline_simplified' retrieved from /opt/airflow/dags/__pycache__/job_intelligent_pipeline.py
[2026-05-12T00:16:19.585+0000] {logging_mixin.py:188} INFO - [2026-05-12T00:16:19.584+0000] {dag.py:3096} INFO - Sync 1 DAGs
[2026-05-12T00:16:19.657+0000] {logging_mixin.py:188} INFO - [2026-05-12T00:16:19.656+0000] {dag.py:3954} INFO - Setting next_dagrun for job_intelligent_pipeline_simplified to 2026-05-11 06:00:00+00:00, run_after=2026-05-12 06:00:00+00:00
[2026-05-12T00:16:19.812+0000] {processor.py:183} INFO - Processing /opt/airflow/dags/__pycache__/job_intelligent_pipeline.py took 0.494 seconds
[2026-05-12T00:16:50.569+0000] {processor.py:161} INFO - Started process (PID=4222) to work on /opt/airflow/dags/__pycache__/job_intelligent_pipeline.py
[2026-05-12T00:16:50.571+0000] {processor.py:830} INFO - Processing file /opt/airflow/dags/__pycache__/job_intelligent_pipeline.py for tasks to queue
[2026-05-12T00:16:50.574+0000] {logging_mixin.py:188} INFO - [2026-05-12T00:16:50.574+0000] {dagbag.py:545} INFO - Filling up the DagBag from /opt/airflow/dags/__pycache__/job_intelligent_pipeline.py
[2026-05-12T00:16:50.608+0000] {processor.py:840} INFO - DAG(s) 'job_intelligent_pipeline_simplified' retrieved from /opt/airflow/dags/__pycache__/job_intelligent_pipeline.py
[2026-05-12T00:16:50.693+0000] {logging_mixin.py:188} INFO - [2026-05-12T00:16:50.693+0000] {dag.py:3096} INFO - Sync 1 DAGs
[2026-05-12T00:16:50.751+0000] {logging_mixin.py:188} INFO - [2026-05-12T00:16:50.751+0000] {dag.py:3954} INFO - Setting next_dagrun for job_intelligent_pipeline_simplified to 2026-05-11 06:00:00+00:00, run_after=2026-05-12 06:00:00+00:00
[2026-05-12T00:16:50.798+0000] {processor.py:183} INFO - Processing /opt/airflow/dags/__pycache__/job_intelligent_pipeline.py took 0.255 seconds
[2026-05-12T00:17:21.628+0000] {processor.py:161} INFO - Started process (PID=4229) to work on /opt/airflow/dags/__pycache__/job_intelligent_pipeline.py
[2026-05-12T00:17:21.634+0000] {processor.py:830} INFO - Processing file /opt/airflow/dags/__pycache__/job_intelligent_pipeline.py for tasks to queue
[2026-05-12T00:17:21.639+0000] {logging_mixin.py:188} INFO - [2026-05-12T00:17:21.638+0000] {dagbag.py:545} INFO - Filling up the DagBag from /opt/airflow/dags/__pycache__/job_intelligent_pipeline.py
[2026-05-12T00:17:21.702+0000] {processor.py:840} INFO - DAG(s) 'job_intelligent_pipeline_simplified' retrieved from /opt/airflow/dags/__pycache__/job_intelligent_pipeline.py
[2026-05-12T00:17:21.780+0000] {logging_mixin.py:188} INFO - [2026-05-12T00:17:21.779+0000] {dag.py:3096} INFO - Sync 1 DAGs
[2026-05-12T00:17:21.829+0000] {logging_mixin.py:188} INFO - [2026-05-12T00:17:21.829+0000] {dag.py:3954} INFO - Setting next_dagrun for job_intelligent_pipeline_simplified to 2026-05-11 06:00:00+00:00, run_after=2026-05-12 06:00:00+00:00
[2026-05-12T00:17:21.946+0000] {processor.py:183} INFO - Processing /opt/airflow/dags/__pycache__/job_intelligent_pipeline.py took 0.340 seconds
[2026-05-12T00:17:52.679+0000] {processor.py:161} INFO - Started process (PID=4243) to work on /opt/airflow/dags/__pycache__/job_intelligent_pipeline.py
[2026-05-12T00:17:52.681+0000] {processor.py:830} INFO - Processing file /opt/airflow/dags/__pycache__/job_intelligent_pipeline.py for tasks to queue
[2026-05-12T00:17:52.687+0000] {logging_mixin.py:188} INFO - [2026-05-12T00:17:52.686+0000] {dagbag.py:545} INFO - Filling up the DagBag from /opt/airflow/dags/__pycache__/job_intelligent_pipeline.py
[2026-05-12T00:17:52.750+0000] {processor.py:840} INFO - DAG(s) 'job_intelligent_pipeline_simplified' retrieved from /opt/airflow/dags/__pycache__/job_intelligent_pipeline.py
[2026-05-12T00:17:52.881+0000] {logging_mixin.py:188} INFO - [2026-05-12T00:17:52.881+0000] {dag.py:3096} INFO - Sync 1 DAGs
[2026-05-12T00:17:52.941+0000] {logging_mixin.py:188} INFO - [2026-05-12T00:17:52.940+0000] {dag.py:3954} INFO - Setting next_dagrun for job_intelligent_pipeline_simplified to 2026-05-11 06:00:00+00:00, run_after=2026-05-12 06:00:00+00:00
[2026-05-12T00:17:52.977+0000] {processor.py:183} INFO - Processing /opt/airflow/dags/__pycache__/job_intelligent_pipeline.py took 0.320 seconds
[2026-05-12T00:18:23.650+0000] {processor.py:161} INFO - Started process (PID=4257) to work on /opt/airflow/dags/__pycache__/job_intelligent_pipeline.py
[2026-05-12T00:18:23.652+0000] {processor.py:830} INFO - Processing file /opt/airflow/dags/__pycache__/job_intelligent_pipeline.py for tasks to queue
[2026-05-12T00:18:23.656+0000] {logging_mixin.py:188} INFO - [2026-05-12T00:18:23.655+0000] {dagbag.py:545} INFO - Filling up the DagBag from /opt/airflow/dags/__pycache__/job_intelligent_pipeline.py
[2026-05-12T00:18:23.707+0000] {processor.py:840} INFO - DAG(s) 'job_intelligent_pipeline_simplified' retrieved from /opt/airflow/dags/__pycache__/job_intelligent_pipeline.py
[2026-05-12T00:18:23.763+0000] {logging_mixin.py:188} INFO - [2026-05-12T00:18:23.763+0000] {dag.py:3096} INFO - Sync 1 DAGs
[2026-05-12T00:18:23.810+0000] {logging_mixin.py:188} INFO - [2026-05-12T00:18:23.810+0000] {dag.py:3954} INFO - Setting next_dagrun for job_intelligent_pipeline_simplified to 2026-05-11 06:00:00+00:00, run_after=2026-05-12 06:00:00+00:00
[2026-05-12T00:18:23.910+0000] {processor.py:183} INFO - Processing /opt/airflow/dags/__pycache__/job_intelligent_pipeline.py took 0.277 seconds
[2026-05-12T00:18:54.165+0000] {processor.py:161} INFO - Started process (PID=4264) to work on /opt/airflow/dags/__pycache__/job_intelligent_pipeline.py
[2026-05-12T00:18:54.167+0000] {processor.py:830} INFO - Processing file /opt/airflow/dags/__pycache__/job_intelligent_pipeline.py for tasks to queue
[2026-05-12T00:18:54.171+0000] {logging_mixin.py:188} INFO - [2026-05-12T00:18:54.170+0000] {dagbag.py:545} INFO - Filling up the DagBag from /opt/airflow/dags/__pycache__/job_intelligent_pipeline.py
[2026-05-12T00:18:54.213+0000] {processor.py:840} INFO - DAG(s) 'job_intelligent_pipeline_simplified' retrieved from /opt/airflow/dags/__pycache__/job_intelligent_pipeline.py
[2026-05-12T00:18:54.279+0000] {logging_mixin.py:188} INFO - [2026-05-12T00:18:54.279+0000] {dag.py:3096} INFO - Sync 1 DAGs
[2026-05-12T00:18:54.333+0000] {logging_mixin.py:188} INFO - [2026-05-12T00:18:54.332+0000] {dag.py:3954} INFO - Setting next_dagrun for job_intelligent_pipeline_simplified to 2026-05-11 06:00:00+00:00, run_after=2026-05-12 06:00:00+00:00
[2026-05-12T00:18:54.395+0000] {processor.py:183} INFO - Processing /opt/airflow/dags/__pycache__/job_intelligent_pipeline.py took 0.248 seconds
[2026-05-12T00:19:24.795+0000] {processor.py:161} INFO - Started process (PID=4277) to work on /opt/airflow/dags/__pycache__/job_intelligent_pipeline.py
[2026-05-12T00:19:24.797+0000] {processor.py:830} INFO - Processing file /opt/airflow/dags/__pycache__/job_intelligent_pipeline.py for tasks to queue
[2026-05-12T00:19:24.802+0000] {logging_mixin.py:188} INFO - [2026-05-12T00:19:24.801+0000] {dagbag.py:545} INFO - Filling up the DagBag from /opt/airflow/dags/__pycache__/job_intelligent_pipeline.py
[2026-05-12T00:19:24.856+0000] {processor.py:840} INFO - DAG(s) 'job_intelligent_pipeline_simplified' retrieved from /opt/airflow/dags/__pycache__/job_intelligent_pipeline.py
[2026-05-12T00:19:24.927+0000] {logging_mixin.py:188} INFO - [2026-05-12T00:19:24.926+0000] {dag.py:3096} INFO - Sync 1 DAGs
[2026-05-12T00:19:24.976+0000] {logging_mixin.py:188} INFO - [2026-05-12T00:19:24.975+0000] {dag.py:3954} INFO - Setting next_dagrun for job_intelligent_pipeline_simplified to 2026-05-11 06:00:00+00:00, run_after=2026-05-12 06:00:00+00:00
[2026-05-12T00:19:25.018+0000] {processor.py:183} INFO - Processing /opt/airflow/dags/__pycache__/job_intelligent_pipeline.py took 0.245 seconds
[2026-05-12T00:19:55.697+0000] {processor.py:161} INFO - Started process (PID=4284) to work on /opt/airflow/dags/__pycache__/job_intelligent_pipeline.py
[2026-05-12T00:19:55.702+0000] {processor.py:830} INFO - Processing file /opt/airflow/dags/__pycache__/job_intelligent_pipeline.py for tasks to queue
[2026-05-12T00:19:55.708+0000] {logging_mixin.py:188} INFO - [2026-05-12T00:19:55.707+0000] {dagbag.py:545} INFO - Filling up the DagBag from /opt/airflow/dags/__pycache__/job_intelligent_pipeline.py
[2026-05-12T00:19:55.783+0000] {processor.py:840} INFO - DAG(s) 'job_intelligent_pipeline_simplified' retrieved from /opt/airflow/dags/__pycache__/job_intelligent_pipeline.py
[2026-05-12T00:19:55.903+0000] {logging_mixin.py:188} INFO - [2026-05-12T00:19:55.902+0000] {dag.py:3096} INFO - Sync 1 DAGs
[2026-05-12T00:19:55.953+0000] {logging_mixin.py:188} INFO - [2026-05-12T00:19:55.952+0000] {dag.py:3954} INFO - Setting next_dagrun for job_intelligent_pipeline_simplified to 2026-05-11 06:00:00+00:00, run_after=2026-05-12 06:00:00+00:00
[2026-05-12T00:19:56.000+0000] {processor.py:183} INFO - Processing /opt/airflow/dags/__pycache__/job_intelligent_pipeline.py took 0.322 seconds
[2026-05-12T00:20:26.614+0000] {processor.py:161} INFO - Started process (PID=4296) to work on /opt/airflow/dags/__pycache__/job_intelligent_pipeline.py
[2026-05-12T00:20:26.619+0000] {processor.py:830} INFO - Processing file /opt/airflow/dags/__pycache__/job_intelligent_pipeline.py for tasks to queue
[2026-05-12T00:20:26.632+0000] {logging_mixin.py:188} INFO - [2026-05-12T00:20:26.630+0000] {dagbag.py:545} INFO - Filling up the DagBag from /opt/airflow/dags/__pycache__/job_intelligent_pipeline.py
[2026-05-12T00:20:26.743+0000] {processor.py:840} INFO - DAG(s) 'job_intelligent_pipeline_simplified' retrieved from /opt/airflow/dags/__pycache__/job_intelligent_pipeline.py
[2026-05-12T00:20:26.807+0000] {logging_mixin.py:188} INFO - [2026-05-12T00:20:26.806+0000] {dag.py:3096} INFO - Sync 1 DAGs
[2026-05-12T00:20:26.855+0000] {logging_mixin.py:188} INFO - [2026-05-12T00:20:26.854+0000] {dag.py:3954} INFO - Setting next_dagrun for job_intelligent_pipeline_simplified to 2026-05-11 06:00:00+00:00, run_after=2026-05-12 06:00:00+00:00
[2026-05-12T00:20:26.898+0000] {processor.py:183} INFO - Processing /opt/airflow/dags/__pycache__/job_intelligent_pipeline.py took 0.319 seconds
[2026-05-12T00:20:57.709+0000] {processor.py:161} INFO - Started process (PID=4304) to work on /opt/airflow/dags/__pycache__/job_intelligent_pipeline.py
[2026-05-12T00:20:57.711+0000] {processor.py:830} INFO - Processing file /opt/airflow/dags/__pycache__/job_intelligent_pipeline.py for tasks to queue
[2026-05-12T00:20:57.715+0000] {logging_mixin.py:188} INFO - [2026-05-12T00:20:57.714+0000] {dagbag.py:545} INFO - Filling up the DagBag from /opt/airflow/dags/__pycache__/job_intelligent_pipeline.py
[2026-05-12T00:20:57.772+0000] {processor.py:840} INFO - DAG(s) 'job_intelligent_pipeline_simplified' retrieved from /opt/airflow/dags/__pycache__/job_intelligent_pipeline.py
[2026-05-12T00:20:57.857+0000] {logging_mixin.py:188} INFO - [2026-05-12T00:20:57.856+0000] {dag.py:3096} INFO - Sync 1 DAGs
[2026-05-12T00:20:57.929+0000] {logging_mixin.py:188} INFO - [2026-05-12T00:20:57.928+0000] {dag.py:3954} INFO - Setting next_dagrun for job_intelligent_pipeline_simplified to 2026-05-11 06:00:00+00:00, run_after=2026-05-12 06:00:00+00:00
[2026-05-12T00:20:58.042+0000] {processor.py:183} INFO - Processing /opt/airflow/dags/__pycache__/job_intelligent_pipeline.py took 0.350 seconds
[2026-05-12T00:21:28.286+0000] {processor.py:161} INFO - Started process (PID=4318) to work on /opt/airflow/dags/__pycache__/job_intelligent_pipeline.py
[2026-05-12T00:21:28.298+0000] {processor.py:830} INFO - Processing file /opt/airflow/dags/__pycache__/job_intelligent_pipeline.py for tasks to queue
[2026-05-12T00:21:28.309+0000] {logging_mixin.py:188} INFO - [2026-05-12T00:21:28.304+0000] {dagbag.py:545} INFO - Filling up the DagBag from /opt/airflow/dags/__pycache__/job_intelligent_pipeline.py
[2026-05-12T00:21:28.433+0000] {processor.py:840} INFO - DAG(s) 'job_intelligent_pipeline_simplified' retrieved from /opt/airflow/dags/__pycache__/job_intelligent_pipeline.py
[2026-05-12T00:21:28.624+0000] {logging_mixin.py:188} INFO - [2026-05-12T00:21:28.624+0000] {dag.py:3096} INFO - Sync 1 DAGs
[2026-05-12T00:21:28.676+0000] {logging_mixin.py:188} INFO - [2026-05-12T00:21:28.676+0000] {dag.py:3954} INFO - Setting next_dagrun for job_intelligent_pipeline_simplified to 2026-05-11 06:00:00+00:00, run_after=2026-05-12 06:00:00+00:00
[2026-05-12T00:21:28.746+0000] {processor.py:183} INFO - Processing /opt/airflow/dags/__pycache__/job_intelligent_pipeline.py took 0.501 seconds
[2026-05-12T00:21:59.595+0000] {processor.py:161} INFO - Started process (PID=4326) to work on /opt/airflow/dags/__pycache__/job_intelligent_pipeline.py
[2026-05-12T00:21:59.597+0000] {processor.py:830} INFO - Processing file /opt/airflow/dags/__pycache__/job_intelligent_pipeline.py for tasks to queue
[2026-05-12T00:21:59.602+0000] {logging_mixin.py:188} INFO - [2026-05-12T00:21:59.601+0000] {dagbag.py:545} INFO - Filling up the DagBag from /opt/airflow/dags/__pycache__/job_intelligent_pipeline.py
[2026-05-12T00:21:59.651+0000] {processor.py:840} INFO - DAG(s) 'job_intelligent_pipeline_simplified' retrieved from /opt/airflow/dags/__pycache__/job_intelligent_pipeline.py
[2026-05-12T00:21:59.713+0000] {logging_mixin.py:188} INFO - [2026-05-12T00:21:59.712+0000] {dag.py:3096} INFO - Sync 1 DAGs
[2026-05-12T00:21:59.785+0000] {logging_mixin.py:188} INFO - [2026-05-12T00:21:59.783+0000] {dag.py:3954} INFO - Setting next_dagrun for job_intelligent_pipeline_simplified to 2026-05-11 06:00:00+00:00, run_after=2026-05-12 06:00:00+00:00
[2026-05-12T00:21:59.880+0000] {processor.py:183} INFO - Processing /opt/airflow/dags/__pycache__/job_intelligent_pipeline.py took 0.298 seconds
[2026-05-12T00:22:30.396+0000] {processor.py:161} INFO - Started process (PID=4339) to work on /opt/airflow/dags/__pycache__/job_intelligent_pipeline.py
[2026-05-12T00:22:30.398+0000] {processor.py:830} INFO - Processing file /opt/airflow/dags/__pycache__/job_intelligent_pipeline.py for tasks to queue
[2026-05-12T00:22:30.401+0000] {logging_mixin.py:188} INFO - [2026-05-12T00:22:30.401+0000] {dagbag.py:545} INFO - Filling up the DagBag from /opt/airflow/dags/__pycache__/job_intelligent_pipeline.py
[2026-05-12T00:22:30.437+0000] {processor.py:840} INFO - DAG(s) 'job_intelligent_pipeline_simplified' retrieved from /opt/airflow/dags/__pycache__/job_intelligent_pipeline.py
[2026-05-12T00:22:30.504+0000] {logging_mixin.py:188} INFO - [2026-05-12T00:22:30.504+0000] {dag.py:3096} INFO - Sync 1 DAGs
[2026-05-12T00:22:30.565+0000] {logging_mixin.py:188} INFO - [2026-05-12T00:22:30.564+0000] {dag.py:3954} INFO - Setting next_dagrun for job_intelligent_pipeline_simplified to 2026-05-11 06:00:00+00:00, run_after=2026-05-12 06:00:00+00:00
[2026-05-12T00:22:30.641+0000] {processor.py:183} INFO - Processing /opt/airflow/dags/__pycache__/job_intelligent_pipeline.py took 0.261 seconds
[2026-05-12T00:23:01.000+0000] {processor.py:161} INFO - Started process (PID=4347) to work on /opt/airflow/dags/__pycache__/job_intelligent_pipeline.py
[2026-05-12T00:23:01.003+0000] {processor.py:830} INFO - Processing file /opt/airflow/dags/__pycache__/job_intelligent_pipeline.py for tasks to queue
[2026-05-12T00:23:01.009+0000] {logging_mixin.py:188} INFO - [2026-05-12T00:23:01.008+0000] {dagbag.py:545} INFO - Filling up the DagBag from /opt/airflow/dags/__pycache__/job_intelligent_pipeline.py
[2026-05-12T00:23:01.086+0000] {processor.py:840} INFO - DAG(s) 'job_intelligent_pipeline_simplified' retrieved from /opt/airflow/dags/__pycache__/job_intelligent_pipeline.py
[2026-05-12T00:23:01.226+0000] {logging_mixin.py:188} INFO - [2026-05-12T00:23:01.225+0000] {dag.py:3096} INFO - Sync 1 DAGs
[2026-05-12T00:23:01.307+0000] {logging_mixin.py:188} INFO - [2026-05-12T00:23:01.307+0000] {dag.py:3954} INFO - Setting next_dagrun for job_intelligent_pipeline_simplified to 2026-05-11 06:00:00+00:00, run_after=2026-05-12 06:00:00+00:00
[2026-05-12T00:23:01.355+0000] {processor.py:183} INFO - Processing /opt/airflow/dags/__pycache__/job_intelligent_pipeline.py took 0.383 seconds
[2026-05-12T00:23:31.864+0000] {processor.py:161} INFO - Started process (PID=4360) to work on /opt/airflow/dags/__pycache__/job_intelligent_pipeline.py
[2026-05-12T00:23:31.873+0000] {processor.py:830} INFO - Processing file /opt/airflow/dags/__pycache__/job_intelligent_pipeline.py for tasks to queue
[2026-05-12T00:23:31.877+0000] {logging_mixin.py:188} INFO - [2026-05-12T00:23:31.877+0000] {dagbag.py:545} INFO - Filling up the DagBag from /opt/airflow/dags/__pycache__/job_intelligent_pipeline.py
[2026-05-12T00:23:32.030+0000] {processor.py:840} INFO - DAG(s) 'job_intelligent_pipeline_simplified' retrieved from /opt/airflow/dags/__pycache__/job_intelligent_pipeline.py
[2026-05-12T00:23:32.276+0000] {logging_mixin.py:188} INFO - [2026-05-12T00:23:32.276+0000] {dag.py:3096} INFO - Sync 1 DAGs
[2026-05-12T00:23:32.336+0000] {logging_mixin.py:188} INFO - [2026-05-12T00:23:32.336+0000] {dag.py:3954} INFO - Setting next_dagrun for job_intelligent_pipeline_simplified to 2026-05-11 06:00:00+00:00, run_after=2026-05-12 06:00:00+00:00
[2026-05-12T00:23:32.461+0000] {processor.py:183} INFO - Processing /opt/airflow/dags/__pycache__/job_intelligent_pipeline.py took 0.617 seconds
[2026-05-12T00:24:03.002+0000] {processor.py:161} INFO - Started process (PID=4368) to work on /opt/airflow/dags/__pycache__/job_intelligent_pipeline.py
[2026-05-12T00:24:03.005+0000] {processor.py:830} INFO - Processing file /opt/airflow/dags/__pycache__/job_intelligent_pipeline.py for tasks to queue
[2026-05-12T00:24:03.009+0000] {logging_mixin.py:188} INFO - [2026-05-12T00:24:03.008+0000] {dagbag.py:545} INFO - Filling up the DagBag from /opt/airflow/dags/__pycache__/job_intelligent_pipeline.py
[2026-05-12T00:24:03.055+0000] {processor.py:840} INFO - DAG(s) 'job_intelligent_pipeline_simplified' retrieved from /opt/airflow/dags/__pycache__/job_intelligent_pipeline.py
[2026-05-12T00:24:03.161+0000] {logging_mixin.py:188} INFO - [2026-05-12T00:24:03.161+0000] {dag.py:3096} INFO - Sync 1 DAGs
[2026-05-12T00:24:03.268+0000] {logging_mixin.py:188} INFO - [2026-05-12T00:24:03.267+0000] {dag.py:3954} INFO - Setting next_dagrun for job_intelligent_pipeline_simplified to 2026-05-11 06:00:00+00:00, run_after=2026-05-12 06:00:00+00:00
[2026-05-12T00:24:03.381+0000] {processor.py:183} INFO - Processing /opt/airflow/dags/__pycache__/job_intelligent_pipeline.py took 0.389 seconds
[2026-05-12T00:24:34.126+0000] {processor.py:161} INFO - Started process (PID=4381) to work on /opt/airflow/dags/__pycache__/job_intelligent_pipeline.py
[2026-05-12T00:24:34.133+0000] {processor.py:830} INFO - Processing file /opt/airflow/dags/__pycache__/job_intelligent_pipeline.py for tasks to queue
[2026-05-12T00:24:34.142+0000] {logging_mixin.py:188} INFO - [2026-05-12T00:24:34.141+0000] {dagbag.py:545} INFO - Filling up the DagBag from /opt/airflow/dags/__pycache__/job_intelligent_pipeline.py
[2026-05-12T00:24:34.361+0000] {processor.py:840} INFO - DAG(s) 'job_intelligent_pipeline_simplified' retrieved from /opt/airflow/dags/__pycache__/job_intelligent_pipeline.py
[2026-05-12T00:24:34.644+0000] {logging_mixin.py:188} INFO - [2026-05-12T00:24:34.643+0000] {dag.py:3096} INFO - Sync 1 DAGs
[2026-05-12T00:24:34.914+0000] {logging_mixin.py:188} INFO - [2026-05-12T00:24:34.911+0000] {dag.py:3954} INFO - Setting next_dagrun for job_intelligent_pipeline_simplified to 2026-05-11 06:00:00+00:00, run_after=2026-05-12 06:00:00+00:00
[2026-05-12T00:24:35.344+0000] {processor.py:183} INFO - Processing /opt/airflow/dags/__pycache__/job_intelligent_pipeline.py took 1.279 seconds
[2026-05-12T00:25:05.591+0000] {processor.py:161} INFO - Started process (PID=4387) to work on /opt/airflow/dags/__pycache__/job_intelligent_pipeline.py
[2026-05-12T00:25:05.597+0000] {processor.py:830} INFO - Processing file /opt/airflow/dags/__pycache__/job_intelligent_pipeline.py for tasks to queue
[2026-05-12T00:25:05.604+0000] {logging_mixin.py:188} INFO - [2026-05-12T00:25:05.603+0000] {dagbag.py:545} INFO - Filling up the DagBag from /opt/airflow/dags/__pycache__/job_intelligent_pipeline.py
[2026-05-12T00:25:05.659+0000] {processor.py:840} INFO - DAG(s) 'job_intelligent_pipeline_simplified' retrieved from /opt/airflow/dags/__pycache__/job_intelligent_pipeline.py
[2026-05-12T00:25:05.725+0000] {logging_mixin.py:188} INFO - [2026-05-12T00:25:05.725+0000] {dag.py:3096} INFO - Sync 1 DAGs
[2026-05-12T00:25:05.838+0000] {logging_mixin.py:188} INFO - [2026-05-12T00:25:05.837+0000] {dag.py:3954} INFO - Setting next_dagrun for job_intelligent_pipeline_simplified to 2026-05-11 06:00:00+00:00, run_after=2026-05-12 06:00:00+00:00
[2026-05-12T00:25:05.904+0000] {processor.py:183} INFO - Processing /opt/airflow/dags/__pycache__/job_intelligent_pipeline.py took 0.326 seconds
[2026-05-12T00:25:36.474+0000] {processor.py:161} INFO - Started process (PID=4400) to work on /opt/airflow/dags/__pycache__/job_intelligent_pipeline.py
[2026-05-12T00:25:36.476+0000] {processor.py:830} INFO - Processing file /opt/airflow/dags/__pycache__/job_intelligent_pipeline.py for tasks to queue
[2026-05-12T00:25:36.479+0000] {logging_mixin.py:188} INFO - [2026-05-12T00:25:36.479+0000] {dagbag.py:545} INFO - Filling up the DagBag from /opt/airflow/dags/__pycache__/job_intelligent_pipeline.py
[2026-05-12T00:25:36.530+0000] {processor.py:840} INFO - DAG(s) 'job_intelligent_pipeline_simplified' retrieved from /opt/airflow/dags/__pycache__/job_intelligent_pipeline.py
[2026-05-12T00:25:36.606+0000] {logging_mixin.py:188} INFO - [2026-05-12T00:25:36.606+0000] {dag.py:3096} INFO - Sync 1 DAGs
[2026-05-12T00:25:36.672+0000] {logging_mixin.py:188} INFO - [2026-05-12T00:25:36.672+0000] {dag.py:3954} INFO - Setting next_dagrun for job_intelligent_pipeline_simplified to 2026-05-11 06:00:00+00:00, run_after=2026-05-12 06:00:00+00:00
[2026-05-12T00:25:36.724+0000] {processor.py:183} INFO - Processing /opt/airflow/dags/__pycache__/job_intelligent_pipeline.py took 0.263 seconds
[2026-05-12T00:26:07.628+0000] {processor.py:161} INFO - Started process (PID=4407) to work on /opt/airflow/dags/__pycache__/job_intelligent_pipeline.py
[2026-05-12T00:26:07.632+0000] {processor.py:830} INFO - Processing file /opt/airflow/dags/__pycache__/job_intelligent_pipeline.py for tasks to queue
[2026-05-12T00:26:07.646+0000] {logging_mixin.py:188} INFO - [2026-05-12T00:26:07.644+0000] {dagbag.py:545} INFO - Filling up the DagBag from /opt/airflow/dags/__pycache__/job_intelligent_pipeline.py
[2026-05-12T00:26:07.729+0000] {processor.py:840} INFO - DAG(s) 'job_intelligent_pipeline_simplified' retrieved from /opt/airflow/dags/__pycache__/job_intelligent_pipeline.py
[2026-05-12T00:26:07.807+0000] {logging_mixin.py:188} INFO - [2026-05-12T00:26:07.806+0000] {dag.py:3096} INFO - Sync 1 DAGs
[2026-05-12T00:26:07.887+0000] {logging_mixin.py:188} INFO - [2026-05-12T00:26:07.886+0000] {dag.py:3954} INFO - Setting next_dagrun for job_intelligent_pipeline_simplified to 2026-05-11 06:00:00+00:00, run_after=2026-05-12 06:00:00+00:00
[2026-05-12T00:26:07.944+0000] {processor.py:183} INFO - Processing /opt/airflow/dags/__pycache__/job_intelligent_pipeline.py took 0.349 seconds
[2026-05-12T00:26:38.117+0000] {processor.py:161} INFO - Started process (PID=4419) to work on /opt/airflow/dags/__pycache__/job_intelligent_pipeline.py
[2026-05-12T00:26:38.119+0000] {processor.py:830} INFO - Processing file /opt/airflow/dags/__pycache__/job_intelligent_pipeline.py for tasks to queue
[2026-05-12T00:26:38.126+0000] {logging_mixin.py:188} INFO - [2026-05-12T00:26:38.124+0000] {dagbag.py:545} INFO - Filling up the DagBag from /opt/airflow/dags/__pycache__/job_intelligent_pipeline.py
[2026-05-12T00:26:38.252+0000] {processor.py:840} INFO - DAG(s) 'job_intelligent_pipeline_simplified' retrieved from /opt/airflow/dags/__pycache__/job_intelligent_pipeline.py
[2026-05-12T00:26:38.368+0000] {logging_mixin.py:188} INFO - [2026-05-12T00:26:38.367+0000] {dag.py:3096} INFO - Sync 1 DAGs
[2026-05-12T00:26:38.489+0000] {logging_mixin.py:188} INFO - [2026-05-12T00:26:38.488+0000] {dag.py:3954} INFO - Setting next_dagrun for job_intelligent_pipeline_simplified to 2026-05-11 06:00:00+00:00, run_after=2026-05-12 06:00:00+00:00
[2026-05-12T00:26:38.561+0000] {processor.py:183} INFO - Processing /opt/airflow/dags/__pycache__/job_intelligent_pipeline.py took 0.457 seconds
[2026-05-12T00:27:09.184+0000] {processor.py:161} INFO - Started process (PID=4432) to work on /opt/airflow/dags/__pycache__/job_intelligent_pipeline.py
[2026-05-12T00:27:09.186+0000] {processor.py:830} INFO - Processing file /opt/airflow/dags/__pycache__/job_intelligent_pipeline.py for tasks to queue
[2026-05-12T00:27:09.191+0000] {logging_mixin.py:188} INFO - [2026-05-12T00:27:09.190+0000] {dagbag.py:545} INFO - Filling up the DagBag from /opt/airflow/dags/__pycache__/job_intelligent_pipeline.py
[2026-05-12T00:27:09.254+0000] {processor.py:840} INFO - DAG(s) 'job_intelligent_pipeline_simplified' retrieved from /opt/airflow/dags/__pycache__/job_intelligent_pipeline.py
[2026-05-12T00:27:09.353+0000] {logging_mixin.py:188} INFO - [2026-05-12T00:27:09.353+0000] {dag.py:3096} INFO - Sync 1 DAGs
[2026-05-12T00:27:09.441+0000] {logging_mixin.py:188} INFO - [2026-05-12T00:27:09.440+0000] {dag.py:3954} INFO - Setting next_dagrun for job_intelligent_pipeline_simplified to 2026-05-11 06:00:00+00:00, run_after=2026-05-12 06:00:00+00:00
[2026-05-12T00:27:09.517+0000] {processor.py:183} INFO - Processing /opt/airflow/dags/__pycache__/job_intelligent_pipeline.py took 0.351 seconds
[2026-05-12T00:27:39.930+0000] {processor.py:161} INFO - Started process (PID=4439) to work on /opt/airflow/dags/__pycache__/job_intelligent_pipeline.py
[2026-05-12T00:27:39.933+0000] {processor.py:830} INFO - Processing file /opt/airflow/dags/__pycache__/job_intelligent_pipeline.py for tasks to queue
[2026-05-12T00:27:39.938+0000] {logging_mixin.py:188} INFO - [2026-05-12T00:27:39.937+0000] {dagbag.py:545} INFO - Filling up the DagBag from /opt/airflow/dags/__pycache__/job_intelligent_pipeline.py
[2026-05-12T00:27:40.013+0000] {processor.py:840} INFO - DAG(s) 'job_intelligent_pipeline_simplified' retrieved from /opt/airflow/dags/__pycache__/job_intelligent_pipeline.py
[2026-05-12T00:27:40.080+0000] {logging_mixin.py:188} INFO - [2026-05-12T00:27:40.080+0000] {dag.py:3096} INFO - Sync 1 DAGs
[2026-05-12T00:27:40.129+0000] {logging_mixin.py:188} INFO - [2026-05-12T00:27:40.129+0000] {dag.py:3954} INFO - Setting next_dagrun for job_intelligent_pipeline_simplified to 2026-05-11 06:00:00+00:00, run_after=2026-05-12 06:00:00+00:00
[2026-05-12T00:27:40.196+0000] {processor.py:183} INFO - Processing /opt/airflow/dags/__pycache__/job_intelligent_pipeline.py took 0.288 seconds
[2026-05-12T00:28:10.650+0000] {processor.py:161} INFO - Started process (PID=4452) to work on /opt/airflow/dags/__pycache__/job_intelligent_pipeline.py
[2026-05-12T00:28:10.651+0000] {processor.py:830} INFO - Processing file /opt/airflow/dags/__pycache__/job_intelligent_pipeline.py for tasks to queue
[2026-05-12T00:28:10.655+0000] {logging_mixin.py:188} INFO - [2026-05-12T00:28:10.655+0000] {dagbag.py:545} INFO - Filling up the DagBag from /opt/airflow/dags/__pycache__/job_intelligent_pipeline.py
[2026-05-12T00:28:10.693+0000] {processor.py:840} INFO - DAG(s) 'job_intelligent_pipeline_simplified' retrieved from /opt/airflow/dags/__pycache__/job_intelligent_pipeline.py
[2026-05-12T00:28:10.767+0000] {logging_mixin.py:188} INFO - [2026-05-12T00:28:10.766+0000] {dag.py:3096} INFO - Sync 1 DAGs
[2026-05-12T00:28:10.834+0000] {logging_mixin.py:188} INFO - [2026-05-12T00:28:10.833+0000] {dag.py:3954} INFO - Setting next_dagrun for job_intelligent_pipeline_simplified to 2026-05-11 06:00:00+00:00, run_after=2026-05-12 06:00:00+00:00
[2026-05-12T00:28:10.891+0000] {processor.py:183} INFO - Processing /opt/airflow/dags/__pycache__/job_intelligent_pipeline.py took 0.258 seconds
[2026-05-12T00:28:41.250+0000] {processor.py:161} INFO - Started process (PID=4459) to work on /opt/airflow/dags/__pycache__/job_intelligent_pipeline.py
[2026-05-12T00:28:41.251+0000] {processor.py:830} INFO - Processing file /opt/airflow/dags/__pycache__/job_intelligent_pipeline.py for tasks to queue
[2026-05-12T00:28:41.254+0000] {logging_mixin.py:188} INFO - [2026-05-12T00:28:41.254+0000] {dagbag.py:545} INFO - Filling up the DagBag from /opt/airflow/dags/__pycache__/job_intelligent_pipeline.py
[2026-05-12T00:28:41.295+0000] {processor.py:840} INFO - DAG(s) 'job_intelligent_pipeline_simplified' retrieved from /opt/airflow/dags/__pycache__/job_intelligent_pipeline.py
[2026-05-12T00:28:41.373+0000] {logging_mixin.py:188} INFO - [2026-05-12T00:28:41.373+0000] {dag.py:3096} INFO - Sync 1 DAGs
[2026-05-12T00:28:41.429+0000] {logging_mixin.py:188} INFO - [2026-05-12T00:28:41.429+0000] {dag.py:3954} INFO - Setting next_dagrun for job_intelligent_pipeline_simplified to 2026-05-11 06:00:00+00:00, run_after=2026-05-12 06:00:00+00:00
[2026-05-12T00:28:41.474+0000] {processor.py:183} INFO - Processing /opt/airflow/dags/__pycache__/job_intelligent_pipeline.py took 0.237 seconds
[2026-05-12T00:29:12.059+0000] {processor.py:161} INFO - Started process (PID=4475) to work on /opt/airflow/dags/__pycache__/job_intelligent_pipeline.py
[2026-05-12T00:29:12.061+0000] {processor.py:830} INFO - Processing file /opt/airflow/dags/__pycache__/job_intelligent_pipeline.py for tasks to queue
[2026-05-12T00:29:12.067+0000] {logging_mixin.py:188} INFO - [2026-05-12T00:29:12.066+0000] {dagbag.py:545} INFO - Filling up the DagBag from /opt/airflow/dags/__pycache__/job_intelligent_pipeline.py
[2026-05-12T00:29:12.173+0000] {processor.py:840} INFO - DAG(s) 'job_intelligent_pipeline_simplified' retrieved from /opt/airflow/dags/__pycache__/job_intelligent_pipeline.py
[2026-05-12T00:29:12.421+0000] {logging_mixin.py:188} INFO - [2026-05-12T00:29:12.421+0000] {dag.py:3096} INFO - Sync 1 DAGs
[2026-05-12T00:29:12.483+0000] {logging_mixin.py:188} INFO - [2026-05-12T00:29:12.482+0000] {dag.py:3954} INFO - Setting next_dagrun for job_intelligent_pipeline_simplified to 2026-05-11 06:00:00+00:00, run_after=2026-05-12 06:00:00+00:00
[2026-05-12T00:29:12.542+0000] {processor.py:183} INFO - Processing /opt/airflow/dags/__pycache__/job_intelligent_pipeline.py took 0.495 seconds
[2026-05-12T00:29:42.903+0000] {processor.py:161} INFO - Started process (PID=4482) to work on /opt/airflow/dags/__pycache__/job_intelligent_pipeline.py
[2026-05-12T00:29:42.905+0000] {processor.py:830} INFO - Processing file /opt/airflow/dags/__pycache__/job_intelligent_pipeline.py for tasks to queue
[2026-05-12T00:29:42.914+0000] {logging_mixin.py:188} INFO - [2026-05-12T00:29:42.912+0000] {dagbag.py:545} INFO - Filling up the DagBag from /opt/airflow/dags/__pycache__/job_intelligent_pipeline.py
[2026-05-12T00:29:42.969+0000] {processor.py:840} INFO - DAG(s) 'job_intelligent_pipeline_simplified' retrieved from /opt/airflow/dags/__pycache__/job_intelligent_pipeline.py
[2026-05-12T00:29:43.051+0000] {logging_mixin.py:188} INFO - [2026-05-12T00:29:43.051+0000] {dag.py:3096} INFO - Sync 1 DAGs
[2026-05-12T00:29:43.149+0000] {logging_mixin.py:188} INFO - [2026-05-12T00:29:43.148+0000] {dag.py:3954} INFO - Setting next_dagrun for job_intelligent_pipeline_simplified to 2026-05-11 06:00:00+00:00, run_after=2026-05-12 06:00:00+00:00
[2026-05-12T00:29:43.198+0000] {processor.py:183} INFO - Processing /opt/airflow/dags/__pycache__/job_intelligent_pipeline.py took 0.315 seconds
[2026-05-12T00:30:13.533+0000] {processor.py:161} INFO - Started process (PID=4496) to work on /opt/airflow/dags/__pycache__/job_intelligent_pipeline.py
[2026-05-12T00:30:13.537+0000] {processor.py:830} INFO - Processing file /opt/airflow/dags/__pycache__/job_intelligent_pipeline.py for tasks to queue
[2026-05-12T00:30:13.542+0000] {logging_mixin.py:188} INFO - [2026-05-12T00:30:13.541+0000] {dagbag.py:545} INFO - Filling up the DagBag from /opt/airflow/dags/__pycache__/job_intelligent_pipeline.py
[2026-05-12T00:30:13.646+0000] {processor.py:840} INFO - DAG(s) 'job_intelligent_pipeline_simplified' retrieved from /opt/airflow/dags/__pycache__/job_intelligent_pipeline.py
[2026-05-12T00:30:13.750+0000] {logging_mixin.py:188} INFO - [2026-05-12T00:30:13.749+0000] {dag.py:3096} INFO - Sync 1 DAGs
[2026-05-12T00:30:13.812+0000] {logging_mixin.py:188} INFO - [2026-05-12T00:30:13.811+0000] {dag.py:3954} INFO - Setting next_dagrun for job_intelligent_pipeline_simplified to 2026-05-11 06:00:00+00:00, run_after=2026-05-12 06:00:00+00:00
[2026-05-12T00:30:13.869+0000] {processor.py:183} INFO - Processing /opt/airflow/dags/__pycache__/job_intelligent_pipeline.py took 0.355 seconds
[2026-05-12T00:30:44.371+0000] {processor.py:161} INFO - Started process (PID=4503) to work on /opt/airflow/dags/__pycache__/job_intelligent_pipeline.py
[2026-05-12T00:30:44.374+0000] {processor.py:830} INFO - Processing file /opt/airflow/dags/__pycache__/job_intelligent_pipeline.py for tasks to queue
[2026-05-12T00:30:44.377+0000] {logging_mixin.py:188} INFO - [2026-05-12T00:30:44.377+0000] {dagbag.py:545} INFO - Filling up the DagBag from /opt/airflow/dags/__pycache__/job_intelligent_pipeline.py
[2026-05-12T00:30:44.447+0000] {processor.py:840} INFO - DAG(s) 'job_intelligent_pipeline_simplified' retrieved from /opt/airflow/dags/__pycache__/job_intelligent_pipeline.py
[2026-05-12T00:30:44.561+0000] {logging_mixin.py:188} INFO - [2026-05-12T00:30:44.560+0000] {dag.py:3096} INFO - Sync 1 DAGs
[2026-05-12T00:30:44.661+0000] {logging_mixin.py:188} INFO - [2026-05-12T00:30:44.660+0000] {dag.py:3954} INFO - Setting next_dagrun for job_intelligent_pipeline_simplified to 2026-05-11 06:00:00+00:00, run_after=2026-05-12 06:00:00+00:00
[2026-05-12T00:30:44.755+0000] {processor.py:183} INFO - Processing /opt/airflow/dags/__pycache__/job_intelligent_pipeline.py took 0.401 seconds
[2026-05-12T00:31:14.971+0000] {processor.py:161} INFO - Started process (PID=4516) to work on /opt/airflow/dags/__pycache__/job_intelligent_pipeline.py
[2026-05-12T00:31:14.973+0000] {processor.py:830} INFO - Processing file /opt/airflow/dags/__pycache__/job_intelligent_pipeline.py for tasks to queue
[2026-05-12T00:31:14.978+0000] {logging_mixin.py:188} INFO - [2026-05-12T00:31:14.977+0000] {dagbag.py:545} INFO - Filling up the DagBag from /opt/airflow/dags/__pycache__/job_intelligent_pipeline.py
[2026-05-12T00:31:15.029+0000] {processor.py:840} INFO - DAG(s) 'job_intelligent_pipeline_simplified' retrieved from /opt/airflow/dags/__pycache__/job_intelligent_pipeline.py
[2026-05-12T00:31:15.081+0000] {logging_mixin.py:188} INFO - [2026-05-12T00:31:15.081+0000] {dag.py:3096} INFO - Sync 1 DAGs
[2026-05-12T00:31:15.137+0000] {logging_mixin.py:188} INFO - [2026-05-12T00:31:15.136+0000] {dag.py:3954} INFO - Setting next_dagrun for job_intelligent_pipeline_simplified to 2026-05-11 06:00:00+00:00, run_after=2026-05-12 06:00:00+00:00
[2026-05-12T00:31:15.192+0000] {processor.py:183} INFO - Processing /opt/airflow/dags/__pycache__/job_intelligent_pipeline.py took 0.248 seconds
[2026-05-12T00:31:45.761+0000] {processor.py:161} INFO - Started process (PID=4523) to work on /opt/airflow/dags/__pycache__/job_intelligent_pipeline.py
[2026-05-12T00:31:45.767+0000] {processor.py:830} INFO - Processing file /opt/airflow/dags/__pycache__/job_intelligent_pipeline.py for tasks to queue
[2026-05-12T00:31:45.779+0000] {logging_mixin.py:188} INFO - [2026-05-12T00:31:45.777+0000] {dagbag.py:545} INFO - Filling up the DagBag from /opt/airflow/dags/__pycache__/job_intelligent_pipeline.py
[2026-05-12T00:31:45.954+0000] {processor.py:840} INFO - DAG(s) 'job_intelligent_pipeline_simplified' retrieved from /opt/airflow/dags/__pycache__/job_intelligent_pipeline.py
[2026-05-12T00:31:46.026+0000] {logging_mixin.py:188} INFO - [2026-05-12T00:31:46.026+0000] {dag.py:3096} INFO - Sync 1 DAGs
[2026-05-12T00:31:46.067+0000] {logging_mixin.py:188} INFO - [2026-05-12T00:31:46.067+0000] {dag.py:3954} INFO - Setting next_dagrun for job_intelligent_pipeline_simplified to 2026-05-11 06:00:00+00:00, run_after=2026-05-12 06:00:00+00:00
[2026-05-12T00:31:46.109+0000] {processor.py:183} INFO - Processing /opt/airflow/dags/__pycache__/job_intelligent_pipeline.py took 0.391 seconds
[2026-05-12T00:32:16.859+0000] {processor.py:161} INFO - Started process (PID=4536) to work on /opt/airflow/dags/__pycache__/job_intelligent_pipeline.py
[2026-05-12T00:32:16.860+0000] {processor.py:830} INFO - Processing file /opt/airflow/dags/__pycache__/job_intelligent_pipeline.py for tasks to queue
[2026-05-12T00:32:16.863+0000] {logging_mixin.py:188} INFO - [2026-05-12T00:32:16.863+0000] {dagbag.py:545} INFO - Filling up the DagBag from /opt/airflow/dags/__pycache__/job_intelligent_pipeline.py
[2026-05-12T00:32:16.903+0000] {processor.py:840} INFO - DAG(s) 'job_intelligent_pipeline_simplified' retrieved from /opt/airflow/dags/__pycache__/job_intelligent_pipeline.py
[2026-05-12T00:32:16.963+0000] {logging_mixin.py:188} INFO - [2026-05-12T00:32:16.963+0000] {dag.py:3096} INFO - Sync 1 DAGs
[2026-05-12T00:32:17.014+0000] {logging_mixin.py:188} INFO - [2026-05-12T00:32:17.014+0000] {dag.py:3954} INFO - Setting next_dagrun for job_intelligent_pipeline_simplified to 2026-05-11 06:00:00+00:00, run_after=2026-05-12 06:00:00+00:00
[2026-05-12T00:32:17.057+0000] {processor.py:183} INFO - Processing /opt/airflow/dags/__pycache__/job_intelligent_pipeline.py took 0.209 seconds
[2026-05-12T00:32:47.307+0000] {processor.py:161} INFO - Started process (PID=4543) to work on /opt/airflow/dags/__pycache__/job_intelligent_pipeline.py
[2026-05-12T00:32:47.308+0000] {processor.py:830} INFO - Processing file /opt/airflow/dags/__pycache__/job_intelligent_pipeline.py for tasks to queue
[2026-05-12T00:32:47.312+0000] {logging_mixin.py:188} INFO - [2026-05-12T00:32:47.312+0000] {dagbag.py:545} INFO - Filling up the DagBag from /opt/airflow/dags/__pycache__/job_intelligent_pipeline.py
[2026-05-12T00:32:47.360+0000] {processor.py:840} INFO - DAG(s) 'job_intelligent_pipeline_simplified' retrieved from /opt/airflow/dags/__pycache__/job_intelligent_pipeline.py
[2026-05-12T00:32:47.441+0000] {logging_mixin.py:188} INFO - [2026-05-12T00:32:47.440+0000] {dag.py:3096} INFO - Sync 1 DAGs
[2026-05-12T00:32:47.515+0000] {logging_mixin.py:188} INFO - [2026-05-12T00:32:47.514+0000] {dag.py:3954} INFO - Setting next_dagrun for job_intelligent_pipeline_simplified to 2026-05-11 06:00:00+00:00, run_after=2026-05-12 06:00:00+00:00
[2026-05-12T00:32:47.570+0000] {processor.py:183} INFO - Processing /opt/airflow/dags/__pycache__/job_intelligent_pipeline.py took 0.276 seconds
[2026-05-12T00:33:18.105+0000] {processor.py:161} INFO - Started process (PID=4556) to work on /opt/airflow/dags/__pycache__/job_intelligent_pipeline.py
[2026-05-12T00:33:18.106+0000] {processor.py:830} INFO - Processing file /opt/airflow/dags/__pycache__/job_intelligent_pipeline.py for tasks to queue
[2026-05-12T00:33:18.111+0000] {logging_mixin.py:188} INFO - [2026-05-12T00:33:18.110+0000] {dagbag.py:545} INFO - Filling up the DagBag from /opt/airflow/dags/__pycache__/job_intelligent_pipeline.py
[2026-05-12T00:33:18.168+0000] {processor.py:840} INFO - DAG(s) 'job_intelligent_pipeline_simplified' retrieved from /opt/airflow/dags/__pycache__/job_intelligent_pipeline.py
[2026-05-12T00:33:18.244+0000] {logging_mixin.py:188} INFO - [2026-05-12T00:33:18.243+0000] {dag.py:3096} INFO - Sync 1 DAGs
[2026-05-12T00:33:18.309+0000] {logging_mixin.py:188} INFO - [2026-05-12T00:33:18.308+0000] {dag.py:3954} INFO - Setting next_dagrun for job_intelligent_pipeline_simplified to 2026-05-11 06:00:00+00:00, run_after=2026-05-12 06:00:00+00:00
[2026-05-12T00:33:18.390+0000] {processor.py:183} INFO - Processing /opt/airflow/dags/__pycache__/job_intelligent_pipeline.py took 0.296 seconds
[2026-05-12T00:33:48.681+0000] {processor.py:161} INFO - Started process (PID=4563) to work on /opt/airflow/dags/__pycache__/job_intelligent_pipeline.py
[2026-05-12T00:33:48.685+0000] {processor.py:830} INFO - Processing file /opt/airflow/dags/__pycache__/job_intelligent_pipeline.py for tasks to queue
[2026-05-12T00:33:48.689+0000] {logging_mixin.py:188} INFO - [2026-05-12T00:33:48.688+0000] {dagbag.py:545} INFO - Filling up the DagBag from /opt/airflow/dags/__pycache__/job_intelligent_pipeline.py
[2026-05-12T00:33:48.758+0000] {processor.py:840} INFO - DAG(s) 'job_intelligent_pipeline_simplified' retrieved from /opt/airflow/dags/__pycache__/job_intelligent_pipeline.py
[2026-05-12T00:33:48.851+0000] {logging_mixin.py:188} INFO - [2026-05-12T00:33:48.850+0000] {dag.py:3096} INFO - Sync 1 DAGs
[2026-05-12T00:33:48.915+0000] {logging_mixin.py:188} INFO - [2026-05-12T00:33:48.915+0000] {dag.py:3954} INFO - Setting next_dagrun for job_intelligent_pipeline_simplified to 2026-05-11 06:00:00+00:00, run_after=2026-05-12 06:00:00+00:00
[2026-05-12T00:33:48.961+0000] {processor.py:183} INFO - Processing /opt/airflow/dags/__pycache__/job_intelligent_pipeline.py took 0.312 seconds
[2026-05-12T00:34:19.557+0000] {processor.py:161} INFO - Started process (PID=4576) to work on /opt/airflow/dags/__pycache__/job_intelligent_pipeline.py
[2026-05-12T00:34:19.560+0000] {processor.py:830} INFO - Processing file /opt/airflow/dags/__pycache__/job_intelligent_pipeline.py for tasks to queue
[2026-05-12T00:34:19.564+0000] {logging_mixin.py:188} INFO - [2026-05-12T00:34:19.564+0000] {dagbag.py:545} INFO - Filling up the DagBag from /opt/airflow/dags/__pycache__/job_intelligent_pipeline.py
[2026-05-12T00:34:19.608+0000] {processor.py:840} INFO - DAG(s) 'job_intelligent_pipeline_simplified' retrieved from /opt/airflow/dags/__pycache__/job_intelligent_pipeline.py
[2026-05-12T00:34:19.700+0000] {logging_mixin.py:188} INFO - [2026-05-12T00:34:19.699+0000] {dag.py:3096} INFO - Sync 1 DAGs
[2026-05-12T00:34:19.764+0000] {logging_mixin.py:188} INFO - [2026-05-12T00:34:19.764+0000] {dag.py:3954} INFO - Setting next_dagrun for job_intelligent_pipeline_simplified to 2026-05-11 06:00:00+00:00, run_after=2026-05-12 06:00:00+00:00
[2026-05-12T00:34:19.821+0000] {processor.py:183} INFO - Processing /opt/airflow/dags/__pycache__/job_intelligent_pipeline.py took 0.278 seconds
[2026-05-12T00:34:50.158+0000] {processor.py:161} INFO - Started process (PID=4583) to work on /opt/airflow/dags/__pycache__/job_intelligent_pipeline.py
[2026-05-12T00:34:50.160+0000] {processor.py:830} INFO - Processing file /opt/airflow/dags/__pycache__/job_intelligent_pipeline.py for tasks to queue
[2026-05-12T00:34:50.164+0000] {logging_mixin.py:188} INFO - [2026-05-12T00:34:50.163+0000] {dagbag.py:545} INFO - Filling up the DagBag from /opt/airflow/dags/__pycache__/job_intelligent_pipeline.py
[2026-05-12T00:34:50.240+0000] {processor.py:840} INFO - DAG(s) 'job_intelligent_pipeline_simplified' retrieved from /opt/airflow/dags/__pycache__/job_intelligent_pipeline.py
[2026-05-12T00:34:50.376+0000] {logging_mixin.py:188} INFO - [2026-05-12T00:34:50.376+0000] {dag.py:3096} INFO - Sync 1 DAGs
[2026-05-12T00:34:50.421+0000] {logging_mixin.py:188} INFO - [2026-05-12T00:34:50.420+0000] {dag.py:3954} INFO - Setting next_dagrun for job_intelligent_pipeline_simplified to 2026-05-11 06:00:00+00:00, run_after=2026-05-12 06:00:00+00:00
[2026-05-12T00:34:50.498+0000] {processor.py:183} INFO - Processing /opt/airflow/dags/__pycache__/job_intelligent_pipeline.py took 0.363 seconds
[2026-05-12T00:35:21.049+0000] {processor.py:161} INFO - Started process (PID=4597) to work on /opt/airflow/dags/__pycache__/job_intelligent_pipeline.py
[2026-05-12T00:35:21.053+0000] {processor.py:830} INFO - Processing file /opt/airflow/dags/__pycache__/job_intelligent_pipeline.py for tasks to queue
[2026-05-12T00:35:21.058+0000] {logging_mixin.py:188} INFO - [2026-05-12T00:35:21.057+0000] {dagbag.py:545} INFO - Filling up the DagBag from /opt/airflow/dags/__pycache__/job_intelligent_pipeline.py
[2026-05-12T00:35:21.159+0000] {processor.py:840} INFO - DAG(s) 'job_intelligent_pipeline_simplified' retrieved from /opt/airflow/dags/__pycache__/job_intelligent_pipeline.py
[2026-05-12T00:35:21.253+0000] {logging_mixin.py:188} INFO - [2026-05-12T00:35:21.253+0000] {dag.py:3096} INFO - Sync 1 DAGs
[2026-05-12T00:35:21.294+0000] {logging_mixin.py:188} INFO - [2026-05-12T00:35:21.294+0000] {dag.py:3954} INFO - Setting next_dagrun for job_intelligent_pipeline_simplified to 2026-05-11 06:00:00+00:00, run_after=2026-05-12 06:00:00+00:00
[2026-05-12T00:35:21.400+0000] {processor.py:183} INFO - Processing /opt/airflow/dags/__pycache__/job_intelligent_pipeline.py took 0.379 seconds
[2026-05-12T00:35:51.715+0000] {processor.py:161} INFO - Started process (PID=4603) to work on /opt/airflow/dags/__pycache__/job_intelligent_pipeline.py
[2026-05-12T00:35:51.716+0000] {processor.py:830} INFO - Processing file /opt/airflow/dags/__pycache__/job_intelligent_pipeline.py for tasks to queue
[2026-05-12T00:35:51.720+0000] {logging_mixin.py:188} INFO - [2026-05-12T00:35:51.719+0000] {dagbag.py:545} INFO - Filling up the DagBag from /opt/airflow/dags/__pycache__/job_intelligent_pipeline.py
[2026-05-12T00:35:51.758+0000] {processor.py:840} INFO - DAG(s) 'job_intelligent_pipeline_simplified' retrieved from /opt/airflow/dags/__pycache__/job_intelligent_pipeline.py
[2026-05-12T00:35:51.819+0000] {logging_mixin.py:188} INFO - [2026-05-12T00:35:51.819+0000] {dag.py:3096} INFO - Sync 1 DAGs
[2026-05-12T00:35:51.871+0000] {logging_mixin.py:188} INFO - [2026-05-12T00:35:51.871+0000] {dag.py:3954} INFO - Setting next_dagrun for job_intelligent_pipeline_simplified to 2026-05-11 06:00:00+00:00, run_after=2026-05-12 06:00:00+00:00
[2026-05-12T00:35:51.911+0000] {processor.py:183} INFO - Processing /opt/airflow/dags/__pycache__/job_intelligent_pipeline.py took 0.211 seconds
[2026-05-12T00:36:22.179+0000] {processor.py:161} INFO - Started process (PID=4616) to work on /opt/airflow/dags/__pycache__/job_intelligent_pipeline.py
[2026-05-12T00:36:22.182+0000] {processor.py:830} INFO - Processing file /opt/airflow/dags/__pycache__/job_intelligent_pipeline.py for tasks to queue
[2026-05-12T00:36:22.188+0000] {logging_mixin.py:188} INFO - [2026-05-12T00:36:22.187+0000] {dagbag.py:545} INFO - Filling up the DagBag from /opt/airflow/dags/__pycache__/job_intelligent_pipeline.py
[2026-05-12T00:36:22.248+0000] {processor.py:840} INFO - DAG(s) 'job_intelligent_pipeline_simplified' retrieved from /opt/airflow/dags/__pycache__/job_intelligent_pipeline.py
[2026-05-12T00:36:22.340+0000] {logging_mixin.py:188} INFO - [2026-05-12T00:36:22.339+0000] {dag.py:3096} INFO - Sync 1 DAGs
[2026-05-12T00:36:22.401+0000] {logging_mixin.py:188} INFO - [2026-05-12T00:36:22.401+0000] {dag.py:3954} INFO - Setting next_dagrun for job_intelligent_pipeline_simplified to 2026-05-11 06:00:00+00:00, run_after=2026-05-12 06:00:00+00:00
[2026-05-12T00:36:22.467+0000] {processor.py:183} INFO - Processing /opt/airflow/dags/__pycache__/job_intelligent_pipeline.py took 0.307 seconds
[2026-05-12T00:36:53.035+0000] {processor.py:161} INFO - Started process (PID=4624) to work on /opt/airflow/dags/__pycache__/job_intelligent_pipeline.py
[2026-05-12T00:36:53.037+0000] {processor.py:830} INFO - Processing file /opt/airflow/dags/__pycache__/job_intelligent_pipeline.py for tasks to queue
[2026-05-12T00:36:53.041+0000] {logging_mixin.py:188} INFO - [2026-05-12T00:36:53.040+0000] {dagbag.py:545} INFO - Filling up the DagBag from /opt/airflow/dags/__pycache__/job_intelligent_pipeline.py
[2026-05-12T00:36:53.129+0000] {processor.py:840} INFO - DAG(s) 'job_intelligent_pipeline_simplified' retrieved from /opt/airflow/dags/__pycache__/job_intelligent_pipeline.py
[2026-05-12T00:36:53.217+0000] {logging_mixin.py:188} INFO - [2026-05-12T00:36:53.217+0000] {dag.py:3096} INFO - Sync 1 DAGs
[2026-05-12T00:36:53.297+0000] {logging_mixin.py:188} INFO - [2026-05-12T00:36:53.297+0000] {dag.py:3954} INFO - Setting next_dagrun for job_intelligent_pipeline_simplified to 2026-05-11 06:00:00+00:00, run_after=2026-05-12 06:00:00+00:00
[2026-05-12T00:36:53.347+0000] {processor.py:183} INFO - Processing /opt/airflow/dags/__pycache__/job_intelligent_pipeline.py took 0.326 seconds
[2026-05-12T00:37:23.535+0000] {processor.py:161} INFO - Started process (PID=4638) to work on /opt/airflow/dags/__pycache__/job_intelligent_pipeline.py
[2026-05-12T00:37:23.537+0000] {processor.py:830} INFO - Processing file /opt/airflow/dags/__pycache__/job_intelligent_pipeline.py for tasks to queue
[2026-05-12T00:37:23.542+0000] {logging_mixin.py:188} INFO - [2026-05-12T00:37:23.541+0000] {dagbag.py:545} INFO - Filling up the DagBag from /opt/airflow/dags/__pycache__/job_intelligent_pipeline.py
[2026-05-12T00:37:23.626+0000] {processor.py:840} INFO - DAG(s) 'job_intelligent_pipeline_simplified' retrieved from /opt/airflow/dags/__pycache__/job_intelligent_pipeline.py
[2026-05-12T00:37:23.702+0000] {logging_mixin.py:188} INFO - [2026-05-12T00:37:23.701+0000] {dag.py:3096} INFO - Sync 1 DAGs
[2026-05-12T00:37:23.750+0000] {logging_mixin.py:188} INFO - [2026-05-12T00:37:23.749+0000] {dag.py:3954} INFO - Setting next_dagrun for job_intelligent_pipeline_simplified to 2026-05-11 06:00:00+00:00, run_after=2026-05-12 06:00:00+00:00
[2026-05-12T00:37:23.799+0000] {processor.py:183} INFO - Processing /opt/airflow/dags/__pycache__/job_intelligent_pipeline.py took 0.281 seconds
[2026-05-12T00:37:54.580+0000] {processor.py:161} INFO - Started process (PID=4646) to work on /opt/airflow/dags/__pycache__/job_intelligent_pipeline.py
[2026-05-12T00:37:54.582+0000] {processor.py:830} INFO - Processing file /opt/airflow/dags/__pycache__/job_intelligent_pipeline.py for tasks to queue
[2026-05-12T00:37:54.585+0000] {logging_mixin.py:188} INFO - [2026-05-12T00:37:54.584+0000] {dagbag.py:545} INFO - Filling up the DagBag from /opt/airflow/dags/__pycache__/job_intelligent_pipeline.py
[2026-05-12T00:37:54.650+0000] {processor.py:840} INFO - DAG(s) 'job_intelligent_pipeline_simplified' retrieved from /opt/airflow/dags/__pycache__/job_intelligent_pipeline.py
[2026-05-12T00:37:54.751+0000] {logging_mixin.py:188} INFO - [2026-05-12T00:37:54.751+0000] {dag.py:3096} INFO - Sync 1 DAGs
[2026-05-12T00:37:54.805+0000] {logging_mixin.py:188} INFO - [2026-05-12T00:37:54.804+0000] {dag.py:3954} INFO - Setting next_dagrun for job_intelligent_pipeline_simplified to 2026-05-11 06:00:00+00:00, run_after=2026-05-12 06:00:00+00:00
[2026-05-12T00:37:54.858+0000] {processor.py:183} INFO - Processing /opt/airflow/dags/__pycache__/job_intelligent_pipeline.py took 0.290 seconds
[2026-05-12T00:38:25.711+0000] {processor.py:161} INFO - Started process (PID=4659) to work on /opt/airflow/dags/__pycache__/job_intelligent_pipeline.py
[2026-05-12T00:38:25.717+0000] {processor.py:830} INFO - Processing file /opt/airflow/dags/__pycache__/job_intelligent_pipeline.py for tasks to queue
[2026-05-12T00:38:25.731+0000] {logging_mixin.py:188} INFO - [2026-05-12T00:38:25.730+0000] {dagbag.py:545} INFO - Filling up the DagBag from /opt/airflow/dags/__pycache__/job_intelligent_pipeline.py
[2026-05-12T00:38:25.843+0000] {processor.py:840} INFO - DAG(s) 'job_intelligent_pipeline_simplified' retrieved from /opt/airflow/dags/__pycache__/job_intelligent_pipeline.py
[2026-05-12T00:38:25.929+0000] {logging_mixin.py:188} INFO - [2026-05-12T00:38:25.928+0000] {dag.py:3096} INFO - Sync 1 DAGs
[2026-05-12T00:38:26.008+0000] {logging_mixin.py:188} INFO - [2026-05-12T00:38:26.006+0000] {dag.py:3954} INFO - Setting next_dagrun for job_intelligent_pipeline_simplified to 2026-05-11 06:00:00+00:00, run_after=2026-05-12 06:00:00+00:00
[2026-05-12T00:38:26.084+0000] {processor.py:183} INFO - Processing /opt/airflow/dags/__pycache__/job_intelligent_pipeline.py took 0.402 seconds
[2026-05-12T00:38:57.009+0000] {processor.py:161} INFO - Started process (PID=4672) to work on /opt/airflow/dags/__pycache__/job_intelligent_pipeline.py
[2026-05-12T00:38:57.027+0000] {processor.py:830} INFO - Processing file /opt/airflow/dags/__pycache__/job_intelligent_pipeline.py for tasks to queue
[2026-05-12T00:38:57.034+0000] {logging_mixin.py:188} INFO - [2026-05-12T00:38:57.033+0000] {dagbag.py:545} INFO - Filling up the DagBag from /opt/airflow/dags/__pycache__/job_intelligent_pipeline.py
[2026-05-12T00:38:57.250+0000] {processor.py:840} INFO - DAG(s) 'job_intelligent_pipeline_simplified' retrieved from /opt/airflow/dags/__pycache__/job_intelligent_pipeline.py
[2026-05-12T00:38:57.390+0000] {logging_mixin.py:188} INFO - [2026-05-12T00:38:57.389+0000] {dag.py:3096} INFO - Sync 1 DAGs
[2026-05-12T00:38:57.509+0000] {logging_mixin.py:188} INFO - [2026-05-12T00:38:57.508+0000] {dag.py:3954} INFO - Setting next_dagrun for job_intelligent_pipeline_simplified to 2026-05-11 06:00:00+00:00, run_after=2026-05-12 06:00:00+00:00
[2026-05-12T00:38:57.643+0000] {processor.py:183} INFO - Processing /opt/airflow/dags/__pycache__/job_intelligent_pipeline.py took 0.668 seconds
[2026-05-12T00:39:27.936+0000] {processor.py:161} INFO - Started process (PID=4679) to work on /opt/airflow/dags/__pycache__/job_intelligent_pipeline.py
[2026-05-12T00:39:27.939+0000] {processor.py:830} INFO - Processing file /opt/airflow/dags/__pycache__/job_intelligent_pipeline.py for tasks to queue
[2026-05-12T00:39:27.943+0000] {logging_mixin.py:188} INFO - [2026-05-12T00:39:27.942+0000] {dagbag.py:545} INFO - Filling up the DagBag from /opt/airflow/dags/__pycache__/job_intelligent_pipeline.py
[2026-05-12T00:39:28.000+0000] {processor.py:840} INFO - DAG(s) 'job_intelligent_pipeline_simplified' retrieved from /opt/airflow/dags/__pycache__/job_intelligent_pipeline.py
[2026-05-12T00:39:28.099+0000] {logging_mixin.py:188} INFO - [2026-05-12T00:39:28.098+0000] {dag.py:3096} INFO - Sync 1 DAGs
[2026-05-12T00:39:28.214+0000] {logging_mixin.py:188} INFO - [2026-05-12T00:39:28.213+0000] {dag.py:3954} INFO - Setting next_dagrun for job_intelligent_pipeline_simplified to 2026-05-11 06:00:00+00:00, run_after=2026-05-12 06:00:00+00:00
[2026-05-12T00:39:28.300+0000] {processor.py:183} INFO - Processing /opt/airflow/dags/__pycache__/job_intelligent_pipeline.py took 0.378 seconds
[2026-05-12T00:39:58.833+0000] {processor.py:161} INFO - Started process (PID=4692) to work on /opt/airflow/dags/__pycache__/job_intelligent_pipeline.py
[2026-05-12T00:39:58.839+0000] {processor.py:830} INFO - Processing file /opt/airflow/dags/__pycache__/job_intelligent_pipeline.py for tasks to queue
[2026-05-12T00:39:58.844+0000] {logging_mixin.py:188} INFO - [2026-05-12T00:39:58.843+0000] {dagbag.py:545} INFO - Filling up the DagBag from /opt/airflow/dags/__pycache__/job_intelligent_pipeline.py
[2026-05-12T00:39:58.917+0000] {processor.py:840} INFO - DAG(s) 'job_intelligent_pipeline_simplified' retrieved from /opt/airflow/dags/__pycache__/job_intelligent_pipeline.py
[2026-05-12T00:39:59.022+0000] {logging_mixin.py:188} INFO - [2026-05-12T00:39:59.021+0000] {dag.py:3096} INFO - Sync 1 DAGs
[2026-05-12T00:39:59.102+0000] {logging_mixin.py:188} INFO - [2026-05-12T00:39:59.101+0000] {dag.py:3954} INFO - Setting next_dagrun for job_intelligent_pipeline_simplified to 2026-05-11 06:00:00+00:00, run_after=2026-05-12 06:00:00+00:00
[2026-05-12T00:39:59.175+0000] {processor.py:183} INFO - Processing /opt/airflow/dags/__pycache__/job_intelligent_pipeline.py took 0.366 seconds
[2026-05-12T00:40:29.709+0000] {processor.py:161} INFO - Started process (PID=4699) to work on /opt/airflow/dags/__pycache__/job_intelligent_pipeline.py
[2026-05-12T00:40:29.712+0000] {processor.py:830} INFO - Processing file /opt/airflow/dags/__pycache__/job_intelligent_pipeline.py for tasks to queue
[2026-05-12T00:40:29.716+0000] {logging_mixin.py:188} INFO - [2026-05-12T00:40:29.715+0000] {dagbag.py:545} INFO - Filling up the DagBag from /opt/airflow/dags/__pycache__/job_intelligent_pipeline.py
[2026-05-12T00:40:29.794+0000] {processor.py:840} INFO - DAG(s) 'job_intelligent_pipeline_simplified' retrieved from /opt/airflow/dags/__pycache__/job_intelligent_pipeline.py
[2026-05-12T00:40:29.927+0000] {logging_mixin.py:188} INFO - [2026-05-12T00:40:29.926+0000] {dag.py:3096} INFO - Sync 1 DAGs
[2026-05-12T00:40:30.020+0000] {logging_mixin.py:188} INFO - [2026-05-12T00:40:30.019+0000] {dag.py:3954} INFO - Setting next_dagrun for job_intelligent_pipeline_simplified to 2026-05-11 06:00:00+00:00, run_after=2026-05-12 06:00:00+00:00
[2026-05-12T00:40:30.133+0000] {processor.py:183} INFO - Processing /opt/airflow/dags/__pycache__/job_intelligent_pipeline.py took 0.440 seconds
[2026-05-12T00:41:01.027+0000] {processor.py:161} INFO - Started process (PID=4713) to work on /opt/airflow/dags/__pycache__/job_intelligent_pipeline.py
[2026-05-12T00:41:01.029+0000] {processor.py:830} INFO - Processing file /opt/airflow/dags/__pycache__/job_intelligent_pipeline.py for tasks to queue
[2026-05-12T00:41:01.036+0000] {logging_mixin.py:188} INFO - [2026-05-12T00:41:01.034+0000] {dagbag.py:545} INFO - Filling up the DagBag from /opt/airflow/dags/__pycache__/job_intelligent_pipeline.py
[2026-05-12T00:41:01.100+0000] {processor.py:840} INFO - DAG(s) 'job_intelligent_pipeline_simplified' retrieved from /opt/airflow/dags/__pycache__/job_intelligent_pipeline.py
[2026-05-12T00:41:01.170+0000] {logging_mixin.py:188} INFO - [2026-05-12T00:41:01.169+0000] {dag.py:3096} INFO - Sync 1 DAGs
[2026-05-12T00:41:01.222+0000] {logging_mixin.py:188} INFO - [2026-05-12T00:41:01.222+0000] {dag.py:3954} INFO - Setting next_dagrun for job_intelligent_pipeline_simplified to 2026-05-11 06:00:00+00:00, run_after=2026-05-12 06:00:00+00:00
[2026-05-12T00:41:01.306+0000] {processor.py:183} INFO - Processing /opt/airflow/dags/__pycache__/job_intelligent_pipeline.py took 0.295 seconds
[2026-05-12T00:41:32.526+0000] {processor.py:161} INFO - Started process (PID=4720) to work on /opt/airflow/dags/__pycache__/job_intelligent_pipeline.py
[2026-05-12T00:41:32.534+0000] {processor.py:830} INFO - Processing file /opt/airflow/dags/__pycache__/job_intelligent_pipeline.py for tasks to queue
[2026-05-12T00:41:32.543+0000] {logging_mixin.py:188} INFO - [2026-05-12T00:41:32.542+0000] {dagbag.py:545} INFO - Filling up the DagBag from /opt/airflow/dags/__pycache__/job_intelligent_pipeline.py
[2026-05-12T00:41:35.448+0000] {processor.py:840} INFO - DAG(s) 'job_intelligent_pipeline_simplified' retrieved from /opt/airflow/dags/__pycache__/job_intelligent_pipeline.py
[2026-05-12T00:41:35.973+0000] {logging_mixin.py:188} INFO - [2026-05-12T00:41:35.972+0000] {dag.py:3096} INFO - Sync 1 DAGs
[2026-05-12T00:41:36.434+0000] {logging_mixin.py:188} INFO - [2026-05-12T00:41:36.433+0000] {dag.py:3954} INFO - Setting next_dagrun for job_intelligent_pipeline_simplified to 2026-05-11 06:00:00+00:00, run_after=2026-05-12 06:00:00+00:00
[2026-05-12T00:41:41.503+0000] {processor.py:183} INFO - Processing /opt/airflow/dags/__pycache__/job_intelligent_pipeline.py took 9.009 seconds
[2026-05-12T00:42:11.986+0000] {processor.py:161} INFO - Started process (PID=4733) to work on /opt/airflow/dags/__pycache__/job_intelligent_pipeline.py
[2026-05-12T00:42:11.994+0000] {processor.py:830} INFO - Processing file /opt/airflow/dags/__pycache__/job_intelligent_pipeline.py for tasks to queue
[2026-05-12T00:42:12.012+0000] {logging_mixin.py:188} INFO - [2026-05-12T00:42:12.011+0000] {dagbag.py:545} INFO - Filling up the DagBag from /opt/airflow/dags/__pycache__/job_intelligent_pipeline.py
[2026-05-12T00:42:12.841+0000] {processor.py:840} INFO - DAG(s) 'job_intelligent_pipeline_simplified' retrieved from /opt/airflow/dags/__pycache__/job_intelligent_pipeline.py
[2026-05-12T00:42:13.034+0000] {logging_mixin.py:188} INFO - [2026-05-12T00:42:13.032+0000] {dag.py:3096} INFO - Sync 1 DAGs
[2026-05-12T00:42:13.174+0000] {logging_mixin.py:188} INFO - [2026-05-12T00:42:13.166+0000] {dag.py:3954} INFO - Setting next_dagrun for job_intelligent_pipeline_simplified to 2026-05-11 06:00:00+00:00, run_after=2026-05-12 06:00:00+00:00
[2026-05-12T00:42:13.257+0000] {processor.py:183} INFO - Processing /opt/airflow/dags/__pycache__/job_intelligent_pipeline.py took 1.334 seconds
[2026-05-12T00:42:44.053+0000] {processor.py:161} INFO - Started process (PID=4746) to work on /opt/airflow/dags/__pycache__/job_intelligent_pipeline.py
[2026-05-12T00:42:44.058+0000] {processor.py:830} INFO - Processing file /opt/airflow/dags/__pycache__/job_intelligent_pipeline.py for tasks to queue
[2026-05-12T00:42:44.074+0000] {logging_mixin.py:188} INFO - [2026-05-12T00:42:44.074+0000] {dagbag.py:545} INFO - Filling up the DagBag from /opt/airflow/dags/__pycache__/job_intelligent_pipeline.py
[2026-05-12T00:42:44.249+0000] {processor.py:840} INFO - DAG(s) 'job_intelligent_pipeline_simplified' retrieved from /opt/airflow/dags/__pycache__/job_intelligent_pipeline.py
[2026-05-12T00:42:44.786+0000] {logging_mixin.py:188} INFO - [2026-05-12T00:42:44.786+0000] {dag.py:3096} INFO - Sync 1 DAGs
[2026-05-12T00:42:44.999+0000] {logging_mixin.py:188} INFO - [2026-05-12T00:42:44.998+0000] {dag.py:3954} INFO - Setting next_dagrun for job_intelligent_pipeline_simplified to 2026-05-11 06:00:00+00:00, run_after=2026-05-12 06:00:00+00:00
[2026-05-12T00:42:45.159+0000] {processor.py:183} INFO - Processing /opt/airflow/dags/__pycache__/job_intelligent_pipeline.py took 1.129 seconds
[2026-05-12T00:43:15.330+0000] {processor.py:161} INFO - Started process (PID=4753) to work on /opt/airflow/dags/__pycache__/job_intelligent_pipeline.py
[2026-05-12T00:43:15.331+0000] {processor.py:830} INFO - Processing file /opt/airflow/dags/__pycache__/job_intelligent_pipeline.py for tasks to queue
[2026-05-12T00:43:15.336+0000] {logging_mixin.py:188} INFO - [2026-05-12T00:43:15.335+0000] {dagbag.py:545} INFO - Filling up the DagBag from /opt/airflow/dags/__pycache__/job_intelligent_pipeline.py
[2026-05-12T00:43:15.407+0000] {processor.py:840} INFO - DAG(s) 'job_intelligent_pipeline_simplified' retrieved from /opt/airflow/dags/__pycache__/job_intelligent_pipeline.py
[2026-05-12T00:43:15.476+0000] {logging_mixin.py:188} INFO - [2026-05-12T00:43:15.475+0000] {dag.py:3096} INFO - Sync 1 DAGs
[2026-05-12T00:43:15.545+0000] {logging_mixin.py:188} INFO - [2026-05-12T00:43:15.544+0000] {dag.py:3954} INFO - Setting next_dagrun for job_intelligent_pipeline_simplified to 2026-05-11 06:00:00+00:00, run_after=2026-05-12 06:00:00+00:00
[2026-05-12T00:43:15.604+0000] {processor.py:183} INFO - Processing /opt/airflow/dags/__pycache__/job_intelligent_pipeline.py took 0.288 seconds
[2026-05-12T00:43:46.086+0000] {processor.py:161} INFO - Started process (PID=4765) to work on /opt/airflow/dags/__pycache__/job_intelligent_pipeline.py
[2026-05-12T00:43:46.088+0000] {processor.py:830} INFO - Processing file /opt/airflow/dags/__pycache__/job_intelligent_pipeline.py for tasks to queue
[2026-05-12T00:43:46.112+0000] {logging_mixin.py:188} INFO - [2026-05-12T00:43:46.111+0000] {dagbag.py:545} INFO - Filling up the DagBag from /opt/airflow/dags/__pycache__/job_intelligent_pipeline.py
[2026-05-12T00:43:46.305+0000] {processor.py:840} INFO - DAG(s) 'job_intelligent_pipeline_simplified' retrieved from /opt/airflow/dags/__pycache__/job_intelligent_pipeline.py
[2026-05-12T00:43:46.505+0000] {logging_mixin.py:188} INFO - [2026-05-12T00:43:46.504+0000] {dag.py:3096} INFO - Sync 1 DAGs
[2026-05-12T00:43:46.585+0000] {logging_mixin.py:188} INFO - [2026-05-12T00:43:46.585+0000] {dag.py:3954} INFO - Setting next_dagrun for job_intelligent_pipeline_simplified to 2026-05-11 06:00:00+00:00, run_after=2026-05-12 06:00:00+00:00
[2026-05-12T00:43:46.636+0000] {processor.py:183} INFO - Processing /opt/airflow/dags/__pycache__/job_intelligent_pipeline.py took 0.563 seconds
[2026-05-12T00:44:17.422+0000] {processor.py:161} INFO - Started process (PID=4772) to work on /opt/airflow/dags/__pycache__/job_intelligent_pipeline.py
[2026-05-12T00:44:17.424+0000] {processor.py:830} INFO - Processing file /opt/airflow/dags/__pycache__/job_intelligent_pipeline.py for tasks to queue
[2026-05-12T00:44:17.427+0000] {logging_mixin.py:188} INFO - [2026-05-12T00:44:17.427+0000] {dagbag.py:545} INFO - Filling up the DagBag from /opt/airflow/dags/__pycache__/job_intelligent_pipeline.py
[2026-05-12T00:44:17.472+0000] {processor.py:840} INFO - DAG(s) 'job_intelligent_pipeline_simplified' retrieved from /opt/airflow/dags/__pycache__/job_intelligent_pipeline.py
[2026-05-12T00:44:17.577+0000] {logging_mixin.py:188} INFO - [2026-05-12T00:44:17.577+0000] {dag.py:3096} INFO - Sync 1 DAGs
[2026-05-12T00:44:17.678+0000] {logging_mixin.py:188} INFO - [2026-05-12T00:44:17.677+0000] {dag.py:3954} INFO - Setting next_dagrun for job_intelligent_pipeline_simplified to 2026-05-11 06:00:00+00:00, run_after=2026-05-12 06:00:00+00:00
[2026-05-12T00:44:17.741+0000] {processor.py:183} INFO - Processing /opt/airflow/dags/__pycache__/job_intelligent_pipeline.py took 0.331 seconds
[2026-05-12T00:44:49.007+0000] {processor.py:161} INFO - Started process (PID=4784) to work on /opt/airflow/dags/__pycache__/job_intelligent_pipeline.py
[2026-05-12T00:44:49.012+0000] {processor.py:830} INFO - Processing file /opt/airflow/dags/__pycache__/job_intelligent_pipeline.py for tasks to queue
[2026-05-12T00:44:49.031+0000] {logging_mixin.py:188} INFO - [2026-05-12T00:44:49.031+0000] {dagbag.py:545} INFO - Filling up the DagBag from /opt/airflow/dags/__pycache__/job_intelligent_pipeline.py
[2026-05-12T00:44:49.283+0000] {processor.py:840} INFO - DAG(s) 'job_intelligent_pipeline_simplified' retrieved from /opt/airflow/dags/__pycache__/job_intelligent_pipeline.py
[2026-05-12T00:44:49.561+0000] {logging_mixin.py:188} INFO - [2026-05-12T00:44:49.561+0000] {dag.py:3096} INFO - Sync 1 DAGs
[2026-05-12T00:44:49.918+0000] {logging_mixin.py:188} INFO - [2026-05-12T00:44:49.917+0000] {dag.py:3954} INFO - Setting next_dagrun for job_intelligent_pipeline_simplified to 2026-05-11 06:00:00+00:00, run_after=2026-05-12 06:00:00+00:00
[2026-05-12T00:44:50.402+0000] {processor.py:183} INFO - Processing /opt/airflow/dags/__pycache__/job_intelligent_pipeline.py took 1.436 seconds
[2026-05-12T00:45:20.905+0000] {processor.py:161} INFO - Started process (PID=4792) to work on /opt/airflow/dags/__pycache__/job_intelligent_pipeline.py
[2026-05-12T00:45:20.907+0000] {processor.py:830} INFO - Processing file /opt/airflow/dags/__pycache__/job_intelligent_pipeline.py for tasks to queue
[2026-05-12T00:45:20.919+0000] {logging_mixin.py:188} INFO - [2026-05-12T00:45:20.918+0000] {dagbag.py:545} INFO - Filling up the DagBag from /opt/airflow/dags/__pycache__/job_intelligent_pipeline.py
[2026-05-12T00:45:21.129+0000] {processor.py:840} INFO - DAG(s) 'job_intelligent_pipeline_simplified' retrieved from /opt/airflow/dags/__pycache__/job_intelligent_pipeline.py
[2026-05-12T00:45:21.231+0000] {logging_mixin.py:188} INFO - [2026-05-12T00:45:21.230+0000] {dag.py:3096} INFO - Sync 1 DAGs
[2026-05-12T00:45:21.307+0000] {logging_mixin.py:188} INFO - [2026-05-12T00:45:21.307+0000] {dag.py:3954} INFO - Setting next_dagrun for job_intelligent_pipeline_simplified to 2026-05-11 06:00:00+00:00, run_after=2026-05-12 06:00:00+00:00
[2026-05-12T00:45:21.380+0000] {processor.py:183} INFO - Processing /opt/airflow/dags/__pycache__/job_intelligent_pipeline.py took 0.501 seconds
[2026-05-12T00:45:52.084+0000] {processor.py:161} INFO - Started process (PID=4804) to work on /opt/airflow/dags/__pycache__/job_intelligent_pipeline.py
[2026-05-12T00:45:52.086+0000] {processor.py:830} INFO - Processing file /opt/airflow/dags/__pycache__/job_intelligent_pipeline.py for tasks to queue
[2026-05-12T00:45:52.091+0000] {logging_mixin.py:188} INFO - [2026-05-12T00:45:52.090+0000] {dagbag.py:545} INFO - Filling up the DagBag from /opt/airflow/dags/__pycache__/job_intelligent_pipeline.py
[2026-05-12T00:45:52.165+0000] {processor.py:840} INFO - DAG(s) 'job_intelligent_pipeline_simplified' retrieved from /opt/airflow/dags/__pycache__/job_intelligent_pipeline.py
[2026-05-12T00:45:52.279+0000] {logging_mixin.py:188} INFO - [2026-05-12T00:45:52.279+0000] {dag.py:3096} INFO - Sync 1 DAGs
[2026-05-12T00:45:52.350+0000] {logging_mixin.py:188} INFO - [2026-05-12T00:45:52.350+0000] {dag.py:3954} INFO - Setting next_dagrun for job_intelligent_pipeline_simplified to 2026-05-11 06:00:00+00:00, run_after=2026-05-12 06:00:00+00:00
[2026-05-12T00:45:52.420+0000] {processor.py:183} INFO - Processing /opt/airflow/dags/__pycache__/job_intelligent_pipeline.py took 0.350 seconds
[2026-05-12T00:46:22.772+0000] {processor.py:161} INFO - Started process (PID=4817) to work on /opt/airflow/dags/__pycache__/job_intelligent_pipeline.py
[2026-05-12T00:46:22.777+0000] {processor.py:830} INFO - Processing file /opt/airflow/dags/__pycache__/job_intelligent_pipeline.py for tasks to queue
[2026-05-12T00:46:22.783+0000] {logging_mixin.py:188} INFO - [2026-05-12T00:46:22.782+0000] {dagbag.py:545} INFO - Filling up the DagBag from /opt/airflow/dags/__pycache__/job_intelligent_pipeline.py
[2026-05-12T00:46:22.885+0000] {processor.py:840} INFO - DAG(s) 'job_intelligent_pipeline_simplified' retrieved from /opt/airflow/dags/__pycache__/job_intelligent_pipeline.py
[2026-05-12T00:46:22.952+0000] {logging_mixin.py:188} INFO - [2026-05-12T00:46:22.952+0000] {dag.py:3096} INFO - Sync 1 DAGs
[2026-05-12T00:46:23.011+0000] {logging_mixin.py:188} INFO - [2026-05-12T00:46:23.010+0000] {dag.py:3954} INFO - Setting next_dagrun for job_intelligent_pipeline_simplified to 2026-05-11 06:00:00+00:00, run_after=2026-05-12 06:00:00+00:00
[2026-05-12T00:46:23.088+0000] {processor.py:183} INFO - Processing /opt/airflow/dags/__pycache__/job_intelligent_pipeline.py took 0.341 seconds
[2026-05-12T00:46:53.392+0000] {processor.py:161} INFO - Started process (PID=4824) to work on /opt/airflow/dags/__pycache__/job_intelligent_pipeline.py
[2026-05-12T00:46:53.403+0000] {processor.py:830} INFO - Processing file /opt/airflow/dags/__pycache__/job_intelligent_pipeline.py for tasks to queue
[2026-05-12T00:46:53.410+0000] {logging_mixin.py:188} INFO - [2026-05-12T00:46:53.409+0000] {dagbag.py:545} INFO - Filling up the DagBag from /opt/airflow/dags/__pycache__/job_intelligent_pipeline.py
[2026-05-12T00:46:53.514+0000] {processor.py:840} INFO - DAG(s) 'job_intelligent_pipeline_simplified' retrieved from /opt/airflow/dags/__pycache__/job_intelligent_pipeline.py
[2026-05-12T00:46:53.712+0000] {logging_mixin.py:188} INFO - [2026-05-12T00:46:53.702+0000] {dag.py:3096} INFO - Sync 1 DAGs
[2026-05-12T00:46:53.852+0000] {logging_mixin.py:188} INFO - [2026-05-12T00:46:53.852+0000] {dag.py:3954} INFO - Setting next_dagrun for job_intelligent_pipeline_simplified to 2026-05-11 06:00:00+00:00, run_after=2026-05-12 06:00:00+00:00
[2026-05-12T00:46:53.902+0000] {processor.py:183} INFO - Processing /opt/airflow/dags/__pycache__/job_intelligent_pipeline.py took 0.546 seconds
[2026-05-12T00:47:24.881+0000] {processor.py:161} INFO - Started process (PID=4837) to work on /opt/airflow/dags/__pycache__/job_intelligent_pipeline.py
[2026-05-12T00:47:24.897+0000] {processor.py:830} INFO - Processing file /opt/airflow/dags/__pycache__/job_intelligent_pipeline.py for tasks to queue
[2026-05-12T00:47:24.916+0000] {logging_mixin.py:188} INFO - [2026-05-12T00:47:24.915+0000] {dagbag.py:545} INFO - Filling up the DagBag from /opt/airflow/dags/__pycache__/job_intelligent_pipeline.py
[2026-05-12T00:47:25.339+0000] {processor.py:840} INFO - DAG(s) 'job_intelligent_pipeline_simplified' retrieved from /opt/airflow/dags/__pycache__/job_intelligent_pipeline.py
[2026-05-12T00:47:25.628+0000] {logging_mixin.py:188} INFO - [2026-05-12T00:47:25.617+0000] {dag.py:3096} INFO - Sync 1 DAGs
[2026-05-12T00:47:25.870+0000] {logging_mixin.py:188} INFO - [2026-05-12T00:47:25.870+0000] {dag.py:3954} INFO - Setting next_dagrun for job_intelligent_pipeline_simplified to 2026-05-11 06:00:00+00:00, run_after=2026-05-12 06:00:00+00:00
[2026-05-12T00:47:26.020+0000] {processor.py:183} INFO - Processing /opt/airflow/dags/__pycache__/job_intelligent_pipeline.py took 1.174 seconds
[2026-05-12T00:47:59.123+0000] {processor.py:161} INFO - Started process (PID=4845) to work on /opt/airflow/dags/__pycache__/job_intelligent_pipeline.py
[2026-05-12T00:47:59.132+0000] {processor.py:830} INFO - Processing file /opt/airflow/dags/__pycache__/job_intelligent_pipeline.py for tasks to queue
[2026-05-12T00:47:59.146+0000] {logging_mixin.py:188} INFO - [2026-05-12T00:47:59.145+0000] {dagbag.py:545} INFO - Filling up the DagBag from /opt/airflow/dags/__pycache__/job_intelligent_pipeline.py
[2026-05-12T00:47:59.385+0000] {processor.py:840} INFO - DAG(s) 'job_intelligent_pipeline_simplified' retrieved from /opt/airflow/dags/__pycache__/job_intelligent_pipeline.py
[2026-05-12T00:47:59.602+0000] {logging_mixin.py:188} INFO - [2026-05-12T00:47:59.601+0000] {dag.py:3096} INFO - Sync 1 DAGs
[2026-05-12T00:47:59.816+0000] {logging_mixin.py:188} INFO - [2026-05-12T00:47:59.815+0000] {dag.py:3954} INFO - Setting next_dagrun for job_intelligent_pipeline_simplified to 2026-05-11 06:00:00+00:00, run_after=2026-05-12 06:00:00+00:00
[2026-05-12T00:48:00.002+0000] {processor.py:183} INFO - Processing /opt/airflow/dags/__pycache__/job_intelligent_pipeline.py took 0.925 seconds
[2026-05-12T00:48:32.450+0000] {processor.py:161} INFO - Started process (PID=4856) to work on /opt/airflow/dags/__pycache__/job_intelligent_pipeline.py
[2026-05-12T00:48:32.457+0000] {processor.py:830} INFO - Processing file /opt/airflow/dags/__pycache__/job_intelligent_pipeline.py for tasks to queue
[2026-05-12T00:48:32.466+0000] {logging_mixin.py:188} INFO - [2026-05-12T00:48:32.465+0000] {dagbag.py:545} INFO - Filling up the DagBag from /opt/airflow/dags/__pycache__/job_intelligent_pipeline.py
[2026-05-12T00:48:32.706+0000] {processor.py:840} INFO - DAG(s) 'job_intelligent_pipeline_simplified' retrieved from /opt/airflow/dags/__pycache__/job_intelligent_pipeline.py
[2026-05-12T00:48:33.219+0000] {logging_mixin.py:188} INFO - [2026-05-12T00:48:33.219+0000] {dag.py:3096} INFO - Sync 1 DAGs
[2026-05-12T00:48:33.434+0000] {logging_mixin.py:188} INFO - [2026-05-12T00:48:33.433+0000] {dag.py:3954} INFO - Setting next_dagrun for job_intelligent_pipeline_simplified to 2026-05-11 06:00:00+00:00, run_after=2026-05-12 06:00:00+00:00
[2026-05-12T00:48:33.819+0000] {processor.py:183} INFO - Processing /opt/airflow/dags/__pycache__/job_intelligent_pipeline.py took 1.421 seconds
[2026-05-12T00:49:04.286+0000] {processor.py:161} INFO - Started process (PID=4863) to work on /opt/airflow/dags/__pycache__/job_intelligent_pipeline.py
[2026-05-12T00:49:04.300+0000] {processor.py:830} INFO - Processing file /opt/airflow/dags/__pycache__/job_intelligent_pipeline.py for tasks to queue
[2026-05-12T00:49:04.315+0000] {logging_mixin.py:188} INFO - [2026-05-12T00:49:04.304+0000] {dagbag.py:545} INFO - Filling up the DagBag from /opt/airflow/dags/__pycache__/job_intelligent_pipeline.py
[2026-05-12T00:49:04.488+0000] {processor.py:840} INFO - DAG(s) 'job_intelligent_pipeline_simplified' retrieved from /opt/airflow/dags/__pycache__/job_intelligent_pipeline.py
[2026-05-12T00:49:04.847+0000] {logging_mixin.py:188} INFO - [2026-05-12T00:49:04.846+0000] {dag.py:3096} INFO - Sync 1 DAGs
[2026-05-12T00:49:05.077+0000] {logging_mixin.py:188} INFO - [2026-05-12T00:49:05.075+0000] {dag.py:3954} INFO - Setting next_dagrun for job_intelligent_pipeline_simplified to 2026-05-11 06:00:00+00:00, run_after=2026-05-12 06:00:00+00:00
[2026-05-12T00:49:05.296+0000] {processor.py:183} INFO - Processing /opt/airflow/dags/__pycache__/job_intelligent_pipeline.py took 1.043 seconds
[2026-05-12T00:49:36.279+0000] {processor.py:161} INFO - Started process (PID=4877) to work on /opt/airflow/dags/__pycache__/job_intelligent_pipeline.py
[2026-05-12T00:49:36.288+0000] {processor.py:830} INFO - Processing file /opt/airflow/dags/__pycache__/job_intelligent_pipeline.py for tasks to queue
[2026-05-12T00:49:36.304+0000] {logging_mixin.py:188} INFO - [2026-05-12T00:49:36.294+0000] {dagbag.py:545} INFO - Filling up the DagBag from /opt/airflow/dags/__pycache__/job_intelligent_pipeline.py
[2026-05-12T00:49:36.629+0000] {processor.py:840} INFO - DAG(s) 'job_intelligent_pipeline_simplified' retrieved from /opt/airflow/dags/__pycache__/job_intelligent_pipeline.py
[2026-05-12T00:49:37.034+0000] {logging_mixin.py:188} INFO - [2026-05-12T00:49:37.034+0000] {dag.py:3096} INFO - Sync 1 DAGs
[2026-05-12T00:49:37.392+0000] {logging_mixin.py:188} INFO - [2026-05-12T00:49:37.392+0000] {dag.py:3954} INFO - Setting next_dagrun for job_intelligent_pipeline_simplified to 2026-05-11 06:00:00+00:00, run_after=2026-05-12 06:00:00+00:00
[2026-05-12T00:49:37.790+0000] {processor.py:183} INFO - Processing /opt/airflow/dags/__pycache__/job_intelligent_pipeline.py took 1.541 seconds
[2026-05-12T00:50:08.676+0000] {processor.py:161} INFO - Started process (PID=4892) to work on /opt/airflow/dags/__pycache__/job_intelligent_pipeline.py
[2026-05-12T00:50:08.678+0000] {processor.py:830} INFO - Processing file /opt/airflow/dags/__pycache__/job_intelligent_pipeline.py for tasks to queue
[2026-05-12T00:50:08.684+0000] {logging_mixin.py:188} INFO - [2026-05-12T00:50:08.683+0000] {dagbag.py:545} INFO - Filling up the DagBag from /opt/airflow/dags/__pycache__/job_intelligent_pipeline.py
[2026-05-12T00:50:08.751+0000] {processor.py:840} INFO - DAG(s) 'job_intelligent_pipeline_simplified' retrieved from /opt/airflow/dags/__pycache__/job_intelligent_pipeline.py
[2026-05-12T00:50:08.937+0000] {logging_mixin.py:188} INFO - [2026-05-12T00:50:08.936+0000] {dag.py:3096} INFO - Sync 1 DAGs
[2026-05-12T00:50:09.031+0000] {logging_mixin.py:188} INFO - [2026-05-12T00:50:09.030+0000] {dag.py:3954} INFO - Setting next_dagrun for job_intelligent_pipeline_simplified to 2026-05-11 06:00:00+00:00, run_after=2026-05-12 06:00:00+00:00
[2026-05-12T00:50:09.162+0000] {processor.py:183} INFO - Processing /opt/airflow/dags/__pycache__/job_intelligent_pipeline.py took 0.508 seconds
[2026-05-12T00:50:39.462+0000] {processor.py:161} INFO - Started process (PID=4899) to work on /opt/airflow/dags/__pycache__/job_intelligent_pipeline.py
[2026-05-12T00:50:39.464+0000] {processor.py:830} INFO - Processing file /opt/airflow/dags/__pycache__/job_intelligent_pipeline.py for tasks to queue
[2026-05-12T00:50:39.468+0000] {logging_mixin.py:188} INFO - [2026-05-12T00:50:39.468+0000] {dagbag.py:545} INFO - Filling up the DagBag from /opt/airflow/dags/__pycache__/job_intelligent_pipeline.py
[2026-05-12T00:50:39.526+0000] {processor.py:840} INFO - DAG(s) 'job_intelligent_pipeline_simplified' retrieved from /opt/airflow/dags/__pycache__/job_intelligent_pipeline.py
[2026-05-12T00:50:39.711+0000] {logging_mixin.py:188} INFO - [2026-05-12T00:50:39.711+0000] {dag.py:3096} INFO - Sync 1 DAGs
[2026-05-12T00:50:39.831+0000] {logging_mixin.py:188} INFO - [2026-05-12T00:50:39.831+0000] {dag.py:3954} INFO - Setting next_dagrun for job_intelligent_pipeline_simplified to 2026-05-11 06:00:00+00:00, run_after=2026-05-12 06:00:00+00:00
[2026-05-12T00:50:39.942+0000] {processor.py:183} INFO - Processing /opt/airflow/dags/__pycache__/job_intelligent_pipeline.py took 0.500 seconds
[2026-05-12T00:51:11.040+0000] {processor.py:161} INFO - Started process (PID=4913) to work on /opt/airflow/dags/__pycache__/job_intelligent_pipeline.py
[2026-05-12T00:51:11.042+0000] {processor.py:830} INFO - Processing file /opt/airflow/dags/__pycache__/job_intelligent_pipeline.py for tasks to queue
[2026-05-12T00:51:11.055+0000] {logging_mixin.py:188} INFO - [2026-05-12T00:51:11.054+0000] {dagbag.py:545} INFO - Filling up the DagBag from /opt/airflow/dags/__pycache__/job_intelligent_pipeline.py
[2026-05-12T00:51:11.268+0000] {processor.py:840} INFO - DAG(s) 'job_intelligent_pipeline_simplified' retrieved from /opt/airflow/dags/__pycache__/job_intelligent_pipeline.py
[2026-05-12T00:51:11.513+0000] {logging_mixin.py:188} INFO - [2026-05-12T00:51:11.513+0000] {dag.py:3096} INFO - Sync 1 DAGs
[2026-05-12T00:51:11.647+0000] {logging_mixin.py:188} INFO - [2026-05-12T00:51:11.647+0000] {dag.py:3954} INFO - Setting next_dagrun for job_intelligent_pipeline_simplified to 2026-05-11 06:00:00+00:00, run_after=2026-05-12 06:00:00+00:00
[2026-05-12T00:51:11.800+0000] {processor.py:183} INFO - Processing /opt/airflow/dags/__pycache__/job_intelligent_pipeline.py took 0.786 seconds
[2026-05-12T00:51:43.073+0000] {processor.py:161} INFO - Started process (PID=4919) to work on /opt/airflow/dags/__pycache__/job_intelligent_pipeline.py
[2026-05-12T00:51:43.075+0000] {processor.py:830} INFO - Processing file /opt/airflow/dags/__pycache__/job_intelligent_pipeline.py for tasks to queue
[2026-05-12T00:51:43.083+0000] {logging_mixin.py:188} INFO - [2026-05-12T00:51:43.082+0000] {dagbag.py:545} INFO - Filling up the DagBag from /opt/airflow/dags/__pycache__/job_intelligent_pipeline.py
[2026-05-12T00:51:43.389+0000] {processor.py:840} INFO - DAG(s) 'job_intelligent_pipeline_simplified' retrieved from /opt/airflow/dags/__pycache__/job_intelligent_pipeline.py
[2026-05-12T00:51:43.575+0000] {logging_mixin.py:188} INFO - [2026-05-12T00:51:43.575+0000] {dag.py:3096} INFO - Sync 1 DAGs
[2026-05-12T00:51:43.756+0000] {logging_mixin.py:188} INFO - [2026-05-12T00:51:43.753+0000] {dag.py:3954} INFO - Setting next_dagrun for job_intelligent_pipeline_simplified to 2026-05-11 06:00:00+00:00, run_after=2026-05-12 06:00:00+00:00
[2026-05-12T00:51:43.864+0000] {processor.py:183} INFO - Processing /opt/airflow/dags/__pycache__/job_intelligent_pipeline.py took 0.826 seconds
[2026-05-12T00:52:15.880+0000] {processor.py:161} INFO - Started process (PID=4933) to work on /opt/airflow/dags/__pycache__/job_intelligent_pipeline.py
[2026-05-12T00:52:15.898+0000] {processor.py:830} INFO - Processing file /opt/airflow/dags/__pycache__/job_intelligent_pipeline.py for tasks to queue
[2026-05-12T00:52:15.949+0000] {logging_mixin.py:188} INFO - [2026-05-12T00:52:15.948+0000] {dagbag.py:545} INFO - Filling up the DagBag from /opt/airflow/dags/__pycache__/job_intelligent_pipeline.py
[2026-05-12T00:52:17.183+0000] {processor.py:840} INFO - DAG(s) 'job_intelligent_pipeline_simplified' retrieved from /opt/airflow/dags/__pycache__/job_intelligent_pipeline.py
[2026-05-12T00:52:17.688+0000] {logging_mixin.py:188} INFO - [2026-05-12T00:52:17.687+0000] {dag.py:3096} INFO - Sync 1 DAGs
[2026-05-12T00:52:18.145+0000] {logging_mixin.py:188} INFO - [2026-05-12T00:52:18.143+0000] {dag.py:3954} INFO - Setting next_dagrun for job_intelligent_pipeline_simplified to 2026-05-11 06:00:00+00:00, run_after=2026-05-12 06:00:00+00:00
[2026-05-12T00:52:18.301+0000] {processor.py:183} INFO - Processing /opt/airflow/dags/__pycache__/job_intelligent_pipeline.py took 2.501 seconds
[2026-05-12T00:52:50.944+0000] {processor.py:161} INFO - Started process (PID=4946) to work on /opt/airflow/dags/__pycache__/job_intelligent_pipeline.py
[2026-05-12T00:52:50.973+0000] {processor.py:830} INFO - Processing file /opt/airflow/dags/__pycache__/job_intelligent_pipeline.py for tasks to queue
[2026-05-12T00:52:51.104+0000] {logging_mixin.py:188} INFO - [2026-05-12T00:52:51.103+0000] {dagbag.py:545} INFO - Filling up the DagBag from /opt/airflow/dags/__pycache__/job_intelligent_pipeline.py
[2026-05-12T00:52:51.530+0000] {processor.py:840} INFO - DAG(s) 'job_intelligent_pipeline_simplified' retrieved from /opt/airflow/dags/__pycache__/job_intelligent_pipeline.py
[2026-05-12T00:52:51.728+0000] {logging_mixin.py:188} INFO - [2026-05-12T00:52:51.718+0000] {dag.py:3096} INFO - Sync 1 DAGs
[2026-05-12T00:52:51.876+0000] {logging_mixin.py:188} INFO - [2026-05-12T00:52:51.875+0000] {dag.py:3954} INFO - Setting next_dagrun for job_intelligent_pipeline_simplified to 2026-05-11 06:00:00+00:00, run_after=2026-05-12 06:00:00+00:00
[2026-05-12T00:52:52.087+0000] {processor.py:183} INFO - Processing /opt/airflow/dags/__pycache__/job_intelligent_pipeline.py took 1.168 seconds
[2026-05-12T00:53:26.347+0000] {processor.py:161} INFO - Started process (PID=4953) to work on /opt/airflow/dags/__pycache__/job_intelligent_pipeline.py
[2026-05-12T00:53:26.355+0000] {processor.py:830} INFO - Processing file /opt/airflow/dags/__pycache__/job_intelligent_pipeline.py for tasks to queue
[2026-05-12T00:53:26.371+0000] {logging_mixin.py:188} INFO - [2026-05-12T00:53:26.370+0000] {dagbag.py:545} INFO - Filling up the DagBag from /opt/airflow/dags/__pycache__/job_intelligent_pipeline.py
[2026-05-12T00:53:26.922+0000] {processor.py:840} INFO - DAG(s) 'job_intelligent_pipeline_simplified' retrieved from /opt/airflow/dags/__pycache__/job_intelligent_pipeline.py
[2026-05-12T00:53:27.682+0000] {logging_mixin.py:188} INFO - [2026-05-12T00:53:27.682+0000] {dag.py:3096} INFO - Sync 1 DAGs
[2026-05-12T00:53:27.924+0000] {logging_mixin.py:188} INFO - [2026-05-12T00:53:27.923+0000] {dag.py:3954} INFO - Setting next_dagrun for job_intelligent_pipeline_simplified to 2026-05-11 06:00:00+00:00, run_after=2026-05-12 06:00:00+00:00
[2026-05-12T00:53:28.219+0000] {processor.py:183} INFO - Processing /opt/airflow/dags/__pycache__/job_intelligent_pipeline.py took 1.894 seconds
[2026-05-12T00:53:59.135+0000] {processor.py:161} INFO - Started process (PID=4965) to work on /opt/airflow/dags/__pycache__/job_intelligent_pipeline.py
[2026-05-12T00:53:59.147+0000] {processor.py:830} INFO - Processing file /opt/airflow/dags/__pycache__/job_intelligent_pipeline.py for tasks to queue
[2026-05-12T00:53:59.152+0000] {logging_mixin.py:188} INFO - [2026-05-12T00:53:59.151+0000] {dagbag.py:545} INFO - Filling up the DagBag from /opt/airflow/dags/__pycache__/job_intelligent_pipeline.py
[2026-05-12T00:53:59.264+0000] {processor.py:840} INFO - DAG(s) 'job_intelligent_pipeline_simplified' retrieved from /opt/airflow/dags/__pycache__/job_intelligent_pipeline.py
[2026-05-12T00:53:59.484+0000] {logging_mixin.py:188} INFO - [2026-05-12T00:53:59.483+0000] {dag.py:3096} INFO - Sync 1 DAGs
[2026-05-12T00:53:59.682+0000] {logging_mixin.py:188} INFO - [2026-05-12T00:53:59.670+0000] {dag.py:3954} INFO - Setting next_dagrun for job_intelligent_pipeline_simplified to 2026-05-11 06:00:00+00:00, run_after=2026-05-12 06:00:00+00:00
[2026-05-12T00:54:00.028+0000] {processor.py:183} INFO - Processing /opt/airflow/dags/__pycache__/job_intelligent_pipeline.py took 0.919 seconds
[2026-05-12T00:54:31.240+0000] {processor.py:161} INFO - Started process (PID=4973) to work on /opt/airflow/dags/__pycache__/job_intelligent_pipeline.py
[2026-05-12T00:54:31.243+0000] {processor.py:830} INFO - Processing file /opt/airflow/dags/__pycache__/job_intelligent_pipeline.py for tasks to queue
[2026-05-12T00:54:31.257+0000] {logging_mixin.py:188} INFO - [2026-05-12T00:54:31.256+0000] {dagbag.py:545} INFO - Filling up the DagBag from /opt/airflow/dags/__pycache__/job_intelligent_pipeline.py
[2026-05-12T00:54:31.897+0000] {processor.py:840} INFO - DAG(s) 'job_intelligent_pipeline_simplified' retrieved from /opt/airflow/dags/__pycache__/job_intelligent_pipeline.py
[2026-05-12T00:54:32.171+0000] {logging_mixin.py:188} INFO - [2026-05-12T00:54:32.170+0000] {dag.py:3096} INFO - Sync 1 DAGs
[2026-05-12T00:54:32.280+0000] {logging_mixin.py:188} INFO - [2026-05-12T00:54:32.280+0000] {dag.py:3954} INFO - Setting next_dagrun for job_intelligent_pipeline_simplified to 2026-05-11 06:00:00+00:00, run_after=2026-05-12 06:00:00+00:00
[2026-05-12T00:54:32.384+0000] {processor.py:183} INFO - Processing /opt/airflow/dags/__pycache__/job_intelligent_pipeline.py took 1.190 seconds
[2026-05-12T00:55:02.789+0000] {processor.py:161} INFO - Started process (PID=4986) to work on /opt/airflow/dags/__pycache__/job_intelligent_pipeline.py
[2026-05-12T00:55:02.791+0000] {processor.py:830} INFO - Processing file /opt/airflow/dags/__pycache__/job_intelligent_pipeline.py for tasks to queue
[2026-05-12T00:55:02.795+0000] {logging_mixin.py:188} INFO - [2026-05-12T00:55:02.794+0000] {dagbag.py:545} INFO - Filling up the DagBag from /opt/airflow/dags/__pycache__/job_intelligent_pipeline.py
[2026-05-12T00:55:02.840+0000] {processor.py:840} INFO - DAG(s) 'job_intelligent_pipeline_simplified' retrieved from /opt/airflow/dags/__pycache__/job_intelligent_pipeline.py
[2026-05-12T00:55:02.917+0000] {logging_mixin.py:188} INFO - [2026-05-12T00:55:02.916+0000] {dag.py:3096} INFO - Sync 1 DAGs
[2026-05-12T00:55:02.981+0000] {logging_mixin.py:188} INFO - [2026-05-12T00:55:02.980+0000] {dag.py:3954} INFO - Setting next_dagrun for job_intelligent_pipeline_simplified to 2026-05-11 06:00:00+00:00, run_after=2026-05-12 06:00:00+00:00
[2026-05-12T00:55:03.036+0000] {processor.py:183} INFO - Processing /opt/airflow/dags/__pycache__/job_intelligent_pipeline.py took 0.268 seconds
[2026-05-12T00:55:33.379+0000] {processor.py:161} INFO - Started process (PID=4993) to work on /opt/airflow/dags/__pycache__/job_intelligent_pipeline.py
[2026-05-12T00:55:33.380+0000] {processor.py:830} INFO - Processing file /opt/airflow/dags/__pycache__/job_intelligent_pipeline.py for tasks to queue
[2026-05-12T00:55:33.383+0000] {logging_mixin.py:188} INFO - [2026-05-12T00:55:33.383+0000] {dagbag.py:545} INFO - Filling up the DagBag from /opt/airflow/dags/__pycache__/job_intelligent_pipeline.py
[2026-05-12T00:55:33.447+0000] {processor.py:840} INFO - DAG(s) 'job_intelligent_pipeline_simplified' retrieved from /opt/airflow/dags/__pycache__/job_intelligent_pipeline.py
[2026-05-12T00:55:33.677+0000] {logging_mixin.py:188} INFO - [2026-05-12T00:55:33.676+0000] {dag.py:3096} INFO - Sync 1 DAGs
[2026-05-12T00:55:33.771+0000] {logging_mixin.py:188} INFO - [2026-05-12T00:55:33.770+0000] {dag.py:3954} INFO - Setting next_dagrun for job_intelligent_pipeline_simplified to 2026-05-11 06:00:00+00:00, run_after=2026-05-12 06:00:00+00:00
[2026-05-12T00:55:33.913+0000] {processor.py:183} INFO - Processing /opt/airflow/dags/__pycache__/job_intelligent_pipeline.py took 0.545 seconds
[2026-05-12T00:56:04.099+0000] {processor.py:161} INFO - Started process (PID=5008) to work on /opt/airflow/dags/__pycache__/job_intelligent_pipeline.py
[2026-05-12T00:56:04.101+0000] {processor.py:830} INFO - Processing file /opt/airflow/dags/__pycache__/job_intelligent_pipeline.py for tasks to queue
[2026-05-12T00:56:04.106+0000] {logging_mixin.py:188} INFO - [2026-05-12T00:56:04.105+0000] {dagbag.py:545} INFO - Filling up the DagBag from /opt/airflow/dags/__pycache__/job_intelligent_pipeline.py
[2026-05-12T00:56:04.164+0000] {processor.py:840} INFO - DAG(s) 'job_intelligent_pipeline_simplified' retrieved from /opt/airflow/dags/__pycache__/job_intelligent_pipeline.py
[2026-05-12T00:56:04.298+0000] {logging_mixin.py:188} INFO - [2026-05-12T00:56:04.298+0000] {dag.py:3096} INFO - Sync 1 DAGs
[2026-05-12T00:56:04.380+0000] {logging_mixin.py:188} INFO - [2026-05-12T00:56:04.379+0000] {dag.py:3954} INFO - Setting next_dagrun for job_intelligent_pipeline_simplified to 2026-05-11 06:00:00+00:00, run_after=2026-05-12 06:00:00+00:00
[2026-05-12T00:56:04.439+0000] {processor.py:183} INFO - Processing /opt/airflow/dags/__pycache__/job_intelligent_pipeline.py took 0.350 seconds
[2026-05-12T00:56:35.452+0000] {processor.py:161} INFO - Started process (PID=5014) to work on /opt/airflow/dags/__pycache__/job_intelligent_pipeline.py
[2026-05-12T00:56:35.462+0000] {processor.py:830} INFO - Processing file /opt/airflow/dags/__pycache__/job_intelligent_pipeline.py for tasks to queue
[2026-05-12T00:56:35.469+0000] {logging_mixin.py:188} INFO - [2026-05-12T00:56:35.468+0000] {dagbag.py:545} INFO - Filling up the DagBag from /opt/airflow/dags/__pycache__/job_intelligent_pipeline.py
[2026-05-12T00:56:35.723+0000] {processor.py:840} INFO - DAG(s) 'job_intelligent_pipeline_simplified' retrieved from /opt/airflow/dags/__pycache__/job_intelligent_pipeline.py
[2026-05-12T00:56:35.935+0000] {logging_mixin.py:188} INFO - [2026-05-12T00:56:35.934+0000] {dag.py:3096} INFO - Sync 1 DAGs
[2026-05-12T00:56:36.153+0000] {logging_mixin.py:188} INFO - [2026-05-12T00:56:36.145+0000] {dag.py:3954} INFO - Setting next_dagrun for job_intelligent_pipeline_simplified to 2026-05-11 06:00:00+00:00, run_after=2026-05-12 06:00:00+00:00
[2026-05-12T00:56:36.420+0000] {processor.py:183} INFO - Processing /opt/airflow/dags/__pycache__/job_intelligent_pipeline.py took 1.035 seconds
[2026-05-12T00:57:07.383+0000] {processor.py:161} INFO - Started process (PID=5027) to work on /opt/airflow/dags/__pycache__/job_intelligent_pipeline.py
[2026-05-12T00:57:07.386+0000] {processor.py:830} INFO - Processing file /opt/airflow/dags/__pycache__/job_intelligent_pipeline.py for tasks to queue
[2026-05-12T00:57:07.390+0000] {logging_mixin.py:188} INFO - [2026-05-12T00:57:07.389+0000] {dagbag.py:545} INFO - Filling up the DagBag from /opt/airflow/dags/__pycache__/job_intelligent_pipeline.py
[2026-05-12T00:57:07.503+0000] {processor.py:840} INFO - DAG(s) 'job_intelligent_pipeline_simplified' retrieved from /opt/airflow/dags/__pycache__/job_intelligent_pipeline.py
[2026-05-12T00:57:07.647+0000] {logging_mixin.py:188} INFO - [2026-05-12T00:57:07.646+0000] {dag.py:3096} INFO - Sync 1 DAGs
[2026-05-12T00:57:07.728+0000] {logging_mixin.py:188} INFO - [2026-05-12T00:57:07.728+0000] {dag.py:3954} INFO - Setting next_dagrun for job_intelligent_pipeline_simplified to 2026-05-11 06:00:00+00:00, run_after=2026-05-12 06:00:00+00:00
[2026-05-12T00:57:07.814+0000] {processor.py:183} INFO - Processing /opt/airflow/dags/__pycache__/job_intelligent_pipeline.py took 0.449 seconds
[2026-05-12T00:57:38.685+0000] {processor.py:161} INFO - Started process (PID=5034) to work on /opt/airflow/dags/__pycache__/job_intelligent_pipeline.py
[2026-05-12T00:57:38.687+0000] {processor.py:830} INFO - Processing file /opt/airflow/dags/__pycache__/job_intelligent_pipeline.py for tasks to queue
[2026-05-12T00:57:38.692+0000] {logging_mixin.py:188} INFO - [2026-05-12T00:57:38.691+0000] {dagbag.py:545} INFO - Filling up the DagBag from /opt/airflow/dags/__pycache__/job_intelligent_pipeline.py
[2026-05-12T00:57:38.776+0000] {processor.py:840} INFO - DAG(s) 'job_intelligent_pipeline_simplified' retrieved from /opt/airflow/dags/__pycache__/job_intelligent_pipeline.py
[2026-05-12T00:57:38.897+0000] {logging_mixin.py:188} INFO - [2026-05-12T00:57:38.896+0000] {dag.py:3096} INFO - Sync 1 DAGs
[2026-05-12T00:57:38.971+0000] {logging_mixin.py:188} INFO - [2026-05-12T00:57:38.970+0000] {dag.py:3954} INFO - Setting next_dagrun for job_intelligent_pipeline_simplified to 2026-05-11 06:00:00+00:00, run_after=2026-05-12 06:00:00+00:00
[2026-05-12T00:57:39.039+0000] {processor.py:183} INFO - Processing /opt/airflow/dags/__pycache__/job_intelligent_pipeline.py took 0.367 seconds
[2026-05-12T00:58:09.343+0000] {processor.py:161} INFO - Started process (PID=5047) to work on /opt/airflow/dags/__pycache__/job_intelligent_pipeline.py
[2026-05-12T00:58:09.346+0000] {processor.py:830} INFO - Processing file /opt/airflow/dags/__pycache__/job_intelligent_pipeline.py for tasks to queue
[2026-05-12T00:58:09.353+0000] {logging_mixin.py:188} INFO - [2026-05-12T00:58:09.351+0000] {dagbag.py:545} INFO - Filling up the DagBag from /opt/airflow/dags/__pycache__/job_intelligent_pipeline.py
[2026-05-12T00:58:09.506+0000] {processor.py:840} INFO - DAG(s) 'job_intelligent_pipeline_simplified' retrieved from /opt/airflow/dags/__pycache__/job_intelligent_pipeline.py
[2026-05-12T00:58:09.840+0000] {logging_mixin.py:188} INFO - [2026-05-12T00:58:09.840+0000] {dag.py:3096} INFO - Sync 1 DAGs
[2026-05-12T00:58:09.914+0000] {logging_mixin.py:188} INFO - [2026-05-12T00:58:09.913+0000] {dag.py:3954} INFO - Setting next_dagrun for job_intelligent_pipeline_simplified to 2026-05-11 06:00:00+00:00, run_after=2026-05-12 06:00:00+00:00
[2026-05-12T00:58:09.967+0000] {processor.py:183} INFO - Processing /opt/airflow/dags/__pycache__/job_intelligent_pipeline.py took 0.664 seconds
[2026-05-12T00:58:44.047+0000] {processor.py:161} INFO - Started process (PID=5059) to work on /opt/airflow/dags/__pycache__/job_intelligent_pipeline.py
[2026-05-12T00:58:44.172+0000] {processor.py:830} INFO - Processing file /opt/airflow/dags/__pycache__/job_intelligent_pipeline.py for tasks to queue
[2026-05-12T00:58:44.237+0000] {logging_mixin.py:188} INFO - [2026-05-12T00:58:44.236+0000] {dagbag.py:545} INFO - Filling up the DagBag from /opt/airflow/dags/__pycache__/job_intelligent_pipeline.py
[2026-05-12T00:58:48.185+0000] {processor.py:840} INFO - DAG(s) 'job_intelligent_pipeline_simplified' retrieved from /opt/airflow/dags/__pycache__/job_intelligent_pipeline.py
[2026-05-12T00:58:48.481+0000] {logging_mixin.py:188} INFO - [2026-05-12T00:58:48.480+0000] {dag.py:3096} INFO - Sync 1 DAGs
[2026-05-12T00:58:48.690+0000] {logging_mixin.py:188} INFO - [2026-05-12T00:58:48.679+0000] {dag.py:3954} INFO - Setting next_dagrun for job_intelligent_pipeline_simplified to 2026-05-11 06:00:00+00:00, run_after=2026-05-12 06:00:00+00:00
[2026-05-12T00:58:49.013+0000] {processor.py:183} INFO - Processing /opt/airflow/dags/__pycache__/job_intelligent_pipeline.py took 5.031 seconds
[2026-05-12T00:59:19.913+0000] {processor.py:161} INFO - Started process (PID=5067) to work on /opt/airflow/dags/__pycache__/job_intelligent_pipeline.py
[2026-05-12T00:59:19.921+0000] {processor.py:830} INFO - Processing file /opt/airflow/dags/__pycache__/job_intelligent_pipeline.py for tasks to queue
[2026-05-12T00:59:19.929+0000] {logging_mixin.py:188} INFO - [2026-05-12T00:59:19.928+0000] {dagbag.py:545} INFO - Filling up the DagBag from /opt/airflow/dags/__pycache__/job_intelligent_pipeline.py
[2026-05-12T00:59:20.065+0000] {processor.py:840} INFO - DAG(s) 'job_intelligent_pipeline_simplified' retrieved from /opt/airflow/dags/__pycache__/job_intelligent_pipeline.py
[2026-05-12T00:59:20.487+0000] {logging_mixin.py:188} INFO - [2026-05-12T00:59:20.475+0000] {dag.py:3096} INFO - Sync 1 DAGs
[2026-05-12T00:59:20.680+0000] {logging_mixin.py:188} INFO - [2026-05-12T00:59:20.680+0000] {dag.py:3954} INFO - Setting next_dagrun for job_intelligent_pipeline_simplified to 2026-05-11 06:00:00+00:00, run_after=2026-05-12 06:00:00+00:00
[2026-05-12T00:59:21.029+0000] {processor.py:183} INFO - Processing /opt/airflow/dags/__pycache__/job_intelligent_pipeline.py took 1.152 seconds
[2026-05-12T00:59:52.794+0000] {processor.py:161} INFO - Started process (PID=5081) to work on /opt/airflow/dags/__pycache__/job_intelligent_pipeline.py
[2026-05-12T00:59:52.805+0000] {processor.py:830} INFO - Processing file /opt/airflow/dags/__pycache__/job_intelligent_pipeline.py for tasks to queue
[2026-05-12T00:59:52.821+0000] {logging_mixin.py:188} INFO - [2026-05-12T00:59:52.809+0000] {dagbag.py:545} INFO - Filling up the DagBag from /opt/airflow/dags/__pycache__/job_intelligent_pipeline.py
[2026-05-12T00:59:53.380+0000] {processor.py:840} INFO - DAG(s) 'job_intelligent_pipeline_simplified' retrieved from /opt/airflow/dags/__pycache__/job_intelligent_pipeline.py
[2026-05-12T00:59:53.748+0000] {logging_mixin.py:188} INFO - [2026-05-12T00:59:53.748+0000] {dag.py:3096} INFO - Sync 1 DAGs
[2026-05-12T00:59:53.996+0000] {logging_mixin.py:188} INFO - [2026-05-12T00:59:53.984+0000] {dag.py:3954} INFO - Setting next_dagrun for job_intelligent_pipeline_simplified to 2026-05-11 06:00:00+00:00, run_after=2026-05-12 06:00:00+00:00
[2026-05-12T00:59:55.265+0000] {processor.py:183} INFO - Processing /opt/airflow/dags/__pycache__/job_intelligent_pipeline.py took 2.508 seconds
[2026-05-12T01:00:29.752+0000] {processor.py:161} INFO - Started process (PID=5094) to work on /opt/airflow/dags/__pycache__/job_intelligent_pipeline.py
[2026-05-12T01:00:29.765+0000] {processor.py:830} INFO - Processing file /opt/airflow/dags/__pycache__/job_intelligent_pipeline.py for tasks to queue
[2026-05-12T01:00:29.770+0000] {logging_mixin.py:188} INFO - [2026-05-12T01:00:29.769+0000] {dagbag.py:545} INFO - Filling up the DagBag from /opt/airflow/dags/__pycache__/job_intelligent_pipeline.py
[2026-05-12T01:00:29.981+0000] {processor.py:840} INFO - DAG(s) 'job_intelligent_pipeline_simplified' retrieved from /opt/airflow/dags/__pycache__/job_intelligent_pipeline.py
[2026-05-12T01:00:30.210+0000] {logging_mixin.py:188} INFO - [2026-05-12T01:00:30.209+0000] {dag.py:3096} INFO - Sync 1 DAGs
[2026-05-12T01:00:30.422+0000] {logging_mixin.py:188} INFO - [2026-05-12T01:00:30.410+0000] {dag.py:3954} INFO - Setting next_dagrun for job_intelligent_pipeline_simplified to 2026-05-11 06:00:00+00:00, run_after=2026-05-12 06:00:00+00:00
[2026-05-12T01:00:30.716+0000] {processor.py:183} INFO - Processing /opt/airflow/dags/__pycache__/job_intelligent_pipeline.py took 0.996 seconds
[2026-05-12T01:01:01.687+0000] {processor.py:161} INFO - Started process (PID=5101) to work on /opt/airflow/dags/__pycache__/job_intelligent_pipeline.py
[2026-05-12T01:01:01.689+0000] {processor.py:830} INFO - Processing file /opt/airflow/dags/__pycache__/job_intelligent_pipeline.py for tasks to queue
[2026-05-12T01:01:01.696+0000] {logging_mixin.py:188} INFO - [2026-05-12T01:01:01.695+0000] {dagbag.py:545} INFO - Filling up the DagBag from /opt/airflow/dags/__pycache__/job_intelligent_pipeline.py
[2026-05-12T01:01:01.764+0000] {processor.py:840} INFO - DAG(s) 'job_intelligent_pipeline_simplified' retrieved from /opt/airflow/dags/__pycache__/job_intelligent_pipeline.py
[2026-05-12T01:01:01.982+0000] {logging_mixin.py:188} INFO - [2026-05-12T01:01:01.982+0000] {dag.py:3096} INFO - Sync 1 DAGs
[2026-05-12T01:01:02.173+0000] {logging_mixin.py:188} INFO - [2026-05-12T01:01:02.172+0000] {dag.py:3954} INFO - Setting next_dagrun for job_intelligent_pipeline_simplified to 2026-05-11 06:00:00+00:00, run_after=2026-05-12 06:00:00+00:00
[2026-05-12T01:01:02.398+0000] {processor.py:183} INFO - Processing /opt/airflow/dags/__pycache__/job_intelligent_pipeline.py took 0.731 seconds
[2026-05-12T01:01:32.895+0000] {processor.py:161} INFO - Started process (PID=5113) to work on /opt/airflow/dags/__pycache__/job_intelligent_pipeline.py
[2026-05-12T01:01:32.897+0000] {processor.py:830} INFO - Processing file /opt/airflow/dags/__pycache__/job_intelligent_pipeline.py for tasks to queue
[2026-05-12T01:01:32.908+0000] {logging_mixin.py:188} INFO - [2026-05-12T01:01:32.905+0000] {dagbag.py:545} INFO - Filling up the DagBag from /opt/airflow/dags/__pycache__/job_intelligent_pipeline.py
[2026-05-12T01:01:32.961+0000] {processor.py:840} INFO - DAG(s) 'job_intelligent_pipeline_simplified' retrieved from /opt/airflow/dags/__pycache__/job_intelligent_pipeline.py
[2026-05-12T01:01:33.142+0000] {logging_mixin.py:188} INFO - [2026-05-12T01:01:33.142+0000] {dag.py:3096} INFO - Sync 1 DAGs
[2026-05-12T01:01:33.417+0000] {logging_mixin.py:188} INFO - [2026-05-12T01:01:33.417+0000] {dag.py:3954} INFO - Setting next_dagrun for job_intelligent_pipeline_simplified to 2026-05-11 06:00:00+00:00, run_after=2026-05-12 06:00:00+00:00
[2026-05-12T01:01:33.566+0000] {processor.py:183} INFO - Processing /opt/airflow/dags/__pycache__/job_intelligent_pipeline.py took 0.693 seconds
[2026-05-12T01:02:03.923+0000] {processor.py:161} INFO - Started process (PID=5120) to work on /opt/airflow/dags/__pycache__/job_intelligent_pipeline.py
[2026-05-12T01:02:03.927+0000] {processor.py:830} INFO - Processing file /opt/airflow/dags/__pycache__/job_intelligent_pipeline.py for tasks to queue
[2026-05-12T01:02:03.931+0000] {logging_mixin.py:188} INFO - [2026-05-12T01:02:03.931+0000] {dagbag.py:545} INFO - Filling up the DagBag from /opt/airflow/dags/__pycache__/job_intelligent_pipeline.py
[2026-05-12T01:02:04.045+0000] {processor.py:840} INFO - DAG(s) 'job_intelligent_pipeline_simplified' retrieved from /opt/airflow/dags/__pycache__/job_intelligent_pipeline.py
[2026-05-12T01:02:04.254+0000] {logging_mixin.py:188} INFO - [2026-05-12T01:02:04.253+0000] {dag.py:3096} INFO - Sync 1 DAGs
[2026-05-12T01:02:04.464+0000] {logging_mixin.py:188} INFO - [2026-05-12T01:02:04.464+0000] {dag.py:3954} INFO - Setting next_dagrun for job_intelligent_pipeline_simplified to 2026-05-11 06:00:00+00:00, run_after=2026-05-12 06:00:00+00:00
[2026-05-12T01:02:04.625+0000] {processor.py:183} INFO - Processing /opt/airflow/dags/__pycache__/job_intelligent_pipeline.py took 0.726 seconds
[2026-05-12T01:02:35.214+0000] {processor.py:161} INFO - Started process (PID=5133) to work on /opt/airflow/dags/__pycache__/job_intelligent_pipeline.py
[2026-05-12T01:02:35.216+0000] {processor.py:830} INFO - Processing file /opt/airflow/dags/__pycache__/job_intelligent_pipeline.py for tasks to queue
[2026-05-12T01:02:35.222+0000] {logging_mixin.py:188} INFO - [2026-05-12T01:02:35.222+0000] {dagbag.py:545} INFO - Filling up the DagBag from /opt/airflow/dags/__pycache__/job_intelligent_pipeline.py
[2026-05-12T01:02:35.684+0000] {processor.py:840} INFO - DAG(s) 'job_intelligent_pipeline_simplified' retrieved from /opt/airflow/dags/__pycache__/job_intelligent_pipeline.py
[2026-05-12T01:02:36.163+0000] {logging_mixin.py:188} INFO - [2026-05-12T01:02:36.162+0000] {dag.py:3096} INFO - Sync 1 DAGs
[2026-05-12T01:02:36.521+0000] {logging_mixin.py:188} INFO - [2026-05-12T01:02:36.520+0000] {dag.py:3954} INFO - Setting next_dagrun for job_intelligent_pipeline_simplified to 2026-05-11 06:00:00+00:00, run_after=2026-05-12 06:00:00+00:00
[2026-05-12T01:02:36.682+0000] {processor.py:183} INFO - Processing /opt/airflow/dags/__pycache__/job_intelligent_pipeline.py took 1.524 seconds
[2026-05-12T01:03:07.589+0000] {processor.py:161} INFO - Started process (PID=5145) to work on /opt/airflow/dags/__pycache__/job_intelligent_pipeline.py
[2026-05-12T01:03:07.591+0000] {processor.py:830} INFO - Processing file /opt/airflow/dags/__pycache__/job_intelligent_pipeline.py for tasks to queue
[2026-05-12T01:03:07.596+0000] {logging_mixin.py:188} INFO - [2026-05-12T01:03:07.595+0000] {dagbag.py:545} INFO - Filling up the DagBag from /opt/airflow/dags/__pycache__/job_intelligent_pipeline.py
[2026-05-12T01:03:07.679+0000] {processor.py:840} INFO - DAG(s) 'job_intelligent_pipeline_simplified' retrieved from /opt/airflow/dags/__pycache__/job_intelligent_pipeline.py
[2026-05-12T01:03:07.810+0000] {logging_mixin.py:188} INFO - [2026-05-12T01:03:07.809+0000] {dag.py:3096} INFO - Sync 1 DAGs
[2026-05-12T01:03:07.928+0000] {logging_mixin.py:188} INFO - [2026-05-12T01:03:07.928+0000] {dag.py:3954} INFO - Setting next_dagrun for job_intelligent_pipeline_simplified to 2026-05-11 06:00:00+00:00, run_after=2026-05-12 06:00:00+00:00
[2026-05-12T01:03:08.108+0000] {processor.py:183} INFO - Processing /opt/airflow/dags/__pycache__/job_intelligent_pipeline.py took 0.531 seconds
[2026-05-12T01:03:38.452+0000] {processor.py:161} INFO - Started process (PID=5152) to work on /opt/airflow/dags/__pycache__/job_intelligent_pipeline.py
[2026-05-12T01:03:38.454+0000] {processor.py:830} INFO - Processing file /opt/airflow/dags/__pycache__/job_intelligent_pipeline.py for tasks to queue
[2026-05-12T01:03:38.461+0000] {logging_mixin.py:188} INFO - [2026-05-12T01:03:38.459+0000] {dagbag.py:545} INFO - Filling up the DagBag from /opt/airflow/dags/__pycache__/job_intelligent_pipeline.py
[2026-05-12T01:03:38.569+0000] {processor.py:840} INFO - DAG(s) 'job_intelligent_pipeline_simplified' retrieved from /opt/airflow/dags/__pycache__/job_intelligent_pipeline.py
[2026-05-12T01:03:38.950+0000] {logging_mixin.py:188} INFO - [2026-05-12T01:03:38.947+0000] {dag.py:3096} INFO - Sync 1 DAGs
[2026-05-12T01:03:39.026+0000] {logging_mixin.py:188} INFO - [2026-05-12T01:03:39.025+0000] {dag.py:3954} INFO - Setting next_dagrun for job_intelligent_pipeline_simplified to 2026-05-11 06:00:00+00:00, run_after=2026-05-12 06:00:00+00:00
[2026-05-12T01:03:39.083+0000] {processor.py:183} INFO - Processing /opt/airflow/dags/__pycache__/job_intelligent_pipeline.py took 0.652 seconds
[2026-05-12T01:04:09.609+0000] {processor.py:161} INFO - Started process (PID=5165) to work on /opt/airflow/dags/__pycache__/job_intelligent_pipeline.py
[2026-05-12T01:04:09.613+0000] {processor.py:830} INFO - Processing file /opt/airflow/dags/__pycache__/job_intelligent_pipeline.py for tasks to queue
[2026-05-12T01:04:09.618+0000] {logging_mixin.py:188} INFO - [2026-05-12T01:04:09.617+0000] {dagbag.py:545} INFO - Filling up the DagBag from /opt/airflow/dags/__pycache__/job_intelligent_pipeline.py
[2026-05-12T01:04:09.729+0000] {processor.py:840} INFO - DAG(s) 'job_intelligent_pipeline_simplified' retrieved from /opt/airflow/dags/__pycache__/job_intelligent_pipeline.py
[2026-05-12T01:04:09.979+0000] {logging_mixin.py:188} INFO - [2026-05-12T01:04:09.979+0000] {dag.py:3096} INFO - Sync 1 DAGs
[2026-05-12T01:04:10.169+0000] {logging_mixin.py:188} INFO - [2026-05-12T01:04:10.168+0000] {dag.py:3954} INFO - Setting next_dagrun for job_intelligent_pipeline_simplified to 2026-05-11 06:00:00+00:00, run_after=2026-05-12 06:00:00+00:00
[2026-05-12T01:04:10.246+0000] {processor.py:183} INFO - Processing /opt/airflow/dags/__pycache__/job_intelligent_pipeline.py took 0.670 seconds
[2026-05-12T01:04:40.968+0000] {processor.py:161} INFO - Started process (PID=5171) to work on /opt/airflow/dags/__pycache__/job_intelligent_pipeline.py
[2026-05-12T01:04:40.970+0000] {processor.py:830} INFO - Processing file /opt/airflow/dags/__pycache__/job_intelligent_pipeline.py for tasks to queue
[2026-05-12T01:04:40.991+0000] {logging_mixin.py:188} INFO - [2026-05-12T01:04:40.990+0000] {dagbag.py:545} INFO - Filling up the DagBag from /opt/airflow/dags/__pycache__/job_intelligent_pipeline.py
[2026-05-12T01:04:41.124+0000] {processor.py:840} INFO - DAG(s) 'job_intelligent_pipeline_simplified' retrieved from /opt/airflow/dags/__pycache__/job_intelligent_pipeline.py
[2026-05-12T01:04:41.315+0000] {logging_mixin.py:188} INFO - [2026-05-12T01:04:41.314+0000] {dag.py:3096} INFO - Sync 1 DAGs
[2026-05-12T01:04:41.446+0000] {logging_mixin.py:188} INFO - [2026-05-12T01:04:41.445+0000] {dag.py:3954} INFO - Setting next_dagrun for job_intelligent_pipeline_simplified to 2026-05-11 06:00:00+00:00, run_after=2026-05-12 06:00:00+00:00
[2026-05-12T01:04:41.592+0000] {processor.py:183} INFO - Processing /opt/airflow/dags/__pycache__/job_intelligent_pipeline.py took 0.657 seconds
[2026-05-12T01:05:12.470+0000] {processor.py:161} INFO - Started process (PID=5185) to work on /opt/airflow/dags/__pycache__/job_intelligent_pipeline.py
[2026-05-12T01:05:12.472+0000] {processor.py:830} INFO - Processing file /opt/airflow/dags/__pycache__/job_intelligent_pipeline.py for tasks to queue
[2026-05-12T01:05:12.487+0000] {logging_mixin.py:188} INFO - [2026-05-12T01:05:12.486+0000] {dagbag.py:545} INFO - Filling up the DagBag from /opt/airflow/dags/__pycache__/job_intelligent_pipeline.py
[2026-05-12T01:05:12.618+0000] {processor.py:840} INFO - DAG(s) 'job_intelligent_pipeline_simplified' retrieved from /opt/airflow/dags/__pycache__/job_intelligent_pipeline.py
[2026-05-12T01:05:12.875+0000] {logging_mixin.py:188} INFO - [2026-05-12T01:05:12.875+0000] {dag.py:3096} INFO - Sync 1 DAGs
[2026-05-12T01:05:13.101+0000] {logging_mixin.py:188} INFO - [2026-05-12T01:05:13.101+0000] {dag.py:3954} INFO - Setting next_dagrun for job_intelligent_pipeline_simplified to 2026-05-11 06:00:00+00:00, run_after=2026-05-12 06:00:00+00:00
[2026-05-12T01:05:13.324+0000] {processor.py:183} INFO - Processing /opt/airflow/dags/__pycache__/job_intelligent_pipeline.py took 0.895 seconds
[2026-05-12T01:05:43.568+0000] {processor.py:161} INFO - Started process (PID=5192) to work on /opt/airflow/dags/__pycache__/job_intelligent_pipeline.py
[2026-05-12T01:05:43.570+0000] {processor.py:830} INFO - Processing file /opt/airflow/dags/__pycache__/job_intelligent_pipeline.py for tasks to queue
[2026-05-12T01:05:43.573+0000] {logging_mixin.py:188} INFO - [2026-05-12T01:05:43.573+0000] {dagbag.py:545} INFO - Filling up the DagBag from /opt/airflow/dags/__pycache__/job_intelligent_pipeline.py
[2026-05-12T01:05:43.627+0000] {processor.py:840} INFO - DAG(s) 'job_intelligent_pipeline_simplified' retrieved from /opt/airflow/dags/__pycache__/job_intelligent_pipeline.py
[2026-05-12T01:05:43.709+0000] {logging_mixin.py:188} INFO - [2026-05-12T01:05:43.709+0000] {dag.py:3096} INFO - Sync 1 DAGs
[2026-05-12T01:05:43.820+0000] {logging_mixin.py:188} INFO - [2026-05-12T01:05:43.819+0000] {dag.py:3954} INFO - Setting next_dagrun for job_intelligent_pipeline_simplified to 2026-05-11 06:00:00+00:00, run_after=2026-05-12 06:00:00+00:00
[2026-05-12T01:05:43.974+0000] {processor.py:183} INFO - Processing /opt/airflow/dags/__pycache__/job_intelligent_pipeline.py took 0.429 seconds
[2026-05-12T01:06:14.865+0000] {processor.py:161} INFO - Started process (PID=5205) to work on /opt/airflow/dags/__pycache__/job_intelligent_pipeline.py
[2026-05-12T01:06:14.867+0000] {processor.py:830} INFO - Processing file /opt/airflow/dags/__pycache__/job_intelligent_pipeline.py for tasks to queue
[2026-05-12T01:06:14.881+0000] {logging_mixin.py:188} INFO - [2026-05-12T01:06:14.880+0000] {dagbag.py:545} INFO - Filling up the DagBag from /opt/airflow/dags/__pycache__/job_intelligent_pipeline.py
[2026-05-12T01:06:14.977+0000] {processor.py:840} INFO - DAG(s) 'job_intelligent_pipeline_simplified' retrieved from /opt/airflow/dags/__pycache__/job_intelligent_pipeline.py
[2026-05-12T01:06:15.212+0000] {logging_mixin.py:188} INFO - [2026-05-12T01:06:15.211+0000] {dag.py:3096} INFO - Sync 1 DAGs
[2026-05-12T01:06:15.320+0000] {logging_mixin.py:188} INFO - [2026-05-12T01:06:15.317+0000] {dag.py:3954} INFO - Setting next_dagrun for job_intelligent_pipeline_simplified to 2026-05-11 06:00:00+00:00, run_after=2026-05-12 06:00:00+00:00
[2026-05-12T01:06:15.415+0000] {processor.py:183} INFO - Processing /opt/airflow/dags/__pycache__/job_intelligent_pipeline.py took 0.597 seconds
[2026-05-12T01:06:45.832+0000] {processor.py:161} INFO - Started process (PID=5212) to work on /opt/airflow/dags/__pycache__/job_intelligent_pipeline.py
[2026-05-12T01:06:45.836+0000] {processor.py:830} INFO - Processing file /opt/airflow/dags/__pycache__/job_intelligent_pipeline.py for tasks to queue
[2026-05-12T01:06:45.841+0000] {logging_mixin.py:188} INFO - [2026-05-12T01:06:45.840+0000] {dagbag.py:545} INFO - Filling up the DagBag from /opt/airflow/dags/__pycache__/job_intelligent_pipeline.py
[2026-05-12T01:06:45.929+0000] {processor.py:840} INFO - DAG(s) 'job_intelligent_pipeline_simplified' retrieved from /opt/airflow/dags/__pycache__/job_intelligent_pipeline.py
[2026-05-12T01:06:46.206+0000] {logging_mixin.py:188} INFO - [2026-05-12T01:06:46.205+0000] {dag.py:3096} INFO - Sync 1 DAGs
[2026-05-12T01:06:46.378+0000] {logging_mixin.py:188} INFO - [2026-05-12T01:06:46.377+0000] {dag.py:3954} INFO - Setting next_dagrun for job_intelligent_pipeline_simplified to 2026-05-11 06:00:00+00:00, run_after=2026-05-12 06:00:00+00:00
[2026-05-12T01:06:46.554+0000] {processor.py:183} INFO - Processing /opt/airflow/dags/__pycache__/job_intelligent_pipeline.py took 0.746 seconds
[2026-05-12T01:07:17.385+0000] {processor.py:161} INFO - Started process (PID=5225) to work on /opt/airflow/dags/__pycache__/job_intelligent_pipeline.py
[2026-05-12T01:07:17.387+0000] {processor.py:830} INFO - Processing file /opt/airflow/dags/__pycache__/job_intelligent_pipeline.py for tasks to queue
[2026-05-12T01:07:17.390+0000] {logging_mixin.py:188} INFO - [2026-05-12T01:07:17.390+0000] {dagbag.py:545} INFO - Filling up the DagBag from /opt/airflow/dags/__pycache__/job_intelligent_pipeline.py
[2026-05-12T01:07:17.438+0000] {processor.py:840} INFO - DAG(s) 'job_intelligent_pipeline_simplified' retrieved from /opt/airflow/dags/__pycache__/job_intelligent_pipeline.py
[2026-05-12T01:07:17.513+0000] {logging_mixin.py:188} INFO - [2026-05-12T01:07:17.512+0000] {dag.py:3096} INFO - Sync 1 DAGs
[2026-05-12T01:07:17.610+0000] {logging_mixin.py:188} INFO - [2026-05-12T01:07:17.610+0000] {dag.py:3954} INFO - Setting next_dagrun for job_intelligent_pipeline_simplified to 2026-05-11 06:00:00+00:00, run_after=2026-05-12 06:00:00+00:00
[2026-05-12T01:07:17.709+0000] {processor.py:183} INFO - Processing /opt/airflow/dags/__pycache__/job_intelligent_pipeline.py took 0.336 seconds
[2026-05-12T01:07:47.879+0000] {processor.py:161} INFO - Started process (PID=5232) to work on /opt/airflow/dags/__pycache__/job_intelligent_pipeline.py
[2026-05-12T01:07:47.882+0000] {processor.py:830} INFO - Processing file /opt/airflow/dags/__pycache__/job_intelligent_pipeline.py for tasks to queue
[2026-05-12T01:07:47.887+0000] {logging_mixin.py:188} INFO - [2026-05-12T01:07:47.886+0000] {dagbag.py:545} INFO - Filling up the DagBag from /opt/airflow/dags/__pycache__/job_intelligent_pipeline.py
[2026-05-12T01:07:47.940+0000] {processor.py:840} INFO - DAG(s) 'job_intelligent_pipeline_simplified' retrieved from /opt/airflow/dags/__pycache__/job_intelligent_pipeline.py
[2026-05-12T01:07:48.025+0000] {logging_mixin.py:188} INFO - [2026-05-12T01:07:48.024+0000] {dag.py:3096} INFO - Sync 1 DAGs
[2026-05-12T01:07:48.086+0000] {logging_mixin.py:188} INFO - [2026-05-12T01:07:48.085+0000] {dag.py:3954} INFO - Setting next_dagrun for job_intelligent_pipeline_simplified to 2026-05-11 06:00:00+00:00, run_after=2026-05-12 06:00:00+00:00
[2026-05-12T01:07:48.226+0000] {processor.py:183} INFO - Processing /opt/airflow/dags/__pycache__/job_intelligent_pipeline.py took 0.366 seconds
[2026-05-12T01:08:19.321+0000] {processor.py:161} INFO - Started process (PID=5246) to work on /opt/airflow/dags/__pycache__/job_intelligent_pipeline.py
[2026-05-12T01:08:19.324+0000] {processor.py:830} INFO - Processing file /opt/airflow/dags/__pycache__/job_intelligent_pipeline.py for tasks to queue
[2026-05-12T01:08:19.335+0000] {logging_mixin.py:188} INFO - [2026-05-12T01:08:19.330+0000] {dagbag.py:545} INFO - Filling up the DagBag from /opt/airflow/dags/__pycache__/job_intelligent_pipeline.py
[2026-05-12T01:08:19.480+0000] {processor.py:840} INFO - DAG(s) 'job_intelligent_pipeline_simplified' retrieved from /opt/airflow/dags/__pycache__/job_intelligent_pipeline.py
[2026-05-12T01:08:19.780+0000] {logging_mixin.py:188} INFO - [2026-05-12T01:08:19.778+0000] {dag.py:3096} INFO - Sync 1 DAGs
[2026-05-12T01:08:20.011+0000] {logging_mixin.py:188} INFO - [2026-05-12T01:08:20.010+0000] {dag.py:3954} INFO - Setting next_dagrun for job_intelligent_pipeline_simplified to 2026-05-11 06:00:00+00:00, run_after=2026-05-12 06:00:00+00:00
[2026-05-12T01:08:20.131+0000] {processor.py:183} INFO - Processing /opt/airflow/dags/__pycache__/job_intelligent_pipeline.py took 0.861 seconds
[2026-05-12T01:08:50.306+0000] {processor.py:161} INFO - Started process (PID=5253) to work on /opt/airflow/dags/__pycache__/job_intelligent_pipeline.py
[2026-05-12T01:08:50.308+0000] {processor.py:830} INFO - Processing file /opt/airflow/dags/__pycache__/job_intelligent_pipeline.py for tasks to queue
[2026-05-12T01:08:50.313+0000] {logging_mixin.py:188} INFO - [2026-05-12T01:08:50.312+0000] {dagbag.py:545} INFO - Filling up the DagBag from /opt/airflow/dags/__pycache__/job_intelligent_pipeline.py
[2026-05-12T01:08:50.357+0000] {processor.py:840} INFO - DAG(s) 'job_intelligent_pipeline_simplified' retrieved from /opt/airflow/dags/__pycache__/job_intelligent_pipeline.py
[2026-05-12T01:08:50.439+0000] {logging_mixin.py:188} INFO - [2026-05-12T01:08:50.439+0000] {dag.py:3096} INFO - Sync 1 DAGs
[2026-05-12T01:08:50.493+0000] {logging_mixin.py:188} INFO - [2026-05-12T01:08:50.493+0000] {dag.py:3954} INFO - Setting next_dagrun for job_intelligent_pipeline_simplified to 2026-05-11 06:00:00+00:00, run_after=2026-05-12 06:00:00+00:00
[2026-05-12T01:08:50.531+0000] {processor.py:183} INFO - Processing /opt/airflow/dags/__pycache__/job_intelligent_pipeline.py took 0.240 seconds
[2026-05-12T01:09:20.733+0000] {processor.py:161} INFO - Started process (PID=5266) to work on /opt/airflow/dags/__pycache__/job_intelligent_pipeline.py
[2026-05-12T01:09:20.735+0000] {processor.py:830} INFO - Processing file /opt/airflow/dags/__pycache__/job_intelligent_pipeline.py for tasks to queue
[2026-05-12T01:09:20.738+0000] {logging_mixin.py:188} INFO - [2026-05-12T01:09:20.737+0000] {dagbag.py:545} INFO - Filling up the DagBag from /opt/airflow/dags/__pycache__/job_intelligent_pipeline.py
[2026-05-12T01:09:20.815+0000] {processor.py:840} INFO - DAG(s) 'job_intelligent_pipeline_simplified' retrieved from /opt/airflow/dags/__pycache__/job_intelligent_pipeline.py
[2026-05-12T01:09:20.934+0000] {logging_mixin.py:188} INFO - [2026-05-12T01:09:20.933+0000] {dag.py:3096} INFO - Sync 1 DAGs
[2026-05-12T01:09:20.987+0000] {logging_mixin.py:188} INFO - [2026-05-12T01:09:20.987+0000] {dag.py:3954} INFO - Setting next_dagrun for job_intelligent_pipeline_simplified to 2026-05-11 06:00:00+00:00, run_after=2026-05-12 06:00:00+00:00
[2026-05-12T01:09:21.035+0000] {processor.py:183} INFO - Processing /opt/airflow/dags/__pycache__/job_intelligent_pipeline.py took 0.315 seconds
[2026-05-12T01:09:52.259+0000] {processor.py:161} INFO - Started process (PID=5279) to work on /opt/airflow/dags/__pycache__/job_intelligent_pipeline.py
[2026-05-12T01:09:52.262+0000] {processor.py:830} INFO - Processing file /opt/airflow/dags/__pycache__/job_intelligent_pipeline.py for tasks to queue
[2026-05-12T01:09:52.267+0000] {logging_mixin.py:188} INFO - [2026-05-12T01:09:52.265+0000] {dagbag.py:545} INFO - Filling up the DagBag from /opt/airflow/dags/__pycache__/job_intelligent_pipeline.py
[2026-05-12T01:09:52.935+0000] {processor.py:840} INFO - DAG(s) 'job_intelligent_pipeline_simplified' retrieved from /opt/airflow/dags/__pycache__/job_intelligent_pipeline.py
[2026-05-12T01:09:53.104+0000] {logging_mixin.py:188} INFO - [2026-05-12T01:09:53.104+0000] {dag.py:3096} INFO - Sync 1 DAGs
[2026-05-12T01:09:53.266+0000] {logging_mixin.py:188} INFO - [2026-05-12T01:09:53.265+0000] {dag.py:3954} INFO - Setting next_dagrun for job_intelligent_pipeline_simplified to 2026-05-11 06:00:00+00:00, run_after=2026-05-12 06:00:00+00:00
[2026-05-12T01:09:53.395+0000] {processor.py:183} INFO - Processing /opt/airflow/dags/__pycache__/job_intelligent_pipeline.py took 1.160 seconds
[2026-05-12T01:10:23.569+0000] {processor.py:161} INFO - Started process (PID=5287) to work on /opt/airflow/dags/__pycache__/job_intelligent_pipeline.py
[2026-05-12T01:10:23.572+0000] {processor.py:830} INFO - Processing file /opt/airflow/dags/__pycache__/job_intelligent_pipeline.py for tasks to queue
[2026-05-12T01:10:23.586+0000] {logging_mixin.py:188} INFO - [2026-05-12T01:10:23.576+0000] {dagbag.py:545} INFO - Filling up the DagBag from /opt/airflow/dags/__pycache__/job_intelligent_pipeline.py
[2026-05-12T01:10:23.703+0000] {processor.py:840} INFO - DAG(s) 'job_intelligent_pipeline_simplified' retrieved from /opt/airflow/dags/__pycache__/job_intelligent_pipeline.py
[2026-05-12T01:10:23.893+0000] {logging_mixin.py:188} INFO - [2026-05-12T01:10:23.892+0000] {dag.py:3096} INFO - Sync 1 DAGs
[2026-05-12T01:10:24.068+0000] {logging_mixin.py:188} INFO - [2026-05-12T01:10:24.067+0000] {dag.py:3954} INFO - Setting next_dagrun for job_intelligent_pipeline_simplified to 2026-05-11 06:00:00+00:00, run_after=2026-05-12 06:00:00+00:00
[2026-05-12T01:10:24.285+0000] {processor.py:183} INFO - Processing /opt/airflow/dags/__pycache__/job_intelligent_pipeline.py took 0.737 seconds
[2026-05-12T01:10:55.369+0000] {processor.py:161} INFO - Started process (PID=5300) to work on /opt/airflow/dags/__pycache__/job_intelligent_pipeline.py
[2026-05-12T01:10:55.372+0000] {processor.py:830} INFO - Processing file /opt/airflow/dags/__pycache__/job_intelligent_pipeline.py for tasks to queue
[2026-05-12T01:10:55.377+0000] {logging_mixin.py:188} INFO - [2026-05-12T01:10:55.376+0000] {dagbag.py:545} INFO - Filling up the DagBag from /opt/airflow/dags/__pycache__/job_intelligent_pipeline.py
[2026-05-12T01:10:55.484+0000] {processor.py:840} INFO - DAG(s) 'job_intelligent_pipeline_simplified' retrieved from /opt/airflow/dags/__pycache__/job_intelligent_pipeline.py
[2026-05-12T01:10:55.574+0000] {logging_mixin.py:188} INFO - [2026-05-12T01:10:55.574+0000] {dag.py:3096} INFO - Sync 1 DAGs
[2026-05-12T01:10:55.626+0000] {logging_mixin.py:188} INFO - [2026-05-12T01:10:55.626+0000] {dag.py:3954} INFO - Setting next_dagrun for job_intelligent_pipeline_simplified to 2026-05-11 06:00:00+00:00, run_after=2026-05-12 06:00:00+00:00
[2026-05-12T01:10:55.669+0000] {processor.py:183} INFO - Processing /opt/airflow/dags/__pycache__/job_intelligent_pipeline.py took 0.326 seconds
[2026-05-12T01:11:26.387+0000] {processor.py:161} INFO - Started process (PID=5307) to work on /opt/airflow/dags/__pycache__/job_intelligent_pipeline.py
[2026-05-12T01:11:26.389+0000] {processor.py:830} INFO - Processing file /opt/airflow/dags/__pycache__/job_intelligent_pipeline.py for tasks to queue
[2026-05-12T01:11:26.393+0000] {logging_mixin.py:188} INFO - [2026-05-12T01:11:26.393+0000] {dagbag.py:545} INFO - Filling up the DagBag from /opt/airflow/dags/__pycache__/job_intelligent_pipeline.py
[2026-05-12T01:11:26.461+0000] {processor.py:840} INFO - DAG(s) 'job_intelligent_pipeline_simplified' retrieved from /opt/airflow/dags/__pycache__/job_intelligent_pipeline.py
[2026-05-12T01:11:26.531+0000] {logging_mixin.py:188} INFO - [2026-05-12T01:11:26.530+0000] {dag.py:3096} INFO - Sync 1 DAGs
[2026-05-12T01:11:26.632+0000] {logging_mixin.py:188} INFO - [2026-05-12T01:11:26.631+0000] {dag.py:3954} INFO - Setting next_dagrun for job_intelligent_pipeline_simplified to 2026-05-11 06:00:00+00:00, run_after=2026-05-12 06:00:00+00:00
[2026-05-12T01:11:26.714+0000] {processor.py:183} INFO - Processing /opt/airflow/dags/__pycache__/job_intelligent_pipeline.py took 0.346 seconds
[2026-05-12T01:11:57.723+0000] {processor.py:161} INFO - Started process (PID=5320) to work on /opt/airflow/dags/__pycache__/job_intelligent_pipeline.py
[2026-05-12T01:11:57.726+0000] {processor.py:830} INFO - Processing file /opt/airflow/dags/__pycache__/job_intelligent_pipeline.py for tasks to queue
[2026-05-12T01:11:57.732+0000] {logging_mixin.py:188} INFO - [2026-05-12T01:11:57.730+0000] {dagbag.py:545} INFO - Filling up the DagBag from /opt/airflow/dags/__pycache__/job_intelligent_pipeline.py
[2026-05-12T01:11:57.918+0000] {processor.py:840} INFO - DAG(s) 'job_intelligent_pipeline_simplified' retrieved from /opt/airflow/dags/__pycache__/job_intelligent_pipeline.py
[2026-05-12T01:11:58.000+0000] {logging_mixin.py:188} INFO - [2026-05-12T01:11:57.999+0000] {dag.py:3096} INFO - Sync 1 DAGs
[2026-05-12T01:11:58.084+0000] {logging_mixin.py:188} INFO - [2026-05-12T01:11:58.083+0000] {dag.py:3954} INFO - Setting next_dagrun for job_intelligent_pipeline_simplified to 2026-05-11 06:00:00+00:00, run_after=2026-05-12 06:00:00+00:00
[2026-05-12T01:11:58.167+0000] {processor.py:183} INFO - Processing /opt/airflow/dags/__pycache__/job_intelligent_pipeline.py took 0.456 seconds
[2026-05-12T01:12:28.523+0000] {processor.py:161} INFO - Started process (PID=5327) to work on /opt/airflow/dags/__pycache__/job_intelligent_pipeline.py
[2026-05-12T01:12:28.524+0000] {processor.py:830} INFO - Processing file /opt/airflow/dags/__pycache__/job_intelligent_pipeline.py for tasks to queue
[2026-05-12T01:12:28.528+0000] {logging_mixin.py:188} INFO - [2026-05-12T01:12:28.527+0000] {dagbag.py:545} INFO - Filling up the DagBag from /opt/airflow/dags/__pycache__/job_intelligent_pipeline.py
[2026-05-12T01:12:28.569+0000] {processor.py:840} INFO - DAG(s) 'job_intelligent_pipeline_simplified' retrieved from /opt/airflow/dags/__pycache__/job_intelligent_pipeline.py
[2026-05-12T01:12:28.657+0000] {logging_mixin.py:188} INFO - [2026-05-12T01:12:28.656+0000] {dag.py:3096} INFO - Sync 1 DAGs
[2026-05-12T01:12:28.729+0000] {logging_mixin.py:188} INFO - [2026-05-12T01:12:28.729+0000] {dag.py:3954} INFO - Setting next_dagrun for job_intelligent_pipeline_simplified to 2026-05-11 06:00:00+00:00, run_after=2026-05-12 06:00:00+00:00
[2026-05-12T01:12:28.782+0000] {processor.py:183} INFO - Processing /opt/airflow/dags/__pycache__/job_intelligent_pipeline.py took 0.269 seconds
[2026-05-12T01:12:59.422+0000] {processor.py:161} INFO - Started process (PID=5339) to work on /opt/airflow/dags/__pycache__/job_intelligent_pipeline.py
[2026-05-12T01:12:59.425+0000] {processor.py:830} INFO - Processing file /opt/airflow/dags/__pycache__/job_intelligent_pipeline.py for tasks to queue
[2026-05-12T01:12:59.429+0000] {logging_mixin.py:188} INFO - [2026-05-12T01:12:59.429+0000] {dagbag.py:545} INFO - Filling up the DagBag from /opt/airflow/dags/__pycache__/job_intelligent_pipeline.py
[2026-05-12T01:12:59.516+0000] {processor.py:840} INFO - DAG(s) 'job_intelligent_pipeline_simplified' retrieved from /opt/airflow/dags/__pycache__/job_intelligent_pipeline.py
[2026-05-12T01:12:59.625+0000] {logging_mixin.py:188} INFO - [2026-05-12T01:12:59.625+0000] {dag.py:3096} INFO - Sync 1 DAGs
[2026-05-12T01:12:59.671+0000] {logging_mixin.py:188} INFO - [2026-05-12T01:12:59.671+0000] {dag.py:3954} INFO - Setting next_dagrun for job_intelligent_pipeline_simplified to 2026-05-11 06:00:00+00:00, run_after=2026-05-12 06:00:00+00:00
[2026-05-12T01:12:59.717+0000] {processor.py:183} INFO - Processing /opt/airflow/dags/__pycache__/job_intelligent_pipeline.py took 0.315 seconds
[2026-05-12T01:13:30.420+0000] {processor.py:161} INFO - Started process (PID=5345) to work on /opt/airflow/dags/__pycache__/job_intelligent_pipeline.py
[2026-05-12T01:13:30.421+0000] {processor.py:830} INFO - Processing file /opt/airflow/dags/__pycache__/job_intelligent_pipeline.py for tasks to queue
[2026-05-12T01:13:30.424+0000] {logging_mixin.py:188} INFO - [2026-05-12T01:13:30.423+0000] {dagbag.py:545} INFO - Filling up the DagBag from /opt/airflow/dags/__pycache__/job_intelligent_pipeline.py
[2026-05-12T01:13:30.462+0000] {processor.py:840} INFO - DAG(s) 'job_intelligent_pipeline_simplified' retrieved from /opt/airflow/dags/__pycache__/job_intelligent_pipeline.py
[2026-05-12T01:13:30.524+0000] {logging_mixin.py:188} INFO - [2026-05-12T01:13:30.523+0000] {dag.py:3096} INFO - Sync 1 DAGs
[2026-05-12T01:13:30.576+0000] {logging_mixin.py:188} INFO - [2026-05-12T01:13:30.576+0000] {dag.py:3954} INFO - Setting next_dagrun for job_intelligent_pipeline_simplified to 2026-05-11 06:00:00+00:00, run_after=2026-05-12 06:00:00+00:00
[2026-05-12T01:13:30.633+0000] {processor.py:183} INFO - Processing /opt/airflow/dags/__pycache__/job_intelligent_pipeline.py took 0.224 seconds
[2026-05-12T01:14:01.319+0000] {processor.py:161} INFO - Started process (PID=5358) to work on /opt/airflow/dags/__pycache__/job_intelligent_pipeline.py
[2026-05-12T01:14:01.322+0000] {processor.py:830} INFO - Processing file /opt/airflow/dags/__pycache__/job_intelligent_pipeline.py for tasks to queue
[2026-05-12T01:14:01.328+0000] {logging_mixin.py:188} INFO - [2026-05-12T01:14:01.326+0000] {dagbag.py:545} INFO - Filling up the DagBag from /opt/airflow/dags/__pycache__/job_intelligent_pipeline.py
[2026-05-12T01:14:01.550+0000] {processor.py:840} INFO - DAG(s) 'job_intelligent_pipeline_simplified' retrieved from /opt/airflow/dags/__pycache__/job_intelligent_pipeline.py
[2026-05-12T01:14:01.671+0000] {logging_mixin.py:188} INFO - [2026-05-12T01:14:01.670+0000] {dag.py:3096} INFO - Sync 1 DAGs
[2026-05-12T01:14:01.721+0000] {logging_mixin.py:188} INFO - [2026-05-12T01:14:01.720+0000] {dag.py:3954} INFO - Setting next_dagrun for job_intelligent_pipeline_simplified to 2026-05-11 06:00:00+00:00, run_after=2026-05-12 06:00:00+00:00
[2026-05-12T01:14:01.809+0000] {processor.py:183} INFO - Processing /opt/airflow/dags/__pycache__/job_intelligent_pipeline.py took 0.508 seconds
[2026-05-12T01:14:32.160+0000] {processor.py:161} INFO - Started process (PID=5365) to work on /opt/airflow/dags/__pycache__/job_intelligent_pipeline.py
[2026-05-12T01:14:32.162+0000] {processor.py:830} INFO - Processing file /opt/airflow/dags/__pycache__/job_intelligent_pipeline.py for tasks to queue
[2026-05-12T01:14:32.167+0000] {logging_mixin.py:188} INFO - [2026-05-12T01:14:32.166+0000] {dagbag.py:545} INFO - Filling up the DagBag from /opt/airflow/dags/__pycache__/job_intelligent_pipeline.py
[2026-05-12T01:14:32.219+0000] {processor.py:840} INFO - DAG(s) 'job_intelligent_pipeline_simplified' retrieved from /opt/airflow/dags/__pycache__/job_intelligent_pipeline.py
[2026-05-12T01:14:32.342+0000] {logging_mixin.py:188} INFO - [2026-05-12T01:14:32.341+0000] {dag.py:3096} INFO - Sync 1 DAGs
[2026-05-12T01:14:32.464+0000] {logging_mixin.py:188} INFO - [2026-05-12T01:14:32.464+0000] {dag.py:3954} INFO - Setting next_dagrun for job_intelligent_pipeline_simplified to 2026-05-11 06:00:00+00:00, run_after=2026-05-12 06:00:00+00:00
[2026-05-12T01:14:32.575+0000] {processor.py:183} INFO - Processing /opt/airflow/dags/__pycache__/job_intelligent_pipeline.py took 0.429 seconds
[2026-05-12T01:15:03.477+0000] {processor.py:161} INFO - Started process (PID=5379) to work on /opt/airflow/dags/__pycache__/job_intelligent_pipeline.py
[2026-05-12T01:15:03.479+0000] {processor.py:830} INFO - Processing file /opt/airflow/dags/__pycache__/job_intelligent_pipeline.py for tasks to queue
[2026-05-12T01:15:03.482+0000] {logging_mixin.py:188} INFO - [2026-05-12T01:15:03.482+0000] {dagbag.py:545} INFO - Filling up the DagBag from /opt/airflow/dags/__pycache__/job_intelligent_pipeline.py
[2026-05-12T01:15:03.543+0000] {processor.py:840} INFO - DAG(s) 'job_intelligent_pipeline_simplified' retrieved from /opt/airflow/dags/__pycache__/job_intelligent_pipeline.py
[2026-05-12T01:15:03.614+0000] {logging_mixin.py:188} INFO - [2026-05-12T01:15:03.614+0000] {dag.py:3096} INFO - Sync 1 DAGs
[2026-05-12T01:15:03.746+0000] {logging_mixin.py:188} INFO - [2026-05-12T01:15:03.745+0000] {dag.py:3954} INFO - Setting next_dagrun for job_intelligent_pipeline_simplified to 2026-05-11 06:00:00+00:00, run_after=2026-05-12 06:00:00+00:00
[2026-05-12T01:15:03.839+0000] {processor.py:183} INFO - Processing /opt/airflow/dags/__pycache__/job_intelligent_pipeline.py took 0.377 seconds
[2026-05-12T01:15:34.404+0000] {processor.py:161} INFO - Started process (PID=5386) to work on /opt/airflow/dags/__pycache__/job_intelligent_pipeline.py
[2026-05-12T01:15:34.415+0000] {processor.py:830} INFO - Processing file /opt/airflow/dags/__pycache__/job_intelligent_pipeline.py for tasks to queue
[2026-05-12T01:15:34.440+0000] {logging_mixin.py:188} INFO - [2026-05-12T01:15:34.438+0000] {dagbag.py:545} INFO - Filling up the DagBag from /opt/airflow/dags/__pycache__/job_intelligent_pipeline.py
[2026-05-12T01:15:34.510+0000] {processor.py:840} INFO - DAG(s) 'job_intelligent_pipeline_simplified' retrieved from /opt/airflow/dags/__pycache__/job_intelligent_pipeline.py
[2026-05-12T01:15:34.657+0000] {logging_mixin.py:188} INFO - [2026-05-12T01:15:34.657+0000] {dag.py:3096} INFO - Sync 1 DAGs
[2026-05-12T01:15:34.782+0000] {logging_mixin.py:188} INFO - [2026-05-12T01:15:34.781+0000] {dag.py:3954} INFO - Setting next_dagrun for job_intelligent_pipeline_simplified to 2026-05-11 06:00:00+00:00, run_after=2026-05-12 06:00:00+00:00
[2026-05-12T01:15:34.920+0000] {processor.py:183} INFO - Processing /opt/airflow/dags/__pycache__/job_intelligent_pipeline.py took 0.549 seconds
[2026-05-12T01:16:05.590+0000] {processor.py:161} INFO - Started process (PID=5401) to work on /opt/airflow/dags/__pycache__/job_intelligent_pipeline.py
[2026-05-12T01:16:05.601+0000] {processor.py:830} INFO - Processing file /opt/airflow/dags/__pycache__/job_intelligent_pipeline.py for tasks to queue
[2026-05-12T01:16:05.606+0000] {logging_mixin.py:188} INFO - [2026-05-12T01:16:05.605+0000] {dagbag.py:545} INFO - Filling up the DagBag from /opt/airflow/dags/__pycache__/job_intelligent_pipeline.py
[2026-05-12T01:16:05.707+0000] {processor.py:840} INFO - DAG(s) 'job_intelligent_pipeline_simplified' retrieved from /opt/airflow/dags/__pycache__/job_intelligent_pipeline.py
[2026-05-12T01:16:05.789+0000] {logging_mixin.py:188} INFO - [2026-05-12T01:16:05.788+0000] {dag.py:3096} INFO - Sync 1 DAGs
[2026-05-12T01:16:05.849+0000] {logging_mixin.py:188} INFO - [2026-05-12T01:16:05.849+0000] {dag.py:3954} INFO - Setting next_dagrun for job_intelligent_pipeline_simplified to 2026-05-11 06:00:00+00:00, run_after=2026-05-12 06:00:00+00:00
[2026-05-12T01:16:06.015+0000] {processor.py:183} INFO - Processing /opt/airflow/dags/__pycache__/job_intelligent_pipeline.py took 0.445 seconds
[2026-05-12T01:16:36.146+0000] {processor.py:161} INFO - Started process (PID=5408) to work on /opt/airflow/dags/__pycache__/job_intelligent_pipeline.py
[2026-05-12T01:16:36.147+0000] {processor.py:830} INFO - Processing file /opt/airflow/dags/__pycache__/job_intelligent_pipeline.py for tasks to queue
[2026-05-12T01:16:36.151+0000] {logging_mixin.py:188} INFO - [2026-05-12T01:16:36.150+0000] {dagbag.py:545} INFO - Filling up the DagBag from /opt/airflow/dags/__pycache__/job_intelligent_pipeline.py
[2026-05-12T01:16:36.192+0000] {processor.py:840} INFO - DAG(s) 'job_intelligent_pipeline_simplified' retrieved from /opt/airflow/dags/__pycache__/job_intelligent_pipeline.py
[2026-05-12T01:16:36.257+0000] {logging_mixin.py:188} INFO - [2026-05-12T01:16:36.256+0000] {dag.py:3096} INFO - Sync 1 DAGs
[2026-05-12T01:16:36.306+0000] {logging_mixin.py:188} INFO - [2026-05-12T01:16:36.305+0000] {dag.py:3954} INFO - Setting next_dagrun for job_intelligent_pipeline_simplified to 2026-05-11 06:00:00+00:00, run_after=2026-05-12 06:00:00+00:00
[2026-05-12T01:16:36.355+0000] {processor.py:183} INFO - Processing /opt/airflow/dags/__pycache__/job_intelligent_pipeline.py took 0.219 seconds
