[2026-04-16T11:47:59.403+0000] {processor.py:161} INFO - Started process (PID=90) to work on /opt/airflow/dags/DagScraper.py
[2026-04-16T11:47:59.406+0000] {processor.py:830} INFO - Processing file /opt/airflow/dags/DagScraper.py for tasks to queue
[2026-04-16T11:47:59.420+0000] {logging_mixin.py:188} INFO - [2026-04-16T11:47:59.419+0000] {dagbag.py:545} INFO - Filling up the DagBag from /opt/airflow/dags/DagScraper.py
[2026-04-16T11:47:59.788+0000] {processor.py:840} INFO - DAG(s) 'dag_scraping_offres_emploi' retrieved from /opt/airflow/dags/DagScraper.py
[2026-04-16T11:48:05.142+0000] {logging_mixin.py:188} INFO - [2026-04-16T11:48:05.142+0000] {dag.py:3096} INFO - Sync 1 DAGs
[2026-04-16T11:48:05.472+0000] {logging_mixin.py:188} INFO - [2026-04-16T11:48:05.471+0000] {dag.py:3954} INFO - Setting next_dagrun for dag_scraping_offres_emploi to 2026-04-16 00:00:00+00:00, run_after=2026-04-16 06:00:00+00:00
[2026-04-16T11:48:06.296+0000] {processor.py:183} INFO - Processing /opt/airflow/dags/DagScraper.py took 6.928 seconds
[2026-04-16T11:48:37.028+0000] {processor.py:161} INFO - Started process (PID=105) to work on /opt/airflow/dags/DagScraper.py
[2026-04-16T11:48:37.034+0000] {processor.py:830} INFO - Processing file /opt/airflow/dags/DagScraper.py for tasks to queue
[2026-04-16T11:48:37.039+0000] {logging_mixin.py:188} INFO - [2026-04-16T11:48:37.038+0000] {dagbag.py:545} INFO - Filling up the DagBag from /opt/airflow/dags/DagScraper.py
[2026-04-16T11:48:37.119+0000] {processor.py:840} INFO - DAG(s) 'dag_scraping_offres_emploi' retrieved from /opt/airflow/dags/DagScraper.py
[2026-04-16T11:48:37.325+0000] {logging_mixin.py:188} INFO - [2026-04-16T11:48:37.314+0000] {dag.py:3096} INFO - Sync 1 DAGs
[2026-04-16T11:48:37.581+0000] {logging_mixin.py:188} INFO - [2026-04-16T11:48:37.581+0000] {dag.py:3954} INFO - Setting next_dagrun for dag_scraping_offres_emploi to 2026-04-16 00:00:00+00:00, run_after=2026-04-16 06:00:00+00:00
[2026-04-16T11:48:38.017+0000] {processor.py:183} INFO - Processing /opt/airflow/dags/DagScraper.py took 1.018 seconds
[2026-04-16T11:49:10.318+0000] {processor.py:161} INFO - Started process (PID=119) to work on /opt/airflow/dags/DagScraper.py
[2026-04-16T11:49:10.504+0000] {processor.py:830} INFO - Processing file /opt/airflow/dags/DagScraper.py for tasks to queue
[2026-04-16T11:49:10.567+0000] {logging_mixin.py:188} INFO - [2026-04-16T11:49:10.551+0000] {dagbag.py:545} INFO - Filling up the DagBag from /opt/airflow/dags/DagScraper.py
[2026-04-16T11:49:11.822+0000] {processor.py:840} INFO - DAG(s) 'dag_scraping_offres_emploi' retrieved from /opt/airflow/dags/DagScraper.py
[2026-04-16T11:49:12.623+0000] {logging_mixin.py:188} INFO - [2026-04-16T11:49:12.610+0000] {dag.py:3096} INFO - Sync 1 DAGs
[2026-04-16T11:49:13.219+0000] {logging_mixin.py:188} INFO - [2026-04-16T11:49:13.218+0000] {dag.py:3954} INFO - Setting next_dagrun for dag_scraping_offres_emploi to 2026-04-16 00:00:00+00:00, run_after=2026-04-16 06:00:00+00:00
[2026-04-16T11:49:14.078+0000] {processor.py:183} INFO - Processing /opt/airflow/dags/DagScraper.py took 3.838 seconds
[2026-04-16T11:49:45.035+0000] {processor.py:161} INFO - Started process (PID=127) to work on /opt/airflow/dags/DagScraper.py
[2026-04-16T11:49:45.040+0000] {processor.py:830} INFO - Processing file /opt/airflow/dags/DagScraper.py for tasks to queue
[2026-04-16T11:49:45.056+0000] {logging_mixin.py:188} INFO - [2026-04-16T11:49:45.055+0000] {dagbag.py:545} INFO - Filling up the DagBag from /opt/airflow/dags/DagScraper.py
[2026-04-16T11:49:45.383+0000] {processor.py:840} INFO - DAG(s) 'dag_scraping_offres_emploi' retrieved from /opt/airflow/dags/DagScraper.py
[2026-04-16T11:49:45.889+0000] {logging_mixin.py:188} INFO - [2026-04-16T11:49:45.889+0000] {dag.py:3096} INFO - Sync 1 DAGs
[2026-04-16T11:49:46.136+0000] {logging_mixin.py:188} INFO - [2026-04-16T11:49:46.135+0000] {dag.py:3954} INFO - Setting next_dagrun for dag_scraping_offres_emploi to 2026-04-16 00:00:00+00:00, run_after=2026-04-16 06:00:00+00:00
[2026-04-16T11:49:46.304+0000] {processor.py:183} INFO - Processing /opt/airflow/dags/DagScraper.py took 1.337 seconds
[2026-04-16T11:50:17.062+0000] {processor.py:161} INFO - Started process (PID=140) to work on /opt/airflow/dags/DagScraper.py
[2026-04-16T11:50:17.071+0000] {processor.py:830} INFO - Processing file /opt/airflow/dags/DagScraper.py for tasks to queue
[2026-04-16T11:50:17.075+0000] {logging_mixin.py:188} INFO - [2026-04-16T11:50:17.074+0000] {dagbag.py:545} INFO - Filling up the DagBag from /opt/airflow/dags/DagScraper.py
[2026-04-16T11:50:17.348+0000] {processor.py:840} INFO - DAG(s) 'dag_scraping_offres_emploi' retrieved from /opt/airflow/dags/DagScraper.py
[2026-04-16T11:50:17.546+0000] {logging_mixin.py:188} INFO - [2026-04-16T11:50:17.545+0000] {dag.py:3096} INFO - Sync 1 DAGs
[2026-04-16T11:50:17.677+0000] {logging_mixin.py:188} INFO - [2026-04-16T11:50:17.676+0000] {dag.py:3954} INFO - Setting next_dagrun for dag_scraping_offres_emploi to 2026-04-16 00:00:00+00:00, run_after=2026-04-16 06:00:00+00:00
[2026-04-16T11:50:17.733+0000] {processor.py:183} INFO - Processing /opt/airflow/dags/DagScraper.py took 0.703 seconds
[2026-04-16T11:50:49.230+0000] {processor.py:161} INFO - Started process (PID=154) to work on /opt/airflow/dags/DagScraper.py
[2026-04-16T11:50:49.289+0000] {processor.py:830} INFO - Processing file /opt/airflow/dags/DagScraper.py for tasks to queue
[2026-04-16T11:50:49.308+0000] {logging_mixin.py:188} INFO - [2026-04-16T11:50:49.307+0000] {dagbag.py:545} INFO - Filling up the DagBag from /opt/airflow/dags/DagScraper.py
[2026-04-16T11:50:49.554+0000] {processor.py:840} INFO - DAG(s) 'dag_scraping_offres_emploi' retrieved from /opt/airflow/dags/DagScraper.py
[2026-04-16T11:50:49.778+0000] {logging_mixin.py:188} INFO - [2026-04-16T11:50:49.777+0000] {dag.py:3096} INFO - Sync 1 DAGs
[2026-04-16T11:50:50.008+0000] {logging_mixin.py:188} INFO - [2026-04-16T11:50:50.007+0000] {dag.py:3954} INFO - Setting next_dagrun for dag_scraping_offres_emploi to 2026-04-16 00:00:00+00:00, run_after=2026-04-16 06:00:00+00:00
[2026-04-16T11:50:50.286+0000] {processor.py:183} INFO - Processing /opt/airflow/dags/DagScraper.py took 1.129 seconds
[2026-04-16T11:51:20.493+0000] {processor.py:161} INFO - Started process (PID=162) to work on /opt/airflow/dags/DagScraper.py
[2026-04-16T11:51:20.515+0000] {processor.py:830} INFO - Processing file /opt/airflow/dags/DagScraper.py for tasks to queue
[2026-04-16T11:51:20.522+0000] {logging_mixin.py:188} INFO - [2026-04-16T11:51:20.521+0000] {dagbag.py:545} INFO - Filling up the DagBag from /opt/airflow/dags/DagScraper.py
[2026-04-16T11:51:20.583+0000] {processor.py:840} INFO - DAG(s) 'dag_scraping_offres_emploi' retrieved from /opt/airflow/dags/DagScraper.py
[2026-04-16T11:51:20.740+0000] {logging_mixin.py:188} INFO - [2026-04-16T11:51:20.740+0000] {dag.py:3096} INFO - Sync 1 DAGs
[2026-04-16T11:51:20.800+0000] {logging_mixin.py:188} INFO - [2026-04-16T11:51:20.800+0000] {dag.py:3954} INFO - Setting next_dagrun for dag_scraping_offres_emploi to 2026-04-16 00:00:00+00:00, run_after=2026-04-16 06:00:00+00:00
[2026-04-16T11:51:20.913+0000] {processor.py:183} INFO - Processing /opt/airflow/dags/DagScraper.py took 0.435 seconds
[2026-04-16T11:51:51.584+0000] {processor.py:161} INFO - Started process (PID=175) to work on /opt/airflow/dags/DagScraper.py
[2026-04-16T11:51:51.594+0000] {processor.py:830} INFO - Processing file /opt/airflow/dags/DagScraper.py for tasks to queue
[2026-04-16T11:51:51.639+0000] {logging_mixin.py:188} INFO - [2026-04-16T11:51:51.638+0000] {dagbag.py:545} INFO - Filling up the DagBag from /opt/airflow/dags/DagScraper.py
[2026-04-16T11:51:51.693+0000] {processor.py:840} INFO - DAG(s) 'dag_scraping_offres_emploi' retrieved from /opt/airflow/dags/DagScraper.py
[2026-04-16T11:51:51.847+0000] {logging_mixin.py:188} INFO - [2026-04-16T11:51:51.847+0000] {dag.py:3096} INFO - Sync 1 DAGs
[2026-04-16T11:51:52.395+0000] {logging_mixin.py:188} INFO - [2026-04-16T11:51:52.394+0000] {dag.py:3954} INFO - Setting next_dagrun for dag_scraping_offres_emploi to 2026-04-16 00:00:00+00:00, run_after=2026-04-16 06:00:00+00:00
[2026-04-16T11:51:52.769+0000] {processor.py:183} INFO - Processing /opt/airflow/dags/DagScraper.py took 1.260 seconds
[2026-04-16T11:52:23.201+0000] {processor.py:161} INFO - Started process (PID=182) to work on /opt/airflow/dags/DagScraper.py
[2026-04-16T11:52:23.203+0000] {processor.py:830} INFO - Processing file /opt/airflow/dags/DagScraper.py for tasks to queue
[2026-04-16T11:52:23.206+0000] {logging_mixin.py:188} INFO - [2026-04-16T11:52:23.205+0000] {dagbag.py:545} INFO - Filling up the DagBag from /opt/airflow/dags/DagScraper.py
[2026-04-16T11:52:23.246+0000] {processor.py:840} INFO - DAG(s) 'dag_scraping_offres_emploi' retrieved from /opt/airflow/dags/DagScraper.py
[2026-04-16T11:52:23.435+0000] {logging_mixin.py:188} INFO - [2026-04-16T11:52:23.434+0000] {dag.py:3096} INFO - Sync 1 DAGs
[2026-04-16T11:52:23.586+0000] {logging_mixin.py:188} INFO - [2026-04-16T11:52:23.586+0000] {dag.py:3954} INFO - Setting next_dagrun for dag_scraping_offres_emploi to 2026-04-16 00:00:00+00:00, run_after=2026-04-16 06:00:00+00:00
[2026-04-16T11:52:24.002+0000] {processor.py:183} INFO - Processing /opt/airflow/dags/DagScraper.py took 0.812 seconds
[2026-04-16T11:52:55.476+0000] {processor.py:161} INFO - Started process (PID=195) to work on /opt/airflow/dags/DagScraper.py
[2026-04-16T11:52:55.506+0000] {processor.py:830} INFO - Processing file /opt/airflow/dags/DagScraper.py for tasks to queue
[2026-04-16T11:52:55.525+0000] {logging_mixin.py:188} INFO - [2026-04-16T11:52:55.517+0000] {dagbag.py:545} INFO - Filling up the DagBag from /opt/airflow/dags/DagScraper.py
[2026-04-16T11:52:55.607+0000] {processor.py:840} INFO - DAG(s) 'dag_scraping_offres_emploi' retrieved from /opt/airflow/dags/DagScraper.py
[2026-04-16T11:52:55.702+0000] {logging_mixin.py:188} INFO - [2026-04-16T11:52:55.701+0000] {dag.py:3096} INFO - Sync 1 DAGs
[2026-04-16T11:52:55.772+0000] {logging_mixin.py:188} INFO - [2026-04-16T11:52:55.771+0000] {dag.py:3954} INFO - Setting next_dagrun for dag_scraping_offres_emploi to 2026-04-16 00:00:00+00:00, run_after=2026-04-16 06:00:00+00:00
[2026-04-16T11:52:55.828+0000] {processor.py:183} INFO - Processing /opt/airflow/dags/DagScraper.py took 0.426 seconds
[2026-04-16T11:53:26.764+0000] {processor.py:161} INFO - Started process (PID=203) to work on /opt/airflow/dags/DagScraper.py
[2026-04-16T11:53:26.767+0000] {processor.py:830} INFO - Processing file /opt/airflow/dags/DagScraper.py for tasks to queue
[2026-04-16T11:53:26.773+0000] {logging_mixin.py:188} INFO - [2026-04-16T11:53:26.773+0000] {dagbag.py:545} INFO - Filling up the DagBag from /opt/airflow/dags/DagScraper.py
[2026-04-16T11:53:26.953+0000] {processor.py:840} INFO - DAG(s) 'dag_scraping_offres_emploi' retrieved from /opt/airflow/dags/DagScraper.py
[2026-04-16T11:53:27.076+0000] {logging_mixin.py:188} INFO - [2026-04-16T11:53:27.075+0000] {dag.py:3096} INFO - Sync 1 DAGs
[2026-04-16T11:53:27.186+0000] {logging_mixin.py:188} INFO - [2026-04-16T11:53:27.186+0000] {dag.py:3954} INFO - Setting next_dagrun for dag_scraping_offres_emploi to 2026-04-16 00:00:00+00:00, run_after=2026-04-16 06:00:00+00:00
[2026-04-16T11:53:27.569+0000] {processor.py:183} INFO - Processing /opt/airflow/dags/DagScraper.py took 0.819 seconds
[2026-04-16T11:53:57.849+0000] {processor.py:161} INFO - Started process (PID=217) to work on /opt/airflow/dags/DagScraper.py
[2026-04-16T11:53:57.851+0000] {processor.py:830} INFO - Processing file /opt/airflow/dags/DagScraper.py for tasks to queue
[2026-04-16T11:53:57.857+0000] {logging_mixin.py:188} INFO - [2026-04-16T11:53:57.856+0000] {dagbag.py:545} INFO - Filling up the DagBag from /opt/airflow/dags/DagScraper.py
[2026-04-16T11:53:57.988+0000] {processor.py:840} INFO - DAG(s) 'dag_scraping_offres_emploi' retrieved from /opt/airflow/dags/DagScraper.py
[2026-04-16T11:53:58.189+0000] {logging_mixin.py:188} INFO - [2026-04-16T11:53:58.188+0000] {dag.py:3096} INFO - Sync 1 DAGs
[2026-04-16T11:53:58.275+0000] {logging_mixin.py:188} INFO - [2026-04-16T11:53:58.275+0000] {dag.py:3954} INFO - Setting next_dagrun for dag_scraping_offres_emploi to 2026-04-16 00:00:00+00:00, run_after=2026-04-16 06:00:00+00:00
[2026-04-16T11:53:58.450+0000] {processor.py:183} INFO - Processing /opt/airflow/dags/DagScraper.py took 0.619 seconds
[2026-04-16T11:54:28.773+0000] {processor.py:161} INFO - Started process (PID=225) to work on /opt/airflow/dags/DagScraper.py
[2026-04-16T11:54:28.779+0000] {processor.py:830} INFO - Processing file /opt/airflow/dags/DagScraper.py for tasks to queue
[2026-04-16T11:54:28.785+0000] {logging_mixin.py:188} INFO - [2026-04-16T11:54:28.784+0000] {dagbag.py:545} INFO - Filling up the DagBag from /opt/airflow/dags/DagScraper.py
[2026-04-16T11:54:29.013+0000] {processor.py:840} INFO - DAG(s) 'dag_scraping_offres_emploi' retrieved from /opt/airflow/dags/DagScraper.py
[2026-04-16T11:54:29.222+0000] {logging_mixin.py:188} INFO - [2026-04-16T11:54:29.221+0000] {dag.py:3096} INFO - Sync 1 DAGs
[2026-04-16T11:54:29.347+0000] {logging_mixin.py:188} INFO - [2026-04-16T11:54:29.346+0000] {dag.py:3954} INFO - Setting next_dagrun for dag_scraping_offres_emploi to 2026-04-16 00:00:00+00:00, run_after=2026-04-16 06:00:00+00:00
[2026-04-16T11:54:29.406+0000] {processor.py:183} INFO - Processing /opt/airflow/dags/DagScraper.py took 0.659 seconds
[2026-04-16T11:55:01.112+0000] {processor.py:161} INFO - Started process (PID=240) to work on /opt/airflow/dags/DagScraper.py
[2026-04-16T11:55:01.126+0000] {processor.py:830} INFO - Processing file /opt/airflow/dags/DagScraper.py for tasks to queue
[2026-04-16T11:55:01.180+0000] {logging_mixin.py:188} INFO - [2026-04-16T11:55:01.179+0000] {dagbag.py:545} INFO - Filling up the DagBag from /opt/airflow/dags/DagScraper.py
[2026-04-16T11:55:01.614+0000] {processor.py:840} INFO - DAG(s) 'dag_scraping_offres_emploi' retrieved from /opt/airflow/dags/DagScraper.py
[2026-04-16T11:55:02.185+0000] {logging_mixin.py:188} INFO - [2026-04-16T11:55:02.184+0000] {dag.py:3096} INFO - Sync 1 DAGs
[2026-04-16T11:55:02.456+0000] {logging_mixin.py:188} INFO - [2026-04-16T11:55:02.455+0000] {dag.py:3954} INFO - Setting next_dagrun for dag_scraping_offres_emploi to 2026-04-16 00:00:00+00:00, run_after=2026-04-16 06:00:00+00:00
[2026-04-16T11:55:02.765+0000] {processor.py:183} INFO - Processing /opt/airflow/dags/DagScraper.py took 1.732 seconds
[2026-04-16T11:55:33.471+0000] {processor.py:161} INFO - Started process (PID=253) to work on /opt/airflow/dags/DagScraper.py
[2026-04-16T11:55:33.475+0000] {processor.py:830} INFO - Processing file /opt/airflow/dags/DagScraper.py for tasks to queue
[2026-04-16T11:55:33.479+0000] {logging_mixin.py:188} INFO - [2026-04-16T11:55:33.478+0000] {dagbag.py:545} INFO - Filling up the DagBag from /opt/airflow/dags/DagScraper.py
[2026-04-16T11:55:33.547+0000] {processor.py:840} INFO - DAG(s) 'dag_scraping_offres_emploi' retrieved from /opt/airflow/dags/DagScraper.py
[2026-04-16T11:55:33.676+0000] {logging_mixin.py:188} INFO - [2026-04-16T11:55:33.675+0000] {dag.py:3096} INFO - Sync 1 DAGs
[2026-04-16T11:55:33.796+0000] {logging_mixin.py:188} INFO - [2026-04-16T11:55:33.796+0000] {dag.py:3954} INFO - Setting next_dagrun for dag_scraping_offres_emploi to 2026-04-16 00:00:00+00:00, run_after=2026-04-16 06:00:00+00:00
[2026-04-16T11:55:33.849+0000] {processor.py:183} INFO - Processing /opt/airflow/dags/DagScraper.py took 0.402 seconds
[2026-04-16T11:56:04.447+0000] {processor.py:161} INFO - Started process (PID=261) to work on /opt/airflow/dags/DagScraper.py
[2026-04-16T11:56:04.449+0000] {processor.py:830} INFO - Processing file /opt/airflow/dags/DagScraper.py for tasks to queue
[2026-04-16T11:56:04.452+0000] {logging_mixin.py:188} INFO - [2026-04-16T11:56:04.451+0000] {dagbag.py:545} INFO - Filling up the DagBag from /opt/airflow/dags/DagScraper.py
[2026-04-16T11:56:04.505+0000] {processor.py:840} INFO - DAG(s) 'dag_scraping_offres_emploi' retrieved from /opt/airflow/dags/DagScraper.py
[2026-04-16T11:56:04.600+0000] {logging_mixin.py:188} INFO - [2026-04-16T11:56:04.600+0000] {dag.py:3096} INFO - Sync 1 DAGs
[2026-04-16T11:56:04.767+0000] {logging_mixin.py:188} INFO - [2026-04-16T11:56:04.767+0000] {dag.py:3954} INFO - Setting next_dagrun for dag_scraping_offres_emploi to 2026-04-16 00:00:00+00:00, run_after=2026-04-16 06:00:00+00:00
[2026-04-16T11:56:04.960+0000] {processor.py:183} INFO - Processing /opt/airflow/dags/DagScraper.py took 0.524 seconds
[2026-04-16T11:56:35.830+0000] {processor.py:161} INFO - Started process (PID=276) to work on /opt/airflow/dags/DagScraper.py
[2026-04-16T11:56:35.854+0000] {processor.py:830} INFO - Processing file /opt/airflow/dags/DagScraper.py for tasks to queue
[2026-04-16T11:56:35.870+0000] {logging_mixin.py:188} INFO - [2026-04-16T11:56:35.869+0000] {dagbag.py:545} INFO - Filling up the DagBag from /opt/airflow/dags/DagScraper.py
[2026-04-16T11:56:36.868+0000] {processor.py:840} INFO - DAG(s) 'dag_scraping_offres_emploi' retrieved from /opt/airflow/dags/DagScraper.py
[2026-04-16T11:56:37.018+0000] {logging_mixin.py:188} INFO - [2026-04-16T11:56:37.018+0000] {dag.py:3096} INFO - Sync 1 DAGs
[2026-04-16T11:56:37.062+0000] {logging_mixin.py:188} INFO - [2026-04-16T11:56:37.062+0000] {dag.py:3954} INFO - Setting next_dagrun for dag_scraping_offres_emploi to 2026-04-16 00:00:00+00:00, run_after=2026-04-16 06:00:00+00:00
[2026-04-16T11:56:37.122+0000] {processor.py:183} INFO - Processing /opt/airflow/dags/DagScraper.py took 1.329 seconds
[2026-04-16T11:57:07.939+0000] {processor.py:161} INFO - Started process (PID=284) to work on /opt/airflow/dags/DagScraper.py
[2026-04-16T11:57:07.941+0000] {processor.py:830} INFO - Processing file /opt/airflow/dags/DagScraper.py for tasks to queue
[2026-04-16T11:57:07.944+0000] {logging_mixin.py:188} INFO - [2026-04-16T11:57:07.943+0000] {dagbag.py:545} INFO - Filling up the DagBag from /opt/airflow/dags/DagScraper.py
[2026-04-16T11:57:08.011+0000] {processor.py:840} INFO - DAG(s) 'dag_scraping_offres_emploi' retrieved from /opt/airflow/dags/DagScraper.py
[2026-04-16T11:57:08.113+0000] {logging_mixin.py:188} INFO - [2026-04-16T11:57:08.112+0000] {dag.py:3096} INFO - Sync 1 DAGs
[2026-04-16T11:57:08.165+0000] {logging_mixin.py:188} INFO - [2026-04-16T11:57:08.165+0000] {dag.py:3954} INFO - Setting next_dagrun for dag_scraping_offres_emploi to 2026-04-16 00:00:00+00:00, run_after=2026-04-16 06:00:00+00:00
[2026-04-16T11:57:08.208+0000] {processor.py:183} INFO - Processing /opt/airflow/dags/DagScraper.py took 0.280 seconds
[2026-04-16T11:57:38.545+0000] {processor.py:161} INFO - Started process (PID=299) to work on /opt/airflow/dags/DagScraper.py
[2026-04-16T11:57:38.561+0000] {processor.py:830} INFO - Processing file /opt/airflow/dags/DagScraper.py for tasks to queue
[2026-04-16T11:57:38.581+0000] {logging_mixin.py:188} INFO - [2026-04-16T11:57:38.580+0000] {dagbag.py:545} INFO - Filling up the DagBag from /opt/airflow/dags/DagScraper.py
[2026-04-16T11:57:38.670+0000] {processor.py:840} INFO - DAG(s) 'dag_scraping_offres_emploi' retrieved from /opt/airflow/dags/DagScraper.py
[2026-04-16T11:57:38.855+0000] {logging_mixin.py:188} INFO - [2026-04-16T11:57:38.854+0000] {dag.py:3096} INFO - Sync 1 DAGs
[2026-04-16T11:57:38.983+0000] {logging_mixin.py:188} INFO - [2026-04-16T11:57:38.983+0000] {dag.py:3954} INFO - Setting next_dagrun for dag_scraping_offres_emploi to 2026-04-16 00:00:00+00:00, run_after=2026-04-16 06:00:00+00:00
[2026-04-16T11:57:39.078+0000] {processor.py:183} INFO - Processing /opt/airflow/dags/DagScraper.py took 0.572 seconds
[2026-04-16T11:58:09.352+0000] {processor.py:161} INFO - Started process (PID=307) to work on /opt/airflow/dags/DagScraper.py
[2026-04-16T11:58:09.357+0000] {processor.py:830} INFO - Processing file /opt/airflow/dags/DagScraper.py for tasks to queue
[2026-04-16T11:58:09.378+0000] {logging_mixin.py:188} INFO - [2026-04-16T11:58:09.367+0000] {dagbag.py:545} INFO - Filling up the DagBag from /opt/airflow/dags/DagScraper.py
[2026-04-16T11:58:09.545+0000] {processor.py:840} INFO - DAG(s) 'dag_scraping_offres_emploi' retrieved from /opt/airflow/dags/DagScraper.py
[2026-04-16T11:58:09.693+0000] {logging_mixin.py:188} INFO - [2026-04-16T11:58:09.692+0000] {dag.py:3096} INFO - Sync 1 DAGs
[2026-04-16T11:58:09.759+0000] {logging_mixin.py:188} INFO - [2026-04-16T11:58:09.758+0000] {dag.py:3954} INFO - Setting next_dagrun for dag_scraping_offres_emploi to 2026-04-16 00:00:00+00:00, run_after=2026-04-16 06:00:00+00:00
[2026-04-16T11:58:09.837+0000] {processor.py:183} INFO - Processing /opt/airflow/dags/DagScraper.py took 0.504 seconds
[2026-04-16T11:58:40.009+0000] {processor.py:161} INFO - Started process (PID=321) to work on /opt/airflow/dags/DagScraper.py
[2026-04-16T11:58:40.011+0000] {processor.py:830} INFO - Processing file /opt/airflow/dags/DagScraper.py for tasks to queue
[2026-04-16T11:58:40.014+0000] {logging_mixin.py:188} INFO - [2026-04-16T11:58:40.013+0000] {dagbag.py:545} INFO - Filling up the DagBag from /opt/airflow/dags/DagScraper.py
[2026-04-16T11:58:40.044+0000] {processor.py:840} INFO - DAG(s) 'dag_scraping_offres_emploi' retrieved from /opt/airflow/dags/DagScraper.py
[2026-04-16T11:58:40.117+0000] {logging_mixin.py:188} INFO - [2026-04-16T11:58:40.116+0000] {dag.py:3096} INFO - Sync 1 DAGs
[2026-04-16T11:58:40.173+0000] {logging_mixin.py:188} INFO - [2026-04-16T11:58:40.172+0000] {dag.py:3954} INFO - Setting next_dagrun for dag_scraping_offres_emploi to 2026-04-16 00:00:00+00:00, run_after=2026-04-16 06:00:00+00:00
[2026-04-16T11:58:40.223+0000] {processor.py:183} INFO - Processing /opt/airflow/dags/DagScraper.py took 0.225 seconds
[2026-04-16T11:59:10.781+0000] {processor.py:161} INFO - Started process (PID=329) to work on /opt/airflow/dags/DagScraper.py
[2026-04-16T11:59:10.783+0000] {processor.py:830} INFO - Processing file /opt/airflow/dags/DagScraper.py for tasks to queue
[2026-04-16T11:59:10.788+0000] {logging_mixin.py:188} INFO - [2026-04-16T11:59:10.787+0000] {dagbag.py:545} INFO - Filling up the DagBag from /opt/airflow/dags/DagScraper.py
[2026-04-16T11:59:10.836+0000] {processor.py:840} INFO - DAG(s) 'dag_scraping_offres_emploi' retrieved from /opt/airflow/dags/DagScraper.py
[2026-04-16T11:59:10.900+0000] {logging_mixin.py:188} INFO - [2026-04-16T11:59:10.899+0000] {dag.py:3096} INFO - Sync 1 DAGs
[2026-04-16T11:59:10.935+0000] {logging_mixin.py:188} INFO - [2026-04-16T11:59:10.935+0000] {dag.py:3954} INFO - Setting next_dagrun for dag_scraping_offres_emploi to 2026-04-16 00:00:00+00:00, run_after=2026-04-16 06:00:00+00:00
[2026-04-16T11:59:10.977+0000] {processor.py:183} INFO - Processing /opt/airflow/dags/DagScraper.py took 0.211 seconds
[2026-04-16T11:59:41.536+0000] {processor.py:161} INFO - Started process (PID=343) to work on /opt/airflow/dags/DagScraper.py
[2026-04-16T11:59:41.538+0000] {processor.py:830} INFO - Processing file /opt/airflow/dags/DagScraper.py for tasks to queue
[2026-04-16T11:59:41.541+0000] {logging_mixin.py:188} INFO - [2026-04-16T11:59:41.540+0000] {dagbag.py:545} INFO - Filling up the DagBag from /opt/airflow/dags/DagScraper.py
[2026-04-16T11:59:41.586+0000] {processor.py:840} INFO - DAG(s) 'dag_scraping_offres_emploi' retrieved from /opt/airflow/dags/DagScraper.py
[2026-04-16T11:59:41.760+0000] {logging_mixin.py:188} INFO - [2026-04-16T11:59:41.760+0000] {dag.py:3096} INFO - Sync 1 DAGs
[2026-04-16T11:59:41.819+0000] {logging_mixin.py:188} INFO - [2026-04-16T11:59:41.819+0000] {dag.py:3954} INFO - Setting next_dagrun for dag_scraping_offres_emploi to 2026-04-16 00:00:00+00:00, run_after=2026-04-16 06:00:00+00:00
[2026-04-16T11:59:41.861+0000] {processor.py:183} INFO - Processing /opt/airflow/dags/DagScraper.py took 0.333 seconds
[2026-04-16T12:00:12.332+0000] {processor.py:161} INFO - Started process (PID=351) to work on /opt/airflow/dags/DagScraper.py
[2026-04-16T12:00:12.334+0000] {processor.py:830} INFO - Processing file /opt/airflow/dags/DagScraper.py for tasks to queue
[2026-04-16T12:00:12.338+0000] {logging_mixin.py:188} INFO - [2026-04-16T12:00:12.337+0000] {dagbag.py:545} INFO - Filling up the DagBag from /opt/airflow/dags/DagScraper.py
[2026-04-16T12:00:12.385+0000] {processor.py:840} INFO - DAG(s) 'dag_scraping_offres_emploi' retrieved from /opt/airflow/dags/DagScraper.py
[2026-04-16T12:00:12.444+0000] {logging_mixin.py:188} INFO - [2026-04-16T12:00:12.444+0000] {dag.py:3096} INFO - Sync 1 DAGs
[2026-04-16T12:00:12.486+0000] {logging_mixin.py:188} INFO - [2026-04-16T12:00:12.485+0000] {dag.py:3954} INFO - Setting next_dagrun for dag_scraping_offres_emploi to 2026-04-16 06:00:00+00:00, run_after=2026-04-16 12:00:00+00:00
[2026-04-16T12:00:12.537+0000] {processor.py:183} INFO - Processing /opt/airflow/dags/DagScraper.py took 0.218 seconds
[2026-04-16T12:00:43.004+0000] {processor.py:161} INFO - Started process (PID=366) to work on /opt/airflow/dags/DagScraper.py
[2026-04-16T12:00:43.006+0000] {processor.py:830} INFO - Processing file /opt/airflow/dags/DagScraper.py for tasks to queue
[2026-04-16T12:00:43.010+0000] {logging_mixin.py:188} INFO - [2026-04-16T12:00:43.009+0000] {dagbag.py:545} INFO - Filling up the DagBag from /opt/airflow/dags/DagScraper.py
[2026-04-16T12:00:43.052+0000] {processor.py:840} INFO - DAG(s) 'dag_scraping_offres_emploi' retrieved from /opt/airflow/dags/DagScraper.py
[2026-04-16T12:00:43.117+0000] {logging_mixin.py:188} INFO - [2026-04-16T12:00:43.117+0000] {dag.py:3096} INFO - Sync 1 DAGs
[2026-04-16T12:00:43.157+0000] {logging_mixin.py:188} INFO - [2026-04-16T12:00:43.157+0000] {dag.py:3954} INFO - Setting next_dagrun for dag_scraping_offres_emploi to 2026-04-16 06:00:00+00:00, run_after=2026-04-16 12:00:00+00:00
[2026-04-16T12:00:43.214+0000] {processor.py:183} INFO - Processing /opt/airflow/dags/DagScraper.py took 0.226 seconds
[2026-04-16T12:01:13.784+0000] {processor.py:161} INFO - Started process (PID=374) to work on /opt/airflow/dags/DagScraper.py
[2026-04-16T12:01:13.786+0000] {processor.py:830} INFO - Processing file /opt/airflow/dags/DagScraper.py for tasks to queue
[2026-04-16T12:01:13.795+0000] {logging_mixin.py:188} INFO - [2026-04-16T12:01:13.794+0000] {dagbag.py:545} INFO - Filling up the DagBag from /opt/airflow/dags/DagScraper.py
[2026-04-16T12:01:13.864+0000] {processor.py:840} INFO - DAG(s) 'dag_scraping_offres_emploi' retrieved from /opt/airflow/dags/DagScraper.py
[2026-04-16T12:01:13.958+0000] {logging_mixin.py:188} INFO - [2026-04-16T12:01:13.957+0000] {dag.py:3096} INFO - Sync 1 DAGs
[2026-04-16T12:01:14.014+0000] {logging_mixin.py:188} INFO - [2026-04-16T12:01:14.013+0000] {dag.py:3954} INFO - Setting next_dagrun for dag_scraping_offres_emploi to 2026-04-16 06:00:00+00:00, run_after=2026-04-16 12:00:00+00:00
[2026-04-16T12:01:14.058+0000] {processor.py:183} INFO - Processing /opt/airflow/dags/DagScraper.py took 0.296 seconds
[2026-04-16T12:01:44.505+0000] {processor.py:161} INFO - Started process (PID=388) to work on /opt/airflow/dags/DagScraper.py
[2026-04-16T12:01:44.507+0000] {processor.py:830} INFO - Processing file /opt/airflow/dags/DagScraper.py for tasks to queue
[2026-04-16T12:01:44.511+0000] {logging_mixin.py:188} INFO - [2026-04-16T12:01:44.510+0000] {dagbag.py:545} INFO - Filling up the DagBag from /opt/airflow/dags/DagScraper.py
[2026-04-16T12:01:44.564+0000] {processor.py:840} INFO - DAG(s) 'dag_scraping_offres_emploi' retrieved from /opt/airflow/dags/DagScraper.py
[2026-04-16T12:01:44.696+0000] {logging_mixin.py:188} INFO - [2026-04-16T12:01:44.695+0000] {dag.py:3096} INFO - Sync 1 DAGs
[2026-04-16T12:01:44.791+0000] {logging_mixin.py:188} INFO - [2026-04-16T12:01:44.791+0000] {dag.py:3954} INFO - Setting next_dagrun for dag_scraping_offres_emploi to 2026-04-16 06:00:00+00:00, run_after=2026-04-16 12:00:00+00:00
[2026-04-16T12:01:44.845+0000] {processor.py:183} INFO - Processing /opt/airflow/dags/DagScraper.py took 0.358 seconds
[2026-04-16T12:02:15.342+0000] {processor.py:161} INFO - Started process (PID=396) to work on /opt/airflow/dags/DagScraper.py
[2026-04-16T12:02:15.344+0000] {processor.py:830} INFO - Processing file /opt/airflow/dags/DagScraper.py for tasks to queue
[2026-04-16T12:02:15.349+0000] {logging_mixin.py:188} INFO - [2026-04-16T12:02:15.348+0000] {dagbag.py:545} INFO - Filling up the DagBag from /opt/airflow/dags/DagScraper.py
[2026-04-16T12:02:15.397+0000] {processor.py:840} INFO - DAG(s) 'dag_scraping_offres_emploi' retrieved from /opt/airflow/dags/DagScraper.py
[2026-04-16T12:02:15.459+0000] {logging_mixin.py:188} INFO - [2026-04-16T12:02:15.459+0000] {dag.py:3096} INFO - Sync 1 DAGs
[2026-04-16T12:02:15.498+0000] {logging_mixin.py:188} INFO - [2026-04-16T12:02:15.498+0000] {dag.py:3954} INFO - Setting next_dagrun for dag_scraping_offres_emploi to 2026-04-16 06:00:00+00:00, run_after=2026-04-16 12:00:00+00:00
[2026-04-16T12:02:15.537+0000] {processor.py:183} INFO - Processing /opt/airflow/dags/DagScraper.py took 0.209 seconds
[2026-04-16T12:02:45.758+0000] {processor.py:161} INFO - Started process (PID=411) to work on /opt/airflow/dags/DagScraper.py
[2026-04-16T12:02:45.764+0000] {processor.py:830} INFO - Processing file /opt/airflow/dags/DagScraper.py for tasks to queue
[2026-04-16T12:02:45.769+0000] {logging_mixin.py:188} INFO - [2026-04-16T12:02:45.768+0000] {dagbag.py:545} INFO - Filling up the DagBag from /opt/airflow/dags/DagScraper.py
[2026-04-16T12:02:45.842+0000] {processor.py:840} INFO - DAG(s) 'dag_scraping_offres_emploi' retrieved from /opt/airflow/dags/DagScraper.py
[2026-04-16T12:02:46.025+0000] {logging_mixin.py:188} INFO - [2026-04-16T12:02:46.024+0000] {dag.py:3096} INFO - Sync 1 DAGs
[2026-04-16T12:02:46.133+0000] {logging_mixin.py:188} INFO - [2026-04-16T12:02:46.133+0000] {dag.py:3954} INFO - Setting next_dagrun for dag_scraping_offres_emploi to 2026-04-16 06:00:00+00:00, run_after=2026-04-16 12:00:00+00:00
[2026-04-16T12:02:46.183+0000] {processor.py:183} INFO - Processing /opt/airflow/dags/DagScraper.py took 0.440 seconds
[2026-04-16T12:03:16.607+0000] {processor.py:161} INFO - Started process (PID=419) to work on /opt/airflow/dags/DagScraper.py
[2026-04-16T12:03:16.616+0000] {processor.py:830} INFO - Processing file /opt/airflow/dags/DagScraper.py for tasks to queue
[2026-04-16T12:03:16.623+0000] {logging_mixin.py:188} INFO - [2026-04-16T12:03:16.622+0000] {dagbag.py:545} INFO - Filling up the DagBag from /opt/airflow/dags/DagScraper.py
[2026-04-16T12:03:16.721+0000] {processor.py:840} INFO - DAG(s) 'dag_scraping_offres_emploi' retrieved from /opt/airflow/dags/DagScraper.py
[2026-04-16T12:03:16.819+0000] {logging_mixin.py:188} INFO - [2026-04-16T12:03:16.818+0000] {dag.py:3096} INFO - Sync 1 DAGs
[2026-04-16T12:03:16.882+0000] {logging_mixin.py:188} INFO - [2026-04-16T12:03:16.881+0000] {dag.py:3954} INFO - Setting next_dagrun for dag_scraping_offres_emploi to 2026-04-16 06:00:00+00:00, run_after=2026-04-16 12:00:00+00:00
[2026-04-16T12:03:16.940+0000] {processor.py:183} INFO - Processing /opt/airflow/dags/DagScraper.py took 0.351 seconds
[2026-04-16T12:03:47.624+0000] {processor.py:161} INFO - Started process (PID=433) to work on /opt/airflow/dags/DagScraper.py
[2026-04-16T12:03:47.628+0000] {processor.py:830} INFO - Processing file /opt/airflow/dags/DagScraper.py for tasks to queue
[2026-04-16T12:03:47.638+0000] {logging_mixin.py:188} INFO - [2026-04-16T12:03:47.637+0000] {dagbag.py:545} INFO - Filling up the DagBag from /opt/airflow/dags/DagScraper.py
[2026-04-16T12:03:47.716+0000] {processor.py:840} INFO - DAG(s) 'dag_scraping_offres_emploi' retrieved from /opt/airflow/dags/DagScraper.py
[2026-04-16T12:03:47.821+0000] {logging_mixin.py:188} INFO - [2026-04-16T12:03:47.820+0000] {dag.py:3096} INFO - Sync 1 DAGs
[2026-04-16T12:03:47.866+0000] {logging_mixin.py:188} INFO - [2026-04-16T12:03:47.866+0000] {dag.py:3954} INFO - Setting next_dagrun for dag_scraping_offres_emploi to 2026-04-16 06:00:00+00:00, run_after=2026-04-16 12:00:00+00:00
[2026-04-16T12:03:47.933+0000] {processor.py:183} INFO - Processing /opt/airflow/dags/DagScraper.py took 0.326 seconds
[2026-04-16T12:04:18.258+0000] {processor.py:161} INFO - Started process (PID=441) to work on /opt/airflow/dags/DagScraper.py
[2026-04-16T12:04:18.261+0000] {processor.py:830} INFO - Processing file /opt/airflow/dags/DagScraper.py for tasks to queue
[2026-04-16T12:04:18.265+0000] {logging_mixin.py:188} INFO - [2026-04-16T12:04:18.265+0000] {dagbag.py:545} INFO - Filling up the DagBag from /opt/airflow/dags/DagScraper.py
[2026-04-16T12:04:18.324+0000] {processor.py:840} INFO - DAG(s) 'dag_scraping_offres_emploi' retrieved from /opt/airflow/dags/DagScraper.py
[2026-04-16T12:04:18.414+0000] {logging_mixin.py:188} INFO - [2026-04-16T12:04:18.413+0000] {dag.py:3096} INFO - Sync 1 DAGs
[2026-04-16T12:04:18.484+0000] {logging_mixin.py:188} INFO - [2026-04-16T12:04:18.483+0000] {dag.py:3954} INFO - Setting next_dagrun for dag_scraping_offres_emploi to 2026-04-16 06:00:00+00:00, run_after=2026-04-16 12:00:00+00:00
[2026-04-16T12:04:18.569+0000] {processor.py:183} INFO - Processing /opt/airflow/dags/DagScraper.py took 0.328 seconds
[2026-04-16T12:04:49.381+0000] {processor.py:161} INFO - Started process (PID=455) to work on /opt/airflow/dags/DagScraper.py
[2026-04-16T12:04:49.385+0000] {processor.py:830} INFO - Processing file /opt/airflow/dags/DagScraper.py for tasks to queue
[2026-04-16T12:04:49.391+0000] {logging_mixin.py:188} INFO - [2026-04-16T12:04:49.390+0000] {dagbag.py:545} INFO - Filling up the DagBag from /opt/airflow/dags/DagScraper.py
[2026-04-16T12:04:49.604+0000] {processor.py:840} INFO - DAG(s) 'dag_scraping_offres_emploi' retrieved from /opt/airflow/dags/DagScraper.py
[2026-04-16T12:04:49.824+0000] {logging_mixin.py:188} INFO - [2026-04-16T12:04:49.815+0000] {dag.py:3096} INFO - Sync 1 DAGs
[2026-04-16T12:04:50.038+0000] {logging_mixin.py:188} INFO - [2026-04-16T12:04:50.037+0000] {dag.py:3954} INFO - Setting next_dagrun for dag_scraping_offres_emploi to 2026-04-16 06:00:00+00:00, run_after=2026-04-16 12:00:00+00:00
[2026-04-16T12:04:50.201+0000] {processor.py:183} INFO - Processing /opt/airflow/dags/DagScraper.py took 0.838 seconds
[2026-04-16T12:05:20.972+0000] {processor.py:161} INFO - Started process (PID=469) to work on /opt/airflow/dags/DagScraper.py
[2026-04-16T12:05:20.974+0000] {processor.py:830} INFO - Processing file /opt/airflow/dags/DagScraper.py for tasks to queue
[2026-04-16T12:05:20.987+0000] {logging_mixin.py:188} INFO - [2026-04-16T12:05:20.987+0000] {dagbag.py:545} INFO - Filling up the DagBag from /opt/airflow/dags/DagScraper.py
[2026-04-16T12:05:21.046+0000] {processor.py:840} INFO - DAG(s) 'dag_scraping_offres_emploi' retrieved from /opt/airflow/dags/DagScraper.py
[2026-04-16T12:05:21.125+0000] {logging_mixin.py:188} INFO - [2026-04-16T12:05:21.125+0000] {dag.py:3096} INFO - Sync 1 DAGs
[2026-04-16T12:05:21.181+0000] {logging_mixin.py:188} INFO - [2026-04-16T12:05:21.181+0000] {dag.py:3954} INFO - Setting next_dagrun for dag_scraping_offres_emploi to 2026-04-16 06:00:00+00:00, run_after=2026-04-16 12:00:00+00:00
[2026-04-16T12:05:21.262+0000] {processor.py:183} INFO - Processing /opt/airflow/dags/DagScraper.py took 0.312 seconds
[2026-04-16T12:05:51.553+0000] {processor.py:161} INFO - Started process (PID=477) to work on /opt/airflow/dags/DagScraper.py
[2026-04-16T12:05:51.565+0000] {processor.py:830} INFO - Processing file /opt/airflow/dags/DagScraper.py for tasks to queue
[2026-04-16T12:05:51.569+0000] {logging_mixin.py:188} INFO - [2026-04-16T12:05:51.568+0000] {dagbag.py:545} INFO - Filling up the DagBag from /opt/airflow/dags/DagScraper.py
[2026-04-16T12:05:51.641+0000] {processor.py:840} INFO - DAG(s) 'dag_scraping_offres_emploi' retrieved from /opt/airflow/dags/DagScraper.py
[2026-04-16T12:05:51.746+0000] {logging_mixin.py:188} INFO - [2026-04-16T12:05:51.746+0000] {dag.py:3096} INFO - Sync 1 DAGs
[2026-04-16T12:05:51.864+0000] {logging_mixin.py:188} INFO - [2026-04-16T12:05:51.864+0000] {dag.py:3954} INFO - Setting next_dagrun for dag_scraping_offres_emploi to 2026-04-16 06:00:00+00:00, run_after=2026-04-16 12:00:00+00:00
[2026-04-16T12:05:51.981+0000] {processor.py:183} INFO - Processing /opt/airflow/dags/DagScraper.py took 0.451 seconds
[2026-04-16T12:06:22.715+0000] {processor.py:161} INFO - Started process (PID=493) to work on /opt/airflow/dags/DagScraper.py
[2026-04-16T12:06:22.717+0000] {processor.py:830} INFO - Processing file /opt/airflow/dags/DagScraper.py for tasks to queue
[2026-04-16T12:06:22.721+0000] {logging_mixin.py:188} INFO - [2026-04-16T12:06:22.720+0000] {dagbag.py:545} INFO - Filling up the DagBag from /opt/airflow/dags/DagScraper.py
[2026-04-16T12:06:22.764+0000] {processor.py:840} INFO - DAG(s) 'dag_scraping_offres_emploi' retrieved from /opt/airflow/dags/DagScraper.py
[2026-04-16T12:06:22.902+0000] {logging_mixin.py:188} INFO - [2026-04-16T12:06:22.901+0000] {dag.py:3096} INFO - Sync 1 DAGs
[2026-04-16T12:06:23.006+0000] {logging_mixin.py:188} INFO - [2026-04-16T12:06:23.005+0000] {dag.py:3954} INFO - Setting next_dagrun for dag_scraping_offres_emploi to 2026-04-16 06:00:00+00:00, run_after=2026-04-16 12:00:00+00:00
[2026-04-16T12:06:23.117+0000] {processor.py:183} INFO - Processing /opt/airflow/dags/DagScraper.py took 0.413 seconds
[2026-04-16T12:06:53.669+0000] {processor.py:161} INFO - Started process (PID=501) to work on /opt/airflow/dags/DagScraper.py
[2026-04-16T12:06:53.671+0000] {processor.py:830} INFO - Processing file /opt/airflow/dags/DagScraper.py for tasks to queue
[2026-04-16T12:06:53.674+0000] {logging_mixin.py:188} INFO - [2026-04-16T12:06:53.674+0000] {dagbag.py:545} INFO - Filling up the DagBag from /opt/airflow/dags/DagScraper.py
[2026-04-16T12:06:53.724+0000] {processor.py:840} INFO - DAG(s) 'dag_scraping_offres_emploi' retrieved from /opt/airflow/dags/DagScraper.py
[2026-04-16T12:06:53.834+0000] {logging_mixin.py:188} INFO - [2026-04-16T12:06:53.833+0000] {dag.py:3096} INFO - Sync 1 DAGs
[2026-04-16T12:06:53.965+0000] {logging_mixin.py:188} INFO - [2026-04-16T12:06:53.964+0000] {dag.py:3954} INFO - Setting next_dagrun for dag_scraping_offres_emploi to 2026-04-16 06:00:00+00:00, run_after=2026-04-16 12:00:00+00:00
[2026-04-16T12:06:54.040+0000] {processor.py:183} INFO - Processing /opt/airflow/dags/DagScraper.py took 0.383 seconds
[2026-04-16T12:07:24.195+0000] {processor.py:161} INFO - Started process (PID=515) to work on /opt/airflow/dags/DagScraper.py
[2026-04-16T12:07:24.197+0000] {processor.py:830} INFO - Processing file /opt/airflow/dags/DagScraper.py for tasks to queue
[2026-04-16T12:07:24.201+0000] {logging_mixin.py:188} INFO - [2026-04-16T12:07:24.200+0000] {dagbag.py:545} INFO - Filling up the DagBag from /opt/airflow/dags/DagScraper.py
[2026-04-16T12:07:24.250+0000] {processor.py:840} INFO - DAG(s) 'dag_scraping_offres_emploi' retrieved from /opt/airflow/dags/DagScraper.py
[2026-04-16T12:07:24.344+0000] {logging_mixin.py:188} INFO - [2026-04-16T12:07:24.344+0000] {dag.py:3096} INFO - Sync 1 DAGs
[2026-04-16T12:07:24.429+0000] {logging_mixin.py:188} INFO - [2026-04-16T12:07:24.428+0000] {dag.py:3954} INFO - Setting next_dagrun for dag_scraping_offres_emploi to 2026-04-16 06:00:00+00:00, run_after=2026-04-16 12:00:00+00:00
[2026-04-16T12:07:24.509+0000] {processor.py:183} INFO - Processing /opt/airflow/dags/DagScraper.py took 0.328 seconds
[2026-04-16T12:07:55.238+0000] {processor.py:161} INFO - Started process (PID=523) to work on /opt/airflow/dags/DagScraper.py
[2026-04-16T12:07:55.258+0000] {processor.py:830} INFO - Processing file /opt/airflow/dags/DagScraper.py for tasks to queue
[2026-04-16T12:07:55.276+0000] {logging_mixin.py:188} INFO - [2026-04-16T12:07:55.275+0000] {dagbag.py:545} INFO - Filling up the DagBag from /opt/airflow/dags/DagScraper.py
[2026-04-16T12:07:55.778+0000] {processor.py:840} INFO - DAG(s) 'dag_scraping_offres_emploi' retrieved from /opt/airflow/dags/DagScraper.py
[2026-04-16T12:07:56.083+0000] {logging_mixin.py:188} INFO - [2026-04-16T12:07:56.081+0000] {dag.py:3096} INFO - Sync 1 DAGs
[2026-04-16T12:07:56.239+0000] {logging_mixin.py:188} INFO - [2026-04-16T12:07:56.239+0000] {dag.py:3954} INFO - Setting next_dagrun for dag_scraping_offres_emploi to 2026-04-16 06:00:00+00:00, run_after=2026-04-16 12:00:00+00:00
[2026-04-16T12:07:56.546+0000] {processor.py:183} INFO - Processing /opt/airflow/dags/DagScraper.py took 1.341 seconds
[2026-04-16T12:08:27.334+0000] {processor.py:161} INFO - Started process (PID=537) to work on /opt/airflow/dags/DagScraper.py
[2026-04-16T12:08:27.366+0000] {processor.py:830} INFO - Processing file /opt/airflow/dags/DagScraper.py for tasks to queue
[2026-04-16T12:08:27.374+0000] {logging_mixin.py:188} INFO - [2026-04-16T12:08:27.373+0000] {dagbag.py:545} INFO - Filling up the DagBag from /opt/airflow/dags/DagScraper.py
[2026-04-16T12:08:27.539+0000] {processor.py:840} INFO - DAG(s) 'dag_scraping_offres_emploi' retrieved from /opt/airflow/dags/DagScraper.py
[2026-04-16T12:08:27.625+0000] {logging_mixin.py:188} INFO - [2026-04-16T12:08:27.625+0000] {dag.py:3096} INFO - Sync 1 DAGs
[2026-04-16T12:08:27.698+0000] {logging_mixin.py:188} INFO - [2026-04-16T12:08:27.697+0000] {dag.py:3954} INFO - Setting next_dagrun for dag_scraping_offres_emploi to 2026-04-16 06:00:00+00:00, run_after=2026-04-16 12:00:00+00:00
[2026-04-16T12:08:27.779+0000] {processor.py:183} INFO - Processing /opt/airflow/dags/DagScraper.py took 0.481 seconds
[2026-04-16T12:08:57.905+0000] {processor.py:161} INFO - Started process (PID=544) to work on /opt/airflow/dags/DagScraper.py
[2026-04-16T12:08:57.908+0000] {processor.py:830} INFO - Processing file /opt/airflow/dags/DagScraper.py for tasks to queue
[2026-04-16T12:08:57.912+0000] {logging_mixin.py:188} INFO - [2026-04-16T12:08:57.912+0000] {dagbag.py:545} INFO - Filling up the DagBag from /opt/airflow/dags/DagScraper.py
[2026-04-16T12:08:57.952+0000] {processor.py:840} INFO - DAG(s) 'dag_scraping_offres_emploi' retrieved from /opt/airflow/dags/DagScraper.py
[2026-04-16T12:08:58.036+0000] {logging_mixin.py:188} INFO - [2026-04-16T12:08:58.035+0000] {dag.py:3096} INFO - Sync 1 DAGs
[2026-04-16T12:08:58.102+0000] {logging_mixin.py:188} INFO - [2026-04-16T12:08:58.102+0000] {dag.py:3954} INFO - Setting next_dagrun for dag_scraping_offres_emploi to 2026-04-16 06:00:00+00:00, run_after=2026-04-16 12:00:00+00:00
[2026-04-16T12:08:58.162+0000] {processor.py:183} INFO - Processing /opt/airflow/dags/DagScraper.py took 0.267 seconds
[2026-04-16T12:09:28.790+0000] {processor.py:161} INFO - Started process (PID=559) to work on /opt/airflow/dags/DagScraper.py
[2026-04-16T12:09:28.794+0000] {processor.py:830} INFO - Processing file /opt/airflow/dags/DagScraper.py for tasks to queue
[2026-04-16T12:09:28.799+0000] {logging_mixin.py:188} INFO - [2026-04-16T12:09:28.798+0000] {dagbag.py:545} INFO - Filling up the DagBag from /opt/airflow/dags/DagScraper.py
[2026-04-16T12:09:28.846+0000] {processor.py:840} INFO - DAG(s) 'dag_scraping_offres_emploi' retrieved from /opt/airflow/dags/DagScraper.py
[2026-04-16T12:09:28.913+0000] {logging_mixin.py:188} INFO - [2026-04-16T12:09:28.913+0000] {dag.py:3096} INFO - Sync 1 DAGs
[2026-04-16T12:09:28.996+0000] {logging_mixin.py:188} INFO - [2026-04-16T12:09:28.995+0000] {dag.py:3954} INFO - Setting next_dagrun for dag_scraping_offres_emploi to 2026-04-16 06:00:00+00:00, run_after=2026-04-16 12:00:00+00:00
[2026-04-16T12:09:29.083+0000] {processor.py:183} INFO - Processing /opt/airflow/dags/DagScraper.py took 0.305 seconds
[2026-04-16T12:10:00.549+0000] {processor.py:161} INFO - Started process (PID=567) to work on /opt/airflow/dags/DagScraper.py
[2026-04-16T12:10:00.558+0000] {processor.py:830} INFO - Processing file /opt/airflow/dags/DagScraper.py for tasks to queue
[2026-04-16T12:10:00.564+0000] {logging_mixin.py:188} INFO - [2026-04-16T12:10:00.563+0000] {dagbag.py:545} INFO - Filling up the DagBag from /opt/airflow/dags/DagScraper.py
[2026-04-16T12:10:00.648+0000] {processor.py:840} INFO - DAG(s) 'dag_scraping_offres_emploi' retrieved from /opt/airflow/dags/DagScraper.py
[2026-04-16T12:10:00.749+0000] {logging_mixin.py:188} INFO - [2026-04-16T12:10:00.749+0000] {dag.py:3096} INFO - Sync 1 DAGs
[2026-04-16T12:10:00.799+0000] {logging_mixin.py:188} INFO - [2026-04-16T12:10:00.798+0000] {dag.py:3954} INFO - Setting next_dagrun for dag_scraping_offres_emploi to 2026-04-16 06:00:00+00:00, run_after=2026-04-16 12:00:00+00:00
[2026-04-16T12:10:00.845+0000] {processor.py:183} INFO - Processing /opt/airflow/dags/DagScraper.py took 0.320 seconds
[2026-04-16T12:10:31.055+0000] {processor.py:161} INFO - Started process (PID=581) to work on /opt/airflow/dags/DagScraper.py
[2026-04-16T12:10:31.057+0000] {processor.py:830} INFO - Processing file /opt/airflow/dags/DagScraper.py for tasks to queue
[2026-04-16T12:10:31.060+0000] {logging_mixin.py:188} INFO - [2026-04-16T12:10:31.059+0000] {dagbag.py:545} INFO - Filling up the DagBag from /opt/airflow/dags/DagScraper.py
[2026-04-16T12:10:31.095+0000] {processor.py:840} INFO - DAG(s) 'dag_scraping_offres_emploi' retrieved from /opt/airflow/dags/DagScraper.py
[2026-04-16T12:10:31.157+0000] {logging_mixin.py:188} INFO - [2026-04-16T12:10:31.156+0000] {dag.py:3096} INFO - Sync 1 DAGs
[2026-04-16T12:10:31.201+0000] {logging_mixin.py:188} INFO - [2026-04-16T12:10:31.201+0000] {dag.py:3954} INFO - Setting next_dagrun for dag_scraping_offres_emploi to 2026-04-16 06:00:00+00:00, run_after=2026-04-16 12:00:00+00:00
[2026-04-16T12:10:31.262+0000] {processor.py:183} INFO - Processing /opt/airflow/dags/DagScraper.py took 0.215 seconds
[2026-04-16T12:11:01.830+0000] {processor.py:161} INFO - Started process (PID=588) to work on /opt/airflow/dags/DagScraper.py
[2026-04-16T12:11:01.833+0000] {processor.py:830} INFO - Processing file /opt/airflow/dags/DagScraper.py for tasks to queue
[2026-04-16T12:11:01.837+0000] {logging_mixin.py:188} INFO - [2026-04-16T12:11:01.836+0000] {dagbag.py:545} INFO - Filling up the DagBag from /opt/airflow/dags/DagScraper.py
[2026-04-16T12:11:01.875+0000] {processor.py:840} INFO - DAG(s) 'dag_scraping_offres_emploi' retrieved from /opt/airflow/dags/DagScraper.py
[2026-04-16T12:11:01.941+0000] {logging_mixin.py:188} INFO - [2026-04-16T12:11:01.940+0000] {dag.py:3096} INFO - Sync 1 DAGs
[2026-04-16T12:11:01.991+0000] {logging_mixin.py:188} INFO - [2026-04-16T12:11:01.991+0000] {dag.py:3954} INFO - Setting next_dagrun for dag_scraping_offres_emploi to 2026-04-16 06:00:00+00:00, run_after=2026-04-16 12:00:00+00:00
[2026-04-16T12:11:02.034+0000] {processor.py:183} INFO - Processing /opt/airflow/dags/DagScraper.py took 0.219 seconds
[2026-04-16T12:11:33.306+0000] {processor.py:161} INFO - Started process (PID=602) to work on /opt/airflow/dags/DagScraper.py
[2026-04-16T12:11:33.310+0000] {processor.py:830} INFO - Processing file /opt/airflow/dags/DagScraper.py for tasks to queue
[2026-04-16T12:11:33.341+0000] {logging_mixin.py:188} INFO - [2026-04-16T12:11:33.340+0000] {dagbag.py:545} INFO - Filling up the DagBag from /opt/airflow/dags/DagScraper.py
[2026-04-16T12:11:33.560+0000] {processor.py:840} INFO - DAG(s) 'dag_scraping_offres_emploi' retrieved from /opt/airflow/dags/DagScraper.py
[2026-04-16T12:11:33.684+0000] {logging_mixin.py:188} INFO - [2026-04-16T12:11:33.683+0000] {dag.py:3096} INFO - Sync 1 DAGs
[2026-04-16T12:11:33.738+0000] {logging_mixin.py:188} INFO - [2026-04-16T12:11:33.737+0000] {dag.py:3954} INFO - Setting next_dagrun for dag_scraping_offres_emploi to 2026-04-16 06:00:00+00:00, run_after=2026-04-16 12:00:00+00:00
[2026-04-16T12:11:33.845+0000] {processor.py:183} INFO - Processing /opt/airflow/dags/DagScraper.py took 0.554 seconds
[2026-04-16T12:12:04.275+0000] {processor.py:161} INFO - Started process (PID=610) to work on /opt/airflow/dags/DagScraper.py
[2026-04-16T12:12:04.277+0000] {processor.py:830} INFO - Processing file /opt/airflow/dags/DagScraper.py for tasks to queue
[2026-04-16T12:12:04.299+0000] {logging_mixin.py:188} INFO - [2026-04-16T12:12:04.298+0000] {dagbag.py:545} INFO - Filling up the DagBag from /opt/airflow/dags/DagScraper.py
[2026-04-16T12:12:04.380+0000] {processor.py:840} INFO - DAG(s) 'dag_scraping_offres_emploi' retrieved from /opt/airflow/dags/DagScraper.py
[2026-04-16T12:12:04.541+0000] {logging_mixin.py:188} INFO - [2026-04-16T12:12:04.540+0000] {dag.py:3096} INFO - Sync 1 DAGs
[2026-04-16T12:12:04.660+0000] {logging_mixin.py:188} INFO - [2026-04-16T12:12:04.648+0000] {dag.py:3954} INFO - Setting next_dagrun for dag_scraping_offres_emploi to 2026-04-16 06:00:00+00:00, run_after=2026-04-16 12:00:00+00:00
[2026-04-16T12:12:04.812+0000] {processor.py:183} INFO - Processing /opt/airflow/dags/DagScraper.py took 0.577 seconds
[2026-04-16T12:12:36.422+0000] {processor.py:161} INFO - Started process (PID=624) to work on /opt/airflow/dags/DagScraper.py
[2026-04-16T12:12:36.424+0000] {processor.py:830} INFO - Processing file /opt/airflow/dags/DagScraper.py for tasks to queue
[2026-04-16T12:12:36.428+0000] {logging_mixin.py:188} INFO - [2026-04-16T12:12:36.427+0000] {dagbag.py:545} INFO - Filling up the DagBag from /opt/airflow/dags/DagScraper.py
[2026-04-16T12:12:36.541+0000] {processor.py:840} INFO - DAG(s) 'dag_scraping_offres_emploi' retrieved from /opt/airflow/dags/DagScraper.py
[2026-04-16T12:12:36.760+0000] {logging_mixin.py:188} INFO - [2026-04-16T12:12:36.759+0000] {dag.py:3096} INFO - Sync 1 DAGs
[2026-04-16T12:12:36.839+0000] {logging_mixin.py:188} INFO - [2026-04-16T12:12:36.838+0000] {dag.py:3954} INFO - Setting next_dagrun for dag_scraping_offres_emploi to 2026-04-16 06:00:00+00:00, run_after=2026-04-16 12:00:00+00:00
[2026-04-16T12:12:36.921+0000] {processor.py:183} INFO - Processing /opt/airflow/dags/DagScraper.py took 0.514 seconds
[2026-04-16T12:13:08.096+0000] {processor.py:161} INFO - Started process (PID=637) to work on /opt/airflow/dags/DagScraper.py
[2026-04-16T12:13:08.141+0000] {processor.py:830} INFO - Processing file /opt/airflow/dags/DagScraper.py for tasks to queue
[2026-04-16T12:13:08.158+0000] {logging_mixin.py:188} INFO - [2026-04-16T12:13:08.157+0000] {dagbag.py:545} INFO - Filling up the DagBag from /opt/airflow/dags/DagScraper.py
[2026-04-16T12:13:08.377+0000] {processor.py:840} INFO - DAG(s) 'dag_scraping_offres_emploi' retrieved from /opt/airflow/dags/DagScraper.py
[2026-04-16T12:13:08.475+0000] {logging_mixin.py:188} INFO - [2026-04-16T12:13:08.474+0000] {dag.py:3096} INFO - Sync 1 DAGs
[2026-04-16T12:13:08.556+0000] {logging_mixin.py:188} INFO - [2026-04-16T12:13:08.556+0000] {dag.py:3954} INFO - Setting next_dagrun for dag_scraping_offres_emploi to 2026-04-16 06:00:00+00:00, run_after=2026-04-16 12:00:00+00:00
[2026-04-16T12:13:08.643+0000] {processor.py:183} INFO - Processing /opt/airflow/dags/DagScraper.py took 0.571 seconds
[2026-04-16T12:13:38.799+0000] {processor.py:161} INFO - Started process (PID=645) to work on /opt/airflow/dags/DagScraper.py
[2026-04-16T12:13:38.804+0000] {processor.py:830} INFO - Processing file /opt/airflow/dags/DagScraper.py for tasks to queue
[2026-04-16T12:13:38.809+0000] {logging_mixin.py:188} INFO - [2026-04-16T12:13:38.808+0000] {dagbag.py:545} INFO - Filling up the DagBag from /opt/airflow/dags/DagScraper.py
[2026-04-16T12:13:38.869+0000] {processor.py:840} INFO - DAG(s) 'dag_scraping_offres_emploi' retrieved from /opt/airflow/dags/DagScraper.py
[2026-04-16T12:13:38.981+0000] {logging_mixin.py:188} INFO - [2026-04-16T12:13:38.977+0000] {dag.py:3096} INFO - Sync 1 DAGs
[2026-04-16T12:13:39.079+0000] {logging_mixin.py:188} INFO - [2026-04-16T12:13:39.079+0000] {dag.py:3954} INFO - Setting next_dagrun for dag_scraping_offres_emploi to 2026-04-16 06:00:00+00:00, run_after=2026-04-16 12:00:00+00:00
[2026-04-16T12:13:39.144+0000] {processor.py:183} INFO - Processing /opt/airflow/dags/DagScraper.py took 0.368 seconds
[2026-04-16T12:14:09.880+0000] {processor.py:161} INFO - Started process (PID=659) to work on /opt/airflow/dags/DagScraper.py
[2026-04-16T12:14:09.893+0000] {processor.py:830} INFO - Processing file /opt/airflow/dags/DagScraper.py for tasks to queue
[2026-04-16T12:14:09.916+0000] {logging_mixin.py:188} INFO - [2026-04-16T12:14:09.915+0000] {dagbag.py:545} INFO - Filling up the DagBag from /opt/airflow/dags/DagScraper.py
[2026-04-16T12:14:10.832+0000] {processor.py:840} INFO - DAG(s) 'dag_scraping_offres_emploi' retrieved from /opt/airflow/dags/DagScraper.py
[2026-04-16T12:14:11.053+0000] {logging_mixin.py:188} INFO - [2026-04-16T12:14:11.053+0000] {dag.py:3096} INFO - Sync 1 DAGs
[2026-04-16T12:14:11.165+0000] {logging_mixin.py:188} INFO - [2026-04-16T12:14:11.164+0000] {dag.py:3954} INFO - Setting next_dagrun for dag_scraping_offres_emploi to 2026-04-16 06:00:00+00:00, run_after=2026-04-16 12:00:00+00:00
[2026-04-16T12:14:11.357+0000] {processor.py:183} INFO - Processing /opt/airflow/dags/DagScraper.py took 1.508 seconds
[2026-04-16T12:14:42.895+0000] {processor.py:161} INFO - Started process (PID=668) to work on /opt/airflow/dags/DagScraper.py
[2026-04-16T12:14:42.908+0000] {processor.py:830} INFO - Processing file /opt/airflow/dags/DagScraper.py for tasks to queue
[2026-04-16T12:14:42.920+0000] {logging_mixin.py:188} INFO - [2026-04-16T12:14:42.919+0000] {dagbag.py:545} INFO - Filling up the DagBag from /opt/airflow/dags/DagScraper.py
[2026-04-16T12:14:44.321+0000] {processor.py:840} INFO - DAG(s) 'dag_scraping_offres_emploi' retrieved from /opt/airflow/dags/DagScraper.py
[2026-04-16T12:14:44.475+0000] {logging_mixin.py:188} INFO - [2026-04-16T12:14:44.475+0000] {dag.py:3096} INFO - Sync 1 DAGs
[2026-04-16T12:14:44.578+0000] {logging_mixin.py:188} INFO - [2026-04-16T12:14:44.574+0000] {dag.py:3954} INFO - Setting next_dagrun for dag_scraping_offres_emploi to 2026-04-16 06:00:00+00:00, run_after=2026-04-16 12:00:00+00:00
[2026-04-16T12:14:44.677+0000] {processor.py:183} INFO - Processing /opt/airflow/dags/DagScraper.py took 1.806 seconds
[2026-04-16T12:15:15.356+0000] {processor.py:161} INFO - Started process (PID=681) to work on /opt/airflow/dags/DagScraper.py
[2026-04-16T12:15:15.358+0000] {processor.py:830} INFO - Processing file /opt/airflow/dags/DagScraper.py for tasks to queue
[2026-04-16T12:15:15.362+0000] {logging_mixin.py:188} INFO - [2026-04-16T12:15:15.362+0000] {dagbag.py:545} INFO - Filling up the DagBag from /opt/airflow/dags/DagScraper.py
[2026-04-16T12:15:15.404+0000] {processor.py:840} INFO - DAG(s) 'dag_scraping_offres_emploi' retrieved from /opt/airflow/dags/DagScraper.py
[2026-04-16T12:15:15.594+0000] {logging_mixin.py:188} INFO - [2026-04-16T12:15:15.593+0000] {dag.py:3096} INFO - Sync 1 DAGs
[2026-04-16T12:15:15.776+0000] {logging_mixin.py:188} INFO - [2026-04-16T12:15:15.776+0000] {dag.py:3954} INFO - Setting next_dagrun for dag_scraping_offres_emploi to 2026-04-16 06:00:00+00:00, run_after=2026-04-16 12:00:00+00:00
[2026-04-16T12:15:15.827+0000] {processor.py:183} INFO - Processing /opt/airflow/dags/DagScraper.py took 0.486 seconds
[2026-04-16T12:15:46.161+0000] {processor.py:161} INFO - Started process (PID=689) to work on /opt/airflow/dags/DagScraper.py
[2026-04-16T12:15:46.164+0000] {processor.py:830} INFO - Processing file /opt/airflow/dags/DagScraper.py for tasks to queue
[2026-04-16T12:15:46.169+0000] {logging_mixin.py:188} INFO - [2026-04-16T12:15:46.168+0000] {dagbag.py:545} INFO - Filling up the DagBag from /opt/airflow/dags/DagScraper.py
[2026-04-16T12:15:46.262+0000] {processor.py:840} INFO - DAG(s) 'dag_scraping_offres_emploi' retrieved from /opt/airflow/dags/DagScraper.py
[2026-04-16T12:15:46.356+0000] {logging_mixin.py:188} INFO - [2026-04-16T12:15:46.355+0000] {dag.py:3096} INFO - Sync 1 DAGs
[2026-04-16T12:15:46.482+0000] {logging_mixin.py:188} INFO - [2026-04-16T12:15:46.480+0000] {dag.py:3954} INFO - Setting next_dagrun for dag_scraping_offres_emploi to 2026-04-16 06:00:00+00:00, run_after=2026-04-16 12:00:00+00:00
[2026-04-16T12:15:46.609+0000] {processor.py:183} INFO - Processing /opt/airflow/dags/DagScraper.py took 0.465 seconds
[2026-04-16T12:16:17.133+0000] {processor.py:161} INFO - Started process (PID=702) to work on /opt/airflow/dags/DagScraper.py
[2026-04-16T12:16:17.135+0000] {processor.py:830} INFO - Processing file /opt/airflow/dags/DagScraper.py for tasks to queue
[2026-04-16T12:16:17.138+0000] {logging_mixin.py:188} INFO - [2026-04-16T12:16:17.137+0000] {dagbag.py:545} INFO - Filling up the DagBag from /opt/airflow/dags/DagScraper.py
[2026-04-16T12:16:17.180+0000] {processor.py:840} INFO - DAG(s) 'dag_scraping_offres_emploi' retrieved from /opt/airflow/dags/DagScraper.py
[2026-04-16T12:16:17.255+0000] {logging_mixin.py:188} INFO - [2026-04-16T12:16:17.254+0000] {dag.py:3096} INFO - Sync 1 DAGs
[2026-04-16T12:16:17.312+0000] {logging_mixin.py:188} INFO - [2026-04-16T12:16:17.311+0000] {dag.py:3954} INFO - Setting next_dagrun for dag_scraping_offres_emploi to 2026-04-16 06:00:00+00:00, run_after=2026-04-16 12:00:00+00:00
[2026-04-16T12:16:17.403+0000] {processor.py:183} INFO - Processing /opt/airflow/dags/DagScraper.py took 0.279 seconds
[2026-04-16T12:16:47.974+0000] {processor.py:161} INFO - Started process (PID=716) to work on /opt/airflow/dags/DagScraper.py
[2026-04-16T12:16:47.976+0000] {processor.py:830} INFO - Processing file /opt/airflow/dags/DagScraper.py for tasks to queue
[2026-04-16T12:16:47.978+0000] {logging_mixin.py:188} INFO - [2026-04-16T12:16:47.978+0000] {dagbag.py:545} INFO - Filling up the DagBag from /opt/airflow/dags/DagScraper.py
[2026-04-16T12:16:48.008+0000] {processor.py:840} INFO - DAG(s) 'dag_scraping_offres_emploi' retrieved from /opt/airflow/dags/DagScraper.py
[2026-04-16T12:16:48.062+0000] {logging_mixin.py:188} INFO - [2026-04-16T12:16:48.061+0000] {dag.py:3096} INFO - Sync 1 DAGs
[2026-04-16T12:16:48.105+0000] {logging_mixin.py:188} INFO - [2026-04-16T12:16:48.104+0000] {dag.py:3954} INFO - Setting next_dagrun for dag_scraping_offres_emploi to 2026-04-16 06:00:00+00:00, run_after=2026-04-16 12:00:00+00:00
[2026-04-16T12:16:48.159+0000] {processor.py:183} INFO - Processing /opt/airflow/dags/DagScraper.py took 0.194 seconds
[2026-04-16T12:17:18.236+0000] {processor.py:161} INFO - Started process (PID=723) to work on /opt/airflow/dags/DagScraper.py
[2026-04-16T12:17:18.237+0000] {processor.py:830} INFO - Processing file /opt/airflow/dags/DagScraper.py for tasks to queue
[2026-04-16T12:17:18.240+0000] {logging_mixin.py:188} INFO - [2026-04-16T12:17:18.240+0000] {dagbag.py:545} INFO - Filling up the DagBag from /opt/airflow/dags/DagScraper.py
[2026-04-16T12:17:18.279+0000] {processor.py:840} INFO - DAG(s) 'dag_scraping_offres_emploi' retrieved from /opt/airflow/dags/DagScraper.py
[2026-04-16T12:17:18.334+0000] {logging_mixin.py:188} INFO - [2026-04-16T12:17:18.333+0000] {dag.py:3096} INFO - Sync 1 DAGs
[2026-04-16T12:17:18.370+0000] {logging_mixin.py:188} INFO - [2026-04-16T12:17:18.370+0000] {dag.py:3954} INFO - Setting next_dagrun for dag_scraping_offres_emploi to 2026-04-16 06:00:00+00:00, run_after=2026-04-16 12:00:00+00:00
[2026-04-16T12:17:18.407+0000] {processor.py:183} INFO - Processing /opt/airflow/dags/DagScraper.py took 0.180 seconds
[2026-04-16T12:17:49.247+0000] {processor.py:161} INFO - Started process (PID=737) to work on /opt/airflow/dags/DagScraper.py
[2026-04-16T12:17:49.248+0000] {processor.py:830} INFO - Processing file /opt/airflow/dags/DagScraper.py for tasks to queue
[2026-04-16T12:17:49.251+0000] {logging_mixin.py:188} INFO - [2026-04-16T12:17:49.250+0000] {dagbag.py:545} INFO - Filling up the DagBag from /opt/airflow/dags/DagScraper.py
[2026-04-16T12:17:49.282+0000] {processor.py:840} INFO - DAG(s) 'dag_scraping_offres_emploi' retrieved from /opt/airflow/dags/DagScraper.py
[2026-04-16T12:17:49.458+0000] {logging_mixin.py:188} INFO - [2026-04-16T12:17:49.457+0000] {dag.py:3096} INFO - Sync 1 DAGs
[2026-04-16T12:17:49.667+0000] {logging_mixin.py:188} INFO - [2026-04-16T12:17:49.666+0000] {dag.py:3954} INFO - Setting next_dagrun for dag_scraping_offres_emploi to 2026-04-16 06:00:00+00:00, run_after=2026-04-16 12:00:00+00:00
[2026-04-16T12:17:49.837+0000] {processor.py:183} INFO - Processing /opt/airflow/dags/DagScraper.py took 0.603 seconds
[2026-04-16T12:18:20.660+0000] {processor.py:161} INFO - Started process (PID=744) to work on /opt/airflow/dags/DagScraper.py
[2026-04-16T12:18:20.680+0000] {processor.py:830} INFO - Processing file /opt/airflow/dags/DagScraper.py for tasks to queue
[2026-04-16T12:18:20.688+0000] {logging_mixin.py:188} INFO - [2026-04-16T12:18:20.687+0000] {dagbag.py:545} INFO - Filling up the DagBag from /opt/airflow/dags/DagScraper.py
[2026-04-16T12:18:20.755+0000] {processor.py:840} INFO - DAG(s) 'dag_scraping_offres_emploi' retrieved from /opt/airflow/dags/DagScraper.py
[2026-04-16T12:18:20.935+0000] {logging_mixin.py:188} INFO - [2026-04-16T12:18:20.934+0000] {dag.py:3096} INFO - Sync 1 DAGs
[2026-04-16T12:18:21.048+0000] {logging_mixin.py:188} INFO - [2026-04-16T12:18:21.047+0000] {dag.py:3954} INFO - Setting next_dagrun for dag_scraping_offres_emploi to 2026-04-16 06:00:00+00:00, run_after=2026-04-16 12:00:00+00:00
[2026-04-16T12:18:21.163+0000] {processor.py:183} INFO - Processing /opt/airflow/dags/DagScraper.py took 0.525 seconds
[2026-04-16T12:18:51.500+0000] {processor.py:161} INFO - Started process (PID=760) to work on /opt/airflow/dags/DagScraper.py
[2026-04-16T12:18:51.502+0000] {processor.py:830} INFO - Processing file /opt/airflow/dags/DagScraper.py for tasks to queue
[2026-04-16T12:18:51.506+0000] {logging_mixin.py:188} INFO - [2026-04-16T12:18:51.505+0000] {dagbag.py:545} INFO - Filling up the DagBag from /opt/airflow/dags/DagScraper.py
[2026-04-16T12:18:51.567+0000] {processor.py:840} INFO - DAG(s) 'dag_scraping_offres_emploi' retrieved from /opt/airflow/dags/DagScraper.py
[2026-04-16T12:18:51.675+0000] {logging_mixin.py:188} INFO - [2026-04-16T12:18:51.674+0000] {dag.py:3096} INFO - Sync 1 DAGs
[2026-04-16T12:18:51.735+0000] {logging_mixin.py:188} INFO - [2026-04-16T12:18:51.732+0000] {dag.py:3954} INFO - Setting next_dagrun for dag_scraping_offres_emploi to 2026-04-16 06:00:00+00:00, run_after=2026-04-16 12:00:00+00:00
[2026-04-16T12:18:51.773+0000] {processor.py:183} INFO - Processing /opt/airflow/dags/DagScraper.py took 0.298 seconds
[2026-04-16T12:19:22.698+0000] {processor.py:161} INFO - Started process (PID=768) to work on /opt/airflow/dags/DagScraper.py
[2026-04-16T12:19:22.705+0000] {processor.py:830} INFO - Processing file /opt/airflow/dags/DagScraper.py for tasks to queue
[2026-04-16T12:19:22.712+0000] {logging_mixin.py:188} INFO - [2026-04-16T12:19:22.712+0000] {dagbag.py:545} INFO - Filling up the DagBag from /opt/airflow/dags/DagScraper.py
[2026-04-16T12:19:22.783+0000] {processor.py:840} INFO - DAG(s) 'dag_scraping_offres_emploi' retrieved from /opt/airflow/dags/DagScraper.py
[2026-04-16T12:19:22.864+0000] {logging_mixin.py:188} INFO - [2026-04-16T12:19:22.864+0000] {dag.py:3096} INFO - Sync 1 DAGs
[2026-04-16T12:19:22.913+0000] {logging_mixin.py:188} INFO - [2026-04-16T12:19:22.913+0000] {dag.py:3954} INFO - Setting next_dagrun for dag_scraping_offres_emploi to 2026-04-16 06:00:00+00:00, run_after=2026-04-16 12:00:00+00:00
[2026-04-16T12:19:22.959+0000] {processor.py:183} INFO - Processing /opt/airflow/dags/DagScraper.py took 0.275 seconds
[2026-04-16T12:19:53.418+0000] {processor.py:161} INFO - Started process (PID=783) to work on /opt/airflow/dags/DagScraper.py
[2026-04-16T12:19:53.420+0000] {processor.py:830} INFO - Processing file /opt/airflow/dags/DagScraper.py for tasks to queue
[2026-04-16T12:19:53.424+0000] {logging_mixin.py:188} INFO - [2026-04-16T12:19:53.423+0000] {dagbag.py:545} INFO - Filling up the DagBag from /opt/airflow/dags/DagScraper.py
[2026-04-16T12:19:53.479+0000] {processor.py:840} INFO - DAG(s) 'dag_scraping_offres_emploi' retrieved from /opt/airflow/dags/DagScraper.py
[2026-04-16T12:19:53.586+0000] {logging_mixin.py:188} INFO - [2026-04-16T12:19:53.585+0000] {dag.py:3096} INFO - Sync 1 DAGs
[2026-04-16T12:19:53.679+0000] {logging_mixin.py:188} INFO - [2026-04-16T12:19:53.678+0000] {dag.py:3954} INFO - Setting next_dagrun for dag_scraping_offres_emploi to 2026-04-16 06:00:00+00:00, run_after=2026-04-16 12:00:00+00:00
[2026-04-16T12:19:53.802+0000] {processor.py:183} INFO - Processing /opt/airflow/dags/DagScraper.py took 0.415 seconds
[2026-04-16T12:20:24.077+0000] {processor.py:161} INFO - Started process (PID=791) to work on /opt/airflow/dags/DagScraper.py
[2026-04-16T12:20:24.079+0000] {processor.py:830} INFO - Processing file /opt/airflow/dags/DagScraper.py for tasks to queue
[2026-04-16T12:20:24.082+0000] {logging_mixin.py:188} INFO - [2026-04-16T12:20:24.081+0000] {dagbag.py:545} INFO - Filling up the DagBag from /opt/airflow/dags/DagScraper.py
[2026-04-16T12:20:24.137+0000] {processor.py:840} INFO - DAG(s) 'dag_scraping_offres_emploi' retrieved from /opt/airflow/dags/DagScraper.py
[2026-04-16T12:20:24.205+0000] {logging_mixin.py:188} INFO - [2026-04-16T12:20:24.205+0000] {dag.py:3096} INFO - Sync 1 DAGs
[2026-04-16T12:20:24.249+0000] {logging_mixin.py:188} INFO - [2026-04-16T12:20:24.248+0000] {dag.py:3954} INFO - Setting next_dagrun for dag_scraping_offres_emploi to 2026-04-16 06:00:00+00:00, run_after=2026-04-16 12:00:00+00:00
[2026-04-16T12:20:24.329+0000] {processor.py:183} INFO - Processing /opt/airflow/dags/DagScraper.py took 0.268 seconds
[2026-04-16T12:20:54.626+0000] {processor.py:161} INFO - Started process (PID=805) to work on /opt/airflow/dags/DagScraper.py
[2026-04-16T12:20:54.635+0000] {processor.py:830} INFO - Processing file /opt/airflow/dags/DagScraper.py for tasks to queue
[2026-04-16T12:20:54.647+0000] {logging_mixin.py:188} INFO - [2026-04-16T12:20:54.646+0000] {dagbag.py:545} INFO - Filling up the DagBag from /opt/airflow/dags/DagScraper.py
[2026-04-16T12:20:54.750+0000] {processor.py:840} INFO - DAG(s) 'dag_scraping_offres_emploi' retrieved from /opt/airflow/dags/DagScraper.py
[2026-04-16T12:20:54.890+0000] {logging_mixin.py:188} INFO - [2026-04-16T12:20:54.890+0000] {dag.py:3096} INFO - Sync 1 DAGs
[2026-04-16T12:20:54.949+0000] {logging_mixin.py:188} INFO - [2026-04-16T12:20:54.949+0000] {dag.py:3954} INFO - Setting next_dagrun for dag_scraping_offres_emploi to 2026-04-16 06:00:00+00:00, run_after=2026-04-16 12:00:00+00:00
[2026-04-16T12:20:55.036+0000] {processor.py:183} INFO - Processing /opt/airflow/dags/DagScraper.py took 0.458 seconds
[2026-04-16T12:21:25.610+0000] {processor.py:161} INFO - Started process (PID=813) to work on /opt/airflow/dags/DagScraper.py
[2026-04-16T12:21:25.612+0000] {processor.py:830} INFO - Processing file /opt/airflow/dags/DagScraper.py for tasks to queue
[2026-04-16T12:21:25.616+0000] {logging_mixin.py:188} INFO - [2026-04-16T12:21:25.615+0000] {dagbag.py:545} INFO - Filling up the DagBag from /opt/airflow/dags/DagScraper.py
[2026-04-16T12:21:25.653+0000] {processor.py:840} INFO - DAG(s) 'dag_scraping_offres_emploi' retrieved from /opt/airflow/dags/DagScraper.py
[2026-04-16T12:21:25.777+0000] {logging_mixin.py:188} INFO - [2026-04-16T12:21:25.776+0000] {dag.py:3096} INFO - Sync 1 DAGs
[2026-04-16T12:21:25.934+0000] {logging_mixin.py:188} INFO - [2026-04-16T12:21:25.934+0000] {dag.py:3954} INFO - Setting next_dagrun for dag_scraping_offres_emploi to 2026-04-16 06:00:00+00:00, run_after=2026-04-16 12:00:00+00:00
[2026-04-16T12:21:26.102+0000] {processor.py:183} INFO - Processing /opt/airflow/dags/DagScraper.py took 0.501 seconds
[2026-04-16T12:21:56.209+0000] {processor.py:161} INFO - Started process (PID=828) to work on /opt/airflow/dags/DagScraper.py
[2026-04-16T12:21:56.210+0000] {processor.py:830} INFO - Processing file /opt/airflow/dags/DagScraper.py for tasks to queue
[2026-04-16T12:21:56.214+0000] {logging_mixin.py:188} INFO - [2026-04-16T12:21:56.213+0000] {dagbag.py:545} INFO - Filling up the DagBag from /opt/airflow/dags/DagScraper.py
[2026-04-16T12:21:56.250+0000] {processor.py:840} INFO - DAG(s) 'dag_scraping_offres_emploi' retrieved from /opt/airflow/dags/DagScraper.py
[2026-04-16T12:21:56.322+0000] {logging_mixin.py:188} INFO - [2026-04-16T12:21:56.321+0000] {dag.py:3096} INFO - Sync 1 DAGs
[2026-04-16T12:21:56.382+0000] {logging_mixin.py:188} INFO - [2026-04-16T12:21:56.381+0000] {dag.py:3954} INFO - Setting next_dagrun for dag_scraping_offres_emploi to 2026-04-16 06:00:00+00:00, run_after=2026-04-16 12:00:00+00:00
[2026-04-16T12:21:56.442+0000] {processor.py:183} INFO - Processing /opt/airflow/dags/DagScraper.py took 0.245 seconds
[2026-04-16T12:22:27.136+0000] {processor.py:161} INFO - Started process (PID=836) to work on /opt/airflow/dags/DagScraper.py
[2026-04-16T12:22:27.137+0000] {processor.py:830} INFO - Processing file /opt/airflow/dags/DagScraper.py for tasks to queue
[2026-04-16T12:22:27.140+0000] {logging_mixin.py:188} INFO - [2026-04-16T12:22:27.140+0000] {dagbag.py:545} INFO - Filling up the DagBag from /opt/airflow/dags/DagScraper.py
[2026-04-16T12:22:27.172+0000] {processor.py:840} INFO - DAG(s) 'dag_scraping_offres_emploi' retrieved from /opt/airflow/dags/DagScraper.py
[2026-04-16T12:22:27.228+0000] {logging_mixin.py:188} INFO - [2026-04-16T12:22:27.227+0000] {dag.py:3096} INFO - Sync 1 DAGs
[2026-04-16T12:22:27.269+0000] {logging_mixin.py:188} INFO - [2026-04-16T12:22:27.268+0000] {dag.py:3954} INFO - Setting next_dagrun for dag_scraping_offres_emploi to 2026-04-16 06:00:00+00:00, run_after=2026-04-16 12:00:00+00:00
[2026-04-16T12:22:27.342+0000] {processor.py:183} INFO - Processing /opt/airflow/dags/DagScraper.py took 0.215 seconds
[2026-04-16T12:22:57.733+0000] {processor.py:161} INFO - Started process (PID=850) to work on /opt/airflow/dags/DagScraper.py
[2026-04-16T12:22:57.735+0000] {processor.py:830} INFO - Processing file /opt/airflow/dags/DagScraper.py for tasks to queue
[2026-04-16T12:22:57.738+0000] {logging_mixin.py:188} INFO - [2026-04-16T12:22:57.737+0000] {dagbag.py:545} INFO - Filling up the DagBag from /opt/airflow/dags/DagScraper.py
[2026-04-16T12:22:57.775+0000] {processor.py:840} INFO - DAG(s) 'dag_scraping_offres_emploi' retrieved from /opt/airflow/dags/DagScraper.py
[2026-04-16T12:22:57.873+0000] {logging_mixin.py:188} INFO - [2026-04-16T12:22:57.872+0000] {dag.py:3096} INFO - Sync 1 DAGs
[2026-04-16T12:22:57.981+0000] {logging_mixin.py:188} INFO - [2026-04-16T12:22:57.981+0000] {dag.py:3954} INFO - Setting next_dagrun for dag_scraping_offres_emploi to 2026-04-16 06:00:00+00:00, run_after=2026-04-16 12:00:00+00:00
[2026-04-16T12:22:58.038+0000] {processor.py:183} INFO - Processing /opt/airflow/dags/DagScraper.py took 0.314 seconds
[2026-04-16T12:23:28.272+0000] {processor.py:161} INFO - Started process (PID=859) to work on /opt/airflow/dags/DagScraper.py
[2026-04-16T12:23:28.275+0000] {processor.py:830} INFO - Processing file /opt/airflow/dags/DagScraper.py for tasks to queue
[2026-04-16T12:23:28.285+0000] {logging_mixin.py:188} INFO - [2026-04-16T12:23:28.284+0000] {dagbag.py:545} INFO - Filling up the DagBag from /opt/airflow/dags/DagScraper.py
[2026-04-16T12:23:28.346+0000] {processor.py:840} INFO - DAG(s) 'dag_scraping_offres_emploi' retrieved from /opt/airflow/dags/DagScraper.py
[2026-04-16T12:23:28.477+0000] {logging_mixin.py:188} INFO - [2026-04-16T12:23:28.477+0000] {dag.py:3096} INFO - Sync 1 DAGs
[2026-04-16T12:23:28.545+0000] {logging_mixin.py:188} INFO - [2026-04-16T12:23:28.545+0000] {dag.py:3954} INFO - Setting next_dagrun for dag_scraping_offres_emploi to 2026-04-16 06:00:00+00:00, run_after=2026-04-16 12:00:00+00:00
[2026-04-16T12:23:28.602+0000] {processor.py:183} INFO - Processing /opt/airflow/dags/DagScraper.py took 0.345 seconds
[2026-04-16T12:23:58.732+0000] {processor.py:161} INFO - Started process (PID=873) to work on /opt/airflow/dags/DagScraper.py
[2026-04-16T12:23:58.734+0000] {processor.py:830} INFO - Processing file /opt/airflow/dags/DagScraper.py for tasks to queue
[2026-04-16T12:23:58.738+0000] {logging_mixin.py:188} INFO - [2026-04-16T12:23:58.737+0000] {dagbag.py:545} INFO - Filling up the DagBag from /opt/airflow/dags/DagScraper.py
[2026-04-16T12:23:58.833+0000] {processor.py:840} INFO - DAG(s) 'dag_scraping_offres_emploi' retrieved from /opt/airflow/dags/DagScraper.py
[2026-04-16T12:23:58.990+0000] {logging_mixin.py:188} INFO - [2026-04-16T12:23:58.989+0000] {dag.py:3096} INFO - Sync 1 DAGs
[2026-04-16T12:23:59.046+0000] {logging_mixin.py:188} INFO - [2026-04-16T12:23:59.046+0000] {dag.py:3954} INFO - Setting next_dagrun for dag_scraping_offres_emploi to 2026-04-16 06:00:00+00:00, run_after=2026-04-16 12:00:00+00:00
[2026-04-16T12:23:59.105+0000] {processor.py:183} INFO - Processing /opt/airflow/dags/DagScraper.py took 0.385 seconds
[2026-04-16T12:24:29.808+0000] {processor.py:161} INFO - Started process (PID=881) to work on /opt/airflow/dags/DagScraper.py
[2026-04-16T12:24:29.814+0000] {processor.py:830} INFO - Processing file /opt/airflow/dags/DagScraper.py for tasks to queue
[2026-04-16T12:24:29.819+0000] {logging_mixin.py:188} INFO - [2026-04-16T12:24:29.818+0000] {dagbag.py:545} INFO - Filling up the DagBag from /opt/airflow/dags/DagScraper.py
[2026-04-16T12:24:29.887+0000] {processor.py:840} INFO - DAG(s) 'dag_scraping_offres_emploi' retrieved from /opt/airflow/dags/DagScraper.py
[2026-04-16T12:24:30.023+0000] {logging_mixin.py:188} INFO - [2026-04-16T12:24:30.022+0000] {dag.py:3096} INFO - Sync 1 DAGs
[2026-04-16T12:24:30.108+0000] {logging_mixin.py:188} INFO - [2026-04-16T12:24:30.108+0000] {dag.py:3954} INFO - Setting next_dagrun for dag_scraping_offres_emploi to 2026-04-16 06:00:00+00:00, run_after=2026-04-16 12:00:00+00:00
[2026-04-16T12:24:30.162+0000] {processor.py:183} INFO - Processing /opt/airflow/dags/DagScraper.py took 0.369 seconds
[2026-04-16T12:25:01.760+0000] {processor.py:161} INFO - Started process (PID=895) to work on /opt/airflow/dags/DagScraper.py
[2026-04-16T12:25:01.763+0000] {processor.py:830} INFO - Processing file /opt/airflow/dags/DagScraper.py for tasks to queue
[2026-04-16T12:25:01.771+0000] {logging_mixin.py:188} INFO - [2026-04-16T12:25:01.770+0000] {dagbag.py:545} INFO - Filling up the DagBag from /opt/airflow/dags/DagScraper.py
[2026-04-16T12:25:01.919+0000] {processor.py:840} INFO - DAG(s) 'dag_scraping_offres_emploi' retrieved from /opt/airflow/dags/DagScraper.py
[2026-04-16T12:25:02.376+0000] {logging_mixin.py:188} INFO - [2026-04-16T12:25:02.372+0000] {dag.py:3096} INFO - Sync 1 DAGs
[2026-04-16T12:25:02.635+0000] {logging_mixin.py:188} INFO - [2026-04-16T12:25:02.634+0000] {dag.py:3954} INFO - Setting next_dagrun for dag_scraping_offres_emploi to 2026-04-16 06:00:00+00:00, run_after=2026-04-16 12:00:00+00:00
[2026-04-16T12:25:03.019+0000] {processor.py:183} INFO - Processing /opt/airflow/dags/DagScraper.py took 1.324 seconds
[2026-04-16T12:25:33.784+0000] {processor.py:161} INFO - Started process (PID=904) to work on /opt/airflow/dags/DagScraper.py
[2026-04-16T12:25:33.787+0000] {processor.py:830} INFO - Processing file /opt/airflow/dags/DagScraper.py for tasks to queue
[2026-04-16T12:25:33.800+0000] {logging_mixin.py:188} INFO - [2026-04-16T12:25:33.799+0000] {dagbag.py:545} INFO - Filling up the DagBag from /opt/airflow/dags/DagScraper.py
[2026-04-16T12:25:33.932+0000] {processor.py:840} INFO - DAG(s) 'dag_scraping_offres_emploi' retrieved from /opt/airflow/dags/DagScraper.py
[2026-04-16T12:25:34.199+0000] {logging_mixin.py:188} INFO - [2026-04-16T12:25:34.199+0000] {dag.py:3096} INFO - Sync 1 DAGs
[2026-04-16T12:25:34.329+0000] {logging_mixin.py:188} INFO - [2026-04-16T12:25:34.328+0000] {dag.py:3954} INFO - Setting next_dagrun for dag_scraping_offres_emploi to 2026-04-16 06:00:00+00:00, run_after=2026-04-16 12:00:00+00:00
[2026-04-16T12:25:34.417+0000] {processor.py:183} INFO - Processing /opt/airflow/dags/DagScraper.py took 0.676 seconds
[2026-04-16T12:26:04.589+0000] {processor.py:161} INFO - Started process (PID=918) to work on /opt/airflow/dags/DagScraper.py
[2026-04-16T12:26:04.591+0000] {processor.py:830} INFO - Processing file /opt/airflow/dags/DagScraper.py for tasks to queue
[2026-04-16T12:26:04.597+0000] {logging_mixin.py:188} INFO - [2026-04-16T12:26:04.596+0000] {dagbag.py:545} INFO - Filling up the DagBag from /opt/airflow/dags/DagScraper.py
[2026-04-16T12:26:04.647+0000] {processor.py:840} INFO - DAG(s) 'dag_scraping_offres_emploi' retrieved from /opt/airflow/dags/DagScraper.py
[2026-04-16T12:26:04.775+0000] {logging_mixin.py:188} INFO - [2026-04-16T12:26:04.775+0000] {dag.py:3096} INFO - Sync 1 DAGs
[2026-04-16T12:26:04.851+0000] {logging_mixin.py:188} INFO - [2026-04-16T12:26:04.851+0000] {dag.py:3954} INFO - Setting next_dagrun for dag_scraping_offres_emploi to 2026-04-16 06:00:00+00:00, run_after=2026-04-16 12:00:00+00:00
[2026-04-16T12:26:04.902+0000] {processor.py:183} INFO - Processing /opt/airflow/dags/DagScraper.py took 0.324 seconds
[2026-04-16T12:26:35.655+0000] {processor.py:161} INFO - Started process (PID=925) to work on /opt/airflow/dags/DagScraper.py
[2026-04-16T12:26:35.657+0000] {processor.py:830} INFO - Processing file /opt/airflow/dags/DagScraper.py for tasks to queue
[2026-04-16T12:26:35.689+0000] {logging_mixin.py:188} INFO - [2026-04-16T12:26:35.674+0000] {dagbag.py:545} INFO - Filling up the DagBag from /opt/airflow/dags/DagScraper.py
[2026-04-16T12:26:35.876+0000] {processor.py:840} INFO - DAG(s) 'dag_scraping_offres_emploi' retrieved from /opt/airflow/dags/DagScraper.py
[2026-04-16T12:26:36.138+0000] {logging_mixin.py:188} INFO - [2026-04-16T12:26:36.137+0000] {dag.py:3096} INFO - Sync 1 DAGs
[2026-04-16T12:26:36.257+0000] {logging_mixin.py:188} INFO - [2026-04-16T12:26:36.254+0000] {dag.py:3954} INFO - Setting next_dagrun for dag_scraping_offres_emploi to 2026-04-16 06:00:00+00:00, run_after=2026-04-16 12:00:00+00:00
[2026-04-16T12:26:36.363+0000] {processor.py:183} INFO - Processing /opt/airflow/dags/DagScraper.py took 0.747 seconds
[2026-04-16T12:27:06.915+0000] {processor.py:161} INFO - Started process (PID=939) to work on /opt/airflow/dags/DagScraper.py
[2026-04-16T12:27:06.917+0000] {processor.py:830} INFO - Processing file /opt/airflow/dags/DagScraper.py for tasks to queue
[2026-04-16T12:27:06.921+0000] {logging_mixin.py:188} INFO - [2026-04-16T12:27:06.920+0000] {dagbag.py:545} INFO - Filling up the DagBag from /opt/airflow/dags/DagScraper.py
[2026-04-16T12:27:06.961+0000] {processor.py:840} INFO - DAG(s) 'dag_scraping_offres_emploi' retrieved from /opt/airflow/dags/DagScraper.py
[2026-04-16T12:27:07.034+0000] {logging_mixin.py:188} INFO - [2026-04-16T12:27:07.034+0000] {dag.py:3096} INFO - Sync 1 DAGs
[2026-04-16T12:27:07.082+0000] {logging_mixin.py:188} INFO - [2026-04-16T12:27:07.082+0000] {dag.py:3954} INFO - Setting next_dagrun for dag_scraping_offres_emploi to 2026-04-16 06:00:00+00:00, run_after=2026-04-16 12:00:00+00:00
[2026-04-16T12:27:07.127+0000] {processor.py:183} INFO - Processing /opt/airflow/dags/DagScraper.py took 0.224 seconds
[2026-04-16T12:27:37.832+0000] {processor.py:161} INFO - Started process (PID=954) to work on /opt/airflow/dags/DagScraper.py
[2026-04-16T12:27:37.834+0000] {processor.py:830} INFO - Processing file /opt/airflow/dags/DagScraper.py for tasks to queue
[2026-04-16T12:27:37.838+0000] {logging_mixin.py:188} INFO - [2026-04-16T12:27:37.837+0000] {dagbag.py:545} INFO - Filling up the DagBag from /opt/airflow/dags/DagScraper.py
[2026-04-16T12:27:37.880+0000] {processor.py:840} INFO - DAG(s) 'dag_scraping_offres_emploi' retrieved from /opt/airflow/dags/DagScraper.py
[2026-04-16T12:27:37.938+0000] {logging_mixin.py:188} INFO - [2026-04-16T12:27:37.937+0000] {dag.py:3096} INFO - Sync 1 DAGs
[2026-04-16T12:27:37.978+0000] {logging_mixin.py:188} INFO - [2026-04-16T12:27:37.977+0000] {dag.py:3954} INFO - Setting next_dagrun for dag_scraping_offres_emploi to 2026-04-16 06:00:00+00:00, run_after=2026-04-16 12:00:00+00:00
[2026-04-16T12:27:38.016+0000] {processor.py:183} INFO - Processing /opt/airflow/dags/DagScraper.py took 0.195 seconds
[2026-04-16T12:28:08.725+0000] {processor.py:161} INFO - Started process (PID=962) to work on /opt/airflow/dags/DagScraper.py
[2026-04-16T12:28:08.726+0000] {processor.py:830} INFO - Processing file /opt/airflow/dags/DagScraper.py for tasks to queue
[2026-04-16T12:28:08.729+0000] {logging_mixin.py:188} INFO - [2026-04-16T12:28:08.729+0000] {dagbag.py:545} INFO - Filling up the DagBag from /opt/airflow/dags/DagScraper.py
[2026-04-16T12:28:08.762+0000] {processor.py:840} INFO - DAG(s) 'dag_scraping_offres_emploi' retrieved from /opt/airflow/dags/DagScraper.py
[2026-04-16T12:28:08.823+0000] {logging_mixin.py:188} INFO - [2026-04-16T12:28:08.822+0000] {dag.py:3096} INFO - Sync 1 DAGs
[2026-04-16T12:28:08.885+0000] {logging_mixin.py:188} INFO - [2026-04-16T12:28:08.884+0000] {dag.py:3954} INFO - Setting next_dagrun for dag_scraping_offres_emploi to 2026-04-16 06:00:00+00:00, run_after=2026-04-16 12:00:00+00:00
[2026-04-16T12:28:08.941+0000] {processor.py:183} INFO - Processing /opt/airflow/dags/DagScraper.py took 0.233 seconds
[2026-04-16T12:28:39.513+0000] {processor.py:161} INFO - Started process (PID=976) to work on /opt/airflow/dags/DagScraper.py
[2026-04-16T12:28:39.515+0000] {processor.py:830} INFO - Processing file /opt/airflow/dags/DagScraper.py for tasks to queue
[2026-04-16T12:28:39.518+0000] {logging_mixin.py:188} INFO - [2026-04-16T12:28:39.517+0000] {dagbag.py:545} INFO - Filling up the DagBag from /opt/airflow/dags/DagScraper.py
[2026-04-16T12:28:39.549+0000] {processor.py:840} INFO - DAG(s) 'dag_scraping_offres_emploi' retrieved from /opt/airflow/dags/DagScraper.py
[2026-04-16T12:28:39.608+0000] {logging_mixin.py:188} INFO - [2026-04-16T12:28:39.607+0000] {dag.py:3096} INFO - Sync 1 DAGs
[2026-04-16T12:28:39.664+0000] {logging_mixin.py:188} INFO - [2026-04-16T12:28:39.663+0000] {dag.py:3954} INFO - Setting next_dagrun for dag_scraping_offres_emploi to 2026-04-16 06:00:00+00:00, run_after=2026-04-16 12:00:00+00:00
[2026-04-16T12:28:39.714+0000] {processor.py:183} INFO - Processing /opt/airflow/dags/DagScraper.py took 0.209 seconds
[2026-04-16T12:29:09.932+0000] {processor.py:161} INFO - Started process (PID=983) to work on /opt/airflow/dags/DagScraper.py
[2026-04-16T12:29:09.933+0000] {processor.py:830} INFO - Processing file /opt/airflow/dags/DagScraper.py for tasks to queue
[2026-04-16T12:29:09.936+0000] {logging_mixin.py:188} INFO - [2026-04-16T12:29:09.936+0000] {dagbag.py:545} INFO - Filling up the DagBag from /opt/airflow/dags/DagScraper.py
[2026-04-16T12:29:09.969+0000] {processor.py:840} INFO - DAG(s) 'dag_scraping_offres_emploi' retrieved from /opt/airflow/dags/DagScraper.py
[2026-04-16T12:29:10.034+0000] {logging_mixin.py:188} INFO - [2026-04-16T12:29:10.033+0000] {dag.py:3096} INFO - Sync 1 DAGs
[2026-04-16T12:29:10.090+0000] {logging_mixin.py:188} INFO - [2026-04-16T12:29:10.090+0000] {dag.py:3954} INFO - Setting next_dagrun for dag_scraping_offres_emploi to 2026-04-16 06:00:00+00:00, run_after=2026-04-16 12:00:00+00:00
[2026-04-16T12:29:10.148+0000] {processor.py:183} INFO - Processing /opt/airflow/dags/DagScraper.py took 0.226 seconds
[2026-04-16T12:29:40.398+0000] {processor.py:161} INFO - Started process (PID=997) to work on /opt/airflow/dags/DagScraper.py
[2026-04-16T12:29:40.400+0000] {processor.py:830} INFO - Processing file /opt/airflow/dags/DagScraper.py for tasks to queue
[2026-04-16T12:29:40.403+0000] {logging_mixin.py:188} INFO - [2026-04-16T12:29:40.403+0000] {dagbag.py:545} INFO - Filling up the DagBag from /opt/airflow/dags/DagScraper.py
[2026-04-16T12:29:40.451+0000] {processor.py:840} INFO - DAG(s) 'dag_scraping_offres_emploi' retrieved from /opt/airflow/dags/DagScraper.py
[2026-04-16T12:29:40.607+0000] {logging_mixin.py:188} INFO - [2026-04-16T12:29:40.606+0000] {dag.py:3096} INFO - Sync 1 DAGs
[2026-04-16T12:29:40.653+0000] {logging_mixin.py:188} INFO - [2026-04-16T12:29:40.653+0000] {dag.py:3954} INFO - Setting next_dagrun for dag_scraping_offres_emploi to 2026-04-16 06:00:00+00:00, run_after=2026-04-16 12:00:00+00:00
[2026-04-16T12:29:40.697+0000] {processor.py:183} INFO - Processing /opt/airflow/dags/DagScraper.py took 0.310 seconds
[2026-04-16T12:30:11.159+0000] {processor.py:161} INFO - Started process (PID=1005) to work on /opt/airflow/dags/DagScraper.py
[2026-04-16T12:30:11.162+0000] {processor.py:830} INFO - Processing file /opt/airflow/dags/DagScraper.py for tasks to queue
[2026-04-16T12:30:11.169+0000] {logging_mixin.py:188} INFO - [2026-04-16T12:30:11.167+0000] {dagbag.py:545} INFO - Filling up the DagBag from /opt/airflow/dags/DagScraper.py
[2026-04-16T12:30:11.266+0000] {processor.py:840} INFO - DAG(s) 'dag_scraping_offres_emploi' retrieved from /opt/airflow/dags/DagScraper.py
[2026-04-16T12:30:11.325+0000] {logging_mixin.py:188} INFO - [2026-04-16T12:30:11.325+0000] {dag.py:3096} INFO - Sync 1 DAGs
[2026-04-16T12:30:11.372+0000] {logging_mixin.py:188} INFO - [2026-04-16T12:30:11.372+0000] {dag.py:3954} INFO - Setting next_dagrun for dag_scraping_offres_emploi to 2026-04-16 06:00:00+00:00, run_after=2026-04-16 12:00:00+00:00
[2026-04-16T12:30:11.417+0000] {processor.py:183} INFO - Processing /opt/airflow/dags/DagScraper.py took 0.271 seconds
[2026-04-16T12:30:41.693+0000] {processor.py:161} INFO - Started process (PID=1019) to work on /opt/airflow/dags/DagScraper.py
[2026-04-16T12:30:41.705+0000] {processor.py:830} INFO - Processing file /opt/airflow/dags/DagScraper.py for tasks to queue
[2026-04-16T12:30:41.710+0000] {logging_mixin.py:188} INFO - [2026-04-16T12:30:41.709+0000] {dagbag.py:545} INFO - Filling up the DagBag from /opt/airflow/dags/DagScraper.py
[2026-04-16T12:30:41.816+0000] {processor.py:840} INFO - DAG(s) 'dag_scraping_offres_emploi' retrieved from /opt/airflow/dags/DagScraper.py
[2026-04-16T12:30:41.901+0000] {logging_mixin.py:188} INFO - [2026-04-16T12:30:41.901+0000] {dag.py:3096} INFO - Sync 1 DAGs
[2026-04-16T12:30:41.964+0000] {logging_mixin.py:188} INFO - [2026-04-16T12:30:41.964+0000] {dag.py:3954} INFO - Setting next_dagrun for dag_scraping_offres_emploi to 2026-04-16 06:00:00+00:00, run_after=2026-04-16 12:00:00+00:00
[2026-04-16T12:30:42.026+0000] {processor.py:183} INFO - Processing /opt/airflow/dags/DagScraper.py took 0.360 seconds
[2026-04-16T12:31:12.504+0000] {processor.py:161} INFO - Started process (PID=1026) to work on /opt/airflow/dags/DagScraper.py
[2026-04-16T12:31:12.506+0000] {processor.py:830} INFO - Processing file /opt/airflow/dags/DagScraper.py for tasks to queue
[2026-04-16T12:31:12.513+0000] {logging_mixin.py:188} INFO - [2026-04-16T12:31:12.512+0000] {dagbag.py:545} INFO - Filling up the DagBag from /opt/airflow/dags/DagScraper.py
[2026-04-16T12:31:12.551+0000] {processor.py:840} INFO - DAG(s) 'dag_scraping_offres_emploi' retrieved from /opt/airflow/dags/DagScraper.py
[2026-04-16T12:31:12.630+0000] {logging_mixin.py:188} INFO - [2026-04-16T12:31:12.630+0000] {dag.py:3096} INFO - Sync 1 DAGs
[2026-04-16T12:31:12.681+0000] {logging_mixin.py:188} INFO - [2026-04-16T12:31:12.680+0000] {dag.py:3954} INFO - Setting next_dagrun for dag_scraping_offres_emploi to 2026-04-16 06:00:00+00:00, run_after=2026-04-16 12:00:00+00:00
[2026-04-16T12:31:12.743+0000] {processor.py:183} INFO - Processing /opt/airflow/dags/DagScraper.py took 0.261 seconds
[2026-04-16T12:31:43.659+0000] {processor.py:161} INFO - Started process (PID=1040) to work on /opt/airflow/dags/DagScraper.py
[2026-04-16T12:31:43.666+0000] {processor.py:830} INFO - Processing file /opt/airflow/dags/DagScraper.py for tasks to queue
[2026-04-16T12:31:43.670+0000] {logging_mixin.py:188} INFO - [2026-04-16T12:31:43.670+0000] {dagbag.py:545} INFO - Filling up the DagBag from /opt/airflow/dags/DagScraper.py
[2026-04-16T12:31:43.744+0000] {processor.py:840} INFO - DAG(s) 'dag_scraping_offres_emploi' retrieved from /opt/airflow/dags/DagScraper.py
[2026-04-16T12:31:43.832+0000] {logging_mixin.py:188} INFO - [2026-04-16T12:31:43.831+0000] {dag.py:3096} INFO - Sync 1 DAGs
[2026-04-16T12:31:43.891+0000] {logging_mixin.py:188} INFO - [2026-04-16T12:31:43.890+0000] {dag.py:3954} INFO - Setting next_dagrun for dag_scraping_offres_emploi to 2026-04-16 06:00:00+00:00, run_after=2026-04-16 12:00:00+00:00
[2026-04-16T12:31:43.995+0000] {processor.py:183} INFO - Processing /opt/airflow/dags/DagScraper.py took 0.356 seconds
[2026-04-16T12:32:14.727+0000] {processor.py:161} INFO - Started process (PID=1048) to work on /opt/airflow/dags/DagScraper.py
[2026-04-16T12:32:14.730+0000] {processor.py:830} INFO - Processing file /opt/airflow/dags/DagScraper.py for tasks to queue
[2026-04-16T12:32:14.733+0000] {logging_mixin.py:188} INFO - [2026-04-16T12:32:14.732+0000] {dagbag.py:545} INFO - Filling up the DagBag from /opt/airflow/dags/DagScraper.py
[2026-04-16T12:32:14.783+0000] {processor.py:840} INFO - DAG(s) 'dag_scraping_offres_emploi' retrieved from /opt/airflow/dags/DagScraper.py
[2026-04-16T12:32:14.871+0000] {logging_mixin.py:188} INFO - [2026-04-16T12:32:14.871+0000] {dag.py:3096} INFO - Sync 1 DAGs
[2026-04-16T12:32:14.980+0000] {logging_mixin.py:188} INFO - [2026-04-16T12:32:14.979+0000] {dag.py:3954} INFO - Setting next_dagrun for dag_scraping_offres_emploi to 2026-04-16 06:00:00+00:00, run_after=2026-04-16 12:00:00+00:00
[2026-04-16T12:32:15.070+0000] {processor.py:183} INFO - Processing /opt/airflow/dags/DagScraper.py took 0.356 seconds
[2026-04-16T12:32:45.416+0000] {processor.py:161} INFO - Started process (PID=1063) to work on /opt/airflow/dags/DagScraper.py
[2026-04-16T12:32:45.418+0000] {processor.py:830} INFO - Processing file /opt/airflow/dags/DagScraper.py for tasks to queue
[2026-04-16T12:32:45.423+0000] {logging_mixin.py:188} INFO - [2026-04-16T12:32:45.421+0000] {dagbag.py:545} INFO - Filling up the DagBag from /opt/airflow/dags/DagScraper.py
[2026-04-16T12:32:45.486+0000] {processor.py:840} INFO - DAG(s) 'dag_scraping_offres_emploi' retrieved from /opt/airflow/dags/DagScraper.py
[2026-04-16T12:32:45.568+0000] {logging_mixin.py:188} INFO - [2026-04-16T12:32:45.567+0000] {dag.py:3096} INFO - Sync 1 DAGs
[2026-04-16T12:32:45.631+0000] {logging_mixin.py:188} INFO - [2026-04-16T12:32:45.631+0000] {dag.py:3954} INFO - Setting next_dagrun for dag_scraping_offres_emploi to 2026-04-16 06:00:00+00:00, run_after=2026-04-16 12:00:00+00:00
[2026-04-16T12:32:45.686+0000] {processor.py:183} INFO - Processing /opt/airflow/dags/DagScraper.py took 0.292 seconds
[2026-04-16T12:33:16.277+0000] {processor.py:161} INFO - Started process (PID=1071) to work on /opt/airflow/dags/DagScraper.py
[2026-04-16T12:33:16.280+0000] {processor.py:830} INFO - Processing file /opt/airflow/dags/DagScraper.py for tasks to queue
[2026-04-16T12:33:16.283+0000] {logging_mixin.py:188} INFO - [2026-04-16T12:33:16.283+0000] {dagbag.py:545} INFO - Filling up the DagBag from /opt/airflow/dags/DagScraper.py
[2026-04-16T12:33:16.361+0000] {processor.py:840} INFO - DAG(s) 'dag_scraping_offres_emploi' retrieved from /opt/airflow/dags/DagScraper.py
[2026-04-16T12:33:16.621+0000] {logging_mixin.py:188} INFO - [2026-04-16T12:33:16.620+0000] {dag.py:3096} INFO - Sync 1 DAGs
[2026-04-16T12:33:16.697+0000] {logging_mixin.py:188} INFO - [2026-04-16T12:33:16.697+0000] {dag.py:3954} INFO - Setting next_dagrun for dag_scraping_offres_emploi to 2026-04-16 06:00:00+00:00, run_after=2026-04-16 12:00:00+00:00
[2026-04-16T12:33:16.739+0000] {processor.py:183} INFO - Processing /opt/airflow/dags/DagScraper.py took 0.476 seconds
[2026-04-16T12:33:47.502+0000] {processor.py:161} INFO - Started process (PID=1086) to work on /opt/airflow/dags/DagScraper.py
[2026-04-16T12:33:47.507+0000] {processor.py:830} INFO - Processing file /opt/airflow/dags/DagScraper.py for tasks to queue
[2026-04-16T12:33:47.513+0000] {logging_mixin.py:188} INFO - [2026-04-16T12:33:47.511+0000] {dagbag.py:545} INFO - Filling up the DagBag from /opt/airflow/dags/DagScraper.py
[2026-04-16T12:33:47.574+0000] {processor.py:840} INFO - DAG(s) 'dag_scraping_offres_emploi' retrieved from /opt/airflow/dags/DagScraper.py
[2026-04-16T12:33:47.685+0000] {logging_mixin.py:188} INFO - [2026-04-16T12:33:47.684+0000] {dag.py:3096} INFO - Sync 1 DAGs
[2026-04-16T12:33:47.738+0000] {logging_mixin.py:188} INFO - [2026-04-16T12:33:47.737+0000] {dag.py:3954} INFO - Setting next_dagrun for dag_scraping_offres_emploi to 2026-04-16 06:00:00+00:00, run_after=2026-04-16 12:00:00+00:00
[2026-04-16T12:33:47.808+0000] {processor.py:183} INFO - Processing /opt/airflow/dags/DagScraper.py took 0.320 seconds
[2026-04-16T12:34:19.296+0000] {processor.py:161} INFO - Started process (PID=1094) to work on /opt/airflow/dags/DagScraper.py
[2026-04-16T12:34:19.298+0000] {processor.py:830} INFO - Processing file /opt/airflow/dags/DagScraper.py for tasks to queue
[2026-04-16T12:34:19.302+0000] {logging_mixin.py:188} INFO - [2026-04-16T12:34:19.301+0000] {dagbag.py:545} INFO - Filling up the DagBag from /opt/airflow/dags/DagScraper.py
[2026-04-16T12:34:19.398+0000] {processor.py:840} INFO - DAG(s) 'dag_scraping_offres_emploi' retrieved from /opt/airflow/dags/DagScraper.py
[2026-04-16T12:34:19.510+0000] {logging_mixin.py:188} INFO - [2026-04-16T12:34:19.509+0000] {dag.py:3096} INFO - Sync 1 DAGs
[2026-04-16T12:34:19.597+0000] {logging_mixin.py:188} INFO - [2026-04-16T12:34:19.596+0000] {dag.py:3954} INFO - Setting next_dagrun for dag_scraping_offres_emploi to 2026-04-16 06:00:00+00:00, run_after=2026-04-16 12:00:00+00:00
[2026-04-16T12:34:19.735+0000] {processor.py:183} INFO - Processing /opt/airflow/dags/DagScraper.py took 0.455 seconds
[2026-04-16T12:34:50.122+0000] {processor.py:161} INFO - Started process (PID=1108) to work on /opt/airflow/dags/DagScraper.py
[2026-04-16T12:34:50.127+0000] {processor.py:830} INFO - Processing file /opt/airflow/dags/DagScraper.py for tasks to queue
[2026-04-16T12:34:50.136+0000] {logging_mixin.py:188} INFO - [2026-04-16T12:34:50.135+0000] {dagbag.py:545} INFO - Filling up the DagBag from /opt/airflow/dags/DagScraper.py
[2026-04-16T12:34:50.269+0000] {processor.py:840} INFO - DAG(s) 'dag_scraping_offres_emploi' retrieved from /opt/airflow/dags/DagScraper.py
[2026-04-16T12:34:50.648+0000] {logging_mixin.py:188} INFO - [2026-04-16T12:34:50.643+0000] {dag.py:3096} INFO - Sync 1 DAGs
[2026-04-16T12:34:50.871+0000] {logging_mixin.py:188} INFO - [2026-04-16T12:34:50.871+0000] {dag.py:3954} INFO - Setting next_dagrun for dag_scraping_offres_emploi to 2026-04-16 06:00:00+00:00, run_after=2026-04-16 12:00:00+00:00
[2026-04-16T12:34:51.074+0000] {processor.py:183} INFO - Processing /opt/airflow/dags/DagScraper.py took 0.980 seconds
[2026-04-16T12:35:21.591+0000] {processor.py:161} INFO - Started process (PID=1122) to work on /opt/airflow/dags/DagScraper.py
[2026-04-16T12:35:21.594+0000] {processor.py:830} INFO - Processing file /opt/airflow/dags/DagScraper.py for tasks to queue
[2026-04-16T12:35:21.608+0000] {logging_mixin.py:188} INFO - [2026-04-16T12:35:21.607+0000] {dagbag.py:545} INFO - Filling up the DagBag from /opt/airflow/dags/DagScraper.py
[2026-04-16T12:35:21.656+0000] {processor.py:840} INFO - DAG(s) 'dag_scraping_offres_emploi' retrieved from /opt/airflow/dags/DagScraper.py
[2026-04-16T12:35:21.727+0000] {logging_mixin.py:188} INFO - [2026-04-16T12:35:21.727+0000] {dag.py:3096} INFO - Sync 1 DAGs
[2026-04-16T12:35:21.768+0000] {logging_mixin.py:188} INFO - [2026-04-16T12:35:21.767+0000] {dag.py:3954} INFO - Setting next_dagrun for dag_scraping_offres_emploi to 2026-04-16 06:00:00+00:00, run_after=2026-04-16 12:00:00+00:00
[2026-04-16T12:35:21.845+0000] {processor.py:183} INFO - Processing /opt/airflow/dags/DagScraper.py took 0.266 seconds
[2026-04-16T12:35:52.373+0000] {processor.py:161} INFO - Started process (PID=1131) to work on /opt/airflow/dags/DagScraper.py
[2026-04-16T12:35:52.375+0000] {processor.py:830} INFO - Processing file /opt/airflow/dags/DagScraper.py for tasks to queue
[2026-04-16T12:35:52.378+0000] {logging_mixin.py:188} INFO - [2026-04-16T12:35:52.378+0000] {dagbag.py:545} INFO - Filling up the DagBag from /opt/airflow/dags/DagScraper.py
[2026-04-16T12:35:52.421+0000] {processor.py:840} INFO - DAG(s) 'dag_scraping_offres_emploi' retrieved from /opt/airflow/dags/DagScraper.py
[2026-04-16T12:35:52.494+0000] {logging_mixin.py:188} INFO - [2026-04-16T12:35:52.493+0000] {dag.py:3096} INFO - Sync 1 DAGs
[2026-04-16T12:35:52.546+0000] {logging_mixin.py:188} INFO - [2026-04-16T12:35:52.545+0000] {dag.py:3954} INFO - Setting next_dagrun for dag_scraping_offres_emploi to 2026-04-16 06:00:00+00:00, run_after=2026-04-16 12:00:00+00:00
[2026-04-16T12:35:52.584+0000] {processor.py:183} INFO - Processing /opt/airflow/dags/DagScraper.py took 0.221 seconds
[2026-04-16T12:36:23.056+0000] {processor.py:161} INFO - Started process (PID=1146) to work on /opt/airflow/dags/DagScraper.py
[2026-04-16T12:36:23.059+0000] {processor.py:830} INFO - Processing file /opt/airflow/dags/DagScraper.py for tasks to queue
[2026-04-16T12:36:23.063+0000] {logging_mixin.py:188} INFO - [2026-04-16T12:36:23.062+0000] {dagbag.py:545} INFO - Filling up the DagBag from /opt/airflow/dags/DagScraper.py
[2026-04-16T12:36:23.121+0000] {processor.py:840} INFO - DAG(s) 'dag_scraping_offres_emploi' retrieved from /opt/airflow/dags/DagScraper.py
[2026-04-16T12:36:23.230+0000] {logging_mixin.py:188} INFO - [2026-04-16T12:36:23.229+0000] {dag.py:3096} INFO - Sync 1 DAGs
[2026-04-16T12:36:23.279+0000] {logging_mixin.py:188} INFO - [2026-04-16T12:36:23.279+0000] {dag.py:3954} INFO - Setting next_dagrun for dag_scraping_offres_emploi to 2026-04-16 06:00:00+00:00, run_after=2026-04-16 12:00:00+00:00
[2026-04-16T12:36:23.325+0000] {processor.py:183} INFO - Processing /opt/airflow/dags/DagScraper.py took 0.284 seconds
[2026-04-16T12:36:53.850+0000] {processor.py:161} INFO - Started process (PID=1154) to work on /opt/airflow/dags/DagScraper.py
[2026-04-16T12:36:53.852+0000] {processor.py:830} INFO - Processing file /opt/airflow/dags/DagScraper.py for tasks to queue
[2026-04-16T12:36:53.855+0000] {logging_mixin.py:188} INFO - [2026-04-16T12:36:53.855+0000] {dagbag.py:545} INFO - Filling up the DagBag from /opt/airflow/dags/DagScraper.py
[2026-04-16T12:36:53.891+0000] {processor.py:840} INFO - DAG(s) 'dag_scraping_offres_emploi' retrieved from /opt/airflow/dags/DagScraper.py
[2026-04-16T12:36:53.961+0000] {logging_mixin.py:188} INFO - [2026-04-16T12:36:53.960+0000] {dag.py:3096} INFO - Sync 1 DAGs
[2026-04-16T12:36:54.026+0000] {logging_mixin.py:188} INFO - [2026-04-16T12:36:54.026+0000] {dag.py:3954} INFO - Setting next_dagrun for dag_scraping_offres_emploi to 2026-04-16 06:00:00+00:00, run_after=2026-04-16 12:00:00+00:00
[2026-04-16T12:36:54.076+0000] {processor.py:183} INFO - Processing /opt/airflow/dags/DagScraper.py took 0.238 seconds
[2026-04-16T12:37:24.477+0000] {processor.py:161} INFO - Started process (PID=1168) to work on /opt/airflow/dags/DagScraper.py
[2026-04-16T12:37:24.479+0000] {processor.py:830} INFO - Processing file /opt/airflow/dags/DagScraper.py for tasks to queue
[2026-04-16T12:37:24.481+0000] {logging_mixin.py:188} INFO - [2026-04-16T12:37:24.481+0000] {dagbag.py:545} INFO - Filling up the DagBag from /opt/airflow/dags/DagScraper.py
[2026-04-16T12:37:24.512+0000] {processor.py:840} INFO - DAG(s) 'dag_scraping_offres_emploi' retrieved from /opt/airflow/dags/DagScraper.py
[2026-04-16T12:37:24.577+0000] {logging_mixin.py:188} INFO - [2026-04-16T12:37:24.576+0000] {dag.py:3096} INFO - Sync 1 DAGs
[2026-04-16T12:37:24.626+0000] {logging_mixin.py:188} INFO - [2026-04-16T12:37:24.626+0000] {dag.py:3954} INFO - Setting next_dagrun for dag_scraping_offres_emploi to 2026-04-16 06:00:00+00:00, run_after=2026-04-16 12:00:00+00:00
[2026-04-16T12:37:24.658+0000] {processor.py:183} INFO - Processing /opt/airflow/dags/DagScraper.py took 0.192 seconds
[2026-04-16T12:37:55.142+0000] {processor.py:161} INFO - Started process (PID=1176) to work on /opt/airflow/dags/DagScraper.py
[2026-04-16T12:37:55.148+0000] {processor.py:830} INFO - Processing file /opt/airflow/dags/DagScraper.py for tasks to queue
[2026-04-16T12:37:55.152+0000] {logging_mixin.py:188} INFO - [2026-04-16T12:37:55.151+0000] {dagbag.py:545} INFO - Filling up the DagBag from /opt/airflow/dags/DagScraper.py
[2026-04-16T12:37:55.216+0000] {processor.py:840} INFO - DAG(s) 'dag_scraping_offres_emploi' retrieved from /opt/airflow/dags/DagScraper.py
[2026-04-16T12:37:55.384+0000] {logging_mixin.py:188} INFO - [2026-04-16T12:37:55.383+0000] {dag.py:3096} INFO - Sync 1 DAGs
[2026-04-16T12:37:55.486+0000] {logging_mixin.py:188} INFO - [2026-04-16T12:37:55.486+0000] {dag.py:3954} INFO - Setting next_dagrun for dag_scraping_offres_emploi to 2026-04-16 06:00:00+00:00, run_after=2026-04-16 12:00:00+00:00
[2026-04-16T12:37:55.693+0000] {processor.py:183} INFO - Processing /opt/airflow/dags/DagScraper.py took 0.572 seconds
[2026-04-16T12:38:26.000+0000] {processor.py:161} INFO - Started process (PID=1191) to work on /opt/airflow/dags/DagScraper.py
[2026-04-16T12:38:26.012+0000] {processor.py:830} INFO - Processing file /opt/airflow/dags/DagScraper.py for tasks to queue
[2026-04-16T12:38:26.019+0000] {logging_mixin.py:188} INFO - [2026-04-16T12:38:26.018+0000] {dagbag.py:545} INFO - Filling up the DagBag from /opt/airflow/dags/DagScraper.py
[2026-04-16T12:38:26.067+0000] {processor.py:840} INFO - DAG(s) 'dag_scraping_offres_emploi' retrieved from /opt/airflow/dags/DagScraper.py
[2026-04-16T12:38:26.152+0000] {logging_mixin.py:188} INFO - [2026-04-16T12:38:26.152+0000] {dag.py:3096} INFO - Sync 1 DAGs
[2026-04-16T12:38:26.214+0000] {logging_mixin.py:188} INFO - [2026-04-16T12:38:26.213+0000] {dag.py:3954} INFO - Setting next_dagrun for dag_scraping_offres_emploi to 2026-04-16 06:00:00+00:00, run_after=2026-04-16 12:00:00+00:00
[2026-04-16T12:38:26.280+0000] {processor.py:183} INFO - Processing /opt/airflow/dags/DagScraper.py took 0.295 seconds
[2026-04-16T12:38:56.828+0000] {processor.py:161} INFO - Started process (PID=1198) to work on /opt/airflow/dags/DagScraper.py
[2026-04-16T12:38:56.830+0000] {processor.py:830} INFO - Processing file /opt/airflow/dags/DagScraper.py for tasks to queue
[2026-04-16T12:38:56.834+0000] {logging_mixin.py:188} INFO - [2026-04-16T12:38:56.834+0000] {dagbag.py:545} INFO - Filling up the DagBag from /opt/airflow/dags/DagScraper.py
[2026-04-16T12:38:56.869+0000] {processor.py:840} INFO - DAG(s) 'dag_scraping_offres_emploi' retrieved from /opt/airflow/dags/DagScraper.py
[2026-04-16T12:38:56.930+0000] {logging_mixin.py:188} INFO - [2026-04-16T12:38:56.929+0000] {dag.py:3096} INFO - Sync 1 DAGs
[2026-04-16T12:38:56.973+0000] {logging_mixin.py:188} INFO - [2026-04-16T12:38:56.972+0000] {dag.py:3954} INFO - Setting next_dagrun for dag_scraping_offres_emploi to 2026-04-16 06:00:00+00:00, run_after=2026-04-16 12:00:00+00:00
[2026-04-16T12:38:57.019+0000] {processor.py:183} INFO - Processing /opt/airflow/dags/DagScraper.py took 0.208 seconds
[2026-04-16T12:39:27.456+0000] {processor.py:161} INFO - Started process (PID=1212) to work on /opt/airflow/dags/DagScraper.py
[2026-04-16T12:39:27.458+0000] {processor.py:830} INFO - Processing file /opt/airflow/dags/DagScraper.py for tasks to queue
[2026-04-16T12:39:27.461+0000] {logging_mixin.py:188} INFO - [2026-04-16T12:39:27.460+0000] {dagbag.py:545} INFO - Filling up the DagBag from /opt/airflow/dags/DagScraper.py
[2026-04-16T12:39:27.497+0000] {processor.py:840} INFO - DAG(s) 'dag_scraping_offres_emploi' retrieved from /opt/airflow/dags/DagScraper.py
[2026-04-16T12:39:27.556+0000] {logging_mixin.py:188} INFO - [2026-04-16T12:39:27.556+0000] {dag.py:3096} INFO - Sync 1 DAGs
[2026-04-16T12:39:27.615+0000] {logging_mixin.py:188} INFO - [2026-04-16T12:39:27.615+0000] {dag.py:3954} INFO - Setting next_dagrun for dag_scraping_offres_emploi to 2026-04-16 06:00:00+00:00, run_after=2026-04-16 12:00:00+00:00
[2026-04-16T12:39:27.666+0000] {processor.py:183} INFO - Processing /opt/airflow/dags/DagScraper.py took 0.219 seconds
[2026-04-16T12:39:58.080+0000] {processor.py:161} INFO - Started process (PID=1220) to work on /opt/airflow/dags/DagScraper.py
[2026-04-16T12:39:58.082+0000] {processor.py:830} INFO - Processing file /opt/airflow/dags/DagScraper.py for tasks to queue
[2026-04-16T12:39:58.084+0000] {logging_mixin.py:188} INFO - [2026-04-16T12:39:58.084+0000] {dagbag.py:545} INFO - Filling up the DagBag from /opt/airflow/dags/DagScraper.py
[2026-04-16T12:39:58.132+0000] {processor.py:840} INFO - DAG(s) 'dag_scraping_offres_emploi' retrieved from /opt/airflow/dags/DagScraper.py
[2026-04-16T12:39:58.220+0000] {logging_mixin.py:188} INFO - [2026-04-16T12:39:58.219+0000] {dag.py:3096} INFO - Sync 1 DAGs
[2026-04-16T12:39:58.292+0000] {logging_mixin.py:188} INFO - [2026-04-16T12:39:58.292+0000] {dag.py:3954} INFO - Setting next_dagrun for dag_scraping_offres_emploi to 2026-04-16 06:00:00+00:00, run_after=2026-04-16 12:00:00+00:00
[2026-04-16T12:39:58.339+0000] {processor.py:183} INFO - Processing /opt/airflow/dags/DagScraper.py took 0.268 seconds
[2026-04-16T12:40:28.926+0000] {processor.py:161} INFO - Started process (PID=1234) to work on /opt/airflow/dags/DagScraper.py
[2026-04-16T12:40:28.928+0000] {processor.py:830} INFO - Processing file /opt/airflow/dags/DagScraper.py for tasks to queue
[2026-04-16T12:40:28.931+0000] {logging_mixin.py:188} INFO - [2026-04-16T12:40:28.931+0000] {dagbag.py:545} INFO - Filling up the DagBag from /opt/airflow/dags/DagScraper.py
[2026-04-16T12:40:28.973+0000] {processor.py:840} INFO - DAG(s) 'dag_scraping_offres_emploi' retrieved from /opt/airflow/dags/DagScraper.py
[2026-04-16T12:40:29.059+0000] {logging_mixin.py:188} INFO - [2026-04-16T12:40:29.058+0000] {dag.py:3096} INFO - Sync 1 DAGs
[2026-04-16T12:40:29.117+0000] {logging_mixin.py:188} INFO - [2026-04-16T12:40:29.117+0000] {dag.py:3954} INFO - Setting next_dagrun for dag_scraping_offres_emploi to 2026-04-16 06:00:00+00:00, run_after=2026-04-16 12:00:00+00:00
[2026-04-16T12:40:29.159+0000] {processor.py:183} INFO - Processing /opt/airflow/dags/DagScraper.py took 0.242 seconds
[2026-04-16T12:40:59.617+0000] {processor.py:161} INFO - Started process (PID=1241) to work on /opt/airflow/dags/DagScraper.py
[2026-04-16T12:40:59.619+0000] {processor.py:830} INFO - Processing file /opt/airflow/dags/DagScraper.py for tasks to queue
[2026-04-16T12:40:59.624+0000] {logging_mixin.py:188} INFO - [2026-04-16T12:40:59.623+0000] {dagbag.py:545} INFO - Filling up the DagBag from /opt/airflow/dags/DagScraper.py
[2026-04-16T12:40:59.668+0000] {processor.py:840} INFO - DAG(s) 'dag_scraping_offres_emploi' retrieved from /opt/airflow/dags/DagScraper.py
[2026-04-16T12:40:59.725+0000] {logging_mixin.py:188} INFO - [2026-04-16T12:40:59.724+0000] {dag.py:3096} INFO - Sync 1 DAGs
[2026-04-16T12:40:59.768+0000] {logging_mixin.py:188} INFO - [2026-04-16T12:40:59.768+0000] {dag.py:3954} INFO - Setting next_dagrun for dag_scraping_offres_emploi to 2026-04-16 06:00:00+00:00, run_after=2026-04-16 12:00:00+00:00
[2026-04-16T12:40:59.810+0000] {processor.py:183} INFO - Processing /opt/airflow/dags/DagScraper.py took 0.210 seconds
[2026-04-16T12:41:30.288+0000] {processor.py:161} INFO - Started process (PID=1256) to work on /opt/airflow/dags/DagScraper.py
[2026-04-16T12:41:30.290+0000] {processor.py:830} INFO - Processing file /opt/airflow/dags/DagScraper.py for tasks to queue
[2026-04-16T12:41:30.294+0000] {logging_mixin.py:188} INFO - [2026-04-16T12:41:30.293+0000] {dagbag.py:545} INFO - Filling up the DagBag from /opt/airflow/dags/DagScraper.py
[2026-04-16T12:41:30.341+0000] {processor.py:840} INFO - DAG(s) 'dag_scraping_offres_emploi' retrieved from /opt/airflow/dags/DagScraper.py
[2026-04-16T12:41:30.494+0000] {logging_mixin.py:188} INFO - [2026-04-16T12:41:30.493+0000] {dag.py:3096} INFO - Sync 1 DAGs
[2026-04-16T12:41:30.567+0000] {logging_mixin.py:188} INFO - [2026-04-16T12:41:30.567+0000] {dag.py:3954} INFO - Setting next_dagrun for dag_scraping_offres_emploi to 2026-04-16 06:00:00+00:00, run_after=2026-04-16 12:00:00+00:00
[2026-04-16T12:41:30.616+0000] {processor.py:183} INFO - Processing /opt/airflow/dags/DagScraper.py took 0.344 seconds
[2026-04-16T12:42:00.715+0000] {processor.py:161} INFO - Started process (PID=1264) to work on /opt/airflow/dags/DagScraper.py
[2026-04-16T12:42:00.717+0000] {processor.py:830} INFO - Processing file /opt/airflow/dags/DagScraper.py for tasks to queue
[2026-04-16T12:42:00.721+0000] {logging_mixin.py:188} INFO - [2026-04-16T12:42:00.720+0000] {dagbag.py:545} INFO - Filling up the DagBag from /opt/airflow/dags/DagScraper.py
[2026-04-16T12:42:00.782+0000] {processor.py:840} INFO - DAG(s) 'dag_scraping_offres_emploi' retrieved from /opt/airflow/dags/DagScraper.py
[2026-04-16T12:42:00.873+0000] {logging_mixin.py:188} INFO - [2026-04-16T12:42:00.872+0000] {dag.py:3096} INFO - Sync 1 DAGs
[2026-04-16T12:42:00.923+0000] {logging_mixin.py:188} INFO - [2026-04-16T12:42:00.923+0000] {dag.py:3954} INFO - Setting next_dagrun for dag_scraping_offres_emploi to 2026-04-16 06:00:00+00:00, run_after=2026-04-16 12:00:00+00:00
[2026-04-16T12:42:00.964+0000] {processor.py:183} INFO - Processing /opt/airflow/dags/DagScraper.py took 0.264 seconds
[2026-04-16T12:42:31.464+0000] {processor.py:161} INFO - Started process (PID=1279) to work on /opt/airflow/dags/DagScraper.py
[2026-04-16T12:42:31.466+0000] {processor.py:830} INFO - Processing file /opt/airflow/dags/DagScraper.py for tasks to queue
[2026-04-16T12:42:31.471+0000] {logging_mixin.py:188} INFO - [2026-04-16T12:42:31.470+0000] {dagbag.py:545} INFO - Filling up the DagBag from /opt/airflow/dags/DagScraper.py
[2026-04-16T12:42:31.524+0000] {processor.py:840} INFO - DAG(s) 'dag_scraping_offres_emploi' retrieved from /opt/airflow/dags/DagScraper.py
[2026-04-16T12:42:31.609+0000] {logging_mixin.py:188} INFO - [2026-04-16T12:42:31.608+0000] {dag.py:3096} INFO - Sync 1 DAGs
[2026-04-16T12:42:31.649+0000] {logging_mixin.py:188} INFO - [2026-04-16T12:42:31.648+0000] {dag.py:3954} INFO - Setting next_dagrun for dag_scraping_offres_emploi to 2026-04-16 06:00:00+00:00, run_after=2026-04-16 12:00:00+00:00
[2026-04-16T12:42:31.689+0000] {processor.py:183} INFO - Processing /opt/airflow/dags/DagScraper.py took 0.241 seconds
[2026-04-16T12:43:02.034+0000] {processor.py:161} INFO - Started process (PID=1287) to work on /opt/airflow/dags/DagScraper.py
[2026-04-16T12:43:02.039+0000] {processor.py:830} INFO - Processing file /opt/airflow/dags/DagScraper.py for tasks to queue
[2026-04-16T12:43:02.049+0000] {logging_mixin.py:188} INFO - [2026-04-16T12:43:02.042+0000] {dagbag.py:545} INFO - Filling up the DagBag from /opt/airflow/dags/DagScraper.py
[2026-04-16T12:43:02.108+0000] {processor.py:840} INFO - DAG(s) 'dag_scraping_offres_emploi' retrieved from /opt/airflow/dags/DagScraper.py
[2026-04-16T12:43:02.161+0000] {logging_mixin.py:188} INFO - [2026-04-16T12:43:02.161+0000] {dag.py:3096} INFO - Sync 1 DAGs
[2026-04-16T12:43:02.203+0000] {logging_mixin.py:188} INFO - [2026-04-16T12:43:02.203+0000] {dag.py:3954} INFO - Setting next_dagrun for dag_scraping_offres_emploi to 2026-04-16 06:00:00+00:00, run_after=2026-04-16 12:00:00+00:00
[2026-04-16T12:43:02.245+0000] {processor.py:183} INFO - Processing /opt/airflow/dags/DagScraper.py took 0.245 seconds
[2026-04-16T12:43:32.671+0000] {processor.py:161} INFO - Started process (PID=1301) to work on /opt/airflow/dags/DagScraper.py
[2026-04-16T12:43:32.673+0000] {processor.py:830} INFO - Processing file /opt/airflow/dags/DagScraper.py for tasks to queue
[2026-04-16T12:43:32.677+0000] {logging_mixin.py:188} INFO - [2026-04-16T12:43:32.676+0000] {dagbag.py:545} INFO - Filling up the DagBag from /opt/airflow/dags/DagScraper.py
[2026-04-16T12:43:32.717+0000] {processor.py:840} INFO - DAG(s) 'dag_scraping_offres_emploi' retrieved from /opt/airflow/dags/DagScraper.py
[2026-04-16T12:43:32.771+0000] {logging_mixin.py:188} INFO - [2026-04-16T12:43:32.771+0000] {dag.py:3096} INFO - Sync 1 DAGs
[2026-04-16T12:43:32.807+0000] {logging_mixin.py:188} INFO - [2026-04-16T12:43:32.807+0000] {dag.py:3954} INFO - Setting next_dagrun for dag_scraping_offres_emploi to 2026-04-16 06:00:00+00:00, run_after=2026-04-16 12:00:00+00:00
[2026-04-16T12:43:32.844+0000] {processor.py:183} INFO - Processing /opt/airflow/dags/DagScraper.py took 0.191 seconds
[2026-04-16T12:44:03.263+0000] {processor.py:161} INFO - Started process (PID=1309) to work on /opt/airflow/dags/DagScraper.py
[2026-04-16T12:44:03.265+0000] {processor.py:830} INFO - Processing file /opt/airflow/dags/DagScraper.py for tasks to queue
[2026-04-16T12:44:03.268+0000] {logging_mixin.py:188} INFO - [2026-04-16T12:44:03.267+0000] {dagbag.py:545} INFO - Filling up the DagBag from /opt/airflow/dags/DagScraper.py
[2026-04-16T12:44:03.312+0000] {processor.py:840} INFO - DAG(s) 'dag_scraping_offres_emploi' retrieved from /opt/airflow/dags/DagScraper.py
[2026-04-16T12:44:03.398+0000] {logging_mixin.py:188} INFO - [2026-04-16T12:44:03.397+0000] {dag.py:3096} INFO - Sync 1 DAGs
[2026-04-16T12:44:03.453+0000] {logging_mixin.py:188} INFO - [2026-04-16T12:44:03.452+0000] {dag.py:3954} INFO - Setting next_dagrun for dag_scraping_offres_emploi to 2026-04-16 06:00:00+00:00, run_after=2026-04-16 12:00:00+00:00
[2026-04-16T12:44:03.503+0000] {processor.py:183} INFO - Processing /opt/airflow/dags/DagScraper.py took 0.251 seconds
[2026-04-16T12:44:33.900+0000] {processor.py:161} INFO - Started process (PID=1323) to work on /opt/airflow/dags/DagScraper.py
[2026-04-16T12:44:33.901+0000] {processor.py:830} INFO - Processing file /opt/airflow/dags/DagScraper.py for tasks to queue
[2026-04-16T12:44:33.905+0000] {logging_mixin.py:188} INFO - [2026-04-16T12:44:33.904+0000] {dagbag.py:545} INFO - Filling up the DagBag from /opt/airflow/dags/DagScraper.py
[2026-04-16T12:44:33.957+0000] {processor.py:840} INFO - DAG(s) 'dag_scraping_offres_emploi' retrieved from /opt/airflow/dags/DagScraper.py
[2026-04-16T12:44:34.049+0000] {logging_mixin.py:188} INFO - [2026-04-16T12:44:34.048+0000] {dag.py:3096} INFO - Sync 1 DAGs
[2026-04-16T12:44:34.094+0000] {logging_mixin.py:188} INFO - [2026-04-16T12:44:34.093+0000] {dag.py:3954} INFO - Setting next_dagrun for dag_scraping_offres_emploi to 2026-04-16 06:00:00+00:00, run_after=2026-04-16 12:00:00+00:00
[2026-04-16T12:44:34.140+0000] {processor.py:183} INFO - Processing /opt/airflow/dags/DagScraper.py took 0.252 seconds
[2026-04-16T12:45:04.735+0000] {processor.py:161} INFO - Started process (PID=1331) to work on /opt/airflow/dags/DagScraper.py
[2026-04-16T12:45:04.738+0000] {processor.py:830} INFO - Processing file /opt/airflow/dags/DagScraper.py for tasks to queue
[2026-04-16T12:45:04.746+0000] {logging_mixin.py:188} INFO - [2026-04-16T12:45:04.745+0000] {dagbag.py:545} INFO - Filling up the DagBag from /opt/airflow/dags/DagScraper.py
[2026-04-16T12:45:04.833+0000] {processor.py:840} INFO - DAG(s) 'dag_scraping_offres_emploi' retrieved from /opt/airflow/dags/DagScraper.py
[2026-04-16T12:45:04.970+0000] {logging_mixin.py:188} INFO - [2026-04-16T12:45:04.969+0000] {dag.py:3096} INFO - Sync 1 DAGs
[2026-04-16T12:45:05.079+0000] {logging_mixin.py:188} INFO - [2026-04-16T12:45:05.078+0000] {dag.py:3954} INFO - Setting next_dagrun for dag_scraping_offres_emploi to 2026-04-16 06:00:00+00:00, run_after=2026-04-16 12:00:00+00:00
[2026-04-16T12:45:05.207+0000] {processor.py:183} INFO - Processing /opt/airflow/dags/DagScraper.py took 0.486 seconds
[2026-04-16T12:45:35.304+0000] {processor.py:161} INFO - Started process (PID=1345) to work on /opt/airflow/dags/DagScraper.py
[2026-04-16T12:45:35.306+0000] {processor.py:830} INFO - Processing file /opt/airflow/dags/DagScraper.py for tasks to queue
[2026-04-16T12:45:35.309+0000] {logging_mixin.py:188} INFO - [2026-04-16T12:45:35.308+0000] {dagbag.py:545} INFO - Filling up the DagBag from /opt/airflow/dags/DagScraper.py
[2026-04-16T12:45:35.351+0000] {processor.py:840} INFO - DAG(s) 'dag_scraping_offres_emploi' retrieved from /opt/airflow/dags/DagScraper.py
[2026-04-16T12:45:35.416+0000] {logging_mixin.py:188} INFO - [2026-04-16T12:45:35.416+0000] {dag.py:3096} INFO - Sync 1 DAGs
[2026-04-16T12:45:35.470+0000] {logging_mixin.py:188} INFO - [2026-04-16T12:45:35.469+0000] {dag.py:3954} INFO - Setting next_dagrun for dag_scraping_offres_emploi to 2026-04-16 06:00:00+00:00, run_after=2026-04-16 12:00:00+00:00
[2026-04-16T12:45:35.518+0000] {processor.py:183} INFO - Processing /opt/airflow/dags/DagScraper.py took 0.227 seconds
[2026-04-16T12:46:05.962+0000] {processor.py:161} INFO - Started process (PID=1359) to work on /opt/airflow/dags/DagScraper.py
[2026-04-16T12:46:05.964+0000] {processor.py:830} INFO - Processing file /opt/airflow/dags/DagScraper.py for tasks to queue
[2026-04-16T12:46:05.967+0000] {logging_mixin.py:188} INFO - [2026-04-16T12:46:05.967+0000] {dagbag.py:545} INFO - Filling up the DagBag from /opt/airflow/dags/DagScraper.py
[2026-04-16T12:46:06.001+0000] {processor.py:840} INFO - DAG(s) 'dag_scraping_offres_emploi' retrieved from /opt/airflow/dags/DagScraper.py
[2026-04-16T12:46:06.068+0000] {logging_mixin.py:188} INFO - [2026-04-16T12:46:06.068+0000] {dag.py:3096} INFO - Sync 1 DAGs
[2026-04-16T12:46:06.127+0000] {logging_mixin.py:188} INFO - [2026-04-16T12:46:06.127+0000] {dag.py:3954} INFO - Setting next_dagrun for dag_scraping_offres_emploi to 2026-04-16 06:00:00+00:00, run_after=2026-04-16 12:00:00+00:00
[2026-04-16T12:46:06.185+0000] {processor.py:183} INFO - Processing /opt/airflow/dags/DagScraper.py took 0.232 seconds
[2026-04-16T12:46:36.634+0000] {processor.py:161} INFO - Started process (PID=1367) to work on /opt/airflow/dags/DagScraper.py
[2026-04-16T12:46:36.636+0000] {processor.py:830} INFO - Processing file /opt/airflow/dags/DagScraper.py for tasks to queue
[2026-04-16T12:46:36.641+0000] {logging_mixin.py:188} INFO - [2026-04-16T12:46:36.640+0000] {dagbag.py:545} INFO - Filling up the DagBag from /opt/airflow/dags/DagScraper.py
[2026-04-16T12:46:36.699+0000] {processor.py:840} INFO - DAG(s) 'dag_scraping_offres_emploi' retrieved from /opt/airflow/dags/DagScraper.py
[2026-04-16T12:46:36.762+0000] {logging_mixin.py:188} INFO - [2026-04-16T12:46:36.762+0000] {dag.py:3096} INFO - Sync 1 DAGs
[2026-04-16T12:46:36.801+0000] {logging_mixin.py:188} INFO - [2026-04-16T12:46:36.801+0000] {dag.py:3954} INFO - Setting next_dagrun for dag_scraping_offres_emploi to 2026-04-16 06:00:00+00:00, run_after=2026-04-16 12:00:00+00:00
[2026-04-16T12:46:36.847+0000] {processor.py:183} INFO - Processing /opt/airflow/dags/DagScraper.py took 0.233 seconds
[2026-04-16T12:47:07.048+0000] {processor.py:161} INFO - Started process (PID=1383) to work on /opt/airflow/dags/DagScraper.py
[2026-04-16T12:47:07.053+0000] {processor.py:830} INFO - Processing file /opt/airflow/dags/DagScraper.py for tasks to queue
[2026-04-16T12:47:07.057+0000] {logging_mixin.py:188} INFO - [2026-04-16T12:47:07.056+0000] {dagbag.py:545} INFO - Filling up the DagBag from /opt/airflow/dags/DagScraper.py
[2026-04-16T12:47:07.149+0000] {processor.py:840} INFO - DAG(s) 'dag_scraping_offres_emploi' retrieved from /opt/airflow/dags/DagScraper.py
[2026-04-16T12:47:07.250+0000] {logging_mixin.py:188} INFO - [2026-04-16T12:47:07.250+0000] {dag.py:3096} INFO - Sync 1 DAGs
[2026-04-16T12:47:07.300+0000] {logging_mixin.py:188} INFO - [2026-04-16T12:47:07.299+0000] {dag.py:3954} INFO - Setting next_dagrun for dag_scraping_offres_emploi to 2026-04-16 06:00:00+00:00, run_after=2026-04-16 12:00:00+00:00
[2026-04-16T12:47:07.351+0000] {processor.py:183} INFO - Processing /opt/airflow/dags/DagScraper.py took 0.326 seconds
[2026-04-16T12:47:37.703+0000] {processor.py:161} INFO - Started process (PID=1391) to work on /opt/airflow/dags/DagScraper.py
[2026-04-16T12:47:37.704+0000] {processor.py:830} INFO - Processing file /opt/airflow/dags/DagScraper.py for tasks to queue
[2026-04-16T12:47:37.709+0000] {logging_mixin.py:188} INFO - [2026-04-16T12:47:37.709+0000] {dagbag.py:545} INFO - Filling up the DagBag from /opt/airflow/dags/DagScraper.py
[2026-04-16T12:47:37.753+0000] {processor.py:840} INFO - DAG(s) 'dag_scraping_offres_emploi' retrieved from /opt/airflow/dags/DagScraper.py
[2026-04-16T12:47:37.819+0000] {logging_mixin.py:188} INFO - [2026-04-16T12:47:37.819+0000] {dag.py:3096} INFO - Sync 1 DAGs
[2026-04-16T12:47:37.895+0000] {logging_mixin.py:188} INFO - [2026-04-16T12:47:37.894+0000] {dag.py:3954} INFO - Setting next_dagrun for dag_scraping_offres_emploi to 2026-04-16 06:00:00+00:00, run_after=2026-04-16 12:00:00+00:00
[2026-04-16T12:47:37.991+0000] {processor.py:183} INFO - Processing /opt/airflow/dags/DagScraper.py took 0.301 seconds
[2026-04-16T12:48:08.720+0000] {processor.py:161} INFO - Started process (PID=1405) to work on /opt/airflow/dags/DagScraper.py
[2026-04-16T12:48:08.738+0000] {processor.py:830} INFO - Processing file /opt/airflow/dags/DagScraper.py for tasks to queue
[2026-04-16T12:48:08.748+0000] {logging_mixin.py:188} INFO - [2026-04-16T12:48:08.747+0000] {dagbag.py:545} INFO - Filling up the DagBag from /opt/airflow/dags/DagScraper.py
[2026-04-16T12:48:08.833+0000] {processor.py:840} INFO - DAG(s) 'dag_scraping_offres_emploi' retrieved from /opt/airflow/dags/DagScraper.py
[2026-04-16T12:48:08.960+0000] {logging_mixin.py:188} INFO - [2026-04-16T12:48:08.959+0000] {dag.py:3096} INFO - Sync 1 DAGs
[2026-04-16T12:48:09.075+0000] {logging_mixin.py:188} INFO - [2026-04-16T12:48:09.074+0000] {dag.py:3954} INFO - Setting next_dagrun for dag_scraping_offres_emploi to 2026-04-16 06:00:00+00:00, run_after=2026-04-16 12:00:00+00:00
[2026-04-16T12:48:09.182+0000] {processor.py:183} INFO - Processing /opt/airflow/dags/DagScraper.py took 0.501 seconds
[2026-04-16T12:48:39.745+0000] {processor.py:161} INFO - Started process (PID=1413) to work on /opt/airflow/dags/DagScraper.py
[2026-04-16T12:48:39.746+0000] {processor.py:830} INFO - Processing file /opt/airflow/dags/DagScraper.py for tasks to queue
[2026-04-16T12:48:39.750+0000] {logging_mixin.py:188} INFO - [2026-04-16T12:48:39.749+0000] {dagbag.py:545} INFO - Filling up the DagBag from /opt/airflow/dags/DagScraper.py
[2026-04-16T12:48:39.796+0000] {processor.py:840} INFO - DAG(s) 'dag_scraping_offres_emploi' retrieved from /opt/airflow/dags/DagScraper.py
[2026-04-16T12:48:39.878+0000] {logging_mixin.py:188} INFO - [2026-04-16T12:48:39.877+0000] {dag.py:3096} INFO - Sync 1 DAGs
[2026-04-16T12:48:39.987+0000] {logging_mixin.py:188} INFO - [2026-04-16T12:48:39.981+0000] {dag.py:3954} INFO - Setting next_dagrun for dag_scraping_offres_emploi to 2026-04-16 06:00:00+00:00, run_after=2026-04-16 12:00:00+00:00
[2026-04-16T12:48:40.085+0000] {processor.py:183} INFO - Processing /opt/airflow/dags/DagScraper.py took 0.353 seconds
[2026-04-16T12:49:10.929+0000] {processor.py:161} INFO - Started process (PID=1428) to work on /opt/airflow/dags/DagScraper.py
[2026-04-16T12:49:10.932+0000] {processor.py:830} INFO - Processing file /opt/airflow/dags/DagScraper.py for tasks to queue
[2026-04-16T12:49:10.939+0000] {logging_mixin.py:188} INFO - [2026-04-16T12:49:10.938+0000] {dagbag.py:545} INFO - Filling up the DagBag from /opt/airflow/dags/DagScraper.py
[2026-04-16T12:49:11.017+0000] {processor.py:840} INFO - DAG(s) 'dag_scraping_offres_emploi' retrieved from /opt/airflow/dags/DagScraper.py
[2026-04-16T12:49:11.086+0000] {logging_mixin.py:188} INFO - [2026-04-16T12:49:11.085+0000] {dag.py:3096} INFO - Sync 1 DAGs
[2026-04-16T12:49:11.132+0000] {logging_mixin.py:188} INFO - [2026-04-16T12:49:11.131+0000] {dag.py:3954} INFO - Setting next_dagrun for dag_scraping_offres_emploi to 2026-04-16 06:00:00+00:00, run_after=2026-04-16 12:00:00+00:00
[2026-04-16T12:49:11.193+0000] {processor.py:183} INFO - Processing /opt/airflow/dags/DagScraper.py took 0.287 seconds
[2026-04-16T12:49:41.801+0000] {processor.py:161} INFO - Started process (PID=1436) to work on /opt/airflow/dags/DagScraper.py
[2026-04-16T12:49:41.803+0000] {processor.py:830} INFO - Processing file /opt/airflow/dags/DagScraper.py for tasks to queue
[2026-04-16T12:49:41.810+0000] {logging_mixin.py:188} INFO - [2026-04-16T12:49:41.809+0000] {dagbag.py:545} INFO - Filling up the DagBag from /opt/airflow/dags/DagScraper.py
[2026-04-16T12:49:41.851+0000] {processor.py:840} INFO - DAG(s) 'dag_scraping_offres_emploi' retrieved from /opt/airflow/dags/DagScraper.py
[2026-04-16T12:49:41.978+0000] {logging_mixin.py:188} INFO - [2026-04-16T12:49:41.977+0000] {dag.py:3096} INFO - Sync 1 DAGs
[2026-04-16T12:49:42.265+0000] {logging_mixin.py:188} INFO - [2026-04-16T12:49:42.265+0000] {dag.py:3954} INFO - Setting next_dagrun for dag_scraping_offres_emploi to 2026-04-16 06:00:00+00:00, run_after=2026-04-16 12:00:00+00:00
[2026-04-16T12:49:42.481+0000] {processor.py:183} INFO - Processing /opt/airflow/dags/DagScraper.py took 0.694 seconds
[2026-04-16T12:50:12.676+0000] {processor.py:161} INFO - Started process (PID=1451) to work on /opt/airflow/dags/DagScraper.py
[2026-04-16T12:50:12.680+0000] {processor.py:830} INFO - Processing file /opt/airflow/dags/DagScraper.py for tasks to queue
[2026-04-16T12:50:12.685+0000] {logging_mixin.py:188} INFO - [2026-04-16T12:50:12.684+0000] {dagbag.py:545} INFO - Filling up the DagBag from /opt/airflow/dags/DagScraper.py
[2026-04-16T12:50:12.783+0000] {processor.py:840} INFO - DAG(s) 'dag_scraping_offres_emploi' retrieved from /opt/airflow/dags/DagScraper.py
[2026-04-16T12:50:12.903+0000] {logging_mixin.py:188} INFO - [2026-04-16T12:50:12.902+0000] {dag.py:3096} INFO - Sync 1 DAGs
[2026-04-16T12:50:12.949+0000] {logging_mixin.py:188} INFO - [2026-04-16T12:50:12.948+0000] {dag.py:3954} INFO - Setting next_dagrun for dag_scraping_offres_emploi to 2026-04-16 06:00:00+00:00, run_after=2026-04-16 12:00:00+00:00
[2026-04-16T12:50:12.995+0000] {processor.py:183} INFO - Processing /opt/airflow/dags/DagScraper.py took 0.340 seconds
[2026-04-16T12:50:44.370+0000] {processor.py:161} INFO - Started process (PID=1458) to work on /opt/airflow/dags/DagScraper.py
[2026-04-16T12:50:44.389+0000] {processor.py:830} INFO - Processing file /opt/airflow/dags/DagScraper.py for tasks to queue
[2026-04-16T12:50:44.408+0000] {logging_mixin.py:188} INFO - [2026-04-16T12:50:44.399+0000] {dagbag.py:545} INFO - Filling up the DagBag from /opt/airflow/dags/DagScraper.py
[2026-04-16T12:50:44.631+0000] {processor.py:840} INFO - DAG(s) 'dag_scraping_offres_emploi' retrieved from /opt/airflow/dags/DagScraper.py
[2026-04-16T12:50:44.794+0000] {logging_mixin.py:188} INFO - [2026-04-16T12:50:44.790+0000] {dag.py:3096} INFO - Sync 1 DAGs
[2026-04-16T12:50:44.910+0000] {logging_mixin.py:188} INFO - [2026-04-16T12:50:44.909+0000] {dag.py:3954} INFO - Setting next_dagrun for dag_scraping_offres_emploi to 2026-04-16 06:00:00+00:00, run_after=2026-04-16 12:00:00+00:00
[2026-04-16T12:50:44.987+0000] {processor.py:183} INFO - Processing /opt/airflow/dags/DagScraper.py took 0.648 seconds
[2026-04-16T12:51:16.483+0000] {processor.py:161} INFO - Started process (PID=1473) to work on /opt/airflow/dags/DagScraper.py
[2026-04-16T12:51:16.491+0000] {processor.py:830} INFO - Processing file /opt/airflow/dags/DagScraper.py for tasks to queue
[2026-04-16T12:51:16.512+0000] {logging_mixin.py:188} INFO - [2026-04-16T12:51:16.511+0000] {dagbag.py:545} INFO - Filling up the DagBag from /opt/airflow/dags/DagScraper.py
[2026-04-16T12:51:16.637+0000] {processor.py:840} INFO - DAG(s) 'dag_scraping_offres_emploi' retrieved from /opt/airflow/dags/DagScraper.py
[2026-04-16T12:51:16.987+0000] {logging_mixin.py:188} INFO - [2026-04-16T12:51:16.987+0000] {dag.py:3096} INFO - Sync 1 DAGs
[2026-04-16T12:51:17.149+0000] {logging_mixin.py:188} INFO - [2026-04-16T12:51:17.148+0000] {dag.py:3954} INFO - Setting next_dagrun for dag_scraping_offres_emploi to 2026-04-16 06:00:00+00:00, run_after=2026-04-16 12:00:00+00:00
[2026-04-16T12:51:17.351+0000] {processor.py:183} INFO - Processing /opt/airflow/dags/DagScraper.py took 0.920 seconds
[2026-04-16T12:51:48.595+0000] {processor.py:161} INFO - Started process (PID=1481) to work on /opt/airflow/dags/DagScraper.py
[2026-04-16T12:51:48.597+0000] {processor.py:830} INFO - Processing file /opt/airflow/dags/DagScraper.py for tasks to queue
[2026-04-16T12:51:48.603+0000] {logging_mixin.py:188} INFO - [2026-04-16T12:51:48.602+0000] {dagbag.py:545} INFO - Filling up the DagBag from /opt/airflow/dags/DagScraper.py
[2026-04-16T12:51:48.822+0000] {processor.py:840} INFO - DAG(s) 'dag_scraping_offres_emploi' retrieved from /opt/airflow/dags/DagScraper.py
[2026-04-16T12:51:49.026+0000] {logging_mixin.py:188} INFO - [2026-04-16T12:51:49.025+0000] {dag.py:3096} INFO - Sync 1 DAGs
[2026-04-16T12:51:49.226+0000] {logging_mixin.py:188} INFO - [2026-04-16T12:51:49.226+0000] {dag.py:3954} INFO - Setting next_dagrun for dag_scraping_offres_emploi to 2026-04-16 06:00:00+00:00, run_after=2026-04-16 12:00:00+00:00
[2026-04-16T12:51:50.235+0000] {processor.py:183} INFO - Processing /opt/airflow/dags/DagScraper.py took 1.655 seconds
[2026-04-16T12:52:21.193+0000] {processor.py:161} INFO - Started process (PID=1495) to work on /opt/airflow/dags/DagScraper.py
[2026-04-16T12:52:21.195+0000] {processor.py:830} INFO - Processing file /opt/airflow/dags/DagScraper.py for tasks to queue
[2026-04-16T12:52:21.199+0000] {logging_mixin.py:188} INFO - [2026-04-16T12:52:21.198+0000] {dagbag.py:545} INFO - Filling up the DagBag from /opt/airflow/dags/DagScraper.py
[2026-04-16T12:52:21.248+0000] {processor.py:840} INFO - DAG(s) 'dag_scraping_offres_emploi' retrieved from /opt/airflow/dags/DagScraper.py
[2026-04-16T12:52:21.413+0000] {logging_mixin.py:188} INFO - [2026-04-16T12:52:21.413+0000] {dag.py:3096} INFO - Sync 1 DAGs
[2026-04-16T12:52:21.610+0000] {logging_mixin.py:188} INFO - [2026-04-16T12:52:21.609+0000] {dag.py:3954} INFO - Setting next_dagrun for dag_scraping_offres_emploi to 2026-04-16 06:00:00+00:00, run_after=2026-04-16 12:00:00+00:00
[2026-04-16T12:52:21.672+0000] {processor.py:183} INFO - Processing /opt/airflow/dags/DagScraper.py took 0.495 seconds
[2026-04-16T12:52:52.623+0000] {processor.py:161} INFO - Started process (PID=1508) to work on /opt/airflow/dags/DagScraper.py
[2026-04-16T12:52:52.630+0000] {processor.py:830} INFO - Processing file /opt/airflow/dags/DagScraper.py for tasks to queue
[2026-04-16T12:52:52.667+0000] {logging_mixin.py:188} INFO - [2026-04-16T12:52:52.666+0000] {dagbag.py:545} INFO - Filling up the DagBag from /opt/airflow/dags/DagScraper.py
[2026-04-16T12:52:52.798+0000] {processor.py:840} INFO - DAG(s) 'dag_scraping_offres_emploi' retrieved from /opt/airflow/dags/DagScraper.py
[2026-04-16T12:52:53.033+0000] {logging_mixin.py:188} INFO - [2026-04-16T12:52:53.033+0000] {dag.py:3096} INFO - Sync 1 DAGs
[2026-04-16T12:52:53.098+0000] {logging_mixin.py:188} INFO - [2026-04-16T12:52:53.097+0000] {dag.py:3954} INFO - Setting next_dagrun for dag_scraping_offres_emploi to 2026-04-16 06:00:00+00:00, run_after=2026-04-16 12:00:00+00:00
[2026-04-16T12:52:53.176+0000] {processor.py:183} INFO - Processing /opt/airflow/dags/DagScraper.py took 0.595 seconds
[2026-04-16T12:53:23.810+0000] {processor.py:161} INFO - Started process (PID=1516) to work on /opt/airflow/dags/DagScraper.py
[2026-04-16T12:53:23.823+0000] {processor.py:830} INFO - Processing file /opt/airflow/dags/DagScraper.py for tasks to queue
[2026-04-16T12:53:23.833+0000] {logging_mixin.py:188} INFO - [2026-04-16T12:53:23.832+0000] {dagbag.py:545} INFO - Filling up the DagBag from /opt/airflow/dags/DagScraper.py
[2026-04-16T12:53:23.899+0000] {processor.py:840} INFO - DAG(s) 'dag_scraping_offres_emploi' retrieved from /opt/airflow/dags/DagScraper.py
[2026-04-16T12:53:24.067+0000] {logging_mixin.py:188} INFO - [2026-04-16T12:53:24.061+0000] {dag.py:3096} INFO - Sync 1 DAGs
[2026-04-16T12:53:24.182+0000] {logging_mixin.py:188} INFO - [2026-04-16T12:53:24.182+0000] {dag.py:3954} INFO - Setting next_dagrun for dag_scraping_offres_emploi to 2026-04-16 06:00:00+00:00, run_after=2026-04-16 12:00:00+00:00
[2026-04-16T12:53:24.254+0000] {processor.py:183} INFO - Processing /opt/airflow/dags/DagScraper.py took 0.548 seconds
[2026-04-16T12:53:55.186+0000] {processor.py:161} INFO - Started process (PID=1530) to work on /opt/airflow/dags/DagScraper.py
[2026-04-16T12:53:55.188+0000] {processor.py:830} INFO - Processing file /opt/airflow/dags/DagScraper.py for tasks to queue
[2026-04-16T12:53:55.192+0000] {logging_mixin.py:188} INFO - [2026-04-16T12:53:55.191+0000] {dagbag.py:545} INFO - Filling up the DagBag from /opt/airflow/dags/DagScraper.py
[2026-04-16T12:53:55.248+0000] {processor.py:840} INFO - DAG(s) 'dag_scraping_offres_emploi' retrieved from /opt/airflow/dags/DagScraper.py
[2026-04-16T12:53:55.335+0000] {logging_mixin.py:188} INFO - [2026-04-16T12:53:55.334+0000] {dag.py:3096} INFO - Sync 1 DAGs
[2026-04-16T12:53:55.397+0000] {logging_mixin.py:188} INFO - [2026-04-16T12:53:55.396+0000] {dag.py:3954} INFO - Setting next_dagrun for dag_scraping_offres_emploi to 2026-04-16 06:00:00+00:00, run_after=2026-04-16 12:00:00+00:00
[2026-04-16T12:53:55.467+0000] {processor.py:183} INFO - Processing /opt/airflow/dags/DagScraper.py took 0.297 seconds
[2026-04-16T13:59:51.426+0000] {processor.py:161} INFO - Started process (PID=1544) to work on /opt/airflow/dags/DagScraper.py
[2026-04-16T13:59:51.520+0000] {processor.py:830} INFO - Processing file /opt/airflow/dags/DagScraper.py for tasks to queue
[2026-04-16T13:59:51.617+0000] {logging_mixin.py:188} INFO - [2026-04-16T13:59:51.616+0000] {dagbag.py:545} INFO - Filling up the DagBag from /opt/airflow/dags/DagScraper.py
[2026-04-16T13:59:53.239+0000] {processor.py:840} INFO - DAG(s) 'dag_scraping_offres_emploi' retrieved from /opt/airflow/dags/DagScraper.py
[2026-04-16T13:59:53.629+0000] {logging_mixin.py:188} INFO - [2026-04-16T13:59:53.629+0000] {dag.py:3096} INFO - Sync 1 DAGs
[2026-04-16T13:59:54.309+0000] {logging_mixin.py:188} INFO - [2026-04-16T13:59:54.308+0000] {dag.py:3954} INFO - Setting next_dagrun for dag_scraping_offres_emploi to 2026-04-16 06:00:00+00:00, run_after=2026-04-16 12:00:00+00:00
[2026-04-16T13:59:54.994+0000] {processor.py:183} INFO - Processing /opt/airflow/dags/DagScraper.py took 3.650 seconds
[2026-04-16T14:00:25.804+0000] {processor.py:161} INFO - Started process (PID=1557) to work on /opt/airflow/dags/DagScraper.py
[2026-04-16T14:00:25.829+0000] {processor.py:830} INFO - Processing file /opt/airflow/dags/DagScraper.py for tasks to queue
[2026-04-16T14:00:25.835+0000] {logging_mixin.py:188} INFO - [2026-04-16T14:00:25.834+0000] {dagbag.py:545} INFO - Filling up the DagBag from /opt/airflow/dags/DagScraper.py
[2026-04-16T14:00:26.085+0000] {processor.py:840} INFO - DAG(s) 'dag_scraping_offres_emploi' retrieved from /opt/airflow/dags/DagScraper.py
[2026-04-16T14:00:26.586+0000] {logging_mixin.py:188} INFO - [2026-04-16T14:00:26.585+0000] {dag.py:3096} INFO - Sync 1 DAGs
[2026-04-16T14:00:26.823+0000] {logging_mixin.py:188} INFO - [2026-04-16T14:00:26.822+0000] {dag.py:3954} INFO - Setting next_dagrun for dag_scraping_offres_emploi to 2026-04-16 06:00:00+00:00, run_after=2026-04-16 12:00:00+00:00
[2026-04-16T14:00:27.075+0000] {processor.py:183} INFO - Processing /opt/airflow/dags/DagScraper.py took 1.308 seconds
[2026-04-16T14:00:58.865+0000] {processor.py:161} INFO - Started process (PID=1571) to work on /opt/airflow/dags/DagScraper.py
[2026-04-16T14:00:58.869+0000] {processor.py:830} INFO - Processing file /opt/airflow/dags/DagScraper.py for tasks to queue
[2026-04-16T14:00:58.918+0000] {logging_mixin.py:188} INFO - [2026-04-16T14:00:58.917+0000] {dagbag.py:545} INFO - Filling up the DagBag from /opt/airflow/dags/DagScraper.py
[2026-04-16T14:00:59.162+0000] {processor.py:840} INFO - DAG(s) 'dag_scraping_offres_emploi' retrieved from /opt/airflow/dags/DagScraper.py
[2026-04-16T14:00:59.432+0000] {logging_mixin.py:188} INFO - [2026-04-16T14:00:59.432+0000] {dag.py:3096} INFO - Sync 1 DAGs
[2026-04-16T14:00:59.672+0000] {logging_mixin.py:188} INFO - [2026-04-16T14:00:59.672+0000] {dag.py:3954} INFO - Setting next_dagrun for dag_scraping_offres_emploi to 2026-04-16 06:00:00+00:00, run_after=2026-04-16 12:00:00+00:00
[2026-04-16T14:01:00.274+0000] {processor.py:183} INFO - Processing /opt/airflow/dags/DagScraper.py took 1.436 seconds
[2026-04-16T14:01:30.579+0000] {processor.py:161} INFO - Started process (PID=1578) to work on /opt/airflow/dags/DagScraper.py
[2026-04-16T14:01:30.585+0000] {processor.py:830} INFO - Processing file /opt/airflow/dags/DagScraper.py for tasks to queue
[2026-04-16T14:01:30.591+0000] {logging_mixin.py:188} INFO - [2026-04-16T14:01:30.589+0000] {dagbag.py:545} INFO - Filling up the DagBag from /opt/airflow/dags/DagScraper.py
[2026-04-16T14:01:30.685+0000] {processor.py:840} INFO - DAG(s) 'dag_scraping_offres_emploi' retrieved from /opt/airflow/dags/DagScraper.py
[2026-04-16T14:01:30.873+0000] {logging_mixin.py:188} INFO - [2026-04-16T14:01:30.872+0000] {dag.py:3096} INFO - Sync 1 DAGs
[2026-04-16T14:01:30.950+0000] {logging_mixin.py:188} INFO - [2026-04-16T14:01:30.949+0000] {dag.py:3954} INFO - Setting next_dagrun for dag_scraping_offres_emploi to 2026-04-16 06:00:00+00:00, run_after=2026-04-16 12:00:00+00:00
[2026-04-16T14:01:31.004+0000] {processor.py:183} INFO - Processing /opt/airflow/dags/DagScraper.py took 0.442 seconds
[2026-04-16T14:02:01.333+0000] {processor.py:161} INFO - Started process (PID=1593) to work on /opt/airflow/dags/DagScraper.py
[2026-04-16T14:02:01.335+0000] {processor.py:830} INFO - Processing file /opt/airflow/dags/DagScraper.py for tasks to queue
[2026-04-16T14:02:01.339+0000] {logging_mixin.py:188} INFO - [2026-04-16T14:02:01.338+0000] {dagbag.py:545} INFO - Filling up the DagBag from /opt/airflow/dags/DagScraper.py
[2026-04-16T14:02:01.393+0000] {processor.py:840} INFO - DAG(s) 'dag_scraping_offres_emploi' retrieved from /opt/airflow/dags/DagScraper.py
[2026-04-16T14:02:01.501+0000] {logging_mixin.py:188} INFO - [2026-04-16T14:02:01.500+0000] {dag.py:3096} INFO - Sync 1 DAGs
[2026-04-16T14:02:01.600+0000] {logging_mixin.py:188} INFO - [2026-04-16T14:02:01.598+0000] {dag.py:3954} INFO - Setting next_dagrun for dag_scraping_offres_emploi to 2026-04-16 06:00:00+00:00, run_after=2026-04-16 12:00:00+00:00
[2026-04-16T14:02:01.654+0000] {processor.py:183} INFO - Processing /opt/airflow/dags/DagScraper.py took 0.344 seconds
[2026-04-16T14:02:32.418+0000] {processor.py:161} INFO - Started process (PID=1602) to work on /opt/airflow/dags/DagScraper.py
[2026-04-16T14:02:32.420+0000] {processor.py:830} INFO - Processing file /opt/airflow/dags/DagScraper.py for tasks to queue
[2026-04-16T14:02:32.425+0000] {logging_mixin.py:188} INFO - [2026-04-16T14:02:32.424+0000] {dagbag.py:545} INFO - Filling up the DagBag from /opt/airflow/dags/DagScraper.py
[2026-04-16T14:02:32.505+0000] {processor.py:840} INFO - DAG(s) 'dag_scraping_offres_emploi' retrieved from /opt/airflow/dags/DagScraper.py
[2026-04-16T14:02:32.649+0000] {logging_mixin.py:188} INFO - [2026-04-16T14:02:32.648+0000] {dag.py:3096} INFO - Sync 1 DAGs
[2026-04-16T14:02:32.739+0000] {logging_mixin.py:188} INFO - [2026-04-16T14:02:32.739+0000] {dag.py:3954} INFO - Setting next_dagrun for dag_scraping_offres_emploi to 2026-04-16 06:00:00+00:00, run_after=2026-04-16 12:00:00+00:00
[2026-04-16T14:02:32.824+0000] {processor.py:183} INFO - Processing /opt/airflow/dags/DagScraper.py took 0.428 seconds
[2026-04-16T14:03:03.643+0000] {processor.py:161} INFO - Started process (PID=1617) to work on /opt/airflow/dags/DagScraper.py
[2026-04-16T14:03:03.653+0000] {processor.py:830} INFO - Processing file /opt/airflow/dags/DagScraper.py for tasks to queue
[2026-04-16T14:03:03.671+0000] {logging_mixin.py:188} INFO - [2026-04-16T14:03:03.670+0000] {dagbag.py:545} INFO - Filling up the DagBag from /opt/airflow/dags/DagScraper.py
[2026-04-16T14:03:03.821+0000] {processor.py:840} INFO - DAG(s) 'dag_scraping_offres_emploi' retrieved from /opt/airflow/dags/DagScraper.py
[2026-04-16T14:03:04.023+0000] {logging_mixin.py:188} INFO - [2026-04-16T14:03:04.023+0000] {dag.py:3096} INFO - Sync 1 DAGs
[2026-04-16T14:03:04.107+0000] {logging_mixin.py:188} INFO - [2026-04-16T14:03:04.106+0000] {dag.py:3954} INFO - Setting next_dagrun for dag_scraping_offres_emploi to 2026-04-16 06:00:00+00:00, run_after=2026-04-16 12:00:00+00:00
[2026-04-16T14:03:04.235+0000] {processor.py:183} INFO - Processing /opt/airflow/dags/DagScraper.py took 0.617 seconds
[2026-04-16T14:03:37.659+0000] {processor.py:161} INFO - Started process (PID=1631) to work on /opt/airflow/dags/DagScraper.py
[2026-04-16T14:03:37.705+0000] {processor.py:830} INFO - Processing file /opt/airflow/dags/DagScraper.py for tasks to queue
[2026-04-16T14:03:37.710+0000] {logging_mixin.py:188} INFO - [2026-04-16T14:03:37.709+0000] {dagbag.py:545} INFO - Filling up the DagBag from /opt/airflow/dags/DagScraper.py
[2026-04-16T14:03:37.759+0000] {processor.py:840} INFO - DAG(s) 'dag_scraping_offres_emploi' retrieved from /opt/airflow/dags/DagScraper.py
[2026-04-16T14:03:37.903+0000] {logging_mixin.py:188} INFO - [2026-04-16T14:03:37.903+0000] {dag.py:3096} INFO - Sync 1 DAGs
[2026-04-16T14:03:38.057+0000] {logging_mixin.py:188} INFO - [2026-04-16T14:03:38.056+0000] {dag.py:3954} INFO - Setting next_dagrun for dag_scraping_offres_emploi to 2026-04-16 06:00:00+00:00, run_after=2026-04-16 12:00:00+00:00
[2026-04-16T14:03:38.155+0000] {processor.py:183} INFO - Processing /opt/airflow/dags/DagScraper.py took 0.511 seconds
[2026-04-16T14:04:08.614+0000] {processor.py:161} INFO - Started process (PID=1640) to work on /opt/airflow/dags/DagScraper.py
[2026-04-16T14:04:08.643+0000] {processor.py:830} INFO - Processing file /opt/airflow/dags/DagScraper.py for tasks to queue
[2026-04-16T14:04:08.651+0000] {logging_mixin.py:188} INFO - [2026-04-16T14:04:08.650+0000] {dagbag.py:545} INFO - Filling up the DagBag from /opt/airflow/dags/DagScraper.py
[2026-04-16T14:04:08.862+0000] {processor.py:840} INFO - DAG(s) 'dag_scraping_offres_emploi' retrieved from /opt/airflow/dags/DagScraper.py
[2026-04-16T14:04:09.230+0000] {logging_mixin.py:188} INFO - [2026-04-16T14:04:09.230+0000] {dag.py:3096} INFO - Sync 1 DAGs
[2026-04-16T14:04:09.421+0000] {logging_mixin.py:188} INFO - [2026-04-16T14:04:09.421+0000] {dag.py:3954} INFO - Setting next_dagrun for dag_scraping_offres_emploi to 2026-04-16 06:00:00+00:00, run_after=2026-04-16 12:00:00+00:00
[2026-04-16T14:04:10.059+0000] {processor.py:183} INFO - Processing /opt/airflow/dags/DagScraper.py took 1.482 seconds
[2026-04-16T14:04:40.876+0000] {processor.py:161} INFO - Started process (PID=1654) to work on /opt/airflow/dags/DagScraper.py
[2026-04-16T14:04:40.878+0000] {processor.py:830} INFO - Processing file /opt/airflow/dags/DagScraper.py for tasks to queue
[2026-04-16T14:04:40.882+0000] {logging_mixin.py:188} INFO - [2026-04-16T14:04:40.881+0000] {dagbag.py:545} INFO - Filling up the DagBag from /opt/airflow/dags/DagScraper.py
[2026-04-16T14:04:40.935+0000] {processor.py:840} INFO - DAG(s) 'dag_scraping_offres_emploi' retrieved from /opt/airflow/dags/DagScraper.py
[2026-04-16T14:04:41.101+0000] {logging_mixin.py:188} INFO - [2026-04-16T14:04:41.101+0000] {dag.py:3096} INFO - Sync 1 DAGs
[2026-04-16T14:04:41.238+0000] {logging_mixin.py:188} INFO - [2026-04-16T14:04:41.238+0000] {dag.py:3954} INFO - Setting next_dagrun for dag_scraping_offres_emploi to 2026-04-16 06:00:00+00:00, run_after=2026-04-16 12:00:00+00:00
[2026-04-16T14:04:41.387+0000] {processor.py:183} INFO - Processing /opt/airflow/dags/DagScraper.py took 0.523 seconds
[2026-04-16T14:05:11.779+0000] {processor.py:161} INFO - Started process (PID=1662) to work on /opt/airflow/dags/DagScraper.py
[2026-04-16T14:05:11.781+0000] {processor.py:830} INFO - Processing file /opt/airflow/dags/DagScraper.py for tasks to queue
[2026-04-16T14:05:11.794+0000] {logging_mixin.py:188} INFO - [2026-04-16T14:05:11.793+0000] {dagbag.py:545} INFO - Filling up the DagBag from /opt/airflow/dags/DagScraper.py
[2026-04-16T14:05:11.927+0000] {processor.py:840} INFO - DAG(s) 'dag_scraping_offres_emploi' retrieved from /opt/airflow/dags/DagScraper.py
[2026-04-16T14:05:12.084+0000] {logging_mixin.py:188} INFO - [2026-04-16T14:05:12.083+0000] {dag.py:3096} INFO - Sync 1 DAGs
[2026-04-16T14:05:12.137+0000] {logging_mixin.py:188} INFO - [2026-04-16T14:05:12.137+0000] {dag.py:3954} INFO - Setting next_dagrun for dag_scraping_offres_emploi to 2026-04-16 06:00:00+00:00, run_after=2026-04-16 12:00:00+00:00
[2026-04-16T14:05:12.190+0000] {processor.py:183} INFO - Processing /opt/airflow/dags/DagScraper.py took 0.446 seconds
[2026-04-16T14:05:43.142+0000] {processor.py:161} INFO - Started process (PID=1677) to work on /opt/airflow/dags/DagScraper.py
[2026-04-16T14:05:43.146+0000] {processor.py:830} INFO - Processing file /opt/airflow/dags/DagScraper.py for tasks to queue
[2026-04-16T14:05:43.152+0000] {logging_mixin.py:188} INFO - [2026-04-16T14:05:43.151+0000] {dagbag.py:545} INFO - Filling up the DagBag from /opt/airflow/dags/DagScraper.py
[2026-04-16T14:05:43.206+0000] {processor.py:840} INFO - DAG(s) 'dag_scraping_offres_emploi' retrieved from /opt/airflow/dags/DagScraper.py
[2026-04-16T14:05:43.275+0000] {logging_mixin.py:188} INFO - [2026-04-16T14:05:43.275+0000] {dag.py:3096} INFO - Sync 1 DAGs
[2026-04-16T14:05:43.344+0000] {logging_mixin.py:188} INFO - [2026-04-16T14:05:43.344+0000] {dag.py:3954} INFO - Setting next_dagrun for dag_scraping_offres_emploi to 2026-04-16 06:00:00+00:00, run_after=2026-04-16 12:00:00+00:00
[2026-04-16T14:05:43.417+0000] {processor.py:183} INFO - Processing /opt/airflow/dags/DagScraper.py took 0.297 seconds
[2026-04-16T14:06:14.052+0000] {processor.py:161} INFO - Started process (PID=1685) to work on /opt/airflow/dags/DagScraper.py
[2026-04-16T14:06:14.054+0000] {processor.py:830} INFO - Processing file /opt/airflow/dags/DagScraper.py for tasks to queue
[2026-04-16T14:06:14.058+0000] {logging_mixin.py:188} INFO - [2026-04-16T14:06:14.057+0000] {dagbag.py:545} INFO - Filling up the DagBag from /opt/airflow/dags/DagScraper.py
[2026-04-16T14:06:14.106+0000] {processor.py:840} INFO - DAG(s) 'dag_scraping_offres_emploi' retrieved from /opt/airflow/dags/DagScraper.py
[2026-04-16T14:06:14.180+0000] {logging_mixin.py:188} INFO - [2026-04-16T14:06:14.179+0000] {dag.py:3096} INFO - Sync 1 DAGs
[2026-04-16T14:06:14.306+0000] {logging_mixin.py:188} INFO - [2026-04-16T14:06:14.305+0000] {dag.py:3954} INFO - Setting next_dagrun for dag_scraping_offres_emploi to 2026-04-16 06:00:00+00:00, run_after=2026-04-16 12:00:00+00:00
[2026-04-16T14:06:14.382+0000] {processor.py:183} INFO - Processing /opt/airflow/dags/DagScraper.py took 0.344 seconds
[2026-04-16T14:06:45.133+0000] {processor.py:161} INFO - Started process (PID=1701) to work on /opt/airflow/dags/DagScraper.py
[2026-04-16T14:06:45.136+0000] {processor.py:830} INFO - Processing file /opt/airflow/dags/DagScraper.py for tasks to queue
[2026-04-16T14:06:45.140+0000] {logging_mixin.py:188} INFO - [2026-04-16T14:06:45.139+0000] {dagbag.py:545} INFO - Filling up the DagBag from /opt/airflow/dags/DagScraper.py
[2026-04-16T14:06:45.198+0000] {processor.py:840} INFO - DAG(s) 'dag_scraping_offres_emploi' retrieved from /opt/airflow/dags/DagScraper.py
[2026-04-16T14:06:45.341+0000] {logging_mixin.py:188} INFO - [2026-04-16T14:06:45.341+0000] {dag.py:3096} INFO - Sync 1 DAGs
[2026-04-16T14:06:45.501+0000] {logging_mixin.py:188} INFO - [2026-04-16T14:06:45.501+0000] {dag.py:3954} INFO - Setting next_dagrun for dag_scraping_offres_emploi to 2026-04-16 06:00:00+00:00, run_after=2026-04-16 12:00:00+00:00
[2026-04-16T14:06:45.703+0000] {processor.py:183} INFO - Processing /opt/airflow/dags/DagScraper.py took 0.583 seconds
[2026-04-16T14:07:16.059+0000] {processor.py:161} INFO - Started process (PID=1709) to work on /opt/airflow/dags/DagScraper.py
[2026-04-16T14:07:16.062+0000] {processor.py:830} INFO - Processing file /opt/airflow/dags/DagScraper.py for tasks to queue
[2026-04-16T14:07:16.067+0000] {logging_mixin.py:188} INFO - [2026-04-16T14:07:16.067+0000] {dagbag.py:545} INFO - Filling up the DagBag from /opt/airflow/dags/DagScraper.py
[2026-04-16T14:07:16.138+0000] {processor.py:840} INFO - DAG(s) 'dag_scraping_offres_emploi' retrieved from /opt/airflow/dags/DagScraper.py
[2026-04-16T14:07:16.253+0000] {logging_mixin.py:188} INFO - [2026-04-16T14:07:16.252+0000] {dag.py:3096} INFO - Sync 1 DAGs
[2026-04-16T14:07:16.309+0000] {logging_mixin.py:188} INFO - [2026-04-16T14:07:16.309+0000] {dag.py:3954} INFO - Setting next_dagrun for dag_scraping_offres_emploi to 2026-04-16 06:00:00+00:00, run_after=2026-04-16 12:00:00+00:00
[2026-04-16T14:07:16.365+0000] {processor.py:183} INFO - Processing /opt/airflow/dags/DagScraper.py took 0.319 seconds
[2026-04-16T14:07:46.828+0000] {processor.py:161} INFO - Started process (PID=1723) to work on /opt/airflow/dags/DagScraper.py
[2026-04-16T14:07:46.830+0000] {processor.py:830} INFO - Processing file /opt/airflow/dags/DagScraper.py for tasks to queue
[2026-04-16T14:07:46.849+0000] {logging_mixin.py:188} INFO - [2026-04-16T14:07:46.848+0000] {dagbag.py:545} INFO - Filling up the DagBag from /opt/airflow/dags/DagScraper.py
[2026-04-16T14:07:47.024+0000] {processor.py:840} INFO - DAG(s) 'dag_scraping_offres_emploi' retrieved from /opt/airflow/dags/DagScraper.py
[2026-04-16T14:07:47.104+0000] {logging_mixin.py:188} INFO - [2026-04-16T14:07:47.104+0000] {dag.py:3096} INFO - Sync 1 DAGs
[2026-04-16T14:07:47.160+0000] {logging_mixin.py:188} INFO - [2026-04-16T14:07:47.160+0000] {dag.py:3954} INFO - Setting next_dagrun for dag_scraping_offres_emploi to 2026-04-16 06:00:00+00:00, run_after=2026-04-16 12:00:00+00:00
[2026-04-16T14:07:47.205+0000] {processor.py:183} INFO - Processing /opt/airflow/dags/DagScraper.py took 0.403 seconds
[2026-04-16T14:08:18.186+0000] {processor.py:161} INFO - Started process (PID=1731) to work on /opt/airflow/dags/DagScraper.py
[2026-04-16T14:08:18.192+0000] {processor.py:830} INFO - Processing file /opt/airflow/dags/DagScraper.py for tasks to queue
[2026-04-16T14:08:18.201+0000] {logging_mixin.py:188} INFO - [2026-04-16T14:08:18.200+0000] {dagbag.py:545} INFO - Filling up the DagBag from /opt/airflow/dags/DagScraper.py
[2026-04-16T14:08:18.255+0000] {processor.py:840} INFO - DAG(s) 'dag_scraping_offres_emploi' retrieved from /opt/airflow/dags/DagScraper.py
[2026-04-16T14:08:18.350+0000] {logging_mixin.py:188} INFO - [2026-04-16T14:08:18.349+0000] {dag.py:3096} INFO - Sync 1 DAGs
[2026-04-16T14:08:18.437+0000] {logging_mixin.py:188} INFO - [2026-04-16T14:08:18.435+0000] {dag.py:3954} INFO - Setting next_dagrun for dag_scraping_offres_emploi to 2026-04-16 06:00:00+00:00, run_after=2026-04-16 12:00:00+00:00
[2026-04-16T14:08:18.490+0000] {processor.py:183} INFO - Processing /opt/airflow/dags/DagScraper.py took 0.343 seconds
[2026-04-16T14:08:50.536+0000] {processor.py:161} INFO - Started process (PID=1746) to work on /opt/airflow/dags/DagScraper.py
[2026-04-16T14:08:50.538+0000] {processor.py:830} INFO - Processing file /opt/airflow/dags/DagScraper.py for tasks to queue
[2026-04-16T14:08:50.553+0000] {logging_mixin.py:188} INFO - [2026-04-16T14:08:50.552+0000] {dagbag.py:545} INFO - Filling up the DagBag from /opt/airflow/dags/DagScraper.py
[2026-04-16T14:08:50.781+0000] {processor.py:840} INFO - DAG(s) 'dag_scraping_offres_emploi' retrieved from /opt/airflow/dags/DagScraper.py
[2026-04-16T14:08:51.094+0000] {logging_mixin.py:188} INFO - [2026-04-16T14:08:51.093+0000] {dag.py:3096} INFO - Sync 1 DAGs
[2026-04-16T14:08:51.338+0000] {logging_mixin.py:188} INFO - [2026-04-16T14:08:51.337+0000] {dag.py:3954} INFO - Setting next_dagrun for dag_scraping_offres_emploi to 2026-04-16 06:00:00+00:00, run_after=2026-04-16 12:00:00+00:00
[2026-04-16T14:08:51.587+0000] {processor.py:183} INFO - Processing /opt/airflow/dags/DagScraper.py took 1.100 seconds
[2026-04-16T14:09:23.036+0000] {processor.py:161} INFO - Started process (PID=1761) to work on /opt/airflow/dags/DagScraper.py
[2026-04-16T14:09:23.049+0000] {processor.py:830} INFO - Processing file /opt/airflow/dags/DagScraper.py for tasks to queue
[2026-04-16T14:09:23.066+0000] {logging_mixin.py:188} INFO - [2026-04-16T14:09:23.065+0000] {dagbag.py:545} INFO - Filling up the DagBag from /opt/airflow/dags/DagScraper.py
[2026-04-16T14:09:23.427+0000] {processor.py:840} INFO - DAG(s) 'dag_scraping_offres_emploi' retrieved from /opt/airflow/dags/DagScraper.py
[2026-04-16T14:09:23.895+0000] {logging_mixin.py:188} INFO - [2026-04-16T14:09:23.895+0000] {dag.py:3096} INFO - Sync 1 DAGs
[2026-04-16T14:09:24.489+0000] {logging_mixin.py:188} INFO - [2026-04-16T14:09:24.461+0000] {dag.py:3954} INFO - Setting next_dagrun for dag_scraping_offres_emploi to 2026-04-16 06:00:00+00:00, run_after=2026-04-16 12:00:00+00:00
[2026-04-16T14:09:24.926+0000] {processor.py:183} INFO - Processing /opt/airflow/dags/DagScraper.py took 1.924 seconds
[2026-04-16T14:09:55.364+0000] {processor.py:161} INFO - Started process (PID=1769) to work on /opt/airflow/dags/DagScraper.py
[2026-04-16T14:09:55.378+0000] {processor.py:830} INFO - Processing file /opt/airflow/dags/DagScraper.py for tasks to queue
[2026-04-16T14:09:55.383+0000] {logging_mixin.py:188} INFO - [2026-04-16T14:09:55.382+0000] {dagbag.py:545} INFO - Filling up the DagBag from /opt/airflow/dags/DagScraper.py
[2026-04-16T14:09:55.533+0000] {processor.py:840} INFO - DAG(s) 'dag_scraping_offres_emploi' retrieved from /opt/airflow/dags/DagScraper.py
[2026-04-16T14:09:55.858+0000] {logging_mixin.py:188} INFO - [2026-04-16T14:09:55.856+0000] {dag.py:3096} INFO - Sync 1 DAGs
[2026-04-16T14:09:55.924+0000] {logging_mixin.py:188} INFO - [2026-04-16T14:09:55.923+0000] {dag.py:3954} INFO - Setting next_dagrun for dag_scraping_offres_emploi to 2026-04-16 06:00:00+00:00, run_after=2026-04-16 12:00:00+00:00
[2026-04-16T14:09:56.021+0000] {processor.py:183} INFO - Processing /opt/airflow/dags/DagScraper.py took 0.712 seconds
[2026-04-16T14:10:26.290+0000] {processor.py:161} INFO - Started process (PID=1784) to work on /opt/airflow/dags/DagScraper.py
[2026-04-16T14:10:26.292+0000] {processor.py:830} INFO - Processing file /opt/airflow/dags/DagScraper.py for tasks to queue
[2026-04-16T14:10:26.298+0000] {logging_mixin.py:188} INFO - [2026-04-16T14:10:26.297+0000] {dagbag.py:545} INFO - Filling up the DagBag from /opt/airflow/dags/DagScraper.py
[2026-04-16T14:10:26.423+0000] {processor.py:840} INFO - DAG(s) 'dag_scraping_offres_emploi' retrieved from /opt/airflow/dags/DagScraper.py
[2026-04-16T14:10:26.604+0000] {logging_mixin.py:188} INFO - [2026-04-16T14:10:26.604+0000] {dag.py:3096} INFO - Sync 1 DAGs
[2026-04-16T14:10:26.754+0000] {logging_mixin.py:188} INFO - [2026-04-16T14:10:26.742+0000] {dag.py:3954} INFO - Setting next_dagrun for dag_scraping_offres_emploi to 2026-04-16 06:00:00+00:00, run_after=2026-04-16 12:00:00+00:00
[2026-04-16T14:10:26.962+0000] {processor.py:183} INFO - Processing /opt/airflow/dags/DagScraper.py took 0.713 seconds
[2026-04-16T14:10:58.274+0000] {processor.py:161} INFO - Started process (PID=1793) to work on /opt/airflow/dags/DagScraper.py
[2026-04-16T14:10:58.281+0000] {processor.py:830} INFO - Processing file /opt/airflow/dags/DagScraper.py for tasks to queue
[2026-04-16T14:10:58.297+0000] {logging_mixin.py:188} INFO - [2026-04-16T14:10:58.296+0000] {dagbag.py:545} INFO - Filling up the DagBag from /opt/airflow/dags/DagScraper.py
[2026-04-16T14:10:58.436+0000] {processor.py:840} INFO - DAG(s) 'dag_scraping_offres_emploi' retrieved from /opt/airflow/dags/DagScraper.py
[2026-04-16T14:10:58.603+0000] {logging_mixin.py:188} INFO - [2026-04-16T14:10:58.602+0000] {dag.py:3096} INFO - Sync 1 DAGs
[2026-04-16T14:10:58.790+0000] {logging_mixin.py:188} INFO - [2026-04-16T14:10:58.789+0000] {dag.py:3954} INFO - Setting next_dagrun for dag_scraping_offres_emploi to 2026-04-16 06:00:00+00:00, run_after=2026-04-16 12:00:00+00:00
[2026-04-16T14:10:58.936+0000] {processor.py:183} INFO - Processing /opt/airflow/dags/DagScraper.py took 0.698 seconds
[2026-04-16T14:11:29.498+0000] {processor.py:161} INFO - Started process (PID=1807) to work on /opt/airflow/dags/DagScraper.py
[2026-04-16T14:11:29.501+0000] {processor.py:830} INFO - Processing file /opt/airflow/dags/DagScraper.py for tasks to queue
[2026-04-16T14:11:29.507+0000] {logging_mixin.py:188} INFO - [2026-04-16T14:11:29.506+0000] {dagbag.py:545} INFO - Filling up the DagBag from /opt/airflow/dags/DagScraper.py
[2026-04-16T14:11:29.578+0000] {processor.py:840} INFO - DAG(s) 'dag_scraping_offres_emploi' retrieved from /opt/airflow/dags/DagScraper.py
[2026-04-16T14:11:29.923+0000] {logging_mixin.py:188} INFO - [2026-04-16T14:11:29.923+0000] {dag.py:3096} INFO - Sync 1 DAGs
[2026-04-16T14:11:30.069+0000] {logging_mixin.py:188} INFO - [2026-04-16T14:11:30.068+0000] {dag.py:3954} INFO - Setting next_dagrun for dag_scraping_offres_emploi to 2026-04-16 06:00:00+00:00, run_after=2026-04-16 12:00:00+00:00
[2026-04-16T14:11:30.151+0000] {processor.py:183} INFO - Processing /opt/airflow/dags/DagScraper.py took 0.669 seconds
[2026-04-16T14:12:00.922+0000] {processor.py:161} INFO - Started process (PID=1815) to work on /opt/airflow/dags/DagScraper.py
[2026-04-16T14:12:00.924+0000] {processor.py:830} INFO - Processing file /opt/airflow/dags/DagScraper.py for tasks to queue
[2026-04-16T14:12:00.929+0000] {logging_mixin.py:188} INFO - [2026-04-16T14:12:00.928+0000] {dagbag.py:545} INFO - Filling up the DagBag from /opt/airflow/dags/DagScraper.py
[2026-04-16T14:12:01.077+0000] {processor.py:840} INFO - DAG(s) 'dag_scraping_offres_emploi' retrieved from /opt/airflow/dags/DagScraper.py
[2026-04-16T14:12:01.386+0000] {logging_mixin.py:188} INFO - [2026-04-16T14:12:01.385+0000] {dag.py:3096} INFO - Sync 1 DAGs
[2026-04-16T14:12:01.689+0000] {logging_mixin.py:188} INFO - [2026-04-16T14:12:01.688+0000] {dag.py:3954} INFO - Setting next_dagrun for dag_scraping_offres_emploi to 2026-04-16 06:00:00+00:00, run_after=2026-04-16 12:00:00+00:00
[2026-04-16T14:12:01.830+0000] {processor.py:183} INFO - Processing /opt/airflow/dags/DagScraper.py took 0.940 seconds
[2026-04-16T14:12:32.555+0000] {processor.py:161} INFO - Started process (PID=1829) to work on /opt/airflow/dags/DagScraper.py
[2026-04-16T14:12:32.558+0000] {processor.py:830} INFO - Processing file /opt/airflow/dags/DagScraper.py for tasks to queue
[2026-04-16T14:12:32.563+0000] {logging_mixin.py:188} INFO - [2026-04-16T14:12:32.562+0000] {dagbag.py:545} INFO - Filling up the DagBag from /opt/airflow/dags/DagScraper.py
[2026-04-16T14:12:32.637+0000] {processor.py:840} INFO - DAG(s) 'dag_scraping_offres_emploi' retrieved from /opt/airflow/dags/DagScraper.py
[2026-04-16T14:12:32.845+0000] {logging_mixin.py:188} INFO - [2026-04-16T14:12:32.844+0000] {dag.py:3096} INFO - Sync 1 DAGs
[2026-04-16T14:12:32.982+0000] {logging_mixin.py:188} INFO - [2026-04-16T14:12:32.978+0000] {dag.py:3954} INFO - Setting next_dagrun for dag_scraping_offres_emploi to 2026-04-16 06:00:00+00:00, run_after=2026-04-16 12:00:00+00:00
[2026-04-16T14:12:33.057+0000] {processor.py:183} INFO - Processing /opt/airflow/dags/DagScraper.py took 0.534 seconds
[2026-04-16T14:13:03.973+0000] {processor.py:161} INFO - Started process (PID=1837) to work on /opt/airflow/dags/DagScraper.py
[2026-04-16T14:13:03.991+0000] {processor.py:830} INFO - Processing file /opt/airflow/dags/DagScraper.py for tasks to queue
[2026-04-16T14:13:04.014+0000] {logging_mixin.py:188} INFO - [2026-04-16T14:13:04.013+0000] {dagbag.py:545} INFO - Filling up the DagBag from /opt/airflow/dags/DagScraper.py
[2026-04-16T14:13:04.241+0000] {processor.py:840} INFO - DAG(s) 'dag_scraping_offres_emploi' retrieved from /opt/airflow/dags/DagScraper.py
[2026-04-16T14:13:04.341+0000] {logging_mixin.py:188} INFO - [2026-04-16T14:13:04.340+0000] {dag.py:3096} INFO - Sync 1 DAGs
[2026-04-16T14:13:04.427+0000] {logging_mixin.py:188} INFO - [2026-04-16T14:13:04.426+0000] {dag.py:3954} INFO - Setting next_dagrun for dag_scraping_offres_emploi to 2026-04-16 06:00:00+00:00, run_after=2026-04-16 12:00:00+00:00
[2026-04-16T14:13:04.549+0000] {processor.py:183} INFO - Processing /opt/airflow/dags/DagScraper.py took 0.623 seconds
[2026-04-16T14:13:35.533+0000] {processor.py:161} INFO - Started process (PID=1852) to work on /opt/airflow/dags/DagScraper.py
[2026-04-16T14:13:35.535+0000] {processor.py:830} INFO - Processing file /opt/airflow/dags/DagScraper.py for tasks to queue
[2026-04-16T14:13:35.548+0000] {logging_mixin.py:188} INFO - [2026-04-16T14:13:35.547+0000] {dagbag.py:545} INFO - Filling up the DagBag from /opt/airflow/dags/DagScraper.py
[2026-04-16T14:13:35.627+0000] {processor.py:840} INFO - DAG(s) 'dag_scraping_offres_emploi' retrieved from /opt/airflow/dags/DagScraper.py
[2026-04-16T14:13:35.982+0000] {logging_mixin.py:188} INFO - [2026-04-16T14:13:35.982+0000] {dag.py:3096} INFO - Sync 1 DAGs
[2026-04-16T14:13:36.143+0000] {logging_mixin.py:188} INFO - [2026-04-16T14:13:36.143+0000] {dag.py:3954} INFO - Setting next_dagrun for dag_scraping_offres_emploi to 2026-04-16 06:00:00+00:00, run_after=2026-04-16 12:00:00+00:00
[2026-04-16T14:13:36.416+0000] {processor.py:183} INFO - Processing /opt/airflow/dags/DagScraper.py took 0.916 seconds
[2026-04-16T14:14:06.999+0000] {processor.py:161} INFO - Started process (PID=1867) to work on /opt/airflow/dags/DagScraper.py
[2026-04-16T14:14:07.015+0000] {processor.py:830} INFO - Processing file /opt/airflow/dags/DagScraper.py for tasks to queue
[2026-04-16T14:14:07.023+0000] {logging_mixin.py:188} INFO - [2026-04-16T14:14:07.021+0000] {dagbag.py:545} INFO - Filling up the DagBag from /opt/airflow/dags/DagScraper.py
[2026-04-16T14:14:07.100+0000] {processor.py:840} INFO - DAG(s) 'dag_scraping_offres_emploi' retrieved from /opt/airflow/dags/DagScraper.py
[2026-04-16T14:14:07.184+0000] {logging_mixin.py:188} INFO - [2026-04-16T14:14:07.184+0000] {dag.py:3096} INFO - Sync 1 DAGs
[2026-04-16T14:14:07.228+0000] {logging_mixin.py:188} INFO - [2026-04-16T14:14:07.227+0000] {dag.py:3954} INFO - Setting next_dagrun for dag_scraping_offres_emploi to 2026-04-16 06:00:00+00:00, run_after=2026-04-16 12:00:00+00:00
[2026-04-16T14:14:07.331+0000] {processor.py:183} INFO - Processing /opt/airflow/dags/DagScraper.py took 0.362 seconds
[2026-04-16T14:14:37.768+0000] {processor.py:161} INFO - Started process (PID=1874) to work on /opt/airflow/dags/DagScraper.py
[2026-04-16T14:14:37.770+0000] {processor.py:830} INFO - Processing file /opt/airflow/dags/DagScraper.py for tasks to queue
[2026-04-16T14:14:37.775+0000] {logging_mixin.py:188} INFO - [2026-04-16T14:14:37.772+0000] {dagbag.py:545} INFO - Filling up the DagBag from /opt/airflow/dags/DagScraper.py
[2026-04-16T14:14:37.835+0000] {processor.py:840} INFO - DAG(s) 'dag_scraping_offres_emploi' retrieved from /opt/airflow/dags/DagScraper.py
[2026-04-16T14:14:38.067+0000] {logging_mixin.py:188} INFO - [2026-04-16T14:14:38.066+0000] {dag.py:3096} INFO - Sync 1 DAGs
[2026-04-16T14:14:38.241+0000] {logging_mixin.py:188} INFO - [2026-04-16T14:14:38.240+0000] {dag.py:3954} INFO - Setting next_dagrun for dag_scraping_offres_emploi to 2026-04-16 06:00:00+00:00, run_after=2026-04-16 12:00:00+00:00
[2026-04-16T14:14:38.331+0000] {processor.py:183} INFO - Processing /opt/airflow/dags/DagScraper.py took 0.580 seconds
[2026-04-16T14:15:08.942+0000] {processor.py:161} INFO - Started process (PID=1889) to work on /opt/airflow/dags/DagScraper.py
[2026-04-16T14:15:08.945+0000] {processor.py:830} INFO - Processing file /opt/airflow/dags/DagScraper.py for tasks to queue
[2026-04-16T14:15:08.949+0000] {logging_mixin.py:188} INFO - [2026-04-16T14:15:08.949+0000] {dagbag.py:545} INFO - Filling up the DagBag from /opt/airflow/dags/DagScraper.py
[2026-04-16T14:15:09.006+0000] {processor.py:840} INFO - DAG(s) 'dag_scraping_offres_emploi' retrieved from /opt/airflow/dags/DagScraper.py
[2026-04-16T14:15:09.086+0000] {logging_mixin.py:188} INFO - [2026-04-16T14:15:09.085+0000] {dag.py:3096} INFO - Sync 1 DAGs
[2026-04-16T14:15:09.163+0000] {logging_mixin.py:188} INFO - [2026-04-16T14:15:09.162+0000] {dag.py:3954} INFO - Setting next_dagrun for dag_scraping_offres_emploi to 2026-04-16 06:00:00+00:00, run_after=2026-04-16 12:00:00+00:00
[2026-04-16T14:15:09.246+0000] {processor.py:183} INFO - Processing /opt/airflow/dags/DagScraper.py took 0.318 seconds
[2026-04-16T14:15:39.399+0000] {processor.py:161} INFO - Started process (PID=1896) to work on /opt/airflow/dags/DagScraper.py
[2026-04-16T14:15:39.401+0000] {processor.py:830} INFO - Processing file /opt/airflow/dags/DagScraper.py for tasks to queue
[2026-04-16T14:15:39.405+0000] {logging_mixin.py:188} INFO - [2026-04-16T14:15:39.404+0000] {dagbag.py:545} INFO - Filling up the DagBag from /opt/airflow/dags/DagScraper.py
[2026-04-16T14:15:39.455+0000] {processor.py:840} INFO - DAG(s) 'dag_scraping_offres_emploi' retrieved from /opt/airflow/dags/DagScraper.py
[2026-04-16T14:15:39.568+0000] {logging_mixin.py:188} INFO - [2026-04-16T14:15:39.567+0000] {dag.py:3096} INFO - Sync 1 DAGs
[2026-04-16T14:15:39.656+0000] {logging_mixin.py:188} INFO - [2026-04-16T14:15:39.655+0000] {dag.py:3954} INFO - Setting next_dagrun for dag_scraping_offres_emploi to 2026-04-16 06:00:00+00:00, run_after=2026-04-16 12:00:00+00:00
[2026-04-16T14:15:39.705+0000] {processor.py:183} INFO - Processing /opt/airflow/dags/DagScraper.py took 0.318 seconds
[2026-04-16T14:16:10.232+0000] {processor.py:161} INFO - Started process (PID=1910) to work on /opt/airflow/dags/DagScraper.py
[2026-04-16T14:16:10.234+0000] {processor.py:830} INFO - Processing file /opt/airflow/dags/DagScraper.py for tasks to queue
[2026-04-16T14:16:10.237+0000] {logging_mixin.py:188} INFO - [2026-04-16T14:16:10.236+0000] {dagbag.py:545} INFO - Filling up the DagBag from /opt/airflow/dags/DagScraper.py
[2026-04-16T14:16:10.286+0000] {processor.py:840} INFO - DAG(s) 'dag_scraping_offres_emploi' retrieved from /opt/airflow/dags/DagScraper.py
[2026-04-16T14:16:10.365+0000] {logging_mixin.py:188} INFO - [2026-04-16T14:16:10.365+0000] {dag.py:3096} INFO - Sync 1 DAGs
[2026-04-16T14:16:10.439+0000] {logging_mixin.py:188} INFO - [2026-04-16T14:16:10.439+0000] {dag.py:3954} INFO - Setting next_dagrun for dag_scraping_offres_emploi to 2026-04-16 06:00:00+00:00, run_after=2026-04-16 12:00:00+00:00
[2026-04-16T14:16:10.508+0000] {processor.py:183} INFO - Processing /opt/airflow/dags/DagScraper.py took 0.302 seconds
[2026-04-16T14:16:40.988+0000] {processor.py:161} INFO - Started process (PID=1918) to work on /opt/airflow/dags/DagScraper.py
[2026-04-16T14:16:40.990+0000] {processor.py:830} INFO - Processing file /opt/airflow/dags/DagScraper.py for tasks to queue
[2026-04-16T14:16:41.006+0000] {logging_mixin.py:188} INFO - [2026-04-16T14:16:41.005+0000] {dagbag.py:545} INFO - Filling up the DagBag from /opt/airflow/dags/DagScraper.py
[2026-04-16T14:16:41.090+0000] {processor.py:840} INFO - DAG(s) 'dag_scraping_offres_emploi' retrieved from /opt/airflow/dags/DagScraper.py
[2026-04-16T14:16:41.243+0000] {logging_mixin.py:188} INFO - [2026-04-16T14:16:41.243+0000] {dag.py:3096} INFO - Sync 1 DAGs
[2026-04-16T14:16:41.386+0000] {logging_mixin.py:188} INFO - [2026-04-16T14:16:41.385+0000] {dag.py:3954} INFO - Setting next_dagrun for dag_scraping_offres_emploi to 2026-04-16 06:00:00+00:00, run_after=2026-04-16 12:00:00+00:00
[2026-04-16T14:16:41.507+0000] {processor.py:183} INFO - Processing /opt/airflow/dags/DagScraper.py took 0.553 seconds
[2026-04-16T14:17:11.637+0000] {processor.py:161} INFO - Started process (PID=1931) to work on /opt/airflow/dags/DagScraper.py
[2026-04-16T14:17:11.640+0000] {processor.py:830} INFO - Processing file /opt/airflow/dags/DagScraper.py for tasks to queue
[2026-04-16T14:17:11.645+0000] {logging_mixin.py:188} INFO - [2026-04-16T14:17:11.644+0000] {dagbag.py:545} INFO - Filling up the DagBag from /opt/airflow/dags/DagScraper.py
[2026-04-16T14:17:11.697+0000] {processor.py:840} INFO - DAG(s) 'dag_scraping_offres_emploi' retrieved from /opt/airflow/dags/DagScraper.py
[2026-04-16T14:17:11.809+0000] {logging_mixin.py:188} INFO - [2026-04-16T14:17:11.808+0000] {dag.py:3096} INFO - Sync 1 DAGs
[2026-04-16T14:17:11.898+0000] {logging_mixin.py:188} INFO - [2026-04-16T14:17:11.897+0000] {dag.py:3954} INFO - Setting next_dagrun for dag_scraping_offres_emploi to 2026-04-16 06:00:00+00:00, run_after=2026-04-16 12:00:00+00:00
[2026-04-16T14:17:12.027+0000] {processor.py:183} INFO - Processing /opt/airflow/dags/DagScraper.py took 0.405 seconds
[2026-04-16T14:17:42.399+0000] {processor.py:161} INFO - Started process (PID=1939) to work on /opt/airflow/dags/DagScraper.py
[2026-04-16T14:17:42.401+0000] {processor.py:830} INFO - Processing file /opt/airflow/dags/DagScraper.py for tasks to queue
[2026-04-16T14:17:42.405+0000] {logging_mixin.py:188} INFO - [2026-04-16T14:17:42.404+0000] {dagbag.py:545} INFO - Filling up the DagBag from /opt/airflow/dags/DagScraper.py
[2026-04-16T14:17:42.479+0000] {processor.py:840} INFO - DAG(s) 'dag_scraping_offres_emploi' retrieved from /opt/airflow/dags/DagScraper.py
[2026-04-16T14:17:42.565+0000] {logging_mixin.py:188} INFO - [2026-04-16T14:17:42.564+0000] {dag.py:3096} INFO - Sync 1 DAGs
[2026-04-16T14:17:42.618+0000] {logging_mixin.py:188} INFO - [2026-04-16T14:17:42.617+0000] {dag.py:3954} INFO - Setting next_dagrun for dag_scraping_offres_emploi to 2026-04-16 06:00:00+00:00, run_after=2026-04-16 12:00:00+00:00
[2026-04-16T14:17:42.698+0000] {processor.py:183} INFO - Processing /opt/airflow/dags/DagScraper.py took 0.311 seconds
[2026-04-16T14:18:13.527+0000] {processor.py:161} INFO - Started process (PID=1954) to work on /opt/airflow/dags/DagScraper.py
[2026-04-16T14:18:13.541+0000] {processor.py:830} INFO - Processing file /opt/airflow/dags/DagScraper.py for tasks to queue
[2026-04-16T14:18:13.558+0000] {logging_mixin.py:188} INFO - [2026-04-16T14:18:13.557+0000] {dagbag.py:545} INFO - Filling up the DagBag from /opt/airflow/dags/DagScraper.py
[2026-04-16T14:18:13.669+0000] {processor.py:840} INFO - DAG(s) 'dag_scraping_offres_emploi' retrieved from /opt/airflow/dags/DagScraper.py
[2026-04-16T14:18:13.793+0000] {logging_mixin.py:188} INFO - [2026-04-16T14:18:13.792+0000] {dag.py:3096} INFO - Sync 1 DAGs
[2026-04-16T14:18:13.848+0000] {logging_mixin.py:188} INFO - [2026-04-16T14:18:13.848+0000] {dag.py:3954} INFO - Setting next_dagrun for dag_scraping_offres_emploi to 2026-04-16 06:00:00+00:00, run_after=2026-04-16 12:00:00+00:00
[2026-04-16T14:18:13.888+0000] {processor.py:183} INFO - Processing /opt/airflow/dags/DagScraper.py took 0.380 seconds
[2026-04-16T14:18:44.762+0000] {processor.py:161} INFO - Started process (PID=1962) to work on /opt/airflow/dags/DagScraper.py
[2026-04-16T14:18:44.776+0000] {processor.py:830} INFO - Processing file /opt/airflow/dags/DagScraper.py for tasks to queue
[2026-04-16T14:18:44.791+0000] {logging_mixin.py:188} INFO - [2026-04-16T14:18:44.790+0000] {dagbag.py:545} INFO - Filling up the DagBag from /opt/airflow/dags/DagScraper.py
[2026-04-16T14:18:44.918+0000] {processor.py:840} INFO - DAG(s) 'dag_scraping_offres_emploi' retrieved from /opt/airflow/dags/DagScraper.py
[2026-04-16T14:18:45.173+0000] {logging_mixin.py:188} INFO - [2026-04-16T14:18:45.173+0000] {dag.py:3096} INFO - Sync 1 DAGs
[2026-04-16T14:18:45.342+0000] {logging_mixin.py:188} INFO - [2026-04-16T14:18:45.341+0000] {dag.py:3954} INFO - Setting next_dagrun for dag_scraping_offres_emploi to 2026-04-16 06:00:00+00:00, run_after=2026-04-16 12:00:00+00:00
[2026-04-16T14:18:45.409+0000] {processor.py:183} INFO - Processing /opt/airflow/dags/DagScraper.py took 0.683 seconds
[2026-04-16T14:19:16.030+0000] {processor.py:161} INFO - Started process (PID=1976) to work on /opt/airflow/dags/DagScraper.py
[2026-04-16T14:19:16.037+0000] {processor.py:830} INFO - Processing file /opt/airflow/dags/DagScraper.py for tasks to queue
[2026-04-16T14:19:16.043+0000] {logging_mixin.py:188} INFO - [2026-04-16T14:19:16.042+0000] {dagbag.py:545} INFO - Filling up the DagBag from /opt/airflow/dags/DagScraper.py
[2026-04-16T14:19:16.158+0000] {processor.py:840} INFO - DAG(s) 'dag_scraping_offres_emploi' retrieved from /opt/airflow/dags/DagScraper.py
[2026-04-16T14:19:16.329+0000] {logging_mixin.py:188} INFO - [2026-04-16T14:19:16.327+0000] {dag.py:3096} INFO - Sync 1 DAGs
[2026-04-16T14:19:16.421+0000] {logging_mixin.py:188} INFO - [2026-04-16T14:19:16.421+0000] {dag.py:3954} INFO - Setting next_dagrun for dag_scraping_offres_emploi to 2026-04-16 06:00:00+00:00, run_after=2026-04-16 12:00:00+00:00
[2026-04-16T14:19:16.514+0000] {processor.py:183} INFO - Processing /opt/airflow/dags/DagScraper.py took 0.507 seconds
[2026-04-16T14:19:46.696+0000] {processor.py:161} INFO - Started process (PID=1985) to work on /opt/airflow/dags/DagScraper.py
[2026-04-16T14:19:46.698+0000] {processor.py:830} INFO - Processing file /opt/airflow/dags/DagScraper.py for tasks to queue
[2026-04-16T14:19:46.714+0000] {logging_mixin.py:188} INFO - [2026-04-16T14:19:46.713+0000] {dagbag.py:545} INFO - Filling up the DagBag from /opt/airflow/dags/DagScraper.py
[2026-04-16T14:19:46.807+0000] {processor.py:840} INFO - DAG(s) 'dag_scraping_offres_emploi' retrieved from /opt/airflow/dags/DagScraper.py
[2026-04-16T14:19:46.906+0000] {logging_mixin.py:188} INFO - [2026-04-16T14:19:46.905+0000] {dag.py:3096} INFO - Sync 1 DAGs
[2026-04-16T14:19:46.968+0000] {logging_mixin.py:188} INFO - [2026-04-16T14:19:46.968+0000] {dag.py:3954} INFO - Setting next_dagrun for dag_scraping_offres_emploi to 2026-04-16 06:00:00+00:00, run_after=2026-04-16 12:00:00+00:00
[2026-04-16T14:19:47.030+0000] {processor.py:183} INFO - Processing /opt/airflow/dags/DagScraper.py took 0.374 seconds
[2026-04-16T14:20:18.097+0000] {processor.py:161} INFO - Started process (PID=1999) to work on /opt/airflow/dags/DagScraper.py
[2026-04-16T14:20:18.099+0000] {processor.py:830} INFO - Processing file /opt/airflow/dags/DagScraper.py for tasks to queue
[2026-04-16T14:20:18.103+0000] {logging_mixin.py:188} INFO - [2026-04-16T14:20:18.102+0000] {dagbag.py:545} INFO - Filling up the DagBag from /opt/airflow/dags/DagScraper.py
[2026-04-16T14:20:18.148+0000] {processor.py:840} INFO - DAG(s) 'dag_scraping_offres_emploi' retrieved from /opt/airflow/dags/DagScraper.py
[2026-04-16T14:20:18.270+0000] {logging_mixin.py:188} INFO - [2026-04-16T14:20:18.269+0000] {dag.py:3096} INFO - Sync 1 DAGs
[2026-04-16T14:20:18.365+0000] {logging_mixin.py:188} INFO - [2026-04-16T14:20:18.364+0000] {dag.py:3954} INFO - Setting next_dagrun for dag_scraping_offres_emploi to 2026-04-16 06:00:00+00:00, run_after=2026-04-16 12:00:00+00:00
[2026-04-16T14:20:18.419+0000] {processor.py:183} INFO - Processing /opt/airflow/dags/DagScraper.py took 0.347 seconds
[2026-04-16T14:20:48.725+0000] {processor.py:161} INFO - Started process (PID=2007) to work on /opt/airflow/dags/DagScraper.py
[2026-04-16T14:20:48.733+0000] {processor.py:830} INFO - Processing file /opt/airflow/dags/DagScraper.py for tasks to queue
[2026-04-16T14:20:48.742+0000] {logging_mixin.py:188} INFO - [2026-04-16T14:20:48.741+0000] {dagbag.py:545} INFO - Filling up the DagBag from /opt/airflow/dags/DagScraper.py
[2026-04-16T14:20:48.914+0000] {processor.py:840} INFO - DAG(s) 'dag_scraping_offres_emploi' retrieved from /opt/airflow/dags/DagScraper.py
[2026-04-16T14:20:49.152+0000] {logging_mixin.py:188} INFO - [2026-04-16T14:20:49.150+0000] {dag.py:3096} INFO - Sync 1 DAGs
[2026-04-16T14:20:49.313+0000] {logging_mixin.py:188} INFO - [2026-04-16T14:20:49.313+0000] {dag.py:3954} INFO - Setting next_dagrun for dag_scraping_offres_emploi to 2026-04-16 06:00:00+00:00, run_after=2026-04-16 12:00:00+00:00
[2026-04-16T14:20:49.552+0000] {processor.py:183} INFO - Processing /opt/airflow/dags/DagScraper.py took 0.853 seconds
[2026-04-16T14:21:20.759+0000] {processor.py:161} INFO - Started process (PID=2022) to work on /opt/airflow/dags/DagScraper.py
[2026-04-16T14:21:20.770+0000] {processor.py:830} INFO - Processing file /opt/airflow/dags/DagScraper.py for tasks to queue
[2026-04-16T14:21:20.776+0000] {logging_mixin.py:188} INFO - [2026-04-16T14:21:20.776+0000] {dagbag.py:545} INFO - Filling up the DagBag from /opt/airflow/dags/DagScraper.py
[2026-04-16T14:21:20.984+0000] {processor.py:840} INFO - DAG(s) 'dag_scraping_offres_emploi' retrieved from /opt/airflow/dags/DagScraper.py
[2026-04-16T14:21:21.135+0000] {logging_mixin.py:188} INFO - [2026-04-16T14:21:21.134+0000] {dag.py:3096} INFO - Sync 1 DAGs
[2026-04-16T14:21:21.259+0000] {logging_mixin.py:188} INFO - [2026-04-16T14:21:21.258+0000] {dag.py:3954} INFO - Setting next_dagrun for dag_scraping_offres_emploi to 2026-04-16 06:00:00+00:00, run_after=2026-04-16 12:00:00+00:00
[2026-04-16T14:21:21.535+0000] {processor.py:183} INFO - Processing /opt/airflow/dags/DagScraper.py took 0.798 seconds
[2026-04-16T14:21:52.296+0000] {processor.py:161} INFO - Started process (PID=2029) to work on /opt/airflow/dags/DagScraper.py
[2026-04-16T14:21:52.304+0000] {processor.py:830} INFO - Processing file /opt/airflow/dags/DagScraper.py for tasks to queue
[2026-04-16T14:21:52.310+0000] {logging_mixin.py:188} INFO - [2026-04-16T14:21:52.309+0000] {dagbag.py:545} INFO - Filling up the DagBag from /opt/airflow/dags/DagScraper.py
[2026-04-16T14:21:52.396+0000] {processor.py:840} INFO - DAG(s) 'dag_scraping_offres_emploi' retrieved from /opt/airflow/dags/DagScraper.py
[2026-04-16T14:21:52.537+0000] {logging_mixin.py:188} INFO - [2026-04-16T14:21:52.537+0000] {dag.py:3096} INFO - Sync 1 DAGs
[2026-04-16T14:21:52.621+0000] {logging_mixin.py:188} INFO - [2026-04-16T14:21:52.621+0000] {dag.py:3954} INFO - Setting next_dagrun for dag_scraping_offres_emploi to 2026-04-16 06:00:00+00:00, run_after=2026-04-16 12:00:00+00:00
[2026-04-16T14:21:52.673+0000] {processor.py:183} INFO - Processing /opt/airflow/dags/DagScraper.py took 0.396 seconds
[2026-04-16T14:22:23.227+0000] {processor.py:161} INFO - Started process (PID=2043) to work on /opt/airflow/dags/DagScraper.py
[2026-04-16T14:22:23.232+0000] {processor.py:830} INFO - Processing file /opt/airflow/dags/DagScraper.py for tasks to queue
[2026-04-16T14:22:23.246+0000] {logging_mixin.py:188} INFO - [2026-04-16T14:22:23.245+0000] {dagbag.py:545} INFO - Filling up the DagBag from /opt/airflow/dags/DagScraper.py
[2026-04-16T14:22:23.366+0000] {processor.py:840} INFO - DAG(s) 'dag_scraping_offres_emploi' retrieved from /opt/airflow/dags/DagScraper.py
[2026-04-16T14:22:23.597+0000] {logging_mixin.py:188} INFO - [2026-04-16T14:22:23.597+0000] {dag.py:3096} INFO - Sync 1 DAGs
[2026-04-16T14:22:23.699+0000] {logging_mixin.py:188} INFO - [2026-04-16T14:22:23.699+0000] {dag.py:3954} INFO - Setting next_dagrun for dag_scraping_offres_emploi to 2026-04-16 06:00:00+00:00, run_after=2026-04-16 12:00:00+00:00
[2026-04-16T14:22:23.864+0000] {processor.py:183} INFO - Processing /opt/airflow/dags/DagScraper.py took 0.681 seconds
[2026-04-16T14:22:55.815+0000] {processor.py:161} INFO - Started process (PID=2059) to work on /opt/airflow/dags/DagScraper.py
[2026-04-16T14:22:55.854+0000] {processor.py:830} INFO - Processing file /opt/airflow/dags/DagScraper.py for tasks to queue
[2026-04-16T14:22:55.872+0000] {logging_mixin.py:188} INFO - [2026-04-16T14:22:55.870+0000] {dagbag.py:545} INFO - Filling up the DagBag from /opt/airflow/dags/DagScraper.py
[2026-04-16T14:22:56.133+0000] {processor.py:840} INFO - DAG(s) 'dag_scraping_offres_emploi' retrieved from /opt/airflow/dags/DagScraper.py
[2026-04-16T14:22:56.482+0000] {logging_mixin.py:188} INFO - [2026-04-16T14:22:56.480+0000] {dag.py:3096} INFO - Sync 1 DAGs
[2026-04-16T14:22:56.664+0000] {logging_mixin.py:188} INFO - [2026-04-16T14:22:56.664+0000] {dag.py:3954} INFO - Setting next_dagrun for dag_scraping_offres_emploi to 2026-04-16 06:00:00+00:00, run_after=2026-04-16 12:00:00+00:00
[2026-04-16T14:22:56.978+0000] {processor.py:183} INFO - Processing /opt/airflow/dags/DagScraper.py took 1.198 seconds
[2026-04-16T14:23:28.654+0000] {processor.py:161} INFO - Started process (PID=2067) to work on /opt/airflow/dags/DagScraper.py
[2026-04-16T14:23:28.690+0000] {processor.py:830} INFO - Processing file /opt/airflow/dags/DagScraper.py for tasks to queue
[2026-04-16T14:23:28.854+0000] {logging_mixin.py:188} INFO - [2026-04-16T14:23:28.853+0000] {dagbag.py:545} INFO - Filling up the DagBag from /opt/airflow/dags/DagScraper.py
[2026-04-16T14:23:29.848+0000] {processor.py:840} INFO - DAG(s) 'dag_scraping_offres_emploi' retrieved from /opt/airflow/dags/DagScraper.py
[2026-04-16T14:23:30.628+0000] {logging_mixin.py:188} INFO - [2026-04-16T14:23:30.627+0000] {dag.py:3096} INFO - Sync 1 DAGs
[2026-04-16T14:23:31.408+0000] {logging_mixin.py:188} INFO - [2026-04-16T14:23:31.408+0000] {dag.py:3954} INFO - Setting next_dagrun for dag_scraping_offres_emploi to 2026-04-16 06:00:00+00:00, run_after=2026-04-16 12:00:00+00:00
[2026-04-16T14:23:32.019+0000] {processor.py:183} INFO - Processing /opt/airflow/dags/DagScraper.py took 3.502 seconds
[2026-04-16T14:24:02.647+0000] {processor.py:161} INFO - Started process (PID=2080) to work on /opt/airflow/dags/DagScraper.py
[2026-04-16T14:24:02.652+0000] {processor.py:830} INFO - Processing file /opt/airflow/dags/DagScraper.py for tasks to queue
[2026-04-16T14:24:02.736+0000] {logging_mixin.py:188} INFO - [2026-04-16T14:24:02.735+0000] {dagbag.py:545} INFO - Filling up the DagBag from /opt/airflow/dags/DagScraper.py
[2026-04-16T14:24:02.833+0000] {processor.py:840} INFO - DAG(s) 'dag_scraping_offres_emploi' retrieved from /opt/airflow/dags/DagScraper.py
[2026-04-16T14:24:03.120+0000] {logging_mixin.py:188} INFO - [2026-04-16T14:24:03.120+0000] {dag.py:3096} INFO - Sync 1 DAGs
[2026-04-16T14:24:03.286+0000] {logging_mixin.py:188} INFO - [2026-04-16T14:24:03.286+0000] {dag.py:3954} INFO - Setting next_dagrun for dag_scraping_offres_emploi to 2026-04-16 06:00:00+00:00, run_after=2026-04-16 12:00:00+00:00
[2026-04-16T14:24:03.413+0000] {processor.py:183} INFO - Processing /opt/airflow/dags/DagScraper.py took 0.800 seconds
[2026-04-16T14:24:33.848+0000] {processor.py:161} INFO - Started process (PID=2087) to work on /opt/airflow/dags/DagScraper.py
[2026-04-16T14:24:33.884+0000] {processor.py:830} INFO - Processing file /opt/airflow/dags/DagScraper.py for tasks to queue
[2026-04-16T14:24:33.935+0000] {logging_mixin.py:188} INFO - [2026-04-16T14:24:33.934+0000] {dagbag.py:545} INFO - Filling up the DagBag from /opt/airflow/dags/DagScraper.py
[2026-04-16T14:24:34.148+0000] {processor.py:840} INFO - DAG(s) 'dag_scraping_offres_emploi' retrieved from /opt/airflow/dags/DagScraper.py
[2026-04-16T14:24:34.285+0000] {logging_mixin.py:188} INFO - [2026-04-16T14:24:34.277+0000] {dag.py:3096} INFO - Sync 1 DAGs
[2026-04-16T14:24:34.475+0000] {logging_mixin.py:188} INFO - [2026-04-16T14:24:34.474+0000] {dag.py:3954} INFO - Setting next_dagrun for dag_scraping_offres_emploi to 2026-04-16 06:00:00+00:00, run_after=2026-04-16 12:00:00+00:00
[2026-04-16T14:24:35.180+0000] {processor.py:183} INFO - Processing /opt/airflow/dags/DagScraper.py took 1.373 seconds
[2026-04-16T14:25:05.420+0000] {processor.py:161} INFO - Started process (PID=2102) to work on /opt/airflow/dags/DagScraper.py
[2026-04-16T14:25:05.423+0000] {processor.py:830} INFO - Processing file /opt/airflow/dags/DagScraper.py for tasks to queue
[2026-04-16T14:25:05.430+0000] {logging_mixin.py:188} INFO - [2026-04-16T14:25:05.427+0000] {dagbag.py:545} INFO - Filling up the DagBag from /opt/airflow/dags/DagScraper.py
[2026-04-16T14:25:05.471+0000] {processor.py:840} INFO - DAG(s) 'dag_scraping_offres_emploi' retrieved from /opt/airflow/dags/DagScraper.py
[2026-04-16T14:25:05.578+0000] {logging_mixin.py:188} INFO - [2026-04-16T14:25:05.577+0000] {dag.py:3096} INFO - Sync 1 DAGs
[2026-04-16T14:25:05.707+0000] {logging_mixin.py:188} INFO - [2026-04-16T14:25:05.706+0000] {dag.py:3954} INFO - Setting next_dagrun for dag_scraping_offres_emploi to 2026-04-16 06:00:00+00:00, run_after=2026-04-16 12:00:00+00:00
[2026-04-16T14:25:05.863+0000] {processor.py:183} INFO - Processing /opt/airflow/dags/DagScraper.py took 0.462 seconds
[2026-04-16T14:25:36.874+0000] {processor.py:161} INFO - Started process (PID=2110) to work on /opt/airflow/dags/DagScraper.py
[2026-04-16T14:25:36.876+0000] {processor.py:830} INFO - Processing file /opt/airflow/dags/DagScraper.py for tasks to queue
[2026-04-16T14:25:36.879+0000] {logging_mixin.py:188} INFO - [2026-04-16T14:25:36.878+0000] {dagbag.py:545} INFO - Filling up the DagBag from /opt/airflow/dags/DagScraper.py
[2026-04-16T14:25:36.923+0000] {processor.py:840} INFO - DAG(s) 'dag_scraping_offres_emploi' retrieved from /opt/airflow/dags/DagScraper.py
[2026-04-16T14:25:37.030+0000] {logging_mixin.py:188} INFO - [2026-04-16T14:25:37.030+0000] {dag.py:3096} INFO - Sync 1 DAGs
[2026-04-16T14:25:37.098+0000] {logging_mixin.py:188} INFO - [2026-04-16T14:25:37.097+0000] {dag.py:3954} INFO - Setting next_dagrun for dag_scraping_offres_emploi to 2026-04-16 06:00:00+00:00, run_after=2026-04-16 12:00:00+00:00
[2026-04-16T14:25:37.140+0000] {processor.py:183} INFO - Processing /opt/airflow/dags/DagScraper.py took 0.286 seconds
[2026-04-16T14:26:08.814+0000] {processor.py:161} INFO - Started process (PID=2124) to work on /opt/airflow/dags/DagScraper.py
[2026-04-16T14:26:08.852+0000] {processor.py:830} INFO - Processing file /opt/airflow/dags/DagScraper.py for tasks to queue
[2026-04-16T14:26:08.868+0000] {logging_mixin.py:188} INFO - [2026-04-16T14:26:08.867+0000] {dagbag.py:545} INFO - Filling up the DagBag from /opt/airflow/dags/DagScraper.py
[2026-04-16T14:26:09.664+0000] {processor.py:840} INFO - DAG(s) 'dag_scraping_offres_emploi' retrieved from /opt/airflow/dags/DagScraper.py
[2026-04-16T14:26:09.933+0000] {logging_mixin.py:188} INFO - [2026-04-16T14:26:09.932+0000] {dag.py:3096} INFO - Sync 1 DAGs
[2026-04-16T14:26:10.137+0000] {logging_mixin.py:188} INFO - [2026-04-16T14:26:10.126+0000] {dag.py:3954} INFO - Setting next_dagrun for dag_scraping_offres_emploi to 2026-04-16 06:00:00+00:00, run_after=2026-04-16 12:00:00+00:00
[2026-04-16T14:26:10.285+0000] {processor.py:183} INFO - Processing /opt/airflow/dags/DagScraper.py took 1.498 seconds
[2026-04-16T14:26:40.899+0000] {processor.py:161} INFO - Started process (PID=2138) to work on /opt/airflow/dags/DagScraper.py
[2026-04-16T14:26:40.904+0000] {processor.py:830} INFO - Processing file /opt/airflow/dags/DagScraper.py for tasks to queue
[2026-04-16T14:26:40.923+0000] {logging_mixin.py:188} INFO - [2026-04-16T14:26:40.922+0000] {dagbag.py:545} INFO - Filling up the DagBag from /opt/airflow/dags/DagScraper.py
[2026-04-16T14:26:41.036+0000] {processor.py:840} INFO - DAG(s) 'dag_scraping_offres_emploi' retrieved from /opt/airflow/dags/DagScraper.py
[2026-04-16T14:26:41.178+0000] {logging_mixin.py:188} INFO - [2026-04-16T14:26:41.174+0000] {dag.py:3096} INFO - Sync 1 DAGs
[2026-04-16T14:26:41.255+0000] {logging_mixin.py:188} INFO - [2026-04-16T14:26:41.255+0000] {dag.py:3954} INFO - Setting next_dagrun for dag_scraping_offres_emploi to 2026-04-16 06:00:00+00:00, run_after=2026-04-16 12:00:00+00:00
[2026-04-16T14:26:41.325+0000] {processor.py:183} INFO - Processing /opt/airflow/dags/DagScraper.py took 0.449 seconds
[2026-04-16T14:27:12.376+0000] {processor.py:161} INFO - Started process (PID=2145) to work on /opt/airflow/dags/DagScraper.py
[2026-04-16T14:27:12.379+0000] {processor.py:830} INFO - Processing file /opt/airflow/dags/DagScraper.py for tasks to queue
[2026-04-16T14:27:12.383+0000] {logging_mixin.py:188} INFO - [2026-04-16T14:27:12.382+0000] {dagbag.py:545} INFO - Filling up the DagBag from /opt/airflow/dags/DagScraper.py
[2026-04-16T14:27:12.440+0000] {processor.py:840} INFO - DAG(s) 'dag_scraping_offres_emploi' retrieved from /opt/airflow/dags/DagScraper.py
[2026-04-16T14:27:12.546+0000] {logging_mixin.py:188} INFO - [2026-04-16T14:27:12.545+0000] {dag.py:3096} INFO - Sync 1 DAGs
[2026-04-16T14:27:12.606+0000] {logging_mixin.py:188} INFO - [2026-04-16T14:27:12.605+0000] {dag.py:3954} INFO - Setting next_dagrun for dag_scraping_offres_emploi to 2026-04-16 06:00:00+00:00, run_after=2026-04-16 12:00:00+00:00
[2026-04-16T14:27:12.666+0000] {processor.py:183} INFO - Processing /opt/airflow/dags/DagScraper.py took 0.331 seconds
[2026-04-16T14:27:43.390+0000] {processor.py:161} INFO - Started process (PID=2159) to work on /opt/airflow/dags/DagScraper.py
[2026-04-16T14:27:43.393+0000] {processor.py:830} INFO - Processing file /opt/airflow/dags/DagScraper.py for tasks to queue
[2026-04-16T14:27:43.398+0000] {logging_mixin.py:188} INFO - [2026-04-16T14:27:43.397+0000] {dagbag.py:545} INFO - Filling up the DagBag from /opt/airflow/dags/DagScraper.py
[2026-04-16T14:27:43.467+0000] {processor.py:840} INFO - DAG(s) 'dag_scraping_offres_emploi' retrieved from /opt/airflow/dags/DagScraper.py
[2026-04-16T14:27:43.560+0000] {logging_mixin.py:188} INFO - [2026-04-16T14:27:43.559+0000] {dag.py:3096} INFO - Sync 1 DAGs
[2026-04-16T14:27:43.658+0000] {logging_mixin.py:188} INFO - [2026-04-16T14:27:43.657+0000] {dag.py:3954} INFO - Setting next_dagrun for dag_scraping_offres_emploi to 2026-04-16 06:00:00+00:00, run_after=2026-04-16 12:00:00+00:00
[2026-04-16T14:27:43.804+0000] {processor.py:183} INFO - Processing /opt/airflow/dags/DagScraper.py took 0.437 seconds
[2026-04-16T14:28:14.639+0000] {processor.py:161} INFO - Started process (PID=2167) to work on /opt/airflow/dags/DagScraper.py
[2026-04-16T14:28:14.647+0000] {processor.py:830} INFO - Processing file /opt/airflow/dags/DagScraper.py for tasks to queue
[2026-04-16T14:28:14.656+0000] {logging_mixin.py:188} INFO - [2026-04-16T14:28:14.655+0000] {dagbag.py:545} INFO - Filling up the DagBag from /opt/airflow/dags/DagScraper.py
[2026-04-16T14:28:14.715+0000] {processor.py:840} INFO - DAG(s) 'dag_scraping_offres_emploi' retrieved from /opt/airflow/dags/DagScraper.py
[2026-04-16T14:28:14.857+0000] {logging_mixin.py:188} INFO - [2026-04-16T14:28:14.856+0000] {dag.py:3096} INFO - Sync 1 DAGs
[2026-04-16T14:28:14.935+0000] {logging_mixin.py:188} INFO - [2026-04-16T14:28:14.934+0000] {dag.py:3954} INFO - Setting next_dagrun for dag_scraping_offres_emploi to 2026-04-16 06:00:00+00:00, run_after=2026-04-16 12:00:00+00:00
[2026-04-16T14:28:14.990+0000] {processor.py:183} INFO - Processing /opt/airflow/dags/DagScraper.py took 0.374 seconds
[2026-04-16T14:28:46.116+0000] {processor.py:161} INFO - Started process (PID=2182) to work on /opt/airflow/dags/DagScraper.py
[2026-04-16T14:28:46.119+0000] {processor.py:830} INFO - Processing file /opt/airflow/dags/DagScraper.py for tasks to queue
[2026-04-16T14:28:46.124+0000] {logging_mixin.py:188} INFO - [2026-04-16T14:28:46.123+0000] {dagbag.py:545} INFO - Filling up the DagBag from /opt/airflow/dags/DagScraper.py
[2026-04-16T14:28:46.196+0000] {processor.py:840} INFO - DAG(s) 'dag_scraping_offres_emploi' retrieved from /opt/airflow/dags/DagScraper.py
[2026-04-16T14:28:46.373+0000] {logging_mixin.py:188} INFO - [2026-04-16T14:28:46.373+0000] {dag.py:3096} INFO - Sync 1 DAGs
[2026-04-16T14:28:46.473+0000] {logging_mixin.py:188} INFO - [2026-04-16T14:28:46.472+0000] {dag.py:3954} INFO - Setting next_dagrun for dag_scraping_offres_emploi to 2026-04-16 06:00:00+00:00, run_after=2026-04-16 12:00:00+00:00
[2026-04-16T14:28:46.538+0000] {processor.py:183} INFO - Processing /opt/airflow/dags/DagScraper.py took 0.448 seconds
[2026-04-16T14:29:19.275+0000] {processor.py:161} INFO - Started process (PID=2190) to work on /opt/airflow/dags/DagScraper.py
[2026-04-16T14:29:19.281+0000] {processor.py:830} INFO - Processing file /opt/airflow/dags/DagScraper.py for tasks to queue
[2026-04-16T14:29:19.295+0000] {logging_mixin.py:188} INFO - [2026-04-16T14:29:19.294+0000] {dagbag.py:545} INFO - Filling up the DagBag from /opt/airflow/dags/DagScraper.py
[2026-04-16T14:29:19.500+0000] {processor.py:840} INFO - DAG(s) 'dag_scraping_offres_emploi' retrieved from /opt/airflow/dags/DagScraper.py
[2026-04-16T14:29:19.920+0000] {logging_mixin.py:188} INFO - [2026-04-16T14:29:19.919+0000] {dag.py:3096} INFO - Sync 1 DAGs
[2026-04-16T14:29:20.247+0000] {logging_mixin.py:188} INFO - [2026-04-16T14:29:20.246+0000] {dag.py:3954} INFO - Setting next_dagrun for dag_scraping_offres_emploi to 2026-04-16 06:00:00+00:00, run_after=2026-04-16 12:00:00+00:00
[2026-04-16T14:29:24.560+0000] {processor.py:183} INFO - Processing /opt/airflow/dags/DagScraper.py took 5.328 seconds
[2026-04-16T14:29:55.475+0000] {processor.py:161} INFO - Started process (PID=2204) to work on /opt/airflow/dags/DagScraper.py
[2026-04-16T14:29:55.478+0000] {processor.py:830} INFO - Processing file /opt/airflow/dags/DagScraper.py for tasks to queue
[2026-04-16T14:29:55.483+0000] {logging_mixin.py:188} INFO - [2026-04-16T14:29:55.482+0000] {dagbag.py:545} INFO - Filling up the DagBag from /opt/airflow/dags/DagScraper.py
[2026-04-16T14:29:55.562+0000] {processor.py:840} INFO - DAG(s) 'dag_scraping_offres_emploi' retrieved from /opt/airflow/dags/DagScraper.py
[2026-04-16T14:29:55.682+0000] {logging_mixin.py:188} INFO - [2026-04-16T14:29:55.681+0000] {dag.py:3096} INFO - Sync 1 DAGs
[2026-04-16T14:29:55.836+0000] {logging_mixin.py:188} INFO - [2026-04-16T14:29:55.835+0000] {dag.py:3954} INFO - Setting next_dagrun for dag_scraping_offres_emploi to 2026-04-16 06:00:00+00:00, run_after=2026-04-16 12:00:00+00:00
[2026-04-16T14:29:55.901+0000] {processor.py:183} INFO - Processing /opt/airflow/dags/DagScraper.py took 0.446 seconds
[2026-04-16T14:30:26.828+0000] {processor.py:161} INFO - Started process (PID=2217) to work on /opt/airflow/dags/DagScraper.py
[2026-04-16T14:30:26.838+0000] {processor.py:830} INFO - Processing file /opt/airflow/dags/DagScraper.py for tasks to queue
[2026-04-16T14:30:26.861+0000] {logging_mixin.py:188} INFO - [2026-04-16T14:30:26.860+0000] {dagbag.py:545} INFO - Filling up the DagBag from /opt/airflow/dags/DagScraper.py
[2026-04-16T14:30:27.055+0000] {processor.py:840} INFO - DAG(s) 'dag_scraping_offres_emploi' retrieved from /opt/airflow/dags/DagScraper.py
[2026-04-16T14:30:27.352+0000] {logging_mixin.py:188} INFO - [2026-04-16T14:30:27.351+0000] {dag.py:3096} INFO - Sync 1 DAGs
[2026-04-16T14:30:27.729+0000] {logging_mixin.py:188} INFO - [2026-04-16T14:30:27.728+0000] {dag.py:3954} INFO - Setting next_dagrun for dag_scraping_offres_emploi to 2026-04-16 06:00:00+00:00, run_after=2026-04-16 12:00:00+00:00
[2026-04-16T14:30:27.824+0000] {processor.py:183} INFO - Processing /opt/airflow/dags/DagScraper.py took 1.026 seconds
[2026-04-16T14:30:58.595+0000] {processor.py:161} INFO - Started process (PID=2225) to work on /opt/airflow/dags/DagScraper.py
[2026-04-16T14:30:58.597+0000] {processor.py:830} INFO - Processing file /opt/airflow/dags/DagScraper.py for tasks to queue
[2026-04-16T14:30:58.601+0000] {logging_mixin.py:188} INFO - [2026-04-16T14:30:58.600+0000] {dagbag.py:545} INFO - Filling up the DagBag from /opt/airflow/dags/DagScraper.py
[2026-04-16T14:30:58.644+0000] {processor.py:840} INFO - DAG(s) 'dag_scraping_offres_emploi' retrieved from /opt/airflow/dags/DagScraper.py
[2026-04-16T14:30:58.772+0000] {logging_mixin.py:188} INFO - [2026-04-16T14:30:58.772+0000] {dag.py:3096} INFO - Sync 1 DAGs
[2026-04-16T14:30:58.855+0000] {logging_mixin.py:188} INFO - [2026-04-16T14:30:58.855+0000] {dag.py:3954} INFO - Setting next_dagrun for dag_scraping_offres_emploi to 2026-04-16 06:00:00+00:00, run_after=2026-04-16 12:00:00+00:00
[2026-04-16T14:30:58.909+0000] {processor.py:183} INFO - Processing /opt/airflow/dags/DagScraper.py took 0.324 seconds
[2026-04-16T14:31:29.159+0000] {processor.py:161} INFO - Started process (PID=2239) to work on /opt/airflow/dags/DagScraper.py
[2026-04-16T14:31:29.161+0000] {processor.py:830} INFO - Processing file /opt/airflow/dags/DagScraper.py for tasks to queue
[2026-04-16T14:31:29.164+0000] {logging_mixin.py:188} INFO - [2026-04-16T14:31:29.163+0000] {dagbag.py:545} INFO - Filling up the DagBag from /opt/airflow/dags/DagScraper.py
[2026-04-16T14:31:29.217+0000] {processor.py:840} INFO - DAG(s) 'dag_scraping_offres_emploi' retrieved from /opt/airflow/dags/DagScraper.py
[2026-04-16T14:31:29.357+0000] {logging_mixin.py:188} INFO - [2026-04-16T14:31:29.357+0000] {dag.py:3096} INFO - Sync 1 DAGs
[2026-04-16T14:31:29.443+0000] {logging_mixin.py:188} INFO - [2026-04-16T14:31:29.442+0000] {dag.py:3954} INFO - Setting next_dagrun for dag_scraping_offres_emploi to 2026-04-16 06:00:00+00:00, run_after=2026-04-16 12:00:00+00:00
[2026-04-16T14:31:29.554+0000] {processor.py:183} INFO - Processing /opt/airflow/dags/DagScraper.py took 0.411 seconds
[2026-04-16T14:32:00.317+0000] {processor.py:161} INFO - Started process (PID=2248) to work on /opt/airflow/dags/DagScraper.py
[2026-04-16T14:32:00.319+0000] {processor.py:830} INFO - Processing file /opt/airflow/dags/DagScraper.py for tasks to queue
[2026-04-16T14:32:00.323+0000] {logging_mixin.py:188} INFO - [2026-04-16T14:32:00.323+0000] {dagbag.py:545} INFO - Filling up the DagBag from /opt/airflow/dags/DagScraper.py
[2026-04-16T14:32:00.502+0000] {processor.py:840} INFO - DAG(s) 'dag_scraping_offres_emploi' retrieved from /opt/airflow/dags/DagScraper.py
[2026-04-16T14:32:00.852+0000] {logging_mixin.py:188} INFO - [2026-04-16T14:32:00.851+0000] {dag.py:3096} INFO - Sync 1 DAGs
[2026-04-16T14:32:01.081+0000] {logging_mixin.py:188} INFO - [2026-04-16T14:32:01.081+0000] {dag.py:3954} INFO - Setting next_dagrun for dag_scraping_offres_emploi to 2026-04-16 06:00:00+00:00, run_after=2026-04-16 12:00:00+00:00
[2026-04-16T14:32:01.890+0000] {processor.py:183} INFO - Processing /opt/airflow/dags/DagScraper.py took 1.610 seconds
[2026-04-16T14:32:32.332+0000] {processor.py:161} INFO - Started process (PID=2262) to work on /opt/airflow/dags/DagScraper.py
[2026-04-16T14:32:32.336+0000] {processor.py:830} INFO - Processing file /opt/airflow/dags/DagScraper.py for tasks to queue
[2026-04-16T14:32:32.351+0000] {logging_mixin.py:188} INFO - [2026-04-16T14:32:32.350+0000] {dagbag.py:545} INFO - Filling up the DagBag from /opt/airflow/dags/DagScraper.py
[2026-04-16T14:32:32.417+0000] {processor.py:840} INFO - DAG(s) 'dag_scraping_offres_emploi' retrieved from /opt/airflow/dags/DagScraper.py
[2026-04-16T14:32:32.532+0000] {logging_mixin.py:188} INFO - [2026-04-16T14:32:32.532+0000] {dag.py:3096} INFO - Sync 1 DAGs
[2026-04-16T14:32:32.623+0000] {logging_mixin.py:188} INFO - [2026-04-16T14:32:32.623+0000] {dag.py:3954} INFO - Setting next_dagrun for dag_scraping_offres_emploi to 2026-04-16 06:00:00+00:00, run_after=2026-04-16 12:00:00+00:00
[2026-04-16T14:32:32.680+0000] {processor.py:183} INFO - Processing /opt/airflow/dags/DagScraper.py took 0.382 seconds
[2026-04-16T14:33:03.445+0000] {processor.py:161} INFO - Started process (PID=2271) to work on /opt/airflow/dags/DagScraper.py
[2026-04-16T14:33:03.464+0000] {processor.py:830} INFO - Processing file /opt/airflow/dags/DagScraper.py for tasks to queue
[2026-04-16T14:33:03.482+0000] {logging_mixin.py:188} INFO - [2026-04-16T14:33:03.481+0000] {dagbag.py:545} INFO - Filling up the DagBag from /opt/airflow/dags/DagScraper.py
[2026-04-16T14:33:03.705+0000] {processor.py:840} INFO - DAG(s) 'dag_scraping_offres_emploi' retrieved from /opt/airflow/dags/DagScraper.py
[2026-04-16T14:33:04.041+0000] {logging_mixin.py:188} INFO - [2026-04-16T14:33:04.040+0000] {dag.py:3096} INFO - Sync 1 DAGs
[2026-04-16T14:33:04.113+0000] {logging_mixin.py:188} INFO - [2026-04-16T14:33:04.113+0000] {dag.py:3954} INFO - Setting next_dagrun for dag_scraping_offres_emploi to 2026-04-16 06:00:00+00:00, run_after=2026-04-16 12:00:00+00:00
[2026-04-16T14:33:04.180+0000] {processor.py:183} INFO - Processing /opt/airflow/dags/DagScraper.py took 0.774 seconds
[2026-04-16T14:33:34.776+0000] {processor.py:161} INFO - Started process (PID=2283) to work on /opt/airflow/dags/DagScraper.py
[2026-04-16T14:33:34.778+0000] {processor.py:830} INFO - Processing file /opt/airflow/dags/DagScraper.py for tasks to queue
[2026-04-16T14:33:34.825+0000] {logging_mixin.py:188} INFO - [2026-04-16T14:33:34.824+0000] {dagbag.py:545} INFO - Filling up the DagBag from /opt/airflow/dags/DagScraper.py
[2026-04-16T14:33:34.912+0000] {processor.py:840} INFO - DAG(s) 'dag_scraping_offres_emploi' retrieved from /opt/airflow/dags/DagScraper.py
[2026-04-16T14:33:35.100+0000] {logging_mixin.py:188} INFO - [2026-04-16T14:33:35.099+0000] {dag.py:3096} INFO - Sync 1 DAGs
[2026-04-16T14:33:35.336+0000] {logging_mixin.py:188} INFO - [2026-04-16T14:33:35.336+0000] {dag.py:3954} INFO - Setting next_dagrun for dag_scraping_offres_emploi to 2026-04-16 06:00:00+00:00, run_after=2026-04-16 12:00:00+00:00
[2026-04-16T14:33:35.669+0000] {processor.py:183} INFO - Processing /opt/airflow/dags/DagScraper.py took 0.954 seconds
[2026-04-16T14:34:06.509+0000] {processor.py:161} INFO - Started process (PID=2297) to work on /opt/airflow/dags/DagScraper.py
[2026-04-16T14:34:06.540+0000] {processor.py:830} INFO - Processing file /opt/airflow/dags/DagScraper.py for tasks to queue
[2026-04-16T14:34:06.545+0000] {logging_mixin.py:188} INFO - [2026-04-16T14:34:06.544+0000] {dagbag.py:545} INFO - Filling up the DagBag from /opt/airflow/dags/DagScraper.py
[2026-04-16T14:34:06.760+0000] {processor.py:840} INFO - DAG(s) 'dag_scraping_offres_emploi' retrieved from /opt/airflow/dags/DagScraper.py
[2026-04-16T14:34:07.118+0000] {logging_mixin.py:188} INFO - [2026-04-16T14:34:07.117+0000] {dag.py:3096} INFO - Sync 1 DAGs
[2026-04-16T14:34:07.342+0000] {logging_mixin.py:188} INFO - [2026-04-16T14:34:07.342+0000] {dag.py:3954} INFO - Setting next_dagrun for dag_scraping_offres_emploi to 2026-04-16 06:00:00+00:00, run_after=2026-04-16 12:00:00+00:00
[2026-04-16T14:34:08.295+0000] {processor.py:183} INFO - Processing /opt/airflow/dags/DagScraper.py took 1.836 seconds
[2026-04-16T14:34:39.953+0000] {processor.py:161} INFO - Started process (PID=2304) to work on /opt/airflow/dags/DagScraper.py
[2026-04-16T14:34:39.971+0000] {processor.py:830} INFO - Processing file /opt/airflow/dags/DagScraper.py for tasks to queue
[2026-04-16T14:34:40.083+0000] {logging_mixin.py:188} INFO - [2026-04-16T14:34:40.082+0000] {dagbag.py:545} INFO - Filling up the DagBag from /opt/airflow/dags/DagScraper.py
[2026-04-16T14:34:41.283+0000] {processor.py:840} INFO - DAG(s) 'dag_scraping_offres_emploi' retrieved from /opt/airflow/dags/DagScraper.py
[2026-04-16T14:34:41.924+0000] {logging_mixin.py:188} INFO - [2026-04-16T14:34:41.912+0000] {dag.py:3096} INFO - Sync 1 DAGs
[2026-04-16T14:34:42.182+0000] {logging_mixin.py:188} INFO - [2026-04-16T14:34:42.170+0000] {dag.py:3954} INFO - Setting next_dagrun for dag_scraping_offres_emploi to 2026-04-16 06:00:00+00:00, run_after=2026-04-16 12:00:00+00:00
[2026-04-16T14:34:43.446+0000] {processor.py:183} INFO - Processing /opt/airflow/dags/DagScraper.py took 3.545 seconds
[2026-04-16T14:35:13.746+0000] {processor.py:161} INFO - Started process (PID=2319) to work on /opt/airflow/dags/DagScraper.py
[2026-04-16T14:35:13.748+0000] {processor.py:830} INFO - Processing file /opt/airflow/dags/DagScraper.py for tasks to queue
[2026-04-16T14:35:13.751+0000] {logging_mixin.py:188} INFO - [2026-04-16T14:35:13.751+0000] {dagbag.py:545} INFO - Filling up the DagBag from /opt/airflow/dags/DagScraper.py
[2026-04-16T14:35:13.839+0000] {processor.py:840} INFO - DAG(s) 'dag_scraping_offres_emploi' retrieved from /opt/airflow/dags/DagScraper.py
[2026-04-16T14:35:14.018+0000] {logging_mixin.py:188} INFO - [2026-04-16T14:35:14.017+0000] {dag.py:3096} INFO - Sync 1 DAGs
[2026-04-16T14:35:14.132+0000] {logging_mixin.py:188} INFO - [2026-04-16T14:35:14.131+0000] {dag.py:3954} INFO - Setting next_dagrun for dag_scraping_offres_emploi to 2026-04-16 06:00:00+00:00, run_after=2026-04-16 12:00:00+00:00
[2026-04-16T14:35:14.252+0000] {processor.py:183} INFO - Processing /opt/airflow/dags/DagScraper.py took 0.522 seconds
[2026-04-16T14:35:44.409+0000] {processor.py:161} INFO - Started process (PID=2327) to work on /opt/airflow/dags/DagScraper.py
[2026-04-16T14:35:44.411+0000] {processor.py:830} INFO - Processing file /opt/airflow/dags/DagScraper.py for tasks to queue
[2026-04-16T14:35:44.415+0000] {logging_mixin.py:188} INFO - [2026-04-16T14:35:44.414+0000] {dagbag.py:545} INFO - Filling up the DagBag from /opt/airflow/dags/DagScraper.py
[2026-04-16T14:35:44.453+0000] {processor.py:840} INFO - DAG(s) 'dag_scraping_offres_emploi' retrieved from /opt/airflow/dags/DagScraper.py
[2026-04-16T14:35:44.512+0000] {logging_mixin.py:188} INFO - [2026-04-16T14:35:44.511+0000] {dag.py:3096} INFO - Sync 1 DAGs
[2026-04-16T14:35:44.557+0000] {logging_mixin.py:188} INFO - [2026-04-16T14:35:44.556+0000] {dag.py:3954} INFO - Setting next_dagrun for dag_scraping_offres_emploi to 2026-04-16 06:00:00+00:00, run_after=2026-04-16 12:00:00+00:00
[2026-04-16T14:35:44.662+0000] {processor.py:183} INFO - Processing /opt/airflow/dags/DagScraper.py took 0.266 seconds
[2026-04-16T14:36:14.993+0000] {processor.py:161} INFO - Started process (PID=2343) to work on /opt/airflow/dags/DagScraper.py
[2026-04-16T14:36:14.995+0000] {processor.py:830} INFO - Processing file /opt/airflow/dags/DagScraper.py for tasks to queue
[2026-04-16T14:36:14.999+0000] {logging_mixin.py:188} INFO - [2026-04-16T14:36:14.998+0000] {dagbag.py:545} INFO - Filling up the DagBag from /opt/airflow/dags/DagScraper.py
[2026-04-16T14:36:15.033+0000] {processor.py:840} INFO - DAG(s) 'dag_scraping_offres_emploi' retrieved from /opt/airflow/dags/DagScraper.py
[2026-04-16T14:36:15.105+0000] {logging_mixin.py:188} INFO - [2026-04-16T14:36:15.105+0000] {dag.py:3096} INFO - Sync 1 DAGs
[2026-04-16T14:36:15.174+0000] {logging_mixin.py:188} INFO - [2026-04-16T14:36:15.172+0000] {dag.py:3954} INFO - Setting next_dagrun for dag_scraping_offres_emploi to 2026-04-16 06:00:00+00:00, run_after=2026-04-16 12:00:00+00:00
[2026-04-16T14:36:15.229+0000] {processor.py:183} INFO - Processing /opt/airflow/dags/DagScraper.py took 0.249 seconds
[2026-04-16T14:36:45.582+0000] {processor.py:161} INFO - Started process (PID=2351) to work on /opt/airflow/dags/DagScraper.py
[2026-04-16T14:36:45.585+0000] {processor.py:830} INFO - Processing file /opt/airflow/dags/DagScraper.py for tasks to queue
[2026-04-16T14:36:45.588+0000] {logging_mixin.py:188} INFO - [2026-04-16T14:36:45.588+0000] {dagbag.py:545} INFO - Filling up the DagBag from /opt/airflow/dags/DagScraper.py
[2026-04-16T14:36:45.633+0000] {processor.py:840} INFO - DAG(s) 'dag_scraping_offres_emploi' retrieved from /opt/airflow/dags/DagScraper.py
[2026-04-16T14:36:45.821+0000] {logging_mixin.py:188} INFO - [2026-04-16T14:36:45.818+0000] {dag.py:3096} INFO - Sync 1 DAGs
[2026-04-16T14:36:45.935+0000] {logging_mixin.py:188} INFO - [2026-04-16T14:36:45.935+0000] {dag.py:3954} INFO - Setting next_dagrun for dag_scraping_offres_emploi to 2026-04-16 06:00:00+00:00, run_after=2026-04-16 12:00:00+00:00
[2026-04-16T14:36:46.594+0000] {processor.py:183} INFO - Processing /opt/airflow/dags/DagScraper.py took 1.025 seconds
[2026-04-16T14:37:17.325+0000] {processor.py:161} INFO - Started process (PID=2365) to work on /opt/airflow/dags/DagScraper.py
[2026-04-16T14:37:17.327+0000] {processor.py:830} INFO - Processing file /opt/airflow/dags/DagScraper.py for tasks to queue
[2026-04-16T14:37:17.331+0000] {logging_mixin.py:188} INFO - [2026-04-16T14:37:17.331+0000] {dagbag.py:545} INFO - Filling up the DagBag from /opt/airflow/dags/DagScraper.py
[2026-04-16T14:37:17.420+0000] {processor.py:840} INFO - DAG(s) 'dag_scraping_offres_emploi' retrieved from /opt/airflow/dags/DagScraper.py
[2026-04-16T14:37:17.516+0000] {logging_mixin.py:188} INFO - [2026-04-16T14:37:17.516+0000] {dag.py:3096} INFO - Sync 1 DAGs
[2026-04-16T14:37:17.910+0000] {logging_mixin.py:188} INFO - [2026-04-16T14:37:17.909+0000] {dag.py:3954} INFO - Setting next_dagrun for dag_scraping_offres_emploi to 2026-04-16 06:00:00+00:00, run_after=2026-04-16 12:00:00+00:00
[2026-04-16T14:37:17.954+0000] {processor.py:183} INFO - Processing /opt/airflow/dags/DagScraper.py took 0.656 seconds
[2026-04-16T14:37:48.423+0000] {processor.py:161} INFO - Started process (PID=2373) to work on /opt/airflow/dags/DagScraper.py
[2026-04-16T14:37:48.432+0000] {processor.py:830} INFO - Processing file /opt/airflow/dags/DagScraper.py for tasks to queue
[2026-04-16T14:37:48.437+0000] {logging_mixin.py:188} INFO - [2026-04-16T14:37:48.436+0000] {dagbag.py:545} INFO - Filling up the DagBag from /opt/airflow/dags/DagScraper.py
[2026-04-16T14:37:48.520+0000] {processor.py:840} INFO - DAG(s) 'dag_scraping_offres_emploi' retrieved from /opt/airflow/dags/DagScraper.py
[2026-04-16T14:37:48.702+0000] {logging_mixin.py:188} INFO - [2026-04-16T14:37:48.701+0000] {dag.py:3096} INFO - Sync 1 DAGs
[2026-04-16T14:37:48.775+0000] {logging_mixin.py:188} INFO - [2026-04-16T14:37:48.774+0000] {dag.py:3954} INFO - Setting next_dagrun for dag_scraping_offres_emploi to 2026-04-16 06:00:00+00:00, run_after=2026-04-16 12:00:00+00:00
[2026-04-16T14:37:48.842+0000] {processor.py:183} INFO - Processing /opt/airflow/dags/DagScraper.py took 0.439 seconds
[2026-04-16T14:38:18.977+0000] {processor.py:161} INFO - Started process (PID=2387) to work on /opt/airflow/dags/DagScraper.py
[2026-04-16T14:38:18.986+0000] {processor.py:830} INFO - Processing file /opt/airflow/dags/DagScraper.py for tasks to queue
[2026-04-16T14:38:18.993+0000] {logging_mixin.py:188} INFO - [2026-04-16T14:38:18.992+0000] {dagbag.py:545} INFO - Filling up the DagBag from /opt/airflow/dags/DagScraper.py
[2026-04-16T14:38:19.245+0000] {processor.py:840} INFO - DAG(s) 'dag_scraping_offres_emploi' retrieved from /opt/airflow/dags/DagScraper.py
[2026-04-16T14:38:19.422+0000] {logging_mixin.py:188} INFO - [2026-04-16T14:38:19.422+0000] {dag.py:3096} INFO - Sync 1 DAGs
[2026-04-16T14:38:19.507+0000] {logging_mixin.py:188} INFO - [2026-04-16T14:38:19.506+0000] {dag.py:3954} INFO - Setting next_dagrun for dag_scraping_offres_emploi to 2026-04-16 06:00:00+00:00, run_after=2026-04-16 12:00:00+00:00
[2026-04-16T14:38:19.600+0000] {processor.py:183} INFO - Processing /opt/airflow/dags/DagScraper.py took 0.637 seconds
[2026-04-16T14:38:50.124+0000] {processor.py:161} INFO - Started process (PID=2401) to work on /opt/airflow/dags/DagScraper.py
[2026-04-16T14:38:50.161+0000] {processor.py:830} INFO - Processing file /opt/airflow/dags/DagScraper.py for tasks to queue
[2026-04-16T14:38:50.166+0000] {logging_mixin.py:188} INFO - [2026-04-16T14:38:50.165+0000] {dagbag.py:545} INFO - Filling up the DagBag from /opt/airflow/dags/DagScraper.py
[2026-04-16T14:38:50.286+0000] {processor.py:840} INFO - DAG(s) 'dag_scraping_offres_emploi' retrieved from /opt/airflow/dags/DagScraper.py
[2026-04-16T14:38:50.436+0000] {logging_mixin.py:188} INFO - [2026-04-16T14:38:50.435+0000] {dag.py:3096} INFO - Sync 1 DAGs
[2026-04-16T14:38:50.524+0000] {logging_mixin.py:188} INFO - [2026-04-16T14:38:50.523+0000] {dag.py:3954} INFO - Setting next_dagrun for dag_scraping_offres_emploi to 2026-04-16 06:00:00+00:00, run_after=2026-04-16 12:00:00+00:00
[2026-04-16T14:38:50.590+0000] {processor.py:183} INFO - Processing /opt/airflow/dags/DagScraper.py took 0.502 seconds
[2026-04-16T14:39:21.809+0000] {processor.py:161} INFO - Started process (PID=2410) to work on /opt/airflow/dags/DagScraper.py
[2026-04-16T14:39:21.812+0000] {processor.py:830} INFO - Processing file /opt/airflow/dags/DagScraper.py for tasks to queue
[2026-04-16T14:39:21.854+0000] {logging_mixin.py:188} INFO - [2026-04-16T14:39:21.850+0000] {dagbag.py:545} INFO - Filling up the DagBag from /opt/airflow/dags/DagScraper.py
[2026-04-16T14:39:22.205+0000] {processor.py:840} INFO - DAG(s) 'dag_scraping_offres_emploi' retrieved from /opt/airflow/dags/DagScraper.py
[2026-04-16T14:39:22.522+0000] {logging_mixin.py:188} INFO - [2026-04-16T14:39:22.521+0000] {dag.py:3096} INFO - Sync 1 DAGs
[2026-04-16T14:39:22.843+0000] {logging_mixin.py:188} INFO - [2026-04-16T14:39:22.842+0000] {dag.py:3954} INFO - Setting next_dagrun for dag_scraping_offres_emploi to 2026-04-16 06:00:00+00:00, run_after=2026-04-16 12:00:00+00:00
[2026-04-16T14:39:23.167+0000] {processor.py:183} INFO - Processing /opt/airflow/dags/DagScraper.py took 1.420 seconds
[2026-04-16T14:39:53.710+0000] {processor.py:161} INFO - Started process (PID=2425) to work on /opt/airflow/dags/DagScraper.py
[2026-04-16T14:39:54.013+0000] {processor.py:830} INFO - Processing file /opt/airflow/dags/DagScraper.py for tasks to queue
[2026-04-16T14:39:54.159+0000] {logging_mixin.py:188} INFO - [2026-04-16T14:39:54.158+0000] {dagbag.py:545} INFO - Filling up the DagBag from /opt/airflow/dags/DagScraper.py
[2026-04-16T14:39:54.596+0000] {processor.py:840} INFO - DAG(s) 'dag_scraping_offres_emploi' retrieved from /opt/airflow/dags/DagScraper.py
[2026-04-16T14:39:55.058+0000] {logging_mixin.py:188} INFO - [2026-04-16T14:39:55.058+0000] {dag.py:3096} INFO - Sync 1 DAGs
[2026-04-16T14:39:55.846+0000] {logging_mixin.py:188} INFO - [2026-04-16T14:39:55.845+0000] {dag.py:3954} INFO - Setting next_dagrun for dag_scraping_offres_emploi to 2026-04-16 06:00:00+00:00, run_after=2026-04-16 12:00:00+00:00
[2026-04-16T14:39:55.900+0000] {processor.py:183} INFO - Processing /opt/airflow/dags/DagScraper.py took 2.226 seconds
[2026-04-16T14:40:26.181+0000] {processor.py:161} INFO - Started process (PID=2434) to work on /opt/airflow/dags/DagScraper.py
[2026-04-16T14:40:26.187+0000] {processor.py:830} INFO - Processing file /opt/airflow/dags/DagScraper.py for tasks to queue
[2026-04-16T14:40:26.194+0000] {logging_mixin.py:188} INFO - [2026-04-16T14:40:26.194+0000] {dagbag.py:545} INFO - Filling up the DagBag from /opt/airflow/dags/DagScraper.py
[2026-04-16T14:40:26.310+0000] {processor.py:840} INFO - DAG(s) 'dag_scraping_offres_emploi' retrieved from /opt/airflow/dags/DagScraper.py
[2026-04-16T14:40:26.439+0000] {logging_mixin.py:188} INFO - [2026-04-16T14:40:26.439+0000] {dag.py:3096} INFO - Sync 1 DAGs
[2026-04-16T14:40:26.598+0000] {logging_mixin.py:188} INFO - [2026-04-16T14:40:26.591+0000] {dag.py:3954} INFO - Setting next_dagrun for dag_scraping_offres_emploi to 2026-04-16 06:00:00+00:00, run_after=2026-04-16 12:00:00+00:00
[2026-04-16T14:40:26.793+0000] {processor.py:183} INFO - Processing /opt/airflow/dags/DagScraper.py took 0.627 seconds
[2026-04-16T14:40:57.170+0000] {processor.py:161} INFO - Started process (PID=2448) to work on /opt/airflow/dags/DagScraper.py
[2026-04-16T14:40:57.187+0000] {processor.py:830} INFO - Processing file /opt/airflow/dags/DagScraper.py for tasks to queue
[2026-04-16T14:40:57.196+0000] {logging_mixin.py:188} INFO - [2026-04-16T14:40:57.195+0000] {dagbag.py:545} INFO - Filling up the DagBag from /opt/airflow/dags/DagScraper.py
[2026-04-16T14:40:57.367+0000] {processor.py:840} INFO - DAG(s) 'dag_scraping_offres_emploi' retrieved from /opt/airflow/dags/DagScraper.py
[2026-04-16T14:40:57.489+0000] {logging_mixin.py:188} INFO - [2026-04-16T14:40:57.488+0000] {dag.py:3096} INFO - Sync 1 DAGs
[2026-04-16T14:40:57.621+0000] {logging_mixin.py:188} INFO - [2026-04-16T14:40:57.620+0000] {dag.py:3954} INFO - Setting next_dagrun for dag_scraping_offres_emploi to 2026-04-16 06:00:00+00:00, run_after=2026-04-16 12:00:00+00:00
[2026-04-16T14:40:57.699+0000] {processor.py:183} INFO - Processing /opt/airflow/dags/DagScraper.py took 0.553 seconds
[2026-04-16T14:41:28.377+0000] {processor.py:161} INFO - Started process (PID=2456) to work on /opt/airflow/dags/DagScraper.py
[2026-04-16T14:41:28.380+0000] {processor.py:830} INFO - Processing file /opt/airflow/dags/DagScraper.py for tasks to queue
[2026-04-16T14:41:28.386+0000] {logging_mixin.py:188} INFO - [2026-04-16T14:41:28.384+0000] {dagbag.py:545} INFO - Filling up the DagBag from /opt/airflow/dags/DagScraper.py
[2026-04-16T14:41:28.465+0000] {processor.py:840} INFO - DAG(s) 'dag_scraping_offres_emploi' retrieved from /opt/airflow/dags/DagScraper.py
[2026-04-16T14:41:28.612+0000] {logging_mixin.py:188} INFO - [2026-04-16T14:41:28.612+0000] {dag.py:3096} INFO - Sync 1 DAGs
[2026-04-16T14:41:28.679+0000] {logging_mixin.py:188} INFO - [2026-04-16T14:41:28.678+0000] {dag.py:3954} INFO - Setting next_dagrun for dag_scraping_offres_emploi to 2026-04-16 06:00:00+00:00, run_after=2026-04-16 12:00:00+00:00
[2026-04-16T14:41:28.726+0000] {processor.py:183} INFO - Processing /opt/airflow/dags/DagScraper.py took 0.381 seconds
[2026-04-16T14:41:59.400+0000] {processor.py:161} INFO - Started process (PID=2470) to work on /opt/airflow/dags/DagScraper.py
[2026-04-16T14:41:59.406+0000] {processor.py:830} INFO - Processing file /opt/airflow/dags/DagScraper.py for tasks to queue
[2026-04-16T14:41:59.411+0000] {logging_mixin.py:188} INFO - [2026-04-16T14:41:59.410+0000] {dagbag.py:545} INFO - Filling up the DagBag from /opt/airflow/dags/DagScraper.py
[2026-04-16T14:41:59.787+0000] {processor.py:840} INFO - DAG(s) 'dag_scraping_offres_emploi' retrieved from /opt/airflow/dags/DagScraper.py
[2026-04-16T14:41:59.904+0000] {logging_mixin.py:188} INFO - [2026-04-16T14:41:59.903+0000] {dag.py:3096} INFO - Sync 1 DAGs
[2026-04-16T14:41:59.967+0000] {logging_mixin.py:188} INFO - [2026-04-16T14:41:59.967+0000] {dag.py:3954} INFO - Setting next_dagrun for dag_scraping_offres_emploi to 2026-04-16 06:00:00+00:00, run_after=2026-04-16 12:00:00+00:00
[2026-04-16T14:42:00.344+0000] {processor.py:183} INFO - Processing /opt/airflow/dags/DagScraper.py took 0.967 seconds
[2026-04-16T14:42:30.736+0000] {processor.py:161} INFO - Started process (PID=2478) to work on /opt/airflow/dags/DagScraper.py
[2026-04-16T14:42:30.739+0000] {processor.py:830} INFO - Processing file /opt/airflow/dags/DagScraper.py for tasks to queue
[2026-04-16T14:42:30.745+0000] {logging_mixin.py:188} INFO - [2026-04-16T14:42:30.744+0000] {dagbag.py:545} INFO - Filling up the DagBag from /opt/airflow/dags/DagScraper.py
[2026-04-16T14:42:30.812+0000] {processor.py:840} INFO - DAG(s) 'dag_scraping_offres_emploi' retrieved from /opt/airflow/dags/DagScraper.py
[2026-04-16T14:42:30.967+0000] {logging_mixin.py:188} INFO - [2026-04-16T14:42:30.967+0000] {dag.py:3096} INFO - Sync 1 DAGs
[2026-04-16T14:42:31.393+0000] {logging_mixin.py:188} INFO - [2026-04-16T14:42:31.392+0000] {dag.py:3954} INFO - Setting next_dagrun for dag_scraping_offres_emploi to 2026-04-16 06:00:00+00:00, run_after=2026-04-16 12:00:00+00:00
[2026-04-16T14:42:31.448+0000] {processor.py:183} INFO - Processing /opt/airflow/dags/DagScraper.py took 0.734 seconds
[2026-04-16T14:43:01.694+0000] {processor.py:161} INFO - Started process (PID=2492) to work on /opt/airflow/dags/DagScraper.py
[2026-04-16T14:43:01.695+0000] {processor.py:830} INFO - Processing file /opt/airflow/dags/DagScraper.py for tasks to queue
[2026-04-16T14:43:01.701+0000] {logging_mixin.py:188} INFO - [2026-04-16T14:43:01.700+0000] {dagbag.py:545} INFO - Filling up the DagBag from /opt/airflow/dags/DagScraper.py
[2026-04-16T14:43:01.748+0000] {processor.py:840} INFO - DAG(s) 'dag_scraping_offres_emploi' retrieved from /opt/airflow/dags/DagScraper.py
[2026-04-16T14:43:02.353+0000] {logging_mixin.py:188} INFO - [2026-04-16T14:43:02.352+0000] {dag.py:3096} INFO - Sync 1 DAGs
[2026-04-16T14:43:02.426+0000] {logging_mixin.py:188} INFO - [2026-04-16T14:43:02.425+0000] {dag.py:3954} INFO - Setting next_dagrun for dag_scraping_offres_emploi to 2026-04-16 06:00:00+00:00, run_after=2026-04-16 12:00:00+00:00
[2026-04-16T14:43:02.493+0000] {processor.py:183} INFO - Processing /opt/airflow/dags/DagScraper.py took 0.813 seconds
[2026-04-16T14:43:32.788+0000] {processor.py:161} INFO - Started process (PID=2505) to work on /opt/airflow/dags/DagScraper.py
[2026-04-16T14:43:32.790+0000] {processor.py:830} INFO - Processing file /opt/airflow/dags/DagScraper.py for tasks to queue
[2026-04-16T14:43:32.803+0000] {logging_mixin.py:188} INFO - [2026-04-16T14:43:32.796+0000] {dagbag.py:545} INFO - Filling up the DagBag from /opt/airflow/dags/DagScraper.py
[2026-04-16T14:43:32.879+0000] {processor.py:840} INFO - DAG(s) 'dag_scraping_offres_emploi' retrieved from /opt/airflow/dags/DagScraper.py
[2026-04-16T14:43:32.990+0000] {logging_mixin.py:188} INFO - [2026-04-16T14:43:32.989+0000] {dag.py:3096} INFO - Sync 1 DAGs
[2026-04-16T14:43:33.049+0000] {logging_mixin.py:188} INFO - [2026-04-16T14:43:33.049+0000] {dag.py:3954} INFO - Setting next_dagrun for dag_scraping_offres_emploi to 2026-04-16 06:00:00+00:00, run_after=2026-04-16 12:00:00+00:00
[2026-04-16T14:43:33.089+0000] {processor.py:183} INFO - Processing /opt/airflow/dags/DagScraper.py took 0.320 seconds
[2026-04-16T14:44:03.999+0000] {processor.py:161} INFO - Started process (PID=2512) to work on /opt/airflow/dags/DagScraper.py
[2026-04-16T14:44:04.001+0000] {processor.py:830} INFO - Processing file /opt/airflow/dags/DagScraper.py for tasks to queue
[2026-04-16T14:44:04.005+0000] {logging_mixin.py:188} INFO - [2026-04-16T14:44:04.004+0000] {dagbag.py:545} INFO - Filling up the DagBag from /opt/airflow/dags/DagScraper.py
[2026-04-16T14:44:04.047+0000] {processor.py:840} INFO - DAG(s) 'dag_scraping_offres_emploi' retrieved from /opt/airflow/dags/DagScraper.py
[2026-04-16T14:44:04.156+0000] {logging_mixin.py:188} INFO - [2026-04-16T14:44:04.156+0000] {dag.py:3096} INFO - Sync 1 DAGs
[2026-04-16T14:44:04.231+0000] {logging_mixin.py:188} INFO - [2026-04-16T14:44:04.230+0000] {dag.py:3954} INFO - Setting next_dagrun for dag_scraping_offres_emploi to 2026-04-16 06:00:00+00:00, run_after=2026-04-16 12:00:00+00:00
[2026-04-16T14:44:04.281+0000] {processor.py:183} INFO - Processing /opt/airflow/dags/DagScraper.py took 0.294 seconds
[2026-04-16T14:44:35.016+0000] {processor.py:161} INFO - Started process (PID=2526) to work on /opt/airflow/dags/DagScraper.py
[2026-04-16T14:44:35.018+0000] {processor.py:830} INFO - Processing file /opt/airflow/dags/DagScraper.py for tasks to queue
[2026-04-16T14:44:35.022+0000] {logging_mixin.py:188} INFO - [2026-04-16T14:44:35.021+0000] {dagbag.py:545} INFO - Filling up the DagBag from /opt/airflow/dags/DagScraper.py
[2026-04-16T14:44:35.096+0000] {processor.py:840} INFO - DAG(s) 'dag_scraping_offres_emploi' retrieved from /opt/airflow/dags/DagScraper.py
[2026-04-16T14:44:35.259+0000] {logging_mixin.py:188} INFO - [2026-04-16T14:44:35.259+0000] {dag.py:3096} INFO - Sync 1 DAGs
[2026-04-16T14:44:35.326+0000] {logging_mixin.py:188} INFO - [2026-04-16T14:44:35.325+0000] {dag.py:3954} INFO - Setting next_dagrun for dag_scraping_offres_emploi to 2026-04-16 06:00:00+00:00, run_after=2026-04-16 12:00:00+00:00
[2026-04-16T14:44:35.774+0000] {processor.py:183} INFO - Processing /opt/airflow/dags/DagScraper.py took 0.774 seconds
[2026-04-16T14:45:06.589+0000] {processor.py:161} INFO - Started process (PID=2534) to work on /opt/airflow/dags/DagScraper.py
[2026-04-16T14:45:06.613+0000] {processor.py:830} INFO - Processing file /opt/airflow/dags/DagScraper.py for tasks to queue
[2026-04-16T14:45:06.618+0000] {logging_mixin.py:188} INFO - [2026-04-16T14:45:06.617+0000] {dagbag.py:545} INFO - Filling up the DagBag from /opt/airflow/dags/DagScraper.py
[2026-04-16T14:45:06.755+0000] {processor.py:840} INFO - DAG(s) 'dag_scraping_offres_emploi' retrieved from /opt/airflow/dags/DagScraper.py
[2026-04-16T14:45:07.138+0000] {logging_mixin.py:188} INFO - [2026-04-16T14:45:07.127+0000] {dag.py:3096} INFO - Sync 1 DAGs
[2026-04-16T14:45:08.215+0000] {logging_mixin.py:188} INFO - [2026-04-16T14:45:08.214+0000] {dag.py:3954} INFO - Setting next_dagrun for dag_scraping_offres_emploi to 2026-04-16 06:00:00+00:00, run_after=2026-04-16 12:00:00+00:00
[2026-04-16T14:45:08.319+0000] {processor.py:183} INFO - Processing /opt/airflow/dags/DagScraper.py took 1.766 seconds
[2026-04-16T14:45:38.572+0000] {processor.py:161} INFO - Started process (PID=2549) to work on /opt/airflow/dags/DagScraper.py
[2026-04-16T14:45:38.577+0000] {processor.py:830} INFO - Processing file /opt/airflow/dags/DagScraper.py for tasks to queue
[2026-04-16T14:45:38.583+0000] {logging_mixin.py:188} INFO - [2026-04-16T14:45:38.582+0000] {dagbag.py:545} INFO - Filling up the DagBag from /opt/airflow/dags/DagScraper.py
[2026-04-16T14:45:38.628+0000] {processor.py:840} INFO - DAG(s) 'dag_scraping_offres_emploi' retrieved from /opt/airflow/dags/DagScraper.py
[2026-04-16T14:45:39.049+0000] {logging_mixin.py:188} INFO - [2026-04-16T14:45:39.048+0000] {dag.py:3096} INFO - Sync 1 DAGs
[2026-04-16T14:45:39.114+0000] {logging_mixin.py:188} INFO - [2026-04-16T14:45:39.113+0000] {dag.py:3954} INFO - Setting next_dagrun for dag_scraping_offres_emploi to 2026-04-16 06:00:00+00:00, run_after=2026-04-16 12:00:00+00:00
[2026-04-16T14:45:39.157+0000] {processor.py:183} INFO - Processing /opt/airflow/dags/DagScraper.py took 0.610 seconds
[2026-04-16T14:46:10.165+0000] {processor.py:161} INFO - Started process (PID=2557) to work on /opt/airflow/dags/DagScraper.py
[2026-04-16T14:46:10.168+0000] {processor.py:830} INFO - Processing file /opt/airflow/dags/DagScraper.py for tasks to queue
[2026-04-16T14:46:10.174+0000] {logging_mixin.py:188} INFO - [2026-04-16T14:46:10.172+0000] {dagbag.py:545} INFO - Filling up the DagBag from /opt/airflow/dags/DagScraper.py
[2026-04-16T14:46:10.245+0000] {processor.py:840} INFO - DAG(s) 'dag_scraping_offres_emploi' retrieved from /opt/airflow/dags/DagScraper.py
[2026-04-16T14:46:10.344+0000] {logging_mixin.py:188} INFO - [2026-04-16T14:46:10.344+0000] {dag.py:3096} INFO - Sync 1 DAGs
[2026-04-16T14:46:10.391+0000] {logging_mixin.py:188} INFO - [2026-04-16T14:46:10.390+0000] {dag.py:3954} INFO - Setting next_dagrun for dag_scraping_offres_emploi to 2026-04-16 06:00:00+00:00, run_after=2026-04-16 12:00:00+00:00
[2026-04-16T14:46:10.443+0000] {processor.py:183} INFO - Processing /opt/airflow/dags/DagScraper.py took 0.292 seconds
[2026-04-16T14:46:40.773+0000] {processor.py:161} INFO - Started process (PID=2571) to work on /opt/airflow/dags/DagScraper.py
[2026-04-16T14:46:40.775+0000] {processor.py:830} INFO - Processing file /opt/airflow/dags/DagScraper.py for tasks to queue
[2026-04-16T14:46:40.780+0000] {logging_mixin.py:188} INFO - [2026-04-16T14:46:40.779+0000] {dagbag.py:545} INFO - Filling up the DagBag from /opt/airflow/dags/DagScraper.py
[2026-04-16T14:46:40.839+0000] {processor.py:840} INFO - DAG(s) 'dag_scraping_offres_emploi' retrieved from /opt/airflow/dags/DagScraper.py
[2026-04-16T14:46:40.998+0000] {logging_mixin.py:188} INFO - [2026-04-16T14:46:40.997+0000] {dag.py:3096} INFO - Sync 1 DAGs
[2026-04-16T14:46:41.116+0000] {logging_mixin.py:188} INFO - [2026-04-16T14:46:41.115+0000] {dag.py:3954} INFO - Setting next_dagrun for dag_scraping_offres_emploi to 2026-04-16 06:00:00+00:00, run_after=2026-04-16 12:00:00+00:00
[2026-04-16T14:46:41.195+0000] {processor.py:183} INFO - Processing /opt/airflow/dags/DagScraper.py took 0.441 seconds
[2026-04-16T14:47:11.732+0000] {processor.py:161} INFO - Started process (PID=2579) to work on /opt/airflow/dags/DagScraper.py
[2026-04-16T14:47:11.734+0000] {processor.py:830} INFO - Processing file /opt/airflow/dags/DagScraper.py for tasks to queue
[2026-04-16T14:47:11.738+0000] {logging_mixin.py:188} INFO - [2026-04-16T14:47:11.738+0000] {dagbag.py:545} INFO - Filling up the DagBag from /opt/airflow/dags/DagScraper.py
[2026-04-16T14:47:11.861+0000] {processor.py:840} INFO - DAG(s) 'dag_scraping_offres_emploi' retrieved from /opt/airflow/dags/DagScraper.py
[2026-04-16T14:47:12.127+0000] {logging_mixin.py:188} INFO - [2026-04-16T14:47:12.126+0000] {dag.py:3096} INFO - Sync 1 DAGs
[2026-04-16T14:47:12.232+0000] {logging_mixin.py:188} INFO - [2026-04-16T14:47:12.231+0000] {dag.py:3954} INFO - Setting next_dagrun for dag_scraping_offres_emploi to 2026-04-16 06:00:00+00:00, run_after=2026-04-16 12:00:00+00:00
[2026-04-16T14:47:12.312+0000] {processor.py:183} INFO - Processing /opt/airflow/dags/DagScraper.py took 0.597 seconds
[2026-04-16T14:47:43.723+0000] {processor.py:161} INFO - Started process (PID=2592) to work on /opt/airflow/dags/DagScraper.py
[2026-04-16T14:47:43.737+0000] {processor.py:830} INFO - Processing file /opt/airflow/dags/DagScraper.py for tasks to queue
[2026-04-16T14:47:43.741+0000] {logging_mixin.py:188} INFO - [2026-04-16T14:47:43.740+0000] {dagbag.py:545} INFO - Filling up the DagBag from /opt/airflow/dags/DagScraper.py
[2026-04-16T14:47:43.993+0000] {processor.py:840} INFO - DAG(s) 'dag_scraping_offres_emploi' retrieved from /opt/airflow/dags/DagScraper.py
[2026-04-16T14:47:44.366+0000] {logging_mixin.py:188} INFO - [2026-04-16T14:47:44.365+0000] {dag.py:3096} INFO - Sync 1 DAGs
[2026-04-16T14:47:44.549+0000] {logging_mixin.py:188} INFO - [2026-04-16T14:47:44.548+0000] {dag.py:3954} INFO - Setting next_dagrun for dag_scraping_offres_emploi to 2026-04-16 06:00:00+00:00, run_after=2026-04-16 12:00:00+00:00
[2026-04-16T14:47:44.997+0000] {processor.py:183} INFO - Processing /opt/airflow/dags/DagScraper.py took 1.289 seconds
[2026-04-16T14:48:15.159+0000] {processor.py:161} INFO - Started process (PID=2600) to work on /opt/airflow/dags/DagScraper.py
[2026-04-16T14:48:15.161+0000] {processor.py:830} INFO - Processing file /opt/airflow/dags/DagScraper.py for tasks to queue
[2026-04-16T14:48:15.164+0000] {logging_mixin.py:188} INFO - [2026-04-16T14:48:15.163+0000] {dagbag.py:545} INFO - Filling up the DagBag from /opt/airflow/dags/DagScraper.py
[2026-04-16T14:48:15.208+0000] {processor.py:840} INFO - DAG(s) 'dag_scraping_offres_emploi' retrieved from /opt/airflow/dags/DagScraper.py
[2026-04-16T14:48:15.431+0000] {logging_mixin.py:188} INFO - [2026-04-16T14:48:15.430+0000] {dag.py:3096} INFO - Sync 1 DAGs
[2026-04-16T14:48:15.645+0000] {logging_mixin.py:188} INFO - [2026-04-16T14:48:15.644+0000] {dag.py:3954} INFO - Setting next_dagrun for dag_scraping_offres_emploi to 2026-04-16 06:00:00+00:00, run_after=2026-04-16 12:00:00+00:00
[2026-04-16T14:48:15.931+0000] {processor.py:183} INFO - Processing /opt/airflow/dags/DagScraper.py took 0.788 seconds
[2026-04-16T14:48:46.350+0000] {processor.py:161} INFO - Started process (PID=2614) to work on /opt/airflow/dags/DagScraper.py
[2026-04-16T14:48:46.364+0000] {processor.py:830} INFO - Processing file /opt/airflow/dags/DagScraper.py for tasks to queue
[2026-04-16T14:48:46.370+0000] {logging_mixin.py:188} INFO - [2026-04-16T14:48:46.369+0000] {dagbag.py:545} INFO - Filling up the DagBag from /opt/airflow/dags/DagScraper.py
[2026-04-16T14:48:46.479+0000] {processor.py:840} INFO - DAG(s) 'dag_scraping_offres_emploi' retrieved from /opt/airflow/dags/DagScraper.py
[2026-04-16T14:48:46.584+0000] {logging_mixin.py:188} INFO - [2026-04-16T14:48:46.583+0000] {dag.py:3096} INFO - Sync 1 DAGs
[2026-04-16T14:48:46.632+0000] {logging_mixin.py:188} INFO - [2026-04-16T14:48:46.631+0000] {dag.py:3954} INFO - Setting next_dagrun for dag_scraping_offres_emploi to 2026-04-16 06:00:00+00:00, run_after=2026-04-16 12:00:00+00:00
[2026-04-16T14:48:46.688+0000] {processor.py:183} INFO - Processing /opt/airflow/dags/DagScraper.py took 0.370 seconds
[2026-04-16T14:49:17.830+0000] {processor.py:161} INFO - Started process (PID=2627) to work on /opt/airflow/dags/DagScraper.py
[2026-04-16T14:49:17.834+0000] {processor.py:830} INFO - Processing file /opt/airflow/dags/DagScraper.py for tasks to queue
[2026-04-16T14:49:17.852+0000] {logging_mixin.py:188} INFO - [2026-04-16T14:49:17.851+0000] {dagbag.py:545} INFO - Filling up the DagBag from /opt/airflow/dags/DagScraper.py
[2026-04-16T14:49:18.208+0000] {processor.py:840} INFO - DAG(s) 'dag_scraping_offres_emploi' retrieved from /opt/airflow/dags/DagScraper.py
[2026-04-16T14:49:18.461+0000] {logging_mixin.py:188} INFO - [2026-04-16T14:49:18.461+0000] {dag.py:3096} INFO - Sync 1 DAGs
[2026-04-16T14:49:18.639+0000] {logging_mixin.py:188} INFO - [2026-04-16T14:49:18.638+0000] {dag.py:3954} INFO - Setting next_dagrun for dag_scraping_offres_emploi to 2026-04-16 06:00:00+00:00, run_after=2026-04-16 12:00:00+00:00
[2026-04-16T14:49:18.785+0000] {processor.py:183} INFO - Processing /opt/airflow/dags/DagScraper.py took 1.003 seconds
[2026-04-16T14:49:49.568+0000] {processor.py:161} INFO - Started process (PID=2636) to work on /opt/airflow/dags/DagScraper.py
[2026-04-16T14:49:49.573+0000] {processor.py:830} INFO - Processing file /opt/airflow/dags/DagScraper.py for tasks to queue
[2026-04-16T14:49:49.579+0000] {logging_mixin.py:188} INFO - [2026-04-16T14:49:49.577+0000] {dagbag.py:545} INFO - Filling up the DagBag from /opt/airflow/dags/DagScraper.py
[2026-04-16T14:49:49.687+0000] {processor.py:840} INFO - DAG(s) 'dag_scraping_offres_emploi' retrieved from /opt/airflow/dags/DagScraper.py
[2026-04-16T14:49:49.778+0000] {logging_mixin.py:188} INFO - [2026-04-16T14:49:49.777+0000] {dag.py:3096} INFO - Sync 1 DAGs
[2026-04-16T14:49:49.852+0000] {logging_mixin.py:188} INFO - [2026-04-16T14:49:49.851+0000] {dag.py:3954} INFO - Setting next_dagrun for dag_scraping_offres_emploi to 2026-04-16 06:00:00+00:00, run_after=2026-04-16 12:00:00+00:00
[2026-04-16T14:49:49.937+0000] {processor.py:183} INFO - Processing /opt/airflow/dags/DagScraper.py took 0.391 seconds
[2026-04-16T14:50:20.190+0000] {processor.py:161} INFO - Started process (PID=2650) to work on /opt/airflow/dags/DagScraper.py
[2026-04-16T14:50:20.192+0000] {processor.py:830} INFO - Processing file /opt/airflow/dags/DagScraper.py for tasks to queue
[2026-04-16T14:50:20.197+0000] {logging_mixin.py:188} INFO - [2026-04-16T14:50:20.197+0000] {dagbag.py:545} INFO - Filling up the DagBag from /opt/airflow/dags/DagScraper.py
[2026-04-16T14:50:20.247+0000] {processor.py:840} INFO - DAG(s) 'dag_scraping_offres_emploi' retrieved from /opt/airflow/dags/DagScraper.py
[2026-04-16T14:50:20.433+0000] {logging_mixin.py:188} INFO - [2026-04-16T14:50:20.433+0000] {dag.py:3096} INFO - Sync 1 DAGs
[2026-04-16T14:50:20.535+0000] {logging_mixin.py:188} INFO - [2026-04-16T14:50:20.534+0000] {dag.py:3954} INFO - Setting next_dagrun for dag_scraping_offres_emploi to 2026-04-16 06:00:00+00:00, run_after=2026-04-16 12:00:00+00:00
[2026-04-16T14:50:20.684+0000] {processor.py:183} INFO - Processing /opt/airflow/dags/DagScraper.py took 0.508 seconds
[2026-04-16T14:50:50.950+0000] {processor.py:161} INFO - Started process (PID=2658) to work on /opt/airflow/dags/DagScraper.py
[2026-04-16T14:50:50.954+0000] {processor.py:830} INFO - Processing file /opt/airflow/dags/DagScraper.py for tasks to queue
[2026-04-16T14:50:50.985+0000] {logging_mixin.py:188} INFO - [2026-04-16T14:50:50.984+0000] {dagbag.py:545} INFO - Filling up the DagBag from /opt/airflow/dags/DagScraper.py
[2026-04-16T14:50:51.181+0000] {processor.py:840} INFO - DAG(s) 'dag_scraping_offres_emploi' retrieved from /opt/airflow/dags/DagScraper.py
[2026-04-16T14:50:51.327+0000] {logging_mixin.py:188} INFO - [2026-04-16T14:50:51.325+0000] {dag.py:3096} INFO - Sync 1 DAGs
[2026-04-16T14:50:51.470+0000] {logging_mixin.py:188} INFO - [2026-04-16T14:50:51.470+0000] {dag.py:3954} INFO - Setting next_dagrun for dag_scraping_offres_emploi to 2026-04-16 06:00:00+00:00, run_after=2026-04-16 12:00:00+00:00
[2026-04-16T14:50:51.589+0000] {processor.py:183} INFO - Processing /opt/airflow/dags/DagScraper.py took 0.666 seconds
[2026-04-16T14:51:22.394+0000] {processor.py:161} INFO - Started process (PID=2671) to work on /opt/airflow/dags/DagScraper.py
[2026-04-16T14:51:22.413+0000] {processor.py:830} INFO - Processing file /opt/airflow/dags/DagScraper.py for tasks to queue
[2026-04-16T14:51:22.427+0000] {logging_mixin.py:188} INFO - [2026-04-16T14:51:22.427+0000] {dagbag.py:545} INFO - Filling up the DagBag from /opt/airflow/dags/DagScraper.py
[2026-04-16T14:51:22.669+0000] {processor.py:840} INFO - DAG(s) 'dag_scraping_offres_emploi' retrieved from /opt/airflow/dags/DagScraper.py
[2026-04-16T14:51:22.973+0000] {logging_mixin.py:188} INFO - [2026-04-16T14:51:22.972+0000] {dag.py:3096} INFO - Sync 1 DAGs
[2026-04-16T14:51:23.169+0000] {logging_mixin.py:188} INFO - [2026-04-16T14:51:23.169+0000] {dag.py:3954} INFO - Setting next_dagrun for dag_scraping_offres_emploi to 2026-04-16 06:00:00+00:00, run_after=2026-04-16 12:00:00+00:00
[2026-04-16T14:51:23.265+0000] {processor.py:183} INFO - Processing /opt/airflow/dags/DagScraper.py took 0.891 seconds
[2026-04-16T14:51:54.258+0000] {processor.py:161} INFO - Started process (PID=2679) to work on /opt/airflow/dags/DagScraper.py
[2026-04-16T14:51:54.261+0000] {processor.py:830} INFO - Processing file /opt/airflow/dags/DagScraper.py for tasks to queue
[2026-04-16T14:51:54.265+0000] {logging_mixin.py:188} INFO - [2026-04-16T14:51:54.265+0000] {dagbag.py:545} INFO - Filling up the DagBag from /opt/airflow/dags/DagScraper.py
[2026-04-16T14:51:54.317+0000] {processor.py:840} INFO - DAG(s) 'dag_scraping_offres_emploi' retrieved from /opt/airflow/dags/DagScraper.py
[2026-04-16T14:51:54.466+0000] {logging_mixin.py:188} INFO - [2026-04-16T14:51:54.465+0000] {dag.py:3096} INFO - Sync 1 DAGs
[2026-04-16T14:51:54.538+0000] {logging_mixin.py:188} INFO - [2026-04-16T14:51:54.537+0000] {dag.py:3954} INFO - Setting next_dagrun for dag_scraping_offres_emploi to 2026-04-16 06:00:00+00:00, run_after=2026-04-16 12:00:00+00:00
[2026-04-16T14:51:54.632+0000] {processor.py:183} INFO - Processing /opt/airflow/dags/DagScraper.py took 0.392 seconds
[2026-04-16T14:52:25.378+0000] {processor.py:161} INFO - Started process (PID=2693) to work on /opt/airflow/dags/DagScraper.py
[2026-04-16T14:52:25.416+0000] {processor.py:830} INFO - Processing file /opt/airflow/dags/DagScraper.py for tasks to queue
[2026-04-16T14:52:25.445+0000] {logging_mixin.py:188} INFO - [2026-04-16T14:52:25.444+0000] {dagbag.py:545} INFO - Filling up the DagBag from /opt/airflow/dags/DagScraper.py
[2026-04-16T14:52:25.712+0000] {processor.py:840} INFO - DAG(s) 'dag_scraping_offres_emploi' retrieved from /opt/airflow/dags/DagScraper.py
[2026-04-16T14:52:25.872+0000] {logging_mixin.py:188} INFO - [2026-04-16T14:52:25.872+0000] {dag.py:3096} INFO - Sync 1 DAGs
[2026-04-16T14:52:25.950+0000] {logging_mixin.py:188} INFO - [2026-04-16T14:52:25.949+0000] {dag.py:3954} INFO - Setting next_dagrun for dag_scraping_offres_emploi to 2026-04-16 06:00:00+00:00, run_after=2026-04-16 12:00:00+00:00
[2026-04-16T14:52:26.017+0000] {processor.py:183} INFO - Processing /opt/airflow/dags/DagScraper.py took 0.666 seconds
[2026-04-16T14:52:56.159+0000] {processor.py:161} INFO - Started process (PID=2701) to work on /opt/airflow/dags/DagScraper.py
[2026-04-16T14:52:56.161+0000] {processor.py:830} INFO - Processing file /opt/airflow/dags/DagScraper.py for tasks to queue
[2026-04-16T14:52:56.166+0000] {logging_mixin.py:188} INFO - [2026-04-16T14:52:56.165+0000] {dagbag.py:545} INFO - Filling up the DagBag from /opt/airflow/dags/DagScraper.py
[2026-04-16T14:52:56.302+0000] {processor.py:840} INFO - DAG(s) 'dag_scraping_offres_emploi' retrieved from /opt/airflow/dags/DagScraper.py
[2026-04-16T14:52:56.556+0000] {logging_mixin.py:188} INFO - [2026-04-16T14:52:56.555+0000] {dag.py:3096} INFO - Sync 1 DAGs
[2026-04-16T14:52:56.669+0000] {logging_mixin.py:188} INFO - [2026-04-16T14:52:56.668+0000] {dag.py:3954} INFO - Setting next_dagrun for dag_scraping_offres_emploi to 2026-04-16 06:00:00+00:00, run_after=2026-04-16 12:00:00+00:00
[2026-04-16T14:52:56.756+0000] {processor.py:183} INFO - Processing /opt/airflow/dags/DagScraper.py took 0.613 seconds
[2026-04-16T14:53:28.051+0000] {processor.py:161} INFO - Started process (PID=2717) to work on /opt/airflow/dags/DagScraper.py
[2026-04-16T14:53:28.096+0000] {processor.py:830} INFO - Processing file /opt/airflow/dags/DagScraper.py for tasks to queue
[2026-04-16T14:53:28.113+0000] {logging_mixin.py:188} INFO - [2026-04-16T14:53:28.113+0000] {dagbag.py:545} INFO - Filling up the DagBag from /opt/airflow/dags/DagScraper.py
[2026-04-16T14:53:28.762+0000] {processor.py:840} INFO - DAG(s) 'dag_scraping_offres_emploi' retrieved from /opt/airflow/dags/DagScraper.py
[2026-04-16T14:53:29.123+0000] {logging_mixin.py:188} INFO - [2026-04-16T14:53:29.122+0000] {dag.py:3096} INFO - Sync 1 DAGs
[2026-04-16T14:53:29.325+0000] {logging_mixin.py:188} INFO - [2026-04-16T14:53:29.324+0000] {dag.py:3954} INFO - Setting next_dagrun for dag_scraping_offres_emploi to 2026-04-16 06:00:00+00:00, run_after=2026-04-16 12:00:00+00:00
[2026-04-16T14:53:29.446+0000] {processor.py:183} INFO - Processing /opt/airflow/dags/DagScraper.py took 1.446 seconds
[2026-04-16T14:54:00.283+0000] {processor.py:161} INFO - Started process (PID=2725) to work on /opt/airflow/dags/DagScraper.py
[2026-04-16T14:54:00.286+0000] {processor.py:830} INFO - Processing file /opt/airflow/dags/DagScraper.py for tasks to queue
[2026-04-16T14:54:00.298+0000] {logging_mixin.py:188} INFO - [2026-04-16T14:54:00.297+0000] {dagbag.py:545} INFO - Filling up the DagBag from /opt/airflow/dags/DagScraper.py
[2026-04-16T14:54:00.346+0000] {processor.py:840} INFO - DAG(s) 'dag_scraping_offres_emploi' retrieved from /opt/airflow/dags/DagScraper.py
[2026-04-16T14:54:00.469+0000] {logging_mixin.py:188} INFO - [2026-04-16T14:54:00.469+0000] {dag.py:3096} INFO - Sync 1 DAGs
[2026-04-16T14:54:00.563+0000] {logging_mixin.py:188} INFO - [2026-04-16T14:54:00.563+0000] {dag.py:3954} INFO - Setting next_dagrun for dag_scraping_offres_emploi to 2026-04-16 06:00:00+00:00, run_after=2026-04-16 12:00:00+00:00
[2026-04-16T14:54:00.632+0000] {processor.py:183} INFO - Processing /opt/airflow/dags/DagScraper.py took 0.368 seconds
[2026-04-16T14:54:30.965+0000] {processor.py:161} INFO - Started process (PID=2739) to work on /opt/airflow/dags/DagScraper.py
[2026-04-16T14:54:30.968+0000] {processor.py:830} INFO - Processing file /opt/airflow/dags/DagScraper.py for tasks to queue
[2026-04-16T14:54:30.972+0000] {logging_mixin.py:188} INFO - [2026-04-16T14:54:30.971+0000] {dagbag.py:545} INFO - Filling up the DagBag from /opt/airflow/dags/DagScraper.py
[2026-04-16T14:54:31.027+0000] {processor.py:840} INFO - DAG(s) 'dag_scraping_offres_emploi' retrieved from /opt/airflow/dags/DagScraper.py
[2026-04-16T14:54:31.176+0000] {logging_mixin.py:188} INFO - [2026-04-16T14:54:31.175+0000] {dag.py:3096} INFO - Sync 1 DAGs
[2026-04-16T14:54:31.268+0000] {logging_mixin.py:188} INFO - [2026-04-16T14:54:31.267+0000] {dag.py:3954} INFO - Setting next_dagrun for dag_scraping_offres_emploi to 2026-04-16 06:00:00+00:00, run_after=2026-04-16 12:00:00+00:00
[2026-04-16T14:54:31.458+0000] {processor.py:183} INFO - Processing /opt/airflow/dags/DagScraper.py took 0.516 seconds
[2026-04-16T14:55:01.776+0000] {processor.py:161} INFO - Started process (PID=2753) to work on /opt/airflow/dags/DagScraper.py
[2026-04-16T14:55:01.779+0000] {processor.py:830} INFO - Processing file /opt/airflow/dags/DagScraper.py for tasks to queue
[2026-04-16T14:55:01.783+0000] {logging_mixin.py:188} INFO - [2026-04-16T14:55:01.782+0000] {dagbag.py:545} INFO - Filling up the DagBag from /opt/airflow/dags/DagScraper.py
[2026-04-16T14:55:01.843+0000] {processor.py:840} INFO - DAG(s) 'dag_scraping_offres_emploi' retrieved from /opt/airflow/dags/DagScraper.py
[2026-04-16T14:55:01.953+0000] {logging_mixin.py:188} INFO - [2026-04-16T14:55:01.953+0000] {dag.py:3096} INFO - Sync 1 DAGs
[2026-04-16T14:55:02.016+0000] {logging_mixin.py:188} INFO - [2026-04-16T14:55:02.015+0000] {dag.py:3954} INFO - Setting next_dagrun for dag_scraping_offres_emploi to 2026-04-16 06:00:00+00:00, run_after=2026-04-16 12:00:00+00:00
[2026-04-16T14:55:02.079+0000] {processor.py:183} INFO - Processing /opt/airflow/dags/DagScraper.py took 0.314 seconds
[2026-04-16T14:55:33.137+0000] {processor.py:161} INFO - Started process (PID=2761) to work on /opt/airflow/dags/DagScraper.py
[2026-04-16T14:55:33.140+0000] {processor.py:830} INFO - Processing file /opt/airflow/dags/DagScraper.py for tasks to queue
[2026-04-16T14:55:33.147+0000] {logging_mixin.py:188} INFO - [2026-04-16T14:55:33.146+0000] {dagbag.py:545} INFO - Filling up the DagBag from /opt/airflow/dags/DagScraper.py
[2026-04-16T14:55:33.214+0000] {processor.py:840} INFO - DAG(s) 'dag_scraping_offres_emploi' retrieved from /opt/airflow/dags/DagScraper.py
[2026-04-16T14:55:33.349+0000] {logging_mixin.py:188} INFO - [2026-04-16T14:55:33.348+0000] {dag.py:3096} INFO - Sync 1 DAGs
[2026-04-16T14:55:33.513+0000] {logging_mixin.py:188} INFO - [2026-04-16T14:55:33.502+0000] {dag.py:3954} INFO - Setting next_dagrun for dag_scraping_offres_emploi to 2026-04-16 06:00:00+00:00, run_after=2026-04-16 12:00:00+00:00
[2026-04-16T14:55:33.886+0000] {processor.py:183} INFO - Processing /opt/airflow/dags/DagScraper.py took 0.766 seconds
[2026-04-16T14:56:04.615+0000] {processor.py:161} INFO - Started process (PID=2775) to work on /opt/airflow/dags/DagScraper.py
[2026-04-16T14:56:04.618+0000] {processor.py:830} INFO - Processing file /opt/airflow/dags/DagScraper.py for tasks to queue
[2026-04-16T14:56:04.622+0000] {logging_mixin.py:188} INFO - [2026-04-16T14:56:04.622+0000] {dagbag.py:545} INFO - Filling up the DagBag from /opt/airflow/dags/DagScraper.py
[2026-04-16T14:56:04.798+0000] {processor.py:840} INFO - DAG(s) 'dag_scraping_offres_emploi' retrieved from /opt/airflow/dags/DagScraper.py
[2026-04-16T14:56:05.214+0000] {logging_mixin.py:188} INFO - [2026-04-16T14:56:05.214+0000] {dag.py:3096} INFO - Sync 1 DAGs
[2026-04-16T14:56:05.338+0000] {logging_mixin.py:188} INFO - [2026-04-16T14:56:05.337+0000] {dag.py:3954} INFO - Setting next_dagrun for dag_scraping_offres_emploi to 2026-04-16 06:00:00+00:00, run_after=2026-04-16 12:00:00+00:00
[2026-04-16T14:56:05.429+0000] {processor.py:183} INFO - Processing /opt/airflow/dags/DagScraper.py took 0.845 seconds
[2026-04-16T14:56:35.593+0000] {processor.py:161} INFO - Started process (PID=2783) to work on /opt/airflow/dags/DagScraper.py
[2026-04-16T14:56:35.595+0000] {processor.py:830} INFO - Processing file /opt/airflow/dags/DagScraper.py for tasks to queue
[2026-04-16T14:56:35.600+0000] {logging_mixin.py:188} INFO - [2026-04-16T14:56:35.599+0000] {dagbag.py:545} INFO - Filling up the DagBag from /opt/airflow/dags/DagScraper.py
[2026-04-16T14:56:35.660+0000] {processor.py:840} INFO - DAG(s) 'dag_scraping_offres_emploi' retrieved from /opt/airflow/dags/DagScraper.py
[2026-04-16T14:56:35.768+0000] {logging_mixin.py:188} INFO - [2026-04-16T14:56:35.768+0000] {dag.py:3096} INFO - Sync 1 DAGs
[2026-04-16T14:56:35.850+0000] {logging_mixin.py:188} INFO - [2026-04-16T14:56:35.849+0000] {dag.py:3954} INFO - Setting next_dagrun for dag_scraping_offres_emploi to 2026-04-16 06:00:00+00:00, run_after=2026-04-16 12:00:00+00:00
[2026-04-16T14:56:35.989+0000] {processor.py:183} INFO - Processing /opt/airflow/dags/DagScraper.py took 0.410 seconds
[2026-04-16T14:57:06.824+0000] {processor.py:161} INFO - Started process (PID=2796) to work on /opt/airflow/dags/DagScraper.py
[2026-04-16T14:57:06.826+0000] {processor.py:830} INFO - Processing file /opt/airflow/dags/DagScraper.py for tasks to queue
[2026-04-16T14:57:06.829+0000] {logging_mixin.py:188} INFO - [2026-04-16T14:57:06.829+0000] {dagbag.py:545} INFO - Filling up the DagBag from /opt/airflow/dags/DagScraper.py
[2026-04-16T14:57:06.896+0000] {processor.py:840} INFO - DAG(s) 'dag_scraping_offres_emploi' retrieved from /opt/airflow/dags/DagScraper.py
[2026-04-16T14:57:07.093+0000] {logging_mixin.py:188} INFO - [2026-04-16T14:57:07.091+0000] {dag.py:3096} INFO - Sync 1 DAGs
[2026-04-16T14:57:07.188+0000] {logging_mixin.py:188} INFO - [2026-04-16T14:57:07.188+0000] {dag.py:3954} INFO - Setting next_dagrun for dag_scraping_offres_emploi to 2026-04-16 06:00:00+00:00, run_after=2026-04-16 12:00:00+00:00
[2026-04-16T14:57:07.260+0000] {processor.py:183} INFO - Processing /opt/airflow/dags/DagScraper.py took 0.454 seconds
[2026-04-16T14:57:37.673+0000] {processor.py:161} INFO - Started process (PID=2804) to work on /opt/airflow/dags/DagScraper.py
[2026-04-16T14:57:37.675+0000] {processor.py:830} INFO - Processing file /opt/airflow/dags/DagScraper.py for tasks to queue
[2026-04-16T14:57:37.678+0000] {logging_mixin.py:188} INFO - [2026-04-16T14:57:37.677+0000] {dagbag.py:545} INFO - Filling up the DagBag from /opt/airflow/dags/DagScraper.py
[2026-04-16T14:57:37.772+0000] {processor.py:840} INFO - DAG(s) 'dag_scraping_offres_emploi' retrieved from /opt/airflow/dags/DagScraper.py
[2026-04-16T14:57:37.879+0000] {logging_mixin.py:188} INFO - [2026-04-16T14:57:37.878+0000] {dag.py:3096} INFO - Sync 1 DAGs
[2026-04-16T14:57:37.937+0000] {logging_mixin.py:188} INFO - [2026-04-16T14:57:37.937+0000] {dag.py:3954} INFO - Setting next_dagrun for dag_scraping_offres_emploi to 2026-04-16 06:00:00+00:00, run_after=2026-04-16 12:00:00+00:00
[2026-04-16T14:57:37.978+0000] {processor.py:183} INFO - Processing /opt/airflow/dags/DagScraper.py took 0.318 seconds
[2026-04-16T14:58:09.006+0000] {processor.py:161} INFO - Started process (PID=2819) to work on /opt/airflow/dags/DagScraper.py
[2026-04-16T14:58:09.013+0000] {processor.py:830} INFO - Processing file /opt/airflow/dags/DagScraper.py for tasks to queue
[2026-04-16T14:58:09.027+0000] {logging_mixin.py:188} INFO - [2026-04-16T14:58:09.026+0000] {dagbag.py:545} INFO - Filling up the DagBag from /opt/airflow/dags/DagScraper.py
[2026-04-16T14:58:09.102+0000] {processor.py:840} INFO - DAG(s) 'dag_scraping_offres_emploi' retrieved from /opt/airflow/dags/DagScraper.py
[2026-04-16T14:58:09.215+0000] {logging_mixin.py:188} INFO - [2026-04-16T14:58:09.215+0000] {dag.py:3096} INFO - Sync 1 DAGs
[2026-04-16T14:58:09.309+0000] {logging_mixin.py:188} INFO - [2026-04-16T14:58:09.309+0000] {dag.py:3954} INFO - Setting next_dagrun for dag_scraping_offres_emploi to 2026-04-16 06:00:00+00:00, run_after=2026-04-16 12:00:00+00:00
[2026-04-16T14:58:09.403+0000] {processor.py:183} INFO - Processing /opt/airflow/dags/DagScraper.py took 0.423 seconds
[2026-04-16T14:58:39.883+0000] {processor.py:161} INFO - Started process (PID=2827) to work on /opt/airflow/dags/DagScraper.py
[2026-04-16T14:58:39.885+0000] {processor.py:830} INFO - Processing file /opt/airflow/dags/DagScraper.py for tasks to queue
[2026-04-16T14:58:39.889+0000] {logging_mixin.py:188} INFO - [2026-04-16T14:58:39.888+0000] {dagbag.py:545} INFO - Filling up the DagBag from /opt/airflow/dags/DagScraper.py
[2026-04-16T14:58:39.962+0000] {processor.py:840} INFO - DAG(s) 'dag_scraping_offres_emploi' retrieved from /opt/airflow/dags/DagScraper.py
[2026-04-16T14:58:40.137+0000] {logging_mixin.py:188} INFO - [2026-04-16T14:58:40.137+0000] {dag.py:3096} INFO - Sync 1 DAGs
[2026-04-16T14:58:40.213+0000] {logging_mixin.py:188} INFO - [2026-04-16T14:58:40.212+0000] {dag.py:3954} INFO - Setting next_dagrun for dag_scraping_offres_emploi to 2026-04-16 06:00:00+00:00, run_after=2026-04-16 12:00:00+00:00
[2026-04-16T14:58:40.275+0000] {processor.py:183} INFO - Processing /opt/airflow/dags/DagScraper.py took 0.414 seconds
[2026-04-16T14:59:11.190+0000] {processor.py:161} INFO - Started process (PID=2842) to work on /opt/airflow/dags/DagScraper.py
[2026-04-16T14:59:11.192+0000] {processor.py:830} INFO - Processing file /opt/airflow/dags/DagScraper.py for tasks to queue
[2026-04-16T14:59:11.196+0000] {logging_mixin.py:188} INFO - [2026-04-16T14:59:11.195+0000] {dagbag.py:545} INFO - Filling up the DagBag from /opt/airflow/dags/DagScraper.py
[2026-04-16T14:59:11.269+0000] {processor.py:840} INFO - DAG(s) 'dag_scraping_offres_emploi' retrieved from /opt/airflow/dags/DagScraper.py
[2026-04-16T14:59:11.403+0000] {logging_mixin.py:188} INFO - [2026-04-16T14:59:11.403+0000] {dag.py:3096} INFO - Sync 1 DAGs
[2026-04-16T14:59:11.518+0000] {logging_mixin.py:188} INFO - [2026-04-16T14:59:11.517+0000] {dag.py:3954} INFO - Setting next_dagrun for dag_scraping_offres_emploi to 2026-04-16 06:00:00+00:00, run_after=2026-04-16 12:00:00+00:00
[2026-04-16T14:59:11.583+0000] {processor.py:183} INFO - Processing /opt/airflow/dags/DagScraper.py took 0.405 seconds
[2026-04-16T14:59:41.854+0000] {processor.py:161} INFO - Started process (PID=2849) to work on /opt/airflow/dags/DagScraper.py
[2026-04-16T14:59:41.856+0000] {processor.py:830} INFO - Processing file /opt/airflow/dags/DagScraper.py for tasks to queue
[2026-04-16T14:59:41.866+0000] {logging_mixin.py:188} INFO - [2026-04-16T14:59:41.865+0000] {dagbag.py:545} INFO - Filling up the DagBag from /opt/airflow/dags/DagScraper.py
[2026-04-16T14:59:41.983+0000] {processor.py:840} INFO - DAG(s) 'dag_scraping_offres_emploi' retrieved from /opt/airflow/dags/DagScraper.py
[2026-04-16T14:59:42.168+0000] {logging_mixin.py:188} INFO - [2026-04-16T14:59:42.167+0000] {dag.py:3096} INFO - Sync 1 DAGs
[2026-04-16T14:59:42.349+0000] {logging_mixin.py:188} INFO - [2026-04-16T14:59:42.348+0000] {dag.py:3954} INFO - Setting next_dagrun for dag_scraping_offres_emploi to 2026-04-16 06:00:00+00:00, run_after=2026-04-16 12:00:00+00:00
[2026-04-16T14:59:42.832+0000] {processor.py:183} INFO - Processing /opt/airflow/dags/DagScraper.py took 1.000 seconds
[2026-04-16T15:00:13.104+0000] {processor.py:161} INFO - Started process (PID=2864) to work on /opt/airflow/dags/DagScraper.py
[2026-04-16T15:00:13.109+0000] {processor.py:830} INFO - Processing file /opt/airflow/dags/DagScraper.py for tasks to queue
[2026-04-16T15:00:13.113+0000] {logging_mixin.py:188} INFO - [2026-04-16T15:00:13.113+0000] {dagbag.py:545} INFO - Filling up the DagBag from /opt/airflow/dags/DagScraper.py
[2026-04-16T15:00:13.160+0000] {processor.py:840} INFO - DAG(s) 'dag_scraping_offres_emploi' retrieved from /opt/airflow/dags/DagScraper.py
[2026-04-16T15:00:13.286+0000] {logging_mixin.py:188} INFO - [2026-04-16T15:00:13.285+0000] {dag.py:3096} INFO - Sync 1 DAGs
[2026-04-16T15:00:13.443+0000] {logging_mixin.py:188} INFO - [2026-04-16T15:00:13.442+0000] {dag.py:3954} INFO - Setting next_dagrun for dag_scraping_offres_emploi to 2026-04-16 06:00:00+00:00, run_after=2026-04-16 12:00:00+00:00
[2026-04-16T15:00:13.491+0000] {processor.py:183} INFO - Processing /opt/airflow/dags/DagScraper.py took 0.400 seconds
[2026-04-16T15:00:43.663+0000] {processor.py:161} INFO - Started process (PID=2872) to work on /opt/airflow/dags/DagScraper.py
[2026-04-16T15:00:43.667+0000] {processor.py:830} INFO - Processing file /opt/airflow/dags/DagScraper.py for tasks to queue
[2026-04-16T15:00:43.672+0000] {logging_mixin.py:188} INFO - [2026-04-16T15:00:43.671+0000] {dagbag.py:545} INFO - Filling up the DagBag from /opt/airflow/dags/DagScraper.py
[2026-04-16T15:00:43.744+0000] {processor.py:840} INFO - DAG(s) 'dag_scraping_offres_emploi' retrieved from /opt/airflow/dags/DagScraper.py
[2026-04-16T15:00:43.878+0000] {logging_mixin.py:188} INFO - [2026-04-16T15:00:43.877+0000] {dag.py:3096} INFO - Sync 1 DAGs
[2026-04-16T15:00:43.930+0000] {logging_mixin.py:188} INFO - [2026-04-16T15:00:43.930+0000] {dag.py:3954} INFO - Setting next_dagrun for dag_scraping_offres_emploi to 2026-04-16 06:00:00+00:00, run_after=2026-04-16 12:00:00+00:00
[2026-04-16T15:00:44.027+0000] {processor.py:183} INFO - Processing /opt/airflow/dags/DagScraper.py took 0.389 seconds
[2026-04-16T15:01:14.340+0000] {processor.py:161} INFO - Started process (PID=2885) to work on /opt/airflow/dags/DagScraper.py
[2026-04-16T15:01:14.346+0000] {processor.py:830} INFO - Processing file /opt/airflow/dags/DagScraper.py for tasks to queue
[2026-04-16T15:01:14.411+0000] {logging_mixin.py:188} INFO - [2026-04-16T15:01:14.408+0000] {dagbag.py:545} INFO - Filling up the DagBag from /opt/airflow/dags/DagScraper.py
[2026-04-16T15:01:14.527+0000] {processor.py:840} INFO - DAG(s) 'dag_scraping_offres_emploi' retrieved from /opt/airflow/dags/DagScraper.py
[2026-04-16T15:01:14.625+0000] {logging_mixin.py:188} INFO - [2026-04-16T15:01:14.624+0000] {dag.py:3096} INFO - Sync 1 DAGs
[2026-04-16T15:01:14.673+0000] {logging_mixin.py:188} INFO - [2026-04-16T15:01:14.673+0000] {dag.py:3954} INFO - Setting next_dagrun for dag_scraping_offres_emploi to 2026-04-16 06:00:00+00:00, run_after=2026-04-16 12:00:00+00:00
[2026-04-16T15:01:14.721+0000] {processor.py:183} INFO - Processing /opt/airflow/dags/DagScraper.py took 0.430 seconds
[2026-04-16T15:01:45.283+0000] {processor.py:161} INFO - Started process (PID=2894) to work on /opt/airflow/dags/DagScraper.py
[2026-04-16T15:01:45.311+0000] {processor.py:830} INFO - Processing file /opt/airflow/dags/DagScraper.py for tasks to queue
[2026-04-16T15:01:45.353+0000] {logging_mixin.py:188} INFO - [2026-04-16T15:01:45.352+0000] {dagbag.py:545} INFO - Filling up the DagBag from /opt/airflow/dags/DagScraper.py
[2026-04-16T15:01:46.118+0000] {processor.py:840} INFO - DAG(s) 'dag_scraping_offres_emploi' retrieved from /opt/airflow/dags/DagScraper.py
[2026-04-16T15:01:46.258+0000] {logging_mixin.py:188} INFO - [2026-04-16T15:01:46.247+0000] {dag.py:3096} INFO - Sync 1 DAGs
[2026-04-16T15:01:46.385+0000] {logging_mixin.py:188} INFO - [2026-04-16T15:01:46.384+0000] {dag.py:3954} INFO - Setting next_dagrun for dag_scraping_offres_emploi to 2026-04-16 06:00:00+00:00, run_after=2026-04-16 12:00:00+00:00
[2026-04-16T15:01:46.500+0000] {processor.py:183} INFO - Processing /opt/airflow/dags/DagScraper.py took 1.250 seconds
[2026-04-16T15:02:17.045+0000] {processor.py:161} INFO - Started process (PID=2908) to work on /opt/airflow/dags/DagScraper.py
[2026-04-16T15:02:17.048+0000] {processor.py:830} INFO - Processing file /opt/airflow/dags/DagScraper.py for tasks to queue
[2026-04-16T15:02:17.055+0000] {logging_mixin.py:188} INFO - [2026-04-16T15:02:17.054+0000] {dagbag.py:545} INFO - Filling up the DagBag from /opt/airflow/dags/DagScraper.py
[2026-04-16T15:02:17.140+0000] {processor.py:840} INFO - DAG(s) 'dag_scraping_offres_emploi' retrieved from /opt/airflow/dags/DagScraper.py
[2026-04-16T15:02:17.242+0000] {logging_mixin.py:188} INFO - [2026-04-16T15:02:17.242+0000] {dag.py:3096} INFO - Sync 1 DAGs
[2026-04-16T15:02:17.285+0000] {logging_mixin.py:188} INFO - [2026-04-16T15:02:17.285+0000] {dag.py:3954} INFO - Setting next_dagrun for dag_scraping_offres_emploi to 2026-04-16 06:00:00+00:00, run_after=2026-04-16 12:00:00+00:00
[2026-04-16T15:02:17.354+0000] {processor.py:183} INFO - Processing /opt/airflow/dags/DagScraper.py took 0.322 seconds
[2026-04-16T15:02:47.651+0000] {processor.py:161} INFO - Started process (PID=2921) to work on /opt/airflow/dags/DagScraper.py
[2026-04-16T15:02:47.655+0000] {processor.py:830} INFO - Processing file /opt/airflow/dags/DagScraper.py for tasks to queue
[2026-04-16T15:02:47.660+0000] {logging_mixin.py:188} INFO - [2026-04-16T15:02:47.659+0000] {dagbag.py:545} INFO - Filling up the DagBag from /opt/airflow/dags/DagScraper.py
[2026-04-16T15:02:47.741+0000] {processor.py:840} INFO - DAG(s) 'dag_scraping_offres_emploi' retrieved from /opt/airflow/dags/DagScraper.py
[2026-04-16T15:02:47.879+0000] {logging_mixin.py:188} INFO - [2026-04-16T15:02:47.879+0000] {dag.py:3096} INFO - Sync 1 DAGs
[2026-04-16T15:02:47.954+0000] {logging_mixin.py:188} INFO - [2026-04-16T15:02:47.954+0000] {dag.py:3954} INFO - Setting next_dagrun for dag_scraping_offres_emploi to 2026-04-16 06:00:00+00:00, run_after=2026-04-16 12:00:00+00:00
[2026-04-16T15:02:48.018+0000] {processor.py:183} INFO - Processing /opt/airflow/dags/DagScraper.py took 0.382 seconds
[2026-04-16T15:03:18.373+0000] {processor.py:161} INFO - Started process (PID=2930) to work on /opt/airflow/dags/DagScraper.py
[2026-04-16T15:03:18.375+0000] {processor.py:830} INFO - Processing file /opt/airflow/dags/DagScraper.py for tasks to queue
[2026-04-16T15:03:18.381+0000] {logging_mixin.py:188} INFO - [2026-04-16T15:03:18.380+0000] {dagbag.py:545} INFO - Filling up the DagBag from /opt/airflow/dags/DagScraper.py
[2026-04-16T15:03:18.491+0000] {processor.py:840} INFO - DAG(s) 'dag_scraping_offres_emploi' retrieved from /opt/airflow/dags/DagScraper.py
[2026-04-16T15:03:18.613+0000] {logging_mixin.py:188} INFO - [2026-04-16T15:03:18.613+0000] {dag.py:3096} INFO - Sync 1 DAGs
[2026-04-16T15:03:18.675+0000] {logging_mixin.py:188} INFO - [2026-04-16T15:03:18.674+0000] {dag.py:3954} INFO - Setting next_dagrun for dag_scraping_offres_emploi to 2026-04-16 06:00:00+00:00, run_after=2026-04-16 12:00:00+00:00
[2026-04-16T15:03:18.754+0000] {processor.py:183} INFO - Processing /opt/airflow/dags/DagScraper.py took 0.402 seconds
[2026-04-16T15:03:49.384+0000] {processor.py:161} INFO - Started process (PID=2944) to work on /opt/airflow/dags/DagScraper.py
[2026-04-16T15:03:49.392+0000] {processor.py:830} INFO - Processing file /opt/airflow/dags/DagScraper.py for tasks to queue
[2026-04-16T15:03:49.456+0000] {logging_mixin.py:188} INFO - [2026-04-16T15:03:49.454+0000] {dagbag.py:545} INFO - Filling up the DagBag from /opt/airflow/dags/DagScraper.py
[2026-04-16T15:03:49.784+0000] {processor.py:840} INFO - DAG(s) 'dag_scraping_offres_emploi' retrieved from /opt/airflow/dags/DagScraper.py
[2026-04-16T15:03:49.927+0000] {logging_mixin.py:188} INFO - [2026-04-16T15:03:49.925+0000] {dag.py:3096} INFO - Sync 1 DAGs
[2026-04-16T15:03:50.030+0000] {logging_mixin.py:188} INFO - [2026-04-16T15:03:50.029+0000] {dag.py:3954} INFO - Setting next_dagrun for dag_scraping_offres_emploi to 2026-04-16 06:00:00+00:00, run_after=2026-04-16 12:00:00+00:00
[2026-04-16T15:03:50.104+0000] {processor.py:183} INFO - Processing /opt/airflow/dags/DagScraper.py took 0.748 seconds
[2026-04-16T15:04:21.061+0000] {processor.py:161} INFO - Started process (PID=2952) to work on /opt/airflow/dags/DagScraper.py
[2026-04-16T15:04:21.078+0000] {processor.py:830} INFO - Processing file /opt/airflow/dags/DagScraper.py for tasks to queue
[2026-04-16T15:04:21.089+0000] {logging_mixin.py:188} INFO - [2026-04-16T15:04:21.088+0000] {dagbag.py:545} INFO - Filling up the DagBag from /opt/airflow/dags/DagScraper.py
[2026-04-16T15:04:21.196+0000] {processor.py:840} INFO - DAG(s) 'dag_scraping_offres_emploi' retrieved from /opt/airflow/dags/DagScraper.py
[2026-04-16T15:04:21.334+0000] {logging_mixin.py:188} INFO - [2026-04-16T15:04:21.333+0000] {dag.py:3096} INFO - Sync 1 DAGs
[2026-04-16T15:04:21.522+0000] {logging_mixin.py:188} INFO - [2026-04-16T15:04:21.521+0000] {dag.py:3954} INFO - Setting next_dagrun for dag_scraping_offres_emploi to 2026-04-16 06:00:00+00:00, run_after=2026-04-16 12:00:00+00:00
[2026-04-16T15:04:21.662+0000] {processor.py:183} INFO - Processing /opt/airflow/dags/DagScraper.py took 0.644 seconds
[2026-04-16T15:04:52.026+0000] {processor.py:161} INFO - Started process (PID=2968) to work on /opt/airflow/dags/DagScraper.py
[2026-04-16T15:04:52.029+0000] {processor.py:830} INFO - Processing file /opt/airflow/dags/DagScraper.py for tasks to queue
[2026-04-16T15:04:52.033+0000] {logging_mixin.py:188} INFO - [2026-04-16T15:04:52.032+0000] {dagbag.py:545} INFO - Filling up the DagBag from /opt/airflow/dags/DagScraper.py
[2026-04-16T15:04:52.089+0000] {processor.py:840} INFO - DAG(s) 'dag_scraping_offres_emploi' retrieved from /opt/airflow/dags/DagScraper.py
[2026-04-16T15:04:52.185+0000] {logging_mixin.py:188} INFO - [2026-04-16T15:04:52.185+0000] {dag.py:3096} INFO - Sync 1 DAGs
[2026-04-16T15:04:52.256+0000] {logging_mixin.py:188} INFO - [2026-04-16T15:04:52.255+0000] {dag.py:3954} INFO - Setting next_dagrun for dag_scraping_offres_emploi to 2026-04-16 06:00:00+00:00, run_after=2026-04-16 12:00:00+00:00
[2026-04-16T15:04:52.327+0000] {processor.py:183} INFO - Processing /opt/airflow/dags/DagScraper.py took 0.334 seconds
[2026-04-16T15:05:22.625+0000] {processor.py:161} INFO - Started process (PID=2977) to work on /opt/airflow/dags/DagScraper.py
[2026-04-16T15:05:22.638+0000] {processor.py:830} INFO - Processing file /opt/airflow/dags/DagScraper.py for tasks to queue
[2026-04-16T15:05:22.660+0000] {logging_mixin.py:188} INFO - [2026-04-16T15:05:22.659+0000] {dagbag.py:545} INFO - Filling up the DagBag from /opt/airflow/dags/DagScraper.py
[2026-04-16T15:05:22.836+0000] {processor.py:840} INFO - DAG(s) 'dag_scraping_offres_emploi' retrieved from /opt/airflow/dags/DagScraper.py
[2026-04-16T15:05:23.021+0000] {logging_mixin.py:188} INFO - [2026-04-16T15:05:23.020+0000] {dag.py:3096} INFO - Sync 1 DAGs
[2026-04-16T15:05:23.145+0000] {logging_mixin.py:188} INFO - [2026-04-16T15:05:23.145+0000] {dag.py:3954} INFO - Setting next_dagrun for dag_scraping_offres_emploi to 2026-04-16 06:00:00+00:00, run_after=2026-04-16 12:00:00+00:00
[2026-04-16T15:05:23.207+0000] {processor.py:183} INFO - Processing /opt/airflow/dags/DagScraper.py took 0.680 seconds
[2026-04-16T15:05:54.421+0000] {processor.py:161} INFO - Started process (PID=2991) to work on /opt/airflow/dags/DagScraper.py
[2026-04-16T15:05:54.425+0000] {processor.py:830} INFO - Processing file /opt/airflow/dags/DagScraper.py for tasks to queue
[2026-04-16T15:05:54.443+0000] {logging_mixin.py:188} INFO - [2026-04-16T15:05:54.442+0000] {dagbag.py:545} INFO - Filling up the DagBag from /opt/airflow/dags/DagScraper.py
[2026-04-16T15:05:54.546+0000] {processor.py:840} INFO - DAG(s) 'dag_scraping_offres_emploi' retrieved from /opt/airflow/dags/DagScraper.py
[2026-04-16T15:05:54.648+0000] {logging_mixin.py:188} INFO - [2026-04-16T15:05:54.647+0000] {dag.py:3096} INFO - Sync 1 DAGs
[2026-04-16T15:05:54.820+0000] {logging_mixin.py:188} INFO - [2026-04-16T15:05:54.820+0000] {dag.py:3954} INFO - Setting next_dagrun for dag_scraping_offres_emploi to 2026-04-16 06:00:00+00:00, run_after=2026-04-16 12:00:00+00:00
[2026-04-16T15:05:54.873+0000] {processor.py:183} INFO - Processing /opt/airflow/dags/DagScraper.py took 0.476 seconds
[2026-04-16T15:06:25.161+0000] {processor.py:161} INFO - Started process (PID=2999) to work on /opt/airflow/dags/DagScraper.py
[2026-04-16T15:06:25.164+0000] {processor.py:830} INFO - Processing file /opt/airflow/dags/DagScraper.py for tasks to queue
[2026-04-16T15:06:25.171+0000] {logging_mixin.py:188} INFO - [2026-04-16T15:06:25.170+0000] {dagbag.py:545} INFO - Filling up the DagBag from /opt/airflow/dags/DagScraper.py
[2026-04-16T15:06:25.238+0000] {processor.py:840} INFO - DAG(s) 'dag_scraping_offres_emploi' retrieved from /opt/airflow/dags/DagScraper.py
[2026-04-16T15:06:25.330+0000] {logging_mixin.py:188} INFO - [2026-04-16T15:06:25.330+0000] {dag.py:3096} INFO - Sync 1 DAGs
[2026-04-16T15:06:25.496+0000] {logging_mixin.py:188} INFO - [2026-04-16T15:06:25.496+0000] {dag.py:3954} INFO - Setting next_dagrun for dag_scraping_offres_emploi to 2026-04-16 06:00:00+00:00, run_after=2026-04-16 12:00:00+00:00
[2026-04-16T15:06:25.589+0000] {processor.py:183} INFO - Processing /opt/airflow/dags/DagScraper.py took 0.449 seconds
[2026-04-16T15:06:56.499+0000] {processor.py:161} INFO - Started process (PID=3014) to work on /opt/airflow/dags/DagScraper.py
[2026-04-16T15:06:56.505+0000] {processor.py:830} INFO - Processing file /opt/airflow/dags/DagScraper.py for tasks to queue
[2026-04-16T15:06:56.517+0000] {logging_mixin.py:188} INFO - [2026-04-16T15:06:56.510+0000] {dagbag.py:545} INFO - Filling up the DagBag from /opt/airflow/dags/DagScraper.py
[2026-04-16T15:06:56.589+0000] {processor.py:840} INFO - DAG(s) 'dag_scraping_offres_emploi' retrieved from /opt/airflow/dags/DagScraper.py
[2026-04-16T15:06:56.737+0000] {logging_mixin.py:188} INFO - [2026-04-16T15:06:56.737+0000] {dag.py:3096} INFO - Sync 1 DAGs
[2026-04-16T15:06:56.791+0000] {logging_mixin.py:188} INFO - [2026-04-16T15:06:56.790+0000] {dag.py:3954} INFO - Setting next_dagrun for dag_scraping_offres_emploi to 2026-04-16 06:00:00+00:00, run_after=2026-04-16 12:00:00+00:00
[2026-04-16T15:06:56.838+0000] {processor.py:183} INFO - Processing /opt/airflow/dags/DagScraper.py took 0.374 seconds
[2026-04-16T15:07:27.104+0000] {processor.py:161} INFO - Started process (PID=3022) to work on /opt/airflow/dags/DagScraper.py
[2026-04-16T15:07:27.106+0000] {processor.py:830} INFO - Processing file /opt/airflow/dags/DagScraper.py for tasks to queue
[2026-04-16T15:07:27.109+0000] {logging_mixin.py:188} INFO - [2026-04-16T15:07:27.109+0000] {dagbag.py:545} INFO - Filling up the DagBag from /opt/airflow/dags/DagScraper.py
[2026-04-16T15:07:27.152+0000] {processor.py:840} INFO - DAG(s) 'dag_scraping_offres_emploi' retrieved from /opt/airflow/dags/DagScraper.py
[2026-04-16T15:07:27.264+0000] {logging_mixin.py:188} INFO - [2026-04-16T15:07:27.264+0000] {dag.py:3096} INFO - Sync 1 DAGs
[2026-04-16T15:07:27.392+0000] {logging_mixin.py:188} INFO - [2026-04-16T15:07:27.382+0000] {dag.py:3954} INFO - Setting next_dagrun for dag_scraping_offres_emploi to 2026-04-16 06:00:00+00:00, run_after=2026-04-16 12:00:00+00:00
[2026-04-16T15:07:27.475+0000] {processor.py:183} INFO - Processing /opt/airflow/dags/DagScraper.py took 0.385 seconds
[2026-04-16T15:07:58.051+0000] {processor.py:161} INFO - Started process (PID=3035) to work on /opt/airflow/dags/DagScraper.py
[2026-04-16T15:07:58.056+0000] {processor.py:830} INFO - Processing file /opt/airflow/dags/DagScraper.py for tasks to queue
[2026-04-16T15:07:58.080+0000] {logging_mixin.py:188} INFO - [2026-04-16T15:07:58.079+0000] {dagbag.py:545} INFO - Filling up the DagBag from /opt/airflow/dags/DagScraper.py
[2026-04-16T15:07:58.160+0000] {processor.py:840} INFO - DAG(s) 'dag_scraping_offres_emploi' retrieved from /opt/airflow/dags/DagScraper.py
[2026-04-16T15:07:58.307+0000] {logging_mixin.py:188} INFO - [2026-04-16T15:07:58.306+0000] {dag.py:3096} INFO - Sync 1 DAGs
[2026-04-16T15:07:58.478+0000] {logging_mixin.py:188} INFO - [2026-04-16T15:07:58.477+0000] {dag.py:3954} INFO - Setting next_dagrun for dag_scraping_offres_emploi to 2026-04-16 06:00:00+00:00, run_after=2026-04-16 12:00:00+00:00
[2026-04-16T15:07:58.632+0000] {processor.py:183} INFO - Processing /opt/airflow/dags/DagScraper.py took 0.613 seconds
[2026-04-16T15:08:28.886+0000] {processor.py:161} INFO - Started process (PID=3043) to work on /opt/airflow/dags/DagScraper.py
[2026-04-16T15:08:28.891+0000] {processor.py:830} INFO - Processing file /opt/airflow/dags/DagScraper.py for tasks to queue
[2026-04-16T15:08:28.906+0000] {logging_mixin.py:188} INFO - [2026-04-16T15:08:28.906+0000] {dagbag.py:545} INFO - Filling up the DagBag from /opt/airflow/dags/DagScraper.py
[2026-04-16T15:08:28.985+0000] {processor.py:840} INFO - DAG(s) 'dag_scraping_offres_emploi' retrieved from /opt/airflow/dags/DagScraper.py
[2026-04-16T15:08:29.175+0000] {logging_mixin.py:188} INFO - [2026-04-16T15:08:29.174+0000] {dag.py:3096} INFO - Sync 1 DAGs
[2026-04-16T15:08:29.283+0000] {logging_mixin.py:188} INFO - [2026-04-16T15:08:29.282+0000] {dag.py:3954} INFO - Setting next_dagrun for dag_scraping_offres_emploi to 2026-04-16 06:00:00+00:00, run_after=2026-04-16 12:00:00+00:00
[2026-04-16T15:08:29.458+0000] {processor.py:183} INFO - Processing /opt/airflow/dags/DagScraper.py took 0.601 seconds
[2026-04-16T15:08:59.738+0000] {processor.py:161} INFO - Started process (PID=3056) to work on /opt/airflow/dags/DagScraper.py
[2026-04-16T15:08:59.742+0000] {processor.py:830} INFO - Processing file /opt/airflow/dags/DagScraper.py for tasks to queue
[2026-04-16T15:08:59.751+0000] {logging_mixin.py:188} INFO - [2026-04-16T15:08:59.751+0000] {dagbag.py:545} INFO - Filling up the DagBag from /opt/airflow/dags/DagScraper.py
[2026-04-16T15:08:59.854+0000] {processor.py:840} INFO - DAG(s) 'dag_scraping_offres_emploi' retrieved from /opt/airflow/dags/DagScraper.py
[2026-04-16T15:09:00.048+0000] {logging_mixin.py:188} INFO - [2026-04-16T15:09:00.047+0000] {dag.py:3096} INFO - Sync 1 DAGs
[2026-04-16T15:09:00.206+0000] {logging_mixin.py:188} INFO - [2026-04-16T15:09:00.206+0000] {dag.py:3954} INFO - Setting next_dagrun for dag_scraping_offres_emploi to 2026-04-16 06:00:00+00:00, run_after=2026-04-16 12:00:00+00:00
[2026-04-16T15:09:00.313+0000] {processor.py:183} INFO - Processing /opt/airflow/dags/DagScraper.py took 0.610 seconds
[2026-04-16T15:09:31.003+0000] {processor.py:161} INFO - Started process (PID=3065) to work on /opt/airflow/dags/DagScraper.py
[2026-04-16T15:09:31.025+0000] {processor.py:830} INFO - Processing file /opt/airflow/dags/DagScraper.py for tasks to queue
[2026-04-16T15:09:31.039+0000] {logging_mixin.py:188} INFO - [2026-04-16T15:09:31.038+0000] {dagbag.py:545} INFO - Filling up the DagBag from /opt/airflow/dags/DagScraper.py
[2026-04-16T15:09:31.176+0000] {processor.py:840} INFO - DAG(s) 'dag_scraping_offres_emploi' retrieved from /opt/airflow/dags/DagScraper.py
[2026-04-16T15:09:31.542+0000] {logging_mixin.py:188} INFO - [2026-04-16T15:09:31.499+0000] {dag.py:3096} INFO - Sync 1 DAGs
[2026-04-16T15:09:31.798+0000] {logging_mixin.py:188} INFO - [2026-04-16T15:09:31.792+0000] {dag.py:3954} INFO - Setting next_dagrun for dag_scraping_offres_emploi to 2026-04-16 06:00:00+00:00, run_after=2026-04-16 12:00:00+00:00
[2026-04-16T15:09:31.928+0000] {processor.py:183} INFO - Processing /opt/airflow/dags/DagScraper.py took 0.962 seconds
[2026-04-16T15:10:02.199+0000] {processor.py:161} INFO - Started process (PID=3079) to work on /opt/airflow/dags/DagScraper.py
[2026-04-16T15:10:02.201+0000] {processor.py:830} INFO - Processing file /opt/airflow/dags/DagScraper.py for tasks to queue
[2026-04-16T15:10:02.208+0000] {logging_mixin.py:188} INFO - [2026-04-16T15:10:02.205+0000] {dagbag.py:545} INFO - Filling up the DagBag from /opt/airflow/dags/DagScraper.py
[2026-04-16T15:10:02.353+0000] {processor.py:840} INFO - DAG(s) 'dag_scraping_offres_emploi' retrieved from /opt/airflow/dags/DagScraper.py
[2026-04-16T15:10:02.622+0000] {logging_mixin.py:188} INFO - [2026-04-16T15:10:02.618+0000] {dag.py:3096} INFO - Sync 1 DAGs
[2026-04-16T15:10:02.788+0000] {logging_mixin.py:188} INFO - [2026-04-16T15:10:02.788+0000] {dag.py:3954} INFO - Setting next_dagrun for dag_scraping_offres_emploi to 2026-04-16 06:00:00+00:00, run_after=2026-04-16 12:00:00+00:00
[2026-04-16T15:10:02.924+0000] {processor.py:183} INFO - Processing /opt/airflow/dags/DagScraper.py took 0.751 seconds
[2026-04-16T15:10:33.784+0000] {processor.py:161} INFO - Started process (PID=3093) to work on /opt/airflow/dags/DagScraper.py
[2026-04-16T15:10:33.786+0000] {processor.py:830} INFO - Processing file /opt/airflow/dags/DagScraper.py for tasks to queue
[2026-04-16T15:10:33.792+0000] {logging_mixin.py:188} INFO - [2026-04-16T15:10:33.791+0000] {dagbag.py:545} INFO - Filling up the DagBag from /opt/airflow/dags/DagScraper.py
[2026-04-16T15:10:33.861+0000] {processor.py:840} INFO - DAG(s) 'dag_scraping_offres_emploi' retrieved from /opt/airflow/dags/DagScraper.py
[2026-04-16T15:10:34.067+0000] {logging_mixin.py:188} INFO - [2026-04-16T15:10:34.066+0000] {dag.py:3096} INFO - Sync 1 DAGs
[2026-04-16T15:10:34.231+0000] {logging_mixin.py:188} INFO - [2026-04-16T15:10:34.231+0000] {dag.py:3954} INFO - Setting next_dagrun for dag_scraping_offres_emploi to 2026-04-16 06:00:00+00:00, run_after=2026-04-16 12:00:00+00:00
[2026-04-16T15:10:34.401+0000] {processor.py:183} INFO - Processing /opt/airflow/dags/DagScraper.py took 0.630 seconds
[2026-04-16T15:11:05.038+0000] {processor.py:161} INFO - Started process (PID=3102) to work on /opt/airflow/dags/DagScraper.py
[2026-04-16T15:11:05.040+0000] {processor.py:830} INFO - Processing file /opt/airflow/dags/DagScraper.py for tasks to queue
[2026-04-16T15:11:05.044+0000] {logging_mixin.py:188} INFO - [2026-04-16T15:11:05.043+0000] {dagbag.py:545} INFO - Filling up the DagBag from /opt/airflow/dags/DagScraper.py
[2026-04-16T15:11:05.106+0000] {processor.py:840} INFO - DAG(s) 'dag_scraping_offres_emploi' retrieved from /opt/airflow/dags/DagScraper.py
[2026-04-16T15:11:05.205+0000] {logging_mixin.py:188} INFO - [2026-04-16T15:11:05.204+0000] {dag.py:3096} INFO - Sync 1 DAGs
[2026-04-16T15:11:05.405+0000] {logging_mixin.py:188} INFO - [2026-04-16T15:11:05.404+0000] {dag.py:3954} INFO - Setting next_dagrun for dag_scraping_offres_emploi to 2026-04-16 06:00:00+00:00, run_after=2026-04-16 12:00:00+00:00
[2026-04-16T15:11:05.503+0000] {processor.py:183} INFO - Processing /opt/airflow/dags/DagScraper.py took 0.491 seconds
[2026-04-16T15:11:36.184+0000] {processor.py:161} INFO - Started process (PID=3116) to work on /opt/airflow/dags/DagScraper.py
[2026-04-16T15:11:36.190+0000] {processor.py:830} INFO - Processing file /opt/airflow/dags/DagScraper.py for tasks to queue
[2026-04-16T15:11:36.201+0000] {logging_mixin.py:188} INFO - [2026-04-16T15:11:36.201+0000] {dagbag.py:545} INFO - Filling up the DagBag from /opt/airflow/dags/DagScraper.py
[2026-04-16T15:11:36.329+0000] {processor.py:840} INFO - DAG(s) 'dag_scraping_offres_emploi' retrieved from /opt/airflow/dags/DagScraper.py
[2026-04-16T15:11:36.456+0000] {logging_mixin.py:188} INFO - [2026-04-16T15:11:36.456+0000] {dag.py:3096} INFO - Sync 1 DAGs
[2026-04-16T15:11:36.519+0000] {logging_mixin.py:188} INFO - [2026-04-16T15:11:36.518+0000] {dag.py:3954} INFO - Setting next_dagrun for dag_scraping_offres_emploi to 2026-04-16 06:00:00+00:00, run_after=2026-04-16 12:00:00+00:00
[2026-04-16T15:11:36.564+0000] {processor.py:183} INFO - Processing /opt/airflow/dags/DagScraper.py took 0.406 seconds
[2026-04-16T15:12:06.842+0000] {processor.py:161} INFO - Started process (PID=3125) to work on /opt/airflow/dags/DagScraper.py
[2026-04-16T15:12:06.844+0000] {processor.py:830} INFO - Processing file /opt/airflow/dags/DagScraper.py for tasks to queue
[2026-04-16T15:12:06.847+0000] {logging_mixin.py:188} INFO - [2026-04-16T15:12:06.847+0000] {dagbag.py:545} INFO - Filling up the DagBag from /opt/airflow/dags/DagScraper.py
[2026-04-16T15:12:06.891+0000] {processor.py:840} INFO - DAG(s) 'dag_scraping_offres_emploi' retrieved from /opt/airflow/dags/DagScraper.py
[2026-04-16T15:12:06.955+0000] {logging_mixin.py:188} INFO - [2026-04-16T15:12:06.954+0000] {dag.py:3096} INFO - Sync 1 DAGs
[2026-04-16T15:12:06.995+0000] {logging_mixin.py:188} INFO - [2026-04-16T15:12:06.995+0000] {dag.py:3954} INFO - Setting next_dagrun for dag_scraping_offres_emploi to 2026-04-16 06:00:00+00:00, run_after=2026-04-16 12:00:00+00:00
[2026-04-16T15:12:07.053+0000] {processor.py:183} INFO - Processing /opt/airflow/dags/DagScraper.py took 0.227 seconds
[2026-04-16T15:12:37.593+0000] {processor.py:161} INFO - Started process (PID=3139) to work on /opt/airflow/dags/DagScraper.py
[2026-04-16T15:12:37.600+0000] {processor.py:830} INFO - Processing file /opt/airflow/dags/DagScraper.py for tasks to queue
[2026-04-16T15:12:37.610+0000] {logging_mixin.py:188} INFO - [2026-04-16T15:12:37.608+0000] {dagbag.py:545} INFO - Filling up the DagBag from /opt/airflow/dags/DagScraper.py
[2026-04-16T15:12:37.762+0000] {processor.py:840} INFO - DAG(s) 'dag_scraping_offres_emploi' retrieved from /opt/airflow/dags/DagScraper.py
[2026-04-16T15:12:37.853+0000] {logging_mixin.py:188} INFO - [2026-04-16T15:12:37.853+0000] {dag.py:3096} INFO - Sync 1 DAGs
[2026-04-16T15:12:37.897+0000] {logging_mixin.py:188} INFO - [2026-04-16T15:12:37.896+0000] {dag.py:3954} INFO - Setting next_dagrun for dag_scraping_offres_emploi to 2026-04-16 06:00:00+00:00, run_after=2026-04-16 12:00:00+00:00
[2026-04-16T15:12:37.948+0000] {processor.py:183} INFO - Processing /opt/airflow/dags/DagScraper.py took 0.391 seconds
[2026-04-16T15:13:08.634+0000] {processor.py:161} INFO - Started process (PID=3146) to work on /opt/airflow/dags/DagScraper.py
[2026-04-16T15:13:08.642+0000] {processor.py:830} INFO - Processing file /opt/airflow/dags/DagScraper.py for tasks to queue
[2026-04-16T15:13:08.655+0000] {logging_mixin.py:188} INFO - [2026-04-16T15:13:08.654+0000] {dagbag.py:545} INFO - Filling up the DagBag from /opt/airflow/dags/DagScraper.py
[2026-04-16T15:13:08.750+0000] {processor.py:840} INFO - DAG(s) 'dag_scraping_offres_emploi' retrieved from /opt/airflow/dags/DagScraper.py
[2026-04-16T15:13:08.875+0000] {logging_mixin.py:188} INFO - [2026-04-16T15:13:08.874+0000] {dag.py:3096} INFO - Sync 1 DAGs
[2026-04-16T15:13:08.940+0000] {logging_mixin.py:188} INFO - [2026-04-16T15:13:08.940+0000] {dag.py:3954} INFO - Setting next_dagrun for dag_scraping_offres_emploi to 2026-04-16 06:00:00+00:00, run_after=2026-04-16 12:00:00+00:00
[2026-04-16T15:13:08.979+0000] {processor.py:183} INFO - Processing /opt/airflow/dags/DagScraper.py took 0.414 seconds
[2026-04-16T15:13:39.860+0000] {processor.py:161} INFO - Started process (PID=3161) to work on /opt/airflow/dags/DagScraper.py
[2026-04-16T15:13:39.861+0000] {processor.py:830} INFO - Processing file /opt/airflow/dags/DagScraper.py for tasks to queue
[2026-04-16T15:13:39.866+0000] {logging_mixin.py:188} INFO - [2026-04-16T15:13:39.866+0000] {dagbag.py:545} INFO - Filling up the DagBag from /opt/airflow/dags/DagScraper.py
[2026-04-16T15:13:39.923+0000] {processor.py:840} INFO - DAG(s) 'dag_scraping_offres_emploi' retrieved from /opt/airflow/dags/DagScraper.py
[2026-04-16T15:13:40.084+0000] {logging_mixin.py:188} INFO - [2026-04-16T15:13:40.082+0000] {dag.py:3096} INFO - Sync 1 DAGs
[2026-04-16T15:13:40.140+0000] {logging_mixin.py:188} INFO - [2026-04-16T15:13:40.140+0000] {dag.py:3954} INFO - Setting next_dagrun for dag_scraping_offres_emploi to 2026-04-16 06:00:00+00:00, run_after=2026-04-16 12:00:00+00:00
[2026-04-16T15:13:40.182+0000] {processor.py:183} INFO - Processing /opt/airflow/dags/DagScraper.py took 0.338 seconds
[2026-04-16T15:14:10.651+0000] {processor.py:161} INFO - Started process (PID=3169) to work on /opt/airflow/dags/DagScraper.py
[2026-04-16T15:14:10.653+0000] {processor.py:830} INFO - Processing file /opt/airflow/dags/DagScraper.py for tasks to queue
[2026-04-16T15:14:10.656+0000] {logging_mixin.py:188} INFO - [2026-04-16T15:14:10.656+0000] {dagbag.py:545} INFO - Filling up the DagBag from /opt/airflow/dags/DagScraper.py
[2026-04-16T15:14:10.744+0000] {processor.py:840} INFO - DAG(s) 'dag_scraping_offres_emploi' retrieved from /opt/airflow/dags/DagScraper.py
[2026-04-16T15:14:10.856+0000] {logging_mixin.py:188} INFO - [2026-04-16T15:14:10.856+0000] {dag.py:3096} INFO - Sync 1 DAGs
[2026-04-16T15:14:10.909+0000] {logging_mixin.py:188} INFO - [2026-04-16T15:14:10.908+0000] {dag.py:3954} INFO - Setting next_dagrun for dag_scraping_offres_emploi to 2026-04-16 06:00:00+00:00, run_after=2026-04-16 12:00:00+00:00
[2026-04-16T15:14:10.949+0000] {processor.py:183} INFO - Processing /opt/airflow/dags/DagScraper.py took 0.314 seconds
[2026-04-16T15:14:41.642+0000] {processor.py:161} INFO - Started process (PID=3181) to work on /opt/airflow/dags/DagScraper.py
[2026-04-16T15:14:41.657+0000] {processor.py:830} INFO - Processing file /opt/airflow/dags/DagScraper.py for tasks to queue
[2026-04-16T15:14:41.662+0000] {logging_mixin.py:188} INFO - [2026-04-16T15:14:41.662+0000] {dagbag.py:545} INFO - Filling up the DagBag from /opt/airflow/dags/DagScraper.py
[2026-04-16T15:14:41.752+0000] {processor.py:840} INFO - DAG(s) 'dag_scraping_offres_emploi' retrieved from /opt/airflow/dags/DagScraper.py
[2026-04-16T15:14:41.892+0000] {logging_mixin.py:188} INFO - [2026-04-16T15:14:41.891+0000] {dag.py:3096} INFO - Sync 1 DAGs
[2026-04-16T15:14:41.955+0000] {logging_mixin.py:188} INFO - [2026-04-16T15:14:41.954+0000] {dag.py:3954} INFO - Setting next_dagrun for dag_scraping_offres_emploi to 2026-04-16 06:00:00+00:00, run_after=2026-04-16 12:00:00+00:00
[2026-04-16T15:14:42.033+0000] {processor.py:183} INFO - Processing /opt/airflow/dags/DagScraper.py took 0.414 seconds
[2026-04-16T15:15:12.604+0000] {processor.py:161} INFO - Started process (PID=3190) to work on /opt/airflow/dags/DagScraper.py
[2026-04-16T15:15:12.606+0000] {processor.py:830} INFO - Processing file /opt/airflow/dags/DagScraper.py for tasks to queue
[2026-04-16T15:15:12.610+0000] {logging_mixin.py:188} INFO - [2026-04-16T15:15:12.610+0000] {dagbag.py:545} INFO - Filling up the DagBag from /opt/airflow/dags/DagScraper.py
[2026-04-16T15:15:12.643+0000] {processor.py:840} INFO - DAG(s) 'dag_scraping_offres_emploi' retrieved from /opt/airflow/dags/DagScraper.py
[2026-04-16T15:15:12.705+0000] {logging_mixin.py:188} INFO - [2026-04-16T15:15:12.705+0000] {dag.py:3096} INFO - Sync 1 DAGs
[2026-04-16T15:15:12.792+0000] {logging_mixin.py:188} INFO - [2026-04-16T15:15:12.791+0000] {dag.py:3954} INFO - Setting next_dagrun for dag_scraping_offres_emploi to 2026-04-16 06:00:00+00:00, run_after=2026-04-16 12:00:00+00:00
[2026-04-16T15:15:12.880+0000] {processor.py:183} INFO - Processing /opt/airflow/dags/DagScraper.py took 0.292 seconds
[2026-04-16T15:15:43.420+0000] {processor.py:161} INFO - Started process (PID=3203) to work on /opt/airflow/dags/DagScraper.py
[2026-04-16T15:15:43.424+0000] {processor.py:830} INFO - Processing file /opt/airflow/dags/DagScraper.py for tasks to queue
[2026-04-16T15:15:43.429+0000] {logging_mixin.py:188} INFO - [2026-04-16T15:15:43.428+0000] {dagbag.py:545} INFO - Filling up the DagBag from /opt/airflow/dags/DagScraper.py
[2026-04-16T15:15:43.494+0000] {processor.py:840} INFO - DAG(s) 'dag_scraping_offres_emploi' retrieved from /opt/airflow/dags/DagScraper.py
[2026-04-16T15:15:43.568+0000] {logging_mixin.py:188} INFO - [2026-04-16T15:15:43.568+0000] {dag.py:3096} INFO - Sync 1 DAGs
[2026-04-16T15:15:43.611+0000] {logging_mixin.py:188} INFO - [2026-04-16T15:15:43.611+0000] {dag.py:3954} INFO - Setting next_dagrun for dag_scraping_offres_emploi to 2026-04-16 06:00:00+00:00, run_after=2026-04-16 12:00:00+00:00
[2026-04-16T15:15:43.656+0000] {processor.py:183} INFO - Processing /opt/airflow/dags/DagScraper.py took 0.262 seconds
[2026-04-16T15:16:13.986+0000] {processor.py:161} INFO - Started process (PID=3211) to work on /opt/airflow/dags/DagScraper.py
[2026-04-16T15:16:13.998+0000] {processor.py:830} INFO - Processing file /opt/airflow/dags/DagScraper.py for tasks to queue
[2026-04-16T15:16:14.009+0000] {logging_mixin.py:188} INFO - [2026-04-16T15:16:14.004+0000] {dagbag.py:545} INFO - Filling up the DagBag from /opt/airflow/dags/DagScraper.py
[2026-04-16T15:16:14.079+0000] {processor.py:840} INFO - DAG(s) 'dag_scraping_offres_emploi' retrieved from /opt/airflow/dags/DagScraper.py
[2026-04-16T15:16:14.153+0000] {logging_mixin.py:188} INFO - [2026-04-16T15:16:14.153+0000] {dag.py:3096} INFO - Sync 1 DAGs
[2026-04-16T15:16:14.222+0000] {logging_mixin.py:188} INFO - [2026-04-16T15:16:14.221+0000] {dag.py:3954} INFO - Setting next_dagrun for dag_scraping_offres_emploi to 2026-04-16 06:00:00+00:00, run_after=2026-04-16 12:00:00+00:00
[2026-04-16T15:16:14.296+0000] {processor.py:183} INFO - Processing /opt/airflow/dags/DagScraper.py took 0.394 seconds
[2026-04-16T15:16:44.567+0000] {processor.py:161} INFO - Started process (PID=3226) to work on /opt/airflow/dags/DagScraper.py
[2026-04-16T15:16:44.570+0000] {processor.py:830} INFO - Processing file /opt/airflow/dags/DagScraper.py for tasks to queue
[2026-04-16T15:16:44.583+0000] {logging_mixin.py:188} INFO - [2026-04-16T15:16:44.583+0000] {dagbag.py:545} INFO - Filling up the DagBag from /opt/airflow/dags/DagScraper.py
[2026-04-16T15:16:44.785+0000] {processor.py:840} INFO - DAG(s) 'dag_scraping_offres_emploi' retrieved from /opt/airflow/dags/DagScraper.py
[2026-04-16T15:16:44.888+0000] {logging_mixin.py:188} INFO - [2026-04-16T15:16:44.887+0000] {dag.py:3096} INFO - Sync 1 DAGs
[2026-04-16T15:16:44.959+0000] {logging_mixin.py:188} INFO - [2026-04-16T15:16:44.958+0000] {dag.py:3954} INFO - Setting next_dagrun for dag_scraping_offres_emploi to 2026-04-16 06:00:00+00:00, run_after=2026-04-16 12:00:00+00:00
[2026-04-16T15:16:45.033+0000] {processor.py:183} INFO - Processing /opt/airflow/dags/DagScraper.py took 0.501 seconds
[2026-04-16T15:17:16.414+0000] {processor.py:161} INFO - Started process (PID=3233) to work on /opt/airflow/dags/DagScraper.py
[2026-04-16T15:17:16.428+0000] {processor.py:830} INFO - Processing file /opt/airflow/dags/DagScraper.py for tasks to queue
[2026-04-16T15:17:16.440+0000] {logging_mixin.py:188} INFO - [2026-04-16T15:17:16.439+0000] {dagbag.py:545} INFO - Filling up the DagBag from /opt/airflow/dags/DagScraper.py
[2026-04-16T15:17:16.675+0000] {processor.py:840} INFO - DAG(s) 'dag_scraping_offres_emploi' retrieved from /opt/airflow/dags/DagScraper.py
[2026-04-16T15:17:16.833+0000] {logging_mixin.py:188} INFO - [2026-04-16T15:17:16.832+0000] {dag.py:3096} INFO - Sync 1 DAGs
[2026-04-16T15:17:16.972+0000] {logging_mixin.py:188} INFO - [2026-04-16T15:17:16.971+0000] {dag.py:3954} INFO - Setting next_dagrun for dag_scraping_offres_emploi to 2026-04-16 06:00:00+00:00, run_after=2026-04-16 12:00:00+00:00
[2026-04-16T15:17:17.081+0000] {processor.py:183} INFO - Processing /opt/airflow/dags/DagScraper.py took 0.703 seconds
[2026-04-16T15:17:48.008+0000] {processor.py:161} INFO - Started process (PID=3248) to work on /opt/airflow/dags/DagScraper.py
[2026-04-16T15:17:48.009+0000] {processor.py:830} INFO - Processing file /opt/airflow/dags/DagScraper.py for tasks to queue
[2026-04-16T15:17:48.014+0000] {logging_mixin.py:188} INFO - [2026-04-16T15:17:48.013+0000] {dagbag.py:545} INFO - Filling up the DagBag from /opt/airflow/dags/DagScraper.py
[2026-04-16T15:17:48.052+0000] {processor.py:840} INFO - DAG(s) 'dag_scraping_offres_emploi' retrieved from /opt/airflow/dags/DagScraper.py
[2026-04-16T15:17:48.215+0000] {logging_mixin.py:188} INFO - [2026-04-16T15:17:48.214+0000] {dag.py:3096} INFO - Sync 1 DAGs
[2026-04-16T15:17:48.309+0000] {logging_mixin.py:188} INFO - [2026-04-16T15:17:48.308+0000] {dag.py:3954} INFO - Setting next_dagrun for dag_scraping_offres_emploi to 2026-04-16 06:00:00+00:00, run_after=2026-04-16 12:00:00+00:00
[2026-04-16T15:17:48.366+0000] {processor.py:183} INFO - Processing /opt/airflow/dags/DagScraper.py took 0.378 seconds
[2026-04-16T15:18:18.940+0000] {processor.py:161} INFO - Started process (PID=3262) to work on /opt/airflow/dags/DagScraper.py
[2026-04-16T15:18:18.942+0000] {processor.py:830} INFO - Processing file /opt/airflow/dags/DagScraper.py for tasks to queue
[2026-04-16T15:18:18.945+0000] {logging_mixin.py:188} INFO - [2026-04-16T15:18:18.945+0000] {dagbag.py:545} INFO - Filling up the DagBag from /opt/airflow/dags/DagScraper.py
[2026-04-16T15:18:19.221+0000] {processor.py:840} INFO - DAG(s) 'dag_scraping_offres_emploi' retrieved from /opt/airflow/dags/DagScraper.py
[2026-04-16T15:18:19.362+0000] {logging_mixin.py:188} INFO - [2026-04-16T15:18:19.362+0000] {dag.py:3096} INFO - Sync 1 DAGs
[2026-04-16T15:18:19.425+0000] {logging_mixin.py:188} INFO - [2026-04-16T15:18:19.425+0000] {dag.py:3954} INFO - Setting next_dagrun for dag_scraping_offres_emploi to 2026-04-16 06:00:00+00:00, run_after=2026-04-16 12:00:00+00:00
[2026-04-16T15:18:19.476+0000] {processor.py:183} INFO - Processing /opt/airflow/dags/DagScraper.py took 0.547 seconds
[2026-04-16T15:18:50.383+0000] {processor.py:161} INFO - Started process (PID=3270) to work on /opt/airflow/dags/DagScraper.py
[2026-04-16T15:18:50.385+0000] {processor.py:830} INFO - Processing file /opt/airflow/dags/DagScraper.py for tasks to queue
[2026-04-16T15:18:50.389+0000] {logging_mixin.py:188} INFO - [2026-04-16T15:18:50.388+0000] {dagbag.py:545} INFO - Filling up the DagBag from /opt/airflow/dags/DagScraper.py
[2026-04-16T15:18:50.439+0000] {processor.py:840} INFO - DAG(s) 'dag_scraping_offres_emploi' retrieved from /opt/airflow/dags/DagScraper.py
[2026-04-16T15:18:50.518+0000] {logging_mixin.py:188} INFO - [2026-04-16T15:18:50.517+0000] {dag.py:3096} INFO - Sync 1 DAGs
[2026-04-16T15:18:50.564+0000] {logging_mixin.py:188} INFO - [2026-04-16T15:18:50.564+0000] {dag.py:3954} INFO - Setting next_dagrun for dag_scraping_offres_emploi to 2026-04-16 06:00:00+00:00, run_after=2026-04-16 12:00:00+00:00
[2026-04-16T15:18:50.604+0000] {processor.py:183} INFO - Processing /opt/airflow/dags/DagScraper.py took 0.246 seconds
[2026-04-16T15:19:21.434+0000] {processor.py:161} INFO - Started process (PID=3282) to work on /opt/airflow/dags/DagScraper.py
[2026-04-16T15:19:21.437+0000] {processor.py:830} INFO - Processing file /opt/airflow/dags/DagScraper.py for tasks to queue
[2026-04-16T15:19:21.450+0000] {logging_mixin.py:188} INFO - [2026-04-16T15:19:21.449+0000] {dagbag.py:545} INFO - Filling up the DagBag from /opt/airflow/dags/DagScraper.py
[2026-04-16T15:19:21.777+0000] {processor.py:840} INFO - DAG(s) 'dag_scraping_offres_emploi' retrieved from /opt/airflow/dags/DagScraper.py
[2026-04-16T15:19:22.322+0000] {logging_mixin.py:188} INFO - [2026-04-16T15:19:22.322+0000] {dag.py:3096} INFO - Sync 1 DAGs
[2026-04-16T15:19:22.526+0000] {logging_mixin.py:188} INFO - [2026-04-16T15:19:22.526+0000] {dag.py:3954} INFO - Setting next_dagrun for dag_scraping_offres_emploi to 2026-04-16 06:00:00+00:00, run_after=2026-04-16 12:00:00+00:00
[2026-04-16T15:19:22.659+0000] {processor.py:183} INFO - Processing /opt/airflow/dags/DagScraper.py took 1.252 seconds
[2026-04-16T15:19:52.913+0000] {processor.py:161} INFO - Started process (PID=3290) to work on /opt/airflow/dags/DagScraper.py
[2026-04-16T15:19:52.916+0000] {processor.py:830} INFO - Processing file /opt/airflow/dags/DagScraper.py for tasks to queue
[2026-04-16T15:19:52.924+0000] {logging_mixin.py:188} INFO - [2026-04-16T15:19:52.923+0000] {dagbag.py:545} INFO - Filling up the DagBag from /opt/airflow/dags/DagScraper.py
[2026-04-16T15:19:52.996+0000] {processor.py:840} INFO - DAG(s) 'dag_scraping_offres_emploi' retrieved from /opt/airflow/dags/DagScraper.py
[2026-04-16T15:19:53.080+0000] {logging_mixin.py:188} INFO - [2026-04-16T15:19:53.080+0000] {dag.py:3096} INFO - Sync 1 DAGs
[2026-04-16T15:19:53.134+0000] {logging_mixin.py:188} INFO - [2026-04-16T15:19:53.134+0000] {dag.py:3954} INFO - Setting next_dagrun for dag_scraping_offres_emploi to 2026-04-16 06:00:00+00:00, run_after=2026-04-16 12:00:00+00:00
[2026-04-16T15:19:53.174+0000] {processor.py:183} INFO - Processing /opt/airflow/dags/DagScraper.py took 0.284 seconds
[2026-04-16T15:20:23.738+0000] {processor.py:161} INFO - Started process (PID=3304) to work on /opt/airflow/dags/DagScraper.py
[2026-04-16T15:20:23.740+0000] {processor.py:830} INFO - Processing file /opt/airflow/dags/DagScraper.py for tasks to queue
[2026-04-16T15:20:23.743+0000] {logging_mixin.py:188} INFO - [2026-04-16T15:20:23.743+0000] {dagbag.py:545} INFO - Filling up the DagBag from /opt/airflow/dags/DagScraper.py
[2026-04-16T15:20:24.001+0000] {processor.py:840} INFO - DAG(s) 'dag_scraping_offres_emploi' retrieved from /opt/airflow/dags/DagScraper.py
[2026-04-16T15:20:24.293+0000] {logging_mixin.py:188} INFO - [2026-04-16T15:20:24.292+0000] {dag.py:3096} INFO - Sync 1 DAGs
[2026-04-16T15:20:24.366+0000] {logging_mixin.py:188} INFO - [2026-04-16T15:20:24.365+0000] {dag.py:3954} INFO - Setting next_dagrun for dag_scraping_offres_emploi to 2026-04-16 06:00:00+00:00, run_after=2026-04-16 12:00:00+00:00
[2026-04-16T15:20:24.425+0000] {processor.py:183} INFO - Processing /opt/airflow/dags/DagScraper.py took 0.720 seconds
[2026-04-16T15:20:55.228+0000] {processor.py:161} INFO - Started process (PID=3311) to work on /opt/airflow/dags/DagScraper.py
[2026-04-16T15:20:55.231+0000] {processor.py:830} INFO - Processing file /opt/airflow/dags/DagScraper.py for tasks to queue
[2026-04-16T15:20:55.243+0000] {logging_mixin.py:188} INFO - [2026-04-16T15:20:55.238+0000] {dagbag.py:545} INFO - Filling up the DagBag from /opt/airflow/dags/DagScraper.py
[2026-04-16T15:20:55.319+0000] {processor.py:840} INFO - DAG(s) 'dag_scraping_offres_emploi' retrieved from /opt/airflow/dags/DagScraper.py
[2026-04-16T15:20:55.410+0000] {logging_mixin.py:188} INFO - [2026-04-16T15:20:55.409+0000] {dag.py:3096} INFO - Sync 1 DAGs
[2026-04-16T15:20:55.502+0000] {logging_mixin.py:188} INFO - [2026-04-16T15:20:55.501+0000] {dag.py:3954} INFO - Setting next_dagrun for dag_scraping_offres_emploi to 2026-04-16 06:00:00+00:00, run_after=2026-04-16 12:00:00+00:00
[2026-04-16T15:20:55.612+0000] {processor.py:183} INFO - Processing /opt/airflow/dags/DagScraper.py took 0.407 seconds
[2026-04-16T15:21:26.199+0000] {processor.py:161} INFO - Started process (PID=3324) to work on /opt/airflow/dags/DagScraper.py
[2026-04-16T15:21:26.202+0000] {processor.py:830} INFO - Processing file /opt/airflow/dags/DagScraper.py for tasks to queue
[2026-04-16T15:21:26.208+0000] {logging_mixin.py:188} INFO - [2026-04-16T15:21:26.207+0000] {dagbag.py:545} INFO - Filling up the DagBag from /opt/airflow/dags/DagScraper.py
[2026-04-16T15:21:26.287+0000] {processor.py:840} INFO - DAG(s) 'dag_scraping_offres_emploi' retrieved from /opt/airflow/dags/DagScraper.py
[2026-04-16T15:21:26.387+0000] {logging_mixin.py:188} INFO - [2026-04-16T15:21:26.387+0000] {dag.py:3096} INFO - Sync 1 DAGs
[2026-04-16T15:21:26.437+0000] {logging_mixin.py:188} INFO - [2026-04-16T15:21:26.436+0000] {dag.py:3954} INFO - Setting next_dagrun for dag_scraping_offres_emploi to 2026-04-16 06:00:00+00:00, run_after=2026-04-16 12:00:00+00:00
[2026-04-16T15:21:26.492+0000] {processor.py:183} INFO - Processing /opt/airflow/dags/DagScraper.py took 0.312 seconds
[2026-04-16T15:21:56.696+0000] {processor.py:161} INFO - Started process (PID=3333) to work on /opt/airflow/dags/DagScraper.py
[2026-04-16T15:21:56.699+0000] {processor.py:830} INFO - Processing file /opt/airflow/dags/DagScraper.py for tasks to queue
[2026-04-16T15:21:56.712+0000] {logging_mixin.py:188} INFO - [2026-04-16T15:21:56.711+0000] {dagbag.py:545} INFO - Filling up the DagBag from /opt/airflow/dags/DagScraper.py
[2026-04-16T15:21:57.635+0000] {processor.py:840} INFO - DAG(s) 'dag_scraping_offres_emploi' retrieved from /opt/airflow/dags/DagScraper.py
[2026-04-16T15:21:57.816+0000] {logging_mixin.py:188} INFO - [2026-04-16T15:21:57.815+0000] {dag.py:3096} INFO - Sync 1 DAGs
[2026-04-16T15:21:57.951+0000] {logging_mixin.py:188} INFO - [2026-04-16T15:21:57.949+0000] {dag.py:3954} INFO - Setting next_dagrun for dag_scraping_offres_emploi to 2026-04-16 06:00:00+00:00, run_after=2026-04-16 12:00:00+00:00
[2026-04-16T15:21:58.077+0000] {processor.py:183} INFO - Processing /opt/airflow/dags/DagScraper.py took 1.400 seconds
[2026-04-16T15:22:28.616+0000] {processor.py:161} INFO - Started process (PID=3346) to work on /opt/airflow/dags/DagScraper.py
[2026-04-16T15:22:28.619+0000] {processor.py:830} INFO - Processing file /opt/airflow/dags/DagScraper.py for tasks to queue
[2026-04-16T15:22:28.628+0000] {logging_mixin.py:188} INFO - [2026-04-16T15:22:28.623+0000] {dagbag.py:545} INFO - Filling up the DagBag from /opt/airflow/dags/DagScraper.py
[2026-04-16T15:22:28.691+0000] {processor.py:840} INFO - DAG(s) 'dag_scraping_offres_emploi' retrieved from /opt/airflow/dags/DagScraper.py
[2026-04-16T15:22:28.873+0000] {logging_mixin.py:188} INFO - [2026-04-16T15:22:28.872+0000] {dag.py:3096} INFO - Sync 1 DAGs
[2026-04-16T15:22:28.989+0000] {logging_mixin.py:188} INFO - [2026-04-16T15:22:28.988+0000] {dag.py:3954} INFO - Setting next_dagrun for dag_scraping_offres_emploi to 2026-04-16 06:00:00+00:00, run_after=2026-04-16 12:00:00+00:00
[2026-04-16T15:22:29.076+0000] {processor.py:183} INFO - Processing /opt/airflow/dags/DagScraper.py took 0.480 seconds
[2026-04-16T15:23:00.054+0000] {processor.py:161} INFO - Started process (PID=3354) to work on /opt/airflow/dags/DagScraper.py
[2026-04-16T15:23:00.056+0000] {processor.py:830} INFO - Processing file /opt/airflow/dags/DagScraper.py for tasks to queue
[2026-04-16T15:23:00.069+0000] {logging_mixin.py:188} INFO - [2026-04-16T15:23:00.068+0000] {dagbag.py:545} INFO - Filling up the DagBag from /opt/airflow/dags/DagScraper.py
[2026-04-16T15:23:00.324+0000] {processor.py:840} INFO - DAG(s) 'dag_scraping_offres_emploi' retrieved from /opt/airflow/dags/DagScraper.py
[2026-04-16T15:23:00.504+0000] {logging_mixin.py:188} INFO - [2026-04-16T15:23:00.503+0000] {dag.py:3096} INFO - Sync 1 DAGs
[2026-04-16T15:23:00.722+0000] {logging_mixin.py:188} INFO - [2026-04-16T15:23:00.717+0000] {dag.py:3954} INFO - Setting next_dagrun for dag_scraping_offres_emploi to 2026-04-16 06:00:00+00:00, run_after=2026-04-16 12:00:00+00:00
[2026-04-16T15:23:00.897+0000] {processor.py:183} INFO - Processing /opt/airflow/dags/DagScraper.py took 0.890 seconds
[2026-04-16T15:23:31.611+0000] {processor.py:161} INFO - Started process (PID=3368) to work on /opt/airflow/dags/DagScraper.py
[2026-04-16T15:23:31.613+0000] {processor.py:830} INFO - Processing file /opt/airflow/dags/DagScraper.py for tasks to queue
[2026-04-16T15:23:31.615+0000] {logging_mixin.py:188} INFO - [2026-04-16T15:23:31.615+0000] {dagbag.py:545} INFO - Filling up the DagBag from /opt/airflow/dags/DagScraper.py
[2026-04-16T15:23:31.654+0000] {processor.py:840} INFO - DAG(s) 'dag_scraping_offres_emploi' retrieved from /opt/airflow/dags/DagScraper.py
[2026-04-16T15:23:31.724+0000] {logging_mixin.py:188} INFO - [2026-04-16T15:23:31.724+0000] {dag.py:3096} INFO - Sync 1 DAGs
[2026-04-16T15:23:31.770+0000] {logging_mixin.py:188} INFO - [2026-04-16T15:23:31.770+0000] {dag.py:3954} INFO - Setting next_dagrun for dag_scraping_offres_emploi to 2026-04-16 06:00:00+00:00, run_after=2026-04-16 12:00:00+00:00
[2026-04-16T15:23:31.814+0000] {processor.py:183} INFO - Processing /opt/airflow/dags/DagScraper.py took 0.215 seconds
[2026-04-16T15:24:02.283+0000] {processor.py:161} INFO - Started process (PID=3377) to work on /opt/airflow/dags/DagScraper.py
[2026-04-16T15:24:02.296+0000] {processor.py:830} INFO - Processing file /opt/airflow/dags/DagScraper.py for tasks to queue
[2026-04-16T15:24:02.309+0000] {logging_mixin.py:188} INFO - [2026-04-16T15:24:02.304+0000] {dagbag.py:545} INFO - Filling up the DagBag from /opt/airflow/dags/DagScraper.py
[2026-04-16T15:24:02.734+0000] {processor.py:840} INFO - DAG(s) 'dag_scraping_offres_emploi' retrieved from /opt/airflow/dags/DagScraper.py
[2026-04-16T15:24:03.029+0000] {logging_mixin.py:188} INFO - [2026-04-16T15:24:03.028+0000] {dag.py:3096} INFO - Sync 1 DAGs
[2026-04-16T15:24:03.227+0000] {logging_mixin.py:188} INFO - [2026-04-16T15:24:03.227+0000] {dag.py:3954} INFO - Setting next_dagrun for dag_scraping_offres_emploi to 2026-04-16 06:00:00+00:00, run_after=2026-04-16 12:00:00+00:00
[2026-04-16T15:24:03.381+0000] {processor.py:183} INFO - Processing /opt/airflow/dags/DagScraper.py took 1.136 seconds
[2026-04-16T15:24:34.808+0000] {processor.py:161} INFO - Started process (PID=3392) to work on /opt/airflow/dags/DagScraper.py
[2026-04-16T15:24:34.810+0000] {processor.py:830} INFO - Processing file /opt/airflow/dags/DagScraper.py for tasks to queue
[2026-04-16T15:24:34.822+0000] {logging_mixin.py:188} INFO - [2026-04-16T15:24:34.822+0000] {dagbag.py:545} INFO - Filling up the DagBag from /opt/airflow/dags/DagScraper.py
[2026-04-16T15:24:34.951+0000] {processor.py:840} INFO - DAG(s) 'dag_scraping_offres_emploi' retrieved from /opt/airflow/dags/DagScraper.py
[2026-04-16T15:24:35.045+0000] {logging_mixin.py:188} INFO - [2026-04-16T15:24:35.044+0000] {dag.py:3096} INFO - Sync 1 DAGs
[2026-04-16T15:24:35.102+0000] {logging_mixin.py:188} INFO - [2026-04-16T15:24:35.100+0000] {dag.py:3954} INFO - Setting next_dagrun for dag_scraping_offres_emploi to 2026-04-16 06:00:00+00:00, run_after=2026-04-16 12:00:00+00:00
[2026-04-16T15:24:35.171+0000] {processor.py:183} INFO - Processing /opt/airflow/dags/DagScraper.py took 0.383 seconds
[2026-04-16T15:25:05.522+0000] {processor.py:161} INFO - Started process (PID=3406) to work on /opt/airflow/dags/DagScraper.py
[2026-04-16T15:25:05.524+0000] {processor.py:830} INFO - Processing file /opt/airflow/dags/DagScraper.py for tasks to queue
[2026-04-16T15:25:05.528+0000] {logging_mixin.py:188} INFO - [2026-04-16T15:25:05.527+0000] {dagbag.py:545} INFO - Filling up the DagBag from /opt/airflow/dags/DagScraper.py
[2026-04-16T15:25:05.588+0000] {processor.py:840} INFO - DAG(s) 'dag_scraping_offres_emploi' retrieved from /opt/airflow/dags/DagScraper.py
[2026-04-16T15:25:05.804+0000] {logging_mixin.py:188} INFO - [2026-04-16T15:25:05.796+0000] {dag.py:3096} INFO - Sync 1 DAGs
[2026-04-16T15:25:05.888+0000] {logging_mixin.py:188} INFO - [2026-04-16T15:25:05.887+0000] {dag.py:3954} INFO - Setting next_dagrun for dag_scraping_offres_emploi to 2026-04-16 06:00:00+00:00, run_after=2026-04-16 12:00:00+00:00
[2026-04-16T15:25:05.938+0000] {processor.py:183} INFO - Processing /opt/airflow/dags/DagScraper.py took 0.430 seconds
[2026-04-16T15:25:36.168+0000] {processor.py:161} INFO - Started process (PID=3413) to work on /opt/airflow/dags/DagScraper.py
[2026-04-16T15:25:36.192+0000] {processor.py:830} INFO - Processing file /opt/airflow/dags/DagScraper.py for tasks to queue
[2026-04-16T15:25:36.221+0000] {logging_mixin.py:188} INFO - [2026-04-16T15:25:36.221+0000] {dagbag.py:545} INFO - Filling up the DagBag from /opt/airflow/dags/DagScraper.py
[2026-04-16T15:25:36.310+0000] {processor.py:840} INFO - DAG(s) 'dag_scraping_offres_emploi' retrieved from /opt/airflow/dags/DagScraper.py
[2026-04-16T15:25:36.432+0000] {logging_mixin.py:188} INFO - [2026-04-16T15:25:36.432+0000] {dag.py:3096} INFO - Sync 1 DAGs
[2026-04-16T15:25:36.558+0000] {logging_mixin.py:188} INFO - [2026-04-16T15:25:36.557+0000] {dag.py:3954} INFO - Setting next_dagrun for dag_scraping_offres_emploi to 2026-04-16 06:00:00+00:00, run_after=2026-04-16 12:00:00+00:00
[2026-04-16T15:25:36.620+0000] {processor.py:183} INFO - Processing /opt/airflow/dags/DagScraper.py took 0.479 seconds
[2026-04-16T15:26:06.996+0000] {processor.py:161} INFO - Started process (PID=3427) to work on /opt/airflow/dags/DagScraper.py
[2026-04-16T15:26:06.999+0000] {processor.py:830} INFO - Processing file /opt/airflow/dags/DagScraper.py for tasks to queue
[2026-04-16T15:26:07.007+0000] {logging_mixin.py:188} INFO - [2026-04-16T15:26:07.003+0000] {dagbag.py:545} INFO - Filling up the DagBag from /opt/airflow/dags/DagScraper.py
[2026-04-16T15:26:07.204+0000] {processor.py:840} INFO - DAG(s) 'dag_scraping_offres_emploi' retrieved from /opt/airflow/dags/DagScraper.py
[2026-04-16T15:26:07.308+0000] {logging_mixin.py:188} INFO - [2026-04-16T15:26:07.307+0000] {dag.py:3096} INFO - Sync 1 DAGs
[2026-04-16T15:26:07.403+0000] {logging_mixin.py:188} INFO - [2026-04-16T15:26:07.403+0000] {dag.py:3954} INFO - Setting next_dagrun for dag_scraping_offres_emploi to 2026-04-16 06:00:00+00:00, run_after=2026-04-16 12:00:00+00:00
[2026-04-16T15:26:07.945+0000] {processor.py:183} INFO - Processing /opt/airflow/dags/DagScraper.py took 0.976 seconds
[2026-04-16T15:26:39.673+0000] {processor.py:161} INFO - Started process (PID=3435) to work on /opt/airflow/dags/DagScraper.py
[2026-04-16T15:26:39.681+0000] {processor.py:830} INFO - Processing file /opt/airflow/dags/DagScraper.py for tasks to queue
[2026-04-16T15:26:39.688+0000] {logging_mixin.py:188} INFO - [2026-04-16T15:26:39.687+0000] {dagbag.py:545} INFO - Filling up the DagBag from /opt/airflow/dags/DagScraper.py
[2026-04-16T15:26:39.786+0000] {processor.py:840} INFO - DAG(s) 'dag_scraping_offres_emploi' retrieved from /opt/airflow/dags/DagScraper.py
[2026-04-16T15:26:39.998+0000] {logging_mixin.py:188} INFO - [2026-04-16T15:26:39.997+0000] {dag.py:3096} INFO - Sync 1 DAGs
[2026-04-16T15:26:40.180+0000] {logging_mixin.py:188} INFO - [2026-04-16T15:26:40.179+0000] {dag.py:3954} INFO - Setting next_dagrun for dag_scraping_offres_emploi to 2026-04-16 06:00:00+00:00, run_after=2026-04-16 12:00:00+00:00
[2026-04-16T15:26:40.270+0000] {processor.py:183} INFO - Processing /opt/airflow/dags/DagScraper.py took 0.621 seconds
[2026-04-16T15:27:11.084+0000] {processor.py:161} INFO - Started process (PID=3451) to work on /opt/airflow/dags/DagScraper.py
[2026-04-16T15:27:11.087+0000] {processor.py:830} INFO - Processing file /opt/airflow/dags/DagScraper.py for tasks to queue
[2026-04-16T15:27:11.091+0000] {logging_mixin.py:188} INFO - [2026-04-16T15:27:11.090+0000] {dagbag.py:545} INFO - Filling up the DagBag from /opt/airflow/dags/DagScraper.py
[2026-04-16T15:27:11.126+0000] {processor.py:840} INFO - DAG(s) 'dag_scraping_offres_emploi' retrieved from /opt/airflow/dags/DagScraper.py
[2026-04-16T15:27:11.185+0000] {logging_mixin.py:188} INFO - [2026-04-16T15:27:11.185+0000] {dag.py:3096} INFO - Sync 1 DAGs
[2026-04-16T15:27:11.251+0000] {logging_mixin.py:188} INFO - [2026-04-16T15:27:11.250+0000] {dag.py:3954} INFO - Setting next_dagrun for dag_scraping_offres_emploi to 2026-04-16 06:00:00+00:00, run_after=2026-04-16 12:00:00+00:00
[2026-04-16T15:27:11.292+0000] {processor.py:183} INFO - Processing /opt/airflow/dags/DagScraper.py took 0.219 seconds
[2026-04-16T15:27:41.871+0000] {processor.py:161} INFO - Started process (PID=3459) to work on /opt/airflow/dags/DagScraper.py
[2026-04-16T15:27:41.875+0000] {processor.py:830} INFO - Processing file /opt/airflow/dags/DagScraper.py for tasks to queue
[2026-04-16T15:27:41.899+0000] {logging_mixin.py:188} INFO - [2026-04-16T15:27:41.898+0000] {dagbag.py:545} INFO - Filling up the DagBag from /opt/airflow/dags/DagScraper.py
[2026-04-16T15:27:41.941+0000] {processor.py:840} INFO - DAG(s) 'dag_scraping_offres_emploi' retrieved from /opt/airflow/dags/DagScraper.py
[2026-04-16T15:27:42.004+0000] {logging_mixin.py:188} INFO - [2026-04-16T15:27:42.003+0000] {dag.py:3096} INFO - Sync 1 DAGs
[2026-04-16T15:27:42.098+0000] {logging_mixin.py:188} INFO - [2026-04-16T15:27:42.095+0000] {dag.py:3954} INFO - Setting next_dagrun for dag_scraping_offres_emploi to 2026-04-16 06:00:00+00:00, run_after=2026-04-16 12:00:00+00:00
[2026-04-16T15:27:42.154+0000] {processor.py:183} INFO - Processing /opt/airflow/dags/DagScraper.py took 0.287 seconds
[2026-04-16T15:28:12.624+0000] {processor.py:161} INFO - Started process (PID=3473) to work on /opt/airflow/dags/DagScraper.py
[2026-04-16T15:28:12.632+0000] {processor.py:830} INFO - Processing file /opt/airflow/dags/DagScraper.py for tasks to queue
[2026-04-16T15:28:12.651+0000] {logging_mixin.py:188} INFO - [2026-04-16T15:28:12.644+0000] {dagbag.py:545} INFO - Filling up the DagBag from /opt/airflow/dags/DagScraper.py
[2026-04-16T15:28:12.725+0000] {processor.py:840} INFO - DAG(s) 'dag_scraping_offres_emploi' retrieved from /opt/airflow/dags/DagScraper.py
[2026-04-16T15:28:12.815+0000] {logging_mixin.py:188} INFO - [2026-04-16T15:28:12.814+0000] {dag.py:3096} INFO - Sync 1 DAGs
[2026-04-16T15:28:12.893+0000] {logging_mixin.py:188} INFO - [2026-04-16T15:28:12.893+0000] {dag.py:3954} INFO - Setting next_dagrun for dag_scraping_offres_emploi to 2026-04-16 06:00:00+00:00, run_after=2026-04-16 12:00:00+00:00
[2026-04-16T15:28:12.951+0000] {processor.py:183} INFO - Processing /opt/airflow/dags/DagScraper.py took 0.354 seconds
[2026-04-16T15:28:43.297+0000] {processor.py:161} INFO - Started process (PID=3481) to work on /opt/airflow/dags/DagScraper.py
[2026-04-16T15:28:43.301+0000] {processor.py:830} INFO - Processing file /opt/airflow/dags/DagScraper.py for tasks to queue
[2026-04-16T15:28:43.305+0000] {logging_mixin.py:188} INFO - [2026-04-16T15:28:43.305+0000] {dagbag.py:545} INFO - Filling up the DagBag from /opt/airflow/dags/DagScraper.py
[2026-04-16T15:28:43.351+0000] {processor.py:840} INFO - DAG(s) 'dag_scraping_offres_emploi' retrieved from /opt/airflow/dags/DagScraper.py
[2026-04-16T15:28:43.407+0000] {logging_mixin.py:188} INFO - [2026-04-16T15:28:43.407+0000] {dag.py:3096} INFO - Sync 1 DAGs
[2026-04-16T15:28:43.449+0000] {logging_mixin.py:188} INFO - [2026-04-16T15:28:43.449+0000] {dag.py:3954} INFO - Setting next_dagrun for dag_scraping_offres_emploi to 2026-04-16 06:00:00+00:00, run_after=2026-04-16 12:00:00+00:00
[2026-04-16T15:28:43.504+0000] {processor.py:183} INFO - Processing /opt/airflow/dags/DagScraper.py took 0.226 seconds
[2026-04-16T15:29:13.758+0000] {processor.py:161} INFO - Started process (PID=3495) to work on /opt/airflow/dags/DagScraper.py
[2026-04-16T15:29:13.760+0000] {processor.py:830} INFO - Processing file /opt/airflow/dags/DagScraper.py for tasks to queue
[2026-04-16T15:29:13.763+0000] {logging_mixin.py:188} INFO - [2026-04-16T15:29:13.762+0000] {dagbag.py:545} INFO - Filling up the DagBag from /opt/airflow/dags/DagScraper.py
[2026-04-16T15:29:13.863+0000] {processor.py:840} INFO - DAG(s) 'dag_scraping_offres_emploi' retrieved from /opt/airflow/dags/DagScraper.py
[2026-04-16T15:29:14.115+0000] {logging_mixin.py:188} INFO - [2026-04-16T15:29:14.114+0000] {dag.py:3096} INFO - Sync 1 DAGs
[2026-04-16T15:29:14.321+0000] {logging_mixin.py:188} INFO - [2026-04-16T15:29:14.320+0000] {dag.py:3954} INFO - Setting next_dagrun for dag_scraping_offres_emploi to 2026-04-16 06:00:00+00:00, run_after=2026-04-16 12:00:00+00:00
[2026-04-16T15:29:14.399+0000] {processor.py:183} INFO - Processing /opt/airflow/dags/DagScraper.py took 0.655 seconds
[2026-04-16T15:29:44.947+0000] {processor.py:161} INFO - Started process (PID=3502) to work on /opt/airflow/dags/DagScraper.py
[2026-04-16T15:29:44.951+0000] {processor.py:830} INFO - Processing file /opt/airflow/dags/DagScraper.py for tasks to queue
[2026-04-16T15:29:44.957+0000] {logging_mixin.py:188} INFO - [2026-04-16T15:29:44.956+0000] {dagbag.py:545} INFO - Filling up the DagBag from /opt/airflow/dags/DagScraper.py
[2026-04-16T15:29:45.063+0000] {processor.py:840} INFO - DAG(s) 'dag_scraping_offres_emploi' retrieved from /opt/airflow/dags/DagScraper.py
[2026-04-16T15:29:45.295+0000] {logging_mixin.py:188} INFO - [2026-04-16T15:29:45.290+0000] {dag.py:3096} INFO - Sync 1 DAGs
[2026-04-16T15:29:45.416+0000] {logging_mixin.py:188} INFO - [2026-04-16T15:29:45.416+0000] {dag.py:3954} INFO - Setting next_dagrun for dag_scraping_offres_emploi to 2026-04-16 06:00:00+00:00, run_after=2026-04-16 12:00:00+00:00
[2026-04-16T15:29:45.557+0000] {processor.py:183} INFO - Processing /opt/airflow/dags/DagScraper.py took 0.631 seconds
[2026-04-16T15:30:16.305+0000] {processor.py:161} INFO - Started process (PID=3518) to work on /opt/airflow/dags/DagScraper.py
[2026-04-16T15:30:16.307+0000] {processor.py:830} INFO - Processing file /opt/airflow/dags/DagScraper.py for tasks to queue
[2026-04-16T15:30:16.310+0000] {logging_mixin.py:188} INFO - [2026-04-16T15:30:16.309+0000] {dagbag.py:545} INFO - Filling up the DagBag from /opt/airflow/dags/DagScraper.py
[2026-04-16T15:30:16.341+0000] {processor.py:840} INFO - DAG(s) 'dag_scraping_offres_emploi' retrieved from /opt/airflow/dags/DagScraper.py
[2026-04-16T15:30:16.428+0000] {logging_mixin.py:188} INFO - [2026-04-16T15:30:16.427+0000] {dag.py:3096} INFO - Sync 1 DAGs
[2026-04-16T15:30:16.604+0000] {logging_mixin.py:188} INFO - [2026-04-16T15:30:16.603+0000] {dag.py:3954} INFO - Setting next_dagrun for dag_scraping_offres_emploi to 2026-04-16 06:00:00+00:00, run_after=2026-04-16 12:00:00+00:00
[2026-04-16T15:30:16.789+0000] {processor.py:183} INFO - Processing /opt/airflow/dags/DagScraper.py took 0.495 seconds
[2026-04-16T15:30:47.111+0000] {processor.py:161} INFO - Started process (PID=3526) to work on /opt/airflow/dags/DagScraper.py
[2026-04-16T15:30:47.117+0000] {processor.py:830} INFO - Processing file /opt/airflow/dags/DagScraper.py for tasks to queue
[2026-04-16T15:30:47.123+0000] {logging_mixin.py:188} INFO - [2026-04-16T15:30:47.122+0000] {dagbag.py:545} INFO - Filling up the DagBag from /opt/airflow/dags/DagScraper.py
[2026-04-16T15:30:47.193+0000] {processor.py:840} INFO - DAG(s) 'dag_scraping_offres_emploi' retrieved from /opt/airflow/dags/DagScraper.py
[2026-04-16T15:30:47.292+0000] {logging_mixin.py:188} INFO - [2026-04-16T15:30:47.291+0000] {dag.py:3096} INFO - Sync 1 DAGs
[2026-04-16T15:30:47.354+0000] {logging_mixin.py:188} INFO - [2026-04-16T15:30:47.353+0000] {dag.py:3954} INFO - Setting next_dagrun for dag_scraping_offres_emploi to 2026-04-16 06:00:00+00:00, run_after=2026-04-16 12:00:00+00:00
[2026-04-16T15:30:47.463+0000] {processor.py:183} INFO - Processing /opt/airflow/dags/DagScraper.py took 0.368 seconds
[2026-04-16T15:31:18.090+0000] {processor.py:161} INFO - Started process (PID=3541) to work on /opt/airflow/dags/DagScraper.py
[2026-04-16T15:31:18.092+0000] {processor.py:830} INFO - Processing file /opt/airflow/dags/DagScraper.py for tasks to queue
[2026-04-16T15:31:18.097+0000] {logging_mixin.py:188} INFO - [2026-04-16T15:31:18.097+0000] {dagbag.py:545} INFO - Filling up the DagBag from /opt/airflow/dags/DagScraper.py
[2026-04-16T15:31:18.149+0000] {processor.py:840} INFO - DAG(s) 'dag_scraping_offres_emploi' retrieved from /opt/airflow/dags/DagScraper.py
[2026-04-16T15:31:18.215+0000] {logging_mixin.py:188} INFO - [2026-04-16T15:31:18.214+0000] {dag.py:3096} INFO - Sync 1 DAGs
[2026-04-16T15:31:18.319+0000] {logging_mixin.py:188} INFO - [2026-04-16T15:31:18.318+0000] {dag.py:3954} INFO - Setting next_dagrun for dag_scraping_offres_emploi to 2026-04-16 06:00:00+00:00, run_after=2026-04-16 12:00:00+00:00
[2026-04-16T15:31:18.370+0000] {processor.py:183} INFO - Processing /opt/airflow/dags/DagScraper.py took 0.296 seconds
[2026-04-16T15:31:48.846+0000] {processor.py:161} INFO - Started process (PID=3550) to work on /opt/airflow/dags/DagScraper.py
[2026-04-16T15:31:48.851+0000] {processor.py:830} INFO - Processing file /opt/airflow/dags/DagScraper.py for tasks to queue
[2026-04-16T15:31:48.858+0000] {logging_mixin.py:188} INFO - [2026-04-16T15:31:48.857+0000] {dagbag.py:545} INFO - Filling up the DagBag from /opt/airflow/dags/DagScraper.py
[2026-04-16T15:31:48.951+0000] {processor.py:840} INFO - DAG(s) 'dag_scraping_offres_emploi' retrieved from /opt/airflow/dags/DagScraper.py
[2026-04-16T15:31:49.039+0000] {logging_mixin.py:188} INFO - [2026-04-16T15:31:49.038+0000] {dag.py:3096} INFO - Sync 1 DAGs
[2026-04-16T15:31:49.080+0000] {logging_mixin.py:188} INFO - [2026-04-16T15:31:49.080+0000] {dag.py:3954} INFO - Setting next_dagrun for dag_scraping_offres_emploi to 2026-04-16 06:00:00+00:00, run_after=2026-04-16 12:00:00+00:00
[2026-04-16T15:31:49.119+0000] {processor.py:183} INFO - Processing /opt/airflow/dags/DagScraper.py took 0.298 seconds
[2026-04-16T15:32:19.332+0000] {processor.py:161} INFO - Started process (PID=3565) to work on /opt/airflow/dags/DagScraper.py
[2026-04-16T15:32:19.334+0000] {processor.py:830} INFO - Processing file /opt/airflow/dags/DagScraper.py for tasks to queue
[2026-04-16T15:32:19.338+0000] {logging_mixin.py:188} INFO - [2026-04-16T15:32:19.338+0000] {dagbag.py:545} INFO - Filling up the DagBag from /opt/airflow/dags/DagScraper.py
[2026-04-16T15:32:19.422+0000] {processor.py:840} INFO - DAG(s) 'dag_scraping_offres_emploi' retrieved from /opt/airflow/dags/DagScraper.py
[2026-04-16T15:32:19.658+0000] {logging_mixin.py:188} INFO - [2026-04-16T15:32:19.656+0000] {dag.py:3096} INFO - Sync 1 DAGs
[2026-04-16T15:32:19.787+0000] {logging_mixin.py:188} INFO - [2026-04-16T15:32:19.787+0000] {dag.py:3954} INFO - Setting next_dagrun for dag_scraping_offres_emploi to 2026-04-16 06:00:00+00:00, run_after=2026-04-16 12:00:00+00:00
[2026-04-16T15:32:19.857+0000] {processor.py:183} INFO - Processing /opt/airflow/dags/DagScraper.py took 0.543 seconds
[2026-04-16T15:37:41.603+0000] {processor.py:161} INFO - Started process (PID=3578) to work on /opt/airflow/dags/DagScraper.py
[2026-04-16T15:37:41.633+0000] {processor.py:830} INFO - Processing file /opt/airflow/dags/DagScraper.py for tasks to queue
[2026-04-16T15:37:41.650+0000] {logging_mixin.py:188} INFO - [2026-04-16T15:37:41.649+0000] {dagbag.py:545} INFO - Filling up the DagBag from /opt/airflow/dags/DagScraper.py
[2026-04-16T15:37:42.287+0000] {processor.py:840} INFO - DAG(s) 'dag_scraping_offres_emploi' retrieved from /opt/airflow/dags/DagScraper.py
[2026-04-16T15:37:42.719+0000] {logging_mixin.py:188} INFO - [2026-04-16T15:37:42.719+0000] {dag.py:3096} INFO - Sync 1 DAGs
[2026-04-16T15:37:42.952+0000] {logging_mixin.py:188} INFO - [2026-04-16T15:37:42.951+0000] {dag.py:3954} INFO - Setting next_dagrun for dag_scraping_offres_emploi to 2026-04-16 06:00:00+00:00, run_after=2026-04-16 12:00:00+00:00
[2026-04-16T15:37:43.261+0000] {processor.py:183} INFO - Processing /opt/airflow/dags/DagScraper.py took 1.756 seconds
[2026-04-16T15:38:14.301+0000] {processor.py:161} INFO - Started process (PID=3587) to work on /opt/airflow/dags/DagScraper.py
[2026-04-16T15:38:14.304+0000] {processor.py:830} INFO - Processing file /opt/airflow/dags/DagScraper.py for tasks to queue
[2026-04-16T15:38:14.309+0000] {logging_mixin.py:188} INFO - [2026-04-16T15:38:14.308+0000] {dagbag.py:545} INFO - Filling up the DagBag from /opt/airflow/dags/DagScraper.py
[2026-04-16T15:38:14.479+0000] {processor.py:840} INFO - DAG(s) 'dag_scraping_offres_emploi' retrieved from /opt/airflow/dags/DagScraper.py
[2026-04-16T15:38:14.730+0000] {logging_mixin.py:188} INFO - [2026-04-16T15:38:14.730+0000] {dag.py:3096} INFO - Sync 1 DAGs
[2026-04-16T15:38:14.957+0000] {logging_mixin.py:188} INFO - [2026-04-16T15:38:14.956+0000] {dag.py:3954} INFO - Setting next_dagrun for dag_scraping_offres_emploi to 2026-04-16 06:00:00+00:00, run_after=2026-04-16 12:00:00+00:00
[2026-04-16T15:38:15.184+0000] {processor.py:183} INFO - Processing /opt/airflow/dags/DagScraper.py took 0.916 seconds
[2026-04-16T15:38:45.457+0000] {processor.py:161} INFO - Started process (PID=3601) to work on /opt/airflow/dags/DagScraper.py
[2026-04-16T15:38:45.469+0000] {processor.py:830} INFO - Processing file /opt/airflow/dags/DagScraper.py for tasks to queue
[2026-04-16T15:38:45.475+0000] {logging_mixin.py:188} INFO - [2026-04-16T15:38:45.474+0000] {dagbag.py:545} INFO - Filling up the DagBag from /opt/airflow/dags/DagScraper.py
[2026-04-16T15:38:45.550+0000] {processor.py:840} INFO - DAG(s) 'dag_scraping_offres_emploi' retrieved from /opt/airflow/dags/DagScraper.py
[2026-04-16T15:38:45.763+0000] {logging_mixin.py:188} INFO - [2026-04-16T15:38:45.762+0000] {dag.py:3096} INFO - Sync 1 DAGs
[2026-04-16T15:38:45.961+0000] {logging_mixin.py:188} INFO - [2026-04-16T15:38:45.960+0000] {dag.py:3954} INFO - Setting next_dagrun for dag_scraping_offres_emploi to 2026-04-16 06:00:00+00:00, run_after=2026-04-16 12:00:00+00:00
[2026-04-16T15:38:46.110+0000] {processor.py:183} INFO - Processing /opt/airflow/dags/DagScraper.py took 0.689 seconds
[2026-04-16T15:39:16.573+0000] {processor.py:161} INFO - Started process (PID=3615) to work on /opt/airflow/dags/DagScraper.py
[2026-04-16T15:39:16.575+0000] {processor.py:830} INFO - Processing file /opt/airflow/dags/DagScraper.py for tasks to queue
[2026-04-16T15:39:16.579+0000] {logging_mixin.py:188} INFO - [2026-04-16T15:39:16.578+0000] {dagbag.py:545} INFO - Filling up the DagBag from /opt/airflow/dags/DagScraper.py
[2026-04-16T15:39:16.620+0000] {processor.py:840} INFO - DAG(s) 'dag_scraping_offres_emploi' retrieved from /opt/airflow/dags/DagScraper.py
[2026-04-16T15:39:16.713+0000] {logging_mixin.py:188} INFO - [2026-04-16T15:39:16.712+0000] {dag.py:3096} INFO - Sync 1 DAGs
[2026-04-16T15:39:16.784+0000] {logging_mixin.py:188} INFO - [2026-04-16T15:39:16.783+0000] {dag.py:3954} INFO - Setting next_dagrun for dag_scraping_offres_emploi to 2026-04-16 06:00:00+00:00, run_after=2026-04-16 12:00:00+00:00
[2026-04-16T15:39:16.851+0000] {processor.py:183} INFO - Processing /opt/airflow/dags/DagScraper.py took 0.292 seconds
[2026-04-16T16:25:18.389+0000] {processor.py:161} INFO - Started process (PID=3623) to work on /opt/airflow/dags/DagScraper.py
[2026-04-16T16:25:18.402+0000] {processor.py:830} INFO - Processing file /opt/airflow/dags/DagScraper.py for tasks to queue
[2026-04-16T16:25:18.419+0000] {logging_mixin.py:188} INFO - [2026-04-16T16:25:18.418+0000] {dagbag.py:545} INFO - Filling up the DagBag from /opt/airflow/dags/DagScraper.py
[2026-04-16T16:25:19.422+0000] {processor.py:840} INFO - DAG(s) 'dag_scraping_offres_emploi' retrieved from /opt/airflow/dags/DagScraper.py
[2026-04-16T16:25:21.186+0000] {logging_mixin.py:188} INFO - [2026-04-16T16:25:21.185+0000] {dag.py:3096} INFO - Sync 1 DAGs
[2026-04-16T16:25:22.279+0000] {logging_mixin.py:188} INFO - [2026-04-16T16:25:22.278+0000] {dag.py:3954} INFO - Setting next_dagrun for dag_scraping_offres_emploi to 2026-04-16 06:00:00+00:00, run_after=2026-04-16 12:00:00+00:00
[2026-04-16T16:25:22.784+0000] {processor.py:183} INFO - Processing /opt/airflow/dags/DagScraper.py took 4.526 seconds
[2026-04-16T16:25:53.172+0000] {processor.py:161} INFO - Started process (PID=3637) to work on /opt/airflow/dags/DagScraper.py
[2026-04-16T16:25:53.174+0000] {processor.py:830} INFO - Processing file /opt/airflow/dags/DagScraper.py for tasks to queue
[2026-04-16T16:25:53.181+0000] {logging_mixin.py:188} INFO - [2026-04-16T16:25:53.180+0000] {dagbag.py:545} INFO - Filling up the DagBag from /opt/airflow/dags/DagScraper.py
[2026-04-16T16:25:53.239+0000] {processor.py:840} INFO - DAG(s) 'dag_scraping_offres_emploi' retrieved from /opt/airflow/dags/DagScraper.py
[2026-04-16T16:25:53.324+0000] {logging_mixin.py:188} INFO - [2026-04-16T16:25:53.324+0000] {dag.py:3096} INFO - Sync 1 DAGs
[2026-04-16T16:25:53.380+0000] {logging_mixin.py:188} INFO - [2026-04-16T16:25:53.379+0000] {dag.py:3954} INFO - Setting next_dagrun for dag_scraping_offres_emploi to 2026-04-16 06:00:00+00:00, run_after=2026-04-16 12:00:00+00:00
[2026-04-16T16:25:53.426+0000] {processor.py:183} INFO - Processing /opt/airflow/dags/DagScraper.py took 0.278 seconds
[2026-04-16T16:26:23.656+0000] {processor.py:161} INFO - Started process (PID=3651) to work on /opt/airflow/dags/DagScraper.py
[2026-04-16T16:26:23.657+0000] {processor.py:830} INFO - Processing file /opt/airflow/dags/DagScraper.py for tasks to queue
[2026-04-16T16:26:23.660+0000] {logging_mixin.py:188} INFO - [2026-04-16T16:26:23.660+0000] {dagbag.py:545} INFO - Filling up the DagBag from /opt/airflow/dags/DagScraper.py
[2026-04-16T16:26:23.712+0000] {processor.py:840} INFO - DAG(s) 'dag_scraping_offres_emploi' retrieved from /opt/airflow/dags/DagScraper.py
[2026-04-16T16:26:23.832+0000] {logging_mixin.py:188} INFO - [2026-04-16T16:26:23.831+0000] {dag.py:3096} INFO - Sync 1 DAGs
[2026-04-16T16:26:23.874+0000] {logging_mixin.py:188} INFO - [2026-04-16T16:26:23.874+0000] {dag.py:3954} INFO - Setting next_dagrun for dag_scraping_offres_emploi to 2026-04-16 06:00:00+00:00, run_after=2026-04-16 12:00:00+00:00
[2026-04-16T16:26:23.914+0000] {processor.py:183} INFO - Processing /opt/airflow/dags/DagScraper.py took 0.271 seconds
[2026-04-16T16:26:54.199+0000] {processor.py:161} INFO - Started process (PID=3659) to work on /opt/airflow/dags/DagScraper.py
[2026-04-16T16:26:54.201+0000] {processor.py:830} INFO - Processing file /opt/airflow/dags/DagScraper.py for tasks to queue
[2026-04-16T16:26:54.205+0000] {logging_mixin.py:188} INFO - [2026-04-16T16:26:54.204+0000] {dagbag.py:545} INFO - Filling up the DagBag from /opt/airflow/dags/DagScraper.py
[2026-04-16T16:26:54.296+0000] {processor.py:840} INFO - DAG(s) 'dag_scraping_offres_emploi' retrieved from /opt/airflow/dags/DagScraper.py
[2026-04-16T16:26:54.426+0000] {logging_mixin.py:188} INFO - [2026-04-16T16:26:54.426+0000] {dag.py:3096} INFO - Sync 1 DAGs
[2026-04-16T16:26:54.473+0000] {logging_mixin.py:188} INFO - [2026-04-16T16:26:54.473+0000] {dag.py:3954} INFO - Setting next_dagrun for dag_scraping_offres_emploi to 2026-04-16 06:00:00+00:00, run_after=2026-04-16 12:00:00+00:00
[2026-04-16T16:26:54.518+0000] {processor.py:183} INFO - Processing /opt/airflow/dags/DagScraper.py took 0.336 seconds
[2026-04-16T16:27:24.991+0000] {processor.py:161} INFO - Started process (PID=3674) to work on /opt/airflow/dags/DagScraper.py
[2026-04-16T16:27:24.995+0000] {processor.py:830} INFO - Processing file /opt/airflow/dags/DagScraper.py for tasks to queue
[2026-04-16T16:27:25.002+0000] {logging_mixin.py:188} INFO - [2026-04-16T16:27:25.001+0000] {dagbag.py:545} INFO - Filling up the DagBag from /opt/airflow/dags/DagScraper.py
[2026-04-16T16:27:25.068+0000] {processor.py:840} INFO - DAG(s) 'dag_scraping_offres_emploi' retrieved from /opt/airflow/dags/DagScraper.py
[2026-04-16T16:27:25.152+0000] {logging_mixin.py:188} INFO - [2026-04-16T16:27:25.152+0000] {dag.py:3096} INFO - Sync 1 DAGs
[2026-04-16T16:27:25.227+0000] {logging_mixin.py:188} INFO - [2026-04-16T16:27:25.225+0000] {dag.py:3954} INFO - Setting next_dagrun for dag_scraping_offres_emploi to 2026-04-16 06:00:00+00:00, run_after=2026-04-16 12:00:00+00:00
[2026-04-16T16:27:25.322+0000] {processor.py:183} INFO - Processing /opt/airflow/dags/DagScraper.py took 0.355 seconds
[2026-04-16T16:27:56.023+0000] {processor.py:161} INFO - Started process (PID=3682) to work on /opt/airflow/dags/DagScraper.py
[2026-04-16T16:27:56.025+0000] {processor.py:830} INFO - Processing file /opt/airflow/dags/DagScraper.py for tasks to queue
[2026-04-16T16:27:56.029+0000] {logging_mixin.py:188} INFO - [2026-04-16T16:27:56.029+0000] {dagbag.py:545} INFO - Filling up the DagBag from /opt/airflow/dags/DagScraper.py
[2026-04-16T16:27:56.081+0000] {processor.py:840} INFO - DAG(s) 'dag_scraping_offres_emploi' retrieved from /opt/airflow/dags/DagScraper.py
[2026-04-16T16:27:56.199+0000] {logging_mixin.py:188} INFO - [2026-04-16T16:27:56.198+0000] {dag.py:3096} INFO - Sync 1 DAGs
[2026-04-16T16:27:56.251+0000] {logging_mixin.py:188} INFO - [2026-04-16T16:27:56.250+0000] {dag.py:3954} INFO - Setting next_dagrun for dag_scraping_offres_emploi to 2026-04-16 06:00:00+00:00, run_after=2026-04-16 12:00:00+00:00
[2026-04-16T16:27:56.299+0000] {processor.py:183} INFO - Processing /opt/airflow/dags/DagScraper.py took 0.290 seconds
[2026-04-16T16:28:26.898+0000] {processor.py:161} INFO - Started process (PID=3696) to work on /opt/airflow/dags/DagScraper.py
[2026-04-16T16:28:26.902+0000] {processor.py:830} INFO - Processing file /opt/airflow/dags/DagScraper.py for tasks to queue
[2026-04-16T16:28:26.913+0000] {logging_mixin.py:188} INFO - [2026-04-16T16:28:26.909+0000] {dagbag.py:545} INFO - Filling up the DagBag from /opt/airflow/dags/DagScraper.py
[2026-04-16T16:28:26.969+0000] {processor.py:840} INFO - DAG(s) 'dag_scraping_offres_emploi' retrieved from /opt/airflow/dags/DagScraper.py
[2026-04-16T16:28:27.057+0000] {logging_mixin.py:188} INFO - [2026-04-16T16:28:27.056+0000] {dag.py:3096} INFO - Sync 1 DAGs
[2026-04-16T16:28:27.133+0000] {logging_mixin.py:188} INFO - [2026-04-16T16:28:27.132+0000] {dag.py:3954} INFO - Setting next_dagrun for dag_scraping_offres_emploi to 2026-04-16 06:00:00+00:00, run_after=2026-04-16 12:00:00+00:00
[2026-04-16T16:28:27.225+0000] {processor.py:183} INFO - Processing /opt/airflow/dags/DagScraper.py took 0.351 seconds
[2026-04-16T16:28:57.317+0000] {processor.py:161} INFO - Started process (PID=3705) to work on /opt/airflow/dags/DagScraper.py
[2026-04-16T16:28:57.320+0000] {processor.py:830} INFO - Processing file /opt/airflow/dags/DagScraper.py for tasks to queue
[2026-04-16T16:28:57.329+0000] {logging_mixin.py:188} INFO - [2026-04-16T16:28:57.328+0000] {dagbag.py:545} INFO - Filling up the DagBag from /opt/airflow/dags/DagScraper.py
[2026-04-16T16:28:57.408+0000] {processor.py:840} INFO - DAG(s) 'dag_scraping_offres_emploi' retrieved from /opt/airflow/dags/DagScraper.py
[2026-04-16T16:28:57.507+0000] {logging_mixin.py:188} INFO - [2026-04-16T16:28:57.506+0000] {dag.py:3096} INFO - Sync 1 DAGs
[2026-04-16T16:28:57.564+0000] {logging_mixin.py:188} INFO - [2026-04-16T16:28:57.563+0000] {dag.py:3954} INFO - Setting next_dagrun for dag_scraping_offres_emploi to 2026-04-16 06:00:00+00:00, run_after=2026-04-16 12:00:00+00:00
[2026-04-16T16:28:57.630+0000] {processor.py:183} INFO - Processing /opt/airflow/dags/DagScraper.py took 0.336 seconds
[2026-04-16T16:29:28.074+0000] {processor.py:161} INFO - Started process (PID=3717) to work on /opt/airflow/dags/DagScraper.py
[2026-04-16T16:29:28.076+0000] {processor.py:830} INFO - Processing file /opt/airflow/dags/DagScraper.py for tasks to queue
[2026-04-16T16:29:28.079+0000] {logging_mixin.py:188} INFO - [2026-04-16T16:29:28.078+0000] {dagbag.py:545} INFO - Filling up the DagBag from /opt/airflow/dags/DagScraper.py
[2026-04-16T16:29:28.128+0000] {processor.py:840} INFO - DAG(s) 'dag_scraping_offres_emploi' retrieved from /opt/airflow/dags/DagScraper.py
[2026-04-16T16:29:28.292+0000] {logging_mixin.py:188} INFO - [2026-04-16T16:29:28.291+0000] {dag.py:3096} INFO - Sync 1 DAGs
[2026-04-16T16:29:28.392+0000] {logging_mixin.py:188} INFO - [2026-04-16T16:29:28.391+0000] {dag.py:3954} INFO - Setting next_dagrun for dag_scraping_offres_emploi to 2026-04-16 06:00:00+00:00, run_after=2026-04-16 12:00:00+00:00
[2026-04-16T16:29:28.495+0000] {processor.py:183} INFO - Processing /opt/airflow/dags/DagScraper.py took 0.433 seconds
[2026-04-16T16:29:58.672+0000] {processor.py:161} INFO - Started process (PID=3725) to work on /opt/airflow/dags/DagScraper.py
[2026-04-16T16:29:58.674+0000] {processor.py:830} INFO - Processing file /opt/airflow/dags/DagScraper.py for tasks to queue
[2026-04-16T16:29:58.688+0000] {logging_mixin.py:188} INFO - [2026-04-16T16:29:58.685+0000] {dagbag.py:545} INFO - Filling up the DagBag from /opt/airflow/dags/DagScraper.py
[2026-04-16T16:29:58.777+0000] {processor.py:840} INFO - DAG(s) 'dag_scraping_offres_emploi' retrieved from /opt/airflow/dags/DagScraper.py
[2026-04-16T16:29:59.064+0000] {logging_mixin.py:188} INFO - [2026-04-16T16:29:59.064+0000] {dag.py:3096} INFO - Sync 1 DAGs
[2026-04-16T16:29:59.156+0000] {logging_mixin.py:188} INFO - [2026-04-16T16:29:59.155+0000] {dag.py:3954} INFO - Setting next_dagrun for dag_scraping_offres_emploi to 2026-04-16 06:00:00+00:00, run_after=2026-04-16 12:00:00+00:00
[2026-04-16T16:29:59.212+0000] {processor.py:183} INFO - Processing /opt/airflow/dags/DagScraper.py took 0.572 seconds
[2026-04-16T16:30:30.320+0000] {processor.py:161} INFO - Started process (PID=3740) to work on /opt/airflow/dags/DagScraper.py
[2026-04-16T16:30:30.367+0000] {processor.py:830} INFO - Processing file /opt/airflow/dags/DagScraper.py for tasks to queue
[2026-04-16T16:30:30.408+0000] {logging_mixin.py:188} INFO - [2026-04-16T16:30:30.406+0000] {dagbag.py:545} INFO - Filling up the DagBag from /opt/airflow/dags/DagScraper.py
[2026-04-16T16:30:30.569+0000] {processor.py:840} INFO - DAG(s) 'dag_scraping_offres_emploi' retrieved from /opt/airflow/dags/DagScraper.py
[2026-04-16T16:30:30.904+0000] {logging_mixin.py:188} INFO - [2026-04-16T16:30:30.904+0000] {dag.py:3096} INFO - Sync 1 DAGs
[2026-04-16T16:30:31.106+0000] {logging_mixin.py:188} INFO - [2026-04-16T16:30:31.106+0000] {dag.py:3954} INFO - Setting next_dagrun for dag_scraping_offres_emploi to 2026-04-16 06:00:00+00:00, run_after=2026-04-16 12:00:00+00:00
[2026-04-16T16:30:31.360+0000] {processor.py:183} INFO - Processing /opt/airflow/dags/DagScraper.py took 1.075 seconds
[2026-04-16T16:31:01.578+0000] {processor.py:161} INFO - Started process (PID=3748) to work on /opt/airflow/dags/DagScraper.py
[2026-04-16T16:31:01.617+0000] {processor.py:830} INFO - Processing file /opt/airflow/dags/DagScraper.py for tasks to queue
[2026-04-16T16:31:01.634+0000] {logging_mixin.py:188} INFO - [2026-04-16T16:31:01.633+0000] {dagbag.py:545} INFO - Filling up the DagBag from /opt/airflow/dags/DagScraper.py
[2026-04-16T16:31:02.074+0000] {processor.py:840} INFO - DAG(s) 'dag_scraping_offres_emploi' retrieved from /opt/airflow/dags/DagScraper.py
[2026-04-16T16:31:02.272+0000] {logging_mixin.py:188} INFO - [2026-04-16T16:31:02.271+0000] {dag.py:3096} INFO - Sync 1 DAGs
[2026-04-16T16:31:02.462+0000] {logging_mixin.py:188} INFO - [2026-04-16T16:31:02.462+0000] {dag.py:3954} INFO - Setting next_dagrun for dag_scraping_offres_emploi to 2026-04-16 06:00:00+00:00, run_after=2026-04-16 12:00:00+00:00
[2026-04-16T16:31:02.587+0000] {processor.py:183} INFO - Processing /opt/airflow/dags/DagScraper.py took 1.043 seconds
[2026-04-16T16:31:33.212+0000] {processor.py:161} INFO - Started process (PID=3763) to work on /opt/airflow/dags/DagScraper.py
[2026-04-16T16:31:33.214+0000] {processor.py:830} INFO - Processing file /opt/airflow/dags/DagScraper.py for tasks to queue
[2026-04-16T16:31:33.218+0000] {logging_mixin.py:188} INFO - [2026-04-16T16:31:33.217+0000] {dagbag.py:545} INFO - Filling up the DagBag from /opt/airflow/dags/DagScraper.py
[2026-04-16T16:31:33.290+0000] {processor.py:840} INFO - DAG(s) 'dag_scraping_offres_emploi' retrieved from /opt/airflow/dags/DagScraper.py
[2026-04-16T16:31:33.391+0000] {logging_mixin.py:188} INFO - [2026-04-16T16:31:33.390+0000] {dag.py:3096} INFO - Sync 1 DAGs
[2026-04-16T16:31:33.467+0000] {logging_mixin.py:188} INFO - [2026-04-16T16:31:33.467+0000] {dag.py:3954} INFO - Setting next_dagrun for dag_scraping_offres_emploi to 2026-04-16 06:00:00+00:00, run_after=2026-04-16 12:00:00+00:00
[2026-04-16T16:31:33.525+0000] {processor.py:183} INFO - Processing /opt/airflow/dags/DagScraper.py took 0.330 seconds
[2026-04-16T16:32:03.935+0000] {processor.py:161} INFO - Started process (PID=3770) to work on /opt/airflow/dags/DagScraper.py
[2026-04-16T16:32:03.937+0000] {processor.py:830} INFO - Processing file /opt/airflow/dags/DagScraper.py for tasks to queue
[2026-04-16T16:32:03.940+0000] {logging_mixin.py:188} INFO - [2026-04-16T16:32:03.939+0000] {dagbag.py:545} INFO - Filling up the DagBag from /opt/airflow/dags/DagScraper.py
[2026-04-16T16:32:03.991+0000] {processor.py:840} INFO - DAG(s) 'dag_scraping_offres_emploi' retrieved from /opt/airflow/dags/DagScraper.py
[2026-04-16T16:32:04.090+0000] {logging_mixin.py:188} INFO - [2026-04-16T16:32:04.090+0000] {dag.py:3096} INFO - Sync 1 DAGs
[2026-04-16T16:32:04.149+0000] {logging_mixin.py:188} INFO - [2026-04-16T16:32:04.149+0000] {dag.py:3954} INFO - Setting next_dagrun for dag_scraping_offres_emploi to 2026-04-16 06:00:00+00:00, run_after=2026-04-16 12:00:00+00:00
[2026-04-16T16:32:04.203+0000] {processor.py:183} INFO - Processing /opt/airflow/dags/DagScraper.py took 0.280 seconds
[2026-04-16T16:32:34.961+0000] {processor.py:161} INFO - Started process (PID=3783) to work on /opt/airflow/dags/DagScraper.py
[2026-04-16T16:32:34.963+0000] {processor.py:830} INFO - Processing file /opt/airflow/dags/DagScraper.py for tasks to queue
[2026-04-16T16:32:34.973+0000] {logging_mixin.py:188} INFO - [2026-04-16T16:32:34.972+0000] {dagbag.py:545} INFO - Filling up the DagBag from /opt/airflow/dags/DagScraper.py
[2026-04-16T16:32:35.089+0000] {processor.py:840} INFO - DAG(s) 'dag_scraping_offres_emploi' retrieved from /opt/airflow/dags/DagScraper.py
[2026-04-16T16:32:35.225+0000] {logging_mixin.py:188} INFO - [2026-04-16T16:32:35.225+0000] {dag.py:3096} INFO - Sync 1 DAGs
[2026-04-16T16:32:35.316+0000] {logging_mixin.py:188} INFO - [2026-04-16T16:32:35.316+0000] {dag.py:3954} INFO - Setting next_dagrun for dag_scraping_offres_emploi to 2026-04-16 06:00:00+00:00, run_after=2026-04-16 12:00:00+00:00
[2026-04-16T16:32:35.413+0000] {processor.py:183} INFO - Processing /opt/airflow/dags/DagScraper.py took 0.488 seconds
[2026-04-16T16:33:06.001+0000] {processor.py:161} INFO - Started process (PID=3797) to work on /opt/airflow/dags/DagScraper.py
[2026-04-16T16:33:06.009+0000] {processor.py:830} INFO - Processing file /opt/airflow/dags/DagScraper.py for tasks to queue
[2026-04-16T16:33:06.030+0000] {logging_mixin.py:188} INFO - [2026-04-16T16:33:06.029+0000] {dagbag.py:545} INFO - Filling up the DagBag from /opt/airflow/dags/DagScraper.py
[2026-04-16T16:33:06.116+0000] {processor.py:840} INFO - DAG(s) 'dag_scraping_offres_emploi' retrieved from /opt/airflow/dags/DagScraper.py
[2026-04-16T16:33:06.339+0000] {logging_mixin.py:188} INFO - [2026-04-16T16:33:06.338+0000] {dag.py:3096} INFO - Sync 1 DAGs
[2026-04-16T16:33:06.403+0000] {logging_mixin.py:188} INFO - [2026-04-16T16:33:06.402+0000] {dag.py:3954} INFO - Setting next_dagrun for dag_scraping_offres_emploi to 2026-04-16 06:00:00+00:00, run_after=2026-04-16 12:00:00+00:00
[2026-04-16T16:33:06.456+0000] {processor.py:183} INFO - Processing /opt/airflow/dags/DagScraper.py took 0.489 seconds
[2026-04-16T16:33:36.891+0000] {processor.py:161} INFO - Started process (PID=3805) to work on /opt/airflow/dags/DagScraper.py
[2026-04-16T16:33:36.893+0000] {processor.py:830} INFO - Processing file /opt/airflow/dags/DagScraper.py for tasks to queue
[2026-04-16T16:33:36.896+0000] {logging_mixin.py:188} INFO - [2026-04-16T16:33:36.895+0000] {dagbag.py:545} INFO - Filling up the DagBag from /opt/airflow/dags/DagScraper.py
[2026-04-16T16:33:37.067+0000] {processor.py:840} INFO - DAG(s) 'dag_scraping_offres_emploi' retrieved from /opt/airflow/dags/DagScraper.py
[2026-04-16T16:33:37.234+0000] {logging_mixin.py:188} INFO - [2026-04-16T16:33:37.233+0000] {dag.py:3096} INFO - Sync 1 DAGs
[2026-04-16T16:33:37.302+0000] {logging_mixin.py:188} INFO - [2026-04-16T16:33:37.301+0000] {dag.py:3954} INFO - Setting next_dagrun for dag_scraping_offres_emploi to 2026-04-16 06:00:00+00:00, run_after=2026-04-16 12:00:00+00:00
[2026-04-16T16:33:37.396+0000] {processor.py:183} INFO - Processing /opt/airflow/dags/DagScraper.py took 0.521 seconds
[2026-04-16T16:34:08.014+0000] {processor.py:161} INFO - Started process (PID=3819) to work on /opt/airflow/dags/DagScraper.py
[2026-04-16T16:34:08.016+0000] {processor.py:830} INFO - Processing file /opt/airflow/dags/DagScraper.py for tasks to queue
[2026-04-16T16:34:08.020+0000] {logging_mixin.py:188} INFO - [2026-04-16T16:34:08.019+0000] {dagbag.py:545} INFO - Filling up the DagBag from /opt/airflow/dags/DagScraper.py
[2026-04-16T16:34:08.065+0000] {processor.py:840} INFO - DAG(s) 'dag_scraping_offres_emploi' retrieved from /opt/airflow/dags/DagScraper.py
[2026-04-16T16:34:08.184+0000] {logging_mixin.py:188} INFO - [2026-04-16T16:34:08.183+0000] {dag.py:3096} INFO - Sync 1 DAGs
[2026-04-16T16:34:08.252+0000] {logging_mixin.py:188} INFO - [2026-04-16T16:34:08.251+0000] {dag.py:3954} INFO - Setting next_dagrun for dag_scraping_offres_emploi to 2026-04-16 06:00:00+00:00, run_after=2026-04-16 12:00:00+00:00
[2026-04-16T16:34:08.294+0000] {processor.py:183} INFO - Processing /opt/airflow/dags/DagScraper.py took 0.296 seconds
[2026-04-16T16:34:38.836+0000] {processor.py:161} INFO - Started process (PID=3828) to work on /opt/airflow/dags/DagScraper.py
[2026-04-16T16:34:38.837+0000] {processor.py:830} INFO - Processing file /opt/airflow/dags/DagScraper.py for tasks to queue
[2026-04-16T16:34:38.842+0000] {logging_mixin.py:188} INFO - [2026-04-16T16:34:38.841+0000] {dagbag.py:545} INFO - Filling up the DagBag from /opt/airflow/dags/DagScraper.py
[2026-04-16T16:34:38.885+0000] {processor.py:840} INFO - DAG(s) 'dag_scraping_offres_emploi' retrieved from /opt/airflow/dags/DagScraper.py
[2026-04-16T16:34:38.965+0000] {logging_mixin.py:188} INFO - [2026-04-16T16:34:38.964+0000] {dag.py:3096} INFO - Sync 1 DAGs
[2026-04-16T16:34:39.024+0000] {logging_mixin.py:188} INFO - [2026-04-16T16:34:39.024+0000] {dag.py:3954} INFO - Setting next_dagrun for dag_scraping_offres_emploi to 2026-04-16 06:00:00+00:00, run_after=2026-04-16 12:00:00+00:00
[2026-04-16T16:34:39.076+0000] {processor.py:183} INFO - Processing /opt/airflow/dags/DagScraper.py took 0.251 seconds
[2026-04-16T16:35:09.600+0000] {processor.py:161} INFO - Started process (PID=3841) to work on /opt/airflow/dags/DagScraper.py
[2026-04-16T16:35:09.602+0000] {processor.py:830} INFO - Processing file /opt/airflow/dags/DagScraper.py for tasks to queue
[2026-04-16T16:35:09.609+0000] {logging_mixin.py:188} INFO - [2026-04-16T16:35:09.607+0000] {dagbag.py:545} INFO - Filling up the DagBag from /opt/airflow/dags/DagScraper.py
[2026-04-16T16:35:09.809+0000] {processor.py:840} INFO - DAG(s) 'dag_scraping_offres_emploi' retrieved from /opt/airflow/dags/DagScraper.py
[2026-04-16T16:35:09.979+0000] {logging_mixin.py:188} INFO - [2026-04-16T16:35:09.979+0000] {dag.py:3096} INFO - Sync 1 DAGs
[2026-04-16T16:35:10.151+0000] {logging_mixin.py:188} INFO - [2026-04-16T16:35:10.151+0000] {dag.py:3954} INFO - Setting next_dagrun for dag_scraping_offres_emploi to 2026-04-16 06:00:00+00:00, run_after=2026-04-16 12:00:00+00:00
[2026-04-16T16:35:10.230+0000] {processor.py:183} INFO - Processing /opt/airflow/dags/DagScraper.py took 0.658 seconds
[2026-04-16T16:35:40.698+0000] {processor.py:161} INFO - Started process (PID=3847) to work on /opt/airflow/dags/DagScraper.py
[2026-04-16T16:35:40.703+0000] {processor.py:830} INFO - Processing file /opt/airflow/dags/DagScraper.py for tasks to queue
[2026-04-16T16:35:40.710+0000] {logging_mixin.py:188} INFO - [2026-04-16T16:35:40.709+0000] {dagbag.py:545} INFO - Filling up the DagBag from /opt/airflow/dags/DagScraper.py
[2026-04-16T16:35:40.869+0000] {processor.py:840} INFO - DAG(s) 'dag_scraping_offres_emploi' retrieved from /opt/airflow/dags/DagScraper.py
[2026-04-16T16:35:40.975+0000] {logging_mixin.py:188} INFO - [2026-04-16T16:35:40.975+0000] {dag.py:3096} INFO - Sync 1 DAGs
[2026-04-16T16:35:41.085+0000] {logging_mixin.py:188} INFO - [2026-04-16T16:35:41.085+0000] {dag.py:3954} INFO - Setting next_dagrun for dag_scraping_offres_emploi to 2026-04-16 06:00:00+00:00, run_after=2026-04-16 12:00:00+00:00
[2026-04-16T16:35:41.159+0000] {processor.py:183} INFO - Processing /opt/airflow/dags/DagScraper.py took 0.482 seconds
[2026-04-16T16:36:11.707+0000] {processor.py:161} INFO - Started process (PID=3862) to work on /opt/airflow/dags/DagScraper.py
[2026-04-16T16:36:11.715+0000] {processor.py:830} INFO - Processing file /opt/airflow/dags/DagScraper.py for tasks to queue
[2026-04-16T16:36:11.739+0000] {logging_mixin.py:188} INFO - [2026-04-16T16:36:11.735+0000] {dagbag.py:545} INFO - Filling up the DagBag from /opt/airflow/dags/DagScraper.py
[2026-04-16T16:36:11.882+0000] {processor.py:840} INFO - DAG(s) 'dag_scraping_offres_emploi' retrieved from /opt/airflow/dags/DagScraper.py
[2026-04-16T16:36:11.985+0000] {logging_mixin.py:188} INFO - [2026-04-16T16:36:11.984+0000] {dag.py:3096} INFO - Sync 1 DAGs
[2026-04-16T16:36:12.075+0000] {logging_mixin.py:188} INFO - [2026-04-16T16:36:12.067+0000] {dag.py:3954} INFO - Setting next_dagrun for dag_scraping_offres_emploi to 2026-04-16 06:00:00+00:00, run_after=2026-04-16 12:00:00+00:00
[2026-04-16T16:36:12.209+0000] {processor.py:183} INFO - Processing /opt/airflow/dags/DagScraper.py took 0.527 seconds
[2026-04-16T16:36:42.468+0000] {processor.py:161} INFO - Started process (PID=3872) to work on /opt/airflow/dags/DagScraper.py
[2026-04-16T16:36:42.470+0000] {processor.py:830} INFO - Processing file /opt/airflow/dags/DagScraper.py for tasks to queue
[2026-04-16T16:36:42.474+0000] {logging_mixin.py:188} INFO - [2026-04-16T16:36:42.474+0000] {dagbag.py:545} INFO - Filling up the DagBag from /opt/airflow/dags/DagScraper.py
[2026-04-16T16:36:42.520+0000] {processor.py:840} INFO - DAG(s) 'dag_scraping_offres_emploi' retrieved from /opt/airflow/dags/DagScraper.py
[2026-04-16T16:36:42.600+0000] {logging_mixin.py:188} INFO - [2026-04-16T16:36:42.600+0000] {dag.py:3096} INFO - Sync 1 DAGs
[2026-04-16T16:36:42.652+0000] {logging_mixin.py:188} INFO - [2026-04-16T16:36:42.652+0000] {dag.py:3954} INFO - Setting next_dagrun for dag_scraping_offres_emploi to 2026-04-16 06:00:00+00:00, run_after=2026-04-16 12:00:00+00:00
[2026-04-16T16:36:42.722+0000] {processor.py:183} INFO - Processing /opt/airflow/dags/DagScraper.py took 0.269 seconds
[2026-04-16T16:37:13.649+0000] {processor.py:161} INFO - Started process (PID=3886) to work on /opt/airflow/dags/DagScraper.py
[2026-04-16T16:37:13.657+0000] {processor.py:830} INFO - Processing file /opt/airflow/dags/DagScraper.py for tasks to queue
[2026-04-16T16:37:13.673+0000] {logging_mixin.py:188} INFO - [2026-04-16T16:37:13.672+0000] {dagbag.py:545} INFO - Filling up the DagBag from /opt/airflow/dags/DagScraper.py
[2026-04-16T16:37:13.767+0000] {processor.py:840} INFO - DAG(s) 'dag_scraping_offres_emploi' retrieved from /opt/airflow/dags/DagScraper.py
[2026-04-16T16:37:14.012+0000] {logging_mixin.py:188} INFO - [2026-04-16T16:37:14.011+0000] {dag.py:3096} INFO - Sync 1 DAGs
[2026-04-16T16:37:14.241+0000] {logging_mixin.py:188} INFO - [2026-04-16T16:37:14.240+0000] {dag.py:3954} INFO - Setting next_dagrun for dag_scraping_offres_emploi to 2026-04-16 06:00:00+00:00, run_after=2026-04-16 12:00:00+00:00
[2026-04-16T16:37:14.343+0000] {processor.py:183} INFO - Processing /opt/airflow/dags/DagScraper.py took 0.736 seconds
[2026-04-16T16:37:44.746+0000] {processor.py:161} INFO - Started process (PID=3894) to work on /opt/airflow/dags/DagScraper.py
[2026-04-16T16:37:44.748+0000] {processor.py:830} INFO - Processing file /opt/airflow/dags/DagScraper.py for tasks to queue
[2026-04-16T16:37:44.757+0000] {logging_mixin.py:188} INFO - [2026-04-16T16:37:44.756+0000] {dagbag.py:545} INFO - Filling up the DagBag from /opt/airflow/dags/DagScraper.py
[2026-04-16T16:37:44.875+0000] {processor.py:840} INFO - DAG(s) 'dag_scraping_offres_emploi' retrieved from /opt/airflow/dags/DagScraper.py
[2026-04-16T16:37:45.022+0000] {logging_mixin.py:188} INFO - [2026-04-16T16:37:45.021+0000] {dag.py:3096} INFO - Sync 1 DAGs
[2026-04-16T16:37:45.123+0000] {logging_mixin.py:188} INFO - [2026-04-16T16:37:45.122+0000] {dag.py:3954} INFO - Setting next_dagrun for dag_scraping_offres_emploi to 2026-04-16 06:00:00+00:00, run_after=2026-04-16 12:00:00+00:00
[2026-04-16T16:37:45.258+0000] {processor.py:183} INFO - Processing /opt/airflow/dags/DagScraper.py took 0.534 seconds
[2026-04-16T16:38:15.385+0000] {processor.py:161} INFO - Started process (PID=3908) to work on /opt/airflow/dags/DagScraper.py
[2026-04-16T16:38:15.395+0000] {processor.py:830} INFO - Processing file /opt/airflow/dags/DagScraper.py for tasks to queue
[2026-04-16T16:38:15.399+0000] {logging_mixin.py:188} INFO - [2026-04-16T16:38:15.399+0000] {dagbag.py:545} INFO - Filling up the DagBag from /opt/airflow/dags/DagScraper.py
[2026-04-16T16:38:15.478+0000] {processor.py:840} INFO - DAG(s) 'dag_scraping_offres_emploi' retrieved from /opt/airflow/dags/DagScraper.py
[2026-04-16T16:38:15.660+0000] {logging_mixin.py:188} INFO - [2026-04-16T16:38:15.660+0000] {dag.py:3096} INFO - Sync 1 DAGs
[2026-04-16T16:38:15.762+0000] {logging_mixin.py:188} INFO - [2026-04-16T16:38:15.761+0000] {dag.py:3954} INFO - Setting next_dagrun for dag_scraping_offres_emploi to 2026-04-16 06:00:00+00:00, run_after=2026-04-16 12:00:00+00:00
[2026-04-16T16:38:15.871+0000] {processor.py:183} INFO - Processing /opt/airflow/dags/DagScraper.py took 0.508 seconds
[2026-04-16T16:38:46.189+0000] {processor.py:161} INFO - Started process (PID=3917) to work on /opt/airflow/dags/DagScraper.py
[2026-04-16T16:38:46.192+0000] {processor.py:830} INFO - Processing file /opt/airflow/dags/DagScraper.py for tasks to queue
[2026-04-16T16:38:46.197+0000] {logging_mixin.py:188} INFO - [2026-04-16T16:38:46.196+0000] {dagbag.py:545} INFO - Filling up the DagBag from /opt/airflow/dags/DagScraper.py
[2026-04-16T16:38:46.251+0000] {processor.py:840} INFO - DAG(s) 'dag_scraping_offres_emploi' retrieved from /opt/airflow/dags/DagScraper.py
[2026-04-16T16:38:46.426+0000] {logging_mixin.py:188} INFO - [2026-04-16T16:38:46.426+0000] {dag.py:3096} INFO - Sync 1 DAGs
[2026-04-16T16:38:46.502+0000] {logging_mixin.py:188} INFO - [2026-04-16T16:38:46.501+0000] {dag.py:3954} INFO - Setting next_dagrun for dag_scraping_offres_emploi to 2026-04-16 06:00:00+00:00, run_after=2026-04-16 12:00:00+00:00
[2026-04-16T16:38:46.574+0000] {processor.py:183} INFO - Processing /opt/airflow/dags/DagScraper.py took 0.401 seconds
[2026-04-16T16:39:17.101+0000] {processor.py:161} INFO - Started process (PID=3932) to work on /opt/airflow/dags/DagScraper.py
[2026-04-16T16:39:17.103+0000] {processor.py:830} INFO - Processing file /opt/airflow/dags/DagScraper.py for tasks to queue
[2026-04-16T16:39:17.107+0000] {logging_mixin.py:188} INFO - [2026-04-16T16:39:17.106+0000] {dagbag.py:545} INFO - Filling up the DagBag from /opt/airflow/dags/DagScraper.py
[2026-04-16T16:39:17.154+0000] {processor.py:840} INFO - DAG(s) 'dag_scraping_offres_emploi' retrieved from /opt/airflow/dags/DagScraper.py
[2026-04-16T16:39:17.222+0000] {logging_mixin.py:188} INFO - [2026-04-16T16:39:17.221+0000] {dag.py:3096} INFO - Sync 1 DAGs
[2026-04-16T16:39:17.268+0000] {logging_mixin.py:188} INFO - [2026-04-16T16:39:17.268+0000] {dag.py:3954} INFO - Setting next_dagrun for dag_scraping_offres_emploi to 2026-04-16 06:00:00+00:00, run_after=2026-04-16 12:00:00+00:00
[2026-04-16T16:39:17.322+0000] {processor.py:183} INFO - Processing /opt/airflow/dags/DagScraper.py took 0.236 seconds
[2026-04-16T16:39:51.436+0000] {processor.py:161} INFO - Started process (PID=3946) to work on /opt/airflow/dags/DagScraper.py
[2026-04-16T16:39:51.444+0000] {processor.py:830} INFO - Processing file /opt/airflow/dags/DagScraper.py for tasks to queue
[2026-04-16T16:39:51.470+0000] {logging_mixin.py:188} INFO - [2026-04-16T16:39:51.469+0000] {dagbag.py:545} INFO - Filling up the DagBag from /opt/airflow/dags/DagScraper.py
[2026-04-16T16:39:52.608+0000] {processor.py:840} INFO - DAG(s) 'dag_scraping_offres_emploi' retrieved from /opt/airflow/dags/DagScraper.py
[2026-04-16T16:39:52.907+0000] {logging_mixin.py:188} INFO - [2026-04-16T16:39:52.906+0000] {dag.py:3096} INFO - Sync 1 DAGs
[2026-04-16T16:39:53.115+0000] {logging_mixin.py:188} INFO - [2026-04-16T16:39:53.114+0000] {dag.py:3954} INFO - Setting next_dagrun for dag_scraping_offres_emploi to 2026-04-16 06:00:00+00:00, run_after=2026-04-16 12:00:00+00:00
[2026-04-16T16:39:53.290+0000] {processor.py:183} INFO - Processing /opt/airflow/dags/DagScraper.py took 1.890 seconds
[2026-04-16T16:40:26.166+0000] {processor.py:161} INFO - Started process (PID=3954) to work on /opt/airflow/dags/DagScraper.py
[2026-04-16T16:40:26.180+0000] {processor.py:830} INFO - Processing file /opt/airflow/dags/DagScraper.py for tasks to queue
[2026-04-16T16:40:26.198+0000] {logging_mixin.py:188} INFO - [2026-04-16T16:40:26.197+0000] {dagbag.py:545} INFO - Filling up the DagBag from /opt/airflow/dags/DagScraper.py
[2026-04-16T16:40:26.318+0000] {processor.py:840} INFO - DAG(s) 'dag_scraping_offres_emploi' retrieved from /opt/airflow/dags/DagScraper.py
[2026-04-16T16:40:26.516+0000] {logging_mixin.py:188} INFO - [2026-04-16T16:40:26.515+0000] {dag.py:3096} INFO - Sync 1 DAGs
[2026-04-16T16:40:26.843+0000] {logging_mixin.py:188} INFO - [2026-04-16T16:40:26.843+0000] {dag.py:3954} INFO - Setting next_dagrun for dag_scraping_offres_emploi to 2026-04-16 06:00:00+00:00, run_after=2026-04-16 12:00:00+00:00
[2026-04-16T16:40:27.198+0000] {processor.py:183} INFO - Processing /opt/airflow/dags/DagScraper.py took 1.096 seconds
[2026-04-16T16:40:57.576+0000] {processor.py:161} INFO - Started process (PID=3968) to work on /opt/airflow/dags/DagScraper.py
[2026-04-16T16:40:57.577+0000] {processor.py:830} INFO - Processing file /opt/airflow/dags/DagScraper.py for tasks to queue
[2026-04-16T16:40:57.582+0000] {logging_mixin.py:188} INFO - [2026-04-16T16:40:57.581+0000] {dagbag.py:545} INFO - Filling up the DagBag from /opt/airflow/dags/DagScraper.py
[2026-04-16T16:40:57.737+0000] {processor.py:840} INFO - DAG(s) 'dag_scraping_offres_emploi' retrieved from /opt/airflow/dags/DagScraper.py
[2026-04-16T16:40:57.865+0000] {logging_mixin.py:188} INFO - [2026-04-16T16:40:57.865+0000] {dag.py:3096} INFO - Sync 1 DAGs
[2026-04-16T16:40:57.915+0000] {logging_mixin.py:188} INFO - [2026-04-16T16:40:57.915+0000] {dag.py:3954} INFO - Setting next_dagrun for dag_scraping_offres_emploi to 2026-04-16 06:00:00+00:00, run_after=2026-04-16 12:00:00+00:00
[2026-04-16T16:40:57.985+0000] {processor.py:183} INFO - Processing /opt/airflow/dags/DagScraper.py took 0.427 seconds
[2026-04-16T16:41:30.191+0000] {processor.py:161} INFO - Started process (PID=3983) to work on /opt/airflow/dags/DagScraper.py
[2026-04-16T16:41:30.195+0000] {processor.py:830} INFO - Processing file /opt/airflow/dags/DagScraper.py for tasks to queue
[2026-04-16T16:41:30.208+0000] {logging_mixin.py:188} INFO - [2026-04-16T16:41:30.207+0000] {dagbag.py:545} INFO - Filling up the DagBag from /opt/airflow/dags/DagScraper.py
[2026-04-16T16:41:30.323+0000] {processor.py:840} INFO - DAG(s) 'dag_scraping_offres_emploi' retrieved from /opt/airflow/dags/DagScraper.py
[2026-04-16T16:41:30.557+0000] {logging_mixin.py:188} INFO - [2026-04-16T16:41:30.557+0000] {dag.py:3096} INFO - Sync 1 DAGs
[2026-04-16T16:41:30.714+0000] {logging_mixin.py:188} INFO - [2026-04-16T16:41:30.713+0000] {dag.py:3954} INFO - Setting next_dagrun for dag_scraping_offres_emploi to 2026-04-16 06:00:00+00:00, run_after=2026-04-16 12:00:00+00:00
[2026-04-16T16:41:30.875+0000] {processor.py:183} INFO - Processing /opt/airflow/dags/DagScraper.py took 0.720 seconds
[2026-04-16T16:42:01.526+0000] {processor.py:161} INFO - Started process (PID=3992) to work on /opt/airflow/dags/DagScraper.py
[2026-04-16T16:42:01.530+0000] {processor.py:830} INFO - Processing file /opt/airflow/dags/DagScraper.py for tasks to queue
[2026-04-16T16:42:01.534+0000] {logging_mixin.py:188} INFO - [2026-04-16T16:42:01.534+0000] {dagbag.py:545} INFO - Filling up the DagBag from /opt/airflow/dags/DagScraper.py
[2026-04-16T16:42:01.633+0000] {processor.py:840} INFO - DAG(s) 'dag_scraping_offres_emploi' retrieved from /opt/airflow/dags/DagScraper.py
[2026-04-16T16:42:01.719+0000] {logging_mixin.py:188} INFO - [2026-04-16T16:42:01.719+0000] {dag.py:3096} INFO - Sync 1 DAGs
[2026-04-16T16:42:01.783+0000] {logging_mixin.py:188} INFO - [2026-04-16T16:42:01.782+0000] {dag.py:3954} INFO - Setting next_dagrun for dag_scraping_offres_emploi to 2026-04-16 06:00:00+00:00, run_after=2026-04-16 12:00:00+00:00
[2026-04-16T16:42:01.884+0000] {processor.py:183} INFO - Processing /opt/airflow/dags/DagScraper.py took 0.393 seconds
[2026-04-16T16:42:32.386+0000] {processor.py:161} INFO - Started process (PID=4006) to work on /opt/airflow/dags/DagScraper.py
[2026-04-16T16:42:32.392+0000] {processor.py:830} INFO - Processing file /opt/airflow/dags/DagScraper.py for tasks to queue
[2026-04-16T16:42:32.398+0000] {logging_mixin.py:188} INFO - [2026-04-16T16:42:32.397+0000] {dagbag.py:545} INFO - Filling up the DagBag from /opt/airflow/dags/DagScraper.py
[2026-04-16T16:42:32.483+0000] {processor.py:840} INFO - DAG(s) 'dag_scraping_offres_emploi' retrieved from /opt/airflow/dags/DagScraper.py
[2026-04-16T16:42:32.651+0000] {logging_mixin.py:188} INFO - [2026-04-16T16:42:32.650+0000] {dag.py:3096} INFO - Sync 1 DAGs
[2026-04-16T16:42:32.747+0000] {logging_mixin.py:188} INFO - [2026-04-16T16:42:32.746+0000] {dag.py:3954} INFO - Setting next_dagrun for dag_scraping_offres_emploi to 2026-04-16 06:00:00+00:00, run_after=2026-04-16 12:00:00+00:00
[2026-04-16T16:42:32.856+0000] {processor.py:183} INFO - Processing /opt/airflow/dags/DagScraper.py took 0.486 seconds
[2026-04-16T16:43:03.087+0000] {processor.py:161} INFO - Started process (PID=4015) to work on /opt/airflow/dags/DagScraper.py
[2026-04-16T16:43:03.097+0000] {processor.py:830} INFO - Processing file /opt/airflow/dags/DagScraper.py for tasks to queue
[2026-04-16T16:43:03.103+0000] {logging_mixin.py:188} INFO - [2026-04-16T16:43:03.103+0000] {dagbag.py:545} INFO - Filling up the DagBag from /opt/airflow/dags/DagScraper.py
[2026-04-16T16:43:03.144+0000] {processor.py:840} INFO - DAG(s) 'dag_scraping_offres_emploi' retrieved from /opt/airflow/dags/DagScraper.py
[2026-04-16T16:43:03.227+0000] {logging_mixin.py:188} INFO - [2026-04-16T16:43:03.227+0000] {dag.py:3096} INFO - Sync 1 DAGs
[2026-04-16T16:43:03.273+0000] {logging_mixin.py:188} INFO - [2026-04-16T16:43:03.272+0000] {dag.py:3954} INFO - Setting next_dagrun for dag_scraping_offres_emploi to 2026-04-16 06:00:00+00:00, run_after=2026-04-16 12:00:00+00:00
[2026-04-16T16:43:03.315+0000] {processor.py:183} INFO - Processing /opt/airflow/dags/DagScraper.py took 0.248 seconds
[2026-04-16T16:43:34.061+0000] {processor.py:161} INFO - Started process (PID=4029) to work on /opt/airflow/dags/DagScraper.py
[2026-04-16T16:43:34.062+0000] {processor.py:830} INFO - Processing file /opt/airflow/dags/DagScraper.py for tasks to queue
[2026-04-16T16:43:34.066+0000] {logging_mixin.py:188} INFO - [2026-04-16T16:43:34.065+0000] {dagbag.py:545} INFO - Filling up the DagBag from /opt/airflow/dags/DagScraper.py
[2026-04-16T16:43:34.134+0000] {processor.py:840} INFO - DAG(s) 'dag_scraping_offres_emploi' retrieved from /opt/airflow/dags/DagScraper.py
[2026-04-16T16:43:34.211+0000] {logging_mixin.py:188} INFO - [2026-04-16T16:43:34.210+0000] {dag.py:3096} INFO - Sync 1 DAGs
[2026-04-16T16:43:34.264+0000] {logging_mixin.py:188} INFO - [2026-04-16T16:43:34.263+0000] {dag.py:3954} INFO - Setting next_dagrun for dag_scraping_offres_emploi to 2026-04-16 06:00:00+00:00, run_after=2026-04-16 12:00:00+00:00
[2026-04-16T16:43:34.316+0000] {processor.py:183} INFO - Processing /opt/airflow/dags/DagScraper.py took 0.269 seconds
[2026-04-16T16:44:05.418+0000] {processor.py:161} INFO - Started process (PID=4037) to work on /opt/airflow/dags/DagScraper.py
[2026-04-16T16:44:05.426+0000] {processor.py:830} INFO - Processing file /opt/airflow/dags/DagScraper.py for tasks to queue
[2026-04-16T16:44:05.454+0000] {logging_mixin.py:188} INFO - [2026-04-16T16:44:05.453+0000] {dagbag.py:545} INFO - Filling up the DagBag from /opt/airflow/dags/DagScraper.py
[2026-04-16T16:44:05.565+0000] {processor.py:840} INFO - DAG(s) 'dag_scraping_offres_emploi' retrieved from /opt/airflow/dags/DagScraper.py
[2026-04-16T16:44:05.655+0000] {logging_mixin.py:188} INFO - [2026-04-16T16:44:05.654+0000] {dag.py:3096} INFO - Sync 1 DAGs
[2026-04-16T16:44:05.713+0000] {logging_mixin.py:188} INFO - [2026-04-16T16:44:05.713+0000] {dag.py:3954} INFO - Setting next_dagrun for dag_scraping_offres_emploi to 2026-04-16 06:00:00+00:00, run_after=2026-04-16 12:00:00+00:00
[2026-04-16T16:44:05.815+0000] {processor.py:183} INFO - Processing /opt/airflow/dags/DagScraper.py took 0.433 seconds
[2026-04-16T16:44:36.164+0000] {processor.py:161} INFO - Started process (PID=4051) to work on /opt/airflow/dags/DagScraper.py
[2026-04-16T16:44:36.165+0000] {processor.py:830} INFO - Processing file /opt/airflow/dags/DagScraper.py for tasks to queue
[2026-04-16T16:44:36.169+0000] {logging_mixin.py:188} INFO - [2026-04-16T16:44:36.169+0000] {dagbag.py:545} INFO - Filling up the DagBag from /opt/airflow/dags/DagScraper.py
[2026-04-16T16:44:36.224+0000] {processor.py:840} INFO - DAG(s) 'dag_scraping_offres_emploi' retrieved from /opt/airflow/dags/DagScraper.py
[2026-04-16T16:44:36.406+0000] {logging_mixin.py:188} INFO - [2026-04-16T16:44:36.405+0000] {dag.py:3096} INFO - Sync 1 DAGs
[2026-04-16T16:44:36.469+0000] {logging_mixin.py:188} INFO - [2026-04-16T16:44:36.468+0000] {dag.py:3954} INFO - Setting next_dagrun for dag_scraping_offres_emploi to 2026-04-16 06:00:00+00:00, run_after=2026-04-16 12:00:00+00:00
[2026-04-16T16:44:36.524+0000] {processor.py:183} INFO - Processing /opt/airflow/dags/DagScraper.py took 0.377 seconds
[2026-04-16T16:45:07.102+0000] {processor.py:161} INFO - Started process (PID=4059) to work on /opt/airflow/dags/DagScraper.py
[2026-04-16T16:45:07.105+0000] {processor.py:830} INFO - Processing file /opt/airflow/dags/DagScraper.py for tasks to queue
[2026-04-16T16:45:07.124+0000] {logging_mixin.py:188} INFO - [2026-04-16T16:45:07.123+0000] {dagbag.py:545} INFO - Filling up the DagBag from /opt/airflow/dags/DagScraper.py
[2026-04-16T16:45:07.289+0000] {processor.py:840} INFO - DAG(s) 'dag_scraping_offres_emploi' retrieved from /opt/airflow/dags/DagScraper.py
[2026-04-16T16:45:07.471+0000] {logging_mixin.py:188} INFO - [2026-04-16T16:45:07.467+0000] {dag.py:3096} INFO - Sync 1 DAGs
[2026-04-16T16:45:07.605+0000] {logging_mixin.py:188} INFO - [2026-04-16T16:45:07.604+0000] {dag.py:3954} INFO - Setting next_dagrun for dag_scraping_offres_emploi to 2026-04-16 06:00:00+00:00, run_after=2026-04-16 12:00:00+00:00
[2026-04-16T16:45:07.690+0000] {processor.py:183} INFO - Processing /opt/airflow/dags/DagScraper.py took 0.626 seconds
[2026-04-16T16:45:37.873+0000] {processor.py:161} INFO - Started process (PID=4072) to work on /opt/airflow/dags/DagScraper.py
[2026-04-16T16:45:37.875+0000] {processor.py:830} INFO - Processing file /opt/airflow/dags/DagScraper.py for tasks to queue
[2026-04-16T16:45:37.883+0000] {logging_mixin.py:188} INFO - [2026-04-16T16:45:37.882+0000] {dagbag.py:545} INFO - Filling up the DagBag from /opt/airflow/dags/DagScraper.py
[2026-04-16T16:45:37.944+0000] {processor.py:840} INFO - DAG(s) 'dag_scraping_offres_emploi' retrieved from /opt/airflow/dags/DagScraper.py
[2026-04-16T16:45:38.015+0000] {logging_mixin.py:188} INFO - [2026-04-16T16:45:38.014+0000] {dag.py:3096} INFO - Sync 1 DAGs
[2026-04-16T16:45:38.063+0000] {logging_mixin.py:188} INFO - [2026-04-16T16:45:38.063+0000] {dag.py:3954} INFO - Setting next_dagrun for dag_scraping_offres_emploi to 2026-04-16 06:00:00+00:00, run_after=2026-04-16 12:00:00+00:00
[2026-04-16T16:45:38.111+0000] {processor.py:183} INFO - Processing /opt/airflow/dags/DagScraper.py took 0.261 seconds
[2026-04-16T16:46:08.642+0000] {processor.py:161} INFO - Started process (PID=4080) to work on /opt/airflow/dags/DagScraper.py
[2026-04-16T16:46:08.644+0000] {processor.py:830} INFO - Processing file /opt/airflow/dags/DagScraper.py for tasks to queue
[2026-04-16T16:46:08.648+0000] {logging_mixin.py:188} INFO - [2026-04-16T16:46:08.647+0000] {dagbag.py:545} INFO - Filling up the DagBag from /opt/airflow/dags/DagScraper.py
[2026-04-16T16:46:08.693+0000] {processor.py:840} INFO - DAG(s) 'dag_scraping_offres_emploi' retrieved from /opt/airflow/dags/DagScraper.py
[2026-04-16T16:46:08.803+0000] {logging_mixin.py:188} INFO - [2026-04-16T16:46:08.802+0000] {dag.py:3096} INFO - Sync 1 DAGs
[2026-04-16T16:46:08.893+0000] {logging_mixin.py:188} INFO - [2026-04-16T16:46:08.892+0000] {dag.py:3954} INFO - Setting next_dagrun for dag_scraping_offres_emploi to 2026-04-16 06:00:00+00:00, run_after=2026-04-16 12:00:00+00:00
[2026-04-16T16:46:08.947+0000] {processor.py:183} INFO - Processing /opt/airflow/dags/DagScraper.py took 0.319 seconds
[2026-04-16T16:46:39.309+0000] {processor.py:161} INFO - Started process (PID=4092) to work on /opt/airflow/dags/DagScraper.py
[2026-04-16T16:46:39.311+0000] {processor.py:830} INFO - Processing file /opt/airflow/dags/DagScraper.py for tasks to queue
[2026-04-16T16:46:39.326+0000] {logging_mixin.py:188} INFO - [2026-04-16T16:46:39.325+0000] {dagbag.py:545} INFO - Filling up the DagBag from /opt/airflow/dags/DagScraper.py
[2026-04-16T16:46:39.436+0000] {processor.py:840} INFO - DAG(s) 'dag_scraping_offres_emploi' retrieved from /opt/airflow/dags/DagScraper.py
[2026-04-16T16:46:39.524+0000] {logging_mixin.py:188} INFO - [2026-04-16T16:46:39.523+0000] {dag.py:3096} INFO - Sync 1 DAGs
[2026-04-16T16:46:39.570+0000] {logging_mixin.py:188} INFO - [2026-04-16T16:46:39.570+0000] {dag.py:3954} INFO - Setting next_dagrun for dag_scraping_offres_emploi to 2026-04-16 06:00:00+00:00, run_after=2026-04-16 12:00:00+00:00
[2026-04-16T16:46:39.612+0000] {processor.py:183} INFO - Processing /opt/airflow/dags/DagScraper.py took 0.326 seconds
[2026-04-16T16:47:10.086+0000] {processor.py:161} INFO - Started process (PID=4100) to work on /opt/airflow/dags/DagScraper.py
[2026-04-16T16:47:10.090+0000] {processor.py:830} INFO - Processing file /opt/airflow/dags/DagScraper.py for tasks to queue
[2026-04-16T16:47:10.096+0000] {logging_mixin.py:188} INFO - [2026-04-16T16:47:10.095+0000] {dagbag.py:545} INFO - Filling up the DagBag from /opt/airflow/dags/DagScraper.py
[2026-04-16T16:47:10.154+0000] {processor.py:840} INFO - DAG(s) 'dag_scraping_offres_emploi' retrieved from /opt/airflow/dags/DagScraper.py
[2026-04-16T16:47:10.235+0000] {logging_mixin.py:188} INFO - [2026-04-16T16:47:10.234+0000] {dag.py:3096} INFO - Sync 1 DAGs
[2026-04-16T16:47:10.363+0000] {logging_mixin.py:188} INFO - [2026-04-16T16:47:10.361+0000] {dag.py:3954} INFO - Setting next_dagrun for dag_scraping_offres_emploi to 2026-04-16 06:00:00+00:00, run_after=2026-04-16 12:00:00+00:00
[2026-04-16T16:47:10.436+0000] {processor.py:183} INFO - Processing /opt/airflow/dags/DagScraper.py took 0.368 seconds
[2026-04-16T16:47:40.545+0000] {processor.py:161} INFO - Started process (PID=4115) to work on /opt/airflow/dags/DagScraper.py
[2026-04-16T16:47:40.547+0000] {processor.py:830} INFO - Processing file /opt/airflow/dags/DagScraper.py for tasks to queue
[2026-04-16T16:47:40.550+0000] {logging_mixin.py:188} INFO - [2026-04-16T16:47:40.549+0000] {dagbag.py:545} INFO - Filling up the DagBag from /opt/airflow/dags/DagScraper.py
[2026-04-16T16:47:40.597+0000] {processor.py:840} INFO - DAG(s) 'dag_scraping_offres_emploi' retrieved from /opt/airflow/dags/DagScraper.py
[2026-04-16T16:47:40.663+0000] {logging_mixin.py:188} INFO - [2026-04-16T16:47:40.662+0000] {dag.py:3096} INFO - Sync 1 DAGs
[2026-04-16T16:47:40.710+0000] {logging_mixin.py:188} INFO - [2026-04-16T16:47:40.710+0000] {dag.py:3954} INFO - Setting next_dagrun for dag_scraping_offres_emploi to 2026-04-16 06:00:00+00:00, run_after=2026-04-16 12:00:00+00:00
[2026-04-16T16:47:40.765+0000] {processor.py:183} INFO - Processing /opt/airflow/dags/DagScraper.py took 0.232 seconds
[2026-04-16T16:48:11.106+0000] {processor.py:161} INFO - Started process (PID=4123) to work on /opt/airflow/dags/DagScraper.py
[2026-04-16T16:48:11.110+0000] {processor.py:830} INFO - Processing file /opt/airflow/dags/DagScraper.py for tasks to queue
[2026-04-16T16:48:11.114+0000] {logging_mixin.py:188} INFO - [2026-04-16T16:48:11.114+0000] {dagbag.py:545} INFO - Filling up the DagBag from /opt/airflow/dags/DagScraper.py
[2026-04-16T16:48:11.174+0000] {processor.py:840} INFO - DAG(s) 'dag_scraping_offres_emploi' retrieved from /opt/airflow/dags/DagScraper.py
[2026-04-16T16:48:11.322+0000] {logging_mixin.py:188} INFO - [2026-04-16T16:48:11.321+0000] {dag.py:3096} INFO - Sync 1 DAGs
[2026-04-16T16:48:11.457+0000] {logging_mixin.py:188} INFO - [2026-04-16T16:48:11.455+0000] {dag.py:3954} INFO - Setting next_dagrun for dag_scraping_offres_emploi to 2026-04-16 06:00:00+00:00, run_after=2026-04-16 12:00:00+00:00
[2026-04-16T16:48:11.597+0000] {processor.py:183} INFO - Processing /opt/airflow/dags/DagScraper.py took 0.504 seconds
[2026-04-16T16:48:42.072+0000] {processor.py:161} INFO - Started process (PID=4138) to work on /opt/airflow/dags/DagScraper.py
[2026-04-16T16:48:42.074+0000] {processor.py:830} INFO - Processing file /opt/airflow/dags/DagScraper.py for tasks to queue
[2026-04-16T16:48:42.082+0000] {logging_mixin.py:188} INFO - [2026-04-16T16:48:42.082+0000] {dagbag.py:545} INFO - Filling up the DagBag from /opt/airflow/dags/DagScraper.py
[2026-04-16T16:48:42.176+0000] {processor.py:840} INFO - DAG(s) 'dag_scraping_offres_emploi' retrieved from /opt/airflow/dags/DagScraper.py
[2026-04-16T16:48:42.286+0000] {logging_mixin.py:188} INFO - [2026-04-16T16:48:42.286+0000] {dag.py:3096} INFO - Sync 1 DAGs
[2026-04-16T16:48:42.414+0000] {logging_mixin.py:188} INFO - [2026-04-16T16:48:42.413+0000] {dag.py:3954} INFO - Setting next_dagrun for dag_scraping_offres_emploi to 2026-04-16 06:00:00+00:00, run_after=2026-04-16 12:00:00+00:00
[2026-04-16T16:48:42.548+0000] {processor.py:183} INFO - Processing /opt/airflow/dags/DagScraper.py took 0.507 seconds
[2026-04-16T16:49:14.597+0000] {processor.py:161} INFO - Started process (PID=4152) to work on /opt/airflow/dags/DagScraper.py
[2026-04-16T16:49:14.600+0000] {processor.py:830} INFO - Processing file /opt/airflow/dags/DagScraper.py for tasks to queue
[2026-04-16T16:49:14.617+0000] {logging_mixin.py:188} INFO - [2026-04-16T16:49:14.616+0000] {dagbag.py:545} INFO - Filling up the DagBag from /opt/airflow/dags/DagScraper.py
[2026-04-16T16:49:15.069+0000] {processor.py:840} INFO - DAG(s) 'dag_scraping_offres_emploi' retrieved from /opt/airflow/dags/DagScraper.py
[2026-04-16T16:49:15.369+0000] {logging_mixin.py:188} INFO - [2026-04-16T16:49:15.369+0000] {dag.py:3096} INFO - Sync 1 DAGs
[2026-04-16T16:49:15.721+0000] {logging_mixin.py:188} INFO - [2026-04-16T16:49:15.720+0000] {dag.py:3954} INFO - Setting next_dagrun for dag_scraping_offres_emploi to 2026-04-16 06:00:00+00:00, run_after=2026-04-16 12:00:00+00:00
[2026-04-16T16:49:15.965+0000] {processor.py:183} INFO - Processing /opt/airflow/dags/DagScraper.py took 1.477 seconds
[2026-04-16T16:49:46.586+0000] {processor.py:161} INFO - Started process (PID=4160) to work on /opt/airflow/dags/DagScraper.py
[2026-04-16T16:49:46.588+0000] {processor.py:830} INFO - Processing file /opt/airflow/dags/DagScraper.py for tasks to queue
[2026-04-16T16:49:46.598+0000] {logging_mixin.py:188} INFO - [2026-04-16T16:49:46.597+0000] {dagbag.py:545} INFO - Filling up the DagBag from /opt/airflow/dags/DagScraper.py
[2026-04-16T16:49:46.667+0000] {processor.py:840} INFO - DAG(s) 'dag_scraping_offres_emploi' retrieved from /opt/airflow/dags/DagScraper.py
[2026-04-16T16:49:46.788+0000] {logging_mixin.py:188} INFO - [2026-04-16T16:49:46.787+0000] {dag.py:3096} INFO - Sync 1 DAGs
[2026-04-16T16:49:46.908+0000] {logging_mixin.py:188} INFO - [2026-04-16T16:49:46.905+0000] {dag.py:3954} INFO - Setting next_dagrun for dag_scraping_offres_emploi to 2026-04-16 06:00:00+00:00, run_after=2026-04-16 12:00:00+00:00
[2026-04-16T16:49:46.976+0000] {processor.py:183} INFO - Processing /opt/airflow/dags/DagScraper.py took 0.405 seconds
[2026-04-16T16:50:17.689+0000] {processor.py:161} INFO - Started process (PID=4174) to work on /opt/airflow/dags/DagScraper.py
[2026-04-16T16:50:17.691+0000] {processor.py:830} INFO - Processing file /opt/airflow/dags/DagScraper.py for tasks to queue
[2026-04-16T16:50:17.695+0000] {logging_mixin.py:188} INFO - [2026-04-16T16:50:17.694+0000] {dagbag.py:545} INFO - Filling up the DagBag from /opt/airflow/dags/DagScraper.py
[2026-04-16T16:50:17.770+0000] {processor.py:840} INFO - DAG(s) 'dag_scraping_offres_emploi' retrieved from /opt/airflow/dags/DagScraper.py
[2026-04-16T16:50:17.918+0000] {logging_mixin.py:188} INFO - [2026-04-16T16:50:17.918+0000] {dag.py:3096} INFO - Sync 1 DAGs
[2026-04-16T16:50:17.994+0000] {logging_mixin.py:188} INFO - [2026-04-16T16:50:17.993+0000] {dag.py:3954} INFO - Setting next_dagrun for dag_scraping_offres_emploi to 2026-04-16 06:00:00+00:00, run_after=2026-04-16 12:00:00+00:00
[2026-04-16T16:50:18.110+0000] {processor.py:183} INFO - Processing /opt/airflow/dags/DagScraper.py took 0.442 seconds
[2026-04-16T16:50:49.075+0000] {processor.py:161} INFO - Started process (PID=4182) to work on /opt/airflow/dags/DagScraper.py
[2026-04-16T16:50:49.076+0000] {processor.py:830} INFO - Processing file /opt/airflow/dags/DagScraper.py for tasks to queue
[2026-04-16T16:50:49.080+0000] {logging_mixin.py:188} INFO - [2026-04-16T16:50:49.080+0000] {dagbag.py:545} INFO - Filling up the DagBag from /opt/airflow/dags/DagScraper.py
[2026-04-16T16:50:49.116+0000] {processor.py:840} INFO - DAG(s) 'dag_scraping_offres_emploi' retrieved from /opt/airflow/dags/DagScraper.py
[2026-04-16T16:50:49.202+0000] {logging_mixin.py:188} INFO - [2026-04-16T16:50:49.202+0000] {dag.py:3096} INFO - Sync 1 DAGs
[2026-04-16T16:50:49.298+0000] {logging_mixin.py:188} INFO - [2026-04-16T16:50:49.294+0000] {dag.py:3954} INFO - Setting next_dagrun for dag_scraping_offres_emploi to 2026-04-16 06:00:00+00:00, run_after=2026-04-16 12:00:00+00:00
[2026-04-16T16:50:49.374+0000] {processor.py:183} INFO - Processing /opt/airflow/dags/DagScraper.py took 0.311 seconds
[2026-04-16T16:51:19.527+0000] {processor.py:161} INFO - Started process (PID=4196) to work on /opt/airflow/dags/DagScraper.py
[2026-04-16T16:51:19.532+0000] {processor.py:830} INFO - Processing file /opt/airflow/dags/DagScraper.py for tasks to queue
[2026-04-16T16:51:19.536+0000] {logging_mixin.py:188} INFO - [2026-04-16T16:51:19.536+0000] {dagbag.py:545} INFO - Filling up the DagBag from /opt/airflow/dags/DagScraper.py
[2026-04-16T16:51:19.618+0000] {processor.py:840} INFO - DAG(s) 'dag_scraping_offres_emploi' retrieved from /opt/airflow/dags/DagScraper.py
[2026-04-16T16:51:19.724+0000] {logging_mixin.py:188} INFO - [2026-04-16T16:51:19.724+0000] {dag.py:3096} INFO - Sync 1 DAGs
[2026-04-16T16:51:19.770+0000] {logging_mixin.py:188} INFO - [2026-04-16T16:51:19.770+0000] {dag.py:3954} INFO - Setting next_dagrun for dag_scraping_offres_emploi to 2026-04-16 06:00:00+00:00, run_after=2026-04-16 12:00:00+00:00
[2026-04-16T16:51:19.817+0000] {processor.py:183} INFO - Processing /opt/airflow/dags/DagScraper.py took 0.313 seconds
[2026-04-16T16:51:50.341+0000] {processor.py:161} INFO - Started process (PID=4204) to work on /opt/airflow/dags/DagScraper.py
[2026-04-16T16:51:50.343+0000] {processor.py:830} INFO - Processing file /opt/airflow/dags/DagScraper.py for tasks to queue
[2026-04-16T16:51:50.346+0000] {logging_mixin.py:188} INFO - [2026-04-16T16:51:50.345+0000] {dagbag.py:545} INFO - Filling up the DagBag from /opt/airflow/dags/DagScraper.py
[2026-04-16T16:51:50.385+0000] {processor.py:840} INFO - DAG(s) 'dag_scraping_offres_emploi' retrieved from /opt/airflow/dags/DagScraper.py
[2026-04-16T16:51:50.451+0000] {logging_mixin.py:188} INFO - [2026-04-16T16:51:50.450+0000] {dag.py:3096} INFO - Sync 1 DAGs
[2026-04-16T16:51:50.505+0000] {logging_mixin.py:188} INFO - [2026-04-16T16:51:50.504+0000] {dag.py:3954} INFO - Setting next_dagrun for dag_scraping_offres_emploi to 2026-04-16 06:00:00+00:00, run_after=2026-04-16 12:00:00+00:00
[2026-04-16T16:51:50.599+0000] {processor.py:183} INFO - Processing /opt/airflow/dags/DagScraper.py took 0.271 seconds
[2026-04-16T16:52:20.794+0000] {processor.py:161} INFO - Started process (PID=4219) to work on /opt/airflow/dags/DagScraper.py
[2026-04-16T16:52:20.802+0000] {processor.py:830} INFO - Processing file /opt/airflow/dags/DagScraper.py for tasks to queue
[2026-04-16T16:52:20.809+0000] {logging_mixin.py:188} INFO - [2026-04-16T16:52:20.808+0000] {dagbag.py:545} INFO - Filling up the DagBag from /opt/airflow/dags/DagScraper.py
[2026-04-16T16:52:20.911+0000] {processor.py:840} INFO - DAG(s) 'dag_scraping_offres_emploi' retrieved from /opt/airflow/dags/DagScraper.py
[2026-04-16T16:52:21.012+0000] {logging_mixin.py:188} INFO - [2026-04-16T16:52:21.012+0000] {dag.py:3096} INFO - Sync 1 DAGs
[2026-04-16T16:52:21.107+0000] {logging_mixin.py:188} INFO - [2026-04-16T16:52:21.106+0000] {dag.py:3954} INFO - Setting next_dagrun for dag_scraping_offres_emploi to 2026-04-16 06:00:00+00:00, run_after=2026-04-16 12:00:00+00:00
[2026-04-16T16:52:21.228+0000] {processor.py:183} INFO - Processing /opt/airflow/dags/DagScraper.py took 0.456 seconds
[2026-04-16T16:52:52.133+0000] {processor.py:161} INFO - Started process (PID=4226) to work on /opt/airflow/dags/DagScraper.py
[2026-04-16T16:52:52.147+0000] {processor.py:830} INFO - Processing file /opt/airflow/dags/DagScraper.py for tasks to queue
[2026-04-16T16:52:52.155+0000] {logging_mixin.py:188} INFO - [2026-04-16T16:52:52.154+0000] {dagbag.py:545} INFO - Filling up the DagBag from /opt/airflow/dags/DagScraper.py
[2026-04-16T16:52:52.244+0000] {processor.py:840} INFO - DAG(s) 'dag_scraping_offres_emploi' retrieved from /opt/airflow/dags/DagScraper.py
[2026-04-16T16:52:52.395+0000] {logging_mixin.py:188} INFO - [2026-04-16T16:52:52.395+0000] {dag.py:3096} INFO - Sync 1 DAGs
[2026-04-16T16:52:52.541+0000] {logging_mixin.py:188} INFO - [2026-04-16T16:52:52.541+0000] {dag.py:3954} INFO - Setting next_dagrun for dag_scraping_offres_emploi to 2026-04-16 06:00:00+00:00, run_after=2026-04-16 12:00:00+00:00
[2026-04-16T16:52:52.654+0000] {processor.py:183} INFO - Processing /opt/airflow/dags/DagScraper.py took 0.540 seconds
[2026-04-16T16:53:23.030+0000] {processor.py:161} INFO - Started process (PID=4239) to work on /opt/airflow/dags/DagScraper.py
[2026-04-16T16:53:23.059+0000] {processor.py:830} INFO - Processing file /opt/airflow/dags/DagScraper.py for tasks to queue
[2026-04-16T16:53:23.072+0000] {logging_mixin.py:188} INFO - [2026-04-16T16:53:23.071+0000] {dagbag.py:545} INFO - Filling up the DagBag from /opt/airflow/dags/DagScraper.py
[2026-04-16T16:53:23.223+0000] {processor.py:840} INFO - DAG(s) 'dag_scraping_offres_emploi' retrieved from /opt/airflow/dags/DagScraper.py
[2026-04-16T16:53:23.371+0000] {logging_mixin.py:188} INFO - [2026-04-16T16:53:23.370+0000] {dag.py:3096} INFO - Sync 1 DAGs
[2026-04-16T16:53:23.485+0000] {logging_mixin.py:188} INFO - [2026-04-16T16:53:23.485+0000] {dag.py:3954} INFO - Setting next_dagrun for dag_scraping_offres_emploi to 2026-04-16 06:00:00+00:00, run_after=2026-04-16 12:00:00+00:00
[2026-04-16T16:53:23.599+0000] {processor.py:183} INFO - Processing /opt/airflow/dags/DagScraper.py took 0.607 seconds
[2026-04-16T16:53:54.242+0000] {processor.py:161} INFO - Started process (PID=4247) to work on /opt/airflow/dags/DagScraper.py
[2026-04-16T16:53:54.250+0000] {processor.py:830} INFO - Processing file /opt/airflow/dags/DagScraper.py for tasks to queue
[2026-04-16T16:53:54.257+0000] {logging_mixin.py:188} INFO - [2026-04-16T16:53:54.256+0000] {dagbag.py:545} INFO - Filling up the DagBag from /opt/airflow/dags/DagScraper.py
[2026-04-16T16:53:54.376+0000] {processor.py:840} INFO - DAG(s) 'dag_scraping_offres_emploi' retrieved from /opt/airflow/dags/DagScraper.py
[2026-04-16T16:53:54.587+0000] {logging_mixin.py:188} INFO - [2026-04-16T16:53:54.586+0000] {dag.py:3096} INFO - Sync 1 DAGs
[2026-04-16T16:53:54.690+0000] {logging_mixin.py:188} INFO - [2026-04-16T16:53:54.690+0000] {dag.py:3954} INFO - Setting next_dagrun for dag_scraping_offres_emploi to 2026-04-16 06:00:00+00:00, run_after=2026-04-16 12:00:00+00:00
[2026-04-16T16:53:54.738+0000] {processor.py:183} INFO - Processing /opt/airflow/dags/DagScraper.py took 0.539 seconds
[2026-04-16T16:54:25.246+0000] {processor.py:161} INFO - Started process (PID=4262) to work on /opt/airflow/dags/DagScraper.py
[2026-04-16T16:54:25.248+0000] {processor.py:830} INFO - Processing file /opt/airflow/dags/DagScraper.py for tasks to queue
[2026-04-16T16:54:25.254+0000] {logging_mixin.py:188} INFO - [2026-04-16T16:54:25.253+0000] {dagbag.py:545} INFO - Filling up the DagBag from /opt/airflow/dags/DagScraper.py
[2026-04-16T16:54:25.309+0000] {processor.py:840} INFO - DAG(s) 'dag_scraping_offres_emploi' retrieved from /opt/airflow/dags/DagScraper.py
[2026-04-16T16:54:25.486+0000] {logging_mixin.py:188} INFO - [2026-04-16T16:54:25.485+0000] {dag.py:3096} INFO - Sync 1 DAGs
[2026-04-16T16:54:25.578+0000] {logging_mixin.py:188} INFO - [2026-04-16T16:54:25.578+0000] {dag.py:3954} INFO - Setting next_dagrun for dag_scraping_offres_emploi to 2026-04-16 06:00:00+00:00, run_after=2026-04-16 12:00:00+00:00
[2026-04-16T16:54:25.635+0000] {processor.py:183} INFO - Processing /opt/airflow/dags/DagScraper.py took 0.406 seconds
[2026-04-16T16:54:56.293+0000] {processor.py:161} INFO - Started process (PID=4271) to work on /opt/airflow/dags/DagScraper.py
[2026-04-16T16:54:56.317+0000] {processor.py:830} INFO - Processing file /opt/airflow/dags/DagScraper.py for tasks to queue
[2026-04-16T16:54:56.321+0000] {logging_mixin.py:188} INFO - [2026-04-16T16:54:56.320+0000] {dagbag.py:545} INFO - Filling up the DagBag from /opt/airflow/dags/DagScraper.py
[2026-04-16T16:54:56.390+0000] {processor.py:840} INFO - DAG(s) 'dag_scraping_offres_emploi' retrieved from /opt/airflow/dags/DagScraper.py
[2026-04-16T16:54:56.595+0000] {logging_mixin.py:188} INFO - [2026-04-16T16:54:56.595+0000] {dag.py:3096} INFO - Sync 1 DAGs
[2026-04-16T16:54:56.680+0000] {logging_mixin.py:188} INFO - [2026-04-16T16:54:56.679+0000] {dag.py:3954} INFO - Setting next_dagrun for dag_scraping_offres_emploi to 2026-04-16 06:00:00+00:00, run_after=2026-04-16 12:00:00+00:00
[2026-04-16T16:54:56.738+0000] {processor.py:183} INFO - Processing /opt/airflow/dags/DagScraper.py took 0.460 seconds
[2026-04-16T16:55:27.865+0000] {processor.py:161} INFO - Started process (PID=4285) to work on /opt/airflow/dags/DagScraper.py
[2026-04-16T16:55:27.867+0000] {processor.py:830} INFO - Processing file /opt/airflow/dags/DagScraper.py for tasks to queue
[2026-04-16T16:55:27.881+0000] {logging_mixin.py:188} INFO - [2026-04-16T16:55:27.880+0000] {dagbag.py:545} INFO - Filling up the DagBag from /opt/airflow/dags/DagScraper.py
[2026-04-16T16:55:27.984+0000] {processor.py:840} INFO - DAG(s) 'dag_scraping_offres_emploi' retrieved from /opt/airflow/dags/DagScraper.py
[2026-04-16T16:55:28.150+0000] {logging_mixin.py:188} INFO - [2026-04-16T16:55:28.150+0000] {dag.py:3096} INFO - Sync 1 DAGs
[2026-04-16T16:55:28.324+0000] {logging_mixin.py:188} INFO - [2026-04-16T16:55:28.323+0000] {dag.py:3954} INFO - Setting next_dagrun for dag_scraping_offres_emploi to 2026-04-16 06:00:00+00:00, run_after=2026-04-16 12:00:00+00:00
[2026-04-16T16:55:28.403+0000] {processor.py:183} INFO - Processing /opt/airflow/dags/DagScraper.py took 0.570 seconds
[2026-04-16T16:55:58.964+0000] {processor.py:161} INFO - Started process (PID=4300) to work on /opt/airflow/dags/DagScraper.py
[2026-04-16T16:55:58.967+0000] {processor.py:830} INFO - Processing file /opt/airflow/dags/DagScraper.py for tasks to queue
[2026-04-16T16:55:58.973+0000] {logging_mixin.py:188} INFO - [2026-04-16T16:55:58.972+0000] {dagbag.py:545} INFO - Filling up the DagBag from /opt/airflow/dags/DagScraper.py
[2026-04-16T16:55:59.020+0000] {processor.py:840} INFO - DAG(s) 'dag_scraping_offres_emploi' retrieved from /opt/airflow/dags/DagScraper.py
[2026-04-16T16:55:59.078+0000] {logging_mixin.py:188} INFO - [2026-04-16T16:55:59.078+0000] {dag.py:3096} INFO - Sync 1 DAGs
[2026-04-16T16:55:59.125+0000] {logging_mixin.py:188} INFO - [2026-04-16T16:55:59.124+0000] {dag.py:3954} INFO - Setting next_dagrun for dag_scraping_offres_emploi to 2026-04-16 06:00:00+00:00, run_after=2026-04-16 12:00:00+00:00
[2026-04-16T16:55:59.190+0000] {processor.py:183} INFO - Processing /opt/airflow/dags/DagScraper.py took 0.245 seconds
[2026-04-16T16:56:29.736+0000] {processor.py:161} INFO - Started process (PID=4308) to work on /opt/airflow/dags/DagScraper.py
[2026-04-16T16:56:29.739+0000] {processor.py:830} INFO - Processing file /opt/airflow/dags/DagScraper.py for tasks to queue
[2026-04-16T16:56:29.743+0000] {logging_mixin.py:188} INFO - [2026-04-16T16:56:29.742+0000] {dagbag.py:545} INFO - Filling up the DagBag from /opt/airflow/dags/DagScraper.py
[2026-04-16T16:56:29.795+0000] {processor.py:840} INFO - DAG(s) 'dag_scraping_offres_emploi' retrieved from /opt/airflow/dags/DagScraper.py
[2026-04-16T16:56:29.882+0000] {logging_mixin.py:188} INFO - [2026-04-16T16:56:29.881+0000] {dag.py:3096} INFO - Sync 1 DAGs
[2026-04-16T16:56:29.980+0000] {logging_mixin.py:188} INFO - [2026-04-16T16:56:29.980+0000] {dag.py:3954} INFO - Setting next_dagrun for dag_scraping_offres_emploi to 2026-04-16 06:00:00+00:00, run_after=2026-04-16 12:00:00+00:00
[2026-04-16T16:56:30.062+0000] {processor.py:183} INFO - Processing /opt/airflow/dags/DagScraper.py took 0.341 seconds
[2026-04-16T16:57:00.464+0000] {processor.py:161} INFO - Started process (PID=4322) to work on /opt/airflow/dags/DagScraper.py
[2026-04-16T16:57:00.468+0000] {processor.py:830} INFO - Processing file /opt/airflow/dags/DagScraper.py for tasks to queue
[2026-04-16T16:57:00.472+0000] {logging_mixin.py:188} INFO - [2026-04-16T16:57:00.472+0000] {dagbag.py:545} INFO - Filling up the DagBag from /opt/airflow/dags/DagScraper.py
[2026-04-16T16:57:00.531+0000] {processor.py:840} INFO - DAG(s) 'dag_scraping_offres_emploi' retrieved from /opt/airflow/dags/DagScraper.py
[2026-04-16T16:57:00.614+0000] {logging_mixin.py:188} INFO - [2026-04-16T16:57:00.614+0000] {dag.py:3096} INFO - Sync 1 DAGs
[2026-04-16T16:57:00.659+0000] {logging_mixin.py:188} INFO - [2026-04-16T16:57:00.659+0000] {dag.py:3954} INFO - Setting next_dagrun for dag_scraping_offres_emploi to 2026-04-16 06:00:00+00:00, run_after=2026-04-16 12:00:00+00:00
[2026-04-16T16:57:00.709+0000] {processor.py:183} INFO - Processing /opt/airflow/dags/DagScraper.py took 0.264 seconds
[2026-04-16T16:57:31.385+0000] {processor.py:161} INFO - Started process (PID=4329) to work on /opt/airflow/dags/DagScraper.py
[2026-04-16T16:57:31.386+0000] {processor.py:830} INFO - Processing file /opt/airflow/dags/DagScraper.py for tasks to queue
[2026-04-16T16:57:31.392+0000] {logging_mixin.py:188} INFO - [2026-04-16T16:57:31.390+0000] {dagbag.py:545} INFO - Filling up the DagBag from /opt/airflow/dags/DagScraper.py
[2026-04-16T16:57:31.467+0000] {processor.py:840} INFO - DAG(s) 'dag_scraping_offres_emploi' retrieved from /opt/airflow/dags/DagScraper.py
[2026-04-16T16:57:31.539+0000] {logging_mixin.py:188} INFO - [2026-04-16T16:57:31.538+0000] {dag.py:3096} INFO - Sync 1 DAGs
[2026-04-16T16:57:31.628+0000] {logging_mixin.py:188} INFO - [2026-04-16T16:57:31.627+0000] {dag.py:3954} INFO - Setting next_dagrun for dag_scraping_offres_emploi to 2026-04-16 06:00:00+00:00, run_after=2026-04-16 12:00:00+00:00
[2026-04-16T16:57:31.751+0000] {processor.py:183} INFO - Processing /opt/airflow/dags/DagScraper.py took 0.382 seconds
[2026-04-16T16:58:02.151+0000] {processor.py:161} INFO - Started process (PID=4344) to work on /opt/airflow/dags/DagScraper.py
[2026-04-16T16:58:02.153+0000] {processor.py:830} INFO - Processing file /opt/airflow/dags/DagScraper.py for tasks to queue
[2026-04-16T16:58:02.157+0000] {logging_mixin.py:188} INFO - [2026-04-16T16:58:02.156+0000] {dagbag.py:545} INFO - Filling up the DagBag from /opt/airflow/dags/DagScraper.py
[2026-04-16T16:58:02.236+0000] {processor.py:840} INFO - DAG(s) 'dag_scraping_offres_emploi' retrieved from /opt/airflow/dags/DagScraper.py
[2026-04-16T16:58:02.321+0000] {logging_mixin.py:188} INFO - [2026-04-16T16:58:02.320+0000] {dag.py:3096} INFO - Sync 1 DAGs
[2026-04-16T16:58:02.376+0000] {logging_mixin.py:188} INFO - [2026-04-16T16:58:02.376+0000] {dag.py:3954} INFO - Setting next_dagrun for dag_scraping_offres_emploi to 2026-04-16 06:00:00+00:00, run_after=2026-04-16 12:00:00+00:00
[2026-04-16T16:58:02.414+0000] {processor.py:183} INFO - Processing /opt/airflow/dags/DagScraper.py took 0.275 seconds
[2026-04-16T16:58:32.877+0000] {processor.py:161} INFO - Started process (PID=4352) to work on /opt/airflow/dags/DagScraper.py
[2026-04-16T16:58:32.895+0000] {processor.py:830} INFO - Processing file /opt/airflow/dags/DagScraper.py for tasks to queue
[2026-04-16T16:58:32.911+0000] {logging_mixin.py:188} INFO - [2026-04-16T16:58:32.910+0000] {dagbag.py:545} INFO - Filling up the DagBag from /opt/airflow/dags/DagScraper.py
[2026-04-16T16:58:33.004+0000] {processor.py:840} INFO - DAG(s) 'dag_scraping_offres_emploi' retrieved from /opt/airflow/dags/DagScraper.py
[2026-04-16T16:58:33.229+0000] {logging_mixin.py:188} INFO - [2026-04-16T16:58:33.228+0000] {dag.py:3096} INFO - Sync 1 DAGs
[2026-04-16T16:58:33.371+0000] {logging_mixin.py:188} INFO - [2026-04-16T16:58:33.370+0000] {dag.py:3954} INFO - Setting next_dagrun for dag_scraping_offres_emploi to 2026-04-16 06:00:00+00:00, run_after=2026-04-16 12:00:00+00:00
[2026-04-16T16:58:33.507+0000] {processor.py:183} INFO - Processing /opt/airflow/dags/DagScraper.py took 0.656 seconds
[2026-04-16T16:59:04.268+0000] {processor.py:161} INFO - Started process (PID=4366) to work on /opt/airflow/dags/DagScraper.py
[2026-04-16T16:59:04.294+0000] {processor.py:830} INFO - Processing file /opt/airflow/dags/DagScraper.py for tasks to queue
[2026-04-16T16:59:04.300+0000] {logging_mixin.py:188} INFO - [2026-04-16T16:59:04.299+0000] {dagbag.py:545} INFO - Filling up the DagBag from /opt/airflow/dags/DagScraper.py
[2026-04-16T16:59:05.252+0000] {processor.py:840} INFO - DAG(s) 'dag_scraping_offres_emploi' retrieved from /opt/airflow/dags/DagScraper.py
[2026-04-16T16:59:05.572+0000] {logging_mixin.py:188} INFO - [2026-04-16T16:59:05.571+0000] {dag.py:3096} INFO - Sync 1 DAGs
[2026-04-16T16:59:05.799+0000] {logging_mixin.py:188} INFO - [2026-04-16T16:59:05.798+0000] {dag.py:3954} INFO - Setting next_dagrun for dag_scraping_offres_emploi to 2026-04-16 06:00:00+00:00, run_after=2026-04-16 12:00:00+00:00
[2026-04-16T16:59:06.115+0000] {processor.py:183} INFO - Processing /opt/airflow/dags/DagScraper.py took 1.900 seconds
[2026-04-16T16:59:36.525+0000] {processor.py:161} INFO - Started process (PID=4374) to work on /opt/airflow/dags/DagScraper.py
[2026-04-16T16:59:36.528+0000] {processor.py:830} INFO - Processing file /opt/airflow/dags/DagScraper.py for tasks to queue
[2026-04-16T16:59:36.533+0000] {logging_mixin.py:188} INFO - [2026-04-16T16:59:36.532+0000] {dagbag.py:545} INFO - Filling up the DagBag from /opt/airflow/dags/DagScraper.py
[2026-04-16T16:59:36.609+0000] {processor.py:840} INFO - DAG(s) 'dag_scraping_offres_emploi' retrieved from /opt/airflow/dags/DagScraper.py
[2026-04-16T16:59:36.805+0000] {logging_mixin.py:188} INFO - [2026-04-16T16:59:36.805+0000] {dag.py:3096} INFO - Sync 1 DAGs
[2026-04-16T16:59:36.949+0000] {logging_mixin.py:188} INFO - [2026-04-16T16:59:36.948+0000] {dag.py:3954} INFO - Setting next_dagrun for dag_scraping_offres_emploi to 2026-04-16 06:00:00+00:00, run_after=2026-04-16 12:00:00+00:00
[2026-04-16T16:59:37.015+0000] {processor.py:183} INFO - Processing /opt/airflow/dags/DagScraper.py took 0.513 seconds
[2026-04-16T17:00:07.787+0000] {processor.py:161} INFO - Started process (PID=4388) to work on /opt/airflow/dags/DagScraper.py
[2026-04-16T17:00:07.789+0000] {processor.py:830} INFO - Processing file /opt/airflow/dags/DagScraper.py for tasks to queue
[2026-04-16T17:00:07.794+0000] {logging_mixin.py:188} INFO - [2026-04-16T17:00:07.793+0000] {dagbag.py:545} INFO - Filling up the DagBag from /opt/airflow/dags/DagScraper.py
[2026-04-16T17:00:07.847+0000] {processor.py:840} INFO - DAG(s) 'dag_scraping_offres_emploi' retrieved from /opt/airflow/dags/DagScraper.py
[2026-04-16T17:00:07.949+0000] {logging_mixin.py:188} INFO - [2026-04-16T17:00:07.949+0000] {dag.py:3096} INFO - Sync 1 DAGs
[2026-04-16T17:00:08.050+0000] {logging_mixin.py:188} INFO - [2026-04-16T17:00:08.049+0000] {dag.py:3954} INFO - Setting next_dagrun for dag_scraping_offres_emploi to 2026-04-16 06:00:00+00:00, run_after=2026-04-16 12:00:00+00:00
[2026-04-16T17:00:08.180+0000] {processor.py:183} INFO - Processing /opt/airflow/dags/DagScraper.py took 0.414 seconds
[2026-04-16T17:00:39.043+0000] {processor.py:161} INFO - Started process (PID=4396) to work on /opt/airflow/dags/DagScraper.py
[2026-04-16T17:00:39.045+0000] {processor.py:830} INFO - Processing file /opt/airflow/dags/DagScraper.py for tasks to queue
[2026-04-16T17:00:39.049+0000] {logging_mixin.py:188} INFO - [2026-04-16T17:00:39.048+0000] {dagbag.py:545} INFO - Filling up the DagBag from /opt/airflow/dags/DagScraper.py
[2026-04-16T17:00:39.106+0000] {processor.py:840} INFO - DAG(s) 'dag_scraping_offres_emploi' retrieved from /opt/airflow/dags/DagScraper.py
[2026-04-16T17:00:39.190+0000] {logging_mixin.py:188} INFO - [2026-04-16T17:00:39.190+0000] {dag.py:3096} INFO - Sync 1 DAGs
[2026-04-16T17:00:39.272+0000] {logging_mixin.py:188} INFO - [2026-04-16T17:00:39.271+0000] {dag.py:3954} INFO - Setting next_dagrun for dag_scraping_offres_emploi to 2026-04-16 06:00:00+00:00, run_after=2026-04-16 12:00:00+00:00
[2026-04-16T17:00:39.325+0000] {processor.py:183} INFO - Processing /opt/airflow/dags/DagScraper.py took 0.300 seconds
[2026-04-16T17:01:09.896+0000] {processor.py:161} INFO - Started process (PID=4410) to work on /opt/airflow/dags/DagScraper.py
[2026-04-16T17:01:09.898+0000] {processor.py:830} INFO - Processing file /opt/airflow/dags/DagScraper.py for tasks to queue
[2026-04-16T17:01:09.901+0000] {logging_mixin.py:188} INFO - [2026-04-16T17:01:09.900+0000] {dagbag.py:545} INFO - Filling up the DagBag from /opt/airflow/dags/DagScraper.py
[2026-04-16T17:01:09.964+0000] {processor.py:840} INFO - DAG(s) 'dag_scraping_offres_emploi' retrieved from /opt/airflow/dags/DagScraper.py
[2026-04-16T17:01:10.119+0000] {logging_mixin.py:188} INFO - [2026-04-16T17:01:10.119+0000] {dag.py:3096} INFO - Sync 1 DAGs
[2026-04-16T17:01:10.179+0000] {logging_mixin.py:188} INFO - [2026-04-16T17:01:10.178+0000] {dag.py:3954} INFO - Setting next_dagrun for dag_scraping_offres_emploi to 2026-04-16 06:00:00+00:00, run_after=2026-04-16 12:00:00+00:00
[2026-04-16T17:01:10.267+0000] {processor.py:183} INFO - Processing /opt/airflow/dags/DagScraper.py took 0.406 seconds
[2026-04-16T17:01:40.888+0000] {processor.py:161} INFO - Started process (PID=4418) to work on /opt/airflow/dags/DagScraper.py
[2026-04-16T17:01:40.891+0000] {processor.py:830} INFO - Processing file /opt/airflow/dags/DagScraper.py for tasks to queue
[2026-04-16T17:01:40.896+0000] {logging_mixin.py:188} INFO - [2026-04-16T17:01:40.895+0000] {dagbag.py:545} INFO - Filling up the DagBag from /opt/airflow/dags/DagScraper.py
[2026-04-16T17:01:41.018+0000] {processor.py:840} INFO - DAG(s) 'dag_scraping_offres_emploi' retrieved from /opt/airflow/dags/DagScraper.py
[2026-04-16T17:01:41.123+0000] {logging_mixin.py:188} INFO - [2026-04-16T17:01:41.123+0000] {dag.py:3096} INFO - Sync 1 DAGs
[2026-04-16T17:01:41.194+0000] {logging_mixin.py:188} INFO - [2026-04-16T17:01:41.193+0000] {dag.py:3954} INFO - Setting next_dagrun for dag_scraping_offres_emploi to 2026-04-16 06:00:00+00:00, run_after=2026-04-16 12:00:00+00:00
[2026-04-16T17:01:41.301+0000] {processor.py:183} INFO - Processing /opt/airflow/dags/DagScraper.py took 0.462 seconds
[2026-04-16T17:02:11.715+0000] {processor.py:161} INFO - Started process (PID=4433) to work on /opt/airflow/dags/DagScraper.py
[2026-04-16T17:02:11.725+0000] {processor.py:830} INFO - Processing file /opt/airflow/dags/DagScraper.py for tasks to queue
[2026-04-16T17:02:11.733+0000] {logging_mixin.py:188} INFO - [2026-04-16T17:02:11.732+0000] {dagbag.py:545} INFO - Filling up the DagBag from /opt/airflow/dags/DagScraper.py
[2026-04-16T17:02:11.794+0000] {processor.py:840} INFO - DAG(s) 'dag_scraping_offres_emploi' retrieved from /opt/airflow/dags/DagScraper.py
[2026-04-16T17:02:11.993+0000] {logging_mixin.py:188} INFO - [2026-04-16T17:02:11.992+0000] {dag.py:3096} INFO - Sync 1 DAGs
[2026-04-16T17:02:12.152+0000] {logging_mixin.py:188} INFO - [2026-04-16T17:02:12.152+0000] {dag.py:3954} INFO - Setting next_dagrun for dag_scraping_offres_emploi to 2026-04-16 06:00:00+00:00, run_after=2026-04-16 12:00:00+00:00
[2026-04-16T17:02:12.354+0000] {processor.py:183} INFO - Processing /opt/airflow/dags/DagScraper.py took 0.661 seconds
[2026-04-16T17:02:42.848+0000] {processor.py:161} INFO - Started process (PID=4446) to work on /opt/airflow/dags/DagScraper.py
[2026-04-16T17:02:42.860+0000] {processor.py:830} INFO - Processing file /opt/airflow/dags/DagScraper.py for tasks to queue
[2026-04-16T17:02:42.864+0000] {logging_mixin.py:188} INFO - [2026-04-16T17:02:42.864+0000] {dagbag.py:545} INFO - Filling up the DagBag from /opt/airflow/dags/DagScraper.py
[2026-04-16T17:02:42.948+0000] {processor.py:840} INFO - DAG(s) 'dag_scraping_offres_emploi' retrieved from /opt/airflow/dags/DagScraper.py
[2026-04-16T17:02:43.058+0000] {logging_mixin.py:188} INFO - [2026-04-16T17:02:43.057+0000] {dag.py:3096} INFO - Sync 1 DAGs
[2026-04-16T17:02:43.173+0000] {logging_mixin.py:188} INFO - [2026-04-16T17:02:43.170+0000] {dag.py:3954} INFO - Setting next_dagrun for dag_scraping_offres_emploi to 2026-04-16 06:00:00+00:00, run_after=2026-04-16 12:00:00+00:00
[2026-04-16T17:02:43.219+0000] {processor.py:183} INFO - Processing /opt/airflow/dags/DagScraper.py took 0.390 seconds
[2026-04-16T17:03:13.378+0000] {processor.py:161} INFO - Started process (PID=4454) to work on /opt/airflow/dags/DagScraper.py
[2026-04-16T17:03:13.395+0000] {processor.py:830} INFO - Processing file /opt/airflow/dags/DagScraper.py for tasks to queue
[2026-04-16T17:03:13.404+0000] {logging_mixin.py:188} INFO - [2026-04-16T17:03:13.403+0000] {dagbag.py:545} INFO - Filling up the DagBag from /opt/airflow/dags/DagScraper.py
[2026-04-16T17:03:13.734+0000] {processor.py:840} INFO - DAG(s) 'dag_scraping_offres_emploi' retrieved from /opt/airflow/dags/DagScraper.py
[2026-04-16T17:03:14.040+0000] {logging_mixin.py:188} INFO - [2026-04-16T17:03:14.040+0000] {dag.py:3096} INFO - Sync 1 DAGs
[2026-04-16T17:03:14.209+0000] {logging_mixin.py:188} INFO - [2026-04-16T17:03:14.208+0000] {dag.py:3954} INFO - Setting next_dagrun for dag_scraping_offres_emploi to 2026-04-16 06:00:00+00:00, run_after=2026-04-16 12:00:00+00:00
[2026-04-16T17:03:14.430+0000] {processor.py:183} INFO - Processing /opt/airflow/dags/DagScraper.py took 1.102 seconds
[2026-04-16T17:03:45.971+0000] {processor.py:161} INFO - Started process (PID=4469) to work on /opt/airflow/dags/DagScraper.py
[2026-04-16T17:03:45.977+0000] {processor.py:830} INFO - Processing file /opt/airflow/dags/DagScraper.py for tasks to queue
[2026-04-16T17:03:45.983+0000] {logging_mixin.py:188} INFO - [2026-04-16T17:03:45.982+0000] {dagbag.py:545} INFO - Filling up the DagBag from /opt/airflow/dags/DagScraper.py
[2026-04-16T17:03:46.108+0000] {processor.py:840} INFO - DAG(s) 'dag_scraping_offres_emploi' retrieved from /opt/airflow/dags/DagScraper.py
[2026-04-16T17:03:46.241+0000] {logging_mixin.py:188} INFO - [2026-04-16T17:03:46.239+0000] {dag.py:3096} INFO - Sync 1 DAGs
[2026-04-16T17:03:46.348+0000] {logging_mixin.py:188} INFO - [2026-04-16T17:03:46.348+0000] {dag.py:3954} INFO - Setting next_dagrun for dag_scraping_offres_emploi to 2026-04-16 06:00:00+00:00, run_after=2026-04-16 12:00:00+00:00
[2026-04-16T17:03:46.394+0000] {processor.py:183} INFO - Processing /opt/airflow/dags/DagScraper.py took 0.446 seconds
[2026-04-16T17:04:16.880+0000] {processor.py:161} INFO - Started process (PID=4477) to work on /opt/airflow/dags/DagScraper.py
[2026-04-16T17:04:16.884+0000] {processor.py:830} INFO - Processing file /opt/airflow/dags/DagScraper.py for tasks to queue
[2026-04-16T17:04:16.894+0000] {logging_mixin.py:188} INFO - [2026-04-16T17:04:16.894+0000] {dagbag.py:545} INFO - Filling up the DagBag from /opt/airflow/dags/DagScraper.py
[2026-04-16T17:04:16.997+0000] {processor.py:840} INFO - DAG(s) 'dag_scraping_offres_emploi' retrieved from /opt/airflow/dags/DagScraper.py
[2026-04-16T17:04:17.108+0000] {logging_mixin.py:188} INFO - [2026-04-16T17:04:17.108+0000] {dag.py:3096} INFO - Sync 1 DAGs
[2026-04-16T17:04:17.171+0000] {logging_mixin.py:188} INFO - [2026-04-16T17:04:17.170+0000] {dag.py:3954} INFO - Setting next_dagrun for dag_scraping_offres_emploi to 2026-04-16 06:00:00+00:00, run_after=2026-04-16 12:00:00+00:00
[2026-04-16T17:04:17.236+0000] {processor.py:183} INFO - Processing /opt/airflow/dags/DagScraper.py took 0.383 seconds
[2026-04-16T17:04:47.955+0000] {processor.py:161} INFO - Started process (PID=4491) to work on /opt/airflow/dags/DagScraper.py
[2026-04-16T17:04:47.957+0000] {processor.py:830} INFO - Processing file /opt/airflow/dags/DagScraper.py for tasks to queue
[2026-04-16T17:04:47.961+0000] {logging_mixin.py:188} INFO - [2026-04-16T17:04:47.960+0000] {dagbag.py:545} INFO - Filling up the DagBag from /opt/airflow/dags/DagScraper.py
[2026-04-16T17:04:48.037+0000] {processor.py:840} INFO - DAG(s) 'dag_scraping_offres_emploi' retrieved from /opt/airflow/dags/DagScraper.py
[2026-04-16T17:04:48.182+0000] {logging_mixin.py:188} INFO - [2026-04-16T17:04:48.181+0000] {dag.py:3096} INFO - Sync 1 DAGs
[2026-04-16T17:04:48.237+0000] {logging_mixin.py:188} INFO - [2026-04-16T17:04:48.237+0000] {dag.py:3954} INFO - Setting next_dagrun for dag_scraping_offres_emploi to 2026-04-16 06:00:00+00:00, run_after=2026-04-16 12:00:00+00:00
[2026-04-16T17:04:48.281+0000] {processor.py:183} INFO - Processing /opt/airflow/dags/DagScraper.py took 0.341 seconds
[2026-04-16T17:05:18.858+0000] {processor.py:161} INFO - Started process (PID=4500) to work on /opt/airflow/dags/DagScraper.py
[2026-04-16T17:05:18.861+0000] {processor.py:830} INFO - Processing file /opt/airflow/dags/DagScraper.py for tasks to queue
[2026-04-16T17:05:18.866+0000] {logging_mixin.py:188} INFO - [2026-04-16T17:05:18.865+0000] {dagbag.py:545} INFO - Filling up the DagBag from /opt/airflow/dags/DagScraper.py
[2026-04-16T17:05:18.933+0000] {processor.py:840} INFO - DAG(s) 'dag_scraping_offres_emploi' retrieved from /opt/airflow/dags/DagScraper.py
[2026-04-16T17:05:19.176+0000] {logging_mixin.py:188} INFO - [2026-04-16T17:05:19.175+0000] {dag.py:3096} INFO - Sync 1 DAGs
[2026-04-16T17:05:19.324+0000] {logging_mixin.py:188} INFO - [2026-04-16T17:05:19.323+0000] {dag.py:3954} INFO - Setting next_dagrun for dag_scraping_offres_emploi to 2026-04-16 06:00:00+00:00, run_after=2026-04-16 12:00:00+00:00
[2026-04-16T17:05:19.385+0000] {processor.py:183} INFO - Processing /opt/airflow/dags/DagScraper.py took 0.541 seconds
[2026-04-16T17:05:49.932+0000] {processor.py:161} INFO - Started process (PID=4515) to work on /opt/airflow/dags/DagScraper.py
[2026-04-16T17:05:49.935+0000] {processor.py:830} INFO - Processing file /opt/airflow/dags/DagScraper.py for tasks to queue
[2026-04-16T17:05:49.940+0000] {logging_mixin.py:188} INFO - [2026-04-16T17:05:49.939+0000] {dagbag.py:545} INFO - Filling up the DagBag from /opt/airflow/dags/DagScraper.py
[2026-04-16T17:05:50.012+0000] {processor.py:840} INFO - DAG(s) 'dag_scraping_offres_emploi' retrieved from /opt/airflow/dags/DagScraper.py
[2026-04-16T17:05:50.085+0000] {logging_mixin.py:188} INFO - [2026-04-16T17:05:50.085+0000] {dag.py:3096} INFO - Sync 1 DAGs
[2026-04-16T17:05:50.127+0000] {logging_mixin.py:188} INFO - [2026-04-16T17:05:50.126+0000] {dag.py:3954} INFO - Setting next_dagrun for dag_scraping_offres_emploi to 2026-04-16 06:00:00+00:00, run_after=2026-04-16 12:00:00+00:00
[2026-04-16T17:05:50.188+0000] {processor.py:183} INFO - Processing /opt/airflow/dags/DagScraper.py took 0.285 seconds
[2026-04-16T17:06:20.775+0000] {processor.py:161} INFO - Started process (PID=4523) to work on /opt/airflow/dags/DagScraper.py
[2026-04-16T17:06:20.777+0000] {processor.py:830} INFO - Processing file /opt/airflow/dags/DagScraper.py for tasks to queue
[2026-04-16T17:06:20.784+0000] {logging_mixin.py:188} INFO - [2026-04-16T17:06:20.781+0000] {dagbag.py:545} INFO - Filling up the DagBag from /opt/airflow/dags/DagScraper.py
[2026-04-16T17:06:20.867+0000] {processor.py:840} INFO - DAG(s) 'dag_scraping_offres_emploi' retrieved from /opt/airflow/dags/DagScraper.py
[2026-04-16T17:06:20.988+0000] {logging_mixin.py:188} INFO - [2026-04-16T17:06:20.988+0000] {dag.py:3096} INFO - Sync 1 DAGs
[2026-04-16T17:06:21.052+0000] {logging_mixin.py:188} INFO - [2026-04-16T17:06:21.052+0000] {dag.py:3954} INFO - Setting next_dagrun for dag_scraping_offres_emploi to 2026-04-16 06:00:00+00:00, run_after=2026-04-16 12:00:00+00:00
[2026-04-16T17:06:21.090+0000] {processor.py:183} INFO - Processing /opt/airflow/dags/DagScraper.py took 0.328 seconds
[2026-04-16T17:06:51.698+0000] {processor.py:161} INFO - Started process (PID=4536) to work on /opt/airflow/dags/DagScraper.py
[2026-04-16T17:06:51.700+0000] {processor.py:830} INFO - Processing file /opt/airflow/dags/DagScraper.py for tasks to queue
[2026-04-16T17:06:51.705+0000] {logging_mixin.py:188} INFO - [2026-04-16T17:06:51.704+0000] {dagbag.py:545} INFO - Filling up the DagBag from /opt/airflow/dags/DagScraper.py
[2026-04-16T17:06:51.751+0000] {processor.py:840} INFO - DAG(s) 'dag_scraping_offres_emploi' retrieved from /opt/airflow/dags/DagScraper.py
[2026-04-16T17:06:51.836+0000] {logging_mixin.py:188} INFO - [2026-04-16T17:06:51.836+0000] {dag.py:3096} INFO - Sync 1 DAGs
[2026-04-16T17:06:51.889+0000] {logging_mixin.py:188} INFO - [2026-04-16T17:06:51.888+0000] {dag.py:3954} INFO - Setting next_dagrun for dag_scraping_offres_emploi to 2026-04-16 06:00:00+00:00, run_after=2026-04-16 12:00:00+00:00
[2026-04-16T17:06:51.955+0000] {processor.py:183} INFO - Processing /opt/airflow/dags/DagScraper.py took 0.274 seconds
[2026-04-16T17:07:22.330+0000] {processor.py:161} INFO - Started process (PID=4545) to work on /opt/airflow/dags/DagScraper.py
[2026-04-16T17:07:22.333+0000] {processor.py:830} INFO - Processing file /opt/airflow/dags/DagScraper.py for tasks to queue
[2026-04-16T17:07:22.351+0000] {logging_mixin.py:188} INFO - [2026-04-16T17:07:22.350+0000] {dagbag.py:545} INFO - Filling up the DagBag from /opt/airflow/dags/DagScraper.py
[2026-04-16T17:07:22.485+0000] {processor.py:840} INFO - DAG(s) 'dag_scraping_offres_emploi' retrieved from /opt/airflow/dags/DagScraper.py
[2026-04-16T17:07:22.598+0000] {logging_mixin.py:188} INFO - [2026-04-16T17:07:22.598+0000] {dag.py:3096} INFO - Sync 1 DAGs
[2026-04-16T17:07:22.660+0000] {logging_mixin.py:188} INFO - [2026-04-16T17:07:22.659+0000] {dag.py:3954} INFO - Setting next_dagrun for dag_scraping_offres_emploi to 2026-04-16 06:00:00+00:00, run_after=2026-04-16 12:00:00+00:00
[2026-04-16T17:07:22.749+0000] {processor.py:183} INFO - Processing /opt/airflow/dags/DagScraper.py took 0.467 seconds
[2026-04-16T17:07:53.557+0000] {processor.py:161} INFO - Started process (PID=4559) to work on /opt/airflow/dags/DagScraper.py
[2026-04-16T17:07:53.564+0000] {processor.py:830} INFO - Processing file /opt/airflow/dags/DagScraper.py for tasks to queue
[2026-04-16T17:07:53.572+0000] {logging_mixin.py:188} INFO - [2026-04-16T17:07:53.571+0000] {dagbag.py:545} INFO - Filling up the DagBag from /opt/airflow/dags/DagScraper.py
[2026-04-16T17:07:53.678+0000] {processor.py:840} INFO - DAG(s) 'dag_scraping_offres_emploi' retrieved from /opt/airflow/dags/DagScraper.py
[2026-04-16T17:07:53.843+0000] {logging_mixin.py:188} INFO - [2026-04-16T17:07:53.843+0000] {dag.py:3096} INFO - Sync 1 DAGs
[2026-04-16T17:07:54.021+0000] {logging_mixin.py:188} INFO - [2026-04-16T17:07:54.020+0000] {dag.py:3954} INFO - Setting next_dagrun for dag_scraping_offres_emploi to 2026-04-16 06:00:00+00:00, run_after=2026-04-16 12:00:00+00:00
[2026-04-16T17:07:54.166+0000] {processor.py:183} INFO - Processing /opt/airflow/dags/DagScraper.py took 0.633 seconds
[2026-04-16T17:08:24.927+0000] {processor.py:161} INFO - Started process (PID=4567) to work on /opt/airflow/dags/DagScraper.py
[2026-04-16T17:08:24.930+0000] {processor.py:830} INFO - Processing file /opt/airflow/dags/DagScraper.py for tasks to queue
[2026-04-16T17:08:24.935+0000] {logging_mixin.py:188} INFO - [2026-04-16T17:08:24.935+0000] {dagbag.py:545} INFO - Filling up the DagBag from /opt/airflow/dags/DagScraper.py
[2026-04-16T17:08:25.043+0000] {processor.py:840} INFO - DAG(s) 'dag_scraping_offres_emploi' retrieved from /opt/airflow/dags/DagScraper.py
[2026-04-16T17:08:25.305+0000] {logging_mixin.py:188} INFO - [2026-04-16T17:08:25.303+0000] {dag.py:3096} INFO - Sync 1 DAGs
[2026-04-16T17:08:25.489+0000] {logging_mixin.py:188} INFO - [2026-04-16T17:08:25.489+0000] {dag.py:3954} INFO - Setting next_dagrun for dag_scraping_offres_emploi to 2026-04-16 06:00:00+00:00, run_after=2026-04-16 12:00:00+00:00
[2026-04-16T17:08:25.646+0000] {processor.py:183} INFO - Processing /opt/airflow/dags/DagScraper.py took 0.756 seconds
[2026-04-16T17:08:55.798+0000] {processor.py:161} INFO - Started process (PID=4579) to work on /opt/airflow/dags/DagScraper.py
[2026-04-16T17:08:55.800+0000] {processor.py:830} INFO - Processing file /opt/airflow/dags/DagScraper.py for tasks to queue
[2026-04-16T17:08:55.804+0000] {logging_mixin.py:188} INFO - [2026-04-16T17:08:55.803+0000] {dagbag.py:545} INFO - Filling up the DagBag from /opt/airflow/dags/DagScraper.py
[2026-04-16T17:08:55.884+0000] {processor.py:840} INFO - DAG(s) 'dag_scraping_offres_emploi' retrieved from /opt/airflow/dags/DagScraper.py
[2026-04-16T17:08:56.024+0000] {logging_mixin.py:188} INFO - [2026-04-16T17:08:56.024+0000] {dag.py:3096} INFO - Sync 1 DAGs
[2026-04-16T17:08:56.091+0000] {logging_mixin.py:188} INFO - [2026-04-16T17:08:56.091+0000] {dag.py:3954} INFO - Setting next_dagrun for dag_scraping_offres_emploi to 2026-04-16 06:00:00+00:00, run_after=2026-04-16 12:00:00+00:00
[2026-04-16T17:08:56.156+0000] {processor.py:183} INFO - Processing /opt/airflow/dags/DagScraper.py took 0.376 seconds
[2026-04-16T17:09:27.169+0000] {processor.py:161} INFO - Started process (PID=4593) to work on /opt/airflow/dags/DagScraper.py
[2026-04-16T17:09:27.176+0000] {processor.py:830} INFO - Processing file /opt/airflow/dags/DagScraper.py for tasks to queue
[2026-04-16T17:09:27.181+0000] {logging_mixin.py:188} INFO - [2026-04-16T17:09:27.180+0000] {dagbag.py:545} INFO - Filling up the DagBag from /opt/airflow/dags/DagScraper.py
[2026-04-16T17:09:27.265+0000] {processor.py:840} INFO - DAG(s) 'dag_scraping_offres_emploi' retrieved from /opt/airflow/dags/DagScraper.py
[2026-04-16T17:09:27.579+0000] {logging_mixin.py:188} INFO - [2026-04-16T17:09:27.579+0000] {dag.py:3096} INFO - Sync 1 DAGs
[2026-04-16T17:09:27.740+0000] {logging_mixin.py:188} INFO - [2026-04-16T17:09:27.727+0000] {dag.py:3954} INFO - Setting next_dagrun for dag_scraping_offres_emploi to 2026-04-16 06:00:00+00:00, run_after=2026-04-16 12:00:00+00:00
[2026-04-16T17:09:27.996+0000] {processor.py:183} INFO - Processing /opt/airflow/dags/DagScraper.py took 0.842 seconds
[2026-04-16T17:09:58.659+0000] {processor.py:161} INFO - Started process (PID=4601) to work on /opt/airflow/dags/DagScraper.py
[2026-04-16T17:09:58.662+0000] {processor.py:830} INFO - Processing file /opt/airflow/dags/DagScraper.py for tasks to queue
[2026-04-16T17:09:58.668+0000] {logging_mixin.py:188} INFO - [2026-04-16T17:09:58.667+0000] {dagbag.py:545} INFO - Filling up the DagBag from /opt/airflow/dags/DagScraper.py
[2026-04-16T17:09:58.849+0000] {processor.py:840} INFO - DAG(s) 'dag_scraping_offres_emploi' retrieved from /opt/airflow/dags/DagScraper.py
[2026-04-16T17:09:59.024+0000] {logging_mixin.py:188} INFO - [2026-04-16T17:09:59.024+0000] {dag.py:3096} INFO - Sync 1 DAGs
[2026-04-16T17:09:59.110+0000] {logging_mixin.py:188} INFO - [2026-04-16T17:09:59.109+0000] {dag.py:3954} INFO - Setting next_dagrun for dag_scraping_offres_emploi to 2026-04-16 06:00:00+00:00, run_after=2026-04-16 12:00:00+00:00
[2026-04-16T17:09:59.216+0000] {processor.py:183} INFO - Processing /opt/airflow/dags/DagScraper.py took 0.574 seconds
[2026-04-16T17:10:29.974+0000] {processor.py:161} INFO - Started process (PID=4616) to work on /opt/airflow/dags/DagScraper.py
[2026-04-16T17:10:29.982+0000] {processor.py:830} INFO - Processing file /opt/airflow/dags/DagScraper.py for tasks to queue
[2026-04-16T17:10:30.009+0000] {logging_mixin.py:188} INFO - [2026-04-16T17:10:30.008+0000] {dagbag.py:545} INFO - Filling up the DagBag from /opt/airflow/dags/DagScraper.py
[2026-04-16T17:10:30.232+0000] {processor.py:840} INFO - DAG(s) 'dag_scraping_offres_emploi' retrieved from /opt/airflow/dags/DagScraper.py
[2026-04-16T17:10:30.427+0000] {logging_mixin.py:188} INFO - [2026-04-16T17:10:30.426+0000] {dag.py:3096} INFO - Sync 1 DAGs
[2026-04-16T17:10:30.627+0000] {logging_mixin.py:188} INFO - [2026-04-16T17:10:30.626+0000] {dag.py:3954} INFO - Setting next_dagrun for dag_scraping_offres_emploi to 2026-04-16 06:00:00+00:00, run_after=2026-04-16 12:00:00+00:00
[2026-04-16T17:10:30.903+0000] {processor.py:183} INFO - Processing /opt/airflow/dags/DagScraper.py took 0.979 seconds
[2026-04-16T17:11:01.600+0000] {processor.py:161} INFO - Started process (PID=4624) to work on /opt/airflow/dags/DagScraper.py
[2026-04-16T17:11:01.602+0000] {processor.py:830} INFO - Processing file /opt/airflow/dags/DagScraper.py for tasks to queue
[2026-04-16T17:11:01.606+0000] {logging_mixin.py:188} INFO - [2026-04-16T17:11:01.605+0000] {dagbag.py:545} INFO - Filling up the DagBag from /opt/airflow/dags/DagScraper.py
[2026-04-16T17:11:01.747+0000] {processor.py:840} INFO - DAG(s) 'dag_scraping_offres_emploi' retrieved from /opt/airflow/dags/DagScraper.py
[2026-04-16T17:11:01.940+0000] {logging_mixin.py:188} INFO - [2026-04-16T17:11:01.940+0000] {dag.py:3096} INFO - Sync 1 DAGs
[2026-04-16T17:11:01.995+0000] {logging_mixin.py:188} INFO - [2026-04-16T17:11:01.994+0000] {dag.py:3954} INFO - Setting next_dagrun for dag_scraping_offres_emploi to 2026-04-16 06:00:00+00:00, run_after=2026-04-16 12:00:00+00:00
[2026-04-16T17:11:02.045+0000] {processor.py:183} INFO - Processing /opt/airflow/dags/DagScraper.py took 0.460 seconds
[2026-04-16T17:11:32.460+0000] {processor.py:161} INFO - Started process (PID=4638) to work on /opt/airflow/dags/DagScraper.py
[2026-04-16T17:11:32.462+0000] {processor.py:830} INFO - Processing file /opt/airflow/dags/DagScraper.py for tasks to queue
[2026-04-16T17:11:32.465+0000] {logging_mixin.py:188} INFO - [2026-04-16T17:11:32.465+0000] {dagbag.py:545} INFO - Filling up the DagBag from /opt/airflow/dags/DagScraper.py
[2026-04-16T17:11:32.542+0000] {processor.py:840} INFO - DAG(s) 'dag_scraping_offres_emploi' retrieved from /opt/airflow/dags/DagScraper.py
[2026-04-16T17:11:32.667+0000] {logging_mixin.py:188} INFO - [2026-04-16T17:11:32.667+0000] {dag.py:3096} INFO - Sync 1 DAGs
[2026-04-16T17:11:32.793+0000] {logging_mixin.py:188} INFO - [2026-04-16T17:11:32.792+0000] {dag.py:3954} INFO - Setting next_dagrun for dag_scraping_offres_emploi to 2026-04-16 06:00:00+00:00, run_after=2026-04-16 12:00:00+00:00
[2026-04-16T17:11:32.837+0000] {processor.py:183} INFO - Processing /opt/airflow/dags/DagScraper.py took 0.392 seconds
[2026-04-16T17:12:04.122+0000] {processor.py:161} INFO - Started process (PID=4646) to work on /opt/airflow/dags/DagScraper.py
[2026-04-16T17:12:04.135+0000] {processor.py:830} INFO - Processing file /opt/airflow/dags/DagScraper.py for tasks to queue
[2026-04-16T17:12:04.143+0000] {logging_mixin.py:188} INFO - [2026-04-16T17:12:04.142+0000] {dagbag.py:545} INFO - Filling up the DagBag from /opt/airflow/dags/DagScraper.py
[2026-04-16T17:12:04.282+0000] {processor.py:840} INFO - DAG(s) 'dag_scraping_offres_emploi' retrieved from /opt/airflow/dags/DagScraper.py
[2026-04-16T17:12:04.445+0000] {logging_mixin.py:188} INFO - [2026-04-16T17:12:04.445+0000] {dag.py:3096} INFO - Sync 1 DAGs
[2026-04-16T17:12:04.513+0000] {logging_mixin.py:188} INFO - [2026-04-16T17:12:04.513+0000] {dag.py:3954} INFO - Setting next_dagrun for dag_scraping_offres_emploi to 2026-04-16 06:00:00+00:00, run_after=2026-04-16 12:00:00+00:00
[2026-04-16T17:12:04.565+0000] {processor.py:183} INFO - Processing /opt/airflow/dags/DagScraper.py took 0.465 seconds
[2026-04-16T17:12:35.280+0000] {processor.py:161} INFO - Started process (PID=4660) to work on /opt/airflow/dags/DagScraper.py
[2026-04-16T17:12:35.283+0000] {processor.py:830} INFO - Processing file /opt/airflow/dags/DagScraper.py for tasks to queue
[2026-04-16T17:12:35.288+0000] {logging_mixin.py:188} INFO - [2026-04-16T17:12:35.287+0000] {dagbag.py:545} INFO - Filling up the DagBag from /opt/airflow/dags/DagScraper.py
[2026-04-16T17:12:35.345+0000] {processor.py:840} INFO - DAG(s) 'dag_scraping_offres_emploi' retrieved from /opt/airflow/dags/DagScraper.py
[2026-04-16T17:12:35.492+0000] {logging_mixin.py:188} INFO - [2026-04-16T17:12:35.491+0000] {dag.py:3096} INFO - Sync 1 DAGs
[2026-04-16T17:12:35.568+0000] {logging_mixin.py:188} INFO - [2026-04-16T17:12:35.568+0000] {dag.py:3954} INFO - Setting next_dagrun for dag_scraping_offres_emploi to 2026-04-16 06:00:00+00:00, run_after=2026-04-16 12:00:00+00:00
[2026-04-16T17:12:35.614+0000] {processor.py:183} INFO - Processing /opt/airflow/dags/DagScraper.py took 0.352 seconds
[2026-04-16T17:13:05.725+0000] {processor.py:161} INFO - Started process (PID=4669) to work on /opt/airflow/dags/DagScraper.py
[2026-04-16T17:13:05.728+0000] {processor.py:830} INFO - Processing file /opt/airflow/dags/DagScraper.py for tasks to queue
[2026-04-16T17:13:05.737+0000] {logging_mixin.py:188} INFO - [2026-04-16T17:13:05.736+0000] {dagbag.py:545} INFO - Filling up the DagBag from /opt/airflow/dags/DagScraper.py
[2026-04-16T17:13:05.816+0000] {processor.py:840} INFO - DAG(s) 'dag_scraping_offres_emploi' retrieved from /opt/airflow/dags/DagScraper.py
[2026-04-16T17:13:05.963+0000] {logging_mixin.py:188} INFO - [2026-04-16T17:13:05.962+0000] {dag.py:3096} INFO - Sync 1 DAGs
[2026-04-16T17:13:06.083+0000] {logging_mixin.py:188} INFO - [2026-04-16T17:13:06.082+0000] {dag.py:3954} INFO - Setting next_dagrun for dag_scraping_offres_emploi to 2026-04-16 06:00:00+00:00, run_after=2026-04-16 12:00:00+00:00
[2026-04-16T17:13:06.159+0000] {processor.py:183} INFO - Processing /opt/airflow/dags/DagScraper.py took 0.459 seconds
[2026-04-16T17:13:36.327+0000] {processor.py:161} INFO - Started process (PID=4683) to work on /opt/airflow/dags/DagScraper.py
[2026-04-16T17:13:36.330+0000] {processor.py:830} INFO - Processing file /opt/airflow/dags/DagScraper.py for tasks to queue
[2026-04-16T17:13:36.343+0000] {logging_mixin.py:188} INFO - [2026-04-16T17:13:36.342+0000] {dagbag.py:545} INFO - Filling up the DagBag from /opt/airflow/dags/DagScraper.py
[2026-04-16T17:13:36.439+0000] {processor.py:840} INFO - DAG(s) 'dag_scraping_offres_emploi' retrieved from /opt/airflow/dags/DagScraper.py
[2026-04-16T17:13:36.579+0000] {logging_mixin.py:188} INFO - [2026-04-16T17:13:36.578+0000] {dag.py:3096} INFO - Sync 1 DAGs
[2026-04-16T17:13:36.674+0000] {logging_mixin.py:188} INFO - [2026-04-16T17:13:36.673+0000] {dag.py:3954} INFO - Setting next_dagrun for dag_scraping_offres_emploi to 2026-04-16 06:00:00+00:00, run_after=2026-04-16 12:00:00+00:00
[2026-04-16T17:13:36.805+0000] {processor.py:183} INFO - Processing /opt/airflow/dags/DagScraper.py took 0.499 seconds
[2026-04-16T17:14:07.253+0000] {processor.py:161} INFO - Started process (PID=4691) to work on /opt/airflow/dags/DagScraper.py
[2026-04-16T17:14:07.255+0000] {processor.py:830} INFO - Processing file /opt/airflow/dags/DagScraper.py for tasks to queue
[2026-04-16T17:14:07.257+0000] {logging_mixin.py:188} INFO - [2026-04-16T17:14:07.257+0000] {dagbag.py:545} INFO - Filling up the DagBag from /opt/airflow/dags/DagScraper.py
[2026-04-16T17:14:07.326+0000] {processor.py:840} INFO - DAG(s) 'dag_scraping_offres_emploi' retrieved from /opt/airflow/dags/DagScraper.py
[2026-04-16T17:14:07.548+0000] {logging_mixin.py:188} INFO - [2026-04-16T17:14:07.548+0000] {dag.py:3096} INFO - Sync 1 DAGs
[2026-04-16T17:14:07.626+0000] {logging_mixin.py:188} INFO - [2026-04-16T17:14:07.626+0000] {dag.py:3954} INFO - Setting next_dagrun for dag_scraping_offres_emploi to 2026-04-16 06:00:00+00:00, run_after=2026-04-16 12:00:00+00:00
[2026-04-16T17:14:07.685+0000] {processor.py:183} INFO - Processing /opt/airflow/dags/DagScraper.py took 0.447 seconds
[2026-04-16T17:14:38.375+0000] {processor.py:161} INFO - Started process (PID=4705) to work on /opt/airflow/dags/DagScraper.py
[2026-04-16T17:14:38.378+0000] {processor.py:830} INFO - Processing file /opt/airflow/dags/DagScraper.py for tasks to queue
[2026-04-16T17:14:38.385+0000] {logging_mixin.py:188} INFO - [2026-04-16T17:14:38.384+0000] {dagbag.py:545} INFO - Filling up the DagBag from /opt/airflow/dags/DagScraper.py
[2026-04-16T17:14:38.470+0000] {processor.py:840} INFO - DAG(s) 'dag_scraping_offres_emploi' retrieved from /opt/airflow/dags/DagScraper.py
[2026-04-16T17:14:38.563+0000] {logging_mixin.py:188} INFO - [2026-04-16T17:14:38.563+0000] {dag.py:3096} INFO - Sync 1 DAGs
[2026-04-16T17:14:38.617+0000] {logging_mixin.py:188} INFO - [2026-04-16T17:14:38.617+0000] {dag.py:3954} INFO - Setting next_dagrun for dag_scraping_offres_emploi to 2026-04-16 06:00:00+00:00, run_after=2026-04-16 12:00:00+00:00
[2026-04-16T17:14:38.671+0000] {processor.py:183} INFO - Processing /opt/airflow/dags/DagScraper.py took 0.326 seconds
[2026-04-16T17:15:08.858+0000] {processor.py:161} INFO - Started process (PID=4713) to work on /opt/airflow/dags/DagScraper.py
[2026-04-16T17:15:08.866+0000] {processor.py:830} INFO - Processing file /opt/airflow/dags/DagScraper.py for tasks to queue
[2026-04-16T17:15:08.891+0000] {logging_mixin.py:188} INFO - [2026-04-16T17:15:08.888+0000] {dagbag.py:545} INFO - Filling up the DagBag from /opt/airflow/dags/DagScraper.py
[2026-04-16T17:15:08.972+0000] {processor.py:840} INFO - DAG(s) 'dag_scraping_offres_emploi' retrieved from /opt/airflow/dags/DagScraper.py
[2026-04-16T17:15:09.118+0000] {logging_mixin.py:188} INFO - [2026-04-16T17:15:09.118+0000] {dag.py:3096} INFO - Sync 1 DAGs
[2026-04-16T17:15:09.236+0000] {logging_mixin.py:188} INFO - [2026-04-16T17:15:09.235+0000] {dag.py:3954} INFO - Setting next_dagrun for dag_scraping_offres_emploi to 2026-04-16 06:00:00+00:00, run_after=2026-04-16 12:00:00+00:00
[2026-04-16T17:15:09.331+0000] {processor.py:183} INFO - Processing /opt/airflow/dags/DagScraper.py took 0.507 seconds
[2026-04-16T17:15:41.260+0000] {processor.py:161} INFO - Started process (PID=4727) to work on /opt/airflow/dags/DagScraper.py
[2026-04-16T17:15:41.266+0000] {processor.py:830} INFO - Processing file /opt/airflow/dags/DagScraper.py for tasks to queue
[2026-04-16T17:15:41.279+0000] {logging_mixin.py:188} INFO - [2026-04-16T17:15:41.278+0000] {dagbag.py:545} INFO - Filling up the DagBag from /opt/airflow/dags/DagScraper.py
[2026-04-16T17:15:41.417+0000] {processor.py:840} INFO - DAG(s) 'dag_scraping_offres_emploi' retrieved from /opt/airflow/dags/DagScraper.py
[2026-04-16T17:15:41.777+0000] {logging_mixin.py:188} INFO - [2026-04-16T17:15:41.764+0000] {dag.py:3096} INFO - Sync 1 DAGs
[2026-04-16T17:15:41.975+0000] {logging_mixin.py:188} INFO - [2026-04-16T17:15:41.974+0000] {dag.py:3954} INFO - Setting next_dagrun for dag_scraping_offres_emploi to 2026-04-16 06:00:00+00:00, run_after=2026-04-16 12:00:00+00:00
[2026-04-16T17:15:42.153+0000] {processor.py:183} INFO - Processing /opt/airflow/dags/DagScraper.py took 0.973 seconds
[2026-04-16T17:16:12.507+0000] {processor.py:161} INFO - Started process (PID=4740) to work on /opt/airflow/dags/DagScraper.py
[2026-04-16T17:16:12.510+0000] {processor.py:830} INFO - Processing file /opt/airflow/dags/DagScraper.py for tasks to queue
[2026-04-16T17:16:12.541+0000] {logging_mixin.py:188} INFO - [2026-04-16T17:16:12.540+0000] {dagbag.py:545} INFO - Filling up the DagBag from /opt/airflow/dags/DagScraper.py
[2026-04-16T17:16:12.629+0000] {processor.py:840} INFO - DAG(s) 'dag_scraping_offres_emploi' retrieved from /opt/airflow/dags/DagScraper.py
[2026-04-16T17:16:12.733+0000] {logging_mixin.py:188} INFO - [2026-04-16T17:16:12.733+0000] {dag.py:3096} INFO - Sync 1 DAGs
[2026-04-16T17:16:12.836+0000] {logging_mixin.py:188} INFO - [2026-04-16T17:16:12.836+0000] {dag.py:3954} INFO - Setting next_dagrun for dag_scraping_offres_emploi to 2026-04-16 06:00:00+00:00, run_after=2026-04-16 12:00:00+00:00
[2026-04-16T17:16:12.922+0000] {processor.py:183} INFO - Processing /opt/airflow/dags/DagScraper.py took 0.441 seconds
[2026-04-16T17:16:43.860+0000] {processor.py:161} INFO - Started process (PID=4748) to work on /opt/airflow/dags/DagScraper.py
[2026-04-16T17:16:43.862+0000] {processor.py:830} INFO - Processing file /opt/airflow/dags/DagScraper.py for tasks to queue
[2026-04-16T17:16:43.868+0000] {logging_mixin.py:188} INFO - [2026-04-16T17:16:43.866+0000] {dagbag.py:545} INFO - Filling up the DagBag from /opt/airflow/dags/DagScraper.py
[2026-04-16T17:16:43.955+0000] {processor.py:840} INFO - DAG(s) 'dag_scraping_offres_emploi' retrieved from /opt/airflow/dags/DagScraper.py
[2026-04-16T17:16:44.139+0000] {logging_mixin.py:188} INFO - [2026-04-16T17:16:44.138+0000] {dag.py:3096} INFO - Sync 1 DAGs
[2026-04-16T17:16:44.242+0000] {logging_mixin.py:188} INFO - [2026-04-16T17:16:44.242+0000] {dag.py:3954} INFO - Setting next_dagrun for dag_scraping_offres_emploi to 2026-04-16 06:00:00+00:00, run_after=2026-04-16 12:00:00+00:00
[2026-04-16T17:16:44.356+0000] {processor.py:183} INFO - Processing /opt/airflow/dags/DagScraper.py took 0.514 seconds
[2026-04-16T17:17:15.731+0000] {processor.py:161} INFO - Started process (PID=4762) to work on /opt/airflow/dags/DagScraper.py
[2026-04-16T17:17:15.747+0000] {processor.py:830} INFO - Processing file /opt/airflow/dags/DagScraper.py for tasks to queue
[2026-04-16T17:17:15.759+0000] {logging_mixin.py:188} INFO - [2026-04-16T17:17:15.759+0000] {dagbag.py:545} INFO - Filling up the DagBag from /opt/airflow/dags/DagScraper.py
[2026-04-16T17:17:15.954+0000] {processor.py:840} INFO - DAG(s) 'dag_scraping_offres_emploi' retrieved from /opt/airflow/dags/DagScraper.py
[2026-04-16T17:17:16.227+0000] {logging_mixin.py:188} INFO - [2026-04-16T17:17:16.226+0000] {dag.py:3096} INFO - Sync 1 DAGs
[2026-04-16T17:17:16.491+0000] {logging_mixin.py:188} INFO - [2026-04-16T17:17:16.491+0000] {dag.py:3954} INFO - Setting next_dagrun for dag_scraping_offres_emploi to 2026-04-16 06:00:00+00:00, run_after=2026-04-16 12:00:00+00:00
[2026-04-16T17:17:17.008+0000] {processor.py:183} INFO - Processing /opt/airflow/dags/DagScraper.py took 1.337 seconds
[2026-04-16T17:17:47.540+0000] {processor.py:161} INFO - Started process (PID=4770) to work on /opt/airflow/dags/DagScraper.py
[2026-04-16T17:17:47.543+0000] {processor.py:830} INFO - Processing file /opt/airflow/dags/DagScraper.py for tasks to queue
[2026-04-16T17:17:47.547+0000] {logging_mixin.py:188} INFO - [2026-04-16T17:17:47.546+0000] {dagbag.py:545} INFO - Filling up the DagBag from /opt/airflow/dags/DagScraper.py
[2026-04-16T17:17:47.594+0000] {processor.py:840} INFO - DAG(s) 'dag_scraping_offres_emploi' retrieved from /opt/airflow/dags/DagScraper.py
[2026-04-16T17:17:47.707+0000] {logging_mixin.py:188} INFO - [2026-04-16T17:17:47.707+0000] {dag.py:3096} INFO - Sync 1 DAGs
[2026-04-16T17:17:47.834+0000] {logging_mixin.py:188} INFO - [2026-04-16T17:17:47.834+0000] {dag.py:3954} INFO - Setting next_dagrun for dag_scraping_offres_emploi to 2026-04-16 06:00:00+00:00, run_after=2026-04-16 12:00:00+00:00
[2026-04-16T17:17:47.911+0000] {processor.py:183} INFO - Processing /opt/airflow/dags/DagScraper.py took 0.389 seconds
[2026-04-16T17:18:18.463+0000] {processor.py:161} INFO - Started process (PID=4784) to work on /opt/airflow/dags/DagScraper.py
[2026-04-16T17:18:18.465+0000] {processor.py:830} INFO - Processing file /opt/airflow/dags/DagScraper.py for tasks to queue
[2026-04-16T17:18:18.473+0000] {logging_mixin.py:188} INFO - [2026-04-16T17:18:18.472+0000] {dagbag.py:545} INFO - Filling up the DagBag from /opt/airflow/dags/DagScraper.py
[2026-04-16T17:18:18.541+0000] {processor.py:840} INFO - DAG(s) 'dag_scraping_offres_emploi' retrieved from /opt/airflow/dags/DagScraper.py
[2026-04-16T17:18:18.597+0000] {logging_mixin.py:188} INFO - [2026-04-16T17:18:18.597+0000] {dag.py:3096} INFO - Sync 1 DAGs
[2026-04-16T17:18:18.635+0000] {logging_mixin.py:188} INFO - [2026-04-16T17:18:18.635+0000] {dag.py:3954} INFO - Setting next_dagrun for dag_scraping_offres_emploi to 2026-04-16 06:00:00+00:00, run_after=2026-04-16 12:00:00+00:00
[2026-04-16T17:18:18.696+0000] {processor.py:183} INFO - Processing /opt/airflow/dags/DagScraper.py took 0.257 seconds
[2026-04-16T17:18:49.561+0000] {processor.py:161} INFO - Started process (PID=4792) to work on /opt/airflow/dags/DagScraper.py
[2026-04-16T17:18:49.564+0000] {processor.py:830} INFO - Processing file /opt/airflow/dags/DagScraper.py for tasks to queue
[2026-04-16T17:18:49.568+0000] {logging_mixin.py:188} INFO - [2026-04-16T17:18:49.567+0000] {dagbag.py:545} INFO - Filling up the DagBag from /opt/airflow/dags/DagScraper.py
[2026-04-16T17:18:49.622+0000] {processor.py:840} INFO - DAG(s) 'dag_scraping_offres_emploi' retrieved from /opt/airflow/dags/DagScraper.py
[2026-04-16T17:18:49.722+0000] {logging_mixin.py:188} INFO - [2026-04-16T17:18:49.722+0000] {dag.py:3096} INFO - Sync 1 DAGs
[2026-04-16T17:18:49.798+0000] {logging_mixin.py:188} INFO - [2026-04-16T17:18:49.797+0000] {dag.py:3954} INFO - Setting next_dagrun for dag_scraping_offres_emploi to 2026-04-16 06:00:00+00:00, run_after=2026-04-16 12:00:00+00:00
[2026-04-16T17:18:49.958+0000] {processor.py:183} INFO - Processing /opt/airflow/dags/DagScraper.py took 0.423 seconds
[2026-04-16T17:19:20.287+0000] {processor.py:161} INFO - Started process (PID=4806) to work on /opt/airflow/dags/DagScraper.py
[2026-04-16T17:19:20.300+0000] {processor.py:830} INFO - Processing file /opt/airflow/dags/DagScraper.py for tasks to queue
[2026-04-16T17:19:20.321+0000] {logging_mixin.py:188} INFO - [2026-04-16T17:19:20.320+0000] {dagbag.py:545} INFO - Filling up the DagBag from /opt/airflow/dags/DagScraper.py
[2026-04-16T17:19:20.458+0000] {processor.py:840} INFO - DAG(s) 'dag_scraping_offres_emploi' retrieved from /opt/airflow/dags/DagScraper.py
[2026-04-16T17:19:20.616+0000] {logging_mixin.py:188} INFO - [2026-04-16T17:19:20.615+0000] {dag.py:3096} INFO - Sync 1 DAGs
[2026-04-16T17:19:20.867+0000] {logging_mixin.py:188} INFO - [2026-04-16T17:19:20.866+0000] {dag.py:3954} INFO - Setting next_dagrun for dag_scraping_offres_emploi to 2026-04-16 06:00:00+00:00, run_after=2026-04-16 12:00:00+00:00
[2026-04-16T17:19:21.765+0000] {processor.py:183} INFO - Processing /opt/airflow/dags/DagScraper.py took 1.527 seconds
[2026-04-16T17:19:52.294+0000] {processor.py:161} INFO - Started process (PID=4815) to work on /opt/airflow/dags/DagScraper.py
[2026-04-16T17:19:52.295+0000] {processor.py:830} INFO - Processing file /opt/airflow/dags/DagScraper.py for tasks to queue
[2026-04-16T17:19:52.299+0000] {logging_mixin.py:188} INFO - [2026-04-16T17:19:52.298+0000] {dagbag.py:545} INFO - Filling up the DagBag from /opt/airflow/dags/DagScraper.py
[2026-04-16T17:19:52.336+0000] {processor.py:840} INFO - DAG(s) 'dag_scraping_offres_emploi' retrieved from /opt/airflow/dags/DagScraper.py
[2026-04-16T17:19:52.440+0000] {logging_mixin.py:188} INFO - [2026-04-16T17:19:52.439+0000] {dag.py:3096} INFO - Sync 1 DAGs
[2026-04-16T17:19:52.520+0000] {logging_mixin.py:188} INFO - [2026-04-16T17:19:52.519+0000] {dag.py:3954} INFO - Setting next_dagrun for dag_scraping_offres_emploi to 2026-04-16 06:00:00+00:00, run_after=2026-04-16 12:00:00+00:00
[2026-04-16T17:19:52.567+0000] {processor.py:183} INFO - Processing /opt/airflow/dags/DagScraper.py took 0.284 seconds
[2026-04-16T17:20:22.809+0000] {processor.py:161} INFO - Started process (PID=4829) to work on /opt/airflow/dags/DagScraper.py
[2026-04-16T17:20:22.811+0000] {processor.py:830} INFO - Processing file /opt/airflow/dags/DagScraper.py for tasks to queue
[2026-04-16T17:20:22.820+0000] {logging_mixin.py:188} INFO - [2026-04-16T17:20:22.818+0000] {dagbag.py:545} INFO - Filling up the DagBag from /opt/airflow/dags/DagScraper.py
[2026-04-16T17:20:22.868+0000] {processor.py:840} INFO - DAG(s) 'dag_scraping_offres_emploi' retrieved from /opt/airflow/dags/DagScraper.py
[2026-04-16T17:20:22.942+0000] {logging_mixin.py:188} INFO - [2026-04-16T17:20:22.941+0000] {dag.py:3096} INFO - Sync 1 DAGs
[2026-04-16T17:20:23.008+0000] {logging_mixin.py:188} INFO - [2026-04-16T17:20:23.007+0000] {dag.py:3954} INFO - Setting next_dagrun for dag_scraping_offres_emploi to 2026-04-16 06:00:00+00:00, run_after=2026-04-16 12:00:00+00:00
[2026-04-16T17:20:23.083+0000] {processor.py:183} INFO - Processing /opt/airflow/dags/DagScraper.py took 0.297 seconds
[2026-04-16T17:20:53.588+0000] {processor.py:161} INFO - Started process (PID=4844) to work on /opt/airflow/dags/DagScraper.py
[2026-04-16T17:20:53.593+0000] {processor.py:830} INFO - Processing file /opt/airflow/dags/DagScraper.py for tasks to queue
[2026-04-16T17:20:53.598+0000] {logging_mixin.py:188} INFO - [2026-04-16T17:20:53.598+0000] {dagbag.py:545} INFO - Filling up the DagBag from /opt/airflow/dags/DagScraper.py
[2026-04-16T17:20:53.683+0000] {processor.py:840} INFO - DAG(s) 'dag_scraping_offres_emploi' retrieved from /opt/airflow/dags/DagScraper.py
[2026-04-16T17:20:53.801+0000] {logging_mixin.py:188} INFO - [2026-04-16T17:20:53.800+0000] {dag.py:3096} INFO - Sync 1 DAGs
[2026-04-16T17:20:54.031+0000] {logging_mixin.py:188} INFO - [2026-04-16T17:20:54.030+0000] {dag.py:3954} INFO - Setting next_dagrun for dag_scraping_offres_emploi to 2026-04-16 06:00:00+00:00, run_after=2026-04-16 12:00:00+00:00
[2026-04-16T17:20:54.193+0000] {processor.py:183} INFO - Processing /opt/airflow/dags/DagScraper.py took 0.625 seconds
[2026-04-16T17:21:24.667+0000] {processor.py:161} INFO - Started process (PID=4853) to work on /opt/airflow/dags/DagScraper.py
[2026-04-16T17:21:24.669+0000] {processor.py:830} INFO - Processing file /opt/airflow/dags/DagScraper.py for tasks to queue
[2026-04-16T17:21:24.674+0000] {logging_mixin.py:188} INFO - [2026-04-16T17:21:24.673+0000] {dagbag.py:545} INFO - Filling up the DagBag from /opt/airflow/dags/DagScraper.py
[2026-04-16T17:21:24.735+0000] {processor.py:840} INFO - DAG(s) 'dag_scraping_offres_emploi' retrieved from /opt/airflow/dags/DagScraper.py
[2026-04-16T17:21:24.799+0000] {logging_mixin.py:188} INFO - [2026-04-16T17:21:24.799+0000] {dag.py:3096} INFO - Sync 1 DAGs
[2026-04-16T17:21:24.842+0000] {logging_mixin.py:188} INFO - [2026-04-16T17:21:24.842+0000] {dag.py:3954} INFO - Setting next_dagrun for dag_scraping_offres_emploi to 2026-04-16 06:00:00+00:00, run_after=2026-04-16 12:00:00+00:00
[2026-04-16T17:21:24.926+0000] {processor.py:183} INFO - Processing /opt/airflow/dags/DagScraper.py took 0.283 seconds
[2026-04-16T17:21:55.356+0000] {processor.py:161} INFO - Started process (PID=4868) to work on /opt/airflow/dags/DagScraper.py
[2026-04-16T17:21:55.358+0000] {processor.py:830} INFO - Processing file /opt/airflow/dags/DagScraper.py for tasks to queue
[2026-04-16T17:21:55.372+0000] {logging_mixin.py:188} INFO - [2026-04-16T17:21:55.371+0000] {dagbag.py:545} INFO - Filling up the DagBag from /opt/airflow/dags/DagScraper.py
[2026-04-16T17:21:55.493+0000] {processor.py:840} INFO - DAG(s) 'dag_scraping_offres_emploi' retrieved from /opt/airflow/dags/DagScraper.py
[2026-04-16T17:21:55.604+0000] {logging_mixin.py:188} INFO - [2026-04-16T17:21:55.603+0000] {dag.py:3096} INFO - Sync 1 DAGs
[2026-04-16T17:21:55.676+0000] {logging_mixin.py:188} INFO - [2026-04-16T17:21:55.675+0000] {dag.py:3954} INFO - Setting next_dagrun for dag_scraping_offres_emploi to 2026-04-16 06:00:00+00:00, run_after=2026-04-16 12:00:00+00:00
[2026-04-16T17:21:55.742+0000] {processor.py:183} INFO - Processing /opt/airflow/dags/DagScraper.py took 0.416 seconds
[2026-04-16T17:22:25.918+0000] {processor.py:161} INFO - Started process (PID=4875) to work on /opt/airflow/dags/DagScraper.py
[2026-04-16T17:22:25.921+0000] {processor.py:830} INFO - Processing file /opt/airflow/dags/DagScraper.py for tasks to queue
[2026-04-16T17:22:25.931+0000] {logging_mixin.py:188} INFO - [2026-04-16T17:22:25.930+0000] {dagbag.py:545} INFO - Filling up the DagBag from /opt/airflow/dags/DagScraper.py
[2026-04-16T17:22:26.003+0000] {processor.py:840} INFO - DAG(s) 'dag_scraping_offres_emploi' retrieved from /opt/airflow/dags/DagScraper.py
[2026-04-16T17:22:26.162+0000] {logging_mixin.py:188} INFO - [2026-04-16T17:22:26.161+0000] {dag.py:3096} INFO - Sync 1 DAGs
[2026-04-16T17:22:26.273+0000] {logging_mixin.py:188} INFO - [2026-04-16T17:22:26.273+0000] {dag.py:3954} INFO - Setting next_dagrun for dag_scraping_offres_emploi to 2026-04-16 06:00:00+00:00, run_after=2026-04-16 12:00:00+00:00
[2026-04-16T17:22:26.318+0000] {processor.py:183} INFO - Processing /opt/airflow/dags/DagScraper.py took 0.417 seconds
[2026-04-16T17:22:57.051+0000] {processor.py:161} INFO - Started process (PID=4891) to work on /opt/airflow/dags/DagScraper.py
[2026-04-16T17:22:57.069+0000] {processor.py:830} INFO - Processing file /opt/airflow/dags/DagScraper.py for tasks to queue
[2026-04-16T17:22:57.139+0000] {logging_mixin.py:188} INFO - [2026-04-16T17:22:57.133+0000] {dagbag.py:545} INFO - Filling up the DagBag from /opt/airflow/dags/DagScraper.py
[2026-04-16T17:22:57.323+0000] {processor.py:840} INFO - DAG(s) 'dag_scraping_offres_emploi' retrieved from /opt/airflow/dags/DagScraper.py
[2026-04-16T17:22:57.457+0000] {logging_mixin.py:188} INFO - [2026-04-16T17:22:57.457+0000] {dag.py:3096} INFO - Sync 1 DAGs
[2026-04-16T17:22:57.576+0000] {logging_mixin.py:188} INFO - [2026-04-16T17:22:57.576+0000] {dag.py:3954} INFO - Setting next_dagrun for dag_scraping_offres_emploi to 2026-04-16 06:00:00+00:00, run_after=2026-04-16 12:00:00+00:00
[2026-04-16T17:22:57.665+0000] {processor.py:183} INFO - Processing /opt/airflow/dags/DagScraper.py took 0.655 seconds
[2026-04-16T17:23:28.255+0000] {processor.py:161} INFO - Started process (PID=4899) to work on /opt/airflow/dags/DagScraper.py
[2026-04-16T17:23:28.257+0000] {processor.py:830} INFO - Processing file /opt/airflow/dags/DagScraper.py for tasks to queue
[2026-04-16T17:23:28.260+0000] {logging_mixin.py:188} INFO - [2026-04-16T17:23:28.259+0000] {dagbag.py:545} INFO - Filling up the DagBag from /opt/airflow/dags/DagScraper.py
[2026-04-16T17:23:28.319+0000] {processor.py:840} INFO - DAG(s) 'dag_scraping_offres_emploi' retrieved from /opt/airflow/dags/DagScraper.py
[2026-04-16T17:23:28.455+0000] {logging_mixin.py:188} INFO - [2026-04-16T17:23:28.455+0000] {dag.py:3096} INFO - Sync 1 DAGs
[2026-04-16T17:23:28.510+0000] {logging_mixin.py:188} INFO - [2026-04-16T17:23:28.510+0000] {dag.py:3954} INFO - Setting next_dagrun for dag_scraping_offres_emploi to 2026-04-16 06:00:00+00:00, run_after=2026-04-16 12:00:00+00:00
[2026-04-16T17:23:28.565+0000] {processor.py:183} INFO - Processing /opt/airflow/dags/DagScraper.py took 0.327 seconds
[2026-04-16T17:23:58.726+0000] {processor.py:161} INFO - Started process (PID=4915) to work on /opt/airflow/dags/DagScraper.py
[2026-04-16T17:23:58.727+0000] {processor.py:830} INFO - Processing file /opt/airflow/dags/DagScraper.py for tasks to queue
[2026-04-16T17:23:58.732+0000] {logging_mixin.py:188} INFO - [2026-04-16T17:23:58.730+0000] {dagbag.py:545} INFO - Filling up the DagBag from /opt/airflow/dags/DagScraper.py
[2026-04-16T17:23:58.783+0000] {processor.py:840} INFO - DAG(s) 'dag_scraping_offres_emploi' retrieved from /opt/airflow/dags/DagScraper.py
[2026-04-16T17:23:58.919+0000] {logging_mixin.py:188} INFO - [2026-04-16T17:23:58.919+0000] {dag.py:3096} INFO - Sync 1 DAGs
[2026-04-16T17:23:58.987+0000] {logging_mixin.py:188} INFO - [2026-04-16T17:23:58.987+0000] {dag.py:3954} INFO - Setting next_dagrun for dag_scraping_offres_emploi to 2026-04-16 06:00:00+00:00, run_after=2026-04-16 12:00:00+00:00
[2026-04-16T17:23:59.031+0000] {processor.py:183} INFO - Processing /opt/airflow/dags/DagScraper.py took 0.325 seconds
[2026-04-16T17:24:29.492+0000] {processor.py:161} INFO - Started process (PID=4923) to work on /opt/airflow/dags/DagScraper.py
[2026-04-16T17:24:29.496+0000] {processor.py:830} INFO - Processing file /opt/airflow/dags/DagScraper.py for tasks to queue
[2026-04-16T17:24:29.502+0000] {logging_mixin.py:188} INFO - [2026-04-16T17:24:29.501+0000] {dagbag.py:545} INFO - Filling up the DagBag from /opt/airflow/dags/DagScraper.py
[2026-04-16T17:24:29.567+0000] {processor.py:840} INFO - DAG(s) 'dag_scraping_offres_emploi' retrieved from /opt/airflow/dags/DagScraper.py
[2026-04-16T17:24:29.643+0000] {logging_mixin.py:188} INFO - [2026-04-16T17:24:29.643+0000] {dag.py:3096} INFO - Sync 1 DAGs
[2026-04-16T17:24:29.709+0000] {logging_mixin.py:188} INFO - [2026-04-16T17:24:29.709+0000] {dag.py:3954} INFO - Setting next_dagrun for dag_scraping_offres_emploi to 2026-04-16 06:00:00+00:00, run_after=2026-04-16 12:00:00+00:00
[2026-04-16T17:24:29.758+0000] {processor.py:183} INFO - Processing /opt/airflow/dags/DagScraper.py took 0.288 seconds
[2026-04-16T17:24:59.981+0000] {processor.py:161} INFO - Started process (PID=4937) to work on /opt/airflow/dags/DagScraper.py
[2026-04-16T17:24:59.983+0000] {processor.py:830} INFO - Processing file /opt/airflow/dags/DagScraper.py for tasks to queue
[2026-04-16T17:24:59.988+0000] {logging_mixin.py:188} INFO - [2026-04-16T17:24:59.987+0000] {dagbag.py:545} INFO - Filling up the DagBag from /opt/airflow/dags/DagScraper.py
[2026-04-16T17:25:00.099+0000] {processor.py:840} INFO - DAG(s) 'dag_scraping_offres_emploi' retrieved from /opt/airflow/dags/DagScraper.py
[2026-04-16T17:25:00.184+0000] {logging_mixin.py:188} INFO - [2026-04-16T17:25:00.184+0000] {dag.py:3096} INFO - Sync 1 DAGs
[2026-04-16T17:25:00.235+0000] {logging_mixin.py:188} INFO - [2026-04-16T17:25:00.235+0000] {dag.py:3954} INFO - Setting next_dagrun for dag_scraping_offres_emploi to 2026-04-16 06:00:00+00:00, run_after=2026-04-16 12:00:00+00:00
[2026-04-16T17:25:00.285+0000] {processor.py:183} INFO - Processing /opt/airflow/dags/DagScraper.py took 0.316 seconds
[2026-04-16T17:25:30.467+0000] {processor.py:161} INFO - Started process (PID=4945) to work on /opt/airflow/dags/DagScraper.py
[2026-04-16T17:25:30.469+0000] {processor.py:830} INFO - Processing file /opt/airflow/dags/DagScraper.py for tasks to queue
[2026-04-16T17:25:30.474+0000] {logging_mixin.py:188} INFO - [2026-04-16T17:25:30.473+0000] {dagbag.py:545} INFO - Filling up the DagBag from /opt/airflow/dags/DagScraper.py
[2026-04-16T17:25:30.530+0000] {processor.py:840} INFO - DAG(s) 'dag_scraping_offres_emploi' retrieved from /opt/airflow/dags/DagScraper.py
[2026-04-16T17:25:30.621+0000] {logging_mixin.py:188} INFO - [2026-04-16T17:25:30.620+0000] {dag.py:3096} INFO - Sync 1 DAGs
[2026-04-16T17:25:30.708+0000] {logging_mixin.py:188} INFO - [2026-04-16T17:25:30.707+0000] {dag.py:3954} INFO - Setting next_dagrun for dag_scraping_offres_emploi to 2026-04-16 06:00:00+00:00, run_after=2026-04-16 12:00:00+00:00
[2026-04-16T17:25:30.788+0000] {processor.py:183} INFO - Processing /opt/airflow/dags/DagScraper.py took 0.336 seconds
[2026-04-16T17:26:01.249+0000] {processor.py:161} INFO - Started process (PID=4958) to work on /opt/airflow/dags/DagScraper.py
[2026-04-16T17:26:01.256+0000] {processor.py:830} INFO - Processing file /opt/airflow/dags/DagScraper.py for tasks to queue
[2026-04-16T17:26:01.260+0000] {logging_mixin.py:188} INFO - [2026-04-16T17:26:01.259+0000] {dagbag.py:545} INFO - Filling up the DagBag from /opt/airflow/dags/DagScraper.py
[2026-04-16T17:26:01.321+0000] {processor.py:840} INFO - DAG(s) 'dag_scraping_offres_emploi' retrieved from /opt/airflow/dags/DagScraper.py
[2026-04-16T17:26:01.411+0000] {logging_mixin.py:188} INFO - [2026-04-16T17:26:01.410+0000] {dag.py:3096} INFO - Sync 1 DAGs
[2026-04-16T17:26:01.479+0000] {logging_mixin.py:188} INFO - [2026-04-16T17:26:01.478+0000] {dag.py:3954} INFO - Setting next_dagrun for dag_scraping_offres_emploi to 2026-04-16 06:00:00+00:00, run_after=2026-04-16 12:00:00+00:00
[2026-04-16T17:26:01.527+0000] {processor.py:183} INFO - Processing /opt/airflow/dags/DagScraper.py took 0.306 seconds
[2026-04-16T17:26:32.080+0000] {processor.py:161} INFO - Started process (PID=4967) to work on /opt/airflow/dags/DagScraper.py
[2026-04-16T17:26:32.083+0000] {processor.py:830} INFO - Processing file /opt/airflow/dags/DagScraper.py for tasks to queue
[2026-04-16T17:26:32.090+0000] {logging_mixin.py:188} INFO - [2026-04-16T17:26:32.089+0000] {dagbag.py:545} INFO - Filling up the DagBag from /opt/airflow/dags/DagScraper.py
[2026-04-16T17:26:32.128+0000] {processor.py:840} INFO - DAG(s) 'dag_scraping_offres_emploi' retrieved from /opt/airflow/dags/DagScraper.py
[2026-04-16T17:26:32.203+0000] {logging_mixin.py:188} INFO - [2026-04-16T17:26:32.202+0000] {dag.py:3096} INFO - Sync 1 DAGs
[2026-04-16T17:26:32.246+0000] {logging_mixin.py:188} INFO - [2026-04-16T17:26:32.245+0000] {dag.py:3954} INFO - Setting next_dagrun for dag_scraping_offres_emploi to 2026-04-16 06:00:00+00:00, run_after=2026-04-16 12:00:00+00:00
[2026-04-16T17:26:32.298+0000] {processor.py:183} INFO - Processing /opt/airflow/dags/DagScraper.py took 0.236 seconds
[2026-04-16T17:27:02.850+0000] {processor.py:161} INFO - Started process (PID=4981) to work on /opt/airflow/dags/DagScraper.py
[2026-04-16T17:27:02.861+0000] {processor.py:830} INFO - Processing file /opt/airflow/dags/DagScraper.py for tasks to queue
[2026-04-16T17:27:02.895+0000] {logging_mixin.py:188} INFO - [2026-04-16T17:27:02.894+0000] {dagbag.py:545} INFO - Filling up the DagBag from /opt/airflow/dags/DagScraper.py
[2026-04-16T17:27:02.995+0000] {processor.py:840} INFO - DAG(s) 'dag_scraping_offres_emploi' retrieved from /opt/airflow/dags/DagScraper.py
[2026-04-16T17:27:03.182+0000] {logging_mixin.py:188} INFO - [2026-04-16T17:27:03.182+0000] {dag.py:3096} INFO - Sync 1 DAGs
[2026-04-16T17:27:03.243+0000] {logging_mixin.py:188} INFO - [2026-04-16T17:27:03.242+0000] {dag.py:3954} INFO - Setting next_dagrun for dag_scraping_offres_emploi to 2026-04-16 06:00:00+00:00, run_after=2026-04-16 12:00:00+00:00
[2026-04-16T17:27:03.301+0000] {processor.py:183} INFO - Processing /opt/airflow/dags/DagScraper.py took 0.476 seconds
[2026-04-16T17:27:33.629+0000] {processor.py:161} INFO - Started process (PID=4989) to work on /opt/airflow/dags/DagScraper.py
[2026-04-16T17:27:33.632+0000] {processor.py:830} INFO - Processing file /opt/airflow/dags/DagScraper.py for tasks to queue
[2026-04-16T17:27:33.641+0000] {logging_mixin.py:188} INFO - [2026-04-16T17:27:33.640+0000] {dagbag.py:545} INFO - Filling up the DagBag from /opt/airflow/dags/DagScraper.py
[2026-04-16T17:27:33.707+0000] {processor.py:840} INFO - DAG(s) 'dag_scraping_offres_emploi' retrieved from /opt/airflow/dags/DagScraper.py
[2026-04-16T17:27:33.816+0000] {logging_mixin.py:188} INFO - [2026-04-16T17:27:33.813+0000] {dag.py:3096} INFO - Sync 1 DAGs
[2026-04-16T17:27:34.509+0000] {logging_mixin.py:188} INFO - [2026-04-16T17:27:34.508+0000] {dag.py:3954} INFO - Setting next_dagrun for dag_scraping_offres_emploi to 2026-04-16 06:00:00+00:00, run_after=2026-04-16 12:00:00+00:00
[2026-04-16T17:27:34.610+0000] {processor.py:183} INFO - Processing /opt/airflow/dags/DagScraper.py took 1.009 seconds
[2026-04-16T17:28:05.684+0000] {processor.py:161} INFO - Started process (PID=5004) to work on /opt/airflow/dags/DagScraper.py
[2026-04-16T17:28:05.687+0000] {processor.py:830} INFO - Processing file /opt/airflow/dags/DagScraper.py for tasks to queue
[2026-04-16T17:28:05.692+0000] {logging_mixin.py:188} INFO - [2026-04-16T17:28:05.691+0000] {dagbag.py:545} INFO - Filling up the DagBag from /opt/airflow/dags/DagScraper.py
[2026-04-16T17:28:05.748+0000] {processor.py:840} INFO - DAG(s) 'dag_scraping_offres_emploi' retrieved from /opt/airflow/dags/DagScraper.py
[2026-04-16T17:28:05.871+0000] {logging_mixin.py:188} INFO - [2026-04-16T17:28:05.870+0000] {dag.py:3096} INFO - Sync 1 DAGs
[2026-04-16T17:28:05.931+0000] {logging_mixin.py:188} INFO - [2026-04-16T17:28:05.931+0000] {dag.py:3954} INFO - Setting next_dagrun for dag_scraping_offres_emploi to 2026-04-16 06:00:00+00:00, run_after=2026-04-16 12:00:00+00:00
[2026-04-16T17:28:05.971+0000] {processor.py:183} INFO - Processing /opt/airflow/dags/DagScraper.py took 0.324 seconds
[2026-04-16T17:28:36.581+0000] {processor.py:161} INFO - Started process (PID=5012) to work on /opt/airflow/dags/DagScraper.py
[2026-04-16T17:28:36.583+0000] {processor.py:830} INFO - Processing file /opt/airflow/dags/DagScraper.py for tasks to queue
[2026-04-16T17:28:36.586+0000] {logging_mixin.py:188} INFO - [2026-04-16T17:28:36.585+0000] {dagbag.py:545} INFO - Filling up the DagBag from /opt/airflow/dags/DagScraper.py
[2026-04-16T17:28:36.626+0000] {processor.py:840} INFO - DAG(s) 'dag_scraping_offres_emploi' retrieved from /opt/airflow/dags/DagScraper.py
[2026-04-16T17:28:36.801+0000] {logging_mixin.py:188} INFO - [2026-04-16T17:28:36.801+0000] {dag.py:3096} INFO - Sync 1 DAGs
[2026-04-16T17:28:36.861+0000] {logging_mixin.py:188} INFO - [2026-04-16T17:28:36.861+0000] {dag.py:3954} INFO - Setting next_dagrun for dag_scraping_offres_emploi to 2026-04-16 06:00:00+00:00, run_after=2026-04-16 12:00:00+00:00
[2026-04-16T17:28:36.919+0000] {processor.py:183} INFO - Processing /opt/airflow/dags/DagScraper.py took 0.352 seconds
[2026-04-16T19:47:03.020+0000] {processor.py:161} INFO - Started process (PID=5031) to work on /opt/airflow/dags/DagScraper.py
[2026-04-16T19:47:03.036+0000] {processor.py:830} INFO - Processing file /opt/airflow/dags/DagScraper.py for tasks to queue
[2026-04-16T19:47:03.053+0000] {logging_mixin.py:188} INFO - [2026-04-16T19:47:03.052+0000] {dagbag.py:545} INFO - Filling up the DagBag from /opt/airflow/dags/DagScraper.py
[2026-04-16T19:47:03.485+0000] {processor.py:840} INFO - DAG(s) 'dag_scraping_offres_emploi' retrieved from /opt/airflow/dags/DagScraper.py
[2026-04-16T19:47:04.231+0000] {logging_mixin.py:188} INFO - [2026-04-16T19:47:04.231+0000] {dag.py:3096} INFO - Sync 1 DAGs
[2026-04-16T19:47:06.029+0000] {logging_mixin.py:188} INFO - [2026-04-16T19:47:05.960+0000] {dag.py:3954} INFO - Setting next_dagrun for dag_scraping_offres_emploi to 2026-04-16 12:00:00+00:00, run_after=2026-04-16 18:00:00+00:00
[2026-04-16T19:47:06.401+0000] {processor.py:183} INFO - Processing /opt/airflow/dags/DagScraper.py took 3.541 seconds
[2026-04-16T19:47:54.359+0000] {processor.py:161} INFO - Started process (PID=5045) to work on /opt/airflow/dags/DagScraper.py
[2026-04-16T19:47:54.372+0000] {processor.py:830} INFO - Processing file /opt/airflow/dags/DagScraper.py for tasks to queue
[2026-04-16T19:47:54.380+0000] {logging_mixin.py:188} INFO - [2026-04-16T19:47:54.380+0000] {dagbag.py:545} INFO - Filling up the DagBag from /opt/airflow/dags/DagScraper.py
[2026-04-16T19:47:54.524+0000] {processor.py:840} INFO - DAG(s) 'dag_scraping_offres_emploi' retrieved from /opt/airflow/dags/DagScraper.py
[2026-04-16T19:47:55.038+0000] {logging_mixin.py:188} INFO - [2026-04-16T19:47:55.038+0000] {dag.py:3096} INFO - Sync 1 DAGs
[2026-04-16T19:47:55.327+0000] {logging_mixin.py:188} INFO - [2026-04-16T19:47:55.313+0000] {dag.py:3954} INFO - Setting next_dagrun for dag_scraping_offres_emploi to 2026-04-16 12:00:00+00:00, run_after=2026-04-16 18:00:00+00:00
[2026-04-16T19:47:55.724+0000] {processor.py:183} INFO - Processing /opt/airflow/dags/DagScraper.py took 1.401 seconds
[2026-04-16T19:48:26.728+0000] {processor.py:161} INFO - Started process (PID=5059) to work on /opt/airflow/dags/DagScraper.py
[2026-04-16T19:48:26.734+0000] {processor.py:830} INFO - Processing file /opt/airflow/dags/DagScraper.py for tasks to queue
[2026-04-16T19:48:26.768+0000] {logging_mixin.py:188} INFO - [2026-04-16T19:48:26.768+0000] {dagbag.py:545} INFO - Filling up the DagBag from /opt/airflow/dags/DagScraper.py
[2026-04-16T19:48:27.053+0000] {processor.py:840} INFO - DAG(s) 'dag_scraping_offres_emploi' retrieved from /opt/airflow/dags/DagScraper.py
[2026-04-16T19:48:27.462+0000] {logging_mixin.py:188} INFO - [2026-04-16T19:48:27.461+0000] {dag.py:3096} INFO - Sync 1 DAGs
[2026-04-16T19:48:27.760+0000] {logging_mixin.py:188} INFO - [2026-04-16T19:48:27.760+0000] {dag.py:3954} INFO - Setting next_dagrun for dag_scraping_offres_emploi to 2026-04-16 12:00:00+00:00, run_after=2026-04-16 18:00:00+00:00
[2026-04-16T19:48:27.899+0000] {processor.py:183} INFO - Processing /opt/airflow/dags/DagScraper.py took 1.230 seconds
[2026-04-16T19:49:01.756+0000] {processor.py:161} INFO - Started process (PID=5073) to work on /opt/airflow/dags/DagScraper.py
[2026-04-16T19:49:01.759+0000] {processor.py:830} INFO - Processing file /opt/airflow/dags/DagScraper.py for tasks to queue
[2026-04-16T19:49:01.775+0000] {logging_mixin.py:188} INFO - [2026-04-16T19:49:01.773+0000] {dagbag.py:545} INFO - Filling up the DagBag from /opt/airflow/dags/DagScraper.py
[2026-04-16T19:49:02.475+0000] {processor.py:840} INFO - DAG(s) 'dag_scraping_offres_emploi' retrieved from /opt/airflow/dags/DagScraper.py
[2026-04-16T19:49:03.070+0000] {logging_mixin.py:188} INFO - [2026-04-16T19:49:03.070+0000] {dag.py:3096} INFO - Sync 1 DAGs
[2026-04-16T19:49:03.421+0000] {logging_mixin.py:188} INFO - [2026-04-16T19:49:03.410+0000] {dag.py:3954} INFO - Setting next_dagrun for dag_scraping_offres_emploi to 2026-04-16 12:00:00+00:00, run_after=2026-04-16 18:00:00+00:00
[2026-04-16T19:49:03.621+0000] {processor.py:183} INFO - Processing /opt/airflow/dags/DagScraper.py took 1.907 seconds
[2026-04-16T19:49:40.362+0000] {processor.py:161} INFO - Started process (PID=5081) to work on /opt/airflow/dags/DagScraper.py
[2026-04-16T19:49:40.434+0000] {processor.py:830} INFO - Processing file /opt/airflow/dags/DagScraper.py for tasks to queue
[2026-04-16T19:49:40.498+0000] {logging_mixin.py:188} INFO - [2026-04-16T19:49:40.497+0000] {dagbag.py:545} INFO - Filling up the DagBag from /opt/airflow/dags/DagScraper.py
[2026-04-16T19:49:43.305+0000] {processor.py:840} INFO - DAG(s) 'dag_scraping_offres_emploi' retrieved from /opt/airflow/dags/DagScraper.py
[2026-04-16T19:49:43.586+0000] {logging_mixin.py:188} INFO - [2026-04-16T19:49:43.585+0000] {dag.py:3096} INFO - Sync 1 DAGs
[2026-04-16T19:49:43.823+0000] {logging_mixin.py:188} INFO - [2026-04-16T19:49:43.822+0000] {dag.py:3954} INFO - Setting next_dagrun for dag_scraping_offres_emploi to 2026-04-16 12:00:00+00:00, run_after=2026-04-16 18:00:00+00:00
[2026-04-16T19:49:44.281+0000] {processor.py:183} INFO - Processing /opt/airflow/dags/DagScraper.py took 3.943 seconds
[2026-04-16T19:50:17.223+0000] {processor.py:161} INFO - Started process (PID=5095) to work on /opt/airflow/dags/DagScraper.py
[2026-04-16T19:50:17.238+0000] {processor.py:830} INFO - Processing file /opt/airflow/dags/DagScraper.py for tasks to queue
[2026-04-16T19:50:17.334+0000] {logging_mixin.py:188} INFO - [2026-04-16T19:50:17.333+0000] {dagbag.py:545} INFO - Filling up the DagBag from /opt/airflow/dags/DagScraper.py
[2026-04-16T19:50:17.913+0000] {processor.py:840} INFO - DAG(s) 'dag_scraping_offres_emploi' retrieved from /opt/airflow/dags/DagScraper.py
[2026-04-16T19:50:18.235+0000] {logging_mixin.py:188} INFO - [2026-04-16T19:50:18.234+0000] {dag.py:3096} INFO - Sync 1 DAGs
[2026-04-16T19:50:18.438+0000] {logging_mixin.py:188} INFO - [2026-04-16T19:50:18.437+0000] {dag.py:3954} INFO - Setting next_dagrun for dag_scraping_offres_emploi to 2026-04-16 12:00:00+00:00, run_after=2026-04-16 18:00:00+00:00
[2026-04-16T19:50:18.680+0000] {processor.py:183} INFO - Processing /opt/airflow/dags/DagScraper.py took 1.494 seconds
[2026-04-16T19:50:49.992+0000] {processor.py:161} INFO - Started process (PID=5108) to work on /opt/airflow/dags/DagScraper.py
[2026-04-16T19:50:49.994+0000] {processor.py:830} INFO - Processing file /opt/airflow/dags/DagScraper.py for tasks to queue
[2026-04-16T19:50:50.008+0000] {logging_mixin.py:188} INFO - [2026-04-16T19:50:50.007+0000] {dagbag.py:545} INFO - Filling up the DagBag from /opt/airflow/dags/DagScraper.py
[2026-04-16T19:50:50.099+0000] {processor.py:840} INFO - DAG(s) 'dag_scraping_offres_emploi' retrieved from /opt/airflow/dags/DagScraper.py
[2026-04-16T19:50:51.285+0000] {logging_mixin.py:188} INFO - [2026-04-16T19:50:51.284+0000] {dag.py:3096} INFO - Sync 1 DAGs
[2026-04-16T19:50:51.473+0000] {logging_mixin.py:188} INFO - [2026-04-16T19:50:51.472+0000] {dag.py:3954} INFO - Setting next_dagrun for dag_scraping_offres_emploi to 2026-04-16 12:00:00+00:00, run_after=2026-04-16 18:00:00+00:00
[2026-04-16T19:50:51.763+0000] {processor.py:183} INFO - Processing /opt/airflow/dags/DagScraper.py took 1.851 seconds
[2026-04-16T19:51:22.356+0000] {processor.py:161} INFO - Started process (PID=5116) to work on /opt/airflow/dags/DagScraper.py
[2026-04-16T19:51:22.363+0000] {processor.py:830} INFO - Processing file /opt/airflow/dags/DagScraper.py for tasks to queue
[2026-04-16T19:51:22.369+0000] {logging_mixin.py:188} INFO - [2026-04-16T19:51:22.369+0000] {dagbag.py:545} INFO - Filling up the DagBag from /opt/airflow/dags/DagScraper.py
[2026-04-16T19:51:22.517+0000] {processor.py:840} INFO - DAG(s) 'dag_scraping_offres_emploi' retrieved from /opt/airflow/dags/DagScraper.py
[2026-04-16T19:51:22.747+0000] {logging_mixin.py:188} INFO - [2026-04-16T19:51:22.747+0000] {dag.py:3096} INFO - Sync 1 DAGs
[2026-04-16T19:51:22.996+0000] {logging_mixin.py:188} INFO - [2026-04-16T19:51:22.995+0000] {dag.py:3954} INFO - Setting next_dagrun for dag_scraping_offres_emploi to 2026-04-16 12:00:00+00:00, run_after=2026-04-16 18:00:00+00:00
[2026-04-16T19:51:23.430+0000] {processor.py:183} INFO - Processing /opt/airflow/dags/DagScraper.py took 1.098 seconds
[2026-04-16T19:51:54.653+0000] {processor.py:161} INFO - Started process (PID=5130) to work on /opt/airflow/dags/DagScraper.py
[2026-04-16T19:51:54.657+0000] {processor.py:830} INFO - Processing file /opt/airflow/dags/DagScraper.py for tasks to queue
[2026-04-16T19:51:54.703+0000] {logging_mixin.py:188} INFO - [2026-04-16T19:51:54.701+0000] {dagbag.py:545} INFO - Filling up the DagBag from /opt/airflow/dags/DagScraper.py
[2026-04-16T19:51:55.187+0000] {processor.py:840} INFO - DAG(s) 'dag_scraping_offres_emploi' retrieved from /opt/airflow/dags/DagScraper.py
[2026-04-16T19:51:55.539+0000] {logging_mixin.py:188} INFO - [2026-04-16T19:51:55.538+0000] {dag.py:3096} INFO - Sync 1 DAGs
[2026-04-16T19:51:55.737+0000] {logging_mixin.py:188} INFO - [2026-04-16T19:51:55.736+0000] {dag.py:3954} INFO - Setting next_dagrun for dag_scraping_offres_emploi to 2026-04-16 12:00:00+00:00, run_after=2026-04-16 18:00:00+00:00
[2026-04-16T19:51:55.860+0000] {processor.py:183} INFO - Processing /opt/airflow/dags/DagScraper.py took 1.288 seconds
[2026-04-16T19:52:26.792+0000] {processor.py:161} INFO - Started process (PID=5145) to work on /opt/airflow/dags/DagScraper.py
[2026-04-16T19:52:26.796+0000] {processor.py:830} INFO - Processing file /opt/airflow/dags/DagScraper.py for tasks to queue
[2026-04-16T19:52:26.805+0000] {logging_mixin.py:188} INFO - [2026-04-16T19:52:26.804+0000] {dagbag.py:545} INFO - Filling up the DagBag from /opt/airflow/dags/DagScraper.py
[2026-04-16T19:52:26.896+0000] {processor.py:840} INFO - DAG(s) 'dag_scraping_offres_emploi' retrieved from /opt/airflow/dags/DagScraper.py
[2026-04-16T19:52:26.988+0000] {logging_mixin.py:188} INFO - [2026-04-16T19:52:26.988+0000] {dag.py:3096} INFO - Sync 1 DAGs
[2026-04-16T19:52:27.034+0000] {logging_mixin.py:188} INFO - [2026-04-16T19:52:27.033+0000] {dag.py:3954} INFO - Setting next_dagrun for dag_scraping_offres_emploi to 2026-04-16 12:00:00+00:00, run_after=2026-04-16 18:00:00+00:00
[2026-04-16T19:52:27.092+0000] {processor.py:183} INFO - Processing /opt/airflow/dags/DagScraper.py took 0.332 seconds
[2026-04-16T19:52:57.341+0000] {processor.py:161} INFO - Started process (PID=5153) to work on /opt/airflow/dags/DagScraper.py
[2026-04-16T19:52:57.345+0000] {processor.py:830} INFO - Processing file /opt/airflow/dags/DagScraper.py for tasks to queue
[2026-04-16T19:52:57.353+0000] {logging_mixin.py:188} INFO - [2026-04-16T19:52:57.352+0000] {dagbag.py:545} INFO - Filling up the DagBag from /opt/airflow/dags/DagScraper.py
[2026-04-16T19:52:57.402+0000] {processor.py:840} INFO - DAG(s) 'dag_scraping_offres_emploi' retrieved from /opt/airflow/dags/DagScraper.py
[2026-04-16T19:52:57.489+0000] {logging_mixin.py:188} INFO - [2026-04-16T19:52:57.488+0000] {dag.py:3096} INFO - Sync 1 DAGs
[2026-04-16T19:52:57.565+0000] {logging_mixin.py:188} INFO - [2026-04-16T19:52:57.565+0000] {dag.py:3954} INFO - Setting next_dagrun for dag_scraping_offres_emploi to 2026-04-16 12:00:00+00:00, run_after=2026-04-16 18:00:00+00:00
[2026-04-16T19:52:57.661+0000] {processor.py:183} INFO - Processing /opt/airflow/dags/DagScraper.py took 0.341 seconds
[2026-04-16T19:53:30.070+0000] {processor.py:161} INFO - Started process (PID=5167) to work on /opt/airflow/dags/DagScraper.py
[2026-04-16T19:53:30.115+0000] {processor.py:830} INFO - Processing file /opt/airflow/dags/DagScraper.py for tasks to queue
[2026-04-16T19:53:30.263+0000] {logging_mixin.py:188} INFO - [2026-04-16T19:53:30.262+0000] {dagbag.py:545} INFO - Filling up the DagBag from /opt/airflow/dags/DagScraper.py
[2026-04-16T19:53:30.471+0000] {processor.py:840} INFO - DAG(s) 'dag_scraping_offres_emploi' retrieved from /opt/airflow/dags/DagScraper.py
[2026-04-16T19:53:30.754+0000] {logging_mixin.py:188} INFO - [2026-04-16T19:53:30.754+0000] {dag.py:3096} INFO - Sync 1 DAGs
[2026-04-16T19:53:30.929+0000] {logging_mixin.py:188} INFO - [2026-04-16T19:53:30.928+0000] {dag.py:3954} INFO - Setting next_dagrun for dag_scraping_offres_emploi to 2026-04-16 12:00:00+00:00, run_after=2026-04-16 18:00:00+00:00
[2026-04-16T19:53:31.077+0000] {processor.py:183} INFO - Processing /opt/airflow/dags/DagScraper.py took 1.041 seconds
[2026-04-16T19:54:02.193+0000] {processor.py:161} INFO - Started process (PID=5175) to work on /opt/airflow/dags/DagScraper.py
[2026-04-16T19:54:02.195+0000] {processor.py:830} INFO - Processing file /opt/airflow/dags/DagScraper.py for tasks to queue
[2026-04-16T19:54:02.213+0000] {logging_mixin.py:188} INFO - [2026-04-16T19:54:02.212+0000] {dagbag.py:545} INFO - Filling up the DagBag from /opt/airflow/dags/DagScraper.py
[2026-04-16T19:54:03.833+0000] {processor.py:840} INFO - DAG(s) 'dag_scraping_offres_emploi' retrieved from /opt/airflow/dags/DagScraper.py
[2026-04-16T19:54:04.256+0000] {logging_mixin.py:188} INFO - [2026-04-16T19:54:04.255+0000] {dag.py:3096} INFO - Sync 1 DAGs
[2026-04-16T19:54:04.561+0000] {logging_mixin.py:188} INFO - [2026-04-16T19:54:04.560+0000] {dag.py:3954} INFO - Setting next_dagrun for dag_scraping_offres_emploi to 2026-04-16 12:00:00+00:00, run_after=2026-04-16 18:00:00+00:00
[2026-04-16T19:54:04.980+0000] {processor.py:183} INFO - Processing /opt/airflow/dags/DagScraper.py took 2.820 seconds
[2026-04-16T19:54:40.908+0000] {processor.py:161} INFO - Started process (PID=5189) to work on /opt/airflow/dags/DagScraper.py
[2026-04-16T19:54:40.921+0000] {processor.py:830} INFO - Processing file /opt/airflow/dags/DagScraper.py for tasks to queue
[2026-04-16T19:54:40.937+0000] {logging_mixin.py:188} INFO - [2026-04-16T19:54:40.936+0000] {dagbag.py:545} INFO - Filling up the DagBag from /opt/airflow/dags/DagScraper.py
[2026-04-16T19:54:41.264+0000] {processor.py:840} INFO - DAG(s) 'dag_scraping_offres_emploi' retrieved from /opt/airflow/dags/DagScraper.py
[2026-04-16T19:54:41.557+0000] {logging_mixin.py:188} INFO - [2026-04-16T19:54:41.556+0000] {dag.py:3096} INFO - Sync 1 DAGs
[2026-04-16T19:54:41.925+0000] {logging_mixin.py:188} INFO - [2026-04-16T19:54:41.924+0000] {dag.py:3954} INFO - Setting next_dagrun for dag_scraping_offres_emploi to 2026-04-16 12:00:00+00:00, run_after=2026-04-16 18:00:00+00:00
[2026-04-16T19:54:42.511+0000] {processor.py:183} INFO - Processing /opt/airflow/dags/DagScraper.py took 1.675 seconds
[2026-04-16T19:55:15.969+0000] {processor.py:161} INFO - Started process (PID=5202) to work on /opt/airflow/dags/DagScraper.py
[2026-04-16T19:55:15.994+0000] {processor.py:830} INFO - Processing file /opt/airflow/dags/DagScraper.py for tasks to queue
[2026-04-16T19:55:16.016+0000] {logging_mixin.py:188} INFO - [2026-04-16T19:55:16.007+0000] {dagbag.py:545} INFO - Filling up the DagBag from /opt/airflow/dags/DagScraper.py
[2026-04-16T19:55:18.198+0000] {processor.py:840} INFO - DAG(s) 'dag_scraping_offres_emploi' retrieved from /opt/airflow/dags/DagScraper.py
[2026-04-16T19:55:18.660+0000] {logging_mixin.py:188} INFO - [2026-04-16T19:55:18.659+0000] {dag.py:3096} INFO - Sync 1 DAGs
[2026-04-16T19:55:19.095+0000] {logging_mixin.py:188} INFO - [2026-04-16T19:55:19.094+0000] {dag.py:3954} INFO - Setting next_dagrun for dag_scraping_offres_emploi to 2026-04-16 12:00:00+00:00, run_after=2026-04-16 18:00:00+00:00
[2026-04-16T19:55:19.448+0000] {processor.py:183} INFO - Processing /opt/airflow/dags/DagScraper.py took 3.517 seconds
[2026-04-16T19:55:50.447+0000] {processor.py:161} INFO - Started process (PID=5216) to work on /opt/airflow/dags/DagScraper.py
[2026-04-16T19:55:50.456+0000] {processor.py:830} INFO - Processing file /opt/airflow/dags/DagScraper.py for tasks to queue
[2026-04-16T19:55:50.496+0000] {logging_mixin.py:188} INFO - [2026-04-16T19:55:50.491+0000] {dagbag.py:545} INFO - Filling up the DagBag from /opt/airflow/dags/DagScraper.py
[2026-04-16T19:55:50.664+0000] {processor.py:840} INFO - DAG(s) 'dag_scraping_offres_emploi' retrieved from /opt/airflow/dags/DagScraper.py
[2026-04-16T19:55:50.923+0000] {logging_mixin.py:188} INFO - [2026-04-16T19:55:50.920+0000] {dag.py:3096} INFO - Sync 1 DAGs
[2026-04-16T19:55:51.098+0000] {logging_mixin.py:188} INFO - [2026-04-16T19:55:51.097+0000] {dag.py:3954} INFO - Setting next_dagrun for dag_scraping_offres_emploi to 2026-04-16 12:00:00+00:00, run_after=2026-04-16 18:00:00+00:00
[2026-04-16T19:55:51.392+0000] {processor.py:183} INFO - Processing /opt/airflow/dags/DagScraper.py took 0.973 seconds
[2026-04-16T19:56:22.034+0000] {processor.py:161} INFO - Started process (PID=5223) to work on /opt/airflow/dags/DagScraper.py
[2026-04-16T19:56:22.036+0000] {processor.py:830} INFO - Processing file /opt/airflow/dags/DagScraper.py for tasks to queue
[2026-04-16T19:56:22.043+0000] {logging_mixin.py:188} INFO - [2026-04-16T19:56:22.042+0000] {dagbag.py:545} INFO - Filling up the DagBag from /opt/airflow/dags/DagScraper.py
[2026-04-16T19:56:22.175+0000] {processor.py:840} INFO - DAG(s) 'dag_scraping_offres_emploi' retrieved from /opt/airflow/dags/DagScraper.py
[2026-04-16T19:56:22.504+0000] {logging_mixin.py:188} INFO - [2026-04-16T19:56:22.504+0000] {dag.py:3096} INFO - Sync 1 DAGs
[2026-04-16T19:56:22.709+0000] {logging_mixin.py:188} INFO - [2026-04-16T19:56:22.709+0000] {dag.py:3954} INFO - Setting next_dagrun for dag_scraping_offres_emploi to 2026-04-16 12:00:00+00:00, run_after=2026-04-16 18:00:00+00:00
[2026-04-16T19:56:22.893+0000] {processor.py:183} INFO - Processing /opt/airflow/dags/DagScraper.py took 0.917 seconds
[2026-04-16T19:56:53.663+0000] {processor.py:161} INFO - Started process (PID=5236) to work on /opt/airflow/dags/DagScraper.py
[2026-04-16T19:56:53.676+0000] {processor.py:830} INFO - Processing file /opt/airflow/dags/DagScraper.py for tasks to queue
[2026-04-16T19:56:53.680+0000] {logging_mixin.py:188} INFO - [2026-04-16T19:56:53.680+0000] {dagbag.py:545} INFO - Filling up the DagBag from /opt/airflow/dags/DagScraper.py
[2026-04-16T19:56:53.928+0000] {processor.py:840} INFO - DAG(s) 'dag_scraping_offres_emploi' retrieved from /opt/airflow/dags/DagScraper.py
[2026-04-16T19:56:54.282+0000] {logging_mixin.py:188} INFO - [2026-04-16T19:56:54.281+0000] {dag.py:3096} INFO - Sync 1 DAGs
[2026-04-16T19:56:54.697+0000] {logging_mixin.py:188} INFO - [2026-04-16T19:56:54.696+0000] {dag.py:3954} INFO - Setting next_dagrun for dag_scraping_offres_emploi to 2026-04-16 12:00:00+00:00, run_after=2026-04-16 18:00:00+00:00
[2026-04-16T19:56:54.916+0000] {processor.py:183} INFO - Processing /opt/airflow/dags/DagScraper.py took 1.284 seconds
[2026-04-16T19:57:25.080+0000] {processor.py:161} INFO - Started process (PID=5244) to work on /opt/airflow/dags/DagScraper.py
[2026-04-16T19:57:25.082+0000] {processor.py:830} INFO - Processing file /opt/airflow/dags/DagScraper.py for tasks to queue
[2026-04-16T19:57:25.085+0000] {logging_mixin.py:188} INFO - [2026-04-16T19:57:25.085+0000] {dagbag.py:545} INFO - Filling up the DagBag from /opt/airflow/dags/DagScraper.py
[2026-04-16T19:57:25.156+0000] {processor.py:840} INFO - DAG(s) 'dag_scraping_offres_emploi' retrieved from /opt/airflow/dags/DagScraper.py
[2026-04-16T19:57:25.328+0000] {logging_mixin.py:188} INFO - [2026-04-16T19:57:25.327+0000] {dag.py:3096} INFO - Sync 1 DAGs
[2026-04-16T19:57:25.370+0000] {logging_mixin.py:188} INFO - [2026-04-16T19:57:25.369+0000] {dag.py:3954} INFO - Setting next_dagrun for dag_scraping_offres_emploi to 2026-04-16 12:00:00+00:00, run_after=2026-04-16 18:00:00+00:00
[2026-04-16T19:57:25.426+0000] {processor.py:183} INFO - Processing /opt/airflow/dags/DagScraper.py took 0.357 seconds
[2026-04-16T19:57:55.667+0000] {processor.py:161} INFO - Started process (PID=5258) to work on /opt/airflow/dags/DagScraper.py
[2026-04-16T19:57:55.669+0000] {processor.py:830} INFO - Processing file /opt/airflow/dags/DagScraper.py for tasks to queue
[2026-04-16T19:57:55.673+0000] {logging_mixin.py:188} INFO - [2026-04-16T19:57:55.672+0000] {dagbag.py:545} INFO - Filling up the DagBag from /opt/airflow/dags/DagScraper.py
[2026-04-16T19:57:55.754+0000] {processor.py:840} INFO - DAG(s) 'dag_scraping_offres_emploi' retrieved from /opt/airflow/dags/DagScraper.py
[2026-04-16T19:57:55.848+0000] {logging_mixin.py:188} INFO - [2026-04-16T19:57:55.848+0000] {dag.py:3096} INFO - Sync 1 DAGs
[2026-04-16T19:57:55.889+0000] {logging_mixin.py:188} INFO - [2026-04-16T19:57:55.889+0000] {dag.py:3954} INFO - Setting next_dagrun for dag_scraping_offres_emploi to 2026-04-16 12:00:00+00:00, run_after=2026-04-16 18:00:00+00:00
[2026-04-16T19:57:55.935+0000] {processor.py:183} INFO - Processing /opt/airflow/dags/DagScraper.py took 0.278 seconds
[2026-04-16T19:58:26.906+0000] {processor.py:161} INFO - Started process (PID=5266) to work on /opt/airflow/dags/DagScraper.py
[2026-04-16T19:58:26.908+0000] {processor.py:830} INFO - Processing file /opt/airflow/dags/DagScraper.py for tasks to queue
[2026-04-16T19:58:26.913+0000] {logging_mixin.py:188} INFO - [2026-04-16T19:58:26.912+0000] {dagbag.py:545} INFO - Filling up the DagBag from /opt/airflow/dags/DagScraper.py
[2026-04-16T19:58:26.980+0000] {processor.py:840} INFO - DAG(s) 'dag_scraping_offres_emploi' retrieved from /opt/airflow/dags/DagScraper.py
[2026-04-16T19:58:27.057+0000] {logging_mixin.py:188} INFO - [2026-04-16T19:58:27.057+0000] {dag.py:3096} INFO - Sync 1 DAGs
[2026-04-16T19:58:27.107+0000] {logging_mixin.py:188} INFO - [2026-04-16T19:58:27.107+0000] {dag.py:3954} INFO - Setting next_dagrun for dag_scraping_offres_emploi to 2026-04-16 12:00:00+00:00, run_after=2026-04-16 18:00:00+00:00
[2026-04-16T19:58:27.147+0000] {processor.py:183} INFO - Processing /opt/airflow/dags/DagScraper.py took 0.262 seconds
[2026-04-16T19:58:58.151+0000] {processor.py:161} INFO - Started process (PID=5280) to work on /opt/airflow/dags/DagScraper.py
[2026-04-16T19:58:58.153+0000] {processor.py:830} INFO - Processing file /opt/airflow/dags/DagScraper.py for tasks to queue
[2026-04-16T19:58:58.157+0000] {logging_mixin.py:188} INFO - [2026-04-16T19:58:58.156+0000] {dagbag.py:545} INFO - Filling up the DagBag from /opt/airflow/dags/DagScraper.py
[2026-04-16T19:58:58.209+0000] {processor.py:840} INFO - DAG(s) 'dag_scraping_offres_emploi' retrieved from /opt/airflow/dags/DagScraper.py
[2026-04-16T19:58:58.346+0000] {logging_mixin.py:188} INFO - [2026-04-16T19:58:58.345+0000] {dag.py:3096} INFO - Sync 1 DAGs
[2026-04-16T19:58:58.461+0000] {logging_mixin.py:188} INFO - [2026-04-16T19:58:58.460+0000] {dag.py:3954} INFO - Setting next_dagrun for dag_scraping_offres_emploi to 2026-04-16 12:00:00+00:00, run_after=2026-04-16 18:00:00+00:00
[2026-04-16T19:58:58.508+0000] {processor.py:183} INFO - Processing /opt/airflow/dags/DagScraper.py took 0.372 seconds
[2026-04-16T19:59:29.194+0000] {processor.py:161} INFO - Started process (PID=5288) to work on /opt/airflow/dags/DagScraper.py
[2026-04-16T19:59:29.204+0000] {processor.py:830} INFO - Processing file /opt/airflow/dags/DagScraper.py for tasks to queue
[2026-04-16T19:59:29.222+0000] {logging_mixin.py:188} INFO - [2026-04-16T19:59:29.221+0000] {dagbag.py:545} INFO - Filling up the DagBag from /opt/airflow/dags/DagScraper.py
[2026-04-16T19:59:29.281+0000] {processor.py:840} INFO - DAG(s) 'dag_scraping_offres_emploi' retrieved from /opt/airflow/dags/DagScraper.py
[2026-04-16T19:59:29.561+0000] {logging_mixin.py:188} INFO - [2026-04-16T19:59:29.553+0000] {dag.py:3096} INFO - Sync 1 DAGs
[2026-04-16T19:59:29.723+0000] {logging_mixin.py:188} INFO - [2026-04-16T19:59:29.723+0000] {dag.py:3954} INFO - Setting next_dagrun for dag_scraping_offres_emploi to 2026-04-16 12:00:00+00:00, run_after=2026-04-16 18:00:00+00:00
[2026-04-16T19:59:29.943+0000] {processor.py:183} INFO - Processing /opt/airflow/dags/DagScraper.py took 0.772 seconds
[2026-04-16T20:00:00.598+0000] {processor.py:161} INFO - Started process (PID=5302) to work on /opt/airflow/dags/DagScraper.py
[2026-04-16T20:00:00.614+0000] {processor.py:830} INFO - Processing file /opt/airflow/dags/DagScraper.py for tasks to queue
[2026-04-16T20:00:00.626+0000] {logging_mixin.py:188} INFO - [2026-04-16T20:00:00.625+0000] {dagbag.py:545} INFO - Filling up the DagBag from /opt/airflow/dags/DagScraper.py
[2026-04-16T20:00:00.722+0000] {processor.py:840} INFO - DAG(s) 'dag_scraping_offres_emploi' retrieved from /opt/airflow/dags/DagScraper.py
[2026-04-16T20:00:00.836+0000] {logging_mixin.py:188} INFO - [2026-04-16T20:00:00.836+0000] {dag.py:3096} INFO - Sync 1 DAGs
[2026-04-16T20:00:00.889+0000] {logging_mixin.py:188} INFO - [2026-04-16T20:00:00.889+0000] {dag.py:3954} INFO - Setting next_dagrun for dag_scraping_offres_emploi to 2026-04-16 12:00:00+00:00, run_after=2026-04-16 18:00:00+00:00
[2026-04-16T20:00:01.030+0000] {processor.py:183} INFO - Processing /opt/airflow/dags/DagScraper.py took 0.472 seconds
[2026-04-16T20:00:31.428+0000] {processor.py:161} INFO - Started process (PID=5310) to work on /opt/airflow/dags/DagScraper.py
[2026-04-16T20:00:31.450+0000] {processor.py:830} INFO - Processing file /opt/airflow/dags/DagScraper.py for tasks to queue
[2026-04-16T20:00:31.490+0000] {logging_mixin.py:188} INFO - [2026-04-16T20:00:31.484+0000] {dagbag.py:545} INFO - Filling up the DagBag from /opt/airflow/dags/DagScraper.py
[2026-04-16T20:00:31.581+0000] {processor.py:840} INFO - DAG(s) 'dag_scraping_offres_emploi' retrieved from /opt/airflow/dags/DagScraper.py
[2026-04-16T20:00:31.800+0000] {logging_mixin.py:188} INFO - [2026-04-16T20:00:31.800+0000] {dag.py:3096} INFO - Sync 1 DAGs
[2026-04-16T20:00:31.919+0000] {logging_mixin.py:188} INFO - [2026-04-16T20:00:31.919+0000] {dag.py:3954} INFO - Setting next_dagrun for dag_scraping_offres_emploi to 2026-04-16 12:00:00+00:00, run_after=2026-04-16 18:00:00+00:00
[2026-04-16T20:00:32.063+0000] {processor.py:183} INFO - Processing /opt/airflow/dags/DagScraper.py took 0.676 seconds
[2026-04-16T20:01:02.678+0000] {processor.py:161} INFO - Started process (PID=5324) to work on /opt/airflow/dags/DagScraper.py
[2026-04-16T20:01:02.681+0000] {processor.py:830} INFO - Processing file /opt/airflow/dags/DagScraper.py for tasks to queue
[2026-04-16T20:01:02.685+0000] {logging_mixin.py:188} INFO - [2026-04-16T20:01:02.684+0000] {dagbag.py:545} INFO - Filling up the DagBag from /opt/airflow/dags/DagScraper.py
[2026-04-16T20:01:02.772+0000] {processor.py:840} INFO - DAG(s) 'dag_scraping_offres_emploi' retrieved from /opt/airflow/dags/DagScraper.py
[2026-04-16T20:01:02.895+0000] {logging_mixin.py:188} INFO - [2026-04-16T20:01:02.895+0000] {dag.py:3096} INFO - Sync 1 DAGs
[2026-04-16T20:01:02.953+0000] {logging_mixin.py:188} INFO - [2026-04-16T20:01:02.952+0000] {dag.py:3954} INFO - Setting next_dagrun for dag_scraping_offres_emploi to 2026-04-16 12:00:00+00:00, run_after=2026-04-16 18:00:00+00:00
[2026-04-16T20:01:03.002+0000] {processor.py:183} INFO - Processing /opt/airflow/dags/DagScraper.py took 0.341 seconds
[2026-04-16T20:01:33.804+0000] {processor.py:161} INFO - Started process (PID=5333) to work on /opt/airflow/dags/DagScraper.py
[2026-04-16T20:01:33.806+0000] {processor.py:830} INFO - Processing file /opt/airflow/dags/DagScraper.py for tasks to queue
[2026-04-16T20:01:33.812+0000] {logging_mixin.py:188} INFO - [2026-04-16T20:01:33.809+0000] {dagbag.py:545} INFO - Filling up the DagBag from /opt/airflow/dags/DagScraper.py
[2026-04-16T20:01:33.920+0000] {processor.py:840} INFO - DAG(s) 'dag_scraping_offres_emploi' retrieved from /opt/airflow/dags/DagScraper.py
[2026-04-16T20:01:34.009+0000] {logging_mixin.py:188} INFO - [2026-04-16T20:01:34.008+0000] {dag.py:3096} INFO - Sync 1 DAGs
[2026-04-16T20:01:34.120+0000] {logging_mixin.py:188} INFO - [2026-04-16T20:01:34.115+0000] {dag.py:3954} INFO - Setting next_dagrun for dag_scraping_offres_emploi to 2026-04-16 12:00:00+00:00, run_after=2026-04-16 18:00:00+00:00
[2026-04-16T20:01:34.191+0000] {processor.py:183} INFO - Processing /opt/airflow/dags/DagScraper.py took 0.409 seconds
[2026-04-16T20:02:05.078+0000] {processor.py:161} INFO - Started process (PID=5347) to work on /opt/airflow/dags/DagScraper.py
[2026-04-16T20:02:05.081+0000] {processor.py:830} INFO - Processing file /opt/airflow/dags/DagScraper.py for tasks to queue
[2026-04-16T20:02:05.090+0000] {logging_mixin.py:188} INFO - [2026-04-16T20:02:05.088+0000] {dagbag.py:545} INFO - Filling up the DagBag from /opt/airflow/dags/DagScraper.py
[2026-04-16T20:02:05.156+0000] {processor.py:840} INFO - DAG(s) 'dag_scraping_offres_emploi' retrieved from /opt/airflow/dags/DagScraper.py
[2026-04-16T20:02:05.234+0000] {logging_mixin.py:188} INFO - [2026-04-16T20:02:05.234+0000] {dag.py:3096} INFO - Sync 1 DAGs
[2026-04-16T20:02:05.279+0000] {logging_mixin.py:188} INFO - [2026-04-16T20:02:05.278+0000] {dag.py:3954} INFO - Setting next_dagrun for dag_scraping_offres_emploi to 2026-04-16 12:00:00+00:00, run_after=2026-04-16 18:00:00+00:00
[2026-04-16T20:02:05.395+0000] {processor.py:183} INFO - Processing /opt/airflow/dags/DagScraper.py took 0.360 seconds
[2026-04-16T20:02:35.880+0000] {processor.py:161} INFO - Started process (PID=5361) to work on /opt/airflow/dags/DagScraper.py
[2026-04-16T20:02:35.891+0000] {processor.py:830} INFO - Processing file /opt/airflow/dags/DagScraper.py for tasks to queue
[2026-04-16T20:02:35.904+0000] {logging_mixin.py:188} INFO - [2026-04-16T20:02:35.903+0000] {dagbag.py:545} INFO - Filling up the DagBag from /opt/airflow/dags/DagScraper.py
[2026-04-16T20:02:36.003+0000] {processor.py:840} INFO - DAG(s) 'dag_scraping_offres_emploi' retrieved from /opt/airflow/dags/DagScraper.py
[2026-04-16T20:02:36.089+0000] {logging_mixin.py:188} INFO - [2026-04-16T20:02:36.089+0000] {dag.py:3096} INFO - Sync 1 DAGs
[2026-04-16T20:02:36.164+0000] {logging_mixin.py:188} INFO - [2026-04-16T20:02:36.164+0000] {dag.py:3954} INFO - Setting next_dagrun for dag_scraping_offres_emploi to 2026-04-16 12:00:00+00:00, run_after=2026-04-16 18:00:00+00:00
[2026-04-16T20:02:36.237+0000] {processor.py:183} INFO - Processing /opt/airflow/dags/DagScraper.py took 0.428 seconds
[2026-04-16T20:03:06.488+0000] {processor.py:161} INFO - Started process (PID=5369) to work on /opt/airflow/dags/DagScraper.py
[2026-04-16T20:03:06.490+0000] {processor.py:830} INFO - Processing file /opt/airflow/dags/DagScraper.py for tasks to queue
[2026-04-16T20:03:06.495+0000] {logging_mixin.py:188} INFO - [2026-04-16T20:03:06.494+0000] {dagbag.py:545} INFO - Filling up the DagBag from /opt/airflow/dags/DagScraper.py
[2026-04-16T20:03:06.550+0000] {processor.py:840} INFO - DAG(s) 'dag_scraping_offres_emploi' retrieved from /opt/airflow/dags/DagScraper.py
[2026-04-16T20:03:06.671+0000] {logging_mixin.py:188} INFO - [2026-04-16T20:03:06.670+0000] {dag.py:3096} INFO - Sync 1 DAGs
[2026-04-16T20:03:06.793+0000] {logging_mixin.py:188} INFO - [2026-04-16T20:03:06.793+0000] {dag.py:3954} INFO - Setting next_dagrun for dag_scraping_offres_emploi to 2026-04-16 12:00:00+00:00, run_after=2026-04-16 18:00:00+00:00
[2026-04-16T20:03:06.881+0000] {processor.py:183} INFO - Processing /opt/airflow/dags/DagScraper.py took 0.408 seconds
[2026-04-16T20:03:37.476+0000] {processor.py:161} INFO - Started process (PID=5381) to work on /opt/airflow/dags/DagScraper.py
[2026-04-16T20:03:37.482+0000] {processor.py:830} INFO - Processing file /opt/airflow/dags/DagScraper.py for tasks to queue
[2026-04-16T20:03:37.502+0000] {logging_mixin.py:188} INFO - [2026-04-16T20:03:37.499+0000] {dagbag.py:545} INFO - Filling up the DagBag from /opt/airflow/dags/DagScraper.py
[2026-04-16T20:03:37.583+0000] {processor.py:840} INFO - DAG(s) 'dag_scraping_offres_emploi' retrieved from /opt/airflow/dags/DagScraper.py
[2026-04-16T20:03:37.732+0000] {logging_mixin.py:188} INFO - [2026-04-16T20:03:37.731+0000] {dag.py:3096} INFO - Sync 1 DAGs
[2026-04-16T20:03:37.820+0000] {logging_mixin.py:188} INFO - [2026-04-16T20:03:37.820+0000] {dag.py:3954} INFO - Setting next_dagrun for dag_scraping_offres_emploi to 2026-04-16 12:00:00+00:00, run_after=2026-04-16 18:00:00+00:00
[2026-04-16T20:03:37.891+0000] {processor.py:183} INFO - Processing /opt/airflow/dags/DagScraper.py took 0.440 seconds
[2026-04-16T20:04:08.394+0000] {processor.py:161} INFO - Started process (PID=5390) to work on /opt/airflow/dags/DagScraper.py
[2026-04-16T20:04:08.409+0000] {processor.py:830} INFO - Processing file /opt/airflow/dags/DagScraper.py for tasks to queue
[2026-04-16T20:04:08.421+0000] {logging_mixin.py:188} INFO - [2026-04-16T20:04:08.417+0000] {dagbag.py:545} INFO - Filling up the DagBag from /opt/airflow/dags/DagScraper.py
[2026-04-16T20:04:08.480+0000] {processor.py:840} INFO - DAG(s) 'dag_scraping_offres_emploi' retrieved from /opt/airflow/dags/DagScraper.py
[2026-04-16T20:04:08.601+0000] {logging_mixin.py:188} INFO - [2026-04-16T20:04:08.601+0000] {dag.py:3096} INFO - Sync 1 DAGs
[2026-04-16T20:04:08.660+0000] {logging_mixin.py:188} INFO - [2026-04-16T20:04:08.660+0000] {dag.py:3954} INFO - Setting next_dagrun for dag_scraping_offres_emploi to 2026-04-16 12:00:00+00:00, run_after=2026-04-16 18:00:00+00:00
[2026-04-16T20:04:08.712+0000] {processor.py:183} INFO - Processing /opt/airflow/dags/DagScraper.py took 0.344 seconds
[2026-04-16T20:04:38.911+0000] {processor.py:161} INFO - Started process (PID=5404) to work on /opt/airflow/dags/DagScraper.py
[2026-04-16T20:04:38.919+0000] {processor.py:830} INFO - Processing file /opt/airflow/dags/DagScraper.py for tasks to queue
[2026-04-16T20:04:38.926+0000] {logging_mixin.py:188} INFO - [2026-04-16T20:04:38.925+0000] {dagbag.py:545} INFO - Filling up the DagBag from /opt/airflow/dags/DagScraper.py
[2026-04-16T20:04:39.017+0000] {processor.py:840} INFO - DAG(s) 'dag_scraping_offres_emploi' retrieved from /opt/airflow/dags/DagScraper.py
[2026-04-16T20:04:39.162+0000] {logging_mixin.py:188} INFO - [2026-04-16T20:04:39.161+0000] {dag.py:3096} INFO - Sync 1 DAGs
[2026-04-16T20:04:39.294+0000] {logging_mixin.py:188} INFO - [2026-04-16T20:04:39.293+0000] {dag.py:3954} INFO - Setting next_dagrun for dag_scraping_offres_emploi to 2026-04-16 12:00:00+00:00, run_after=2026-04-16 18:00:00+00:00
[2026-04-16T20:04:39.382+0000] {processor.py:183} INFO - Processing /opt/airflow/dags/DagScraper.py took 0.496 seconds
[2026-04-16T20:05:10.077+0000] {processor.py:161} INFO - Started process (PID=5411) to work on /opt/airflow/dags/DagScraper.py
[2026-04-16T20:05:10.081+0000] {processor.py:830} INFO - Processing file /opt/airflow/dags/DagScraper.py for tasks to queue
[2026-04-16T20:05:10.093+0000] {logging_mixin.py:188} INFO - [2026-04-16T20:05:10.092+0000] {dagbag.py:545} INFO - Filling up the DagBag from /opt/airflow/dags/DagScraper.py
[2026-04-16T20:05:10.172+0000] {processor.py:840} INFO - DAG(s) 'dag_scraping_offres_emploi' retrieved from /opt/airflow/dags/DagScraper.py
[2026-04-16T20:05:10.290+0000] {logging_mixin.py:188} INFO - [2026-04-16T20:05:10.288+0000] {dag.py:3096} INFO - Sync 1 DAGs
[2026-04-16T20:05:10.398+0000] {logging_mixin.py:188} INFO - [2026-04-16T20:05:10.397+0000] {dag.py:3954} INFO - Setting next_dagrun for dag_scraping_offres_emploi to 2026-04-16 12:00:00+00:00, run_after=2026-04-16 18:00:00+00:00
[2026-04-16T20:05:10.458+0000] {processor.py:183} INFO - Processing /opt/airflow/dags/DagScraper.py took 0.406 seconds
[2026-04-16T20:05:41.097+0000] {processor.py:161} INFO - Started process (PID=5426) to work on /opt/airflow/dags/DagScraper.py
[2026-04-16T20:05:41.099+0000] {processor.py:830} INFO - Processing file /opt/airflow/dags/DagScraper.py for tasks to queue
[2026-04-16T20:05:41.106+0000] {logging_mixin.py:188} INFO - [2026-04-16T20:05:41.105+0000] {dagbag.py:545} INFO - Filling up the DagBag from /opt/airflow/dags/DagScraper.py
[2026-04-16T20:05:41.149+0000] {processor.py:840} INFO - DAG(s) 'dag_scraping_offres_emploi' retrieved from /opt/airflow/dags/DagScraper.py
[2026-04-16T20:05:41.271+0000] {logging_mixin.py:188} INFO - [2026-04-16T20:05:41.270+0000] {dag.py:3096} INFO - Sync 1 DAGs
[2026-04-16T20:05:41.342+0000] {logging_mixin.py:188} INFO - [2026-04-16T20:05:41.342+0000] {dag.py:3954} INFO - Setting next_dagrun for dag_scraping_offres_emploi to 2026-04-16 12:00:00+00:00, run_after=2026-04-16 18:00:00+00:00
[2026-04-16T20:05:41.387+0000] {processor.py:183} INFO - Processing /opt/airflow/dags/DagScraper.py took 0.303 seconds
[2026-04-16T20:06:12.343+0000] {processor.py:161} INFO - Started process (PID=5434) to work on /opt/airflow/dags/DagScraper.py
[2026-04-16T20:06:12.378+0000] {processor.py:830} INFO - Processing file /opt/airflow/dags/DagScraper.py for tasks to queue
[2026-04-16T20:06:12.384+0000] {logging_mixin.py:188} INFO - [2026-04-16T20:06:12.383+0000] {dagbag.py:545} INFO - Filling up the DagBag from /opt/airflow/dags/DagScraper.py
[2026-04-16T20:06:12.535+0000] {processor.py:840} INFO - DAG(s) 'dag_scraping_offres_emploi' retrieved from /opt/airflow/dags/DagScraper.py
[2026-04-16T20:06:12.798+0000] {logging_mixin.py:188} INFO - [2026-04-16T20:06:12.797+0000] {dag.py:3096} INFO - Sync 1 DAGs
[2026-04-16T20:06:12.979+0000] {logging_mixin.py:188} INFO - [2026-04-16T20:06:12.979+0000] {dag.py:3954} INFO - Setting next_dagrun for dag_scraping_offres_emploi to 2026-04-16 12:00:00+00:00, run_after=2026-04-16 18:00:00+00:00
[2026-04-16T20:06:13.113+0000] {processor.py:183} INFO - Processing /opt/airflow/dags/DagScraper.py took 0.818 seconds
[2026-04-16T20:06:43.400+0000] {processor.py:161} INFO - Started process (PID=5448) to work on /opt/airflow/dags/DagScraper.py
[2026-04-16T20:06:43.415+0000] {processor.py:830} INFO - Processing file /opt/airflow/dags/DagScraper.py for tasks to queue
[2026-04-16T20:06:43.427+0000] {logging_mixin.py:188} INFO - [2026-04-16T20:06:43.426+0000] {dagbag.py:545} INFO - Filling up the DagBag from /opt/airflow/dags/DagScraper.py
[2026-04-16T20:06:43.484+0000] {processor.py:840} INFO - DAG(s) 'dag_scraping_offres_emploi' retrieved from /opt/airflow/dags/DagScraper.py
[2026-04-16T20:06:43.570+0000] {logging_mixin.py:188} INFO - [2026-04-16T20:06:43.569+0000] {dag.py:3096} INFO - Sync 1 DAGs
[2026-04-16T20:06:43.653+0000] {logging_mixin.py:188} INFO - [2026-04-16T20:06:43.652+0000] {dag.py:3954} INFO - Setting next_dagrun for dag_scraping_offres_emploi to 2026-04-16 12:00:00+00:00, run_after=2026-04-16 18:00:00+00:00
[2026-04-16T20:06:43.713+0000] {processor.py:183} INFO - Processing /opt/airflow/dags/DagScraper.py took 0.357 seconds
[2026-04-16T20:07:13.901+0000] {processor.py:161} INFO - Started process (PID=5456) to work on /opt/airflow/dags/DagScraper.py
[2026-04-16T20:07:13.903+0000] {processor.py:830} INFO - Processing file /opt/airflow/dags/DagScraper.py for tasks to queue
[2026-04-16T20:07:13.906+0000] {logging_mixin.py:188} INFO - [2026-04-16T20:07:13.906+0000] {dagbag.py:545} INFO - Filling up the DagBag from /opt/airflow/dags/DagScraper.py
[2026-04-16T20:07:13.945+0000] {processor.py:840} INFO - DAG(s) 'dag_scraping_offres_emploi' retrieved from /opt/airflow/dags/DagScraper.py
[2026-04-16T20:07:14.037+0000] {logging_mixin.py:188} INFO - [2026-04-16T20:07:14.036+0000] {dag.py:3096} INFO - Sync 1 DAGs
[2026-04-16T20:07:14.087+0000] {logging_mixin.py:188} INFO - [2026-04-16T20:07:14.086+0000] {dag.py:3954} INFO - Setting next_dagrun for dag_scraping_offres_emploi to 2026-04-16 12:00:00+00:00, run_after=2026-04-16 18:00:00+00:00
[2026-04-16T20:07:14.125+0000] {processor.py:183} INFO - Processing /opt/airflow/dags/DagScraper.py took 0.238 seconds
[2026-04-16T20:07:44.547+0000] {processor.py:161} INFO - Started process (PID=5470) to work on /opt/airflow/dags/DagScraper.py
[2026-04-16T20:07:44.548+0000] {processor.py:830} INFO - Processing file /opt/airflow/dags/DagScraper.py for tasks to queue
[2026-04-16T20:07:44.551+0000] {logging_mixin.py:188} INFO - [2026-04-16T20:07:44.551+0000] {dagbag.py:545} INFO - Filling up the DagBag from /opt/airflow/dags/DagScraper.py
[2026-04-16T20:07:44.586+0000] {processor.py:840} INFO - DAG(s) 'dag_scraping_offres_emploi' retrieved from /opt/airflow/dags/DagScraper.py
[2026-04-16T20:07:44.660+0000] {logging_mixin.py:188} INFO - [2026-04-16T20:07:44.660+0000] {dag.py:3096} INFO - Sync 1 DAGs
[2026-04-16T20:07:44.724+0000] {logging_mixin.py:188} INFO - [2026-04-16T20:07:44.723+0000] {dag.py:3954} INFO - Setting next_dagrun for dag_scraping_offres_emploi to 2026-04-16 12:00:00+00:00, run_after=2026-04-16 18:00:00+00:00
[2026-04-16T20:07:44.783+0000] {processor.py:183} INFO - Processing /opt/airflow/dags/DagScraper.py took 0.246 seconds
[2026-04-16T20:08:14.979+0000] {processor.py:161} INFO - Started process (PID=5478) to work on /opt/airflow/dags/DagScraper.py
[2026-04-16T20:08:14.980+0000] {processor.py:830} INFO - Processing file /opt/airflow/dags/DagScraper.py for tasks to queue
[2026-04-16T20:08:14.984+0000] {logging_mixin.py:188} INFO - [2026-04-16T20:08:14.983+0000] {dagbag.py:545} INFO - Filling up the DagBag from /opt/airflow/dags/DagScraper.py
[2026-04-16T20:08:15.024+0000] {processor.py:840} INFO - DAG(s) 'dag_scraping_offres_emploi' retrieved from /opt/airflow/dags/DagScraper.py
[2026-04-16T20:08:15.102+0000] {logging_mixin.py:188} INFO - [2026-04-16T20:08:15.101+0000] {dag.py:3096} INFO - Sync 1 DAGs
[2026-04-16T20:08:15.166+0000] {logging_mixin.py:188} INFO - [2026-04-16T20:08:15.166+0000] {dag.py:3954} INFO - Setting next_dagrun for dag_scraping_offres_emploi to 2026-04-16 12:00:00+00:00, run_after=2026-04-16 18:00:00+00:00
[2026-04-16T20:08:15.216+0000] {processor.py:183} INFO - Processing /opt/airflow/dags/DagScraper.py took 0.249 seconds
[2026-04-16T20:08:45.550+0000] {processor.py:161} INFO - Started process (PID=5491) to work on /opt/airflow/dags/DagScraper.py
[2026-04-16T20:08:45.566+0000] {processor.py:830} INFO - Processing file /opt/airflow/dags/DagScraper.py for tasks to queue
[2026-04-16T20:08:45.585+0000] {logging_mixin.py:188} INFO - [2026-04-16T20:08:45.583+0000] {dagbag.py:545} INFO - Filling up the DagBag from /opt/airflow/dags/DagScraper.py
[2026-04-16T20:08:45.698+0000] {processor.py:840} INFO - DAG(s) 'dag_scraping_offres_emploi' retrieved from /opt/airflow/dags/DagScraper.py
[2026-04-16T20:08:45.819+0000] {logging_mixin.py:188} INFO - [2026-04-16T20:08:45.818+0000] {dag.py:3096} INFO - Sync 1 DAGs
[2026-04-16T20:08:45.922+0000] {logging_mixin.py:188} INFO - [2026-04-16T20:08:45.921+0000] {dag.py:3954} INFO - Setting next_dagrun for dag_scraping_offres_emploi to 2026-04-16 12:00:00+00:00, run_after=2026-04-16 18:00:00+00:00
[2026-04-16T20:08:46.008+0000] {processor.py:183} INFO - Processing /opt/airflow/dags/DagScraper.py took 0.492 seconds
[2026-04-16T20:09:16.270+0000] {processor.py:161} INFO - Started process (PID=5499) to work on /opt/airflow/dags/DagScraper.py
[2026-04-16T20:09:16.272+0000] {processor.py:830} INFO - Processing file /opt/airflow/dags/DagScraper.py for tasks to queue
[2026-04-16T20:09:16.277+0000] {logging_mixin.py:188} INFO - [2026-04-16T20:09:16.276+0000] {dagbag.py:545} INFO - Filling up the DagBag from /opt/airflow/dags/DagScraper.py
[2026-04-16T20:09:16.355+0000] {processor.py:840} INFO - DAG(s) 'dag_scraping_offres_emploi' retrieved from /opt/airflow/dags/DagScraper.py
[2026-04-16T20:09:16.540+0000] {logging_mixin.py:188} INFO - [2026-04-16T20:09:16.534+0000] {dag.py:3096} INFO - Sync 1 DAGs
[2026-04-16T20:09:16.615+0000] {logging_mixin.py:188} INFO - [2026-04-16T20:09:16.615+0000] {dag.py:3954} INFO - Setting next_dagrun for dag_scraping_offres_emploi to 2026-04-16 12:00:00+00:00, run_after=2026-04-16 18:00:00+00:00
[2026-04-16T20:09:16.673+0000] {processor.py:183} INFO - Processing /opt/airflow/dags/DagScraper.py took 0.430 seconds
[2026-04-16T20:09:47.270+0000] {processor.py:161} INFO - Started process (PID=5513) to work on /opt/airflow/dags/DagScraper.py
[2026-04-16T20:09:47.274+0000] {processor.py:830} INFO - Processing file /opt/airflow/dags/DagScraper.py for tasks to queue
[2026-04-16T20:09:47.295+0000] {logging_mixin.py:188} INFO - [2026-04-16T20:09:47.293+0000] {dagbag.py:545} INFO - Filling up the DagBag from /opt/airflow/dags/DagScraper.py
[2026-04-16T20:09:47.658+0000] {processor.py:840} INFO - DAG(s) 'dag_scraping_offres_emploi' retrieved from /opt/airflow/dags/DagScraper.py
[2026-04-16T20:09:48.241+0000] {logging_mixin.py:188} INFO - [2026-04-16T20:09:48.239+0000] {dag.py:3096} INFO - Sync 1 DAGs
[2026-04-16T20:09:48.579+0000] {logging_mixin.py:188} INFO - [2026-04-16T20:09:48.578+0000] {dag.py:3954} INFO - Setting next_dagrun for dag_scraping_offres_emploi to 2026-04-16 12:00:00+00:00, run_after=2026-04-16 18:00:00+00:00
[2026-04-16T20:09:48.733+0000] {processor.py:183} INFO - Processing /opt/airflow/dags/DagScraper.py took 1.497 seconds
[2026-04-16T20:10:18.999+0000] {processor.py:161} INFO - Started process (PID=5522) to work on /opt/airflow/dags/DagScraper.py
[2026-04-16T20:10:19.003+0000] {processor.py:830} INFO - Processing file /opt/airflow/dags/DagScraper.py for tasks to queue
[2026-04-16T20:10:19.007+0000] {logging_mixin.py:188} INFO - [2026-04-16T20:10:19.006+0000] {dagbag.py:545} INFO - Filling up the DagBag from /opt/airflow/dags/DagScraper.py
[2026-04-16T20:10:19.057+0000] {processor.py:840} INFO - DAG(s) 'dag_scraping_offres_emploi' retrieved from /opt/airflow/dags/DagScraper.py
[2026-04-16T20:10:19.306+0000] {logging_mixin.py:188} INFO - [2026-04-16T20:10:19.305+0000] {dag.py:3096} INFO - Sync 1 DAGs
[2026-04-16T20:10:19.482+0000] {logging_mixin.py:188} INFO - [2026-04-16T20:10:19.481+0000] {dag.py:3954} INFO - Setting next_dagrun for dag_scraping_offres_emploi to 2026-04-16 12:00:00+00:00, run_after=2026-04-16 18:00:00+00:00
[2026-04-16T20:10:19.640+0000] {processor.py:183} INFO - Processing /opt/airflow/dags/DagScraper.py took 0.651 seconds
[2026-04-16T20:10:50.524+0000] {processor.py:161} INFO - Started process (PID=5536) to work on /opt/airflow/dags/DagScraper.py
[2026-04-16T20:10:50.525+0000] {processor.py:830} INFO - Processing file /opt/airflow/dags/DagScraper.py for tasks to queue
[2026-04-16T20:10:50.529+0000] {logging_mixin.py:188} INFO - [2026-04-16T20:10:50.528+0000] {dagbag.py:545} INFO - Filling up the DagBag from /opt/airflow/dags/DagScraper.py
[2026-04-16T20:10:50.579+0000] {processor.py:840} INFO - DAG(s) 'dag_scraping_offres_emploi' retrieved from /opt/airflow/dags/DagScraper.py
[2026-04-16T20:10:50.714+0000] {logging_mixin.py:188} INFO - [2026-04-16T20:10:50.713+0000] {dag.py:3096} INFO - Sync 1 DAGs
[2026-04-16T20:10:50.788+0000] {logging_mixin.py:188} INFO - [2026-04-16T20:10:50.787+0000] {dag.py:3954} INFO - Setting next_dagrun for dag_scraping_offres_emploi to 2026-04-16 12:00:00+00:00, run_after=2026-04-16 18:00:00+00:00
[2026-04-16T20:10:50.837+0000] {processor.py:183} INFO - Processing /opt/airflow/dags/DagScraper.py took 0.326 seconds
[2026-04-16T20:11:21.011+0000] {processor.py:161} INFO - Started process (PID=5551) to work on /opt/airflow/dags/DagScraper.py
[2026-04-16T20:11:21.023+0000] {processor.py:830} INFO - Processing file /opt/airflow/dags/DagScraper.py for tasks to queue
[2026-04-16T20:11:21.028+0000] {logging_mixin.py:188} INFO - [2026-04-16T20:11:21.027+0000] {dagbag.py:545} INFO - Filling up the DagBag from /opt/airflow/dags/DagScraper.py
[2026-04-16T20:11:21.147+0000] {processor.py:840} INFO - DAG(s) 'dag_scraping_offres_emploi' retrieved from /opt/airflow/dags/DagScraper.py
[2026-04-16T20:11:21.273+0000] {logging_mixin.py:188} INFO - [2026-04-16T20:11:21.272+0000] {dag.py:3096} INFO - Sync 1 DAGs
[2026-04-16T20:11:21.443+0000] {logging_mixin.py:188} INFO - [2026-04-16T20:11:21.443+0000] {dag.py:3954} INFO - Setting next_dagrun for dag_scraping_offres_emploi to 2026-04-16 12:00:00+00:00, run_after=2026-04-16 18:00:00+00:00
[2026-04-16T20:11:21.571+0000] {processor.py:183} INFO - Processing /opt/airflow/dags/DagScraper.py took 0.617 seconds
[2026-04-16T20:11:51.967+0000] {processor.py:161} INFO - Started process (PID=5558) to work on /opt/airflow/dags/DagScraper.py
[2026-04-16T20:11:51.985+0000] {processor.py:830} INFO - Processing file /opt/airflow/dags/DagScraper.py for tasks to queue
[2026-04-16T20:11:52.016+0000] {logging_mixin.py:188} INFO - [2026-04-16T20:11:52.015+0000] {dagbag.py:545} INFO - Filling up the DagBag from /opt/airflow/dags/DagScraper.py
[2026-04-16T20:11:52.264+0000] {processor.py:840} INFO - DAG(s) 'dag_scraping_offres_emploi' retrieved from /opt/airflow/dags/DagScraper.py
[2026-04-16T20:11:52.471+0000] {logging_mixin.py:188} INFO - [2026-04-16T20:11:52.471+0000] {dag.py:3096} INFO - Sync 1 DAGs
[2026-04-16T20:11:52.587+0000] {logging_mixin.py:188} INFO - [2026-04-16T20:11:52.586+0000] {dag.py:3954} INFO - Setting next_dagrun for dag_scraping_offres_emploi to 2026-04-16 12:00:00+00:00, run_after=2026-04-16 18:00:00+00:00
[2026-04-16T20:11:52.843+0000] {processor.py:183} INFO - Processing /opt/airflow/dags/DagScraper.py took 0.923 seconds
[2026-04-16T20:12:23.814+0000] {processor.py:161} INFO - Started process (PID=5572) to work on /opt/airflow/dags/DagScraper.py
[2026-04-16T20:12:23.816+0000] {processor.py:830} INFO - Processing file /opt/airflow/dags/DagScraper.py for tasks to queue
[2026-04-16T20:12:23.827+0000] {logging_mixin.py:188} INFO - [2026-04-16T20:12:23.825+0000] {dagbag.py:545} INFO - Filling up the DagBag from /opt/airflow/dags/DagScraper.py
[2026-04-16T20:12:23.944+0000] {processor.py:840} INFO - DAG(s) 'dag_scraping_offres_emploi' retrieved from /opt/airflow/dags/DagScraper.py
[2026-04-16T20:12:24.218+0000] {logging_mixin.py:188} INFO - [2026-04-16T20:12:24.217+0000] {dag.py:3096} INFO - Sync 1 DAGs
[2026-04-16T20:12:24.498+0000] {logging_mixin.py:188} INFO - [2026-04-16T20:12:24.493+0000] {dag.py:3954} INFO - Setting next_dagrun for dag_scraping_offres_emploi to 2026-04-16 12:00:00+00:00, run_after=2026-04-16 18:00:00+00:00
[2026-04-16T20:12:24.632+0000] {processor.py:183} INFO - Processing /opt/airflow/dags/DagScraper.py took 0.842 seconds
[2026-04-16T20:12:55.312+0000] {processor.py:161} INFO - Started process (PID=5580) to work on /opt/airflow/dags/DagScraper.py
[2026-04-16T20:12:55.315+0000] {processor.py:830} INFO - Processing file /opt/airflow/dags/DagScraper.py for tasks to queue
[2026-04-16T20:12:55.320+0000] {logging_mixin.py:188} INFO - [2026-04-16T20:12:55.319+0000] {dagbag.py:545} INFO - Filling up the DagBag from /opt/airflow/dags/DagScraper.py
[2026-04-16T20:12:55.445+0000] {processor.py:840} INFO - DAG(s) 'dag_scraping_offres_emploi' retrieved from /opt/airflow/dags/DagScraper.py
[2026-04-16T20:12:55.554+0000] {logging_mixin.py:188} INFO - [2026-04-16T20:12:55.554+0000] {dag.py:3096} INFO - Sync 1 DAGs
[2026-04-16T20:12:55.616+0000] {logging_mixin.py:188} INFO - [2026-04-16T20:12:55.614+0000] {dag.py:3954} INFO - Setting next_dagrun for dag_scraping_offres_emploi to 2026-04-16 12:00:00+00:00, run_after=2026-04-16 18:00:00+00:00
[2026-04-16T20:12:55.662+0000] {processor.py:183} INFO - Processing /opt/airflow/dags/DagScraper.py took 0.368 seconds
[2026-04-16T20:13:26.044+0000] {processor.py:161} INFO - Started process (PID=5594) to work on /opt/airflow/dags/DagScraper.py
[2026-04-16T20:13:26.046+0000] {processor.py:830} INFO - Processing file /opt/airflow/dags/DagScraper.py for tasks to queue
[2026-04-16T20:13:26.052+0000] {logging_mixin.py:188} INFO - [2026-04-16T20:13:26.051+0000] {dagbag.py:545} INFO - Filling up the DagBag from /opt/airflow/dags/DagScraper.py
[2026-04-16T20:13:26.101+0000] {processor.py:840} INFO - DAG(s) 'dag_scraping_offres_emploi' retrieved from /opt/airflow/dags/DagScraper.py
[2026-04-16T20:13:26.182+0000] {logging_mixin.py:188} INFO - [2026-04-16T20:13:26.180+0000] {dag.py:3096} INFO - Sync 1 DAGs
[2026-04-16T20:13:26.265+0000] {logging_mixin.py:188} INFO - [2026-04-16T20:13:26.265+0000] {dag.py:3954} INFO - Setting next_dagrun for dag_scraping_offres_emploi to 2026-04-16 12:00:00+00:00, run_after=2026-04-16 18:00:00+00:00
[2026-04-16T20:13:26.323+0000] {processor.py:183} INFO - Processing /opt/airflow/dags/DagScraper.py took 0.295 seconds
[2026-04-16T20:13:57.043+0000] {processor.py:161} INFO - Started process (PID=5602) to work on /opt/airflow/dags/DagScraper.py
[2026-04-16T20:13:57.046+0000] {processor.py:830} INFO - Processing file /opt/airflow/dags/DagScraper.py for tasks to queue
[2026-04-16T20:13:57.055+0000] {logging_mixin.py:188} INFO - [2026-04-16T20:13:57.054+0000] {dagbag.py:545} INFO - Filling up the DagBag from /opt/airflow/dags/DagScraper.py
[2026-04-16T20:13:57.150+0000] {processor.py:840} INFO - DAG(s) 'dag_scraping_offres_emploi' retrieved from /opt/airflow/dags/DagScraper.py
[2026-04-16T20:13:57.256+0000] {logging_mixin.py:188} INFO - [2026-04-16T20:13:57.256+0000] {dag.py:3096} INFO - Sync 1 DAGs
[2026-04-16T20:13:57.307+0000] {logging_mixin.py:188} INFO - [2026-04-16T20:13:57.306+0000] {dag.py:3954} INFO - Setting next_dagrun for dag_scraping_offres_emploi to 2026-04-16 12:00:00+00:00, run_after=2026-04-16 18:00:00+00:00
[2026-04-16T20:13:57.350+0000] {processor.py:183} INFO - Processing /opt/airflow/dags/DagScraper.py took 0.338 seconds
[2026-04-16T20:14:28.003+0000] {processor.py:161} INFO - Started process (PID=5615) to work on /opt/airflow/dags/DagScraper.py
[2026-04-16T20:14:28.005+0000] {processor.py:830} INFO - Processing file /opt/airflow/dags/DagScraper.py for tasks to queue
[2026-04-16T20:14:28.009+0000] {logging_mixin.py:188} INFO - [2026-04-16T20:14:28.008+0000] {dagbag.py:545} INFO - Filling up the DagBag from /opt/airflow/dags/DagScraper.py
[2026-04-16T20:14:28.061+0000] {processor.py:840} INFO - DAG(s) 'dag_scraping_offres_emploi' retrieved from /opt/airflow/dags/DagScraper.py
[2026-04-16T20:14:28.178+0000] {logging_mixin.py:188} INFO - [2026-04-16T20:14:28.178+0000] {dag.py:3096} INFO - Sync 1 DAGs
[2026-04-16T20:14:28.250+0000] {logging_mixin.py:188} INFO - [2026-04-16T20:14:28.249+0000] {dag.py:3954} INFO - Setting next_dagrun for dag_scraping_offres_emploi to 2026-04-16 12:00:00+00:00, run_after=2026-04-16 18:00:00+00:00
[2026-04-16T20:14:28.293+0000] {processor.py:183} INFO - Processing /opt/airflow/dags/DagScraper.py took 0.310 seconds
[2026-04-16T20:14:58.601+0000] {processor.py:161} INFO - Started process (PID=5623) to work on /opt/airflow/dags/DagScraper.py
[2026-04-16T20:14:58.603+0000] {processor.py:830} INFO - Processing file /opt/airflow/dags/DagScraper.py for tasks to queue
[2026-04-16T20:14:58.607+0000] {logging_mixin.py:188} INFO - [2026-04-16T20:14:58.606+0000] {dagbag.py:545} INFO - Filling up the DagBag from /opt/airflow/dags/DagScraper.py
[2026-04-16T20:14:58.644+0000] {processor.py:840} INFO - DAG(s) 'dag_scraping_offres_emploi' retrieved from /opt/airflow/dags/DagScraper.py
[2026-04-16T20:14:58.743+0000] {logging_mixin.py:188} INFO - [2026-04-16T20:14:58.743+0000] {dag.py:3096} INFO - Sync 1 DAGs
[2026-04-16T20:14:58.835+0000] {logging_mixin.py:188} INFO - [2026-04-16T20:14:58.834+0000] {dag.py:3954} INFO - Setting next_dagrun for dag_scraping_offres_emploi to 2026-04-16 12:00:00+00:00, run_after=2026-04-16 18:00:00+00:00
[2026-04-16T20:14:58.890+0000] {processor.py:183} INFO - Processing /opt/airflow/dags/DagScraper.py took 0.302 seconds
[2026-04-16T20:15:29.516+0000] {processor.py:161} INFO - Started process (PID=5639) to work on /opt/airflow/dags/DagScraper.py
[2026-04-16T20:15:29.520+0000] {processor.py:830} INFO - Processing file /opt/airflow/dags/DagScraper.py for tasks to queue
[2026-04-16T20:15:29.526+0000] {logging_mixin.py:188} INFO - [2026-04-16T20:15:29.525+0000] {dagbag.py:545} INFO - Filling up the DagBag from /opt/airflow/dags/DagScraper.py
[2026-04-16T20:15:29.580+0000] {processor.py:840} INFO - DAG(s) 'dag_scraping_offres_emploi' retrieved from /opt/airflow/dags/DagScraper.py
[2026-04-16T20:15:29.668+0000] {logging_mixin.py:188} INFO - [2026-04-16T20:15:29.668+0000] {dag.py:3096} INFO - Sync 1 DAGs
[2026-04-16T20:15:29.757+0000] {logging_mixin.py:188} INFO - [2026-04-16T20:15:29.756+0000] {dag.py:3954} INFO - Setting next_dagrun for dag_scraping_offres_emploi to 2026-04-16 12:00:00+00:00, run_after=2026-04-16 18:00:00+00:00
[2026-04-16T20:15:29.830+0000] {processor.py:183} INFO - Processing /opt/airflow/dags/DagScraper.py took 0.335 seconds
[2026-04-16T20:16:00.473+0000] {processor.py:161} INFO - Started process (PID=5647) to work on /opt/airflow/dags/DagScraper.py
[2026-04-16T20:16:00.475+0000] {processor.py:830} INFO - Processing file /opt/airflow/dags/DagScraper.py for tasks to queue
[2026-04-16T20:16:00.487+0000] {logging_mixin.py:188} INFO - [2026-04-16T20:16:00.486+0000] {dagbag.py:545} INFO - Filling up the DagBag from /opt/airflow/dags/DagScraper.py
[2026-04-16T20:16:00.615+0000] {processor.py:840} INFO - DAG(s) 'dag_scraping_offres_emploi' retrieved from /opt/airflow/dags/DagScraper.py
[2026-04-16T20:16:00.763+0000] {logging_mixin.py:188} INFO - [2026-04-16T20:16:00.762+0000] {dag.py:3096} INFO - Sync 1 DAGs
[2026-04-16T20:16:00.849+0000] {logging_mixin.py:188} INFO - [2026-04-16T20:16:00.848+0000] {dag.py:3954} INFO - Setting next_dagrun for dag_scraping_offres_emploi to 2026-04-16 12:00:00+00:00, run_after=2026-04-16 18:00:00+00:00
[2026-04-16T20:16:00.935+0000] {processor.py:183} INFO - Processing /opt/airflow/dags/DagScraper.py took 0.490 seconds
[2026-04-16T20:16:31.486+0000] {processor.py:161} INFO - Started process (PID=5660) to work on /opt/airflow/dags/DagScraper.py
[2026-04-16T20:16:31.488+0000] {processor.py:830} INFO - Processing file /opt/airflow/dags/DagScraper.py for tasks to queue
[2026-04-16T20:16:31.492+0000] {logging_mixin.py:188} INFO - [2026-04-16T20:16:31.491+0000] {dagbag.py:545} INFO - Filling up the DagBag from /opt/airflow/dags/DagScraper.py
[2026-04-16T20:16:31.556+0000] {processor.py:840} INFO - DAG(s) 'dag_scraping_offres_emploi' retrieved from /opt/airflow/dags/DagScraper.py
[2026-04-16T20:16:31.690+0000] {logging_mixin.py:188} INFO - [2026-04-16T20:16:31.690+0000] {dag.py:3096} INFO - Sync 1 DAGs
[2026-04-16T20:16:31.753+0000] {logging_mixin.py:188} INFO - [2026-04-16T20:16:31.752+0000] {dag.py:3954} INFO - Setting next_dagrun for dag_scraping_offres_emploi to 2026-04-16 12:00:00+00:00, run_after=2026-04-16 18:00:00+00:00
[2026-04-16T20:16:31.889+0000] {processor.py:183} INFO - Processing /opt/airflow/dags/DagScraper.py took 0.417 seconds
[2026-04-16T20:17:02.717+0000] {processor.py:161} INFO - Started process (PID=5668) to work on /opt/airflow/dags/DagScraper.py
[2026-04-16T20:17:02.726+0000] {processor.py:830} INFO - Processing file /opt/airflow/dags/DagScraper.py for tasks to queue
[2026-04-16T20:17:02.749+0000] {logging_mixin.py:188} INFO - [2026-04-16T20:17:02.748+0000] {dagbag.py:545} INFO - Filling up the DagBag from /opt/airflow/dags/DagScraper.py
[2026-04-16T20:17:02.855+0000] {processor.py:840} INFO - DAG(s) 'dag_scraping_offres_emploi' retrieved from /opt/airflow/dags/DagScraper.py
[2026-04-16T20:17:03.034+0000] {logging_mixin.py:188} INFO - [2026-04-16T20:17:03.033+0000] {dag.py:3096} INFO - Sync 1 DAGs
[2026-04-16T20:17:03.117+0000] {logging_mixin.py:188} INFO - [2026-04-16T20:17:03.117+0000] {dag.py:3954} INFO - Setting next_dagrun for dag_scraping_offres_emploi to 2026-04-16 12:00:00+00:00, run_after=2026-04-16 18:00:00+00:00
[2026-04-16T20:17:03.173+0000] {processor.py:183} INFO - Processing /opt/airflow/dags/DagScraper.py took 0.477 seconds
[2026-04-16T20:17:33.799+0000] {processor.py:161} INFO - Started process (PID=5683) to work on /opt/airflow/dags/DagScraper.py
[2026-04-16T20:17:33.802+0000] {processor.py:830} INFO - Processing file /opt/airflow/dags/DagScraper.py for tasks to queue
[2026-04-16T20:17:33.808+0000] {logging_mixin.py:188} INFO - [2026-04-16T20:17:33.807+0000] {dagbag.py:545} INFO - Filling up the DagBag from /opt/airflow/dags/DagScraper.py
[2026-04-16T20:17:33.876+0000] {processor.py:840} INFO - DAG(s) 'dag_scraping_offres_emploi' retrieved from /opt/airflow/dags/DagScraper.py
[2026-04-16T20:17:33.980+0000] {logging_mixin.py:188} INFO - [2026-04-16T20:17:33.979+0000] {dag.py:3096} INFO - Sync 1 DAGs
[2026-04-16T20:17:34.071+0000] {logging_mixin.py:188} INFO - [2026-04-16T20:17:34.070+0000] {dag.py:3954} INFO - Setting next_dagrun for dag_scraping_offres_emploi to 2026-04-16 12:00:00+00:00, run_after=2026-04-16 18:00:00+00:00
[2026-04-16T20:17:34.173+0000] {processor.py:183} INFO - Processing /opt/airflow/dags/DagScraper.py took 0.406 seconds
[2026-04-16T20:18:04.926+0000] {processor.py:161} INFO - Started process (PID=5692) to work on /opt/airflow/dags/DagScraper.py
[2026-04-16T20:18:04.927+0000] {processor.py:830} INFO - Processing file /opt/airflow/dags/DagScraper.py for tasks to queue
[2026-04-16T20:18:04.931+0000] {logging_mixin.py:188} INFO - [2026-04-16T20:18:04.930+0000] {dagbag.py:545} INFO - Filling up the DagBag from /opt/airflow/dags/DagScraper.py
[2026-04-16T20:18:04.972+0000] {processor.py:840} INFO - DAG(s) 'dag_scraping_offres_emploi' retrieved from /opt/airflow/dags/DagScraper.py
[2026-04-16T20:18:05.058+0000] {logging_mixin.py:188} INFO - [2026-04-16T20:18:05.057+0000] {dag.py:3096} INFO - Sync 1 DAGs
[2026-04-16T20:18:05.113+0000] {logging_mixin.py:188} INFO - [2026-04-16T20:18:05.113+0000] {dag.py:3954} INFO - Setting next_dagrun for dag_scraping_offres_emploi to 2026-04-16 12:00:00+00:00, run_after=2026-04-16 18:00:00+00:00
[2026-04-16T20:18:05.156+0000] {processor.py:183} INFO - Processing /opt/airflow/dags/DagScraper.py took 0.249 seconds
[2026-04-16T20:18:36.041+0000] {processor.py:161} INFO - Started process (PID=5708) to work on /opt/airflow/dags/DagScraper.py
[2026-04-16T20:18:36.044+0000] {processor.py:830} INFO - Processing file /opt/airflow/dags/DagScraper.py for tasks to queue
[2026-04-16T20:18:36.048+0000] {logging_mixin.py:188} INFO - [2026-04-16T20:18:36.047+0000] {dagbag.py:545} INFO - Filling up the DagBag from /opt/airflow/dags/DagScraper.py
[2026-04-16T20:18:36.103+0000] {processor.py:840} INFO - DAG(s) 'dag_scraping_offres_emploi' retrieved from /opt/airflow/dags/DagScraper.py
[2026-04-16T20:18:36.171+0000] {logging_mixin.py:188} INFO - [2026-04-16T20:18:36.171+0000] {dag.py:3096} INFO - Sync 1 DAGs
[2026-04-16T20:18:36.224+0000] {logging_mixin.py:188} INFO - [2026-04-16T20:18:36.224+0000] {dag.py:3954} INFO - Setting next_dagrun for dag_scraping_offres_emploi to 2026-04-16 12:00:00+00:00, run_after=2026-04-16 18:00:00+00:00
[2026-04-16T20:18:36.267+0000] {processor.py:183} INFO - Processing /opt/airflow/dags/DagScraper.py took 0.258 seconds
[2026-04-16T20:19:06.858+0000] {processor.py:161} INFO - Started process (PID=5722) to work on /opt/airflow/dags/DagScraper.py
[2026-04-16T20:19:06.861+0000] {processor.py:830} INFO - Processing file /opt/airflow/dags/DagScraper.py for tasks to queue
[2026-04-16T20:19:06.867+0000] {logging_mixin.py:188} INFO - [2026-04-16T20:19:06.866+0000] {dagbag.py:545} INFO - Filling up the DagBag from /opt/airflow/dags/DagScraper.py
[2026-04-16T20:19:06.957+0000] {processor.py:840} INFO - DAG(s) 'dag_scraping_offres_emploi' retrieved from /opt/airflow/dags/DagScraper.py
[2026-04-16T20:19:07.085+0000] {logging_mixin.py:188} INFO - [2026-04-16T20:19:07.084+0000] {dag.py:3096} INFO - Sync 1 DAGs
[2026-04-16T20:19:07.194+0000] {logging_mixin.py:188} INFO - [2026-04-16T20:19:07.191+0000] {dag.py:3954} INFO - Setting next_dagrun for dag_scraping_offres_emploi to 2026-04-16 12:00:00+00:00, run_after=2026-04-16 18:00:00+00:00
[2026-04-16T20:19:07.307+0000] {processor.py:183} INFO - Processing /opt/airflow/dags/DagScraper.py took 0.480 seconds
[2026-04-16T20:19:37.432+0000] {processor.py:161} INFO - Started process (PID=5730) to work on /opt/airflow/dags/DagScraper.py
[2026-04-16T20:19:37.435+0000] {processor.py:830} INFO - Processing file /opt/airflow/dags/DagScraper.py for tasks to queue
[2026-04-16T20:19:37.440+0000] {logging_mixin.py:188} INFO - [2026-04-16T20:19:37.440+0000] {dagbag.py:545} INFO - Filling up the DagBag from /opt/airflow/dags/DagScraper.py
[2026-04-16T20:19:37.531+0000] {processor.py:840} INFO - DAG(s) 'dag_scraping_offres_emploi' retrieved from /opt/airflow/dags/DagScraper.py
[2026-04-16T20:19:37.627+0000] {logging_mixin.py:188} INFO - [2026-04-16T20:19:37.627+0000] {dag.py:3096} INFO - Sync 1 DAGs
[2026-04-16T20:19:37.673+0000] {logging_mixin.py:188} INFO - [2026-04-16T20:19:37.672+0000] {dag.py:3954} INFO - Setting next_dagrun for dag_scraping_offres_emploi to 2026-04-16 12:00:00+00:00, run_after=2026-04-16 18:00:00+00:00
[2026-04-16T20:19:37.731+0000] {processor.py:183} INFO - Processing /opt/airflow/dags/DagScraper.py took 0.322 seconds
[2026-04-16T20:20:08.452+0000] {processor.py:161} INFO - Started process (PID=5744) to work on /opt/airflow/dags/DagScraper.py
[2026-04-16T20:20:08.454+0000] {processor.py:830} INFO - Processing file /opt/airflow/dags/DagScraper.py for tasks to queue
[2026-04-16T20:20:08.458+0000] {logging_mixin.py:188} INFO - [2026-04-16T20:20:08.458+0000] {dagbag.py:545} INFO - Filling up the DagBag from /opt/airflow/dags/DagScraper.py
[2026-04-16T20:20:08.511+0000] {processor.py:840} INFO - DAG(s) 'dag_scraping_offres_emploi' retrieved from /opt/airflow/dags/DagScraper.py
[2026-04-16T20:20:08.677+0000] {logging_mixin.py:188} INFO - [2026-04-16T20:20:08.676+0000] {dag.py:3096} INFO - Sync 1 DAGs
[2026-04-16T20:20:08.737+0000] {logging_mixin.py:188} INFO - [2026-04-16T20:20:08.737+0000] {dag.py:3954} INFO - Setting next_dagrun for dag_scraping_offres_emploi to 2026-04-16 12:00:00+00:00, run_after=2026-04-16 18:00:00+00:00
[2026-04-16T20:20:08.780+0000] {processor.py:183} INFO - Processing /opt/airflow/dags/DagScraper.py took 0.350 seconds
[2026-04-16T20:20:39.427+0000] {processor.py:161} INFO - Started process (PID=5752) to work on /opt/airflow/dags/DagScraper.py
[2026-04-16T20:20:39.429+0000] {processor.py:830} INFO - Processing file /opt/airflow/dags/DagScraper.py for tasks to queue
[2026-04-16T20:20:39.438+0000] {logging_mixin.py:188} INFO - [2026-04-16T20:20:39.437+0000] {dagbag.py:545} INFO - Filling up the DagBag from /opt/airflow/dags/DagScraper.py
[2026-04-16T20:20:39.550+0000] {processor.py:840} INFO - DAG(s) 'dag_scraping_offres_emploi' retrieved from /opt/airflow/dags/DagScraper.py
[2026-04-16T20:20:39.736+0000] {logging_mixin.py:188} INFO - [2026-04-16T20:20:39.735+0000] {dag.py:3096} INFO - Sync 1 DAGs
[2026-04-16T20:20:39.942+0000] {logging_mixin.py:188} INFO - [2026-04-16T20:20:39.941+0000] {dag.py:3954} INFO - Setting next_dagrun for dag_scraping_offres_emploi to 2026-04-16 12:00:00+00:00, run_after=2026-04-16 18:00:00+00:00
[2026-04-16T20:20:40.042+0000] {processor.py:183} INFO - Processing /opt/airflow/dags/DagScraper.py took 0.658 seconds
[2026-04-16T20:21:10.858+0000] {processor.py:161} INFO - Started process (PID=5768) to work on /opt/airflow/dags/DagScraper.py
[2026-04-16T20:21:10.860+0000] {processor.py:830} INFO - Processing file /opt/airflow/dags/DagScraper.py for tasks to queue
[2026-04-16T20:21:10.864+0000] {logging_mixin.py:188} INFO - [2026-04-16T20:21:10.863+0000] {dagbag.py:545} INFO - Filling up the DagBag from /opt/airflow/dags/DagScraper.py
[2026-04-16T20:21:10.911+0000] {processor.py:840} INFO - DAG(s) 'dag_scraping_offres_emploi' retrieved from /opt/airflow/dags/DagScraper.py
[2026-04-16T20:21:10.990+0000] {logging_mixin.py:188} INFO - [2026-04-16T20:21:10.990+0000] {dag.py:3096} INFO - Sync 1 DAGs
[2026-04-16T20:21:11.035+0000] {logging_mixin.py:188} INFO - [2026-04-16T20:21:11.035+0000] {dag.py:3954} INFO - Setting next_dagrun for dag_scraping_offres_emploi to 2026-04-16 12:00:00+00:00, run_after=2026-04-16 18:00:00+00:00
[2026-04-16T20:21:11.080+0000] {processor.py:183} INFO - Processing /opt/airflow/dags/DagScraper.py took 0.240 seconds
[2026-04-16T20:21:41.483+0000] {processor.py:161} INFO - Started process (PID=5777) to work on /opt/airflow/dags/DagScraper.py
[2026-04-16T20:21:41.485+0000] {processor.py:830} INFO - Processing file /opt/airflow/dags/DagScraper.py for tasks to queue
[2026-04-16T20:21:41.491+0000] {logging_mixin.py:188} INFO - [2026-04-16T20:21:41.491+0000] {dagbag.py:545} INFO - Filling up the DagBag from /opt/airflow/dags/DagScraper.py
[2026-04-16T20:21:41.537+0000] {processor.py:840} INFO - DAG(s) 'dag_scraping_offres_emploi' retrieved from /opt/airflow/dags/DagScraper.py
[2026-04-16T20:21:41.671+0000] {logging_mixin.py:188} INFO - [2026-04-16T20:21:41.670+0000] {dag.py:3096} INFO - Sync 1 DAGs
[2026-04-16T20:21:41.744+0000] {logging_mixin.py:188} INFO - [2026-04-16T20:21:41.743+0000] {dag.py:3954} INFO - Setting next_dagrun for dag_scraping_offres_emploi to 2026-04-16 12:00:00+00:00, run_after=2026-04-16 18:00:00+00:00
[2026-04-16T20:21:41.794+0000] {processor.py:183} INFO - Processing /opt/airflow/dags/DagScraper.py took 0.329 seconds
[2026-04-16T20:22:12.491+0000] {processor.py:161} INFO - Started process (PID=5791) to work on /opt/airflow/dags/DagScraper.py
[2026-04-16T20:22:12.493+0000] {processor.py:830} INFO - Processing file /opt/airflow/dags/DagScraper.py for tasks to queue
[2026-04-16T20:22:12.500+0000] {logging_mixin.py:188} INFO - [2026-04-16T20:22:12.497+0000] {dagbag.py:545} INFO - Filling up the DagBag from /opt/airflow/dags/DagScraper.py
[2026-04-16T20:22:12.656+0000] {processor.py:840} INFO - DAG(s) 'dag_scraping_offres_emploi' retrieved from /opt/airflow/dags/DagScraper.py
[2026-04-16T20:22:12.743+0000] {logging_mixin.py:188} INFO - [2026-04-16T20:22:12.743+0000] {dag.py:3096} INFO - Sync 1 DAGs
[2026-04-16T20:22:12.800+0000] {logging_mixin.py:188} INFO - [2026-04-16T20:22:12.800+0000] {dag.py:3954} INFO - Setting next_dagrun for dag_scraping_offres_emploi to 2026-04-16 12:00:00+00:00, run_after=2026-04-16 18:00:00+00:00
[2026-04-16T20:22:12.856+0000] {processor.py:183} INFO - Processing /opt/airflow/dags/DagScraper.py took 0.388 seconds
[2026-04-16T20:22:43.465+0000] {processor.py:161} INFO - Started process (PID=5800) to work on /opt/airflow/dags/DagScraper.py
[2026-04-16T20:22:43.468+0000] {processor.py:830} INFO - Processing file /opt/airflow/dags/DagScraper.py for tasks to queue
[2026-04-16T20:22:43.476+0000] {logging_mixin.py:188} INFO - [2026-04-16T20:22:43.475+0000] {dagbag.py:545} INFO - Filling up the DagBag from /opt/airflow/dags/DagScraper.py
[2026-04-16T20:22:43.534+0000] {processor.py:840} INFO - DAG(s) 'dag_scraping_offres_emploi' retrieved from /opt/airflow/dags/DagScraper.py
[2026-04-16T20:22:43.601+0000] {logging_mixin.py:188} INFO - [2026-04-16T20:22:43.600+0000] {dag.py:3096} INFO - Sync 1 DAGs
[2026-04-16T20:22:43.643+0000] {logging_mixin.py:188} INFO - [2026-04-16T20:22:43.643+0000] {dag.py:3954} INFO - Setting next_dagrun for dag_scraping_offres_emploi to 2026-04-16 12:00:00+00:00, run_after=2026-04-16 18:00:00+00:00
[2026-04-16T20:22:43.724+0000] {processor.py:183} INFO - Processing /opt/airflow/dags/DagScraper.py took 0.281 seconds
[2026-04-16T20:23:14.555+0000] {processor.py:161} INFO - Started process (PID=5814) to work on /opt/airflow/dags/DagScraper.py
[2026-04-16T20:23:14.557+0000] {processor.py:830} INFO - Processing file /opt/airflow/dags/DagScraper.py for tasks to queue
[2026-04-16T20:23:14.563+0000] {logging_mixin.py:188} INFO - [2026-04-16T20:23:14.562+0000] {dagbag.py:545} INFO - Filling up the DagBag from /opt/airflow/dags/DagScraper.py
[2026-04-16T20:23:14.630+0000] {processor.py:840} INFO - DAG(s) 'dag_scraping_offres_emploi' retrieved from /opt/airflow/dags/DagScraper.py
[2026-04-16T20:23:14.707+0000] {logging_mixin.py:188} INFO - [2026-04-16T20:23:14.705+0000] {dag.py:3096} INFO - Sync 1 DAGs
[2026-04-16T20:23:14.810+0000] {logging_mixin.py:188} INFO - [2026-04-16T20:23:14.807+0000] {dag.py:3954} INFO - Setting next_dagrun for dag_scraping_offres_emploi to 2026-04-16 12:00:00+00:00, run_after=2026-04-16 18:00:00+00:00
[2026-04-16T20:23:14.865+0000] {processor.py:183} INFO - Processing /opt/airflow/dags/DagScraper.py took 0.338 seconds
[2026-04-16T20:23:45.315+0000] {processor.py:161} INFO - Started process (PID=5822) to work on /opt/airflow/dags/DagScraper.py
[2026-04-16T20:23:45.318+0000] {processor.py:830} INFO - Processing file /opt/airflow/dags/DagScraper.py for tasks to queue
[2026-04-16T20:23:45.323+0000] {logging_mixin.py:188} INFO - [2026-04-16T20:23:45.322+0000] {dagbag.py:545} INFO - Filling up the DagBag from /opt/airflow/dags/DagScraper.py
[2026-04-16T20:23:45.374+0000] {processor.py:840} INFO - DAG(s) 'dag_scraping_offres_emploi' retrieved from /opt/airflow/dags/DagScraper.py
[2026-04-16T20:23:45.441+0000] {logging_mixin.py:188} INFO - [2026-04-16T20:23:45.441+0000] {dag.py:3096} INFO - Sync 1 DAGs
[2026-04-16T20:23:45.494+0000] {logging_mixin.py:188} INFO - [2026-04-16T20:23:45.493+0000] {dag.py:3954} INFO - Setting next_dagrun for dag_scraping_offres_emploi to 2026-04-16 12:00:00+00:00, run_after=2026-04-16 18:00:00+00:00
[2026-04-16T20:23:45.560+0000] {processor.py:183} INFO - Processing /opt/airflow/dags/DagScraper.py took 0.262 seconds
[2026-04-16T20:24:16.436+0000] {processor.py:161} INFO - Started process (PID=5836) to work on /opt/airflow/dags/DagScraper.py
[2026-04-16T20:24:16.438+0000] {processor.py:830} INFO - Processing file /opt/airflow/dags/DagScraper.py for tasks to queue
[2026-04-16T20:24:16.446+0000] {logging_mixin.py:188} INFO - [2026-04-16T20:24:16.446+0000] {dagbag.py:545} INFO - Filling up the DagBag from /opt/airflow/dags/DagScraper.py
[2026-04-16T20:24:16.493+0000] {processor.py:840} INFO - DAG(s) 'dag_scraping_offres_emploi' retrieved from /opt/airflow/dags/DagScraper.py
[2026-04-16T20:24:16.629+0000] {logging_mixin.py:188} INFO - [2026-04-16T20:24:16.629+0000] {dag.py:3096} INFO - Sync 1 DAGs
[2026-04-16T20:24:16.763+0000] {logging_mixin.py:188} INFO - [2026-04-16T20:24:16.763+0000] {dag.py:3954} INFO - Setting next_dagrun for dag_scraping_offres_emploi to 2026-04-16 12:00:00+00:00, run_after=2026-04-16 18:00:00+00:00
[2026-04-16T20:24:16.978+0000] {processor.py:183} INFO - Processing /opt/airflow/dags/DagScraper.py took 0.571 seconds
[2026-04-16T20:24:47.640+0000] {processor.py:161} INFO - Started process (PID=5844) to work on /opt/airflow/dags/DagScraper.py
[2026-04-16T20:24:47.642+0000] {processor.py:830} INFO - Processing file /opt/airflow/dags/DagScraper.py for tasks to queue
[2026-04-16T20:24:47.657+0000] {logging_mixin.py:188} INFO - [2026-04-16T20:24:47.647+0000] {dagbag.py:545} INFO - Filling up the DagBag from /opt/airflow/dags/DagScraper.py
[2026-04-16T20:24:47.819+0000] {processor.py:840} INFO - DAG(s) 'dag_scraping_offres_emploi' retrieved from /opt/airflow/dags/DagScraper.py
[2026-04-16T20:24:48.265+0000] {logging_mixin.py:188} INFO - [2026-04-16T20:24:48.263+0000] {dag.py:3096} INFO - Sync 1 DAGs
[2026-04-16T20:24:48.455+0000] {logging_mixin.py:188} INFO - [2026-04-16T20:24:48.452+0000] {dag.py:3954} INFO - Setting next_dagrun for dag_scraping_offres_emploi to 2026-04-16 12:00:00+00:00, run_after=2026-04-16 18:00:00+00:00
[2026-04-16T20:24:48.670+0000] {processor.py:183} INFO - Processing /opt/airflow/dags/DagScraper.py took 1.090 seconds
[2026-04-16T20:25:19.512+0000] {processor.py:161} INFO - Started process (PID=5859) to work on /opt/airflow/dags/DagScraper.py
[2026-04-16T20:25:19.514+0000] {processor.py:830} INFO - Processing file /opt/airflow/dags/DagScraper.py for tasks to queue
[2026-04-16T20:25:19.518+0000] {logging_mixin.py:188} INFO - [2026-04-16T20:25:19.517+0000] {dagbag.py:545} INFO - Filling up the DagBag from /opt/airflow/dags/DagScraper.py
[2026-04-16T20:25:19.592+0000] {processor.py:840} INFO - DAG(s) 'dag_scraping_offres_emploi' retrieved from /opt/airflow/dags/DagScraper.py
[2026-04-16T20:25:19.711+0000] {logging_mixin.py:188} INFO - [2026-04-16T20:25:19.711+0000] {dag.py:3096} INFO - Sync 1 DAGs
[2026-04-16T20:25:19.761+0000] {logging_mixin.py:188} INFO - [2026-04-16T20:25:19.761+0000] {dag.py:3954} INFO - Setting next_dagrun for dag_scraping_offres_emploi to 2026-04-16 12:00:00+00:00, run_after=2026-04-16 18:00:00+00:00
[2026-04-16T20:25:19.808+0000] {processor.py:183} INFO - Processing /opt/airflow/dags/DagScraper.py took 0.326 seconds
[2026-04-16T20:25:50.257+0000] {processor.py:161} INFO - Started process (PID=5873) to work on /opt/airflow/dags/DagScraper.py
[2026-04-16T20:25:50.260+0000] {processor.py:830} INFO - Processing file /opt/airflow/dags/DagScraper.py for tasks to queue
[2026-04-16T20:25:50.264+0000] {logging_mixin.py:188} INFO - [2026-04-16T20:25:50.264+0000] {dagbag.py:545} INFO - Filling up the DagBag from /opt/airflow/dags/DagScraper.py
[2026-04-16T20:25:50.319+0000] {processor.py:840} INFO - DAG(s) 'dag_scraping_offres_emploi' retrieved from /opt/airflow/dags/DagScraper.py
[2026-04-16T20:25:50.417+0000] {logging_mixin.py:188} INFO - [2026-04-16T20:25:50.417+0000] {dag.py:3096} INFO - Sync 1 DAGs
[2026-04-16T20:25:50.536+0000] {logging_mixin.py:188} INFO - [2026-04-16T20:25:50.536+0000] {dag.py:3954} INFO - Setting next_dagrun for dag_scraping_offres_emploi to 2026-04-16 12:00:00+00:00, run_after=2026-04-16 18:00:00+00:00
[2026-04-16T20:25:50.605+0000] {processor.py:183} INFO - Processing /opt/airflow/dags/DagScraper.py took 0.399 seconds
[2026-04-16T20:26:21.078+0000] {processor.py:161} INFO - Started process (PID=5881) to work on /opt/airflow/dags/DagScraper.py
[2026-04-16T20:26:21.080+0000] {processor.py:830} INFO - Processing file /opt/airflow/dags/DagScraper.py for tasks to queue
[2026-04-16T20:26:21.085+0000] {logging_mixin.py:188} INFO - [2026-04-16T20:26:21.084+0000] {dagbag.py:545} INFO - Filling up the DagBag from /opt/airflow/dags/DagScraper.py
[2026-04-16T20:26:21.143+0000] {processor.py:840} INFO - DAG(s) 'dag_scraping_offres_emploi' retrieved from /opt/airflow/dags/DagScraper.py
[2026-04-16T20:26:21.250+0000] {logging_mixin.py:188} INFO - [2026-04-16T20:26:21.250+0000] {dag.py:3096} INFO - Sync 1 DAGs
[2026-04-16T20:26:21.306+0000] {logging_mixin.py:188} INFO - [2026-04-16T20:26:21.305+0000] {dag.py:3954} INFO - Setting next_dagrun for dag_scraping_offres_emploi to 2026-04-16 12:00:00+00:00, run_after=2026-04-16 18:00:00+00:00
[2026-04-16T20:26:21.357+0000] {processor.py:183} INFO - Processing /opt/airflow/dags/DagScraper.py took 0.295 seconds
[2026-04-16T20:26:52.111+0000] {processor.py:161} INFO - Started process (PID=5895) to work on /opt/airflow/dags/DagScraper.py
[2026-04-16T20:26:52.113+0000] {processor.py:830} INFO - Processing file /opt/airflow/dags/DagScraper.py for tasks to queue
[2026-04-16T20:26:52.123+0000] {logging_mixin.py:188} INFO - [2026-04-16T20:26:52.121+0000] {dagbag.py:545} INFO - Filling up the DagBag from /opt/airflow/dags/DagScraper.py
[2026-04-16T20:26:52.175+0000] {processor.py:840} INFO - DAG(s) 'dag_scraping_offres_emploi' retrieved from /opt/airflow/dags/DagScraper.py
[2026-04-16T20:26:52.277+0000] {logging_mixin.py:188} INFO - [2026-04-16T20:26:52.276+0000] {dag.py:3096} INFO - Sync 1 DAGs
[2026-04-16T20:26:52.366+0000] {logging_mixin.py:188} INFO - [2026-04-16T20:26:52.365+0000] {dag.py:3954} INFO - Setting next_dagrun for dag_scraping_offres_emploi to 2026-04-16 12:00:00+00:00, run_after=2026-04-16 18:00:00+00:00
[2026-04-16T20:26:52.433+0000] {processor.py:183} INFO - Processing /opt/airflow/dags/DagScraper.py took 0.354 seconds
[2026-04-16T20:27:23.180+0000] {processor.py:161} INFO - Started process (PID=5903) to work on /opt/airflow/dags/DagScraper.py
[2026-04-16T20:27:23.183+0000] {processor.py:830} INFO - Processing file /opt/airflow/dags/DagScraper.py for tasks to queue
[2026-04-16T20:27:23.187+0000] {logging_mixin.py:188} INFO - [2026-04-16T20:27:23.186+0000] {dagbag.py:545} INFO - Filling up the DagBag from /opt/airflow/dags/DagScraper.py
[2026-04-16T20:27:23.242+0000] {processor.py:840} INFO - DAG(s) 'dag_scraping_offres_emploi' retrieved from /opt/airflow/dags/DagScraper.py
[2026-04-16T20:27:23.314+0000] {logging_mixin.py:188} INFO - [2026-04-16T20:27:23.314+0000] {dag.py:3096} INFO - Sync 1 DAGs
[2026-04-16T20:27:23.368+0000] {logging_mixin.py:188} INFO - [2026-04-16T20:27:23.367+0000] {dag.py:3954} INFO - Setting next_dagrun for dag_scraping_offres_emploi to 2026-04-16 12:00:00+00:00, run_after=2026-04-16 18:00:00+00:00
[2026-04-16T20:27:23.415+0000] {processor.py:183} INFO - Processing /opt/airflow/dags/DagScraper.py took 0.251 seconds
[2026-04-16T20:27:54.052+0000] {processor.py:161} INFO - Started process (PID=5917) to work on /opt/airflow/dags/DagScraper.py
[2026-04-16T20:27:54.064+0000] {processor.py:830} INFO - Processing file /opt/airflow/dags/DagScraper.py for tasks to queue
[2026-04-16T20:27:54.082+0000] {logging_mixin.py:188} INFO - [2026-04-16T20:27:54.082+0000] {dagbag.py:545} INFO - Filling up the DagBag from /opt/airflow/dags/DagScraper.py
[2026-04-16T20:27:54.239+0000] {processor.py:840} INFO - DAG(s) 'dag_scraping_offres_emploi' retrieved from /opt/airflow/dags/DagScraper.py
[2026-04-16T20:27:54.395+0000] {logging_mixin.py:188} INFO - [2026-04-16T20:27:54.393+0000] {dag.py:3096} INFO - Sync 1 DAGs
[2026-04-16T20:27:54.507+0000] {logging_mixin.py:188} INFO - [2026-04-16T20:27:54.506+0000] {dag.py:3954} INFO - Setting next_dagrun for dag_scraping_offres_emploi to 2026-04-16 12:00:00+00:00, run_after=2026-04-16 18:00:00+00:00
[2026-04-16T20:27:54.600+0000] {processor.py:183} INFO - Processing /opt/airflow/dags/DagScraper.py took 0.568 seconds
[2026-04-16T20:28:25.470+0000] {processor.py:161} INFO - Started process (PID=5925) to work on /opt/airflow/dags/DagScraper.py
[2026-04-16T20:28:25.471+0000] {processor.py:830} INFO - Processing file /opt/airflow/dags/DagScraper.py for tasks to queue
[2026-04-16T20:28:25.475+0000] {logging_mixin.py:188} INFO - [2026-04-16T20:28:25.474+0000] {dagbag.py:545} INFO - Filling up the DagBag from /opt/airflow/dags/DagScraper.py
[2026-04-16T20:28:25.513+0000] {processor.py:840} INFO - DAG(s) 'dag_scraping_offres_emploi' retrieved from /opt/airflow/dags/DagScraper.py
[2026-04-16T20:28:25.611+0000] {logging_mixin.py:188} INFO - [2026-04-16T20:28:25.611+0000] {dag.py:3096} INFO - Sync 1 DAGs
[2026-04-16T20:28:25.704+0000] {logging_mixin.py:188} INFO - [2026-04-16T20:28:25.703+0000] {dag.py:3954} INFO - Setting next_dagrun for dag_scraping_offres_emploi to 2026-04-16 12:00:00+00:00, run_after=2026-04-16 18:00:00+00:00
[2026-04-16T20:28:25.801+0000] {processor.py:183} INFO - Processing /opt/airflow/dags/DagScraper.py took 0.347 seconds
[2026-04-16T20:28:56.527+0000] {processor.py:161} INFO - Started process (PID=5939) to work on /opt/airflow/dags/DagScraper.py
[2026-04-16T20:28:56.570+0000] {processor.py:830} INFO - Processing file /opt/airflow/dags/DagScraper.py for tasks to queue
[2026-04-16T20:28:56.582+0000] {logging_mixin.py:188} INFO - [2026-04-16T20:28:56.581+0000] {dagbag.py:545} INFO - Filling up the DagBag from /opt/airflow/dags/DagScraper.py
[2026-04-16T20:28:56.661+0000] {processor.py:840} INFO - DAG(s) 'dag_scraping_offres_emploi' retrieved from /opt/airflow/dags/DagScraper.py
[2026-04-16T20:28:56.761+0000] {logging_mixin.py:188} INFO - [2026-04-16T20:28:56.760+0000] {dag.py:3096} INFO - Sync 1 DAGs
[2026-04-16T20:28:56.864+0000] {logging_mixin.py:188} INFO - [2026-04-16T20:28:56.863+0000] {dag.py:3954} INFO - Setting next_dagrun for dag_scraping_offres_emploi to 2026-04-16 12:00:00+00:00, run_after=2026-04-16 18:00:00+00:00
[2026-04-16T20:28:56.919+0000] {processor.py:183} INFO - Processing /opt/airflow/dags/DagScraper.py took 0.428 seconds
[2026-04-16T20:29:27.431+0000] {processor.py:161} INFO - Started process (PID=5947) to work on /opt/airflow/dags/DagScraper.py
[2026-04-16T20:29:27.436+0000] {processor.py:830} INFO - Processing file /opt/airflow/dags/DagScraper.py for tasks to queue
[2026-04-16T20:29:27.442+0000] {logging_mixin.py:188} INFO - [2026-04-16T20:29:27.441+0000] {dagbag.py:545} INFO - Filling up the DagBag from /opt/airflow/dags/DagScraper.py
[2026-04-16T20:29:27.491+0000] {processor.py:840} INFO - DAG(s) 'dag_scraping_offres_emploi' retrieved from /opt/airflow/dags/DagScraper.py
[2026-04-16T20:29:27.577+0000] {logging_mixin.py:188} INFO - [2026-04-16T20:29:27.576+0000] {dag.py:3096} INFO - Sync 1 DAGs
[2026-04-16T20:29:27.629+0000] {logging_mixin.py:188} INFO - [2026-04-16T20:29:27.628+0000] {dag.py:3954} INFO - Setting next_dagrun for dag_scraping_offres_emploi to 2026-04-16 12:00:00+00:00, run_after=2026-04-16 18:00:00+00:00
[2026-04-16T20:29:27.688+0000] {processor.py:183} INFO - Processing /opt/airflow/dags/DagScraper.py took 0.295 seconds
[2026-04-16T20:29:58.230+0000] {processor.py:161} INFO - Started process (PID=5962) to work on /opt/airflow/dags/DagScraper.py
[2026-04-16T20:29:58.233+0000] {processor.py:830} INFO - Processing file /opt/airflow/dags/DagScraper.py for tasks to queue
[2026-04-16T20:29:58.239+0000] {logging_mixin.py:188} INFO - [2026-04-16T20:29:58.238+0000] {dagbag.py:545} INFO - Filling up the DagBag from /opt/airflow/dags/DagScraper.py
[2026-04-16T20:29:58.300+0000] {processor.py:840} INFO - DAG(s) 'dag_scraping_offres_emploi' retrieved from /opt/airflow/dags/DagScraper.py
[2026-04-16T20:29:58.475+0000] {logging_mixin.py:188} INFO - [2026-04-16T20:29:58.475+0000] {dag.py:3096} INFO - Sync 1 DAGs
[2026-04-16T20:29:58.559+0000] {logging_mixin.py:188} INFO - [2026-04-16T20:29:58.559+0000] {dag.py:3954} INFO - Setting next_dagrun for dag_scraping_offres_emploi to 2026-04-16 12:00:00+00:00, run_after=2026-04-16 18:00:00+00:00
[2026-04-16T20:29:58.660+0000] {processor.py:183} INFO - Processing /opt/airflow/dags/DagScraper.py took 0.470 seconds
[2026-04-16T20:30:28.999+0000] {processor.py:161} INFO - Started process (PID=5969) to work on /opt/airflow/dags/DagScraper.py
[2026-04-16T20:30:29.008+0000] {processor.py:830} INFO - Processing file /opt/airflow/dags/DagScraper.py for tasks to queue
[2026-04-16T20:30:29.012+0000] {logging_mixin.py:188} INFO - [2026-04-16T20:30:29.012+0000] {dagbag.py:545} INFO - Filling up the DagBag from /opt/airflow/dags/DagScraper.py
[2026-04-16T20:30:29.051+0000] {processor.py:840} INFO - DAG(s) 'dag_scraping_offres_emploi' retrieved from /opt/airflow/dags/DagScraper.py
[2026-04-16T20:30:29.135+0000] {logging_mixin.py:188} INFO - [2026-04-16T20:30:29.134+0000] {dag.py:3096} INFO - Sync 1 DAGs
[2026-04-16T20:30:29.209+0000] {logging_mixin.py:188} INFO - [2026-04-16T20:30:29.209+0000] {dag.py:3954} INFO - Setting next_dagrun for dag_scraping_offres_emploi to 2026-04-16 12:00:00+00:00, run_after=2026-04-16 18:00:00+00:00
[2026-04-16T20:30:29.263+0000] {processor.py:183} INFO - Processing /opt/airflow/dags/DagScraper.py took 0.295 seconds
[2026-04-16T20:30:59.972+0000] {processor.py:161} INFO - Started process (PID=5983) to work on /opt/airflow/dags/DagScraper.py
[2026-04-16T20:30:59.986+0000] {processor.py:830} INFO - Processing file /opt/airflow/dags/DagScraper.py for tasks to queue
[2026-04-16T20:30:59.993+0000] {logging_mixin.py:188} INFO - [2026-04-16T20:30:59.990+0000] {dagbag.py:545} INFO - Filling up the DagBag from /opt/airflow/dags/DagScraper.py
[2026-04-16T20:31:00.097+0000] {processor.py:840} INFO - DAG(s) 'dag_scraping_offres_emploi' retrieved from /opt/airflow/dags/DagScraper.py
[2026-04-16T20:31:00.190+0000] {logging_mixin.py:188} INFO - [2026-04-16T20:31:00.189+0000] {dag.py:3096} INFO - Sync 1 DAGs
[2026-04-16T20:31:00.237+0000] {logging_mixin.py:188} INFO - [2026-04-16T20:31:00.237+0000] {dag.py:3954} INFO - Setting next_dagrun for dag_scraping_offres_emploi to 2026-04-16 12:00:00+00:00, run_after=2026-04-16 18:00:00+00:00
[2026-04-16T20:31:00.284+0000] {processor.py:183} INFO - Processing /opt/airflow/dags/DagScraper.py took 0.330 seconds
[2026-04-16T20:31:30.802+0000] {processor.py:161} INFO - Started process (PID=5991) to work on /opt/airflow/dags/DagScraper.py
[2026-04-16T20:31:30.804+0000] {processor.py:830} INFO - Processing file /opt/airflow/dags/DagScraper.py for tasks to queue
[2026-04-16T20:31:30.808+0000] {logging_mixin.py:188} INFO - [2026-04-16T20:31:30.807+0000] {dagbag.py:545} INFO - Filling up the DagBag from /opt/airflow/dags/DagScraper.py
[2026-04-16T20:31:30.858+0000] {processor.py:840} INFO - DAG(s) 'dag_scraping_offres_emploi' retrieved from /opt/airflow/dags/DagScraper.py
[2026-04-16T20:31:30.991+0000] {logging_mixin.py:188} INFO - [2026-04-16T20:31:30.988+0000] {dag.py:3096} INFO - Sync 1 DAGs
[2026-04-16T20:31:31.169+0000] {logging_mixin.py:188} INFO - [2026-04-16T20:31:31.168+0000] {dag.py:3954} INFO - Setting next_dagrun for dag_scraping_offres_emploi to 2026-04-16 12:00:00+00:00, run_after=2026-04-16 18:00:00+00:00
[2026-04-16T20:31:31.319+0000] {processor.py:183} INFO - Processing /opt/airflow/dags/DagScraper.py took 0.531 seconds
[2026-04-16T20:32:02.280+0000] {processor.py:161} INFO - Started process (PID=6006) to work on /opt/airflow/dags/DagScraper.py
[2026-04-16T20:32:02.284+0000] {processor.py:830} INFO - Processing file /opt/airflow/dags/DagScraper.py for tasks to queue
[2026-04-16T20:32:02.309+0000] {logging_mixin.py:188} INFO - [2026-04-16T20:32:02.309+0000] {dagbag.py:545} INFO - Filling up the DagBag from /opt/airflow/dags/DagScraper.py
[2026-04-16T20:32:02.457+0000] {processor.py:840} INFO - DAG(s) 'dag_scraping_offres_emploi' retrieved from /opt/airflow/dags/DagScraper.py
[2026-04-16T20:32:02.555+0000] {logging_mixin.py:188} INFO - [2026-04-16T20:32:02.554+0000] {dag.py:3096} INFO - Sync 1 DAGs
[2026-04-16T20:32:02.648+0000] {logging_mixin.py:188} INFO - [2026-04-16T20:32:02.647+0000] {dag.py:3954} INFO - Setting next_dagrun for dag_scraping_offres_emploi to 2026-04-16 12:00:00+00:00, run_after=2026-04-16 18:00:00+00:00
[2026-04-16T20:32:02.712+0000] {processor.py:183} INFO - Processing /opt/airflow/dags/DagScraper.py took 0.456 seconds
[2026-04-16T20:32:33.484+0000] {processor.py:161} INFO - Started process (PID=6019) to work on /opt/airflow/dags/DagScraper.py
[2026-04-16T20:32:33.486+0000] {processor.py:830} INFO - Processing file /opt/airflow/dags/DagScraper.py for tasks to queue
[2026-04-16T20:32:33.490+0000] {logging_mixin.py:188} INFO - [2026-04-16T20:32:33.489+0000] {dagbag.py:545} INFO - Filling up the DagBag from /opt/airflow/dags/DagScraper.py
[2026-04-16T20:32:33.547+0000] {processor.py:840} INFO - DAG(s) 'dag_scraping_offres_emploi' retrieved from /opt/airflow/dags/DagScraper.py
[2026-04-16T20:32:33.653+0000] {logging_mixin.py:188} INFO - [2026-04-16T20:32:33.652+0000] {dag.py:3096} INFO - Sync 1 DAGs
[2026-04-16T20:32:33.751+0000] {logging_mixin.py:188} INFO - [2026-04-16T20:32:33.750+0000] {dag.py:3954} INFO - Setting next_dagrun for dag_scraping_offres_emploi to 2026-04-16 12:00:00+00:00, run_after=2026-04-16 18:00:00+00:00
[2026-04-16T20:32:33.914+0000] {processor.py:183} INFO - Processing /opt/airflow/dags/DagScraper.py took 0.455 seconds
[2026-04-16T20:33:04.376+0000] {processor.py:161} INFO - Started process (PID=6027) to work on /opt/airflow/dags/DagScraper.py
[2026-04-16T20:33:04.378+0000] {processor.py:830} INFO - Processing file /opt/airflow/dags/DagScraper.py for tasks to queue
[2026-04-16T20:33:04.381+0000] {logging_mixin.py:188} INFO - [2026-04-16T20:33:04.380+0000] {dagbag.py:545} INFO - Filling up the DagBag from /opt/airflow/dags/DagScraper.py
[2026-04-16T20:33:04.425+0000] {processor.py:840} INFO - DAG(s) 'dag_scraping_offres_emploi' retrieved from /opt/airflow/dags/DagScraper.py
[2026-04-16T20:33:04.525+0000] {logging_mixin.py:188} INFO - [2026-04-16T20:33:04.524+0000] {dag.py:3096} INFO - Sync 1 DAGs
[2026-04-16T20:33:04.603+0000] {logging_mixin.py:188} INFO - [2026-04-16T20:33:04.603+0000] {dag.py:3954} INFO - Setting next_dagrun for dag_scraping_offres_emploi to 2026-04-16 12:00:00+00:00, run_after=2026-04-16 18:00:00+00:00
[2026-04-16T20:33:04.661+0000] {processor.py:183} INFO - Processing /opt/airflow/dags/DagScraper.py took 0.304 seconds
[2026-04-16T20:33:35.378+0000] {processor.py:161} INFO - Started process (PID=6042) to work on /opt/airflow/dags/DagScraper.py
[2026-04-16T20:33:35.382+0000] {processor.py:830} INFO - Processing file /opt/airflow/dags/DagScraper.py for tasks to queue
[2026-04-16T20:33:35.390+0000] {logging_mixin.py:188} INFO - [2026-04-16T20:33:35.390+0000] {dagbag.py:545} INFO - Filling up the DagBag from /opt/airflow/dags/DagScraper.py
[2026-04-16T20:33:35.480+0000] {processor.py:840} INFO - DAG(s) 'dag_scraping_offres_emploi' retrieved from /opt/airflow/dags/DagScraper.py
[2026-04-16T20:33:35.556+0000] {logging_mixin.py:188} INFO - [2026-04-16T20:33:35.556+0000] {dag.py:3096} INFO - Sync 1 DAGs
[2026-04-16T20:33:35.668+0000] {logging_mixin.py:188} INFO - [2026-04-16T20:33:35.666+0000] {dag.py:3954} INFO - Setting next_dagrun for dag_scraping_offres_emploi to 2026-04-16 12:00:00+00:00, run_after=2026-04-16 18:00:00+00:00
[2026-04-16T20:33:35.728+0000] {processor.py:183} INFO - Processing /opt/airflow/dags/DagScraper.py took 0.385 seconds
[2026-04-16T20:34:06.319+0000] {processor.py:161} INFO - Started process (PID=6050) to work on /opt/airflow/dags/DagScraper.py
[2026-04-16T20:34:06.321+0000] {processor.py:830} INFO - Processing file /opt/airflow/dags/DagScraper.py for tasks to queue
[2026-04-16T20:34:06.326+0000] {logging_mixin.py:188} INFO - [2026-04-16T20:34:06.325+0000] {dagbag.py:545} INFO - Filling up the DagBag from /opt/airflow/dags/DagScraper.py
[2026-04-16T20:34:06.381+0000] {processor.py:840} INFO - DAG(s) 'dag_scraping_offres_emploi' retrieved from /opt/airflow/dags/DagScraper.py
[2026-04-16T20:34:06.491+0000] {logging_mixin.py:188} INFO - [2026-04-16T20:34:06.491+0000] {dag.py:3096} INFO - Sync 1 DAGs
[2026-04-16T20:34:06.591+0000] {logging_mixin.py:188} INFO - [2026-04-16T20:34:06.590+0000] {dag.py:3954} INFO - Setting next_dagrun for dag_scraping_offres_emploi to 2026-04-16 12:00:00+00:00, run_after=2026-04-16 18:00:00+00:00
[2026-04-16T20:34:06.656+0000] {processor.py:183} INFO - Processing /opt/airflow/dags/DagScraper.py took 0.352 seconds
[2026-04-16T20:34:37.418+0000] {processor.py:161} INFO - Started process (PID=6065) to work on /opt/airflow/dags/DagScraper.py
[2026-04-16T20:34:37.421+0000] {processor.py:830} INFO - Processing file /opt/airflow/dags/DagScraper.py for tasks to queue
[2026-04-16T20:34:37.436+0000] {logging_mixin.py:188} INFO - [2026-04-16T20:34:37.435+0000] {dagbag.py:545} INFO - Filling up the DagBag from /opt/airflow/dags/DagScraper.py
[2026-04-16T20:34:37.540+0000] {processor.py:840} INFO - DAG(s) 'dag_scraping_offres_emploi' retrieved from /opt/airflow/dags/DagScraper.py
[2026-04-16T20:34:37.609+0000] {logging_mixin.py:188} INFO - [2026-04-16T20:34:37.608+0000] {dag.py:3096} INFO - Sync 1 DAGs
[2026-04-16T20:34:37.652+0000] {logging_mixin.py:188} INFO - [2026-04-16T20:34:37.652+0000] {dag.py:3954} INFO - Setting next_dagrun for dag_scraping_offres_emploi to 2026-04-16 12:00:00+00:00, run_after=2026-04-16 18:00:00+00:00
[2026-04-16T20:34:37.694+0000] {processor.py:183} INFO - Processing /opt/airflow/dags/DagScraper.py took 0.299 seconds
[2026-04-16T20:35:08.684+0000] {processor.py:161} INFO - Started process (PID=6073) to work on /opt/airflow/dags/DagScraper.py
[2026-04-16T20:35:08.687+0000] {processor.py:830} INFO - Processing file /opt/airflow/dags/DagScraper.py for tasks to queue
[2026-04-16T20:35:08.700+0000] {logging_mixin.py:188} INFO - [2026-04-16T20:35:08.699+0000] {dagbag.py:545} INFO - Filling up the DagBag from /opt/airflow/dags/DagScraper.py
[2026-04-16T20:35:08.808+0000] {processor.py:840} INFO - DAG(s) 'dag_scraping_offres_emploi' retrieved from /opt/airflow/dags/DagScraper.py
[2026-04-16T20:35:08.914+0000] {logging_mixin.py:188} INFO - [2026-04-16T20:35:08.913+0000] {dag.py:3096} INFO - Sync 1 DAGs
[2026-04-16T20:35:09.012+0000] {logging_mixin.py:188} INFO - [2026-04-16T20:35:09.011+0000] {dag.py:3954} INFO - Setting next_dagrun for dag_scraping_offres_emploi to 2026-04-16 12:00:00+00:00, run_after=2026-04-16 18:00:00+00:00
[2026-04-16T20:35:09.172+0000] {processor.py:183} INFO - Processing /opt/airflow/dags/DagScraper.py took 0.511 seconds
[2026-04-16T20:35:39.972+0000] {processor.py:161} INFO - Started process (PID=6088) to work on /opt/airflow/dags/DagScraper.py
[2026-04-16T20:35:39.974+0000] {processor.py:830} INFO - Processing file /opt/airflow/dags/DagScraper.py for tasks to queue
[2026-04-16T20:35:39.979+0000] {logging_mixin.py:188} INFO - [2026-04-16T20:35:39.978+0000] {dagbag.py:545} INFO - Filling up the DagBag from /opt/airflow/dags/DagScraper.py
[2026-04-16T20:35:40.041+0000] {processor.py:840} INFO - DAG(s) 'dag_scraping_offres_emploi' retrieved from /opt/airflow/dags/DagScraper.py
[2026-04-16T20:35:40.171+0000] {logging_mixin.py:188} INFO - [2026-04-16T20:35:40.170+0000] {dag.py:3096} INFO - Sync 1 DAGs
[2026-04-16T20:35:40.256+0000] {logging_mixin.py:188} INFO - [2026-04-16T20:35:40.255+0000] {dag.py:3954} INFO - Setting next_dagrun for dag_scraping_offres_emploi to 2026-04-16 12:00:00+00:00, run_after=2026-04-16 18:00:00+00:00
[2026-04-16T20:35:40.325+0000] {processor.py:183} INFO - Processing /opt/airflow/dags/DagScraper.py took 0.404 seconds
[2026-04-16T20:36:11.114+0000] {processor.py:161} INFO - Started process (PID=6096) to work on /opt/airflow/dags/DagScraper.py
[2026-04-16T20:36:11.116+0000] {processor.py:830} INFO - Processing file /opt/airflow/dags/DagScraper.py for tasks to queue
[2026-04-16T20:36:11.120+0000] {logging_mixin.py:188} INFO - [2026-04-16T20:36:11.120+0000] {dagbag.py:545} INFO - Filling up the DagBag from /opt/airflow/dags/DagScraper.py
[2026-04-16T20:36:11.160+0000] {processor.py:840} INFO - DAG(s) 'dag_scraping_offres_emploi' retrieved from /opt/airflow/dags/DagScraper.py
[2026-04-16T20:36:11.229+0000] {logging_mixin.py:188} INFO - [2026-04-16T20:36:11.229+0000] {dag.py:3096} INFO - Sync 1 DAGs
[2026-04-16T20:36:11.295+0000] {logging_mixin.py:188} INFO - [2026-04-16T20:36:11.294+0000] {dag.py:3954} INFO - Setting next_dagrun for dag_scraping_offres_emploi to 2026-04-16 12:00:00+00:00, run_after=2026-04-16 18:00:00+00:00
[2026-04-16T20:36:11.351+0000] {processor.py:183} INFO - Processing /opt/airflow/dags/DagScraper.py took 0.256 seconds
[2026-04-16T20:36:41.732+0000] {processor.py:161} INFO - Started process (PID=6110) to work on /opt/airflow/dags/DagScraper.py
[2026-04-16T20:36:41.735+0000] {processor.py:830} INFO - Processing file /opt/airflow/dags/DagScraper.py for tasks to queue
[2026-04-16T20:36:41.741+0000] {logging_mixin.py:188} INFO - [2026-04-16T20:36:41.740+0000] {dagbag.py:545} INFO - Filling up the DagBag from /opt/airflow/dags/DagScraper.py
[2026-04-16T20:36:41.819+0000] {processor.py:840} INFO - DAG(s) 'dag_scraping_offres_emploi' retrieved from /opt/airflow/dags/DagScraper.py
[2026-04-16T20:36:42.006+0000] {logging_mixin.py:188} INFO - [2026-04-16T20:36:42.006+0000] {dag.py:3096} INFO - Sync 1 DAGs
[2026-04-16T20:36:42.097+0000] {logging_mixin.py:188} INFO - [2026-04-16T20:36:42.096+0000] {dag.py:3954} INFO - Setting next_dagrun for dag_scraping_offres_emploi to 2026-04-16 12:00:00+00:00, run_after=2026-04-16 18:00:00+00:00
[2026-04-16T20:36:42.179+0000] {processor.py:183} INFO - Processing /opt/airflow/dags/DagScraper.py took 0.477 seconds
[2026-04-16T20:37:12.753+0000] {processor.py:161} INFO - Started process (PID=6118) to work on /opt/airflow/dags/DagScraper.py
[2026-04-16T20:37:12.755+0000] {processor.py:830} INFO - Processing file /opt/airflow/dags/DagScraper.py for tasks to queue
[2026-04-16T20:37:12.760+0000] {logging_mixin.py:188} INFO - [2026-04-16T20:37:12.760+0000] {dagbag.py:545} INFO - Filling up the DagBag from /opt/airflow/dags/DagScraper.py
[2026-04-16T20:37:12.845+0000] {processor.py:840} INFO - DAG(s) 'dag_scraping_offres_emploi' retrieved from /opt/airflow/dags/DagScraper.py
[2026-04-16T20:37:13.084+0000] {logging_mixin.py:188} INFO - [2026-04-16T20:37:13.083+0000] {dag.py:3096} INFO - Sync 1 DAGs
[2026-04-16T20:37:13.226+0000] {logging_mixin.py:188} INFO - [2026-04-16T20:37:13.225+0000] {dag.py:3954} INFO - Setting next_dagrun for dag_scraping_offres_emploi to 2026-04-16 12:00:00+00:00, run_after=2026-04-16 18:00:00+00:00
[2026-04-16T20:37:13.321+0000] {processor.py:183} INFO - Processing /opt/airflow/dags/DagScraper.py took 0.588 seconds
[2026-04-16T20:37:44.029+0000] {processor.py:161} INFO - Started process (PID=6133) to work on /opt/airflow/dags/DagScraper.py
[2026-04-16T20:37:44.031+0000] {processor.py:830} INFO - Processing file /opt/airflow/dags/DagScraper.py for tasks to queue
[2026-04-16T20:37:44.035+0000] {logging_mixin.py:188} INFO - [2026-04-16T20:37:44.034+0000] {dagbag.py:545} INFO - Filling up the DagBag from /opt/airflow/dags/DagScraper.py
[2026-04-16T20:37:44.126+0000] {processor.py:840} INFO - DAG(s) 'dag_scraping_offres_emploi' retrieved from /opt/airflow/dags/DagScraper.py
[2026-04-16T20:37:44.222+0000] {logging_mixin.py:188} INFO - [2026-04-16T20:37:44.222+0000] {dag.py:3096} INFO - Sync 1 DAGs
[2026-04-16T20:37:44.296+0000] {logging_mixin.py:188} INFO - [2026-04-16T20:37:44.295+0000] {dag.py:3954} INFO - Setting next_dagrun for dag_scraping_offres_emploi to 2026-04-16 12:00:00+00:00, run_after=2026-04-16 18:00:00+00:00
[2026-04-16T20:37:44.426+0000] {processor.py:183} INFO - Processing /opt/airflow/dags/DagScraper.py took 0.441 seconds
[2026-04-16T20:38:15.054+0000] {processor.py:161} INFO - Started process (PID=6141) to work on /opt/airflow/dags/DagScraper.py
[2026-04-16T20:38:15.056+0000] {processor.py:830} INFO - Processing file /opt/airflow/dags/DagScraper.py for tasks to queue
[2026-04-16T20:38:15.062+0000] {logging_mixin.py:188} INFO - [2026-04-16T20:38:15.061+0000] {dagbag.py:545} INFO - Filling up the DagBag from /opt/airflow/dags/DagScraper.py
[2026-04-16T20:38:15.146+0000] {processor.py:840} INFO - DAG(s) 'dag_scraping_offres_emploi' retrieved from /opt/airflow/dags/DagScraper.py
[2026-04-16T20:38:15.259+0000] {logging_mixin.py:188} INFO - [2026-04-16T20:38:15.258+0000] {dag.py:3096} INFO - Sync 1 DAGs
[2026-04-16T20:38:15.371+0000] {logging_mixin.py:188} INFO - [2026-04-16T20:38:15.370+0000] {dag.py:3954} INFO - Setting next_dagrun for dag_scraping_offres_emploi to 2026-04-16 12:00:00+00:00, run_after=2026-04-16 18:00:00+00:00
[2026-04-16T20:38:15.475+0000] {processor.py:183} INFO - Processing /opt/airflow/dags/DagScraper.py took 0.450 seconds
[2026-04-16T20:38:46.259+0000] {processor.py:161} INFO - Started process (PID=6155) to work on /opt/airflow/dags/DagScraper.py
[2026-04-16T20:38:46.261+0000] {processor.py:830} INFO - Processing file /opt/airflow/dags/DagScraper.py for tasks to queue
[2026-04-16T20:38:46.264+0000] {logging_mixin.py:188} INFO - [2026-04-16T20:38:46.264+0000] {dagbag.py:545} INFO - Filling up the DagBag from /opt/airflow/dags/DagScraper.py
[2026-04-16T20:38:46.314+0000] {processor.py:840} INFO - DAG(s) 'dag_scraping_offres_emploi' retrieved from /opt/airflow/dags/DagScraper.py
[2026-04-16T20:38:46.391+0000] {logging_mixin.py:188} INFO - [2026-04-16T20:38:46.391+0000] {dag.py:3096} INFO - Sync 1 DAGs
[2026-04-16T20:38:46.442+0000] {logging_mixin.py:188} INFO - [2026-04-16T20:38:46.441+0000] {dag.py:3954} INFO - Setting next_dagrun for dag_scraping_offres_emploi to 2026-04-16 12:00:00+00:00, run_after=2026-04-16 18:00:00+00:00
[2026-04-16T20:38:46.492+0000] {processor.py:183} INFO - Processing /opt/airflow/dags/DagScraper.py took 0.248 seconds
[2026-04-16T20:39:17.174+0000] {processor.py:161} INFO - Started process (PID=6168) to work on /opt/airflow/dags/DagScraper.py
[2026-04-16T20:39:17.176+0000] {processor.py:830} INFO - Processing file /opt/airflow/dags/DagScraper.py for tasks to queue
[2026-04-16T20:39:17.179+0000] {logging_mixin.py:188} INFO - [2026-04-16T20:39:17.179+0000] {dagbag.py:545} INFO - Filling up the DagBag from /opt/airflow/dags/DagScraper.py
[2026-04-16T20:39:17.221+0000] {processor.py:840} INFO - DAG(s) 'dag_scraping_offres_emploi' retrieved from /opt/airflow/dags/DagScraper.py
[2026-04-16T20:39:17.287+0000] {logging_mixin.py:188} INFO - [2026-04-16T20:39:17.287+0000] {dag.py:3096} INFO - Sync 1 DAGs
[2026-04-16T20:39:17.338+0000] {logging_mixin.py:188} INFO - [2026-04-16T20:39:17.338+0000] {dag.py:3954} INFO - Setting next_dagrun for dag_scraping_offres_emploi to 2026-04-16 12:00:00+00:00, run_after=2026-04-16 18:00:00+00:00
[2026-04-16T20:39:17.377+0000] {processor.py:183} INFO - Processing /opt/airflow/dags/DagScraper.py took 0.219 seconds
[2026-04-16T20:39:48.004+0000] {processor.py:161} INFO - Started process (PID=6176) to work on /opt/airflow/dags/DagScraper.py
[2026-04-16T20:39:48.006+0000] {processor.py:830} INFO - Processing file /opt/airflow/dags/DagScraper.py for tasks to queue
[2026-04-16T20:39:48.012+0000] {logging_mixin.py:188} INFO - [2026-04-16T20:39:48.010+0000] {dagbag.py:545} INFO - Filling up the DagBag from /opt/airflow/dags/DagScraper.py
[2026-04-16T20:39:48.157+0000] {processor.py:840} INFO - DAG(s) 'dag_scraping_offres_emploi' retrieved from /opt/airflow/dags/DagScraper.py
[2026-04-16T20:39:48.307+0000] {logging_mixin.py:188} INFO - [2026-04-16T20:39:48.306+0000] {dag.py:3096} INFO - Sync 1 DAGs
[2026-04-16T20:39:48.508+0000] {logging_mixin.py:188} INFO - [2026-04-16T20:39:48.488+0000] {dag.py:3954} INFO - Setting next_dagrun for dag_scraping_offres_emploi to 2026-04-16 12:00:00+00:00, run_after=2026-04-16 18:00:00+00:00
[2026-04-16T20:39:48.783+0000] {processor.py:183} INFO - Processing /opt/airflow/dags/DagScraper.py took 0.826 seconds
[2026-04-16T20:40:19.655+0000] {processor.py:161} INFO - Started process (PID=6190) to work on /opt/airflow/dags/DagScraper.py
[2026-04-16T20:40:19.658+0000] {processor.py:830} INFO - Processing file /opt/airflow/dags/DagScraper.py for tasks to queue
[2026-04-16T20:40:19.661+0000] {logging_mixin.py:188} INFO - [2026-04-16T20:40:19.661+0000] {dagbag.py:545} INFO - Filling up the DagBag from /opt/airflow/dags/DagScraper.py
[2026-04-16T20:40:19.707+0000] {processor.py:840} INFO - DAG(s) 'dag_scraping_offres_emploi' retrieved from /opt/airflow/dags/DagScraper.py
[2026-04-16T20:40:19.779+0000] {logging_mixin.py:188} INFO - [2026-04-16T20:40:19.778+0000] {dag.py:3096} INFO - Sync 1 DAGs
[2026-04-16T20:40:19.840+0000] {logging_mixin.py:188} INFO - [2026-04-16T20:40:19.839+0000] {dag.py:3954} INFO - Setting next_dagrun for dag_scraping_offres_emploi to 2026-04-16 12:00:00+00:00, run_after=2026-04-16 18:00:00+00:00
[2026-04-16T20:40:19.900+0000] {processor.py:183} INFO - Processing /opt/airflow/dags/DagScraper.py took 0.260 seconds
[2026-04-16T20:40:50.424+0000] {processor.py:161} INFO - Started process (PID=6199) to work on /opt/airflow/dags/DagScraper.py
[2026-04-16T20:40:50.427+0000] {processor.py:830} INFO - Processing file /opt/airflow/dags/DagScraper.py for tasks to queue
[2026-04-16T20:40:50.440+0000] {logging_mixin.py:188} INFO - [2026-04-16T20:40:50.439+0000] {dagbag.py:545} INFO - Filling up the DagBag from /opt/airflow/dags/DagScraper.py
[2026-04-16T20:40:50.523+0000] {processor.py:840} INFO - DAG(s) 'dag_scraping_offres_emploi' retrieved from /opt/airflow/dags/DagScraper.py
[2026-04-16T20:40:50.684+0000] {logging_mixin.py:188} INFO - [2026-04-16T20:40:50.683+0000] {dag.py:3096} INFO - Sync 1 DAGs
[2026-04-16T20:40:50.773+0000] {logging_mixin.py:188} INFO - [2026-04-16T20:40:50.772+0000] {dag.py:3954} INFO - Setting next_dagrun for dag_scraping_offres_emploi to 2026-04-16 12:00:00+00:00, run_after=2026-04-16 18:00:00+00:00
[2026-04-16T20:40:50.880+0000] {processor.py:183} INFO - Processing /opt/airflow/dags/DagScraper.py took 0.482 seconds
[2026-04-16T20:41:21.663+0000] {processor.py:161} INFO - Started process (PID=6214) to work on /opt/airflow/dags/DagScraper.py
[2026-04-16T20:41:21.666+0000] {processor.py:830} INFO - Processing file /opt/airflow/dags/DagScraper.py for tasks to queue
[2026-04-16T20:41:21.672+0000] {logging_mixin.py:188} INFO - [2026-04-16T20:41:21.671+0000] {dagbag.py:545} INFO - Filling up the DagBag from /opt/airflow/dags/DagScraper.py
[2026-04-16T20:41:21.717+0000] {processor.py:840} INFO - DAG(s) 'dag_scraping_offres_emploi' retrieved from /opt/airflow/dags/DagScraper.py
[2026-04-16T20:41:21.818+0000] {logging_mixin.py:188} INFO - [2026-04-16T20:41:21.817+0000] {dag.py:3096} INFO - Sync 1 DAGs
[2026-04-16T20:41:21.895+0000] {logging_mixin.py:188} INFO - [2026-04-16T20:41:21.894+0000] {dag.py:3954} INFO - Setting next_dagrun for dag_scraping_offres_emploi to 2026-04-16 12:00:00+00:00, run_after=2026-04-16 18:00:00+00:00
[2026-04-16T20:41:21.952+0000] {processor.py:183} INFO - Processing /opt/airflow/dags/DagScraper.py took 0.310 seconds
[2026-04-16T20:41:52.632+0000] {processor.py:161} INFO - Started process (PID=6222) to work on /opt/airflow/dags/DagScraper.py
[2026-04-16T20:41:52.635+0000] {processor.py:830} INFO - Processing file /opt/airflow/dags/DagScraper.py for tasks to queue
[2026-04-16T20:41:52.639+0000] {logging_mixin.py:188} INFO - [2026-04-16T20:41:52.639+0000] {dagbag.py:545} INFO - Filling up the DagBag from /opt/airflow/dags/DagScraper.py
[2026-04-16T20:41:52.704+0000] {processor.py:840} INFO - DAG(s) 'dag_scraping_offres_emploi' retrieved from /opt/airflow/dags/DagScraper.py
[2026-04-16T20:41:52.908+0000] {logging_mixin.py:188} INFO - [2026-04-16T20:41:52.907+0000] {dag.py:3096} INFO - Sync 1 DAGs
[2026-04-16T20:41:53.006+0000] {logging_mixin.py:188} INFO - [2026-04-16T20:41:53.002+0000] {dag.py:3954} INFO - Setting next_dagrun for dag_scraping_offres_emploi to 2026-04-16 12:00:00+00:00, run_after=2026-04-16 18:00:00+00:00
[2026-04-16T20:41:53.134+0000] {processor.py:183} INFO - Processing /opt/airflow/dags/DagScraper.py took 0.518 seconds
[2026-04-16T20:42:23.654+0000] {processor.py:161} INFO - Started process (PID=6237) to work on /opt/airflow/dags/DagScraper.py
[2026-04-16T20:42:23.656+0000] {processor.py:830} INFO - Processing file /opt/airflow/dags/DagScraper.py for tasks to queue
[2026-04-16T20:42:23.661+0000] {logging_mixin.py:188} INFO - [2026-04-16T20:42:23.658+0000] {dagbag.py:545} INFO - Filling up the DagBag from /opt/airflow/dags/DagScraper.py
[2026-04-16T20:42:23.706+0000] {processor.py:840} INFO - DAG(s) 'dag_scraping_offres_emploi' retrieved from /opt/airflow/dags/DagScraper.py
[2026-04-16T20:42:23.804+0000] {logging_mixin.py:188} INFO - [2026-04-16T20:42:23.803+0000] {dag.py:3096} INFO - Sync 1 DAGs
[2026-04-16T20:42:23.896+0000] {logging_mixin.py:188} INFO - [2026-04-16T20:42:23.896+0000] {dag.py:3954} INFO - Setting next_dagrun for dag_scraping_offres_emploi to 2026-04-16 12:00:00+00:00, run_after=2026-04-16 18:00:00+00:00
[2026-04-16T20:42:23.950+0000] {processor.py:183} INFO - Processing /opt/airflow/dags/DagScraper.py took 0.306 seconds
[2026-04-16T20:42:54.732+0000] {processor.py:161} INFO - Started process (PID=6243) to work on /opt/airflow/dags/DagScraper.py
[2026-04-16T20:42:54.796+0000] {processor.py:830} INFO - Processing file /opt/airflow/dags/DagScraper.py for tasks to queue
[2026-04-16T20:42:54.803+0000] {logging_mixin.py:188} INFO - [2026-04-16T20:42:54.803+0000] {dagbag.py:545} INFO - Filling up the DagBag from /opt/airflow/dags/DagScraper.py
[2026-04-16T20:42:55.189+0000] {processor.py:840} INFO - DAG(s) 'dag_scraping_offres_emploi' retrieved from /opt/airflow/dags/DagScraper.py
[2026-04-16T20:42:55.647+0000] {logging_mixin.py:188} INFO - [2026-04-16T20:42:55.647+0000] {dag.py:3096} INFO - Sync 1 DAGs
[2026-04-16T20:42:55.808+0000] {logging_mixin.py:188} INFO - [2026-04-16T20:42:55.808+0000] {dag.py:3954} INFO - Setting next_dagrun for dag_scraping_offres_emploi to 2026-04-16 12:00:00+00:00, run_after=2026-04-16 18:00:00+00:00
[2026-04-16T20:42:55.960+0000] {processor.py:183} INFO - Processing /opt/airflow/dags/DagScraper.py took 1.270 seconds
[2026-04-16T20:43:26.666+0000] {processor.py:161} INFO - Started process (PID=6256) to work on /opt/airflow/dags/DagScraper.py
[2026-04-16T20:43:26.672+0000] {processor.py:830} INFO - Processing file /opt/airflow/dags/DagScraper.py for tasks to queue
[2026-04-16T20:43:26.679+0000] {logging_mixin.py:188} INFO - [2026-04-16T20:43:26.678+0000] {dagbag.py:545} INFO - Filling up the DagBag from /opt/airflow/dags/DagScraper.py
[2026-04-16T20:43:26.763+0000] {processor.py:840} INFO - DAG(s) 'dag_scraping_offres_emploi' retrieved from /opt/airflow/dags/DagScraper.py
[2026-04-16T20:43:26.871+0000] {logging_mixin.py:188} INFO - [2026-04-16T20:43:26.870+0000] {dag.py:3096} INFO - Sync 1 DAGs
[2026-04-16T20:43:26.951+0000] {logging_mixin.py:188} INFO - [2026-04-16T20:43:26.951+0000] {dag.py:3954} INFO - Setting next_dagrun for dag_scraping_offres_emploi to 2026-04-16 12:00:00+00:00, run_after=2026-04-16 18:00:00+00:00
[2026-04-16T20:43:27.006+0000] {processor.py:183} INFO - Processing /opt/airflow/dags/DagScraper.py took 0.378 seconds
[2026-04-16T20:43:57.752+0000] {processor.py:161} INFO - Started process (PID=6263) to work on /opt/airflow/dags/DagScraper.py
[2026-04-16T20:43:57.754+0000] {processor.py:830} INFO - Processing file /opt/airflow/dags/DagScraper.py for tasks to queue
[2026-04-16T20:43:57.770+0000] {logging_mixin.py:188} INFO - [2026-04-16T20:43:57.768+0000] {dagbag.py:545} INFO - Filling up the DagBag from /opt/airflow/dags/DagScraper.py
[2026-04-16T20:43:57.845+0000] {processor.py:840} INFO - DAG(s) 'dag_scraping_offres_emploi' retrieved from /opt/airflow/dags/DagScraper.py
[2026-04-16T20:43:57.955+0000] {logging_mixin.py:188} INFO - [2026-04-16T20:43:57.954+0000] {dag.py:3096} INFO - Sync 1 DAGs
[2026-04-16T20:43:58.014+0000] {logging_mixin.py:188} INFO - [2026-04-16T20:43:58.014+0000] {dag.py:3954} INFO - Setting next_dagrun for dag_scraping_offres_emploi to 2026-04-16 12:00:00+00:00, run_after=2026-04-16 18:00:00+00:00
[2026-04-16T20:43:58.050+0000] {processor.py:183} INFO - Processing /opt/airflow/dags/DagScraper.py took 0.323 seconds
[2026-04-16T20:44:28.350+0000] {processor.py:161} INFO - Started process (PID=6276) to work on /opt/airflow/dags/DagScraper.py
[2026-04-16T20:44:28.354+0000] {processor.py:830} INFO - Processing file /opt/airflow/dags/DagScraper.py for tasks to queue
[2026-04-16T20:44:28.362+0000] {logging_mixin.py:188} INFO - [2026-04-16T20:44:28.360+0000] {dagbag.py:545} INFO - Filling up the DagBag from /opt/airflow/dags/DagScraper.py
[2026-04-16T20:44:28.453+0000] {processor.py:840} INFO - DAG(s) 'dag_scraping_offres_emploi' retrieved from /opt/airflow/dags/DagScraper.py
[2026-04-16T20:44:28.645+0000] {logging_mixin.py:188} INFO - [2026-04-16T20:44:28.644+0000] {dag.py:3096} INFO - Sync 1 DAGs
[2026-04-16T20:44:28.799+0000] {logging_mixin.py:188} INFO - [2026-04-16T20:44:28.799+0000] {dag.py:3954} INFO - Setting next_dagrun for dag_scraping_offres_emploi to 2026-04-16 12:00:00+00:00, run_after=2026-04-16 18:00:00+00:00
[2026-04-16T20:44:28.880+0000] {processor.py:183} INFO - Processing /opt/airflow/dags/DagScraper.py took 0.543 seconds
[2026-04-16T20:44:59.510+0000] {processor.py:161} INFO - Started process (PID=6283) to work on /opt/airflow/dags/DagScraper.py
[2026-04-16T20:44:59.517+0000] {processor.py:830} INFO - Processing file /opt/airflow/dags/DagScraper.py for tasks to queue
[2026-04-16T20:44:59.521+0000] {logging_mixin.py:188} INFO - [2026-04-16T20:44:59.520+0000] {dagbag.py:545} INFO - Filling up the DagBag from /opt/airflow/dags/DagScraper.py
[2026-04-16T20:44:59.585+0000] {processor.py:840} INFO - DAG(s) 'dag_scraping_offres_emploi' retrieved from /opt/airflow/dags/DagScraper.py
[2026-04-16T20:44:59.673+0000] {logging_mixin.py:188} INFO - [2026-04-16T20:44:59.672+0000] {dag.py:3096} INFO - Sync 1 DAGs
[2026-04-16T20:44:59.759+0000] {logging_mixin.py:188} INFO - [2026-04-16T20:44:59.758+0000] {dag.py:3954} INFO - Setting next_dagrun for dag_scraping_offres_emploi to 2026-04-16 12:00:00+00:00, run_after=2026-04-16 18:00:00+00:00
[2026-04-16T20:44:59.812+0000] {processor.py:183} INFO - Processing /opt/airflow/dags/DagScraper.py took 0.333 seconds
[2026-04-16T20:45:30.729+0000] {processor.py:161} INFO - Started process (PID=6297) to work on /opt/airflow/dags/DagScraper.py
[2026-04-16T20:45:30.750+0000] {processor.py:830} INFO - Processing file /opt/airflow/dags/DagScraper.py for tasks to queue
[2026-04-16T20:45:30.756+0000] {logging_mixin.py:188} INFO - [2026-04-16T20:45:30.755+0000] {dagbag.py:545} INFO - Filling up the DagBag from /opt/airflow/dags/DagScraper.py
[2026-04-16T20:45:30.907+0000] {processor.py:840} INFO - DAG(s) 'dag_scraping_offres_emploi' retrieved from /opt/airflow/dags/DagScraper.py
[2026-04-16T20:45:30.995+0000] {logging_mixin.py:188} INFO - [2026-04-16T20:45:30.995+0000] {dag.py:3096} INFO - Sync 1 DAGs
[2026-04-16T20:45:31.041+0000] {logging_mixin.py:188} INFO - [2026-04-16T20:45:31.041+0000] {dag.py:3954} INFO - Setting next_dagrun for dag_scraping_offres_emploi to 2026-04-16 12:00:00+00:00, run_after=2026-04-16 18:00:00+00:00
[2026-04-16T20:45:31.082+0000] {processor.py:183} INFO - Processing /opt/airflow/dags/DagScraper.py took 0.381 seconds
[2026-04-16T20:46:01.886+0000] {processor.py:161} INFO - Started process (PID=6311) to work on /opt/airflow/dags/DagScraper.py
[2026-04-16T20:46:01.888+0000] {processor.py:830} INFO - Processing file /opt/airflow/dags/DagScraper.py for tasks to queue
[2026-04-16T20:46:01.896+0000] {logging_mixin.py:188} INFO - [2026-04-16T20:46:01.895+0000] {dagbag.py:545} INFO - Filling up the DagBag from /opt/airflow/dags/DagScraper.py
[2026-04-16T20:46:01.960+0000] {processor.py:840} INFO - DAG(s) 'dag_scraping_offres_emploi' retrieved from /opt/airflow/dags/DagScraper.py
[2026-04-16T20:46:02.161+0000] {logging_mixin.py:188} INFO - [2026-04-16T20:46:02.161+0000] {dag.py:3096} INFO - Sync 1 DAGs
[2026-04-16T20:46:02.234+0000] {logging_mixin.py:188} INFO - [2026-04-16T20:46:02.233+0000] {dag.py:3954} INFO - Setting next_dagrun for dag_scraping_offres_emploi to 2026-04-16 12:00:00+00:00, run_after=2026-04-16 18:00:00+00:00
[2026-04-16T20:46:02.271+0000] {processor.py:183} INFO - Processing /opt/airflow/dags/DagScraper.py took 0.426 seconds
[2026-04-16T20:46:33.140+0000] {processor.py:161} INFO - Started process (PID=6319) to work on /opt/airflow/dags/DagScraper.py
[2026-04-16T20:46:33.142+0000] {processor.py:830} INFO - Processing file /opt/airflow/dags/DagScraper.py for tasks to queue
[2026-04-16T20:46:33.147+0000] {logging_mixin.py:188} INFO - [2026-04-16T20:46:33.146+0000] {dagbag.py:545} INFO - Filling up the DagBag from /opt/airflow/dags/DagScraper.py
[2026-04-16T20:46:33.221+0000] {processor.py:840} INFO - DAG(s) 'dag_scraping_offres_emploi' retrieved from /opt/airflow/dags/DagScraper.py
[2026-04-16T20:46:33.338+0000] {logging_mixin.py:188} INFO - [2026-04-16T20:46:33.338+0000] {dag.py:3096} INFO - Sync 1 DAGs
[2026-04-16T20:46:33.442+0000] {logging_mixin.py:188} INFO - [2026-04-16T20:46:33.441+0000] {dag.py:3954} INFO - Setting next_dagrun for dag_scraping_offres_emploi to 2026-04-16 12:00:00+00:00, run_after=2026-04-16 18:00:00+00:00
[2026-04-16T20:46:33.513+0000] {processor.py:183} INFO - Processing /opt/airflow/dags/DagScraper.py took 0.390 seconds
[2026-04-16T20:47:04.388+0000] {processor.py:161} INFO - Started process (PID=6333) to work on /opt/airflow/dags/DagScraper.py
[2026-04-16T20:47:04.390+0000] {processor.py:830} INFO - Processing file /opt/airflow/dags/DagScraper.py for tasks to queue
[2026-04-16T20:47:04.394+0000] {logging_mixin.py:188} INFO - [2026-04-16T20:47:04.393+0000] {dagbag.py:545} INFO - Filling up the DagBag from /opt/airflow/dags/DagScraper.py
[2026-04-16T20:47:04.462+0000] {processor.py:840} INFO - DAG(s) 'dag_scraping_offres_emploi' retrieved from /opt/airflow/dags/DagScraper.py
[2026-04-16T20:47:04.586+0000] {logging_mixin.py:188} INFO - [2026-04-16T20:47:04.586+0000] {dag.py:3096} INFO - Sync 1 DAGs
[2026-04-16T20:47:04.657+0000] {logging_mixin.py:188} INFO - [2026-04-16T20:47:04.657+0000] {dag.py:3954} INFO - Setting next_dagrun for dag_scraping_offres_emploi to 2026-04-16 12:00:00+00:00, run_after=2026-04-16 18:00:00+00:00
[2026-04-16T20:47:04.698+0000] {processor.py:183} INFO - Processing /opt/airflow/dags/DagScraper.py took 0.328 seconds
[2026-04-16T20:47:35.493+0000] {processor.py:161} INFO - Started process (PID=6341) to work on /opt/airflow/dags/DagScraper.py
[2026-04-16T20:47:35.496+0000] {processor.py:830} INFO - Processing file /opt/airflow/dags/DagScraper.py for tasks to queue
[2026-04-16T20:47:35.502+0000] {logging_mixin.py:188} INFO - [2026-04-16T20:47:35.501+0000] {dagbag.py:545} INFO - Filling up the DagBag from /opt/airflow/dags/DagScraper.py
[2026-04-16T20:47:35.556+0000] {processor.py:840} INFO - DAG(s) 'dag_scraping_offres_emploi' retrieved from /opt/airflow/dags/DagScraper.py
[2026-04-16T20:47:35.685+0000] {logging_mixin.py:188} INFO - [2026-04-16T20:47:35.685+0000] {dag.py:3096} INFO - Sync 1 DAGs
[2026-04-16T20:47:35.756+0000] {logging_mixin.py:188} INFO - [2026-04-16T20:47:35.756+0000] {dag.py:3954} INFO - Setting next_dagrun for dag_scraping_offres_emploi to 2026-04-16 12:00:00+00:00, run_after=2026-04-16 18:00:00+00:00
[2026-04-16T20:47:35.811+0000] {processor.py:183} INFO - Processing /opt/airflow/dags/DagScraper.py took 0.335 seconds
[2026-04-16T20:48:06.374+0000] {processor.py:161} INFO - Started process (PID=6355) to work on /opt/airflow/dags/DagScraper.py
[2026-04-16T20:48:06.377+0000] {processor.py:830} INFO - Processing file /opt/airflow/dags/DagScraper.py for tasks to queue
[2026-04-16T20:48:06.388+0000] {logging_mixin.py:188} INFO - [2026-04-16T20:48:06.387+0000] {dagbag.py:545} INFO - Filling up the DagBag from /opt/airflow/dags/DagScraper.py
[2026-04-16T20:48:06.564+0000] {processor.py:840} INFO - DAG(s) 'dag_scraping_offres_emploi' retrieved from /opt/airflow/dags/DagScraper.py
[2026-04-16T20:48:06.745+0000] {logging_mixin.py:188} INFO - [2026-04-16T20:48:06.745+0000] {dag.py:3096} INFO - Sync 1 DAGs
[2026-04-16T20:48:06.900+0000] {logging_mixin.py:188} INFO - [2026-04-16T20:48:06.899+0000] {dag.py:3954} INFO - Setting next_dagrun for dag_scraping_offres_emploi to 2026-04-16 12:00:00+00:00, run_after=2026-04-16 18:00:00+00:00
[2026-04-16T20:48:06.983+0000] {processor.py:183} INFO - Processing /opt/airflow/dags/DagScraper.py took 0.643 seconds
[2026-04-16T20:48:37.795+0000] {processor.py:161} INFO - Started process (PID=6363) to work on /opt/airflow/dags/DagScraper.py
[2026-04-16T20:48:37.797+0000] {processor.py:830} INFO - Processing file /opt/airflow/dags/DagScraper.py for tasks to queue
[2026-04-16T20:48:37.815+0000] {logging_mixin.py:188} INFO - [2026-04-16T20:48:37.814+0000] {dagbag.py:545} INFO - Filling up the DagBag from /opt/airflow/dags/DagScraper.py
[2026-04-16T20:48:37.930+0000] {processor.py:840} INFO - DAG(s) 'dag_scraping_offres_emploi' retrieved from /opt/airflow/dags/DagScraper.py
[2026-04-16T20:48:38.385+0000] {logging_mixin.py:188} INFO - [2026-04-16T20:48:38.382+0000] {dag.py:3096} INFO - Sync 1 DAGs
[2026-04-16T20:48:38.551+0000] {logging_mixin.py:188} INFO - [2026-04-16T20:48:38.550+0000] {dag.py:3954} INFO - Setting next_dagrun for dag_scraping_offres_emploi to 2026-04-16 12:00:00+00:00, run_after=2026-04-16 18:00:00+00:00
[2026-04-16T20:48:38.686+0000] {processor.py:183} INFO - Processing /opt/airflow/dags/DagScraper.py took 0.909 seconds
[2026-04-16T20:49:09.419+0000] {processor.py:161} INFO - Started process (PID=6376) to work on /opt/airflow/dags/DagScraper.py
[2026-04-16T20:49:09.421+0000] {processor.py:830} INFO - Processing file /opt/airflow/dags/DagScraper.py for tasks to queue
[2026-04-16T20:49:09.426+0000] {logging_mixin.py:188} INFO - [2026-04-16T20:49:09.425+0000] {dagbag.py:545} INFO - Filling up the DagBag from /opt/airflow/dags/DagScraper.py
[2026-04-16T20:49:09.475+0000] {processor.py:840} INFO - DAG(s) 'dag_scraping_offres_emploi' retrieved from /opt/airflow/dags/DagScraper.py
[2026-04-16T20:49:09.618+0000] {logging_mixin.py:188} INFO - [2026-04-16T20:49:09.617+0000] {dag.py:3096} INFO - Sync 1 DAGs
[2026-04-16T20:49:09.723+0000] {logging_mixin.py:188} INFO - [2026-04-16T20:49:09.722+0000] {dag.py:3954} INFO - Setting next_dagrun for dag_scraping_offres_emploi to 2026-04-16 12:00:00+00:00, run_after=2026-04-16 18:00:00+00:00
[2026-04-16T20:49:09.794+0000] {processor.py:183} INFO - Processing /opt/airflow/dags/DagScraper.py took 0.390 seconds
[2026-04-16T20:49:40.470+0000] {processor.py:161} INFO - Started process (PID=6384) to work on /opt/airflow/dags/DagScraper.py
[2026-04-16T20:49:40.473+0000] {processor.py:830} INFO - Processing file /opt/airflow/dags/DagScraper.py for tasks to queue
[2026-04-16T20:49:40.481+0000] {logging_mixin.py:188} INFO - [2026-04-16T20:49:40.479+0000] {dagbag.py:545} INFO - Filling up the DagBag from /opt/airflow/dags/DagScraper.py
[2026-04-16T20:49:40.571+0000] {processor.py:840} INFO - DAG(s) 'dag_scraping_offres_emploi' retrieved from /opt/airflow/dags/DagScraper.py
[2026-04-16T20:49:40.658+0000] {logging_mixin.py:188} INFO - [2026-04-16T20:49:40.657+0000] {dag.py:3096} INFO - Sync 1 DAGs
[2026-04-16T20:49:40.712+0000] {logging_mixin.py:188} INFO - [2026-04-16T20:49:40.711+0000] {dag.py:3954} INFO - Setting next_dagrun for dag_scraping_offres_emploi to 2026-04-16 12:00:00+00:00, run_after=2026-04-16 18:00:00+00:00
[2026-04-16T20:49:40.785+0000] {processor.py:183} INFO - Processing /opt/airflow/dags/DagScraper.py took 0.340 seconds
[2026-04-16T20:50:11.292+0000] {processor.py:161} INFO - Started process (PID=6398) to work on /opt/airflow/dags/DagScraper.py
[2026-04-16T20:50:11.295+0000] {processor.py:830} INFO - Processing file /opt/airflow/dags/DagScraper.py for tasks to queue
[2026-04-16T20:50:11.300+0000] {logging_mixin.py:188} INFO - [2026-04-16T20:50:11.299+0000] {dagbag.py:545} INFO - Filling up the DagBag from /opt/airflow/dags/DagScraper.py
[2026-04-16T20:50:11.342+0000] {processor.py:840} INFO - DAG(s) 'dag_scraping_offres_emploi' retrieved from /opt/airflow/dags/DagScraper.py
[2026-04-16T20:50:11.424+0000] {logging_mixin.py:188} INFO - [2026-04-16T20:50:11.424+0000] {dag.py:3096} INFO - Sync 1 DAGs
[2026-04-16T20:50:11.503+0000] {logging_mixin.py:188} INFO - [2026-04-16T20:50:11.503+0000] {dag.py:3954} INFO - Setting next_dagrun for dag_scraping_offres_emploi to 2026-04-16 12:00:00+00:00, run_after=2026-04-16 18:00:00+00:00
[2026-04-16T20:50:11.584+0000] {processor.py:183} INFO - Processing /opt/airflow/dags/DagScraper.py took 0.342 seconds
[2026-04-16T20:50:42.040+0000] {processor.py:161} INFO - Started process (PID=6406) to work on /opt/airflow/dags/DagScraper.py
[2026-04-16T20:50:42.042+0000] {processor.py:830} INFO - Processing file /opt/airflow/dags/DagScraper.py for tasks to queue
[2026-04-16T20:50:42.045+0000] {logging_mixin.py:188} INFO - [2026-04-16T20:50:42.044+0000] {dagbag.py:545} INFO - Filling up the DagBag from /opt/airflow/dags/DagScraper.py
[2026-04-16T20:50:42.097+0000] {processor.py:840} INFO - DAG(s) 'dag_scraping_offres_emploi' retrieved from /opt/airflow/dags/DagScraper.py
[2026-04-16T20:50:42.199+0000] {logging_mixin.py:188} INFO - [2026-04-16T20:50:42.199+0000] {dag.py:3096} INFO - Sync 1 DAGs
[2026-04-16T20:50:42.269+0000] {logging_mixin.py:188} INFO - [2026-04-16T20:50:42.268+0000] {dag.py:3954} INFO - Setting next_dagrun for dag_scraping_offres_emploi to 2026-04-16 12:00:00+00:00, run_after=2026-04-16 18:00:00+00:00
[2026-04-16T20:50:42.310+0000] {processor.py:183} INFO - Processing /opt/airflow/dags/DagScraper.py took 0.286 seconds
[2026-04-16T20:51:13.060+0000] {processor.py:161} INFO - Started process (PID=6420) to work on /opt/airflow/dags/DagScraper.py
[2026-04-16T20:51:13.070+0000] {processor.py:830} INFO - Processing file /opt/airflow/dags/DagScraper.py for tasks to queue
[2026-04-16T20:51:13.077+0000] {logging_mixin.py:188} INFO - [2026-04-16T20:51:13.074+0000] {dagbag.py:545} INFO - Filling up the DagBag from /opt/airflow/dags/DagScraper.py
[2026-04-16T20:51:13.167+0000] {processor.py:840} INFO - DAG(s) 'dag_scraping_offres_emploi' retrieved from /opt/airflow/dags/DagScraper.py
[2026-04-16T20:51:13.252+0000] {logging_mixin.py:188} INFO - [2026-04-16T20:51:13.251+0000] {dag.py:3096} INFO - Sync 1 DAGs
[2026-04-16T20:51:13.331+0000] {logging_mixin.py:188} INFO - [2026-04-16T20:51:13.330+0000] {dag.py:3954} INFO - Setting next_dagrun for dag_scraping_offres_emploi to 2026-04-16 12:00:00+00:00, run_after=2026-04-16 18:00:00+00:00
[2026-04-16T20:51:13.397+0000] {processor.py:183} INFO - Processing /opt/airflow/dags/DagScraper.py took 0.360 seconds
[2026-04-16T20:51:44.139+0000] {processor.py:161} INFO - Started process (PID=6429) to work on /opt/airflow/dags/DagScraper.py
[2026-04-16T20:51:44.146+0000] {processor.py:830} INFO - Processing file /opt/airflow/dags/DagScraper.py for tasks to queue
[2026-04-16T20:51:44.153+0000] {logging_mixin.py:188} INFO - [2026-04-16T20:51:44.153+0000] {dagbag.py:545} INFO - Filling up the DagBag from /opt/airflow/dags/DagScraper.py
[2026-04-16T20:51:44.262+0000] {processor.py:840} INFO - DAG(s) 'dag_scraping_offres_emploi' retrieved from /opt/airflow/dags/DagScraper.py
[2026-04-16T20:51:44.339+0000] {logging_mixin.py:188} INFO - [2026-04-16T20:51:44.339+0000] {dag.py:3096} INFO - Sync 1 DAGs
[2026-04-16T20:51:44.429+0000] {logging_mixin.py:188} INFO - [2026-04-16T20:51:44.429+0000] {dag.py:3954} INFO - Setting next_dagrun for dag_scraping_offres_emploi to 2026-04-16 12:00:00+00:00, run_after=2026-04-16 18:00:00+00:00
[2026-04-16T20:51:44.516+0000] {processor.py:183} INFO - Processing /opt/airflow/dags/DagScraper.py took 0.400 seconds
[2026-04-16T20:52:15.256+0000] {processor.py:161} INFO - Started process (PID=6442) to work on /opt/airflow/dags/DagScraper.py
[2026-04-16T20:52:15.258+0000] {processor.py:830} INFO - Processing file /opt/airflow/dags/DagScraper.py for tasks to queue
[2026-04-16T20:52:15.262+0000] {logging_mixin.py:188} INFO - [2026-04-16T20:52:15.261+0000] {dagbag.py:545} INFO - Filling up the DagBag from /opt/airflow/dags/DagScraper.py
[2026-04-16T20:52:15.328+0000] {processor.py:840} INFO - DAG(s) 'dag_scraping_offres_emploi' retrieved from /opt/airflow/dags/DagScraper.py
[2026-04-16T20:52:15.493+0000] {logging_mixin.py:188} INFO - [2026-04-16T20:52:15.492+0000] {dag.py:3096} INFO - Sync 1 DAGs
[2026-04-16T20:52:15.555+0000] {logging_mixin.py:188} INFO - [2026-04-16T20:52:15.555+0000] {dag.py:3954} INFO - Setting next_dagrun for dag_scraping_offres_emploi to 2026-04-16 12:00:00+00:00, run_after=2026-04-16 18:00:00+00:00
[2026-04-16T20:52:15.604+0000] {processor.py:183} INFO - Processing /opt/airflow/dags/DagScraper.py took 0.365 seconds
[2026-04-16T20:52:46.132+0000] {processor.py:161} INFO - Started process (PID=6455) to work on /opt/airflow/dags/DagScraper.py
[2026-04-16T20:52:46.134+0000] {processor.py:830} INFO - Processing file /opt/airflow/dags/DagScraper.py for tasks to queue
[2026-04-16T20:52:46.138+0000] {logging_mixin.py:188} INFO - [2026-04-16T20:52:46.137+0000] {dagbag.py:545} INFO - Filling up the DagBag from /opt/airflow/dags/DagScraper.py
[2026-04-16T20:52:46.177+0000] {processor.py:840} INFO - DAG(s) 'dag_scraping_offres_emploi' retrieved from /opt/airflow/dags/DagScraper.py
[2026-04-16T20:52:46.246+0000] {logging_mixin.py:188} INFO - [2026-04-16T20:52:46.246+0000] {dag.py:3096} INFO - Sync 1 DAGs
[2026-04-16T20:52:46.334+0000] {logging_mixin.py:188} INFO - [2026-04-16T20:52:46.333+0000] {dag.py:3954} INFO - Setting next_dagrun for dag_scraping_offres_emploi to 2026-04-16 12:00:00+00:00, run_after=2026-04-16 18:00:00+00:00
[2026-04-16T20:52:46.408+0000] {processor.py:183} INFO - Processing /opt/airflow/dags/DagScraper.py took 0.291 seconds
[2026-04-16T20:53:17.021+0000] {processor.py:161} INFO - Started process (PID=6463) to work on /opt/airflow/dags/DagScraper.py
[2026-04-16T20:53:17.023+0000] {processor.py:830} INFO - Processing file /opt/airflow/dags/DagScraper.py for tasks to queue
[2026-04-16T20:53:17.027+0000] {logging_mixin.py:188} INFO - [2026-04-16T20:53:17.026+0000] {dagbag.py:545} INFO - Filling up the DagBag from /opt/airflow/dags/DagScraper.py
[2026-04-16T20:53:17.078+0000] {processor.py:840} INFO - DAG(s) 'dag_scraping_offres_emploi' retrieved from /opt/airflow/dags/DagScraper.py
[2026-04-16T20:53:17.158+0000] {logging_mixin.py:188} INFO - [2026-04-16T20:53:17.157+0000] {dag.py:3096} INFO - Sync 1 DAGs
[2026-04-16T20:53:17.219+0000] {logging_mixin.py:188} INFO - [2026-04-16T20:53:17.218+0000] {dag.py:3954} INFO - Setting next_dagrun for dag_scraping_offres_emploi to 2026-04-16 12:00:00+00:00, run_after=2026-04-16 18:00:00+00:00
[2026-04-16T20:53:17.293+0000] {processor.py:183} INFO - Processing /opt/airflow/dags/DagScraper.py took 0.287 seconds
[2026-04-16T20:53:48.142+0000] {processor.py:161} INFO - Started process (PID=6478) to work on /opt/airflow/dags/DagScraper.py
[2026-04-16T20:53:48.146+0000] {processor.py:830} INFO - Processing file /opt/airflow/dags/DagScraper.py for tasks to queue
[2026-04-16T20:53:48.162+0000] {logging_mixin.py:188} INFO - [2026-04-16T20:53:48.161+0000] {dagbag.py:545} INFO - Filling up the DagBag from /opt/airflow/dags/DagScraper.py
[2026-04-16T20:53:48.410+0000] {processor.py:840} INFO - DAG(s) 'dag_scraping_offres_emploi' retrieved from /opt/airflow/dags/DagScraper.py
[2026-04-16T20:53:48.933+0000] {logging_mixin.py:188} INFO - [2026-04-16T20:53:48.930+0000] {dag.py:3096} INFO - Sync 1 DAGs
[2026-04-16T20:53:49.213+0000] {logging_mixin.py:188} INFO - [2026-04-16T20:53:49.212+0000] {dag.py:3954} INFO - Setting next_dagrun for dag_scraping_offres_emploi to 2026-04-16 12:00:00+00:00, run_after=2026-04-16 18:00:00+00:00
[2026-04-16T20:53:49.300+0000] {processor.py:183} INFO - Processing /opt/airflow/dags/DagScraper.py took 1.211 seconds
[2026-04-16T20:54:19.847+0000] {processor.py:161} INFO - Started process (PID=6487) to work on /opt/airflow/dags/DagScraper.py
[2026-04-16T20:54:19.849+0000] {processor.py:830} INFO - Processing file /opt/airflow/dags/DagScraper.py for tasks to queue
[2026-04-16T20:54:19.853+0000] {logging_mixin.py:188} INFO - [2026-04-16T20:54:19.853+0000] {dagbag.py:545} INFO - Filling up the DagBag from /opt/airflow/dags/DagScraper.py
[2026-04-16T20:54:19.940+0000] {processor.py:840} INFO - DAG(s) 'dag_scraping_offres_emploi' retrieved from /opt/airflow/dags/DagScraper.py
[2026-04-16T20:54:20.033+0000] {logging_mixin.py:188} INFO - [2026-04-16T20:54:20.033+0000] {dag.py:3096} INFO - Sync 1 DAGs
[2026-04-16T20:54:20.114+0000] {logging_mixin.py:188} INFO - [2026-04-16T20:54:20.114+0000] {dag.py:3954} INFO - Setting next_dagrun for dag_scraping_offres_emploi to 2026-04-16 12:00:00+00:00, run_after=2026-04-16 18:00:00+00:00
[2026-04-16T20:54:20.292+0000] {processor.py:183} INFO - Processing /opt/airflow/dags/DagScraper.py took 0.492 seconds
[2026-04-16T20:54:50.489+0000] {processor.py:161} INFO - Started process (PID=6501) to work on /opt/airflow/dags/DagScraper.py
[2026-04-16T20:54:50.490+0000] {processor.py:830} INFO - Processing file /opt/airflow/dags/DagScraper.py for tasks to queue
[2026-04-16T20:54:50.493+0000] {logging_mixin.py:188} INFO - [2026-04-16T20:54:50.493+0000] {dagbag.py:545} INFO - Filling up the DagBag from /opt/airflow/dags/DagScraper.py
[2026-04-16T20:54:50.538+0000] {processor.py:840} INFO - DAG(s) 'dag_scraping_offres_emploi' retrieved from /opt/airflow/dags/DagScraper.py
[2026-04-16T20:54:50.620+0000] {logging_mixin.py:188} INFO - [2026-04-16T20:54:50.619+0000] {dag.py:3096} INFO - Sync 1 DAGs
[2026-04-16T20:54:50.697+0000] {logging_mixin.py:188} INFO - [2026-04-16T20:54:50.696+0000] {dag.py:3954} INFO - Setting next_dagrun for dag_scraping_offres_emploi to 2026-04-16 12:00:00+00:00, run_after=2026-04-16 18:00:00+00:00
[2026-04-16T20:54:50.766+0000] {processor.py:183} INFO - Processing /opt/airflow/dags/DagScraper.py took 0.300 seconds
[2026-04-16T20:55:21.556+0000] {processor.py:161} INFO - Started process (PID=6508) to work on /opt/airflow/dags/DagScraper.py
[2026-04-16T20:55:21.558+0000] {processor.py:830} INFO - Processing file /opt/airflow/dags/DagScraper.py for tasks to queue
[2026-04-16T20:55:21.562+0000] {logging_mixin.py:188} INFO - [2026-04-16T20:55:21.561+0000] {dagbag.py:545} INFO - Filling up the DagBag from /opt/airflow/dags/DagScraper.py
[2026-04-16T20:55:21.613+0000] {processor.py:840} INFO - DAG(s) 'dag_scraping_offres_emploi' retrieved from /opt/airflow/dags/DagScraper.py
[2026-04-16T20:55:21.687+0000] {logging_mixin.py:188} INFO - [2026-04-16T20:55:21.687+0000] {dag.py:3096} INFO - Sync 1 DAGs
[2026-04-16T20:55:21.736+0000] {logging_mixin.py:188} INFO - [2026-04-16T20:55:21.736+0000] {dag.py:3954} INFO - Setting next_dagrun for dag_scraping_offres_emploi to 2026-04-16 12:00:00+00:00, run_after=2026-04-16 18:00:00+00:00
[2026-04-16T20:55:21.783+0000] {processor.py:183} INFO - Processing /opt/airflow/dags/DagScraper.py took 0.243 seconds
[2026-04-16T20:55:52.464+0000] {processor.py:161} INFO - Started process (PID=6522) to work on /opt/airflow/dags/DagScraper.py
[2026-04-16T20:55:52.466+0000] {processor.py:830} INFO - Processing file /opt/airflow/dags/DagScraper.py for tasks to queue
[2026-04-16T20:55:52.470+0000] {logging_mixin.py:188} INFO - [2026-04-16T20:55:52.469+0000] {dagbag.py:545} INFO - Filling up the DagBag from /opt/airflow/dags/DagScraper.py
[2026-04-16T20:55:52.539+0000] {processor.py:840} INFO - DAG(s) 'dag_scraping_offres_emploi' retrieved from /opt/airflow/dags/DagScraper.py
[2026-04-16T20:55:52.631+0000] {logging_mixin.py:188} INFO - [2026-04-16T20:55:52.630+0000] {dag.py:3096} INFO - Sync 1 DAGs
[2026-04-16T20:55:52.749+0000] {logging_mixin.py:188} INFO - [2026-04-16T20:55:52.748+0000] {dag.py:3954} INFO - Setting next_dagrun for dag_scraping_offres_emploi to 2026-04-16 12:00:00+00:00, run_after=2026-04-16 18:00:00+00:00
[2026-04-16T20:55:52.813+0000] {processor.py:183} INFO - Processing /opt/airflow/dags/DagScraper.py took 0.368 seconds
[2026-04-16T20:56:23.377+0000] {processor.py:161} INFO - Started process (PID=6531) to work on /opt/airflow/dags/DagScraper.py
[2026-04-16T20:56:23.379+0000] {processor.py:830} INFO - Processing file /opt/airflow/dags/DagScraper.py for tasks to queue
[2026-04-16T20:56:23.386+0000] {logging_mixin.py:188} INFO - [2026-04-16T20:56:23.385+0000] {dagbag.py:545} INFO - Filling up the DagBag from /opt/airflow/dags/DagScraper.py
[2026-04-16T20:56:23.448+0000] {processor.py:840} INFO - DAG(s) 'dag_scraping_offres_emploi' retrieved from /opt/airflow/dags/DagScraper.py
[2026-04-16T20:56:23.615+0000] {logging_mixin.py:188} INFO - [2026-04-16T20:56:23.614+0000] {dag.py:3096} INFO - Sync 1 DAGs
[2026-04-16T20:56:23.717+0000] {logging_mixin.py:188} INFO - [2026-04-16T20:56:23.717+0000] {dag.py:3954} INFO - Setting next_dagrun for dag_scraping_offres_emploi to 2026-04-16 12:00:00+00:00, run_after=2026-04-16 18:00:00+00:00
[2026-04-16T20:56:23.770+0000] {processor.py:183} INFO - Processing /opt/airflow/dags/DagScraper.py took 0.431 seconds
[2026-04-16T20:56:54.494+0000] {processor.py:161} INFO - Started process (PID=6545) to work on /opt/airflow/dags/DagScraper.py
[2026-04-16T20:56:54.496+0000] {processor.py:830} INFO - Processing file /opt/airflow/dags/DagScraper.py for tasks to queue
[2026-04-16T20:56:54.499+0000] {logging_mixin.py:188} INFO - [2026-04-16T20:56:54.499+0000] {dagbag.py:545} INFO - Filling up the DagBag from /opt/airflow/dags/DagScraper.py
[2026-04-16T20:56:54.538+0000] {processor.py:840} INFO - DAG(s) 'dag_scraping_offres_emploi' retrieved from /opt/airflow/dags/DagScraper.py
[2026-04-16T20:56:54.660+0000] {logging_mixin.py:188} INFO - [2026-04-16T20:56:54.659+0000] {dag.py:3096} INFO - Sync 1 DAGs
[2026-04-16T20:56:54.716+0000] {logging_mixin.py:188} INFO - [2026-04-16T20:56:54.716+0000] {dag.py:3954} INFO - Setting next_dagrun for dag_scraping_offres_emploi to 2026-04-16 12:00:00+00:00, run_after=2026-04-16 18:00:00+00:00
[2026-04-16T20:56:54.756+0000] {processor.py:183} INFO - Processing /opt/airflow/dags/DagScraper.py took 0.274 seconds
[2026-04-16T20:57:25.189+0000] {processor.py:161} INFO - Started process (PID=6554) to work on /opt/airflow/dags/DagScraper.py
[2026-04-16T20:57:25.192+0000] {processor.py:830} INFO - Processing file /opt/airflow/dags/DagScraper.py for tasks to queue
[2026-04-16T20:57:25.202+0000] {logging_mixin.py:188} INFO - [2026-04-16T20:57:25.200+0000] {dagbag.py:545} INFO - Filling up the DagBag from /opt/airflow/dags/DagScraper.py
[2026-04-16T20:57:25.297+0000] {processor.py:840} INFO - DAG(s) 'dag_scraping_offres_emploi' retrieved from /opt/airflow/dags/DagScraper.py
[2026-04-16T20:57:25.482+0000] {logging_mixin.py:188} INFO - [2026-04-16T20:57:25.481+0000] {dag.py:3096} INFO - Sync 1 DAGs
[2026-04-16T20:57:25.649+0000] {logging_mixin.py:188} INFO - [2026-04-16T20:57:25.648+0000] {dag.py:3954} INFO - Setting next_dagrun for dag_scraping_offres_emploi to 2026-04-16 12:00:00+00:00, run_after=2026-04-16 18:00:00+00:00
[2026-04-16T20:57:25.690+0000] {processor.py:183} INFO - Processing /opt/airflow/dags/DagScraper.py took 0.533 seconds
[2026-04-16T20:57:56.297+0000] {processor.py:161} INFO - Started process (PID=6568) to work on /opt/airflow/dags/DagScraper.py
[2026-04-16T20:57:56.299+0000] {processor.py:830} INFO - Processing file /opt/airflow/dags/DagScraper.py for tasks to queue
[2026-04-16T20:57:56.303+0000] {logging_mixin.py:188} INFO - [2026-04-16T20:57:56.303+0000] {dagbag.py:545} INFO - Filling up the DagBag from /opt/airflow/dags/DagScraper.py
[2026-04-16T20:57:56.351+0000] {processor.py:840} INFO - DAG(s) 'dag_scraping_offres_emploi' retrieved from /opt/airflow/dags/DagScraper.py
[2026-04-16T20:57:56.493+0000] {logging_mixin.py:188} INFO - [2026-04-16T20:57:56.492+0000] {dag.py:3096} INFO - Sync 1 DAGs
[2026-04-16T20:57:56.555+0000] {logging_mixin.py:188} INFO - [2026-04-16T20:57:56.554+0000] {dag.py:3954} INFO - Setting next_dagrun for dag_scraping_offres_emploi to 2026-04-16 12:00:00+00:00, run_after=2026-04-16 18:00:00+00:00
[2026-04-16T20:57:56.599+0000] {processor.py:183} INFO - Processing /opt/airflow/dags/DagScraper.py took 0.316 seconds
[2026-04-16T20:58:26.825+0000] {processor.py:161} INFO - Started process (PID=6576) to work on /opt/airflow/dags/DagScraper.py
[2026-04-16T20:58:26.827+0000] {processor.py:830} INFO - Processing file /opt/airflow/dags/DagScraper.py for tasks to queue
[2026-04-16T20:58:26.830+0000] {logging_mixin.py:188} INFO - [2026-04-16T20:58:26.830+0000] {dagbag.py:545} INFO - Filling up the DagBag from /opt/airflow/dags/DagScraper.py
[2026-04-16T20:58:26.880+0000] {processor.py:840} INFO - DAG(s) 'dag_scraping_offres_emploi' retrieved from /opt/airflow/dags/DagScraper.py
[2026-04-16T20:58:26.955+0000] {logging_mixin.py:188} INFO - [2026-04-16T20:58:26.954+0000] {dag.py:3096} INFO - Sync 1 DAGs
[2026-04-16T20:58:27.046+0000] {logging_mixin.py:188} INFO - [2026-04-16T20:58:27.045+0000] {dag.py:3954} INFO - Setting next_dagrun for dag_scraping_offres_emploi to 2026-04-16 12:00:00+00:00, run_after=2026-04-16 18:00:00+00:00
[2026-04-16T20:58:27.126+0000] {processor.py:183} INFO - Processing /opt/airflow/dags/DagScraper.py took 0.314 seconds
[2026-04-16T20:58:57.735+0000] {processor.py:161} INFO - Started process (PID=6591) to work on /opt/airflow/dags/DagScraper.py
[2026-04-16T20:58:57.737+0000] {processor.py:830} INFO - Processing file /opt/airflow/dags/DagScraper.py for tasks to queue
[2026-04-16T20:58:57.744+0000] {logging_mixin.py:188} INFO - [2026-04-16T20:58:57.742+0000] {dagbag.py:545} INFO - Filling up the DagBag from /opt/airflow/dags/DagScraper.py
[2026-04-16T20:58:57.860+0000] {processor.py:840} INFO - DAG(s) 'dag_scraping_offres_emploi' retrieved from /opt/airflow/dags/DagScraper.py
[2026-04-16T20:58:58.020+0000] {logging_mixin.py:188} INFO - [2026-04-16T20:58:58.019+0000] {dag.py:3096} INFO - Sync 1 DAGs
[2026-04-16T20:58:58.204+0000] {logging_mixin.py:188} INFO - [2026-04-16T20:58:58.204+0000] {dag.py:3954} INFO - Setting next_dagrun for dag_scraping_offres_emploi to 2026-04-16 12:00:00+00:00, run_after=2026-04-16 18:00:00+00:00
[2026-04-16T20:58:58.274+0000] {processor.py:183} INFO - Processing /opt/airflow/dags/DagScraper.py took 0.561 seconds
[2026-04-16T20:59:28.842+0000] {processor.py:161} INFO - Started process (PID=6606) to work on /opt/airflow/dags/DagScraper.py
[2026-04-16T20:59:28.844+0000] {processor.py:830} INFO - Processing file /opt/airflow/dags/DagScraper.py for tasks to queue
[2026-04-16T20:59:28.847+0000] {logging_mixin.py:188} INFO - [2026-04-16T20:59:28.847+0000] {dagbag.py:545} INFO - Filling up the DagBag from /opt/airflow/dags/DagScraper.py
[2026-04-16T20:59:28.894+0000] {processor.py:840} INFO - DAG(s) 'dag_scraping_offres_emploi' retrieved from /opt/airflow/dags/DagScraper.py
[2026-04-16T20:59:29.029+0000] {logging_mixin.py:188} INFO - [2026-04-16T20:59:29.029+0000] {dag.py:3096} INFO - Sync 1 DAGs
[2026-04-16T20:59:29.093+0000] {logging_mixin.py:188} INFO - [2026-04-16T20:59:29.092+0000] {dag.py:3954} INFO - Setting next_dagrun for dag_scraping_offres_emploi to 2026-04-16 12:00:00+00:00, run_after=2026-04-16 18:00:00+00:00
[2026-04-16T20:59:29.175+0000] {processor.py:183} INFO - Processing /opt/airflow/dags/DagScraper.py took 0.349 seconds
[2026-04-16T20:59:59.864+0000] {processor.py:161} INFO - Started process (PID=6614) to work on /opt/airflow/dags/DagScraper.py
[2026-04-16T20:59:59.866+0000] {processor.py:830} INFO - Processing file /opt/airflow/dags/DagScraper.py for tasks to queue
[2026-04-16T20:59:59.869+0000] {logging_mixin.py:188} INFO - [2026-04-16T20:59:59.868+0000] {dagbag.py:545} INFO - Filling up the DagBag from /opt/airflow/dags/DagScraper.py
[2026-04-16T20:59:59.915+0000] {processor.py:840} INFO - DAG(s) 'dag_scraping_offres_emploi' retrieved from /opt/airflow/dags/DagScraper.py
[2026-04-16T21:00:00.051+0000] {logging_mixin.py:188} INFO - [2026-04-16T21:00:00.050+0000] {dag.py:3096} INFO - Sync 1 DAGs
[2026-04-16T21:00:00.151+0000] {logging_mixin.py:188} INFO - [2026-04-16T21:00:00.151+0000] {dag.py:3954} INFO - Setting next_dagrun for dag_scraping_offres_emploi to 2026-04-16 12:00:00+00:00, run_after=2026-04-16 18:00:00+00:00
[2026-04-16T21:00:00.193+0000] {processor.py:183} INFO - Processing /opt/airflow/dags/DagScraper.py took 0.347 seconds
[2026-04-16T21:00:30.394+0000] {processor.py:161} INFO - Started process (PID=6628) to work on /opt/airflow/dags/DagScraper.py
[2026-04-16T21:00:30.398+0000] {processor.py:830} INFO - Processing file /opt/airflow/dags/DagScraper.py for tasks to queue
[2026-04-16T21:00:30.404+0000] {logging_mixin.py:188} INFO - [2026-04-16T21:00:30.403+0000] {dagbag.py:545} INFO - Filling up the DagBag from /opt/airflow/dags/DagScraper.py
[2026-04-16T21:00:30.477+0000] {processor.py:840} INFO - DAG(s) 'dag_scraping_offres_emploi' retrieved from /opt/airflow/dags/DagScraper.py
[2026-04-16T21:00:30.626+0000] {logging_mixin.py:188} INFO - [2026-04-16T21:00:30.624+0000] {dag.py:3096} INFO - Sync 1 DAGs
[2026-04-16T21:00:30.671+0000] {logging_mixin.py:188} INFO - [2026-04-16T21:00:30.671+0000] {dag.py:3954} INFO - Setting next_dagrun for dag_scraping_offres_emploi to 2026-04-16 12:00:00+00:00, run_after=2026-04-16 18:00:00+00:00
[2026-04-16T21:00:30.725+0000] {processor.py:183} INFO - Processing /opt/airflow/dags/DagScraper.py took 0.375 seconds
[2026-04-16T21:01:01.366+0000] {processor.py:161} INFO - Started process (PID=6636) to work on /opt/airflow/dags/DagScraper.py
[2026-04-16T21:01:01.368+0000] {processor.py:830} INFO - Processing file /opt/airflow/dags/DagScraper.py for tasks to queue
[2026-04-16T21:01:01.371+0000] {logging_mixin.py:188} INFO - [2026-04-16T21:01:01.371+0000] {dagbag.py:545} INFO - Filling up the DagBag from /opt/airflow/dags/DagScraper.py
[2026-04-16T21:01:01.417+0000] {processor.py:840} INFO - DAG(s) 'dag_scraping_offres_emploi' retrieved from /opt/airflow/dags/DagScraper.py
[2026-04-16T21:01:01.572+0000] {logging_mixin.py:188} INFO - [2026-04-16T21:01:01.571+0000] {dag.py:3096} INFO - Sync 1 DAGs
[2026-04-16T21:01:01.629+0000] {logging_mixin.py:188} INFO - [2026-04-16T21:01:01.628+0000] {dag.py:3954} INFO - Setting next_dagrun for dag_scraping_offres_emploi to 2026-04-16 12:00:00+00:00, run_after=2026-04-16 18:00:00+00:00
[2026-04-16T21:01:01.669+0000] {processor.py:183} INFO - Processing /opt/airflow/dags/DagScraper.py took 0.320 seconds
[2026-04-16T21:01:32.473+0000] {processor.py:161} INFO - Started process (PID=6650) to work on /opt/airflow/dags/DagScraper.py
[2026-04-16T21:01:32.475+0000] {processor.py:830} INFO - Processing file /opt/airflow/dags/DagScraper.py for tasks to queue
[2026-04-16T21:01:32.478+0000] {logging_mixin.py:188} INFO - [2026-04-16T21:01:32.478+0000] {dagbag.py:545} INFO - Filling up the DagBag from /opt/airflow/dags/DagScraper.py
[2026-04-16T21:01:32.517+0000] {processor.py:840} INFO - DAG(s) 'dag_scraping_offres_emploi' retrieved from /opt/airflow/dags/DagScraper.py
[2026-04-16T21:01:32.606+0000] {logging_mixin.py:188} INFO - [2026-04-16T21:01:32.605+0000] {dag.py:3096} INFO - Sync 1 DAGs
[2026-04-16T21:01:32.679+0000] {logging_mixin.py:188} INFO - [2026-04-16T21:01:32.678+0000] {dag.py:3954} INFO - Setting next_dagrun for dag_scraping_offres_emploi to 2026-04-16 12:00:00+00:00, run_after=2026-04-16 18:00:00+00:00
[2026-04-16T21:01:32.786+0000] {processor.py:183} INFO - Processing /opt/airflow/dags/DagScraper.py took 0.330 seconds
[2026-04-16T21:02:03.486+0000] {processor.py:161} INFO - Started process (PID=6659) to work on /opt/airflow/dags/DagScraper.py
[2026-04-16T21:02:03.488+0000] {processor.py:830} INFO - Processing file /opt/airflow/dags/DagScraper.py for tasks to queue
[2026-04-16T21:02:03.492+0000] {logging_mixin.py:188} INFO - [2026-04-16T21:02:03.491+0000] {dagbag.py:545} INFO - Filling up the DagBag from /opt/airflow/dags/DagScraper.py
[2026-04-16T21:02:03.541+0000] {processor.py:840} INFO - DAG(s) 'dag_scraping_offres_emploi' retrieved from /opt/airflow/dags/DagScraper.py
[2026-04-16T21:02:03.637+0000] {logging_mixin.py:188} INFO - [2026-04-16T21:02:03.636+0000] {dag.py:3096} INFO - Sync 1 DAGs
[2026-04-16T21:02:03.746+0000] {logging_mixin.py:188} INFO - [2026-04-16T21:02:03.745+0000] {dag.py:3954} INFO - Setting next_dagrun for dag_scraping_offres_emploi to 2026-04-16 12:00:00+00:00, run_after=2026-04-16 18:00:00+00:00
[2026-04-16T21:02:03.856+0000] {processor.py:183} INFO - Processing /opt/airflow/dags/DagScraper.py took 0.386 seconds
[2026-04-16T21:02:34.553+0000] {processor.py:161} INFO - Started process (PID=6674) to work on /opt/airflow/dags/DagScraper.py
[2026-04-16T21:02:34.567+0000] {processor.py:830} INFO - Processing file /opt/airflow/dags/DagScraper.py for tasks to queue
[2026-04-16T21:02:34.572+0000] {logging_mixin.py:188} INFO - [2026-04-16T21:02:34.572+0000] {dagbag.py:545} INFO - Filling up the DagBag from /opt/airflow/dags/DagScraper.py
[2026-04-16T21:02:34.725+0000] {processor.py:840} INFO - DAG(s) 'dag_scraping_offres_emploi' retrieved from /opt/airflow/dags/DagScraper.py
[2026-04-16T21:02:34.820+0000] {logging_mixin.py:188} INFO - [2026-04-16T21:02:34.820+0000] {dag.py:3096} INFO - Sync 1 DAGs
[2026-04-16T21:02:34.915+0000] {logging_mixin.py:188} INFO - [2026-04-16T21:02:34.914+0000] {dag.py:3954} INFO - Setting next_dagrun for dag_scraping_offres_emploi to 2026-04-16 12:00:00+00:00, run_after=2026-04-16 18:00:00+00:00
[2026-04-16T21:02:34.983+0000] {processor.py:183} INFO - Processing /opt/airflow/dags/DagScraper.py took 0.459 seconds
[2026-04-16T21:03:05.567+0000] {processor.py:161} INFO - Started process (PID=6682) to work on /opt/airflow/dags/DagScraper.py
[2026-04-16T21:03:05.569+0000] {processor.py:830} INFO - Processing file /opt/airflow/dags/DagScraper.py for tasks to queue
[2026-04-16T21:03:05.576+0000] {logging_mixin.py:188} INFO - [2026-04-16T21:03:05.574+0000] {dagbag.py:545} INFO - Filling up the DagBag from /opt/airflow/dags/DagScraper.py
[2026-04-16T21:03:05.679+0000] {processor.py:840} INFO - DAG(s) 'dag_scraping_offres_emploi' retrieved from /opt/airflow/dags/DagScraper.py
[2026-04-16T21:03:05.812+0000] {logging_mixin.py:188} INFO - [2026-04-16T21:03:05.812+0000] {dag.py:3096} INFO - Sync 1 DAGs
[2026-04-16T21:03:05.869+0000] {logging_mixin.py:188} INFO - [2026-04-16T21:03:05.868+0000] {dag.py:3954} INFO - Setting next_dagrun for dag_scraping_offres_emploi to 2026-04-16 12:00:00+00:00, run_after=2026-04-16 18:00:00+00:00
[2026-04-16T21:03:05.917+0000] {processor.py:183} INFO - Processing /opt/airflow/dags/DagScraper.py took 0.374 seconds
[2026-04-16T21:03:36.513+0000] {processor.py:161} INFO - Started process (PID=6696) to work on /opt/airflow/dags/DagScraper.py
[2026-04-16T21:03:36.516+0000] {processor.py:830} INFO - Processing file /opt/airflow/dags/DagScraper.py for tasks to queue
[2026-04-16T21:03:36.522+0000] {logging_mixin.py:188} INFO - [2026-04-16T21:03:36.521+0000] {dagbag.py:545} INFO - Filling up the DagBag from /opt/airflow/dags/DagScraper.py
[2026-04-16T21:03:36.585+0000] {processor.py:840} INFO - DAG(s) 'dag_scraping_offres_emploi' retrieved from /opt/airflow/dags/DagScraper.py
[2026-04-16T21:03:36.709+0000] {logging_mixin.py:188} INFO - [2026-04-16T21:03:36.708+0000] {dag.py:3096} INFO - Sync 1 DAGs
[2026-04-16T21:03:36.835+0000] {logging_mixin.py:188} INFO - [2026-04-16T21:03:36.834+0000] {dag.py:3954} INFO - Setting next_dagrun for dag_scraping_offres_emploi to 2026-04-16 12:00:00+00:00, run_after=2026-04-16 18:00:00+00:00
[2026-04-16T21:03:36.939+0000] {processor.py:183} INFO - Processing /opt/airflow/dags/DagScraper.py took 0.445 seconds
[2026-04-16T21:04:07.623+0000] {processor.py:161} INFO - Started process (PID=6704) to work on /opt/airflow/dags/DagScraper.py
[2026-04-16T21:04:07.630+0000] {processor.py:830} INFO - Processing file /opt/airflow/dags/DagScraper.py for tasks to queue
[2026-04-16T21:04:07.636+0000] {logging_mixin.py:188} INFO - [2026-04-16T21:04:07.635+0000] {dagbag.py:545} INFO - Filling up the DagBag from /opt/airflow/dags/DagScraper.py
[2026-04-16T21:04:07.691+0000] {processor.py:840} INFO - DAG(s) 'dag_scraping_offres_emploi' retrieved from /opt/airflow/dags/DagScraper.py
[2026-04-16T21:04:07.792+0000] {logging_mixin.py:188} INFO - [2026-04-16T21:04:07.792+0000] {dag.py:3096} INFO - Sync 1 DAGs
[2026-04-16T21:04:07.847+0000] {logging_mixin.py:188} INFO - [2026-04-16T21:04:07.846+0000] {dag.py:3954} INFO - Setting next_dagrun for dag_scraping_offres_emploi to 2026-04-16 12:00:00+00:00, run_after=2026-04-16 18:00:00+00:00
[2026-04-16T21:04:07.899+0000] {processor.py:183} INFO - Processing /opt/airflow/dags/DagScraper.py took 0.314 seconds
[2026-04-16T21:04:38.211+0000] {processor.py:161} INFO - Started process (PID=6718) to work on /opt/airflow/dags/DagScraper.py
[2026-04-16T21:04:38.215+0000] {processor.py:830} INFO - Processing file /opt/airflow/dags/DagScraper.py for tasks to queue
[2026-04-16T21:04:38.223+0000] {logging_mixin.py:188} INFO - [2026-04-16T21:04:38.222+0000] {dagbag.py:545} INFO - Filling up the DagBag from /opt/airflow/dags/DagScraper.py
[2026-04-16T21:04:38.293+0000] {processor.py:840} INFO - DAG(s) 'dag_scraping_offres_emploi' retrieved from /opt/airflow/dags/DagScraper.py
[2026-04-16T21:04:38.382+0000] {logging_mixin.py:188} INFO - [2026-04-16T21:04:38.381+0000] {dag.py:3096} INFO - Sync 1 DAGs
[2026-04-16T21:04:38.445+0000] {logging_mixin.py:188} INFO - [2026-04-16T21:04:38.445+0000] {dag.py:3954} INFO - Setting next_dagrun for dag_scraping_offres_emploi to 2026-04-16 12:00:00+00:00, run_after=2026-04-16 18:00:00+00:00
[2026-04-16T21:04:38.496+0000] {processor.py:183} INFO - Processing /opt/airflow/dags/DagScraper.py took 0.303 seconds
[2026-04-16T21:05:08.773+0000] {processor.py:161} INFO - Started process (PID=6727) to work on /opt/airflow/dags/DagScraper.py
[2026-04-16T21:05:08.775+0000] {processor.py:830} INFO - Processing file /opt/airflow/dags/DagScraper.py for tasks to queue
[2026-04-16T21:05:08.781+0000] {logging_mixin.py:188} INFO - [2026-04-16T21:05:08.780+0000] {dagbag.py:545} INFO - Filling up the DagBag from /opt/airflow/dags/DagScraper.py
[2026-04-16T21:05:08.827+0000] {processor.py:840} INFO - DAG(s) 'dag_scraping_offres_emploi' retrieved from /opt/airflow/dags/DagScraper.py
[2026-04-16T21:05:08.908+0000] {logging_mixin.py:188} INFO - [2026-04-16T21:05:08.907+0000] {dag.py:3096} INFO - Sync 1 DAGs
[2026-04-16T21:05:08.969+0000] {logging_mixin.py:188} INFO - [2026-04-16T21:05:08.969+0000] {dag.py:3954} INFO - Setting next_dagrun for dag_scraping_offres_emploi to 2026-04-16 12:00:00+00:00, run_after=2026-04-16 18:00:00+00:00
[2026-04-16T21:05:09.024+0000] {processor.py:183} INFO - Processing /opt/airflow/dags/DagScraper.py took 0.265 seconds
[2026-04-16T21:05:39.476+0000] {processor.py:161} INFO - Started process (PID=6742) to work on /opt/airflow/dags/DagScraper.py
[2026-04-16T21:05:39.479+0000] {processor.py:830} INFO - Processing file /opt/airflow/dags/DagScraper.py for tasks to queue
[2026-04-16T21:05:39.485+0000] {logging_mixin.py:188} INFO - [2026-04-16T21:05:39.484+0000] {dagbag.py:545} INFO - Filling up the DagBag from /opt/airflow/dags/DagScraper.py
[2026-04-16T21:05:39.542+0000] {processor.py:840} INFO - DAG(s) 'dag_scraping_offres_emploi' retrieved from /opt/airflow/dags/DagScraper.py
[2026-04-16T21:05:39.668+0000] {logging_mixin.py:188} INFO - [2026-04-16T21:05:39.668+0000] {dag.py:3096} INFO - Sync 1 DAGs
[2026-04-16T21:05:39.747+0000] {logging_mixin.py:188} INFO - [2026-04-16T21:05:39.747+0000] {dag.py:3954} INFO - Setting next_dagrun for dag_scraping_offres_emploi to 2026-04-16 12:00:00+00:00, run_after=2026-04-16 18:00:00+00:00
[2026-04-16T21:05:39.797+0000] {processor.py:183} INFO - Processing /opt/airflow/dags/DagScraper.py took 0.344 seconds
[2026-04-16T21:06:10.212+0000] {processor.py:161} INFO - Started process (PID=6750) to work on /opt/airflow/dags/DagScraper.py
[2026-04-16T21:06:10.214+0000] {processor.py:830} INFO - Processing file /opt/airflow/dags/DagScraper.py for tasks to queue
[2026-04-16T21:06:10.218+0000] {logging_mixin.py:188} INFO - [2026-04-16T21:06:10.217+0000] {dagbag.py:545} INFO - Filling up the DagBag from /opt/airflow/dags/DagScraper.py
[2026-04-16T21:06:10.283+0000] {processor.py:840} INFO - DAG(s) 'dag_scraping_offres_emploi' retrieved from /opt/airflow/dags/DagScraper.py
[2026-04-16T21:06:10.425+0000] {logging_mixin.py:188} INFO - [2026-04-16T21:06:10.424+0000] {dag.py:3096} INFO - Sync 1 DAGs
[2026-04-16T21:06:10.502+0000] {logging_mixin.py:188} INFO - [2026-04-16T21:06:10.502+0000] {dag.py:3954} INFO - Setting next_dagrun for dag_scraping_offres_emploi to 2026-04-16 12:00:00+00:00, run_after=2026-04-16 18:00:00+00:00
[2026-04-16T21:06:10.585+0000] {processor.py:183} INFO - Processing /opt/airflow/dags/DagScraper.py took 0.387 seconds
[2026-04-16T21:06:41.240+0000] {processor.py:161} INFO - Started process (PID=6764) to work on /opt/airflow/dags/DagScraper.py
[2026-04-16T21:06:41.242+0000] {processor.py:830} INFO - Processing file /opt/airflow/dags/DagScraper.py for tasks to queue
[2026-04-16T21:06:41.247+0000] {logging_mixin.py:188} INFO - [2026-04-16T21:06:41.247+0000] {dagbag.py:545} INFO - Filling up the DagBag from /opt/airflow/dags/DagScraper.py
[2026-04-16T21:06:41.338+0000] {processor.py:840} INFO - DAG(s) 'dag_scraping_offres_emploi' retrieved from /opt/airflow/dags/DagScraper.py
[2026-04-16T21:06:41.483+0000] {logging_mixin.py:188} INFO - [2026-04-16T21:06:41.482+0000] {dag.py:3096} INFO - Sync 1 DAGs
[2026-04-16T21:06:41.542+0000] {logging_mixin.py:188} INFO - [2026-04-16T21:06:41.541+0000] {dag.py:3954} INFO - Setting next_dagrun for dag_scraping_offres_emploi to 2026-04-16 12:00:00+00:00, run_after=2026-04-16 18:00:00+00:00
[2026-04-16T21:06:41.623+0000] {processor.py:183} INFO - Processing /opt/airflow/dags/DagScraper.py took 0.401 seconds
[2026-04-16T21:07:12.388+0000] {processor.py:161} INFO - Started process (PID=6773) to work on /opt/airflow/dags/DagScraper.py
[2026-04-16T21:07:12.391+0000] {processor.py:830} INFO - Processing file /opt/airflow/dags/DagScraper.py for tasks to queue
[2026-04-16T21:07:12.395+0000] {logging_mixin.py:188} INFO - [2026-04-16T21:07:12.394+0000] {dagbag.py:545} INFO - Filling up the DagBag from /opt/airflow/dags/DagScraper.py
[2026-04-16T21:07:12.435+0000] {processor.py:840} INFO - DAG(s) 'dag_scraping_offres_emploi' retrieved from /opt/airflow/dags/DagScraper.py
[2026-04-16T21:07:12.525+0000] {logging_mixin.py:188} INFO - [2026-04-16T21:07:12.524+0000] {dag.py:3096} INFO - Sync 1 DAGs
[2026-04-16T21:07:12.584+0000] {logging_mixin.py:188} INFO - [2026-04-16T21:07:12.584+0000] {dag.py:3954} INFO - Setting next_dagrun for dag_scraping_offres_emploi to 2026-04-16 12:00:00+00:00, run_after=2026-04-16 18:00:00+00:00
[2026-04-16T21:07:12.649+0000] {processor.py:183} INFO - Processing /opt/airflow/dags/DagScraper.py took 0.283 seconds
[2026-04-16T21:07:42.896+0000] {processor.py:161} INFO - Started process (PID=6786) to work on /opt/airflow/dags/DagScraper.py
[2026-04-16T21:07:42.899+0000] {processor.py:830} INFO - Processing file /opt/airflow/dags/DagScraper.py for tasks to queue
[2026-04-16T21:07:42.904+0000] {logging_mixin.py:188} INFO - [2026-04-16T21:07:42.904+0000] {dagbag.py:545} INFO - Filling up the DagBag from /opt/airflow/dags/DagScraper.py
[2026-04-16T21:07:42.964+0000] {processor.py:840} INFO - DAG(s) 'dag_scraping_offres_emploi' retrieved from /opt/airflow/dags/DagScraper.py
[2026-04-16T21:07:43.071+0000] {logging_mixin.py:188} INFO - [2026-04-16T21:07:43.070+0000] {dag.py:3096} INFO - Sync 1 DAGs
[2026-04-16T21:07:43.176+0000] {logging_mixin.py:188} INFO - [2026-04-16T21:07:43.175+0000] {dag.py:3954} INFO - Setting next_dagrun for dag_scraping_offres_emploi to 2026-04-16 12:00:00+00:00, run_after=2026-04-16 18:00:00+00:00
[2026-04-16T21:07:43.229+0000] {processor.py:183} INFO - Processing /opt/airflow/dags/DagScraper.py took 0.368 seconds
[2026-04-16T21:08:13.807+0000] {processor.py:161} INFO - Started process (PID=6802) to work on /opt/airflow/dags/DagScraper.py
[2026-04-16T21:08:13.809+0000] {processor.py:830} INFO - Processing file /opt/airflow/dags/DagScraper.py for tasks to queue
[2026-04-16T21:08:13.814+0000] {logging_mixin.py:188} INFO - [2026-04-16T21:08:13.813+0000] {dagbag.py:545} INFO - Filling up the DagBag from /opt/airflow/dags/DagScraper.py
[2026-04-16T21:08:13.870+0000] {processor.py:840} INFO - DAG(s) 'dag_scraping_offres_emploi' retrieved from /opt/airflow/dags/DagScraper.py
[2026-04-16T21:08:13.978+0000] {logging_mixin.py:188} INFO - [2026-04-16T21:08:13.978+0000] {dag.py:3096} INFO - Sync 1 DAGs
[2026-04-16T21:08:14.077+0000] {logging_mixin.py:188} INFO - [2026-04-16T21:08:14.076+0000] {dag.py:3954} INFO - Setting next_dagrun for dag_scraping_offres_emploi to 2026-04-16 12:00:00+00:00, run_after=2026-04-16 18:00:00+00:00
[2026-04-16T21:08:14.158+0000] {processor.py:183} INFO - Processing /opt/airflow/dags/DagScraper.py took 0.369 seconds
[2026-04-16T21:08:45.033+0000] {processor.py:161} INFO - Started process (PID=6810) to work on /opt/airflow/dags/DagScraper.py
[2026-04-16T21:08:45.036+0000] {processor.py:830} INFO - Processing file /opt/airflow/dags/DagScraper.py for tasks to queue
[2026-04-16T21:08:45.040+0000] {logging_mixin.py:188} INFO - [2026-04-16T21:08:45.039+0000] {dagbag.py:545} INFO - Filling up the DagBag from /opt/airflow/dags/DagScraper.py
[2026-04-16T21:08:45.079+0000] {processor.py:840} INFO - DAG(s) 'dag_scraping_offres_emploi' retrieved from /opt/airflow/dags/DagScraper.py
[2026-04-16T21:08:45.166+0000] {logging_mixin.py:188} INFO - [2026-04-16T21:08:45.165+0000] {dag.py:3096} INFO - Sync 1 DAGs
[2026-04-16T21:08:45.276+0000] {logging_mixin.py:188} INFO - [2026-04-16T21:08:45.276+0000] {dag.py:3954} INFO - Setting next_dagrun for dag_scraping_offres_emploi to 2026-04-16 12:00:00+00:00, run_after=2026-04-16 18:00:00+00:00
[2026-04-16T21:08:45.338+0000] {processor.py:183} INFO - Processing /opt/airflow/dags/DagScraper.py took 0.331 seconds
[2026-04-16T21:09:16.061+0000] {processor.py:161} INFO - Started process (PID=6822) to work on /opt/airflow/dags/DagScraper.py
[2026-04-16T21:09:16.064+0000] {processor.py:830} INFO - Processing file /opt/airflow/dags/DagScraper.py for tasks to queue
[2026-04-16T21:09:16.070+0000] {logging_mixin.py:188} INFO - [2026-04-16T21:09:16.069+0000] {dagbag.py:545} INFO - Filling up the DagBag from /opt/airflow/dags/DagScraper.py
[2026-04-16T21:09:16.130+0000] {processor.py:840} INFO - DAG(s) 'dag_scraping_offres_emploi' retrieved from /opt/airflow/dags/DagScraper.py
[2026-04-16T21:09:16.202+0000] {logging_mixin.py:188} INFO - [2026-04-16T21:09:16.202+0000] {dag.py:3096} INFO - Sync 1 DAGs
[2026-04-16T21:09:16.284+0000] {logging_mixin.py:188} INFO - [2026-04-16T21:09:16.283+0000] {dag.py:3954} INFO - Setting next_dagrun for dag_scraping_offres_emploi to 2026-04-16 12:00:00+00:00, run_after=2026-04-16 18:00:00+00:00
[2026-04-16T21:09:16.349+0000] {processor.py:183} INFO - Processing /opt/airflow/dags/DagScraper.py took 0.309 seconds
[2026-04-16T21:09:46.999+0000] {processor.py:161} INFO - Started process (PID=6830) to work on /opt/airflow/dags/DagScraper.py
[2026-04-16T21:09:47.003+0000] {processor.py:830} INFO - Processing file /opt/airflow/dags/DagScraper.py for tasks to queue
[2026-04-16T21:09:47.014+0000] {logging_mixin.py:188} INFO - [2026-04-16T21:09:47.013+0000] {dagbag.py:545} INFO - Filling up the DagBag from /opt/airflow/dags/DagScraper.py
[2026-04-16T21:09:47.083+0000] {processor.py:840} INFO - DAG(s) 'dag_scraping_offres_emploi' retrieved from /opt/airflow/dags/DagScraper.py
[2026-04-16T21:09:47.152+0000] {logging_mixin.py:188} INFO - [2026-04-16T21:09:47.151+0000] {dag.py:3096} INFO - Sync 1 DAGs
[2026-04-16T21:09:47.193+0000] {logging_mixin.py:188} INFO - [2026-04-16T21:09:47.192+0000] {dag.py:3954} INFO - Setting next_dagrun for dag_scraping_offres_emploi to 2026-04-16 12:00:00+00:00, run_after=2026-04-16 18:00:00+00:00
[2026-04-16T21:09:47.273+0000] {processor.py:183} INFO - Processing /opt/airflow/dags/DagScraper.py took 0.317 seconds
[2026-04-16T21:10:17.823+0000] {processor.py:161} INFO - Started process (PID=6844) to work on /opt/airflow/dags/DagScraper.py
[2026-04-16T21:10:17.828+0000] {processor.py:830} INFO - Processing file /opt/airflow/dags/DagScraper.py for tasks to queue
[2026-04-16T21:10:17.832+0000] {logging_mixin.py:188} INFO - [2026-04-16T21:10:17.831+0000] {dagbag.py:545} INFO - Filling up the DagBag from /opt/airflow/dags/DagScraper.py
[2026-04-16T21:10:17.881+0000] {processor.py:840} INFO - DAG(s) 'dag_scraping_offres_emploi' retrieved from /opt/airflow/dags/DagScraper.py
[2026-04-16T21:10:18.005+0000] {logging_mixin.py:188} INFO - [2026-04-16T21:10:18.004+0000] {dag.py:3096} INFO - Sync 1 DAGs
[2026-04-16T21:10:18.106+0000] {logging_mixin.py:188} INFO - [2026-04-16T21:10:18.105+0000] {dag.py:3954} INFO - Setting next_dagrun for dag_scraping_offres_emploi to 2026-04-16 12:00:00+00:00, run_after=2026-04-16 18:00:00+00:00
[2026-04-16T21:10:18.176+0000] {processor.py:183} INFO - Processing /opt/airflow/dags/DagScraper.py took 0.376 seconds
[2026-04-16T21:10:48.783+0000] {processor.py:161} INFO - Started process (PID=6852) to work on /opt/airflow/dags/DagScraper.py
[2026-04-16T21:10:48.786+0000] {processor.py:830} INFO - Processing file /opt/airflow/dags/DagScraper.py for tasks to queue
[2026-04-16T21:10:48.792+0000] {logging_mixin.py:188} INFO - [2026-04-16T21:10:48.792+0000] {dagbag.py:545} INFO - Filling up the DagBag from /opt/airflow/dags/DagScraper.py
[2026-04-16T21:10:49.113+0000] {processor.py:840} INFO - DAG(s) 'dag_scraping_offres_emploi' retrieved from /opt/airflow/dags/DagScraper.py
[2026-04-16T21:10:49.238+0000] {logging_mixin.py:188} INFO - [2026-04-16T21:10:49.238+0000] {dag.py:3096} INFO - Sync 1 DAGs
[2026-04-16T21:10:49.293+0000] {logging_mixin.py:188} INFO - [2026-04-16T21:10:49.293+0000] {dag.py:3954} INFO - Setting next_dagrun for dag_scraping_offres_emploi to 2026-04-16 12:00:00+00:00, run_after=2026-04-16 18:00:00+00:00
[2026-04-16T21:10:49.338+0000] {processor.py:183} INFO - Processing /opt/airflow/dags/DagScraper.py took 0.607 seconds
[2026-04-16T21:11:19.518+0000] {processor.py:161} INFO - Started process (PID=6865) to work on /opt/airflow/dags/DagScraper.py
[2026-04-16T21:11:19.520+0000] {processor.py:830} INFO - Processing file /opt/airflow/dags/DagScraper.py for tasks to queue
[2026-04-16T21:11:19.524+0000] {logging_mixin.py:188} INFO - [2026-04-16T21:11:19.524+0000] {dagbag.py:545} INFO - Filling up the DagBag from /opt/airflow/dags/DagScraper.py
[2026-04-16T21:11:19.573+0000] {processor.py:840} INFO - DAG(s) 'dag_scraping_offres_emploi' retrieved from /opt/airflow/dags/DagScraper.py
[2026-04-16T21:11:19.714+0000] {logging_mixin.py:188} INFO - [2026-04-16T21:11:19.713+0000] {dag.py:3096} INFO - Sync 1 DAGs
[2026-04-16T21:11:19.822+0000] {logging_mixin.py:188} INFO - [2026-04-16T21:11:19.821+0000] {dag.py:3954} INFO - Setting next_dagrun for dag_scraping_offres_emploi to 2026-04-16 12:00:00+00:00, run_after=2026-04-16 18:00:00+00:00
[2026-04-16T21:11:19.918+0000] {processor.py:183} INFO - Processing /opt/airflow/dags/DagScraper.py took 0.412 seconds
[2026-04-16T21:11:50.612+0000] {processor.py:161} INFO - Started process (PID=6873) to work on /opt/airflow/dags/DagScraper.py
[2026-04-16T21:11:50.614+0000] {processor.py:830} INFO - Processing file /opt/airflow/dags/DagScraper.py for tasks to queue
[2026-04-16T21:11:50.626+0000] {logging_mixin.py:188} INFO - [2026-04-16T21:11:50.625+0000] {dagbag.py:545} INFO - Filling up the DagBag from /opt/airflow/dags/DagScraper.py
[2026-04-16T21:11:50.701+0000] {processor.py:840} INFO - DAG(s) 'dag_scraping_offres_emploi' retrieved from /opt/airflow/dags/DagScraper.py
[2026-04-16T21:11:50.787+0000] {logging_mixin.py:188} INFO - [2026-04-16T21:11:50.786+0000] {dag.py:3096} INFO - Sync 1 DAGs
[2026-04-16T21:11:50.880+0000] {logging_mixin.py:188} INFO - [2026-04-16T21:11:50.879+0000] {dag.py:3954} INFO - Setting next_dagrun for dag_scraping_offres_emploi to 2026-04-16 12:00:00+00:00, run_after=2026-04-16 18:00:00+00:00
[2026-04-16T21:11:50.991+0000] {processor.py:183} INFO - Processing /opt/airflow/dags/DagScraper.py took 0.400 seconds
[2026-04-16T21:12:22.066+0000] {processor.py:161} INFO - Started process (PID=6887) to work on /opt/airflow/dags/DagScraper.py
[2026-04-16T21:12:22.078+0000] {processor.py:830} INFO - Processing file /opt/airflow/dags/DagScraper.py for tasks to queue
[2026-04-16T21:12:22.084+0000] {logging_mixin.py:188} INFO - [2026-04-16T21:12:22.083+0000] {dagbag.py:545} INFO - Filling up the DagBag from /opt/airflow/dags/DagScraper.py
[2026-04-16T21:12:22.163+0000] {processor.py:840} INFO - DAG(s) 'dag_scraping_offres_emploi' retrieved from /opt/airflow/dags/DagScraper.py
[2026-04-16T21:12:22.419+0000] {logging_mixin.py:188} INFO - [2026-04-16T21:12:22.419+0000] {dag.py:3096} INFO - Sync 1 DAGs
[2026-04-16T21:12:22.621+0000] {logging_mixin.py:188} INFO - [2026-04-16T21:12:22.621+0000] {dag.py:3954} INFO - Setting next_dagrun for dag_scraping_offres_emploi to 2026-04-16 12:00:00+00:00, run_after=2026-04-16 18:00:00+00:00
[2026-04-16T21:12:22.737+0000] {processor.py:183} INFO - Processing /opt/airflow/dags/DagScraper.py took 0.718 seconds
[2026-04-16T21:12:53.400+0000] {processor.py:161} INFO - Started process (PID=6895) to work on /opt/airflow/dags/DagScraper.py
[2026-04-16T21:12:53.402+0000] {processor.py:830} INFO - Processing file /opt/airflow/dags/DagScraper.py for tasks to queue
[2026-04-16T21:12:53.407+0000] {logging_mixin.py:188} INFO - [2026-04-16T21:12:53.406+0000] {dagbag.py:545} INFO - Filling up the DagBag from /opt/airflow/dags/DagScraper.py
[2026-04-16T21:12:53.455+0000] {processor.py:840} INFO - DAG(s) 'dag_scraping_offres_emploi' retrieved from /opt/airflow/dags/DagScraper.py
[2026-04-16T21:12:53.555+0000] {logging_mixin.py:188} INFO - [2026-04-16T21:12:53.554+0000] {dag.py:3096} INFO - Sync 1 DAGs
[2026-04-16T21:12:53.648+0000] {logging_mixin.py:188} INFO - [2026-04-16T21:12:53.647+0000] {dag.py:3954} INFO - Setting next_dagrun for dag_scraping_offres_emploi to 2026-04-16 12:00:00+00:00, run_after=2026-04-16 18:00:00+00:00
[2026-04-16T21:12:53.716+0000] {processor.py:183} INFO - Processing /opt/airflow/dags/DagScraper.py took 0.332 seconds
[2026-04-16T21:13:24.511+0000] {processor.py:161} INFO - Started process (PID=6909) to work on /opt/airflow/dags/DagScraper.py
[2026-04-16T21:13:24.518+0000] {processor.py:830} INFO - Processing file /opt/airflow/dags/DagScraper.py for tasks to queue
[2026-04-16T21:13:24.542+0000] {logging_mixin.py:188} INFO - [2026-04-16T21:13:24.541+0000] {dagbag.py:545} INFO - Filling up the DagBag from /opt/airflow/dags/DagScraper.py
[2026-04-16T21:13:24.744+0000] {processor.py:840} INFO - DAG(s) 'dag_scraping_offres_emploi' retrieved from /opt/airflow/dags/DagScraper.py
[2026-04-16T21:13:24.920+0000] {logging_mixin.py:188} INFO - [2026-04-16T21:13:24.920+0000] {dag.py:3096} INFO - Sync 1 DAGs
[2026-04-16T21:13:24.982+0000] {logging_mixin.py:188} INFO - [2026-04-16T21:13:24.982+0000] {dag.py:3954} INFO - Setting next_dagrun for dag_scraping_offres_emploi to 2026-04-16 12:00:00+00:00, run_after=2026-04-16 18:00:00+00:00
[2026-04-16T21:13:25.039+0000] {processor.py:183} INFO - Processing /opt/airflow/dags/DagScraper.py took 0.578 seconds
[2026-04-16T21:13:55.829+0000] {processor.py:161} INFO - Started process (PID=6917) to work on /opt/airflow/dags/DagScraper.py
[2026-04-16T21:13:55.841+0000] {processor.py:830} INFO - Processing file /opt/airflow/dags/DagScraper.py for tasks to queue
[2026-04-16T21:13:55.849+0000] {logging_mixin.py:188} INFO - [2026-04-16T21:13:55.845+0000] {dagbag.py:545} INFO - Filling up the DagBag from /opt/airflow/dags/DagScraper.py
[2026-04-16T21:13:55.944+0000] {processor.py:840} INFO - DAG(s) 'dag_scraping_offres_emploi' retrieved from /opt/airflow/dags/DagScraper.py
[2026-04-16T21:13:56.075+0000] {logging_mixin.py:188} INFO - [2026-04-16T21:13:56.075+0000] {dag.py:3096} INFO - Sync 1 DAGs
[2026-04-16T21:13:56.229+0000] {logging_mixin.py:188} INFO - [2026-04-16T21:13:56.228+0000] {dag.py:3954} INFO - Setting next_dagrun for dag_scraping_offres_emploi to 2026-04-16 12:00:00+00:00, run_after=2026-04-16 18:00:00+00:00
[2026-04-16T21:13:56.283+0000] {processor.py:183} INFO - Processing /opt/airflow/dags/DagScraper.py took 0.490 seconds
[2026-04-16T21:14:26.906+0000] {processor.py:161} INFO - Started process (PID=6930) to work on /opt/airflow/dags/DagScraper.py
[2026-04-16T21:14:26.908+0000] {processor.py:830} INFO - Processing file /opt/airflow/dags/DagScraper.py for tasks to queue
[2026-04-16T21:14:26.912+0000] {logging_mixin.py:188} INFO - [2026-04-16T21:14:26.911+0000] {dagbag.py:545} INFO - Filling up the DagBag from /opt/airflow/dags/DagScraper.py
[2026-04-16T21:14:26.966+0000] {processor.py:840} INFO - DAG(s) 'dag_scraping_offres_emploi' retrieved from /opt/airflow/dags/DagScraper.py
[2026-04-16T21:14:27.036+0000] {logging_mixin.py:188} INFO - [2026-04-16T21:14:27.036+0000] {dag.py:3096} INFO - Sync 1 DAGs
[2026-04-16T21:14:27.084+0000] {logging_mixin.py:188} INFO - [2026-04-16T21:14:27.083+0000] {dag.py:3954} INFO - Setting next_dagrun for dag_scraping_offres_emploi to 2026-04-16 12:00:00+00:00, run_after=2026-04-16 18:00:00+00:00
[2026-04-16T21:14:27.137+0000] {processor.py:183} INFO - Processing /opt/airflow/dags/DagScraper.py took 0.251 seconds
[2026-04-16T21:14:57.849+0000] {processor.py:161} INFO - Started process (PID=6945) to work on /opt/airflow/dags/DagScraper.py
[2026-04-16T21:14:57.851+0000] {processor.py:830} INFO - Processing file /opt/airflow/dags/DagScraper.py for tasks to queue
[2026-04-16T21:14:57.855+0000] {logging_mixin.py:188} INFO - [2026-04-16T21:14:57.854+0000] {dagbag.py:545} INFO - Filling up the DagBag from /opt/airflow/dags/DagScraper.py
[2026-04-16T21:14:57.925+0000] {processor.py:840} INFO - DAG(s) 'dag_scraping_offres_emploi' retrieved from /opt/airflow/dags/DagScraper.py
[2026-04-16T21:14:58.072+0000] {logging_mixin.py:188} INFO - [2026-04-16T21:14:58.072+0000] {dag.py:3096} INFO - Sync 1 DAGs
[2026-04-16T21:14:58.124+0000] {logging_mixin.py:188} INFO - [2026-04-16T21:14:58.124+0000] {dag.py:3954} INFO - Setting next_dagrun for dag_scraping_offres_emploi to 2026-04-16 12:00:00+00:00, run_after=2026-04-16 18:00:00+00:00
[2026-04-16T21:14:58.169+0000] {processor.py:183} INFO - Processing /opt/airflow/dags/DagScraper.py took 0.343 seconds
[2026-04-16T21:15:28.962+0000] {processor.py:161} INFO - Started process (PID=6953) to work on /opt/airflow/dags/DagScraper.py
[2026-04-16T21:15:28.971+0000] {processor.py:830} INFO - Processing file /opt/airflow/dags/DagScraper.py for tasks to queue
[2026-04-16T21:15:28.976+0000] {logging_mixin.py:188} INFO - [2026-04-16T21:15:28.976+0000] {dagbag.py:545} INFO - Filling up the DagBag from /opt/airflow/dags/DagScraper.py
[2026-04-16T21:15:29.021+0000] {processor.py:840} INFO - DAG(s) 'dag_scraping_offres_emploi' retrieved from /opt/airflow/dags/DagScraper.py
[2026-04-16T21:15:29.096+0000] {logging_mixin.py:188} INFO - [2026-04-16T21:15:29.096+0000] {dag.py:3096} INFO - Sync 1 DAGs
[2026-04-16T21:15:29.182+0000] {logging_mixin.py:188} INFO - [2026-04-16T21:15:29.181+0000] {dag.py:3954} INFO - Setting next_dagrun for dag_scraping_offres_emploi to 2026-04-16 12:00:00+00:00, run_after=2026-04-16 18:00:00+00:00
[2026-04-16T21:15:29.279+0000] {processor.py:183} INFO - Processing /opt/airflow/dags/DagScraper.py took 0.344 seconds
[2026-04-16T21:15:59.711+0000] {processor.py:161} INFO - Started process (PID=6968) to work on /opt/airflow/dags/DagScraper.py
[2026-04-16T21:15:59.714+0000] {processor.py:830} INFO - Processing file /opt/airflow/dags/DagScraper.py for tasks to queue
[2026-04-16T21:15:59.717+0000] {logging_mixin.py:188} INFO - [2026-04-16T21:15:59.716+0000] {dagbag.py:545} INFO - Filling up the DagBag from /opt/airflow/dags/DagScraper.py
[2026-04-16T21:15:59.758+0000] {processor.py:840} INFO - DAG(s) 'dag_scraping_offres_emploi' retrieved from /opt/airflow/dags/DagScraper.py
[2026-04-16T21:15:59.823+0000] {logging_mixin.py:188} INFO - [2026-04-16T21:15:59.822+0000] {dag.py:3096} INFO - Sync 1 DAGs
[2026-04-16T21:15:59.869+0000] {logging_mixin.py:188} INFO - [2026-04-16T21:15:59.869+0000] {dag.py:3954} INFO - Setting next_dagrun for dag_scraping_offres_emploi to 2026-04-16 12:00:00+00:00, run_after=2026-04-16 18:00:00+00:00
[2026-04-16T21:15:59.919+0000] {processor.py:183} INFO - Processing /opt/airflow/dags/DagScraper.py took 0.222 seconds
[2026-04-16T21:16:30.418+0000] {processor.py:161} INFO - Started process (PID=6976) to work on /opt/airflow/dags/DagScraper.py
[2026-04-16T21:16:30.419+0000] {processor.py:830} INFO - Processing file /opt/airflow/dags/DagScraper.py for tasks to queue
[2026-04-16T21:16:30.423+0000] {logging_mixin.py:188} INFO - [2026-04-16T21:16:30.423+0000] {dagbag.py:545} INFO - Filling up the DagBag from /opt/airflow/dags/DagScraper.py
[2026-04-16T21:16:30.463+0000] {processor.py:840} INFO - DAG(s) 'dag_scraping_offres_emploi' retrieved from /opt/airflow/dags/DagScraper.py
[2026-04-16T21:16:30.584+0000] {logging_mixin.py:188} INFO - [2026-04-16T21:16:30.583+0000] {dag.py:3096} INFO - Sync 1 DAGs
[2026-04-16T21:16:30.680+0000] {logging_mixin.py:188} INFO - [2026-04-16T21:16:30.680+0000] {dag.py:3954} INFO - Setting next_dagrun for dag_scraping_offres_emploi to 2026-04-16 12:00:00+00:00, run_after=2026-04-16 18:00:00+00:00
[2026-04-16T21:16:30.739+0000] {processor.py:183} INFO - Processing /opt/airflow/dags/DagScraper.py took 0.344 seconds
[2026-04-16T21:17:01.018+0000] {processor.py:161} INFO - Started process (PID=6990) to work on /opt/airflow/dags/DagScraper.py
[2026-04-16T21:17:01.020+0000] {processor.py:830} INFO - Processing file /opt/airflow/dags/DagScraper.py for tasks to queue
[2026-04-16T21:17:01.039+0000] {logging_mixin.py:188} INFO - [2026-04-16T21:17:01.038+0000] {dagbag.py:545} INFO - Filling up the DagBag from /opt/airflow/dags/DagScraper.py
[2026-04-16T21:17:01.090+0000] {processor.py:840} INFO - DAG(s) 'dag_scraping_offres_emploi' retrieved from /opt/airflow/dags/DagScraper.py
[2026-04-16T21:17:01.207+0000] {logging_mixin.py:188} INFO - [2026-04-16T21:17:01.206+0000] {dag.py:3096} INFO - Sync 1 DAGs
[2026-04-16T21:17:01.303+0000] {logging_mixin.py:188} INFO - [2026-04-16T21:17:01.302+0000] {dag.py:3954} INFO - Setting next_dagrun for dag_scraping_offres_emploi to 2026-04-16 12:00:00+00:00, run_after=2026-04-16 18:00:00+00:00
[2026-04-16T21:17:01.351+0000] {processor.py:183} INFO - Processing /opt/airflow/dags/DagScraper.py took 0.372 seconds
[2026-04-16T21:17:32.048+0000] {processor.py:161} INFO - Started process (PID=6999) to work on /opt/airflow/dags/DagScraper.py
[2026-04-16T21:17:32.050+0000] {processor.py:830} INFO - Processing file /opt/airflow/dags/DagScraper.py for tasks to queue
[2026-04-16T21:17:32.054+0000] {logging_mixin.py:188} INFO - [2026-04-16T21:17:32.054+0000] {dagbag.py:545} INFO - Filling up the DagBag from /opt/airflow/dags/DagScraper.py
[2026-04-16T21:17:32.107+0000] {processor.py:840} INFO - DAG(s) 'dag_scraping_offres_emploi' retrieved from /opt/airflow/dags/DagScraper.py
[2026-04-16T21:17:32.206+0000] {logging_mixin.py:188} INFO - [2026-04-16T21:17:32.206+0000] {dag.py:3096} INFO - Sync 1 DAGs
[2026-04-16T21:17:32.269+0000] {logging_mixin.py:188} INFO - [2026-04-16T21:17:32.268+0000] {dag.py:3954} INFO - Setting next_dagrun for dag_scraping_offres_emploi to 2026-04-16 12:00:00+00:00, run_after=2026-04-16 18:00:00+00:00
[2026-04-16T21:17:32.409+0000] {processor.py:183} INFO - Processing /opt/airflow/dags/DagScraper.py took 0.377 seconds
[2026-04-16T21:18:03.052+0000] {processor.py:161} INFO - Started process (PID=7012) to work on /opt/airflow/dags/DagScraper.py
[2026-04-16T21:18:03.056+0000] {processor.py:830} INFO - Processing file /opt/airflow/dags/DagScraper.py for tasks to queue
[2026-04-16T21:18:03.062+0000] {logging_mixin.py:188} INFO - [2026-04-16T21:18:03.061+0000] {dagbag.py:545} INFO - Filling up the DagBag from /opt/airflow/dags/DagScraper.py
[2026-04-16T21:18:03.169+0000] {processor.py:840} INFO - DAG(s) 'dag_scraping_offres_emploi' retrieved from /opt/airflow/dags/DagScraper.py
[2026-04-16T21:18:03.353+0000] {logging_mixin.py:188} INFO - [2026-04-16T21:18:03.353+0000] {dag.py:3096} INFO - Sync 1 DAGs
[2026-04-16T21:18:03.422+0000] {logging_mixin.py:188} INFO - [2026-04-16T21:18:03.422+0000] {dag.py:3954} INFO - Setting next_dagrun for dag_scraping_offres_emploi to 2026-04-16 12:00:00+00:00, run_after=2026-04-16 18:00:00+00:00
[2026-04-16T21:18:03.539+0000] {processor.py:183} INFO - Processing /opt/airflow/dags/DagScraper.py took 0.519 seconds
[2026-04-16T21:18:34.334+0000] {processor.py:161} INFO - Started process (PID=7020) to work on /opt/airflow/dags/DagScraper.py
[2026-04-16T21:18:34.336+0000] {processor.py:830} INFO - Processing file /opt/airflow/dags/DagScraper.py for tasks to queue
[2026-04-16T21:18:34.343+0000] {logging_mixin.py:188} INFO - [2026-04-16T21:18:34.341+0000] {dagbag.py:545} INFO - Filling up the DagBag from /opt/airflow/dags/DagScraper.py
[2026-04-16T21:18:34.457+0000] {processor.py:840} INFO - DAG(s) 'dag_scraping_offres_emploi' retrieved from /opt/airflow/dags/DagScraper.py
[2026-04-16T21:18:34.568+0000] {logging_mixin.py:188} INFO - [2026-04-16T21:18:34.567+0000] {dag.py:3096} INFO - Sync 1 DAGs
[2026-04-16T21:18:34.618+0000] {logging_mixin.py:188} INFO - [2026-04-16T21:18:34.618+0000] {dag.py:3954} INFO - Setting next_dagrun for dag_scraping_offres_emploi to 2026-04-16 12:00:00+00:00, run_after=2026-04-16 18:00:00+00:00
[2026-04-16T21:18:34.657+0000] {processor.py:183} INFO - Processing /opt/airflow/dags/DagScraper.py took 0.344 seconds
[2026-04-16T21:19:05.523+0000] {processor.py:161} INFO - Started process (PID=7033) to work on /opt/airflow/dags/DagScraper.py
[2026-04-16T21:19:05.525+0000] {processor.py:830} INFO - Processing file /opt/airflow/dags/DagScraper.py for tasks to queue
[2026-04-16T21:19:05.530+0000] {logging_mixin.py:188} INFO - [2026-04-16T21:19:05.529+0000] {dagbag.py:545} INFO - Filling up the DagBag from /opt/airflow/dags/DagScraper.py
[2026-04-16T21:19:05.611+0000] {processor.py:840} INFO - DAG(s) 'dag_scraping_offres_emploi' retrieved from /opt/airflow/dags/DagScraper.py
[2026-04-16T21:19:05.710+0000] {logging_mixin.py:188} INFO - [2026-04-16T21:19:05.709+0000] {dag.py:3096} INFO - Sync 1 DAGs
[2026-04-16T21:19:05.785+0000] {logging_mixin.py:188} INFO - [2026-04-16T21:19:05.785+0000] {dag.py:3954} INFO - Setting next_dagrun for dag_scraping_offres_emploi to 2026-04-16 12:00:00+00:00, run_after=2026-04-16 18:00:00+00:00
[2026-04-16T21:19:05.833+0000] {processor.py:183} INFO - Processing /opt/airflow/dags/DagScraper.py took 0.334 seconds
[2026-04-16T21:19:36.573+0000] {processor.py:161} INFO - Started process (PID=7041) to work on /opt/airflow/dags/DagScraper.py
[2026-04-16T21:19:36.575+0000] {processor.py:830} INFO - Processing file /opt/airflow/dags/DagScraper.py for tasks to queue
[2026-04-16T21:19:36.578+0000] {logging_mixin.py:188} INFO - [2026-04-16T21:19:36.578+0000] {dagbag.py:545} INFO - Filling up the DagBag from /opt/airflow/dags/DagScraper.py
[2026-04-16T21:19:36.614+0000] {processor.py:840} INFO - DAG(s) 'dag_scraping_offres_emploi' retrieved from /opt/airflow/dags/DagScraper.py
[2026-04-16T21:19:36.709+0000] {logging_mixin.py:188} INFO - [2026-04-16T21:19:36.708+0000] {dag.py:3096} INFO - Sync 1 DAGs
[2026-04-16T21:19:36.779+0000] {logging_mixin.py:188} INFO - [2026-04-16T21:19:36.778+0000] {dag.py:3954} INFO - Setting next_dagrun for dag_scraping_offres_emploi to 2026-04-16 12:00:00+00:00, run_after=2026-04-16 18:00:00+00:00
[2026-04-16T21:19:36.831+0000] {processor.py:183} INFO - Processing /opt/airflow/dags/DagScraper.py took 0.272 seconds
[2026-04-16T21:20:07.398+0000] {processor.py:161} INFO - Started process (PID=7055) to work on /opt/airflow/dags/DagScraper.py
[2026-04-16T21:20:07.400+0000] {processor.py:830} INFO - Processing file /opt/airflow/dags/DagScraper.py for tasks to queue
[2026-04-16T21:20:07.411+0000] {logging_mixin.py:188} INFO - [2026-04-16T21:20:07.406+0000] {dagbag.py:545} INFO - Filling up the DagBag from /opt/airflow/dags/DagScraper.py
[2026-04-16T21:20:07.490+0000] {processor.py:840} INFO - DAG(s) 'dag_scraping_offres_emploi' retrieved from /opt/airflow/dags/DagScraper.py
[2026-04-16T21:20:07.625+0000] {logging_mixin.py:188} INFO - [2026-04-16T21:20:07.624+0000] {dag.py:3096} INFO - Sync 1 DAGs
[2026-04-16T21:20:07.690+0000] {logging_mixin.py:188} INFO - [2026-04-16T21:20:07.689+0000] {dag.py:3954} INFO - Setting next_dagrun for dag_scraping_offres_emploi to 2026-04-16 12:00:00+00:00, run_after=2026-04-16 18:00:00+00:00
[2026-04-16T21:20:07.741+0000] {processor.py:183} INFO - Processing /opt/airflow/dags/DagScraper.py took 0.357 seconds
[2026-04-16T21:20:38.237+0000] {processor.py:161} INFO - Started process (PID=7062) to work on /opt/airflow/dags/DagScraper.py
[2026-04-16T21:20:38.243+0000] {processor.py:830} INFO - Processing file /opt/airflow/dags/DagScraper.py for tasks to queue
[2026-04-16T21:20:38.248+0000] {logging_mixin.py:188} INFO - [2026-04-16T21:20:38.247+0000] {dagbag.py:545} INFO - Filling up the DagBag from /opt/airflow/dags/DagScraper.py
[2026-04-16T21:20:38.310+0000] {processor.py:840} INFO - DAG(s) 'dag_scraping_offres_emploi' retrieved from /opt/airflow/dags/DagScraper.py
[2026-04-16T21:20:38.384+0000] {logging_mixin.py:188} INFO - [2026-04-16T21:20:38.383+0000] {dag.py:3096} INFO - Sync 1 DAGs
[2026-04-16T21:20:38.424+0000] {logging_mixin.py:188} INFO - [2026-04-16T21:20:38.424+0000] {dag.py:3954} INFO - Setting next_dagrun for dag_scraping_offres_emploi to 2026-04-16 12:00:00+00:00, run_after=2026-04-16 18:00:00+00:00
[2026-04-16T21:20:38.467+0000] {processor.py:183} INFO - Processing /opt/airflow/dags/DagScraper.py took 0.249 seconds
[2026-04-16T21:21:08.886+0000] {processor.py:161} INFO - Started process (PID=7076) to work on /opt/airflow/dags/DagScraper.py
[2026-04-16T21:21:08.888+0000] {processor.py:830} INFO - Processing file /opt/airflow/dags/DagScraper.py for tasks to queue
[2026-04-16T21:21:08.902+0000] {logging_mixin.py:188} INFO - [2026-04-16T21:21:08.892+0000] {dagbag.py:545} INFO - Filling up the DagBag from /opt/airflow/dags/DagScraper.py
[2026-04-16T21:21:08.994+0000] {processor.py:840} INFO - DAG(s) 'dag_scraping_offres_emploi' retrieved from /opt/airflow/dags/DagScraper.py
[2026-04-16T21:21:09.083+0000] {logging_mixin.py:188} INFO - [2026-04-16T21:21:09.083+0000] {dag.py:3096} INFO - Sync 1 DAGs
[2026-04-16T21:21:09.127+0000] {logging_mixin.py:188} INFO - [2026-04-16T21:21:09.127+0000] {dag.py:3954} INFO - Setting next_dagrun for dag_scraping_offres_emploi to 2026-04-16 12:00:00+00:00, run_after=2026-04-16 18:00:00+00:00
[2026-04-16T21:21:09.165+0000] {processor.py:183} INFO - Processing /opt/airflow/dags/DagScraper.py took 0.308 seconds
[2026-04-16T21:21:39.924+0000] {processor.py:161} INFO - Started process (PID=7083) to work on /opt/airflow/dags/DagScraper.py
[2026-04-16T21:21:39.927+0000] {processor.py:830} INFO - Processing file /opt/airflow/dags/DagScraper.py for tasks to queue
[2026-04-16T21:21:39.932+0000] {logging_mixin.py:188} INFO - [2026-04-16T21:21:39.931+0000] {dagbag.py:545} INFO - Filling up the DagBag from /opt/airflow/dags/DagScraper.py
[2026-04-16T21:21:39.995+0000] {processor.py:840} INFO - DAG(s) 'dag_scraping_offres_emploi' retrieved from /opt/airflow/dags/DagScraper.py
[2026-04-16T21:21:40.086+0000] {logging_mixin.py:188} INFO - [2026-04-16T21:21:40.085+0000] {dag.py:3096} INFO - Sync 1 DAGs
[2026-04-16T21:21:40.129+0000] {logging_mixin.py:188} INFO - [2026-04-16T21:21:40.128+0000] {dag.py:3954} INFO - Setting next_dagrun for dag_scraping_offres_emploi to 2026-04-16 12:00:00+00:00, run_after=2026-04-16 18:00:00+00:00
[2026-04-16T21:21:40.166+0000] {processor.py:183} INFO - Processing /opt/airflow/dags/DagScraper.py took 0.288 seconds
[2026-04-16T21:22:10.856+0000] {processor.py:161} INFO - Started process (PID=7097) to work on /opt/airflow/dags/DagScraper.py
[2026-04-16T21:22:10.859+0000] {processor.py:830} INFO - Processing file /opt/airflow/dags/DagScraper.py for tasks to queue
[2026-04-16T21:22:10.866+0000] {logging_mixin.py:188} INFO - [2026-04-16T21:22:10.863+0000] {dagbag.py:545} INFO - Filling up the DagBag from /opt/airflow/dags/DagScraper.py
[2026-04-16T21:22:10.941+0000] {processor.py:840} INFO - DAG(s) 'dag_scraping_offres_emploi' retrieved from /opt/airflow/dags/DagScraper.py
[2026-04-16T21:22:11.059+0000] {logging_mixin.py:188} INFO - [2026-04-16T21:22:11.053+0000] {dag.py:3096} INFO - Sync 1 DAGs
[2026-04-16T21:22:11.185+0000] {logging_mixin.py:188} INFO - [2026-04-16T21:22:11.185+0000] {dag.py:3954} INFO - Setting next_dagrun for dag_scraping_offres_emploi to 2026-04-16 12:00:00+00:00, run_after=2026-04-16 18:00:00+00:00
[2026-04-16T21:22:11.263+0000] {processor.py:183} INFO - Processing /opt/airflow/dags/DagScraper.py took 0.422 seconds
[2026-04-16T21:22:41.943+0000] {processor.py:161} INFO - Started process (PID=7112) to work on /opt/airflow/dags/DagScraper.py
[2026-04-16T21:22:41.945+0000] {processor.py:830} INFO - Processing file /opt/airflow/dags/DagScraper.py for tasks to queue
[2026-04-16T21:22:41.950+0000] {logging_mixin.py:188} INFO - [2026-04-16T21:22:41.949+0000] {dagbag.py:545} INFO - Filling up the DagBag from /opt/airflow/dags/DagScraper.py
[2026-04-16T21:22:41.993+0000] {processor.py:840} INFO - DAG(s) 'dag_scraping_offres_emploi' retrieved from /opt/airflow/dags/DagScraper.py
[2026-04-16T21:22:42.146+0000] {logging_mixin.py:188} INFO - [2026-04-16T21:22:42.145+0000] {dag.py:3096} INFO - Sync 1 DAGs
[2026-04-16T21:22:42.204+0000] {logging_mixin.py:188} INFO - [2026-04-16T21:22:42.204+0000] {dag.py:3954} INFO - Setting next_dagrun for dag_scraping_offres_emploi to 2026-04-16 12:00:00+00:00, run_after=2026-04-16 18:00:00+00:00
[2026-04-16T21:22:42.253+0000] {processor.py:183} INFO - Processing /opt/airflow/dags/DagScraper.py took 0.328 seconds
[2026-04-16T21:23:13.040+0000] {processor.py:161} INFO - Started process (PID=7121) to work on /opt/airflow/dags/DagScraper.py
[2026-04-16T21:23:13.043+0000] {processor.py:830} INFO - Processing file /opt/airflow/dags/DagScraper.py for tasks to queue
[2026-04-16T21:23:13.053+0000] {logging_mixin.py:188} INFO - [2026-04-16T21:23:13.051+0000] {dagbag.py:545} INFO - Filling up the DagBag from /opt/airflow/dags/DagScraper.py
[2026-04-16T21:23:13.179+0000] {processor.py:840} INFO - DAG(s) 'dag_scraping_offres_emploi' retrieved from /opt/airflow/dags/DagScraper.py
[2026-04-16T21:23:13.303+0000] {logging_mixin.py:188} INFO - [2026-04-16T21:23:13.303+0000] {dag.py:3096} INFO - Sync 1 DAGs
[2026-04-16T21:23:13.387+0000] {logging_mixin.py:188} INFO - [2026-04-16T21:23:13.387+0000] {dag.py:3954} INFO - Setting next_dagrun for dag_scraping_offres_emploi to 2026-04-16 12:00:00+00:00, run_after=2026-04-16 18:00:00+00:00
[2026-04-16T21:23:13.501+0000] {processor.py:183} INFO - Processing /opt/airflow/dags/DagScraper.py took 0.485 seconds
[2026-04-16T21:23:44.404+0000] {processor.py:161} INFO - Started process (PID=7135) to work on /opt/airflow/dags/DagScraper.py
[2026-04-16T21:23:44.427+0000] {processor.py:830} INFO - Processing file /opt/airflow/dags/DagScraper.py for tasks to queue
[2026-04-16T21:23:44.440+0000] {logging_mixin.py:188} INFO - [2026-04-16T21:23:44.439+0000] {dagbag.py:545} INFO - Filling up the DagBag from /opt/airflow/dags/DagScraper.py
[2026-04-16T21:23:44.679+0000] {processor.py:840} INFO - DAG(s) 'dag_scraping_offres_emploi' retrieved from /opt/airflow/dags/DagScraper.py
[2026-04-16T21:23:44.906+0000] {logging_mixin.py:188} INFO - [2026-04-16T21:23:44.906+0000] {dag.py:3096} INFO - Sync 1 DAGs
[2026-04-16T21:23:44.988+0000] {logging_mixin.py:188} INFO - [2026-04-16T21:23:44.987+0000] {dag.py:3954} INFO - Setting next_dagrun for dag_scraping_offres_emploi to 2026-04-16 12:00:00+00:00, run_after=2026-04-16 18:00:00+00:00
[2026-04-16T21:23:45.097+0000] {processor.py:183} INFO - Processing /opt/airflow/dags/DagScraper.py took 0.759 seconds
[2026-04-16T21:24:15.690+0000] {processor.py:161} INFO - Started process (PID=7144) to work on /opt/airflow/dags/DagScraper.py
[2026-04-16T21:24:15.712+0000] {processor.py:830} INFO - Processing file /opt/airflow/dags/DagScraper.py for tasks to queue
[2026-04-16T21:24:15.725+0000] {logging_mixin.py:188} INFO - [2026-04-16T21:24:15.725+0000] {dagbag.py:545} INFO - Filling up the DagBag from /opt/airflow/dags/DagScraper.py
[2026-04-16T21:24:15.822+0000] {processor.py:840} INFO - DAG(s) 'dag_scraping_offres_emploi' retrieved from /opt/airflow/dags/DagScraper.py
[2026-04-16T21:24:15.952+0000] {logging_mixin.py:188} INFO - [2026-04-16T21:24:15.952+0000] {dag.py:3096} INFO - Sync 1 DAGs
[2026-04-16T21:24:16.014+0000] {logging_mixin.py:188} INFO - [2026-04-16T21:24:16.013+0000] {dag.py:3954} INFO - Setting next_dagrun for dag_scraping_offres_emploi to 2026-04-16 12:00:00+00:00, run_after=2026-04-16 18:00:00+00:00
[2026-04-16T21:24:16.194+0000] {processor.py:183} INFO - Processing /opt/airflow/dags/DagScraper.py took 0.541 seconds
[2026-04-16T21:24:46.555+0000] {processor.py:161} INFO - Started process (PID=7159) to work on /opt/airflow/dags/DagScraper.py
[2026-04-16T21:24:46.557+0000] {processor.py:830} INFO - Processing file /opt/airflow/dags/DagScraper.py for tasks to queue
[2026-04-16T21:24:46.570+0000] {logging_mixin.py:188} INFO - [2026-04-16T21:24:46.569+0000] {dagbag.py:545} INFO - Filling up the DagBag from /opt/airflow/dags/DagScraper.py
[2026-04-16T21:24:46.735+0000] {processor.py:840} INFO - DAG(s) 'dag_scraping_offres_emploi' retrieved from /opt/airflow/dags/DagScraper.py
[2026-04-16T21:24:46.945+0000] {logging_mixin.py:188} INFO - [2026-04-16T21:24:46.944+0000] {dag.py:3096} INFO - Sync 1 DAGs
[2026-04-16T21:24:47.030+0000] {logging_mixin.py:188} INFO - [2026-04-16T21:24:47.029+0000] {dag.py:3954} INFO - Setting next_dagrun for dag_scraping_offres_emploi to 2026-04-16 12:00:00+00:00, run_after=2026-04-16 18:00:00+00:00
[2026-04-16T21:24:47.081+0000] {processor.py:183} INFO - Processing /opt/airflow/dags/DagScraper.py took 0.548 seconds
[2026-04-16T21:25:17.769+0000] {processor.py:161} INFO - Started process (PID=7167) to work on /opt/airflow/dags/DagScraper.py
[2026-04-16T21:25:17.772+0000] {processor.py:830} INFO - Processing file /opt/airflow/dags/DagScraper.py for tasks to queue
[2026-04-16T21:25:17.779+0000] {logging_mixin.py:188} INFO - [2026-04-16T21:25:17.778+0000] {dagbag.py:545} INFO - Filling up the DagBag from /opt/airflow/dags/DagScraper.py
[2026-04-16T21:25:17.856+0000] {processor.py:840} INFO - DAG(s) 'dag_scraping_offres_emploi' retrieved from /opt/airflow/dags/DagScraper.py
[2026-04-16T21:25:17.992+0000] {logging_mixin.py:188} INFO - [2026-04-16T21:25:17.992+0000] {dag.py:3096} INFO - Sync 1 DAGs
[2026-04-16T21:25:18.127+0000] {logging_mixin.py:188} INFO - [2026-04-16T21:25:18.126+0000] {dag.py:3954} INFO - Setting next_dagrun for dag_scraping_offres_emploi to 2026-04-16 12:00:00+00:00, run_after=2026-04-16 18:00:00+00:00
[2026-04-16T21:25:18.237+0000] {processor.py:183} INFO - Processing /opt/airflow/dags/DagScraper.py took 0.500 seconds
[2026-04-16T21:25:48.585+0000] {processor.py:161} INFO - Started process (PID=7180) to work on /opt/airflow/dags/DagScraper.py
[2026-04-16T21:25:48.594+0000] {processor.py:830} INFO - Processing file /opt/airflow/dags/DagScraper.py for tasks to queue
[2026-04-16T21:25:48.606+0000] {logging_mixin.py:188} INFO - [2026-04-16T21:25:48.605+0000] {dagbag.py:545} INFO - Filling up the DagBag from /opt/airflow/dags/DagScraper.py
[2026-04-16T21:25:48.731+0000] {processor.py:840} INFO - DAG(s) 'dag_scraping_offres_emploi' retrieved from /opt/airflow/dags/DagScraper.py
[2026-04-16T21:25:48.958+0000] {logging_mixin.py:188} INFO - [2026-04-16T21:25:48.958+0000] {dag.py:3096} INFO - Sync 1 DAGs
[2026-04-16T21:25:49.043+0000] {logging_mixin.py:188} INFO - [2026-04-16T21:25:49.042+0000] {dag.py:3954} INFO - Setting next_dagrun for dag_scraping_offres_emploi to 2026-04-16 12:00:00+00:00, run_after=2026-04-16 18:00:00+00:00
[2026-04-16T21:25:49.168+0000] {processor.py:183} INFO - Processing /opt/airflow/dags/DagScraper.py took 0.625 seconds
[2026-04-16T21:26:19.650+0000] {processor.py:161} INFO - Started process (PID=7187) to work on /opt/airflow/dags/DagScraper.py
[2026-04-16T21:26:19.654+0000] {processor.py:830} INFO - Processing file /opt/airflow/dags/DagScraper.py for tasks to queue
[2026-04-16T21:26:19.661+0000] {logging_mixin.py:188} INFO - [2026-04-16T21:26:19.660+0000] {dagbag.py:545} INFO - Filling up the DagBag from /opt/airflow/dags/DagScraper.py
[2026-04-16T21:26:19.730+0000] {processor.py:840} INFO - DAG(s) 'dag_scraping_offres_emploi' retrieved from /opt/airflow/dags/DagScraper.py
[2026-04-16T21:26:19.971+0000] {logging_mixin.py:188} INFO - [2026-04-16T21:26:19.970+0000] {dag.py:3096} INFO - Sync 1 DAGs
[2026-04-16T21:26:20.109+0000] {logging_mixin.py:188} INFO - [2026-04-16T21:26:20.108+0000] {dag.py:3954} INFO - Setting next_dagrun for dag_scraping_offres_emploi to 2026-04-16 12:00:00+00:00, run_after=2026-04-16 18:00:00+00:00
[2026-04-16T21:26:20.351+0000] {processor.py:183} INFO - Processing /opt/airflow/dags/DagScraper.py took 0.743 seconds
[2026-04-16T21:26:50.890+0000] {processor.py:161} INFO - Started process (PID=7201) to work on /opt/airflow/dags/DagScraper.py
[2026-04-16T21:26:50.894+0000] {processor.py:830} INFO - Processing file /opt/airflow/dags/DagScraper.py for tasks to queue
[2026-04-16T21:26:50.902+0000] {logging_mixin.py:188} INFO - [2026-04-16T21:26:50.900+0000] {dagbag.py:545} INFO - Filling up the DagBag from /opt/airflow/dags/DagScraper.py
[2026-04-16T21:26:51.012+0000] {processor.py:840} INFO - DAG(s) 'dag_scraping_offres_emploi' retrieved from /opt/airflow/dags/DagScraper.py
[2026-04-16T21:26:51.139+0000] {logging_mixin.py:188} INFO - [2026-04-16T21:26:51.138+0000] {dag.py:3096} INFO - Sync 1 DAGs
[2026-04-16T21:26:51.203+0000] {logging_mixin.py:188} INFO - [2026-04-16T21:26:51.203+0000] {dag.py:3954} INFO - Setting next_dagrun for dag_scraping_offres_emploi to 2026-04-16 12:00:00+00:00, run_after=2026-04-16 18:00:00+00:00
[2026-04-16T21:26:51.249+0000] {processor.py:183} INFO - Processing /opt/airflow/dags/DagScraper.py took 0.388 seconds
[2026-04-16T21:27:21.771+0000] {processor.py:161} INFO - Started process (PID=7208) to work on /opt/airflow/dags/DagScraper.py
[2026-04-16T21:27:21.779+0000] {processor.py:830} INFO - Processing file /opt/airflow/dags/DagScraper.py for tasks to queue
[2026-04-16T21:27:21.785+0000] {logging_mixin.py:188} INFO - [2026-04-16T21:27:21.784+0000] {dagbag.py:545} INFO - Filling up the DagBag from /opt/airflow/dags/DagScraper.py
[2026-04-16T21:27:21.835+0000] {processor.py:840} INFO - DAG(s) 'dag_scraping_offres_emploi' retrieved from /opt/airflow/dags/DagScraper.py
[2026-04-16T21:27:21.956+0000] {logging_mixin.py:188} INFO - [2026-04-16T21:27:21.955+0000] {dag.py:3096} INFO - Sync 1 DAGs
[2026-04-16T21:27:22.056+0000] {logging_mixin.py:188} INFO - [2026-04-16T21:27:22.056+0000] {dag.py:3954} INFO - Setting next_dagrun for dag_scraping_offres_emploi to 2026-04-16 12:00:00+00:00, run_after=2026-04-16 18:00:00+00:00
[2026-04-16T21:27:22.107+0000] {processor.py:183} INFO - Processing /opt/airflow/dags/DagScraper.py took 0.358 seconds
[2026-04-16T21:27:52.483+0000] {processor.py:161} INFO - Started process (PID=7221) to work on /opt/airflow/dags/DagScraper.py
[2026-04-16T21:27:52.485+0000] {processor.py:830} INFO - Processing file /opt/airflow/dags/DagScraper.py for tasks to queue
[2026-04-16T21:27:52.488+0000] {logging_mixin.py:188} INFO - [2026-04-16T21:27:52.488+0000] {dagbag.py:545} INFO - Filling up the DagBag from /opt/airflow/dags/DagScraper.py
[2026-04-16T21:27:52.527+0000] {processor.py:840} INFO - DAG(s) 'dag_scraping_offres_emploi' retrieved from /opt/airflow/dags/DagScraper.py
[2026-04-16T21:27:52.608+0000] {logging_mixin.py:188} INFO - [2026-04-16T21:27:52.608+0000] {dag.py:3096} INFO - Sync 1 DAGs
[2026-04-16T21:27:52.675+0000] {logging_mixin.py:188} INFO - [2026-04-16T21:27:52.675+0000] {dag.py:3954} INFO - Setting next_dagrun for dag_scraping_offres_emploi to 2026-04-16 12:00:00+00:00, run_after=2026-04-16 18:00:00+00:00
[2026-04-16T21:27:52.741+0000] {processor.py:183} INFO - Processing /opt/airflow/dags/DagScraper.py took 0.272 seconds
[2026-04-16T21:28:23.146+0000] {processor.py:161} INFO - Started process (PID=7229) to work on /opt/airflow/dags/DagScraper.py
[2026-04-16T21:28:23.148+0000] {processor.py:830} INFO - Processing file /opt/airflow/dags/DagScraper.py for tasks to queue
[2026-04-16T21:28:23.152+0000] {logging_mixin.py:188} INFO - [2026-04-16T21:28:23.151+0000] {dagbag.py:545} INFO - Filling up the DagBag from /opt/airflow/dags/DagScraper.py
[2026-04-16T21:28:23.208+0000] {processor.py:840} INFO - DAG(s) 'dag_scraping_offres_emploi' retrieved from /opt/airflow/dags/DagScraper.py
[2026-04-16T21:28:23.308+0000] {logging_mixin.py:188} INFO - [2026-04-16T21:28:23.308+0000] {dag.py:3096} INFO - Sync 1 DAGs
[2026-04-16T21:28:23.462+0000] {logging_mixin.py:188} INFO - [2026-04-16T21:28:23.461+0000] {dag.py:3954} INFO - Setting next_dagrun for dag_scraping_offres_emploi to 2026-04-16 12:00:00+00:00, run_after=2026-04-16 18:00:00+00:00
[2026-04-16T21:28:23.717+0000] {processor.py:183} INFO - Processing /opt/airflow/dags/DagScraper.py took 0.585 seconds
[2026-04-16T21:28:54.323+0000] {processor.py:161} INFO - Started process (PID=7243) to work on /opt/airflow/dags/DagScraper.py
[2026-04-16T21:28:54.336+0000] {processor.py:830} INFO - Processing file /opt/airflow/dags/DagScraper.py for tasks to queue
[2026-04-16T21:28:54.340+0000] {logging_mixin.py:188} INFO - [2026-04-16T21:28:54.339+0000] {dagbag.py:545} INFO - Filling up the DagBag from /opt/airflow/dags/DagScraper.py
[2026-04-16T21:28:54.428+0000] {processor.py:840} INFO - DAG(s) 'dag_scraping_offres_emploi' retrieved from /opt/airflow/dags/DagScraper.py
[2026-04-16T21:28:54.603+0000] {logging_mixin.py:188} INFO - [2026-04-16T21:28:54.602+0000] {dag.py:3096} INFO - Sync 1 DAGs
[2026-04-16T21:28:54.687+0000] {logging_mixin.py:188} INFO - [2026-04-16T21:28:54.687+0000] {dag.py:3954} INFO - Setting next_dagrun for dag_scraping_offres_emploi to 2026-04-16 12:00:00+00:00, run_after=2026-04-16 18:00:00+00:00
[2026-04-16T21:28:54.733+0000] {processor.py:183} INFO - Processing /opt/airflow/dags/DagScraper.py took 0.441 seconds
[2026-04-16T21:29:25.281+0000] {processor.py:161} INFO - Started process (PID=7251) to work on /opt/airflow/dags/DagScraper.py
[2026-04-16T21:29:25.283+0000] {processor.py:830} INFO - Processing file /opt/airflow/dags/DagScraper.py for tasks to queue
[2026-04-16T21:29:25.287+0000] {logging_mixin.py:188} INFO - [2026-04-16T21:29:25.286+0000] {dagbag.py:545} INFO - Filling up the DagBag from /opt/airflow/dags/DagScraper.py
[2026-04-16T21:29:25.337+0000] {processor.py:840} INFO - DAG(s) 'dag_scraping_offres_emploi' retrieved from /opt/airflow/dags/DagScraper.py
[2026-04-16T21:29:25.553+0000] {logging_mixin.py:188} INFO - [2026-04-16T21:29:25.553+0000] {dag.py:3096} INFO - Sync 1 DAGs
[2026-04-16T21:29:25.638+0000] {logging_mixin.py:188} INFO - [2026-04-16T21:29:25.637+0000] {dag.py:3954} INFO - Setting next_dagrun for dag_scraping_offres_emploi to 2026-04-16 12:00:00+00:00, run_after=2026-04-16 18:00:00+00:00
[2026-04-16T21:29:25.709+0000] {processor.py:183} INFO - Processing /opt/airflow/dags/DagScraper.py took 0.441 seconds
[2026-04-16T21:29:56.395+0000] {processor.py:161} INFO - Started process (PID=7265) to work on /opt/airflow/dags/DagScraper.py
[2026-04-16T21:29:56.397+0000] {processor.py:830} INFO - Processing file /opt/airflow/dags/DagScraper.py for tasks to queue
[2026-04-16T21:29:56.405+0000] {logging_mixin.py:188} INFO - [2026-04-16T21:29:56.403+0000] {dagbag.py:545} INFO - Filling up the DagBag from /opt/airflow/dags/DagScraper.py
[2026-04-16T21:29:56.473+0000] {processor.py:840} INFO - DAG(s) 'dag_scraping_offres_emploi' retrieved from /opt/airflow/dags/DagScraper.py
[2026-04-16T21:29:56.602+0000] {logging_mixin.py:188} INFO - [2026-04-16T21:29:56.601+0000] {dag.py:3096} INFO - Sync 1 DAGs
[2026-04-16T21:29:56.764+0000] {logging_mixin.py:188} INFO - [2026-04-16T21:29:56.763+0000] {dag.py:3954} INFO - Setting next_dagrun for dag_scraping_offres_emploi to 2026-04-16 12:00:00+00:00, run_after=2026-04-16 18:00:00+00:00
[2026-04-16T21:29:57.096+0000] {processor.py:183} INFO - Processing /opt/airflow/dags/DagScraper.py took 0.726 seconds
[2026-04-16T21:30:27.812+0000] {processor.py:161} INFO - Started process (PID=7279) to work on /opt/airflow/dags/DagScraper.py
[2026-04-16T21:30:27.817+0000] {processor.py:830} INFO - Processing file /opt/airflow/dags/DagScraper.py for tasks to queue
[2026-04-16T21:30:27.835+0000] {logging_mixin.py:188} INFO - [2026-04-16T21:30:27.834+0000] {dagbag.py:545} INFO - Filling up the DagBag from /opt/airflow/dags/DagScraper.py
[2026-04-16T21:30:27.985+0000] {processor.py:840} INFO - DAG(s) 'dag_scraping_offres_emploi' retrieved from /opt/airflow/dags/DagScraper.py
[2026-04-16T21:30:28.147+0000] {logging_mixin.py:188} INFO - [2026-04-16T21:30:28.146+0000] {dag.py:3096} INFO - Sync 1 DAGs
[2026-04-16T21:30:28.273+0000] {logging_mixin.py:188} INFO - [2026-04-16T21:30:28.265+0000] {dag.py:3954} INFO - Setting next_dagrun for dag_scraping_offres_emploi to 2026-04-16 12:00:00+00:00, run_after=2026-04-16 18:00:00+00:00
[2026-04-16T21:30:28.354+0000] {processor.py:183} INFO - Processing /opt/airflow/dags/DagScraper.py took 0.577 seconds
[2026-04-16T21:30:59.272+0000] {processor.py:161} INFO - Started process (PID=7287) to work on /opt/airflow/dags/DagScraper.py
[2026-04-16T21:30:59.274+0000] {processor.py:830} INFO - Processing file /opt/airflow/dags/DagScraper.py for tasks to queue
[2026-04-16T21:30:59.321+0000] {logging_mixin.py:188} INFO - [2026-04-16T21:30:59.320+0000] {dagbag.py:545} INFO - Filling up the DagBag from /opt/airflow/dags/DagScraper.py
[2026-04-16T21:30:59.449+0000] {processor.py:840} INFO - DAG(s) 'dag_scraping_offres_emploi' retrieved from /opt/airflow/dags/DagScraper.py
[2026-04-16T21:30:59.790+0000] {logging_mixin.py:188} INFO - [2026-04-16T21:30:59.789+0000] {dag.py:3096} INFO - Sync 1 DAGs
[2026-04-16T21:31:00.020+0000] {logging_mixin.py:188} INFO - [2026-04-16T21:31:00.020+0000] {dag.py:3954} INFO - Setting next_dagrun for dag_scraping_offres_emploi to 2026-04-16 12:00:00+00:00, run_after=2026-04-16 18:00:00+00:00
[2026-04-16T21:31:00.172+0000] {processor.py:183} INFO - Processing /opt/airflow/dags/DagScraper.py took 0.942 seconds
[2026-04-16T21:31:30.559+0000] {processor.py:161} INFO - Started process (PID=7301) to work on /opt/airflow/dags/DagScraper.py
[2026-04-16T21:31:30.563+0000] {processor.py:830} INFO - Processing file /opt/airflow/dags/DagScraper.py for tasks to queue
[2026-04-16T21:31:30.570+0000] {logging_mixin.py:188} INFO - [2026-04-16T21:31:30.569+0000] {dagbag.py:545} INFO - Filling up the DagBag from /opt/airflow/dags/DagScraper.py
[2026-04-16T21:31:30.653+0000] {processor.py:840} INFO - DAG(s) 'dag_scraping_offres_emploi' retrieved from /opt/airflow/dags/DagScraper.py
[2026-04-16T21:31:30.765+0000] {logging_mixin.py:188} INFO - [2026-04-16T21:31:30.764+0000] {dag.py:3096} INFO - Sync 1 DAGs
[2026-04-16T21:31:30.885+0000] {logging_mixin.py:188} INFO - [2026-04-16T21:31:30.884+0000] {dag.py:3954} INFO - Setting next_dagrun for dag_scraping_offres_emploi to 2026-04-16 12:00:00+00:00, run_after=2026-04-16 18:00:00+00:00
[2026-04-16T21:31:31.029+0000] {processor.py:183} INFO - Processing /opt/airflow/dags/DagScraper.py took 0.490 seconds
[2026-04-16T21:32:01.763+0000] {processor.py:161} INFO - Started process (PID=7308) to work on /opt/airflow/dags/DagScraper.py
[2026-04-16T21:32:01.769+0000] {processor.py:830} INFO - Processing file /opt/airflow/dags/DagScraper.py for tasks to queue
[2026-04-16T21:32:01.775+0000] {logging_mixin.py:188} INFO - [2026-04-16T21:32:01.773+0000] {dagbag.py:545} INFO - Filling up the DagBag from /opt/airflow/dags/DagScraper.py
[2026-04-16T21:32:01.841+0000] {processor.py:840} INFO - DAG(s) 'dag_scraping_offres_emploi' retrieved from /opt/airflow/dags/DagScraper.py
[2026-04-16T21:32:01.966+0000] {logging_mixin.py:188} INFO - [2026-04-16T21:32:01.965+0000] {dag.py:3096} INFO - Sync 1 DAGs
[2026-04-16T21:32:02.087+0000] {logging_mixin.py:188} INFO - [2026-04-16T21:32:02.087+0000] {dag.py:3954} INFO - Setting next_dagrun for dag_scraping_offres_emploi to 2026-04-16 12:00:00+00:00, run_after=2026-04-16 18:00:00+00:00
[2026-04-16T21:32:02.240+0000] {processor.py:183} INFO - Processing /opt/airflow/dags/DagScraper.py took 0.503 seconds
[2026-04-16T21:32:32.897+0000] {processor.py:161} INFO - Started process (PID=7321) to work on /opt/airflow/dags/DagScraper.py
[2026-04-16T21:32:32.900+0000] {processor.py:830} INFO - Processing file /opt/airflow/dags/DagScraper.py for tasks to queue
[2026-04-16T21:32:32.903+0000] {logging_mixin.py:188} INFO - [2026-04-16T21:32:32.903+0000] {dagbag.py:545} INFO - Filling up the DagBag from /opt/airflow/dags/DagScraper.py
[2026-04-16T21:32:32.943+0000] {processor.py:840} INFO - DAG(s) 'dag_scraping_offres_emploi' retrieved from /opt/airflow/dags/DagScraper.py
[2026-04-16T21:32:33.040+0000] {logging_mixin.py:188} INFO - [2026-04-16T21:32:33.040+0000] {dag.py:3096} INFO - Sync 1 DAGs
[2026-04-16T21:32:33.152+0000] {logging_mixin.py:188} INFO - [2026-04-16T21:32:33.151+0000] {dag.py:3954} INFO - Setting next_dagrun for dag_scraping_offres_emploi to 2026-04-16 12:00:00+00:00, run_after=2026-04-16 18:00:00+00:00
[2026-04-16T21:32:33.224+0000] {processor.py:183} INFO - Processing /opt/airflow/dags/DagScraper.py took 0.351 seconds
[2026-04-16T21:33:03.855+0000] {processor.py:161} INFO - Started process (PID=7328) to work on /opt/airflow/dags/DagScraper.py
[2026-04-16T21:33:03.857+0000] {processor.py:830} INFO - Processing file /opt/airflow/dags/DagScraper.py for tasks to queue
[2026-04-16T21:33:03.861+0000] {logging_mixin.py:188} INFO - [2026-04-16T21:33:03.860+0000] {dagbag.py:545} INFO - Filling up the DagBag from /opt/airflow/dags/DagScraper.py
[2026-04-16T21:33:03.937+0000] {processor.py:840} INFO - DAG(s) 'dag_scraping_offres_emploi' retrieved from /opt/airflow/dags/DagScraper.py
[2026-04-16T21:33:04.086+0000] {logging_mixin.py:188} INFO - [2026-04-16T21:33:04.085+0000] {dag.py:3096} INFO - Sync 1 DAGs
[2026-04-16T21:33:04.158+0000] {logging_mixin.py:188} INFO - [2026-04-16T21:33:04.157+0000] {dag.py:3954} INFO - Setting next_dagrun for dag_scraping_offres_emploi to 2026-04-16 12:00:00+00:00, run_after=2026-04-16 18:00:00+00:00
[2026-04-16T21:33:04.202+0000] {processor.py:183} INFO - Processing /opt/airflow/dags/DagScraper.py took 0.370 seconds
[2026-04-16T21:33:34.496+0000] {processor.py:161} INFO - Started process (PID=7341) to work on /opt/airflow/dags/DagScraper.py
[2026-04-16T21:33:34.498+0000] {processor.py:830} INFO - Processing file /opt/airflow/dags/DagScraper.py for tasks to queue
[2026-04-16T21:33:34.501+0000] {logging_mixin.py:188} INFO - [2026-04-16T21:33:34.501+0000] {dagbag.py:545} INFO - Filling up the DagBag from /opt/airflow/dags/DagScraper.py
[2026-04-16T21:33:34.544+0000] {processor.py:840} INFO - DAG(s) 'dag_scraping_offres_emploi' retrieved from /opt/airflow/dags/DagScraper.py
[2026-04-16T21:33:34.659+0000] {logging_mixin.py:188} INFO - [2026-04-16T21:33:34.658+0000] {dag.py:3096} INFO - Sync 1 DAGs
[2026-04-16T21:33:34.731+0000] {logging_mixin.py:188} INFO - [2026-04-16T21:33:34.731+0000] {dag.py:3954} INFO - Setting next_dagrun for dag_scraping_offres_emploi to 2026-04-16 12:00:00+00:00, run_after=2026-04-16 18:00:00+00:00
[2026-04-16T21:33:34.811+0000] {processor.py:183} INFO - Processing /opt/airflow/dags/DagScraper.py took 0.330 seconds
[2026-04-16T21:34:05.387+0000] {processor.py:161} INFO - Started process (PID=7348) to work on /opt/airflow/dags/DagScraper.py
[2026-04-16T21:34:05.390+0000] {processor.py:830} INFO - Processing file /opt/airflow/dags/DagScraper.py for tasks to queue
[2026-04-16T21:34:05.399+0000] {logging_mixin.py:188} INFO - [2026-04-16T21:34:05.398+0000] {dagbag.py:545} INFO - Filling up the DagBag from /opt/airflow/dags/DagScraper.py
[2026-04-16T21:34:05.448+0000] {processor.py:840} INFO - DAG(s) 'dag_scraping_offres_emploi' retrieved from /opt/airflow/dags/DagScraper.py
[2026-04-16T21:34:05.579+0000] {logging_mixin.py:188} INFO - [2026-04-16T21:34:05.579+0000] {dag.py:3096} INFO - Sync 1 DAGs
[2026-04-16T21:34:05.657+0000] {logging_mixin.py:188} INFO - [2026-04-16T21:34:05.657+0000] {dag.py:3954} INFO - Setting next_dagrun for dag_scraping_offres_emploi to 2026-04-16 12:00:00+00:00, run_after=2026-04-16 18:00:00+00:00
[2026-04-16T21:34:05.710+0000] {processor.py:183} INFO - Processing /opt/airflow/dags/DagScraper.py took 0.337 seconds
[2026-04-16T21:34:36.424+0000] {processor.py:161} INFO - Started process (PID=7362) to work on /opt/airflow/dags/DagScraper.py
[2026-04-16T21:34:36.426+0000] {processor.py:830} INFO - Processing file /opt/airflow/dags/DagScraper.py for tasks to queue
[2026-04-16T21:34:36.432+0000] {logging_mixin.py:188} INFO - [2026-04-16T21:34:36.429+0000] {dagbag.py:545} INFO - Filling up the DagBag from /opt/airflow/dags/DagScraper.py
[2026-04-16T21:34:36.494+0000] {processor.py:840} INFO - DAG(s) 'dag_scraping_offres_emploi' retrieved from /opt/airflow/dags/DagScraper.py
[2026-04-16T21:34:36.594+0000] {logging_mixin.py:188} INFO - [2026-04-16T21:34:36.593+0000] {dag.py:3096} INFO - Sync 1 DAGs
[2026-04-16T21:34:36.656+0000] {logging_mixin.py:188} INFO - [2026-04-16T21:34:36.655+0000] {dag.py:3954} INFO - Setting next_dagrun for dag_scraping_offres_emploi to 2026-04-16 12:00:00+00:00, run_after=2026-04-16 18:00:00+00:00
[2026-04-16T21:34:36.727+0000] {processor.py:183} INFO - Processing /opt/airflow/dags/DagScraper.py took 0.322 seconds
[2026-04-16T21:35:07.810+0000] {processor.py:161} INFO - Started process (PID=7370) to work on /opt/airflow/dags/DagScraper.py
[2026-04-16T21:35:07.812+0000] {processor.py:830} INFO - Processing file /opt/airflow/dags/DagScraper.py for tasks to queue
[2026-04-16T21:35:07.832+0000] {logging_mixin.py:188} INFO - [2026-04-16T21:35:07.826+0000] {dagbag.py:545} INFO - Filling up the DagBag from /opt/airflow/dags/DagScraper.py
[2026-04-16T21:35:07.906+0000] {processor.py:840} INFO - DAG(s) 'dag_scraping_offres_emploi' retrieved from /opt/airflow/dags/DagScraper.py
[2026-04-16T21:35:08.145+0000] {logging_mixin.py:188} INFO - [2026-04-16T21:35:08.145+0000] {dag.py:3096} INFO - Sync 1 DAGs
[2026-04-16T21:35:08.340+0000] {logging_mixin.py:188} INFO - [2026-04-16T21:35:08.339+0000] {dag.py:3954} INFO - Setting next_dagrun for dag_scraping_offres_emploi to 2026-04-16 12:00:00+00:00, run_after=2026-04-16 18:00:00+00:00
[2026-04-16T21:35:08.428+0000] {processor.py:183} INFO - Processing /opt/airflow/dags/DagScraper.py took 0.669 seconds
[2026-04-16T21:35:38.984+0000] {processor.py:161} INFO - Started process (PID=7384) to work on /opt/airflow/dags/DagScraper.py
[2026-04-16T21:35:38.986+0000] {processor.py:830} INFO - Processing file /opt/airflow/dags/DagScraper.py for tasks to queue
[2026-04-16T21:35:38.990+0000] {logging_mixin.py:188} INFO - [2026-04-16T21:35:38.989+0000] {dagbag.py:545} INFO - Filling up the DagBag from /opt/airflow/dags/DagScraper.py
[2026-04-16T21:35:39.041+0000] {processor.py:840} INFO - DAG(s) 'dag_scraping_offres_emploi' retrieved from /opt/airflow/dags/DagScraper.py
[2026-04-16T21:35:39.134+0000] {logging_mixin.py:188} INFO - [2026-04-16T21:35:39.134+0000] {dag.py:3096} INFO - Sync 1 DAGs
[2026-04-16T21:35:39.201+0000] {logging_mixin.py:188} INFO - [2026-04-16T21:35:39.200+0000] {dag.py:3954} INFO - Setting next_dagrun for dag_scraping_offres_emploi to 2026-04-16 12:00:00+00:00, run_after=2026-04-16 18:00:00+00:00
[2026-04-16T21:35:39.254+0000] {processor.py:183} INFO - Processing /opt/airflow/dags/DagScraper.py took 0.285 seconds
[2026-04-16T21:36:09.880+0000] {processor.py:161} INFO - Started process (PID=7399) to work on /opt/airflow/dags/DagScraper.py
[2026-04-16T21:36:09.884+0000] {processor.py:830} INFO - Processing file /opt/airflow/dags/DagScraper.py for tasks to queue
[2026-04-16T21:36:09.894+0000] {logging_mixin.py:188} INFO - [2026-04-16T21:36:09.892+0000] {dagbag.py:545} INFO - Filling up the DagBag from /opt/airflow/dags/DagScraper.py
[2026-04-16T21:36:09.953+0000] {processor.py:840} INFO - DAG(s) 'dag_scraping_offres_emploi' retrieved from /opt/airflow/dags/DagScraper.py
[2026-04-16T21:36:10.065+0000] {logging_mixin.py:188} INFO - [2026-04-16T21:36:10.064+0000] {dag.py:3096} INFO - Sync 1 DAGs
[2026-04-16T21:36:10.122+0000] {logging_mixin.py:188} INFO - [2026-04-16T21:36:10.121+0000] {dag.py:3954} INFO - Setting next_dagrun for dag_scraping_offres_emploi to 2026-04-16 12:00:00+00:00, run_after=2026-04-16 18:00:00+00:00
[2026-04-16T21:36:10.161+0000] {processor.py:183} INFO - Processing /opt/airflow/dags/DagScraper.py took 0.300 seconds
[2026-04-16T21:36:40.398+0000] {processor.py:161} INFO - Started process (PID=7407) to work on /opt/airflow/dags/DagScraper.py
[2026-04-16T21:36:40.400+0000] {processor.py:830} INFO - Processing file /opt/airflow/dags/DagScraper.py for tasks to queue
[2026-04-16T21:36:40.407+0000] {logging_mixin.py:188} INFO - [2026-04-16T21:36:40.406+0000] {dagbag.py:545} INFO - Filling up the DagBag from /opt/airflow/dags/DagScraper.py
[2026-04-16T21:36:40.457+0000] {processor.py:840} INFO - DAG(s) 'dag_scraping_offres_emploi' retrieved from /opt/airflow/dags/DagScraper.py
[2026-04-16T21:36:40.542+0000] {logging_mixin.py:188} INFO - [2026-04-16T21:36:40.541+0000] {dag.py:3096} INFO - Sync 1 DAGs
[2026-04-16T21:36:40.631+0000] {logging_mixin.py:188} INFO - [2026-04-16T21:36:40.630+0000] {dag.py:3954} INFO - Setting next_dagrun for dag_scraping_offres_emploi to 2026-04-16 12:00:00+00:00, run_after=2026-04-16 18:00:00+00:00
[2026-04-16T21:36:40.712+0000] {processor.py:183} INFO - Processing /opt/airflow/dags/DagScraper.py took 0.327 seconds
[2026-04-16T21:37:11.313+0000] {processor.py:161} INFO - Started process (PID=7422) to work on /opt/airflow/dags/DagScraper.py
[2026-04-16T21:37:11.315+0000] {processor.py:830} INFO - Processing file /opt/airflow/dags/DagScraper.py for tasks to queue
[2026-04-16T21:37:11.319+0000] {logging_mixin.py:188} INFO - [2026-04-16T21:37:11.318+0000] {dagbag.py:545} INFO - Filling up the DagBag from /opt/airflow/dags/DagScraper.py
[2026-04-16T21:37:11.396+0000] {processor.py:840} INFO - DAG(s) 'dag_scraping_offres_emploi' retrieved from /opt/airflow/dags/DagScraper.py
[2026-04-16T21:37:11.534+0000] {logging_mixin.py:188} INFO - [2026-04-16T21:37:11.533+0000] {dag.py:3096} INFO - Sync 1 DAGs
[2026-04-16T21:37:11.649+0000] {logging_mixin.py:188} INFO - [2026-04-16T21:37:11.648+0000] {dag.py:3954} INFO - Setting next_dagrun for dag_scraping_offres_emploi to 2026-04-16 12:00:00+00:00, run_after=2026-04-16 18:00:00+00:00
[2026-04-16T21:37:11.729+0000] {processor.py:183} INFO - Processing /opt/airflow/dags/DagScraper.py took 0.433 seconds
[2026-04-16T21:37:42.524+0000] {processor.py:161} INFO - Started process (PID=7430) to work on /opt/airflow/dags/DagScraper.py
[2026-04-16T21:37:42.527+0000] {processor.py:830} INFO - Processing file /opt/airflow/dags/DagScraper.py for tasks to queue
[2026-04-16T21:37:42.548+0000] {logging_mixin.py:188} INFO - [2026-04-16T21:37:42.547+0000] {dagbag.py:545} INFO - Filling up the DagBag from /opt/airflow/dags/DagScraper.py
[2026-04-16T21:37:42.669+0000] {processor.py:840} INFO - DAG(s) 'dag_scraping_offres_emploi' retrieved from /opt/airflow/dags/DagScraper.py
[2026-04-16T21:37:42.773+0000] {logging_mixin.py:188} INFO - [2026-04-16T21:37:42.772+0000] {dag.py:3096} INFO - Sync 1 DAGs
[2026-04-16T21:37:42.857+0000] {logging_mixin.py:188} INFO - [2026-04-16T21:37:42.856+0000] {dag.py:3954} INFO - Setting next_dagrun for dag_scraping_offres_emploi to 2026-04-16 12:00:00+00:00, run_after=2026-04-16 18:00:00+00:00
[2026-04-16T21:37:42.934+0000] {processor.py:183} INFO - Processing /opt/airflow/dags/DagScraper.py took 0.434 seconds
[2026-04-16T21:38:13.214+0000] {processor.py:161} INFO - Started process (PID=7446) to work on /opt/airflow/dags/DagScraper.py
[2026-04-16T21:38:13.217+0000] {processor.py:830} INFO - Processing file /opt/airflow/dags/DagScraper.py for tasks to queue
[2026-04-16T21:38:13.229+0000] {logging_mixin.py:188} INFO - [2026-04-16T21:38:13.228+0000] {dagbag.py:545} INFO - Filling up the DagBag from /opt/airflow/dags/DagScraper.py
[2026-04-16T21:38:13.291+0000] {processor.py:840} INFO - DAG(s) 'dag_scraping_offres_emploi' retrieved from /opt/airflow/dags/DagScraper.py
[2026-04-16T21:38:13.488+0000] {logging_mixin.py:188} INFO - [2026-04-16T21:38:13.487+0000] {dag.py:3096} INFO - Sync 1 DAGs
[2026-04-16T21:38:13.575+0000] {logging_mixin.py:188} INFO - [2026-04-16T21:38:13.574+0000] {dag.py:3954} INFO - Setting next_dagrun for dag_scraping_offres_emploi to 2026-04-16 12:00:00+00:00, run_after=2026-04-16 18:00:00+00:00
[2026-04-16T21:38:13.622+0000] {processor.py:183} INFO - Processing /opt/airflow/dags/DagScraper.py took 0.434 seconds
[2026-04-16T21:38:44.403+0000] {processor.py:161} INFO - Started process (PID=7454) to work on /opt/airflow/dags/DagScraper.py
[2026-04-16T21:38:44.405+0000] {processor.py:830} INFO - Processing file /opt/airflow/dags/DagScraper.py for tasks to queue
[2026-04-16T21:38:44.408+0000] {logging_mixin.py:188} INFO - [2026-04-16T21:38:44.408+0000] {dagbag.py:545} INFO - Filling up the DagBag from /opt/airflow/dags/DagScraper.py
[2026-04-16T21:38:44.476+0000] {processor.py:840} INFO - DAG(s) 'dag_scraping_offres_emploi' retrieved from /opt/airflow/dags/DagScraper.py
[2026-04-16T21:38:44.618+0000] {logging_mixin.py:188} INFO - [2026-04-16T21:38:44.617+0000] {dag.py:3096} INFO - Sync 1 DAGs
[2026-04-16T21:38:44.707+0000] {logging_mixin.py:188} INFO - [2026-04-16T21:38:44.706+0000] {dag.py:3954} INFO - Setting next_dagrun for dag_scraping_offres_emploi to 2026-04-16 12:00:00+00:00, run_after=2026-04-16 18:00:00+00:00
[2026-04-16T21:38:44.752+0000] {processor.py:183} INFO - Processing /opt/airflow/dags/DagScraper.py took 0.370 seconds
[2026-04-16T21:39:15.421+0000] {processor.py:161} INFO - Started process (PID=7469) to work on /opt/airflow/dags/DagScraper.py
[2026-04-16T21:39:15.423+0000] {processor.py:830} INFO - Processing file /opt/airflow/dags/DagScraper.py for tasks to queue
[2026-04-16T21:39:15.427+0000] {logging_mixin.py:188} INFO - [2026-04-16T21:39:15.426+0000] {dagbag.py:545} INFO - Filling up the DagBag from /opt/airflow/dags/DagScraper.py
[2026-04-16T21:39:15.472+0000] {processor.py:840} INFO - DAG(s) 'dag_scraping_offres_emploi' retrieved from /opt/airflow/dags/DagScraper.py
[2026-04-16T21:39:15.553+0000] {logging_mixin.py:188} INFO - [2026-04-16T21:39:15.553+0000] {dag.py:3096} INFO - Sync 1 DAGs
[2026-04-16T21:39:15.646+0000] {logging_mixin.py:188} INFO - [2026-04-16T21:39:15.645+0000] {dag.py:3954} INFO - Setting next_dagrun for dag_scraping_offres_emploi to 2026-04-16 12:00:00+00:00, run_after=2026-04-16 18:00:00+00:00
[2026-04-16T21:39:15.712+0000] {processor.py:183} INFO - Processing /opt/airflow/dags/DagScraper.py took 0.308 seconds
[2026-04-16T21:39:46.373+0000] {processor.py:161} INFO - Started process (PID=7478) to work on /opt/airflow/dags/DagScraper.py
[2026-04-16T21:39:46.376+0000] {processor.py:830} INFO - Processing file /opt/airflow/dags/DagScraper.py for tasks to queue
[2026-04-16T21:39:46.382+0000] {logging_mixin.py:188} INFO - [2026-04-16T21:39:46.381+0000] {dagbag.py:545} INFO - Filling up the DagBag from /opt/airflow/dags/DagScraper.py
[2026-04-16T21:39:46.458+0000] {processor.py:840} INFO - DAG(s) 'dag_scraping_offres_emploi' retrieved from /opt/airflow/dags/DagScraper.py
[2026-04-16T21:39:46.580+0000] {logging_mixin.py:188} INFO - [2026-04-16T21:39:46.580+0000] {dag.py:3096} INFO - Sync 1 DAGs
[2026-04-16T21:39:46.729+0000] {logging_mixin.py:188} INFO - [2026-04-16T21:39:46.729+0000] {dag.py:3954} INFO - Setting next_dagrun for dag_scraping_offres_emploi to 2026-04-16 12:00:00+00:00, run_after=2026-04-16 18:00:00+00:00
[2026-04-16T21:39:46.907+0000] {processor.py:183} INFO - Processing /opt/airflow/dags/DagScraper.py took 0.565 seconds
[2026-04-16T21:40:17.690+0000] {processor.py:161} INFO - Started process (PID=7492) to work on /opt/airflow/dags/DagScraper.py
[2026-04-16T21:40:17.692+0000] {processor.py:830} INFO - Processing file /opt/airflow/dags/DagScraper.py for tasks to queue
[2026-04-16T21:40:17.698+0000] {logging_mixin.py:188} INFO - [2026-04-16T21:40:17.696+0000] {dagbag.py:545} INFO - Filling up the DagBag from /opt/airflow/dags/DagScraper.py
[2026-04-16T21:40:17.831+0000] {processor.py:840} INFO - DAG(s) 'dag_scraping_offres_emploi' retrieved from /opt/airflow/dags/DagScraper.py
[2026-04-16T21:40:17.976+0000] {logging_mixin.py:188} INFO - [2026-04-16T21:40:17.976+0000] {dag.py:3096} INFO - Sync 1 DAGs
[2026-04-16T21:40:18.043+0000] {logging_mixin.py:188} INFO - [2026-04-16T21:40:18.042+0000] {dag.py:3954} INFO - Setting next_dagrun for dag_scraping_offres_emploi to 2026-04-16 12:00:00+00:00, run_after=2026-04-16 18:00:00+00:00
[2026-04-16T21:40:18.141+0000] {processor.py:183} INFO - Processing /opt/airflow/dags/DagScraper.py took 0.470 seconds
[2026-04-16T21:40:48.919+0000] {processor.py:161} INFO - Started process (PID=7500) to work on /opt/airflow/dags/DagScraper.py
[2026-04-16T21:40:48.934+0000] {processor.py:830} INFO - Processing file /opt/airflow/dags/DagScraper.py for tasks to queue
[2026-04-16T21:40:48.941+0000] {logging_mixin.py:188} INFO - [2026-04-16T21:40:48.938+0000] {dagbag.py:545} INFO - Filling up the DagBag from /opt/airflow/dags/DagScraper.py
[2026-04-16T21:40:49.041+0000] {processor.py:840} INFO - DAG(s) 'dag_scraping_offres_emploi' retrieved from /opt/airflow/dags/DagScraper.py
[2026-04-16T21:40:49.141+0000] {logging_mixin.py:188} INFO - [2026-04-16T21:40:49.140+0000] {dag.py:3096} INFO - Sync 1 DAGs
[2026-04-16T21:40:49.226+0000] {logging_mixin.py:188} INFO - [2026-04-16T21:40:49.225+0000] {dag.py:3954} INFO - Setting next_dagrun for dag_scraping_offres_emploi to 2026-04-16 12:00:00+00:00, run_after=2026-04-16 18:00:00+00:00
[2026-04-16T21:40:49.381+0000] {processor.py:183} INFO - Processing /opt/airflow/dags/DagScraper.py took 0.518 seconds
[2026-04-16T21:41:20.123+0000] {processor.py:161} INFO - Started process (PID=7515) to work on /opt/airflow/dags/DagScraper.py
[2026-04-16T21:41:20.126+0000] {processor.py:830} INFO - Processing file /opt/airflow/dags/DagScraper.py for tasks to queue
[2026-04-16T21:41:20.129+0000] {logging_mixin.py:188} INFO - [2026-04-16T21:41:20.129+0000] {dagbag.py:545} INFO - Filling up the DagBag from /opt/airflow/dags/DagScraper.py
[2026-04-16T21:41:20.173+0000] {processor.py:840} INFO - DAG(s) 'dag_scraping_offres_emploi' retrieved from /opt/airflow/dags/DagScraper.py
[2026-04-16T21:41:20.240+0000] {logging_mixin.py:188} INFO - [2026-04-16T21:41:20.239+0000] {dag.py:3096} INFO - Sync 1 DAGs
[2026-04-16T21:41:20.311+0000] {logging_mixin.py:188} INFO - [2026-04-16T21:41:20.311+0000] {dag.py:3954} INFO - Setting next_dagrun for dag_scraping_offres_emploi to 2026-04-16 12:00:00+00:00, run_after=2026-04-16 18:00:00+00:00
[2026-04-16T21:41:20.431+0000] {processor.py:183} INFO - Processing /opt/airflow/dags/DagScraper.py took 0.320 seconds
[2026-04-16T21:41:51.101+0000] {processor.py:161} INFO - Started process (PID=7523) to work on /opt/airflow/dags/DagScraper.py
[2026-04-16T21:41:51.109+0000] {processor.py:830} INFO - Processing file /opt/airflow/dags/DagScraper.py for tasks to queue
[2026-04-16T21:41:51.143+0000] {logging_mixin.py:188} INFO - [2026-04-16T21:41:51.132+0000] {dagbag.py:545} INFO - Filling up the DagBag from /opt/airflow/dags/DagScraper.py
[2026-04-16T21:41:51.203+0000] {processor.py:840} INFO - DAG(s) 'dag_scraping_offres_emploi' retrieved from /opt/airflow/dags/DagScraper.py
[2026-04-16T21:41:51.292+0000] {logging_mixin.py:188} INFO - [2026-04-16T21:41:51.291+0000] {dag.py:3096} INFO - Sync 1 DAGs
[2026-04-16T21:41:51.376+0000] {logging_mixin.py:188} INFO - [2026-04-16T21:41:51.375+0000] {dag.py:3954} INFO - Setting next_dagrun for dag_scraping_offres_emploi to 2026-04-16 12:00:00+00:00, run_after=2026-04-16 18:00:00+00:00
[2026-04-16T21:41:51.431+0000] {processor.py:183} INFO - Processing /opt/airflow/dags/DagScraper.py took 0.352 seconds
[2026-04-16T21:42:22.320+0000] {processor.py:161} INFO - Started process (PID=7537) to work on /opt/airflow/dags/DagScraper.py
[2026-04-16T21:42:22.326+0000] {processor.py:830} INFO - Processing file /opt/airflow/dags/DagScraper.py for tasks to queue
[2026-04-16T21:42:22.331+0000] {logging_mixin.py:188} INFO - [2026-04-16T21:42:22.330+0000] {dagbag.py:545} INFO - Filling up the DagBag from /opt/airflow/dags/DagScraper.py
[2026-04-16T21:42:22.386+0000] {processor.py:840} INFO - DAG(s) 'dag_scraping_offres_emploi' retrieved from /opt/airflow/dags/DagScraper.py
[2026-04-16T21:42:22.484+0000] {logging_mixin.py:188} INFO - [2026-04-16T21:42:22.484+0000] {dag.py:3096} INFO - Sync 1 DAGs
[2026-04-16T21:42:22.572+0000] {logging_mixin.py:188} INFO - [2026-04-16T21:42:22.571+0000] {dag.py:3954} INFO - Setting next_dagrun for dag_scraping_offres_emploi to 2026-04-16 12:00:00+00:00, run_after=2026-04-16 18:00:00+00:00
[2026-04-16T21:42:22.634+0000] {processor.py:183} INFO - Processing /opt/airflow/dags/DagScraper.py took 0.346 seconds
[2026-04-16T21:42:52.923+0000] {processor.py:161} INFO - Started process (PID=7545) to work on /opt/airflow/dags/DagScraper.py
[2026-04-16T21:42:52.925+0000] {processor.py:830} INFO - Processing file /opt/airflow/dags/DagScraper.py for tasks to queue
[2026-04-16T21:42:52.928+0000] {logging_mixin.py:188} INFO - [2026-04-16T21:42:52.927+0000] {dagbag.py:545} INFO - Filling up the DagBag from /opt/airflow/dags/DagScraper.py
[2026-04-16T21:42:52.970+0000] {processor.py:840} INFO - DAG(s) 'dag_scraping_offres_emploi' retrieved from /opt/airflow/dags/DagScraper.py
[2026-04-16T21:42:53.049+0000] {logging_mixin.py:188} INFO - [2026-04-16T21:42:53.049+0000] {dag.py:3096} INFO - Sync 1 DAGs
[2026-04-16T21:42:53.105+0000] {logging_mixin.py:188} INFO - [2026-04-16T21:42:53.105+0000] {dag.py:3954} INFO - Setting next_dagrun for dag_scraping_offres_emploi to 2026-04-16 12:00:00+00:00, run_after=2026-04-16 18:00:00+00:00
[2026-04-16T21:42:53.154+0000] {processor.py:183} INFO - Processing /opt/airflow/dags/DagScraper.py took 0.244 seconds
[2026-04-16T21:43:23.473+0000] {processor.py:161} INFO - Started process (PID=7559) to work on /opt/airflow/dags/DagScraper.py
[2026-04-16T21:43:23.475+0000] {processor.py:830} INFO - Processing file /opt/airflow/dags/DagScraper.py for tasks to queue
[2026-04-16T21:43:23.493+0000] {logging_mixin.py:188} INFO - [2026-04-16T21:43:23.492+0000] {dagbag.py:545} INFO - Filling up the DagBag from /opt/airflow/dags/DagScraper.py
[2026-04-16T21:43:23.546+0000] {processor.py:840} INFO - DAG(s) 'dag_scraping_offres_emploi' retrieved from /opt/airflow/dags/DagScraper.py
[2026-04-16T21:43:23.653+0000] {logging_mixin.py:188} INFO - [2026-04-16T21:43:23.652+0000] {dag.py:3096} INFO - Sync 1 DAGs
[2026-04-16T21:43:23.776+0000] {logging_mixin.py:188} INFO - [2026-04-16T21:43:23.776+0000] {dag.py:3954} INFO - Setting next_dagrun for dag_scraping_offres_emploi to 2026-04-16 12:00:00+00:00, run_after=2026-04-16 18:00:00+00:00
[2026-04-16T21:43:23.842+0000] {processor.py:183} INFO - Processing /opt/airflow/dags/DagScraper.py took 0.383 seconds
[2026-04-16T21:43:54.769+0000] {processor.py:161} INFO - Started process (PID=7567) to work on /opt/airflow/dags/DagScraper.py
[2026-04-16T21:43:54.772+0000] {processor.py:830} INFO - Processing file /opt/airflow/dags/DagScraper.py for tasks to queue
[2026-04-16T21:43:54.778+0000] {logging_mixin.py:188} INFO - [2026-04-16T21:43:54.777+0000] {dagbag.py:545} INFO - Filling up the DagBag from /opt/airflow/dags/DagScraper.py
[2026-04-16T21:43:54.939+0000] {processor.py:840} INFO - DAG(s) 'dag_scraping_offres_emploi' retrieved from /opt/airflow/dags/DagScraper.py
[2026-04-16T21:43:55.206+0000] {logging_mixin.py:188} INFO - [2026-04-16T21:43:55.205+0000] {dag.py:3096} INFO - Sync 1 DAGs
[2026-04-16T21:43:55.326+0000] {logging_mixin.py:188} INFO - [2026-04-16T21:43:55.325+0000] {dag.py:3954} INFO - Setting next_dagrun for dag_scraping_offres_emploi to 2026-04-16 12:00:00+00:00, run_after=2026-04-16 18:00:00+00:00
[2026-04-16T21:43:55.409+0000] {processor.py:183} INFO - Processing /opt/airflow/dags/DagScraper.py took 0.727 seconds
[2026-04-16T21:44:26.129+0000] {processor.py:161} INFO - Started process (PID=7581) to work on /opt/airflow/dags/DagScraper.py
[2026-04-16T21:44:26.131+0000] {processor.py:830} INFO - Processing file /opt/airflow/dags/DagScraper.py for tasks to queue
[2026-04-16T21:44:26.135+0000] {logging_mixin.py:188} INFO - [2026-04-16T21:44:26.134+0000] {dagbag.py:545} INFO - Filling up the DagBag from /opt/airflow/dags/DagScraper.py
[2026-04-16T21:44:26.206+0000] {processor.py:840} INFO - DAG(s) 'dag_scraping_offres_emploi' retrieved from /opt/airflow/dags/DagScraper.py
[2026-04-16T21:44:26.337+0000] {logging_mixin.py:188} INFO - [2026-04-16T21:44:26.336+0000] {dag.py:3096} INFO - Sync 1 DAGs
[2026-04-16T21:44:26.395+0000] {logging_mixin.py:188} INFO - [2026-04-16T21:44:26.394+0000] {dag.py:3954} INFO - Setting next_dagrun for dag_scraping_offres_emploi to 2026-04-16 12:00:00+00:00, run_after=2026-04-16 18:00:00+00:00
[2026-04-16T21:44:26.501+0000] {processor.py:183} INFO - Processing /opt/airflow/dags/DagScraper.py took 0.391 seconds
[2026-04-16T21:44:57.321+0000] {processor.py:161} INFO - Started process (PID=7595) to work on /opt/airflow/dags/DagScraper.py
[2026-04-16T21:44:57.324+0000] {processor.py:830} INFO - Processing file /opt/airflow/dags/DagScraper.py for tasks to queue
[2026-04-16T21:44:57.334+0000] {logging_mixin.py:188} INFO - [2026-04-16T21:44:57.333+0000] {dagbag.py:545} INFO - Filling up the DagBag from /opt/airflow/dags/DagScraper.py
[2026-04-16T21:44:57.413+0000] {processor.py:840} INFO - DAG(s) 'dag_scraping_offres_emploi' retrieved from /opt/airflow/dags/DagScraper.py
[2026-04-16T21:44:57.526+0000] {logging_mixin.py:188} INFO - [2026-04-16T21:44:57.525+0000] {dag.py:3096} INFO - Sync 1 DAGs
[2026-04-16T21:44:57.595+0000] {logging_mixin.py:188} INFO - [2026-04-16T21:44:57.594+0000] {dag.py:3954} INFO - Setting next_dagrun for dag_scraping_offres_emploi to 2026-04-16 12:00:00+00:00, run_after=2026-04-16 18:00:00+00:00
[2026-04-16T21:44:57.665+0000] {processor.py:183} INFO - Processing /opt/airflow/dags/DagScraper.py took 0.373 seconds
[2026-04-16T21:45:28.399+0000] {processor.py:161} INFO - Started process (PID=7603) to work on /opt/airflow/dags/DagScraper.py
[2026-04-16T21:45:28.400+0000] {processor.py:830} INFO - Processing file /opt/airflow/dags/DagScraper.py for tasks to queue
[2026-04-16T21:45:28.404+0000] {logging_mixin.py:188} INFO - [2026-04-16T21:45:28.403+0000] {dagbag.py:545} INFO - Filling up the DagBag from /opt/airflow/dags/DagScraper.py
[2026-04-16T21:45:28.443+0000] {processor.py:840} INFO - DAG(s) 'dag_scraping_offres_emploi' retrieved from /opt/airflow/dags/DagScraper.py
[2026-04-16T21:45:28.521+0000] {logging_mixin.py:188} INFO - [2026-04-16T21:45:28.521+0000] {dag.py:3096} INFO - Sync 1 DAGs
[2026-04-16T21:45:28.595+0000] {logging_mixin.py:188} INFO - [2026-04-16T21:45:28.594+0000] {dag.py:3954} INFO - Setting next_dagrun for dag_scraping_offres_emploi to 2026-04-16 12:00:00+00:00, run_after=2026-04-16 18:00:00+00:00
[2026-04-16T21:45:28.663+0000] {processor.py:183} INFO - Processing /opt/airflow/dags/DagScraper.py took 0.289 seconds
[2026-04-16T21:45:59.053+0000] {processor.py:161} INFO - Started process (PID=7616) to work on /opt/airflow/dags/DagScraper.py
[2026-04-16T21:45:59.059+0000] {processor.py:830} INFO - Processing file /opt/airflow/dags/DagScraper.py for tasks to queue
[2026-04-16T21:45:59.077+0000] {logging_mixin.py:188} INFO - [2026-04-16T21:45:59.076+0000] {dagbag.py:545} INFO - Filling up the DagBag from /opt/airflow/dags/DagScraper.py
[2026-04-16T21:45:59.176+0000] {processor.py:840} INFO - DAG(s) 'dag_scraping_offres_emploi' retrieved from /opt/airflow/dags/DagScraper.py
[2026-04-16T21:45:59.252+0000] {logging_mixin.py:188} INFO - [2026-04-16T21:45:59.251+0000] {dag.py:3096} INFO - Sync 1 DAGs
[2026-04-16T21:45:59.297+0000] {logging_mixin.py:188} INFO - [2026-04-16T21:45:59.297+0000] {dag.py:3954} INFO - Setting next_dagrun for dag_scraping_offres_emploi to 2026-04-16 12:00:00+00:00, run_after=2026-04-16 18:00:00+00:00
[2026-04-16T21:45:59.341+0000] {processor.py:183} INFO - Processing /opt/airflow/dags/DagScraper.py took 0.308 seconds
[2026-04-16T21:46:30.061+0000] {processor.py:161} INFO - Started process (PID=7624) to work on /opt/airflow/dags/DagScraper.py
[2026-04-16T21:46:30.063+0000] {processor.py:830} INFO - Processing file /opt/airflow/dags/DagScraper.py for tasks to queue
[2026-04-16T21:46:30.069+0000] {logging_mixin.py:188} INFO - [2026-04-16T21:46:30.068+0000] {dagbag.py:545} INFO - Filling up the DagBag from /opt/airflow/dags/DagScraper.py
[2026-04-16T21:46:30.184+0000] {processor.py:840} INFO - DAG(s) 'dag_scraping_offres_emploi' retrieved from /opt/airflow/dags/DagScraper.py
[2026-04-16T21:46:30.294+0000] {logging_mixin.py:188} INFO - [2026-04-16T21:46:30.293+0000] {dag.py:3096} INFO - Sync 1 DAGs
[2026-04-16T21:46:30.355+0000] {logging_mixin.py:188} INFO - [2026-04-16T21:46:30.354+0000] {dag.py:3954} INFO - Setting next_dagrun for dag_scraping_offres_emploi to 2026-04-16 12:00:00+00:00, run_after=2026-04-16 18:00:00+00:00
[2026-04-16T21:46:30.394+0000] {processor.py:183} INFO - Processing /opt/airflow/dags/DagScraper.py took 0.350 seconds
[2026-04-16T21:47:01.442+0000] {processor.py:161} INFO - Started process (PID=7639) to work on /opt/airflow/dags/DagScraper.py
[2026-04-16T21:47:01.444+0000] {processor.py:830} INFO - Processing file /opt/airflow/dags/DagScraper.py for tasks to queue
[2026-04-16T21:47:01.449+0000] {logging_mixin.py:188} INFO - [2026-04-16T21:47:01.448+0000] {dagbag.py:545} INFO - Filling up the DagBag from /opt/airflow/dags/DagScraper.py
[2026-04-16T21:47:01.510+0000] {processor.py:840} INFO - DAG(s) 'dag_scraping_offres_emploi' retrieved from /opt/airflow/dags/DagScraper.py
[2026-04-16T21:47:01.619+0000] {logging_mixin.py:188} INFO - [2026-04-16T21:47:01.618+0000] {dag.py:3096} INFO - Sync 1 DAGs
[2026-04-16T21:47:01.698+0000] {logging_mixin.py:188} INFO - [2026-04-16T21:47:01.694+0000] {dag.py:3954} INFO - Setting next_dagrun for dag_scraping_offres_emploi to 2026-04-16 12:00:00+00:00, run_after=2026-04-16 18:00:00+00:00
[2026-04-16T21:47:01.743+0000] {processor.py:183} INFO - Processing /opt/airflow/dags/DagScraper.py took 0.319 seconds
[2026-04-16T21:47:32.760+0000] {processor.py:161} INFO - Started process (PID=7647) to work on /opt/airflow/dags/DagScraper.py
[2026-04-16T21:47:32.762+0000] {processor.py:830} INFO - Processing file /opt/airflow/dags/DagScraper.py for tasks to queue
[2026-04-16T21:47:32.767+0000] {logging_mixin.py:188} INFO - [2026-04-16T21:47:32.766+0000] {dagbag.py:545} INFO - Filling up the DagBag from /opt/airflow/dags/DagScraper.py
[2026-04-16T21:47:32.886+0000] {processor.py:840} INFO - DAG(s) 'dag_scraping_offres_emploi' retrieved from /opt/airflow/dags/DagScraper.py
[2026-04-16T21:47:33.111+0000] {logging_mixin.py:188} INFO - [2026-04-16T21:47:33.111+0000] {dag.py:3096} INFO - Sync 1 DAGs
[2026-04-16T21:47:33.245+0000] {logging_mixin.py:188} INFO - [2026-04-16T21:47:33.244+0000] {dag.py:3954} INFO - Setting next_dagrun for dag_scraping_offres_emploi to 2026-04-16 12:00:00+00:00, run_after=2026-04-16 18:00:00+00:00
[2026-04-16T21:47:33.305+0000] {processor.py:183} INFO - Processing /opt/airflow/dags/DagScraper.py took 0.584 seconds
[2026-04-16T21:48:03.558+0000] {processor.py:161} INFO - Started process (PID=7660) to work on /opt/airflow/dags/DagScraper.py
[2026-04-16T21:48:03.561+0000] {processor.py:830} INFO - Processing file /opt/airflow/dags/DagScraper.py for tasks to queue
[2026-04-16T21:48:03.565+0000] {logging_mixin.py:188} INFO - [2026-04-16T21:48:03.564+0000] {dagbag.py:545} INFO - Filling up the DagBag from /opt/airflow/dags/DagScraper.py
[2026-04-16T21:48:03.640+0000] {processor.py:840} INFO - DAG(s) 'dag_scraping_offres_emploi' retrieved from /opt/airflow/dags/DagScraper.py
[2026-04-16T21:48:03.751+0000] {logging_mixin.py:188} INFO - [2026-04-16T21:48:03.750+0000] {dag.py:3096} INFO - Sync 1 DAGs
[2026-04-16T21:48:03.822+0000] {logging_mixin.py:188} INFO - [2026-04-16T21:48:03.821+0000] {dag.py:3954} INFO - Setting next_dagrun for dag_scraping_offres_emploi to 2026-04-16 12:00:00+00:00, run_after=2026-04-16 18:00:00+00:00
[2026-04-16T21:48:03.924+0000] {processor.py:183} INFO - Processing /opt/airflow/dags/DagScraper.py took 0.385 seconds
[2026-04-16T21:48:34.304+0000] {processor.py:161} INFO - Started process (PID=7668) to work on /opt/airflow/dags/DagScraper.py
[2026-04-16T21:48:34.311+0000] {processor.py:830} INFO - Processing file /opt/airflow/dags/DagScraper.py for tasks to queue
[2026-04-16T21:48:34.317+0000] {logging_mixin.py:188} INFO - [2026-04-16T21:48:34.316+0000] {dagbag.py:545} INFO - Filling up the DagBag from /opt/airflow/dags/DagScraper.py
[2026-04-16T21:48:34.383+0000] {processor.py:840} INFO - DAG(s) 'dag_scraping_offres_emploi' retrieved from /opt/airflow/dags/DagScraper.py
[2026-04-16T21:48:34.458+0000] {logging_mixin.py:188} INFO - [2026-04-16T21:48:34.458+0000] {dag.py:3096} INFO - Sync 1 DAGs
[2026-04-16T21:48:34.509+0000] {logging_mixin.py:188} INFO - [2026-04-16T21:48:34.508+0000] {dag.py:3954} INFO - Setting next_dagrun for dag_scraping_offres_emploi to 2026-04-16 12:00:00+00:00, run_after=2026-04-16 18:00:00+00:00
[2026-04-16T21:48:34.584+0000] {processor.py:183} INFO - Processing /opt/airflow/dags/DagScraper.py took 0.308 seconds
[2026-04-16T21:49:05.436+0000] {processor.py:161} INFO - Started process (PID=7682) to work on /opt/airflow/dags/DagScraper.py
[2026-04-16T21:49:05.440+0000] {processor.py:830} INFO - Processing file /opt/airflow/dags/DagScraper.py for tasks to queue
[2026-04-16T21:49:05.454+0000] {logging_mixin.py:188} INFO - [2026-04-16T21:49:05.453+0000] {dagbag.py:545} INFO - Filling up the DagBag from /opt/airflow/dags/DagScraper.py
[2026-04-16T21:49:05.499+0000] {processor.py:840} INFO - DAG(s) 'dag_scraping_offres_emploi' retrieved from /opt/airflow/dags/DagScraper.py
[2026-04-16T21:49:05.600+0000] {logging_mixin.py:188} INFO - [2026-04-16T21:49:05.599+0000] {dag.py:3096} INFO - Sync 1 DAGs
[2026-04-16T21:49:05.691+0000] {logging_mixin.py:188} INFO - [2026-04-16T21:49:05.690+0000] {dag.py:3954} INFO - Setting next_dagrun for dag_scraping_offres_emploi to 2026-04-16 12:00:00+00:00, run_after=2026-04-16 18:00:00+00:00
[2026-04-16T21:49:05.770+0000] {processor.py:183} INFO - Processing /opt/airflow/dags/DagScraper.py took 0.353 seconds
[2026-04-16T21:49:36.604+0000] {processor.py:161} INFO - Started process (PID=7690) to work on /opt/airflow/dags/DagScraper.py
[2026-04-16T21:49:36.625+0000] {processor.py:830} INFO - Processing file /opt/airflow/dags/DagScraper.py for tasks to queue
[2026-04-16T21:49:36.629+0000] {logging_mixin.py:188} INFO - [2026-04-16T21:49:36.629+0000] {dagbag.py:545} INFO - Filling up the DagBag from /opt/airflow/dags/DagScraper.py
[2026-04-16T21:49:36.920+0000] {processor.py:840} INFO - DAG(s) 'dag_scraping_offres_emploi' retrieved from /opt/airflow/dags/DagScraper.py
[2026-04-16T21:49:37.194+0000] {logging_mixin.py:188} INFO - [2026-04-16T21:49:37.193+0000] {dag.py:3096} INFO - Sync 1 DAGs
[2026-04-16T21:49:37.358+0000] {logging_mixin.py:188} INFO - [2026-04-16T21:49:37.357+0000] {dag.py:3954} INFO - Setting next_dagrun for dag_scraping_offres_emploi to 2026-04-16 12:00:00+00:00, run_after=2026-04-16 18:00:00+00:00
[2026-04-16T21:49:37.528+0000] {processor.py:183} INFO - Processing /opt/airflow/dags/DagScraper.py took 0.948 seconds
[2026-04-16T21:50:08.380+0000] {processor.py:161} INFO - Started process (PID=7704) to work on /opt/airflow/dags/DagScraper.py
[2026-04-16T21:50:08.382+0000] {processor.py:830} INFO - Processing file /opt/airflow/dags/DagScraper.py for tasks to queue
[2026-04-16T21:50:08.390+0000] {logging_mixin.py:188} INFO - [2026-04-16T21:50:08.388+0000] {dagbag.py:545} INFO - Filling up the DagBag from /opt/airflow/dags/DagScraper.py
[2026-04-16T21:50:08.489+0000] {processor.py:840} INFO - DAG(s) 'dag_scraping_offres_emploi' retrieved from /opt/airflow/dags/DagScraper.py
[2026-04-16T21:50:08.610+0000] {logging_mixin.py:188} INFO - [2026-04-16T21:50:08.609+0000] {dag.py:3096} INFO - Sync 1 DAGs
[2026-04-16T21:50:08.724+0000] {logging_mixin.py:188} INFO - [2026-04-16T21:50:08.723+0000] {dag.py:3954} INFO - Setting next_dagrun for dag_scraping_offres_emploi to 2026-04-16 12:00:00+00:00, run_after=2026-04-16 18:00:00+00:00
[2026-04-16T21:50:08.783+0000] {processor.py:183} INFO - Processing /opt/airflow/dags/DagScraper.py took 0.425 seconds
[2026-04-16T21:50:39.617+0000] {processor.py:161} INFO - Started process (PID=7718) to work on /opt/airflow/dags/DagScraper.py
[2026-04-16T21:50:39.626+0000] {processor.py:830} INFO - Processing file /opt/airflow/dags/DagScraper.py for tasks to queue
[2026-04-16T21:50:39.641+0000] {logging_mixin.py:188} INFO - [2026-04-16T21:50:39.640+0000] {dagbag.py:545} INFO - Filling up the DagBag from /opt/airflow/dags/DagScraper.py
[2026-04-16T21:50:39.721+0000] {processor.py:840} INFO - DAG(s) 'dag_scraping_offres_emploi' retrieved from /opt/airflow/dags/DagScraper.py
[2026-04-16T21:50:39.825+0000] {logging_mixin.py:188} INFO - [2026-04-16T21:50:39.825+0000] {dag.py:3096} INFO - Sync 1 DAGs
[2026-04-16T21:50:39.885+0000] {logging_mixin.py:188} INFO - [2026-04-16T21:50:39.885+0000] {dag.py:3954} INFO - Setting next_dagrun for dag_scraping_offres_emploi to 2026-04-16 12:00:00+00:00, run_after=2026-04-16 18:00:00+00:00
[2026-04-16T21:50:40.073+0000] {processor.py:183} INFO - Processing /opt/airflow/dags/DagScraper.py took 0.495 seconds
[2026-04-16T21:51:10.752+0000] {processor.py:161} INFO - Started process (PID=7726) to work on /opt/airflow/dags/DagScraper.py
[2026-04-16T21:51:10.762+0000] {processor.py:830} INFO - Processing file /opt/airflow/dags/DagScraper.py for tasks to queue
[2026-04-16T21:51:10.766+0000] {logging_mixin.py:188} INFO - [2026-04-16T21:51:10.766+0000] {dagbag.py:545} INFO - Filling up the DagBag from /opt/airflow/dags/DagScraper.py
[2026-04-16T21:51:10.887+0000] {processor.py:840} INFO - DAG(s) 'dag_scraping_offres_emploi' retrieved from /opt/airflow/dags/DagScraper.py
[2026-04-16T21:51:11.074+0000] {logging_mixin.py:188} INFO - [2026-04-16T21:51:11.073+0000] {dag.py:3096} INFO - Sync 1 DAGs
[2026-04-16T21:51:11.205+0000] {logging_mixin.py:188} INFO - [2026-04-16T21:51:11.204+0000] {dag.py:3954} INFO - Setting next_dagrun for dag_scraping_offres_emploi to 2026-04-16 12:00:00+00:00, run_after=2026-04-16 18:00:00+00:00
[2026-04-16T21:51:11.477+0000] {processor.py:183} INFO - Processing /opt/airflow/dags/DagScraper.py took 0.747 seconds
[2026-04-16T21:51:42.217+0000] {processor.py:161} INFO - Started process (PID=7741) to work on /opt/airflow/dags/DagScraper.py
[2026-04-16T21:51:42.219+0000] {processor.py:830} INFO - Processing file /opt/airflow/dags/DagScraper.py for tasks to queue
[2026-04-16T21:51:42.224+0000] {logging_mixin.py:188} INFO - [2026-04-16T21:51:42.223+0000] {dagbag.py:545} INFO - Filling up the DagBag from /opt/airflow/dags/DagScraper.py
[2026-04-16T21:51:42.287+0000] {processor.py:840} INFO - DAG(s) 'dag_scraping_offres_emploi' retrieved from /opt/airflow/dags/DagScraper.py
[2026-04-16T21:51:42.369+0000] {logging_mixin.py:188} INFO - [2026-04-16T21:51:42.368+0000] {dag.py:3096} INFO - Sync 1 DAGs
[2026-04-16T21:51:42.418+0000] {logging_mixin.py:188} INFO - [2026-04-16T21:51:42.417+0000] {dag.py:3954} INFO - Setting next_dagrun for dag_scraping_offres_emploi to 2026-04-16 12:00:00+00:00, run_after=2026-04-16 18:00:00+00:00
[2026-04-16T21:51:42.469+0000] {processor.py:183} INFO - Processing /opt/airflow/dags/DagScraper.py took 0.278 seconds
[2026-04-16T21:52:13.490+0000] {processor.py:161} INFO - Started process (PID=7750) to work on /opt/airflow/dags/DagScraper.py
[2026-04-16T21:52:13.494+0000] {processor.py:830} INFO - Processing file /opt/airflow/dags/DagScraper.py for tasks to queue
[2026-04-16T21:52:13.505+0000] {logging_mixin.py:188} INFO - [2026-04-16T21:52:13.501+0000] {dagbag.py:545} INFO - Filling up the DagBag from /opt/airflow/dags/DagScraper.py
[2026-04-16T21:52:13.620+0000] {processor.py:840} INFO - DAG(s) 'dag_scraping_offres_emploi' retrieved from /opt/airflow/dags/DagScraper.py
[2026-04-16T21:52:13.703+0000] {logging_mixin.py:188} INFO - [2026-04-16T21:52:13.702+0000] {dag.py:3096} INFO - Sync 1 DAGs
[2026-04-16T21:52:13.786+0000] {logging_mixin.py:188} INFO - [2026-04-16T21:52:13.784+0000] {dag.py:3954} INFO - Setting next_dagrun for dag_scraping_offres_emploi to 2026-04-16 12:00:00+00:00, run_after=2026-04-16 18:00:00+00:00
[2026-04-16T21:52:13.877+0000] {processor.py:183} INFO - Processing /opt/airflow/dags/DagScraper.py took 0.432 seconds
[2026-04-16T21:52:44.552+0000] {processor.py:161} INFO - Started process (PID=7764) to work on /opt/airflow/dags/DagScraper.py
[2026-04-16T21:52:44.554+0000] {processor.py:830} INFO - Processing file /opt/airflow/dags/DagScraper.py for tasks to queue
[2026-04-16T21:52:44.558+0000] {logging_mixin.py:188} INFO - [2026-04-16T21:52:44.558+0000] {dagbag.py:545} INFO - Filling up the DagBag from /opt/airflow/dags/DagScraper.py
[2026-04-16T21:52:44.600+0000] {processor.py:840} INFO - DAG(s) 'dag_scraping_offres_emploi' retrieved from /opt/airflow/dags/DagScraper.py
[2026-04-16T21:52:44.668+0000] {logging_mixin.py:188} INFO - [2026-04-16T21:52:44.668+0000] {dag.py:3096} INFO - Sync 1 DAGs
[2026-04-16T21:52:44.740+0000] {logging_mixin.py:188} INFO - [2026-04-16T21:52:44.738+0000] {dag.py:3954} INFO - Setting next_dagrun for dag_scraping_offres_emploi to 2026-04-16 12:00:00+00:00, run_after=2026-04-16 18:00:00+00:00
[2026-04-16T21:52:44.814+0000] {processor.py:183} INFO - Processing /opt/airflow/dags/DagScraper.py took 0.279 seconds
[2026-04-16T21:53:15.587+0000] {processor.py:161} INFO - Started process (PID=7772) to work on /opt/airflow/dags/DagScraper.py
[2026-04-16T21:53:15.588+0000] {processor.py:830} INFO - Processing file /opt/airflow/dags/DagScraper.py for tasks to queue
[2026-04-16T21:53:15.591+0000] {logging_mixin.py:188} INFO - [2026-04-16T21:53:15.591+0000] {dagbag.py:545} INFO - Filling up the DagBag from /opt/airflow/dags/DagScraper.py
[2026-04-16T21:53:15.631+0000] {processor.py:840} INFO - DAG(s) 'dag_scraping_offres_emploi' retrieved from /opt/airflow/dags/DagScraper.py
[2026-04-16T21:53:15.693+0000] {logging_mixin.py:188} INFO - [2026-04-16T21:53:15.693+0000] {dag.py:3096} INFO - Sync 1 DAGs
[2026-04-16T21:53:15.745+0000] {logging_mixin.py:188} INFO - [2026-04-16T21:53:15.745+0000] {dag.py:3954} INFO - Setting next_dagrun for dag_scraping_offres_emploi to 2026-04-16 12:00:00+00:00, run_after=2026-04-16 18:00:00+00:00
[2026-04-16T21:53:15.809+0000] {processor.py:183} INFO - Processing /opt/airflow/dags/DagScraper.py took 0.237 seconds
[2026-04-16T21:53:46.359+0000] {processor.py:161} INFO - Started process (PID=7786) to work on /opt/airflow/dags/DagScraper.py
[2026-04-16T21:53:46.365+0000] {processor.py:830} INFO - Processing file /opt/airflow/dags/DagScraper.py for tasks to queue
[2026-04-16T21:53:46.370+0000] {logging_mixin.py:188} INFO - [2026-04-16T21:53:46.369+0000] {dagbag.py:545} INFO - Filling up the DagBag from /opt/airflow/dags/DagScraper.py
[2026-04-16T21:53:46.461+0000] {processor.py:840} INFO - DAG(s) 'dag_scraping_offres_emploi' retrieved from /opt/airflow/dags/DagScraper.py
[2026-04-16T21:53:46.561+0000] {logging_mixin.py:188} INFO - [2026-04-16T21:53:46.561+0000] {dag.py:3096} INFO - Sync 1 DAGs
[2026-04-16T21:53:46.609+0000] {logging_mixin.py:188} INFO - [2026-04-16T21:53:46.608+0000] {dag.py:3954} INFO - Setting next_dagrun for dag_scraping_offres_emploi to 2026-04-16 12:00:00+00:00, run_after=2026-04-16 18:00:00+00:00
[2026-04-16T21:53:46.649+0000] {processor.py:183} INFO - Processing /opt/airflow/dags/DagScraper.py took 0.316 seconds
[2026-04-16T21:54:17.634+0000] {processor.py:161} INFO - Started process (PID=7794) to work on /opt/airflow/dags/DagScraper.py
[2026-04-16T21:54:17.636+0000] {processor.py:830} INFO - Processing file /opt/airflow/dags/DagScraper.py for tasks to queue
[2026-04-16T21:54:17.641+0000] {logging_mixin.py:188} INFO - [2026-04-16T21:54:17.640+0000] {dagbag.py:545} INFO - Filling up the DagBag from /opt/airflow/dags/DagScraper.py
[2026-04-16T21:54:17.761+0000] {processor.py:840} INFO - DAG(s) 'dag_scraping_offres_emploi' retrieved from /opt/airflow/dags/DagScraper.py
[2026-04-16T21:54:17.905+0000] {logging_mixin.py:188} INFO - [2026-04-16T21:54:17.905+0000] {dag.py:3096} INFO - Sync 1 DAGs
[2026-04-16T21:54:17.962+0000] {logging_mixin.py:188} INFO - [2026-04-16T21:54:17.962+0000] {dag.py:3954} INFO - Setting next_dagrun for dag_scraping_offres_emploi to 2026-04-16 12:00:00+00:00, run_after=2026-04-16 18:00:00+00:00
[2026-04-16T21:54:18.004+0000] {processor.py:183} INFO - Processing /opt/airflow/dags/DagScraper.py took 0.429 seconds
[2026-04-16T21:54:48.857+0000] {processor.py:161} INFO - Started process (PID=7808) to work on /opt/airflow/dags/DagScraper.py
[2026-04-16T21:54:48.860+0000] {processor.py:830} INFO - Processing file /opt/airflow/dags/DagScraper.py for tasks to queue
[2026-04-16T21:54:48.872+0000] {logging_mixin.py:188} INFO - [2026-04-16T21:54:48.871+0000] {dagbag.py:545} INFO - Filling up the DagBag from /opt/airflow/dags/DagScraper.py
[2026-04-16T21:54:48.967+0000] {processor.py:840} INFO - DAG(s) 'dag_scraping_offres_emploi' retrieved from /opt/airflow/dags/DagScraper.py
[2026-04-16T21:54:49.169+0000] {logging_mixin.py:188} INFO - [2026-04-16T21:54:49.168+0000] {dag.py:3096} INFO - Sync 1 DAGs
[2026-04-16T21:54:49.274+0000] {logging_mixin.py:188} INFO - [2026-04-16T21:54:49.274+0000] {dag.py:3954} INFO - Setting next_dagrun for dag_scraping_offres_emploi to 2026-04-16 12:00:00+00:00, run_after=2026-04-16 18:00:00+00:00
[2026-04-16T21:54:49.338+0000] {processor.py:183} INFO - Processing /opt/airflow/dags/DagScraper.py took 0.504 seconds
[2026-04-16T21:55:20.102+0000] {processor.py:161} INFO - Started process (PID=7816) to work on /opt/airflow/dags/DagScraper.py
[2026-04-16T21:55:20.104+0000] {processor.py:830} INFO - Processing file /opt/airflow/dags/DagScraper.py for tasks to queue
[2026-04-16T21:55:20.109+0000] {logging_mixin.py:188} INFO - [2026-04-16T21:55:20.109+0000] {dagbag.py:545} INFO - Filling up the DagBag from /opt/airflow/dags/DagScraper.py
[2026-04-16T21:55:20.170+0000] {processor.py:840} INFO - DAG(s) 'dag_scraping_offres_emploi' retrieved from /opt/airflow/dags/DagScraper.py
[2026-04-16T21:55:20.280+0000] {logging_mixin.py:188} INFO - [2026-04-16T21:55:20.279+0000] {dag.py:3096} INFO - Sync 1 DAGs
[2026-04-16T21:55:20.327+0000] {logging_mixin.py:188} INFO - [2026-04-16T21:55:20.327+0000] {dag.py:3954} INFO - Setting next_dagrun for dag_scraping_offres_emploi to 2026-04-16 12:00:00+00:00, run_after=2026-04-16 18:00:00+00:00
[2026-04-16T21:55:20.380+0000] {processor.py:183} INFO - Processing /opt/airflow/dags/DagScraper.py took 0.296 seconds
[2026-04-16T21:55:51.092+0000] {processor.py:161} INFO - Started process (PID=7829) to work on /opt/airflow/dags/DagScraper.py
[2026-04-16T21:55:51.094+0000] {processor.py:830} INFO - Processing file /opt/airflow/dags/DagScraper.py for tasks to queue
[2026-04-16T21:55:51.097+0000] {logging_mixin.py:188} INFO - [2026-04-16T21:55:51.097+0000] {dagbag.py:545} INFO - Filling up the DagBag from /opt/airflow/dags/DagScraper.py
[2026-04-16T21:55:51.161+0000] {processor.py:840} INFO - DAG(s) 'dag_scraping_offres_emploi' retrieved from /opt/airflow/dags/DagScraper.py
[2026-04-16T21:55:51.346+0000] {logging_mixin.py:188} INFO - [2026-04-16T21:55:51.346+0000] {dag.py:3096} INFO - Sync 1 DAGs
[2026-04-16T21:55:51.417+0000] {logging_mixin.py:188} INFO - [2026-04-16T21:55:51.417+0000] {dag.py:3954} INFO - Setting next_dagrun for dag_scraping_offres_emploi to 2026-04-16 12:00:00+00:00, run_after=2026-04-16 18:00:00+00:00
[2026-04-16T21:55:51.463+0000] {processor.py:183} INFO - Processing /opt/airflow/dags/DagScraper.py took 0.386 seconds
[2026-04-16T21:56:22.402+0000] {processor.py:161} INFO - Started process (PID=7838) to work on /opt/airflow/dags/DagScraper.py
[2026-04-16T21:56:22.423+0000] {processor.py:830} INFO - Processing file /opt/airflow/dags/DagScraper.py for tasks to queue
[2026-04-16T21:56:22.434+0000] {logging_mixin.py:188} INFO - [2026-04-16T21:56:22.432+0000] {dagbag.py:545} INFO - Filling up the DagBag from /opt/airflow/dags/DagScraper.py
[2026-04-16T21:56:22.617+0000] {processor.py:840} INFO - DAG(s) 'dag_scraping_offres_emploi' retrieved from /opt/airflow/dags/DagScraper.py
[2026-04-16T21:56:22.835+0000] {logging_mixin.py:188} INFO - [2026-04-16T21:56:22.835+0000] {dag.py:3096} INFO - Sync 1 DAGs
[2026-04-16T21:56:22.984+0000] {logging_mixin.py:188} INFO - [2026-04-16T21:56:22.983+0000] {dag.py:3954} INFO - Setting next_dagrun for dag_scraping_offres_emploi to 2026-04-16 12:00:00+00:00, run_after=2026-04-16 18:00:00+00:00
[2026-04-16T21:56:23.116+0000] {processor.py:183} INFO - Processing /opt/airflow/dags/DagScraper.py took 0.758 seconds
[2026-04-16T21:56:54.132+0000] {processor.py:161} INFO - Started process (PID=7852) to work on /opt/airflow/dags/DagScraper.py
[2026-04-16T21:56:54.147+0000] {processor.py:830} INFO - Processing file /opt/airflow/dags/DagScraper.py for tasks to queue
[2026-04-16T21:56:54.166+0000] {logging_mixin.py:188} INFO - [2026-04-16T21:56:54.165+0000] {dagbag.py:545} INFO - Filling up the DagBag from /opt/airflow/dags/DagScraper.py
[2026-04-16T21:56:54.327+0000] {processor.py:840} INFO - DAG(s) 'dag_scraping_offres_emploi' retrieved from /opt/airflow/dags/DagScraper.py
[2026-04-16T21:56:54.481+0000] {logging_mixin.py:188} INFO - [2026-04-16T21:56:54.480+0000] {dag.py:3096} INFO - Sync 1 DAGs
[2026-04-16T21:56:54.596+0000] {logging_mixin.py:188} INFO - [2026-04-16T21:56:54.593+0000] {dag.py:3954} INFO - Setting next_dagrun for dag_scraping_offres_emploi to 2026-04-16 12:00:00+00:00, run_after=2026-04-16 18:00:00+00:00
[2026-04-16T21:56:54.694+0000] {processor.py:183} INFO - Processing /opt/airflow/dags/DagScraper.py took 0.600 seconds
[2026-04-16T21:57:25.523+0000] {processor.py:161} INFO - Started process (PID=7866) to work on /opt/airflow/dags/DagScraper.py
[2026-04-16T21:57:25.525+0000] {processor.py:830} INFO - Processing file /opt/airflow/dags/DagScraper.py for tasks to queue
[2026-04-16T21:57:25.528+0000] {logging_mixin.py:188} INFO - [2026-04-16T21:57:25.528+0000] {dagbag.py:545} INFO - Filling up the DagBag from /opt/airflow/dags/DagScraper.py
[2026-04-16T21:57:25.565+0000] {processor.py:840} INFO - DAG(s) 'dag_scraping_offres_emploi' retrieved from /opt/airflow/dags/DagScraper.py
[2026-04-16T21:57:25.673+0000] {logging_mixin.py:188} INFO - [2026-04-16T21:57:25.673+0000] {dag.py:3096} INFO - Sync 1 DAGs
[2026-04-16T21:57:25.786+0000] {logging_mixin.py:188} INFO - [2026-04-16T21:57:25.786+0000] {dag.py:3954} INFO - Setting next_dagrun for dag_scraping_offres_emploi to 2026-04-16 12:00:00+00:00, run_after=2026-04-16 18:00:00+00:00
[2026-04-16T21:57:25.852+0000] {processor.py:183} INFO - Processing /opt/airflow/dags/DagScraper.py took 0.343 seconds
[2026-04-16T21:57:56.301+0000] {processor.py:161} INFO - Started process (PID=7874) to work on /opt/airflow/dags/DagScraper.py
[2026-04-16T21:57:56.303+0000] {processor.py:830} INFO - Processing file /opt/airflow/dags/DagScraper.py for tasks to queue
[2026-04-16T21:57:56.313+0000] {logging_mixin.py:188} INFO - [2026-04-16T21:57:56.306+0000] {dagbag.py:545} INFO - Filling up the DagBag from /opt/airflow/dags/DagScraper.py
[2026-04-16T21:57:56.388+0000] {processor.py:840} INFO - DAG(s) 'dag_scraping_offres_emploi' retrieved from /opt/airflow/dags/DagScraper.py
[2026-04-16T21:57:56.559+0000] {logging_mixin.py:188} INFO - [2026-04-16T21:57:56.558+0000] {dag.py:3096} INFO - Sync 1 DAGs
[2026-04-16T21:57:56.678+0000] {logging_mixin.py:188} INFO - [2026-04-16T21:57:56.678+0000] {dag.py:3954} INFO - Setting next_dagrun for dag_scraping_offres_emploi to 2026-04-16 12:00:00+00:00, run_after=2026-04-16 18:00:00+00:00
[2026-04-16T21:57:56.851+0000] {processor.py:183} INFO - Processing /opt/airflow/dags/DagScraper.py took 0.568 seconds
[2026-04-16T21:58:27.824+0000] {processor.py:161} INFO - Started process (PID=7888) to work on /opt/airflow/dags/DagScraper.py
[2026-04-16T21:58:27.830+0000] {processor.py:830} INFO - Processing file /opt/airflow/dags/DagScraper.py for tasks to queue
[2026-04-16T21:58:27.835+0000] {logging_mixin.py:188} INFO - [2026-04-16T21:58:27.834+0000] {dagbag.py:545} INFO - Filling up the DagBag from /opt/airflow/dags/DagScraper.py
[2026-04-16T21:58:27.906+0000] {processor.py:840} INFO - DAG(s) 'dag_scraping_offres_emploi' retrieved from /opt/airflow/dags/DagScraper.py
[2026-04-16T21:58:28.050+0000] {logging_mixin.py:188} INFO - [2026-04-16T21:58:28.050+0000] {dag.py:3096} INFO - Sync 1 DAGs
[2026-04-16T21:58:28.222+0000] {logging_mixin.py:188} INFO - [2026-04-16T21:58:28.218+0000] {dag.py:3954} INFO - Setting next_dagrun for dag_scraping_offres_emploi to 2026-04-16 12:00:00+00:00, run_after=2026-04-16 18:00:00+00:00
[2026-04-16T21:58:28.374+0000] {processor.py:183} INFO - Processing /opt/airflow/dags/DagScraper.py took 0.577 seconds
[2026-04-16T21:58:59.376+0000] {processor.py:161} INFO - Started process (PID=7896) to work on /opt/airflow/dags/DagScraper.py
[2026-04-16T21:58:59.380+0000] {processor.py:830} INFO - Processing file /opt/airflow/dags/DagScraper.py for tasks to queue
[2026-04-16T21:58:59.386+0000] {logging_mixin.py:188} INFO - [2026-04-16T21:58:59.385+0000] {dagbag.py:545} INFO - Filling up the DagBag from /opt/airflow/dags/DagScraper.py
[2026-04-16T21:58:59.511+0000] {processor.py:840} INFO - DAG(s) 'dag_scraping_offres_emploi' retrieved from /opt/airflow/dags/DagScraper.py
[2026-04-16T21:58:59.694+0000] {logging_mixin.py:188} INFO - [2026-04-16T21:58:59.693+0000] {dag.py:3096} INFO - Sync 1 DAGs
[2026-04-16T21:58:59.820+0000] {logging_mixin.py:188} INFO - [2026-04-16T21:58:59.819+0000] {dag.py:3954} INFO - Setting next_dagrun for dag_scraping_offres_emploi to 2026-04-16 12:00:00+00:00, run_after=2026-04-16 18:00:00+00:00
[2026-04-16T21:58:59.906+0000] {processor.py:183} INFO - Processing /opt/airflow/dags/DagScraper.py took 0.556 seconds
[2026-04-16T21:59:30.115+0000] {processor.py:161} INFO - Started process (PID=7911) to work on /opt/airflow/dags/DagScraper.py
[2026-04-16T21:59:30.120+0000] {processor.py:830} INFO - Processing file /opt/airflow/dags/DagScraper.py for tasks to queue
[2026-04-16T21:59:30.131+0000] {logging_mixin.py:188} INFO - [2026-04-16T21:59:30.130+0000] {dagbag.py:545} INFO - Filling up the DagBag from /opt/airflow/dags/DagScraper.py
[2026-04-16T21:59:30.217+0000] {processor.py:840} INFO - DAG(s) 'dag_scraping_offres_emploi' retrieved from /opt/airflow/dags/DagScraper.py
[2026-04-16T21:59:30.429+0000] {logging_mixin.py:188} INFO - [2026-04-16T21:59:30.428+0000] {dag.py:3096} INFO - Sync 1 DAGs
[2026-04-16T21:59:30.528+0000] {logging_mixin.py:188} INFO - [2026-04-16T21:59:30.528+0000] {dag.py:3954} INFO - Setting next_dagrun for dag_scraping_offres_emploi to 2026-04-16 12:00:00+00:00, run_after=2026-04-16 18:00:00+00:00
[2026-04-16T21:59:30.706+0000] {processor.py:183} INFO - Processing /opt/airflow/dags/DagScraper.py took 0.615 seconds
[2026-04-16T22:00:01.542+0000] {processor.py:161} INFO - Started process (PID=7919) to work on /opt/airflow/dags/DagScraper.py
[2026-04-16T22:00:01.545+0000] {processor.py:830} INFO - Processing file /opt/airflow/dags/DagScraper.py for tasks to queue
[2026-04-16T22:00:01.560+0000] {logging_mixin.py:188} INFO - [2026-04-16T22:00:01.559+0000] {dagbag.py:545} INFO - Filling up the DagBag from /opt/airflow/dags/DagScraper.py
[2026-04-16T22:00:01.614+0000] {processor.py:840} INFO - DAG(s) 'dag_scraping_offres_emploi' retrieved from /opt/airflow/dags/DagScraper.py
[2026-04-16T22:00:01.689+0000] {logging_mixin.py:188} INFO - [2026-04-16T22:00:01.688+0000] {dag.py:3096} INFO - Sync 1 DAGs
[2026-04-16T22:00:01.788+0000] {logging_mixin.py:188} INFO - [2026-04-16T22:00:01.788+0000] {dag.py:3954} INFO - Setting next_dagrun for dag_scraping_offres_emploi to 2026-04-16 12:00:00+00:00, run_after=2026-04-16 18:00:00+00:00
[2026-04-16T22:00:01.842+0000] {processor.py:183} INFO - Processing /opt/airflow/dags/DagScraper.py took 0.323 seconds
[2026-04-16T22:00:32.683+0000] {processor.py:161} INFO - Started process (PID=7933) to work on /opt/airflow/dags/DagScraper.py
[2026-04-16T22:00:32.685+0000] {processor.py:830} INFO - Processing file /opt/airflow/dags/DagScraper.py for tasks to queue
[2026-04-16T22:00:32.689+0000] {logging_mixin.py:188} INFO - [2026-04-16T22:00:32.688+0000] {dagbag.py:545} INFO - Filling up the DagBag from /opt/airflow/dags/DagScraper.py
[2026-04-16T22:00:32.743+0000] {processor.py:840} INFO - DAG(s) 'dag_scraping_offres_emploi' retrieved from /opt/airflow/dags/DagScraper.py
[2026-04-16T22:00:32.839+0000] {logging_mixin.py:188} INFO - [2026-04-16T22:00:32.838+0000] {dag.py:3096} INFO - Sync 1 DAGs
[2026-04-16T22:00:32.901+0000] {logging_mixin.py:188} INFO - [2026-04-16T22:00:32.901+0000] {dag.py:3954} INFO - Setting next_dagrun for dag_scraping_offres_emploi to 2026-04-16 12:00:00+00:00, run_after=2026-04-16 18:00:00+00:00
[2026-04-16T22:00:33.034+0000] {processor.py:183} INFO - Processing /opt/airflow/dags/DagScraper.py took 0.371 seconds
[2026-04-16T22:01:03.835+0000] {processor.py:161} INFO - Started process (PID=7940) to work on /opt/airflow/dags/DagScraper.py
[2026-04-16T22:01:03.840+0000] {processor.py:830} INFO - Processing file /opt/airflow/dags/DagScraper.py for tasks to queue
[2026-04-16T22:01:03.845+0000] {logging_mixin.py:188} INFO - [2026-04-16T22:01:03.844+0000] {dagbag.py:545} INFO - Filling up the DagBag from /opt/airflow/dags/DagScraper.py
[2026-04-16T22:01:04.019+0000] {processor.py:840} INFO - DAG(s) 'dag_scraping_offres_emploi' retrieved from /opt/airflow/dags/DagScraper.py
[2026-04-16T22:01:04.158+0000] {logging_mixin.py:188} INFO - [2026-04-16T22:01:04.146+0000] {dag.py:3096} INFO - Sync 1 DAGs
[2026-04-16T22:01:04.317+0000] {logging_mixin.py:188} INFO - [2026-04-16T22:01:04.317+0000] {dag.py:3954} INFO - Setting next_dagrun for dag_scraping_offres_emploi to 2026-04-16 12:00:00+00:00, run_after=2026-04-16 18:00:00+00:00
[2026-04-16T22:01:04.487+0000] {processor.py:183} INFO - Processing /opt/airflow/dags/DagScraper.py took 0.670 seconds
[2026-04-16T22:01:34.705+0000] {processor.py:161} INFO - Started process (PID=7953) to work on /opt/airflow/dags/DagScraper.py
[2026-04-16T22:01:34.707+0000] {processor.py:830} INFO - Processing file /opt/airflow/dags/DagScraper.py for tasks to queue
[2026-04-16T22:01:34.710+0000] {logging_mixin.py:188} INFO - [2026-04-16T22:01:34.709+0000] {dagbag.py:545} INFO - Filling up the DagBag from /opt/airflow/dags/DagScraper.py
[2026-04-16T22:01:34.778+0000] {processor.py:840} INFO - DAG(s) 'dag_scraping_offres_emploi' retrieved from /opt/airflow/dags/DagScraper.py
[2026-04-16T22:01:34.915+0000] {logging_mixin.py:188} INFO - [2026-04-16T22:01:34.915+0000] {dag.py:3096} INFO - Sync 1 DAGs
[2026-04-16T22:01:34.965+0000] {logging_mixin.py:188} INFO - [2026-04-16T22:01:34.965+0000] {dag.py:3954} INFO - Setting next_dagrun for dag_scraping_offres_emploi to 2026-04-16 12:00:00+00:00, run_after=2026-04-16 18:00:00+00:00
[2026-04-16T22:01:35.009+0000] {processor.py:183} INFO - Processing /opt/airflow/dags/DagScraper.py took 0.318 seconds
[2026-04-16T22:02:05.993+0000] {processor.py:161} INFO - Started process (PID=7961) to work on /opt/airflow/dags/DagScraper.py
[2026-04-16T22:02:05.995+0000] {processor.py:830} INFO - Processing file /opt/airflow/dags/DagScraper.py for tasks to queue
[2026-04-16T22:02:06.009+0000] {logging_mixin.py:188} INFO - [2026-04-16T22:02:06.008+0000] {dagbag.py:545} INFO - Filling up the DagBag from /opt/airflow/dags/DagScraper.py
[2026-04-16T22:02:06.144+0000] {processor.py:840} INFO - DAG(s) 'dag_scraping_offres_emploi' retrieved from /opt/airflow/dags/DagScraper.py
[2026-04-16T22:02:06.460+0000] {logging_mixin.py:188} INFO - [2026-04-16T22:02:06.459+0000] {dag.py:3096} INFO - Sync 1 DAGs
[2026-04-16T22:02:06.552+0000] {logging_mixin.py:188} INFO - [2026-04-16T22:02:06.552+0000] {dag.py:3954} INFO - Setting next_dagrun for dag_scraping_offres_emploi to 2026-04-16 12:00:00+00:00, run_after=2026-04-16 18:00:00+00:00
[2026-04-16T22:02:06.607+0000] {processor.py:183} INFO - Processing /opt/airflow/dags/DagScraper.py took 0.648 seconds
[2026-04-16T22:02:36.909+0000] {processor.py:161} INFO - Started process (PID=7976) to work on /opt/airflow/dags/DagScraper.py
[2026-04-16T22:02:36.914+0000] {processor.py:830} INFO - Processing file /opt/airflow/dags/DagScraper.py for tasks to queue
[2026-04-16T22:02:36.925+0000] {logging_mixin.py:188} INFO - [2026-04-16T22:02:36.924+0000] {dagbag.py:545} INFO - Filling up the DagBag from /opt/airflow/dags/DagScraper.py
[2026-04-16T22:02:37.007+0000] {processor.py:840} INFO - DAG(s) 'dag_scraping_offres_emploi' retrieved from /opt/airflow/dags/DagScraper.py
[2026-04-16T22:02:37.124+0000] {logging_mixin.py:188} INFO - [2026-04-16T22:02:37.123+0000] {dag.py:3096} INFO - Sync 1 DAGs
[2026-04-16T22:02:37.230+0000] {logging_mixin.py:188} INFO - [2026-04-16T22:02:37.229+0000] {dag.py:3954} INFO - Setting next_dagrun for dag_scraping_offres_emploi to 2026-04-16 12:00:00+00:00, run_after=2026-04-16 18:00:00+00:00
[2026-04-16T22:02:37.279+0000] {processor.py:183} INFO - Processing /opt/airflow/dags/DagScraper.py took 0.395 seconds
[2026-04-16T22:03:07.515+0000] {processor.py:161} INFO - Started process (PID=7990) to work on /opt/airflow/dags/DagScraper.py
[2026-04-16T22:03:07.517+0000] {processor.py:830} INFO - Processing file /opt/airflow/dags/DagScraper.py for tasks to queue
[2026-04-16T22:03:07.521+0000] {logging_mixin.py:188} INFO - [2026-04-16T22:03:07.520+0000] {dagbag.py:545} INFO - Filling up the DagBag from /opt/airflow/dags/DagScraper.py
[2026-04-16T22:03:07.576+0000] {processor.py:840} INFO - DAG(s) 'dag_scraping_offres_emploi' retrieved from /opt/airflow/dags/DagScraper.py
[2026-04-16T22:03:07.664+0000] {logging_mixin.py:188} INFO - [2026-04-16T22:03:07.663+0000] {dag.py:3096} INFO - Sync 1 DAGs
[2026-04-16T22:03:07.766+0000] {logging_mixin.py:188} INFO - [2026-04-16T22:03:07.765+0000] {dag.py:3954} INFO - Setting next_dagrun for dag_scraping_offres_emploi to 2026-04-16 12:00:00+00:00, run_after=2026-04-16 18:00:00+00:00
[2026-04-16T22:03:07.875+0000] {processor.py:183} INFO - Processing /opt/airflow/dags/DagScraper.py took 0.378 seconds
[2026-04-16T22:03:38.421+0000] {processor.py:161} INFO - Started process (PID=7998) to work on /opt/airflow/dags/DagScraper.py
[2026-04-16T22:03:38.424+0000] {processor.py:830} INFO - Processing file /opt/airflow/dags/DagScraper.py for tasks to queue
[2026-04-16T22:03:38.437+0000] {logging_mixin.py:188} INFO - [2026-04-16T22:03:38.436+0000] {dagbag.py:545} INFO - Filling up the DagBag from /opt/airflow/dags/DagScraper.py
[2026-04-16T22:03:38.543+0000] {processor.py:840} INFO - DAG(s) 'dag_scraping_offres_emploi' retrieved from /opt/airflow/dags/DagScraper.py
[2026-04-16T22:03:38.613+0000] {logging_mixin.py:188} INFO - [2026-04-16T22:03:38.612+0000] {dag.py:3096} INFO - Sync 1 DAGs
[2026-04-16T22:03:38.676+0000] {logging_mixin.py:188} INFO - [2026-04-16T22:03:38.676+0000] {dag.py:3954} INFO - Setting next_dagrun for dag_scraping_offres_emploi to 2026-04-16 12:00:00+00:00, run_after=2026-04-16 18:00:00+00:00
[2026-04-16T22:03:38.786+0000] {processor.py:183} INFO - Processing /opt/airflow/dags/DagScraper.py took 0.386 seconds
[2026-04-16T22:04:09.495+0000] {processor.py:161} INFO - Started process (PID=8012) to work on /opt/airflow/dags/DagScraper.py
[2026-04-16T22:04:09.497+0000] {processor.py:830} INFO - Processing file /opt/airflow/dags/DagScraper.py for tasks to queue
[2026-04-16T22:04:09.503+0000] {logging_mixin.py:188} INFO - [2026-04-16T22:04:09.502+0000] {dagbag.py:545} INFO - Filling up the DagBag from /opt/airflow/dags/DagScraper.py
[2026-04-16T22:04:09.565+0000] {processor.py:840} INFO - DAG(s) 'dag_scraping_offres_emploi' retrieved from /opt/airflow/dags/DagScraper.py
[2026-04-16T22:04:09.629+0000] {logging_mixin.py:188} INFO - [2026-04-16T22:04:09.629+0000] {dag.py:3096} INFO - Sync 1 DAGs
[2026-04-16T22:04:09.688+0000] {logging_mixin.py:188} INFO - [2026-04-16T22:04:09.687+0000] {dag.py:3954} INFO - Setting next_dagrun for dag_scraping_offres_emploi to 2026-04-16 12:00:00+00:00, run_after=2026-04-16 18:00:00+00:00
[2026-04-16T22:04:09.751+0000] {processor.py:183} INFO - Processing /opt/airflow/dags/DagScraper.py took 0.278 seconds
[2026-04-16T22:04:40.506+0000] {processor.py:161} INFO - Started process (PID=8021) to work on /opt/airflow/dags/DagScraper.py
[2026-04-16T22:04:40.514+0000] {processor.py:830} INFO - Processing file /opt/airflow/dags/DagScraper.py for tasks to queue
[2026-04-16T22:04:40.535+0000] {logging_mixin.py:188} INFO - [2026-04-16T22:04:40.535+0000] {dagbag.py:545} INFO - Filling up the DagBag from /opt/airflow/dags/DagScraper.py
[2026-04-16T22:04:40.703+0000] {processor.py:840} INFO - DAG(s) 'dag_scraping_offres_emploi' retrieved from /opt/airflow/dags/DagScraper.py
[2026-04-16T22:04:41.163+0000] {logging_mixin.py:188} INFO - [2026-04-16T22:04:41.163+0000] {dag.py:3096} INFO - Sync 1 DAGs
[2026-04-16T22:04:41.737+0000] {logging_mixin.py:188} INFO - [2026-04-16T22:04:41.737+0000] {dag.py:3954} INFO - Setting next_dagrun for dag_scraping_offres_emploi to 2026-04-16 12:00:00+00:00, run_after=2026-04-16 18:00:00+00:00
[2026-04-16T22:04:41.931+0000] {processor.py:183} INFO - Processing /opt/airflow/dags/DagScraper.py took 1.468 seconds
[2026-04-16T22:05:31.227+0000] {processor.py:161} INFO - Started process (PID=8035) to work on /opt/airflow/dags/DagScraper.py
[2026-04-16T22:05:32.491+0000] {processor.py:830} INFO - Processing file /opt/airflow/dags/DagScraper.py for tasks to queue
[2026-04-16T22:05:33.754+0000] {logging_mixin.py:188} INFO - [2026-04-16T22:05:33.750+0000] {dagbag.py:545} INFO - Filling up the DagBag from /opt/airflow/dags/DagScraper.py
[2026-04-16T22:05:44.579+0000] {processor.py:840} INFO - DAG(s) 'dag_scraping_offres_emploi' retrieved from /opt/airflow/dags/DagScraper.py
[2026-04-16T22:05:45.527+0000] {logging_mixin.py:188} INFO - [2026-04-16T22:05:45.499+0000] {dag.py:3096} INFO - Sync 1 DAGs
[2026-04-16T22:05:46.377+0000] {logging_mixin.py:188} INFO - [2026-04-16T22:05:46.364+0000] {dag.py:3954} INFO - Setting next_dagrun for dag_scraping_offres_emploi to 2026-04-16 12:00:00+00:00, run_after=2026-04-16 18:00:00+00:00
[2026-04-16T22:05:47.463+0000] {processor.py:183} INFO - Processing /opt/airflow/dags/DagScraper.py took 16.437 seconds
[2026-04-16T22:06:20.668+0000] {processor.py:161} INFO - Started process (PID=8057) to work on /opt/airflow/dags/DagScraper.py
[2026-04-16T22:06:20.682+0000] {processor.py:830} INFO - Processing file /opt/airflow/dags/DagScraper.py for tasks to queue
[2026-04-16T22:06:20.699+0000] {logging_mixin.py:188} INFO - [2026-04-16T22:06:20.698+0000] {dagbag.py:545} INFO - Filling up the DagBag from /opt/airflow/dags/DagScraper.py
[2026-04-16T22:06:20.887+0000] {processor.py:840} INFO - DAG(s) 'dag_scraping_offres_emploi' retrieved from /opt/airflow/dags/DagScraper.py
[2026-04-16T22:06:21.241+0000] {logging_mixin.py:188} INFO - [2026-04-16T22:06:21.240+0000] {dag.py:3096} INFO - Sync 1 DAGs
[2026-04-16T22:06:21.580+0000] {logging_mixin.py:188} INFO - [2026-04-16T22:06:21.579+0000] {dag.py:3954} INFO - Setting next_dagrun for dag_scraping_offres_emploi to 2026-04-16 12:00:00+00:00, run_after=2026-04-16 18:00:00+00:00
[2026-04-16T22:06:22.062+0000] {processor.py:183} INFO - Processing /opt/airflow/dags/DagScraper.py took 1.466 seconds
[2026-04-16T22:06:52.650+0000] {processor.py:161} INFO - Started process (PID=8065) to work on /opt/airflow/dags/DagScraper.py
[2026-04-16T22:06:52.652+0000] {processor.py:830} INFO - Processing file /opt/airflow/dags/DagScraper.py for tasks to queue
[2026-04-16T22:06:52.657+0000] {logging_mixin.py:188} INFO - [2026-04-16T22:06:52.656+0000] {dagbag.py:545} INFO - Filling up the DagBag from /opt/airflow/dags/DagScraper.py
[2026-04-16T22:06:52.718+0000] {processor.py:840} INFO - DAG(s) 'dag_scraping_offres_emploi' retrieved from /opt/airflow/dags/DagScraper.py
[2026-04-16T22:06:52.988+0000] {logging_mixin.py:188} INFO - [2026-04-16T22:06:52.975+0000] {dag.py:3096} INFO - Sync 1 DAGs
[2026-04-16T22:06:53.128+0000] {logging_mixin.py:188} INFO - [2026-04-16T22:06:53.128+0000] {dag.py:3954} INFO - Setting next_dagrun for dag_scraping_offres_emploi to 2026-04-16 12:00:00+00:00, run_after=2026-04-16 18:00:00+00:00
[2026-04-16T22:06:53.281+0000] {processor.py:183} INFO - Processing /opt/airflow/dags/DagScraper.py took 0.644 seconds
[2026-04-16T22:07:28.743+0000] {processor.py:161} INFO - Started process (PID=8080) to work on /opt/airflow/dags/DagScraper.py
[2026-04-16T22:07:28.757+0000] {processor.py:830} INFO - Processing file /opt/airflow/dags/DagScraper.py for tasks to queue
[2026-04-16T22:07:28.792+0000] {logging_mixin.py:188} INFO - [2026-04-16T22:07:28.791+0000] {dagbag.py:545} INFO - Filling up the DagBag from /opt/airflow/dags/DagScraper.py
[2026-04-16T22:07:29.212+0000] {processor.py:840} INFO - DAG(s) 'dag_scraping_offres_emploi' retrieved from /opt/airflow/dags/DagScraper.py
[2026-04-16T22:07:29.545+0000] {logging_mixin.py:188} INFO - [2026-04-16T22:07:29.545+0000] {dag.py:3096} INFO - Sync 1 DAGs
[2026-04-16T22:07:29.857+0000] {logging_mixin.py:188} INFO - [2026-04-16T22:07:29.845+0000] {dag.py:3954} INFO - Setting next_dagrun for dag_scraping_offres_emploi to 2026-04-16 12:00:00+00:00, run_after=2026-04-16 18:00:00+00:00
[2026-04-16T22:07:30.139+0000] {processor.py:183} INFO - Processing /opt/airflow/dags/DagScraper.py took 1.433 seconds
[2026-04-16T22:08:01.317+0000] {processor.py:161} INFO - Started process (PID=8094) to work on /opt/airflow/dags/DagScraper.py
[2026-04-16T22:08:01.458+0000] {processor.py:830} INFO - Processing file /opt/airflow/dags/DagScraper.py for tasks to queue
[2026-04-16T22:08:01.491+0000] {logging_mixin.py:188} INFO - [2026-04-16T22:08:01.490+0000] {dagbag.py:545} INFO - Filling up the DagBag from /opt/airflow/dags/DagScraper.py
[2026-04-16T22:08:01.873+0000] {processor.py:840} INFO - DAG(s) 'dag_scraping_offres_emploi' retrieved from /opt/airflow/dags/DagScraper.py
[2026-04-16T22:08:02.299+0000] {logging_mixin.py:188} INFO - [2026-04-16T22:08:02.298+0000] {dag.py:3096} INFO - Sync 1 DAGs
[2026-04-16T22:08:02.546+0000] {logging_mixin.py:188} INFO - [2026-04-16T22:08:02.545+0000] {dag.py:3954} INFO - Setting next_dagrun for dag_scraping_offres_emploi to 2026-04-16 12:00:00+00:00, run_after=2026-04-16 18:00:00+00:00
[2026-04-16T22:08:02.967+0000] {processor.py:183} INFO - Processing /opt/airflow/dags/DagScraper.py took 1.721 seconds
[2026-04-16T22:08:33.633+0000] {processor.py:161} INFO - Started process (PID=8102) to work on /opt/airflow/dags/DagScraper.py
[2026-04-16T22:08:33.672+0000] {processor.py:830} INFO - Processing file /opt/airflow/dags/DagScraper.py for tasks to queue
[2026-04-16T22:08:33.692+0000] {logging_mixin.py:188} INFO - [2026-04-16T22:08:33.690+0000] {dagbag.py:545} INFO - Filling up the DagBag from /opt/airflow/dags/DagScraper.py
[2026-04-16T22:08:33.907+0000] {processor.py:840} INFO - DAG(s) 'dag_scraping_offres_emploi' retrieved from /opt/airflow/dags/DagScraper.py
[2026-04-16T22:08:33.994+0000] {logging_mixin.py:188} INFO - [2026-04-16T22:08:33.993+0000] {dag.py:3096} INFO - Sync 1 DAGs
[2026-04-16T22:08:34.064+0000] {logging_mixin.py:188} INFO - [2026-04-16T22:08:34.064+0000] {dag.py:3954} INFO - Setting next_dagrun for dag_scraping_offres_emploi to 2026-04-16 12:00:00+00:00, run_after=2026-04-16 18:00:00+00:00
[2026-04-16T22:08:34.149+0000] {processor.py:183} INFO - Processing /opt/airflow/dags/DagScraper.py took 0.546 seconds
[2026-04-16T22:09:04.840+0000] {processor.py:161} INFO - Started process (PID=8117) to work on /opt/airflow/dags/DagScraper.py
[2026-04-16T22:09:04.846+0000] {processor.py:830} INFO - Processing file /opt/airflow/dags/DagScraper.py for tasks to queue
[2026-04-16T22:09:04.854+0000] {logging_mixin.py:188} INFO - [2026-04-16T22:09:04.853+0000] {dagbag.py:545} INFO - Filling up the DagBag from /opt/airflow/dags/DagScraper.py
[2026-04-16T22:09:04.919+0000] {processor.py:840} INFO - DAG(s) 'dag_scraping_offres_emploi' retrieved from /opt/airflow/dags/DagScraper.py
[2026-04-16T22:09:04.982+0000] {logging_mixin.py:188} INFO - [2026-04-16T22:09:04.981+0000] {dag.py:3096} INFO - Sync 1 DAGs
[2026-04-16T22:09:05.025+0000] {logging_mixin.py:188} INFO - [2026-04-16T22:09:05.024+0000] {dag.py:3954} INFO - Setting next_dagrun for dag_scraping_offres_emploi to 2026-04-16 12:00:00+00:00, run_after=2026-04-16 18:00:00+00:00
[2026-04-16T22:09:05.060+0000] {processor.py:183} INFO - Processing /opt/airflow/dags/DagScraper.py took 0.238 seconds
[2026-04-16T22:09:35.613+0000] {processor.py:161} INFO - Started process (PID=8125) to work on /opt/airflow/dags/DagScraper.py
[2026-04-16T22:09:35.616+0000] {processor.py:830} INFO - Processing file /opt/airflow/dags/DagScraper.py for tasks to queue
[2026-04-16T22:09:35.625+0000] {logging_mixin.py:188} INFO - [2026-04-16T22:09:35.625+0000] {dagbag.py:545} INFO - Filling up the DagBag from /opt/airflow/dags/DagScraper.py
[2026-04-16T22:09:35.681+0000] {processor.py:840} INFO - DAG(s) 'dag_scraping_offres_emploi' retrieved from /opt/airflow/dags/DagScraper.py
[2026-04-16T22:09:35.784+0000] {logging_mixin.py:188} INFO - [2026-04-16T22:09:35.783+0000] {dag.py:3096} INFO - Sync 1 DAGs
[2026-04-16T22:09:35.840+0000] {logging_mixin.py:188} INFO - [2026-04-16T22:09:35.839+0000] {dag.py:3954} INFO - Setting next_dagrun for dag_scraping_offres_emploi to 2026-04-16 12:00:00+00:00, run_after=2026-04-16 18:00:00+00:00
[2026-04-16T22:09:35.915+0000] {processor.py:183} INFO - Processing /opt/airflow/dags/DagScraper.py took 0.316 seconds
[2026-04-16T22:10:06.559+0000] {processor.py:161} INFO - Started process (PID=8138) to work on /opt/airflow/dags/DagScraper.py
[2026-04-16T22:10:06.561+0000] {processor.py:830} INFO - Processing file /opt/airflow/dags/DagScraper.py for tasks to queue
[2026-04-16T22:10:06.566+0000] {logging_mixin.py:188} INFO - [2026-04-16T22:10:06.565+0000] {dagbag.py:545} INFO - Filling up the DagBag from /opt/airflow/dags/DagScraper.py
[2026-04-16T22:10:06.611+0000] {processor.py:840} INFO - DAG(s) 'dag_scraping_offres_emploi' retrieved from /opt/airflow/dags/DagScraper.py
[2026-04-16T22:10:06.692+0000] {logging_mixin.py:188} INFO - [2026-04-16T22:10:06.692+0000] {dag.py:3096} INFO - Sync 1 DAGs
[2026-04-16T22:10:06.750+0000] {logging_mixin.py:188} INFO - [2026-04-16T22:10:06.749+0000] {dag.py:3954} INFO - Setting next_dagrun for dag_scraping_offres_emploi to 2026-04-16 12:00:00+00:00, run_after=2026-04-16 18:00:00+00:00
[2026-04-16T22:10:06.815+0000] {processor.py:183} INFO - Processing /opt/airflow/dags/DagScraper.py took 0.269 seconds
[2026-04-16T22:10:37.756+0000] {processor.py:161} INFO - Started process (PID=8145) to work on /opt/airflow/dags/DagScraper.py
[2026-04-16T22:10:37.763+0000] {processor.py:830} INFO - Processing file /opt/airflow/dags/DagScraper.py for tasks to queue
[2026-04-16T22:10:37.773+0000] {logging_mixin.py:188} INFO - [2026-04-16T22:10:37.772+0000] {dagbag.py:545} INFO - Filling up the DagBag from /opt/airflow/dags/DagScraper.py
[2026-04-16T22:10:37.870+0000] {processor.py:840} INFO - DAG(s) 'dag_scraping_offres_emploi' retrieved from /opt/airflow/dags/DagScraper.py
[2026-04-16T22:10:38.055+0000] {logging_mixin.py:188} INFO - [2026-04-16T22:10:38.043+0000] {dag.py:3096} INFO - Sync 1 DAGs
[2026-04-16T22:10:38.213+0000] {logging_mixin.py:188} INFO - [2026-04-16T22:10:38.212+0000] {dag.py:3954} INFO - Setting next_dagrun for dag_scraping_offres_emploi to 2026-04-16 12:00:00+00:00, run_after=2026-04-16 18:00:00+00:00
[2026-04-16T22:10:38.548+0000] {processor.py:183} INFO - Processing /opt/airflow/dags/DagScraper.py took 0.824 seconds
[2026-04-16T22:11:09.489+0000] {processor.py:161} INFO - Started process (PID=8159) to work on /opt/airflow/dags/DagScraper.py
[2026-04-16T22:11:09.490+0000] {processor.py:830} INFO - Processing file /opt/airflow/dags/DagScraper.py for tasks to queue
[2026-04-16T22:11:09.493+0000] {logging_mixin.py:188} INFO - [2026-04-16T22:11:09.492+0000] {dagbag.py:545} INFO - Filling up the DagBag from /opt/airflow/dags/DagScraper.py
[2026-04-16T22:11:09.528+0000] {processor.py:840} INFO - DAG(s) 'dag_scraping_offres_emploi' retrieved from /opt/airflow/dags/DagScraper.py
[2026-04-16T22:11:09.609+0000] {logging_mixin.py:188} INFO - [2026-04-16T22:11:09.609+0000] {dag.py:3096} INFO - Sync 1 DAGs
[2026-04-16T22:11:09.694+0000] {logging_mixin.py:188} INFO - [2026-04-16T22:11:09.693+0000] {dag.py:3954} INFO - Setting next_dagrun for dag_scraping_offres_emploi to 2026-04-16 12:00:00+00:00, run_after=2026-04-16 18:00:00+00:00
[2026-04-16T22:11:09.737+0000] {processor.py:183} INFO - Processing /opt/airflow/dags/DagScraper.py took 0.258 seconds
[2026-04-16T22:11:40.164+0000] {processor.py:161} INFO - Started process (PID=8167) to work on /opt/airflow/dags/DagScraper.py
[2026-04-16T22:11:40.166+0000] {processor.py:830} INFO - Processing file /opt/airflow/dags/DagScraper.py for tasks to queue
[2026-04-16T22:11:40.170+0000] {logging_mixin.py:188} INFO - [2026-04-16T22:11:40.169+0000] {dagbag.py:545} INFO - Filling up the DagBag from /opt/airflow/dags/DagScraper.py
[2026-04-16T22:11:40.232+0000] {processor.py:840} INFO - DAG(s) 'dag_scraping_offres_emploi' retrieved from /opt/airflow/dags/DagScraper.py
[2026-04-16T22:11:40.311+0000] {logging_mixin.py:188} INFO - [2026-04-16T22:11:40.310+0000] {dag.py:3096} INFO - Sync 1 DAGs
[2026-04-16T22:11:40.352+0000] {logging_mixin.py:188} INFO - [2026-04-16T22:11:40.352+0000] {dag.py:3954} INFO - Setting next_dagrun for dag_scraping_offres_emploi to 2026-04-16 12:00:00+00:00, run_after=2026-04-16 18:00:00+00:00
[2026-04-16T22:11:40.397+0000] {processor.py:183} INFO - Processing /opt/airflow/dags/DagScraper.py took 0.252 seconds
[2026-04-16T22:12:10.504+0000] {processor.py:161} INFO - Started process (PID=8181) to work on /opt/airflow/dags/DagScraper.py
[2026-04-16T22:12:10.505+0000] {processor.py:830} INFO - Processing file /opt/airflow/dags/DagScraper.py for tasks to queue
[2026-04-16T22:12:10.508+0000] {logging_mixin.py:188} INFO - [2026-04-16T22:12:10.508+0000] {dagbag.py:545} INFO - Filling up the DagBag from /opt/airflow/dags/DagScraper.py
[2026-04-16T22:12:10.548+0000] {processor.py:840} INFO - DAG(s) 'dag_scraping_offres_emploi' retrieved from /opt/airflow/dags/DagScraper.py
[2026-04-16T22:12:10.618+0000] {logging_mixin.py:188} INFO - [2026-04-16T22:12:10.618+0000] {dag.py:3096} INFO - Sync 1 DAGs
[2026-04-16T22:12:10.672+0000] {logging_mixin.py:188} INFO - [2026-04-16T22:12:10.671+0000] {dag.py:3954} INFO - Setting next_dagrun for dag_scraping_offres_emploi to 2026-04-16 12:00:00+00:00, run_after=2026-04-16 18:00:00+00:00
[2026-04-16T22:12:10.735+0000] {processor.py:183} INFO - Processing /opt/airflow/dags/DagScraper.py took 0.240 seconds
[2026-04-16T22:12:41.431+0000] {processor.py:161} INFO - Started process (PID=8189) to work on /opt/airflow/dags/DagScraper.py
[2026-04-16T22:12:41.438+0000] {processor.py:830} INFO - Processing file /opt/airflow/dags/DagScraper.py for tasks to queue
[2026-04-16T22:12:41.454+0000] {logging_mixin.py:188} INFO - [2026-04-16T22:12:41.453+0000] {dagbag.py:545} INFO - Filling up the DagBag from /opt/airflow/dags/DagScraper.py
[2026-04-16T22:12:41.528+0000] {processor.py:840} INFO - DAG(s) 'dag_scraping_offres_emploi' retrieved from /opt/airflow/dags/DagScraper.py
[2026-04-16T22:12:41.746+0000] {logging_mixin.py:188} INFO - [2026-04-16T22:12:41.745+0000] {dag.py:3096} INFO - Sync 1 DAGs
[2026-04-16T22:12:41.949+0000] {logging_mixin.py:188} INFO - [2026-04-16T22:12:41.948+0000] {dag.py:3954} INFO - Setting next_dagrun for dag_scraping_offres_emploi to 2026-04-16 12:00:00+00:00, run_after=2026-04-16 18:00:00+00:00
[2026-04-16T22:12:42.073+0000] {processor.py:183} INFO - Processing /opt/airflow/dags/DagScraper.py took 0.661 seconds
[2026-04-16T22:13:12.770+0000] {processor.py:161} INFO - Started process (PID=8203) to work on /opt/airflow/dags/DagScraper.py
[2026-04-16T22:13:12.771+0000] {processor.py:830} INFO - Processing file /opt/airflow/dags/DagScraper.py for tasks to queue
[2026-04-16T22:13:12.774+0000] {logging_mixin.py:188} INFO - [2026-04-16T22:13:12.774+0000] {dagbag.py:545} INFO - Filling up the DagBag from /opt/airflow/dags/DagScraper.py
[2026-04-16T22:13:12.832+0000] {processor.py:840} INFO - DAG(s) 'dag_scraping_offres_emploi' retrieved from /opt/airflow/dags/DagScraper.py
[2026-04-16T22:13:12.909+0000] {logging_mixin.py:188} INFO - [2026-04-16T22:13:12.909+0000] {dag.py:3096} INFO - Sync 1 DAGs
[2026-04-16T22:13:12.986+0000] {logging_mixin.py:188} INFO - [2026-04-16T22:13:12.985+0000] {dag.py:3954} INFO - Setting next_dagrun for dag_scraping_offres_emploi to 2026-04-16 12:00:00+00:00, run_after=2026-04-16 18:00:00+00:00
[2026-04-16T22:13:13.043+0000] {processor.py:183} INFO - Processing /opt/airflow/dags/DagScraper.py took 0.284 seconds
[2026-04-16T22:13:44.132+0000] {processor.py:161} INFO - Started process (PID=8210) to work on /opt/airflow/dags/DagScraper.py
[2026-04-16T22:13:44.138+0000] {processor.py:830} INFO - Processing file /opt/airflow/dags/DagScraper.py for tasks to queue
[2026-04-16T22:13:44.144+0000] {logging_mixin.py:188} INFO - [2026-04-16T22:13:44.143+0000] {dagbag.py:545} INFO - Filling up the DagBag from /opt/airflow/dags/DagScraper.py
[2026-04-16T22:13:44.236+0000] {processor.py:840} INFO - DAG(s) 'dag_scraping_offres_emploi' retrieved from /opt/airflow/dags/DagScraper.py
[2026-04-16T22:13:44.498+0000] {logging_mixin.py:188} INFO - [2026-04-16T22:13:44.487+0000] {dag.py:3096} INFO - Sync 1 DAGs
[2026-04-16T22:13:44.682+0000] {logging_mixin.py:188} INFO - [2026-04-16T22:13:44.682+0000] {dag.py:3954} INFO - Setting next_dagrun for dag_scraping_offres_emploi to 2026-04-16 12:00:00+00:00, run_after=2026-04-16 18:00:00+00:00
[2026-04-16T22:13:44.831+0000] {processor.py:183} INFO - Processing /opt/airflow/dags/DagScraper.py took 0.714 seconds
[2026-04-16T22:14:15.268+0000] {processor.py:161} INFO - Started process (PID=8224) to work on /opt/airflow/dags/DagScraper.py
[2026-04-16T22:14:15.270+0000] {processor.py:830} INFO - Processing file /opt/airflow/dags/DagScraper.py for tasks to queue
[2026-04-16T22:14:15.273+0000] {logging_mixin.py:188} INFO - [2026-04-16T22:14:15.272+0000] {dagbag.py:545} INFO - Filling up the DagBag from /opt/airflow/dags/DagScraper.py
[2026-04-16T22:14:15.314+0000] {processor.py:840} INFO - DAG(s) 'dag_scraping_offres_emploi' retrieved from /opt/airflow/dags/DagScraper.py
[2026-04-16T22:14:15.373+0000] {logging_mixin.py:188} INFO - [2026-04-16T22:14:15.372+0000] {dag.py:3096} INFO - Sync 1 DAGs
[2026-04-16T22:14:15.409+0000] {logging_mixin.py:188} INFO - [2026-04-16T22:14:15.409+0000] {dag.py:3954} INFO - Setting next_dagrun for dag_scraping_offres_emploi to 2026-04-16 12:00:00+00:00, run_after=2026-04-16 18:00:00+00:00
[2026-04-16T22:14:15.456+0000] {processor.py:183} INFO - Processing /opt/airflow/dags/DagScraper.py took 0.196 seconds
[2026-04-16T22:14:46.024+0000] {processor.py:161} INFO - Started process (PID=8232) to work on /opt/airflow/dags/DagScraper.py
[2026-04-16T22:14:46.026+0000] {processor.py:830} INFO - Processing file /opt/airflow/dags/DagScraper.py for tasks to queue
[2026-04-16T22:14:46.029+0000] {logging_mixin.py:188} INFO - [2026-04-16T22:14:46.028+0000] {dagbag.py:545} INFO - Filling up the DagBag from /opt/airflow/dags/DagScraper.py
[2026-04-16T22:14:46.065+0000] {processor.py:840} INFO - DAG(s) 'dag_scraping_offres_emploi' retrieved from /opt/airflow/dags/DagScraper.py
[2026-04-16T22:14:46.119+0000] {logging_mixin.py:188} INFO - [2026-04-16T22:14:46.118+0000] {dag.py:3096} INFO - Sync 1 DAGs
[2026-04-16T22:14:46.159+0000] {logging_mixin.py:188} INFO - [2026-04-16T22:14:46.158+0000] {dag.py:3954} INFO - Setting next_dagrun for dag_scraping_offres_emploi to 2026-04-16 12:00:00+00:00, run_after=2026-04-16 18:00:00+00:00
[2026-04-16T22:14:46.202+0000] {processor.py:183} INFO - Processing /opt/airflow/dags/DagScraper.py took 0.187 seconds
[2026-04-16T22:15:16.650+0000] {processor.py:161} INFO - Started process (PID=8246) to work on /opt/airflow/dags/DagScraper.py
[2026-04-16T22:15:16.651+0000] {processor.py:830} INFO - Processing file /opt/airflow/dags/DagScraper.py for tasks to queue
[2026-04-16T22:15:16.655+0000] {logging_mixin.py:188} INFO - [2026-04-16T22:15:16.655+0000] {dagbag.py:545} INFO - Filling up the DagBag from /opt/airflow/dags/DagScraper.py
[2026-04-16T22:15:16.694+0000] {processor.py:840} INFO - DAG(s) 'dag_scraping_offres_emploi' retrieved from /opt/airflow/dags/DagScraper.py
[2026-04-16T22:15:16.749+0000] {logging_mixin.py:188} INFO - [2026-04-16T22:15:16.749+0000] {dag.py:3096} INFO - Sync 1 DAGs
[2026-04-16T22:15:16.798+0000] {logging_mixin.py:188} INFO - [2026-04-16T22:15:16.798+0000] {dag.py:3954} INFO - Setting next_dagrun for dag_scraping_offres_emploi to 2026-04-16 12:00:00+00:00, run_after=2026-04-16 18:00:00+00:00
[2026-04-16T22:15:16.856+0000] {processor.py:183} INFO - Processing /opt/airflow/dags/DagScraper.py took 0.216 seconds
[2026-04-16T22:15:47.413+0000] {processor.py:161} INFO - Started process (PID=8260) to work on /opt/airflow/dags/DagScraper.py
[2026-04-16T22:15:47.415+0000] {processor.py:830} INFO - Processing file /opt/airflow/dags/DagScraper.py for tasks to queue
[2026-04-16T22:15:47.420+0000] {logging_mixin.py:188} INFO - [2026-04-16T22:15:47.419+0000] {dagbag.py:545} INFO - Filling up the DagBag from /opt/airflow/dags/DagScraper.py
[2026-04-16T22:15:47.467+0000] {processor.py:840} INFO - DAG(s) 'dag_scraping_offres_emploi' retrieved from /opt/airflow/dags/DagScraper.py
[2026-04-16T22:15:47.558+0000] {logging_mixin.py:188} INFO - [2026-04-16T22:15:47.557+0000] {dag.py:3096} INFO - Sync 1 DAGs
[2026-04-16T22:15:47.605+0000] {logging_mixin.py:188} INFO - [2026-04-16T22:15:47.605+0000] {dag.py:3954} INFO - Setting next_dagrun for dag_scraping_offres_emploi to 2026-04-16 12:00:00+00:00, run_after=2026-04-16 18:00:00+00:00
[2026-04-16T22:15:47.653+0000] {processor.py:183} INFO - Processing /opt/airflow/dags/DagScraper.py took 0.253 seconds
[2026-04-16T22:16:19.508+0000] {processor.py:161} INFO - Started process (PID=8268) to work on /opt/airflow/dags/DagScraper.py
[2026-04-16T22:16:19.578+0000] {processor.py:830} INFO - Processing file /opt/airflow/dags/DagScraper.py for tasks to queue
[2026-04-16T22:16:19.595+0000] {logging_mixin.py:188} INFO - [2026-04-16T22:16:19.594+0000] {dagbag.py:545} INFO - Filling up the DagBag from /opt/airflow/dags/DagScraper.py
[2026-04-16T22:16:20.329+0000] {processor.py:840} INFO - DAG(s) 'dag_scraping_offres_emploi' retrieved from /opt/airflow/dags/DagScraper.py
[2026-04-16T22:16:20.572+0000] {logging_mixin.py:188} INFO - [2026-04-16T22:16:20.571+0000] {dag.py:3096} INFO - Sync 1 DAGs
[2026-04-16T22:16:20.811+0000] {logging_mixin.py:188} INFO - [2026-04-16T22:16:20.811+0000] {dag.py:3954} INFO - Setting next_dagrun for dag_scraping_offres_emploi to 2026-04-16 12:00:00+00:00, run_after=2026-04-16 18:00:00+00:00
[2026-04-16T22:16:21.129+0000] {processor.py:183} INFO - Processing /opt/airflow/dags/DagScraper.py took 1.653 seconds
[2026-04-16T22:16:52.385+0000] {processor.py:161} INFO - Started process (PID=8281) to work on /opt/airflow/dags/DagScraper.py
[2026-04-16T22:16:52.400+0000] {processor.py:830} INFO - Processing file /opt/airflow/dags/DagScraper.py for tasks to queue
[2026-04-16T22:16:52.409+0000] {logging_mixin.py:188} INFO - [2026-04-16T22:16:52.408+0000] {dagbag.py:545} INFO - Filling up the DagBag from /opt/airflow/dags/DagScraper.py
[2026-04-16T22:16:53.488+0000] {processor.py:840} INFO - DAG(s) 'dag_scraping_offres_emploi' retrieved from /opt/airflow/dags/DagScraper.py
[2026-04-16T22:16:54.138+0000] {logging_mixin.py:188} INFO - [2026-04-16T22:16:54.138+0000] {dag.py:3096} INFO - Sync 1 DAGs
[2026-04-16T22:16:54.763+0000] {logging_mixin.py:188} INFO - [2026-04-16T22:16:54.762+0000] {dag.py:3954} INFO - Setting next_dagrun for dag_scraping_offres_emploi to 2026-04-16 12:00:00+00:00, run_after=2026-04-16 18:00:00+00:00
[2026-04-16T22:16:54.968+0000] {processor.py:183} INFO - Processing /opt/airflow/dags/DagScraper.py took 2.685 seconds
[2026-04-16T22:17:27.500+0000] {processor.py:161} INFO - Started process (PID=8289) to work on /opt/airflow/dags/DagScraper.py
[2026-04-16T22:17:27.531+0000] {processor.py:830} INFO - Processing file /opt/airflow/dags/DagScraper.py for tasks to queue
[2026-04-16T22:17:27.577+0000] {logging_mixin.py:188} INFO - [2026-04-16T22:17:27.563+0000] {dagbag.py:545} INFO - Filling up the DagBag from /opt/airflow/dags/DagScraper.py
[2026-04-16T22:17:28.187+0000] {processor.py:840} INFO - DAG(s) 'dag_scraping_offres_emploi' retrieved from /opt/airflow/dags/DagScraper.py
[2026-04-16T22:17:28.718+0000] {logging_mixin.py:188} INFO - [2026-04-16T22:17:28.717+0000] {dag.py:3096} INFO - Sync 1 DAGs
[2026-04-16T22:17:29.003+0000] {logging_mixin.py:188} INFO - [2026-04-16T22:17:28.991+0000] {dag.py:3954} INFO - Setting next_dagrun for dag_scraping_offres_emploi to 2026-04-16 12:00:00+00:00, run_after=2026-04-16 18:00:00+00:00
[2026-04-16T22:17:29.504+0000] {processor.py:183} INFO - Processing /opt/airflow/dags/DagScraper.py took 2.134 seconds
[2026-04-16T22:18:00.619+0000] {processor.py:161} INFO - Started process (PID=8303) to work on /opt/airflow/dags/DagScraper.py
[2026-04-16T22:18:00.636+0000] {processor.py:830} INFO - Processing file /opt/airflow/dags/DagScraper.py for tasks to queue
[2026-04-16T22:18:00.657+0000] {logging_mixin.py:188} INFO - [2026-04-16T22:18:00.656+0000] {dagbag.py:545} INFO - Filling up the DagBag from /opt/airflow/dags/DagScraper.py
[2026-04-16T22:18:00.757+0000] {processor.py:840} INFO - DAG(s) 'dag_scraping_offres_emploi' retrieved from /opt/airflow/dags/DagScraper.py
[2026-04-16T22:18:00.902+0000] {logging_mixin.py:188} INFO - [2026-04-16T22:18:00.901+0000] {dag.py:3096} INFO - Sync 1 DAGs
[2026-04-16T22:18:01.050+0000] {logging_mixin.py:188} INFO - [2026-04-16T22:18:01.050+0000] {dag.py:3954} INFO - Setting next_dagrun for dag_scraping_offres_emploi to 2026-04-16 12:00:00+00:00, run_after=2026-04-16 18:00:00+00:00
[2026-04-16T22:18:01.112+0000] {processor.py:183} INFO - Processing /opt/airflow/dags/DagScraper.py took 0.529 seconds
[2026-04-16T22:18:31.469+0000] {processor.py:161} INFO - Started process (PID=8318) to work on /opt/airflow/dags/DagScraper.py
[2026-04-16T22:18:31.470+0000] {processor.py:830} INFO - Processing file /opt/airflow/dags/DagScraper.py for tasks to queue
[2026-04-16T22:18:31.473+0000] {logging_mixin.py:188} INFO - [2026-04-16T22:18:31.473+0000] {dagbag.py:545} INFO - Filling up the DagBag from /opt/airflow/dags/DagScraper.py
[2026-04-16T22:18:31.546+0000] {processor.py:840} INFO - DAG(s) 'dag_scraping_offres_emploi' retrieved from /opt/airflow/dags/DagScraper.py
[2026-04-16T22:18:31.645+0000] {logging_mixin.py:188} INFO - [2026-04-16T22:18:31.644+0000] {dag.py:3096} INFO - Sync 1 DAGs
[2026-04-16T22:18:31.715+0000] {logging_mixin.py:188} INFO - [2026-04-16T22:18:31.714+0000] {dag.py:3954} INFO - Setting next_dagrun for dag_scraping_offres_emploi to 2026-04-16 12:00:00+00:00, run_after=2026-04-16 18:00:00+00:00
[2026-04-16T22:18:31.783+0000] {processor.py:183} INFO - Processing /opt/airflow/dags/DagScraper.py took 0.326 seconds
[2026-04-16T22:19:02.501+0000] {processor.py:161} INFO - Started process (PID=8327) to work on /opt/airflow/dags/DagScraper.py
[2026-04-16T22:19:02.502+0000] {processor.py:830} INFO - Processing file /opt/airflow/dags/DagScraper.py for tasks to queue
[2026-04-16T22:19:02.505+0000] {logging_mixin.py:188} INFO - [2026-04-16T22:19:02.505+0000] {dagbag.py:545} INFO - Filling up the DagBag from /opt/airflow/dags/DagScraper.py
[2026-04-16T22:19:02.575+0000] {processor.py:840} INFO - DAG(s) 'dag_scraping_offres_emploi' retrieved from /opt/airflow/dags/DagScraper.py
[2026-04-16T22:19:02.726+0000] {logging_mixin.py:188} INFO - [2026-04-16T22:19:02.724+0000] {dag.py:3096} INFO - Sync 1 DAGs
[2026-04-16T22:19:02.797+0000] {logging_mixin.py:188} INFO - [2026-04-16T22:19:02.796+0000] {dag.py:3954} INFO - Setting next_dagrun for dag_scraping_offres_emploi to 2026-04-16 12:00:00+00:00, run_after=2026-04-16 18:00:00+00:00
[2026-04-16T22:19:02.856+0000] {processor.py:183} INFO - Processing /opt/airflow/dags/DagScraper.py took 0.368 seconds
[2026-04-16T22:19:33.293+0000] {processor.py:161} INFO - Started process (PID=8342) to work on /opt/airflow/dags/DagScraper.py
[2026-04-16T22:19:33.300+0000] {processor.py:830} INFO - Processing file /opt/airflow/dags/DagScraper.py for tasks to queue
[2026-04-16T22:19:33.303+0000] {logging_mixin.py:188} INFO - [2026-04-16T22:19:33.303+0000] {dagbag.py:545} INFO - Filling up the DagBag from /opt/airflow/dags/DagScraper.py
[2026-04-16T22:19:33.350+0000] {processor.py:840} INFO - DAG(s) 'dag_scraping_offres_emploi' retrieved from /opt/airflow/dags/DagScraper.py
[2026-04-16T22:19:33.464+0000] {logging_mixin.py:188} INFO - [2026-04-16T22:19:33.463+0000] {dag.py:3096} INFO - Sync 1 DAGs
[2026-04-16T22:19:33.637+0000] {logging_mixin.py:188} INFO - [2026-04-16T22:19:33.637+0000] {dag.py:3954} INFO - Setting next_dagrun for dag_scraping_offres_emploi to 2026-04-16 12:00:00+00:00, run_after=2026-04-16 18:00:00+00:00
[2026-04-16T22:19:33.728+0000] {processor.py:183} INFO - Processing /opt/airflow/dags/DagScraper.py took 0.449 seconds
[2026-04-16T22:20:04.364+0000] {processor.py:161} INFO - Started process (PID=8351) to work on /opt/airflow/dags/DagScraper.py
[2026-04-16T22:20:04.366+0000] {processor.py:830} INFO - Processing file /opt/airflow/dags/DagScraper.py for tasks to queue
[2026-04-16T22:20:04.371+0000] {logging_mixin.py:188} INFO - [2026-04-16T22:20:04.370+0000] {dagbag.py:545} INFO - Filling up the DagBag from /opt/airflow/dags/DagScraper.py
[2026-04-16T22:20:04.431+0000] {processor.py:840} INFO - DAG(s) 'dag_scraping_offres_emploi' retrieved from /opt/airflow/dags/DagScraper.py
[2026-04-16T22:20:04.552+0000] {logging_mixin.py:188} INFO - [2026-04-16T22:20:04.551+0000] {dag.py:3096} INFO - Sync 1 DAGs
[2026-04-16T22:20:04.627+0000] {logging_mixin.py:188} INFO - [2026-04-16T22:20:04.626+0000] {dag.py:3954} INFO - Setting next_dagrun for dag_scraping_offres_emploi to 2026-04-16 12:00:00+00:00, run_after=2026-04-16 18:00:00+00:00
[2026-04-16T22:20:04.706+0000] {processor.py:183} INFO - Processing /opt/airflow/dags/DagScraper.py took 0.359 seconds
[2026-04-16T22:20:36.045+0000] {processor.py:161} INFO - Started process (PID=8364) to work on /opt/airflow/dags/DagScraper.py
[2026-04-16T22:20:36.055+0000] {processor.py:830} INFO - Processing file /opt/airflow/dags/DagScraper.py for tasks to queue
[2026-04-16T22:20:36.064+0000] {logging_mixin.py:188} INFO - [2026-04-16T22:20:36.062+0000] {dagbag.py:545} INFO - Filling up the DagBag from /opt/airflow/dags/DagScraper.py
[2026-04-16T22:20:36.284+0000] {processor.py:840} INFO - DAG(s) 'dag_scraping_offres_emploi' retrieved from /opt/airflow/dags/DagScraper.py
[2026-04-16T22:20:36.516+0000] {logging_mixin.py:188} INFO - [2026-04-16T22:20:36.515+0000] {dag.py:3096} INFO - Sync 1 DAGs
[2026-04-16T22:20:36.705+0000] {logging_mixin.py:188} INFO - [2026-04-16T22:20:36.705+0000] {dag.py:3954} INFO - Setting next_dagrun for dag_scraping_offres_emploi to 2026-04-16 12:00:00+00:00, run_after=2026-04-16 18:00:00+00:00
[2026-04-16T22:20:36.859+0000] {processor.py:183} INFO - Processing /opt/airflow/dags/DagScraper.py took 0.855 seconds
[2026-04-16T22:21:07.420+0000] {processor.py:161} INFO - Started process (PID=8372) to work on /opt/airflow/dags/DagScraper.py
[2026-04-16T22:21:07.422+0000] {processor.py:830} INFO - Processing file /opt/airflow/dags/DagScraper.py for tasks to queue
[2026-04-16T22:21:07.428+0000] {logging_mixin.py:188} INFO - [2026-04-16T22:21:07.427+0000] {dagbag.py:545} INFO - Filling up the DagBag from /opt/airflow/dags/DagScraper.py
[2026-04-16T22:21:07.480+0000] {processor.py:840} INFO - DAG(s) 'dag_scraping_offres_emploi' retrieved from /opt/airflow/dags/DagScraper.py
[2026-04-16T22:21:07.549+0000] {logging_mixin.py:188} INFO - [2026-04-16T22:21:07.549+0000] {dag.py:3096} INFO - Sync 1 DAGs
[2026-04-16T22:21:07.607+0000] {logging_mixin.py:188} INFO - [2026-04-16T22:21:07.606+0000] {dag.py:3954} INFO - Setting next_dagrun for dag_scraping_offres_emploi to 2026-04-16 12:00:00+00:00, run_after=2026-04-16 18:00:00+00:00
[2026-04-16T22:21:07.657+0000] {processor.py:183} INFO - Processing /opt/airflow/dags/DagScraper.py took 0.259 seconds
[2026-04-16T22:21:38.260+0000] {processor.py:161} INFO - Started process (PID=8386) to work on /opt/airflow/dags/DagScraper.py
[2026-04-16T22:21:38.264+0000] {processor.py:830} INFO - Processing file /opt/airflow/dags/DagScraper.py for tasks to queue
[2026-04-16T22:21:38.280+0000] {logging_mixin.py:188} INFO - [2026-04-16T22:21:38.280+0000] {dagbag.py:545} INFO - Filling up the DagBag from /opt/airflow/dags/DagScraper.py
[2026-04-16T22:21:38.414+0000] {processor.py:840} INFO - DAG(s) 'dag_scraping_offres_emploi' retrieved from /opt/airflow/dags/DagScraper.py
[2026-04-16T22:21:38.727+0000] {logging_mixin.py:188} INFO - [2026-04-16T22:21:38.727+0000] {dag.py:3096} INFO - Sync 1 DAGs
[2026-04-16T22:21:38.905+0000] {logging_mixin.py:188} INFO - [2026-04-16T22:21:38.905+0000] {dag.py:3954} INFO - Setting next_dagrun for dag_scraping_offres_emploi to 2026-04-16 12:00:00+00:00, run_after=2026-04-16 18:00:00+00:00
[2026-04-16T22:21:39.069+0000] {processor.py:183} INFO - Processing /opt/airflow/dags/DagScraper.py took 0.847 seconds
[2026-04-16T22:22:11.228+0000] {processor.py:161} INFO - Started process (PID=8395) to work on /opt/airflow/dags/DagScraper.py
[2026-04-16T22:22:11.234+0000] {processor.py:830} INFO - Processing file /opt/airflow/dags/DagScraper.py for tasks to queue
[2026-04-16T22:22:11.245+0000] {logging_mixin.py:188} INFO - [2026-04-16T22:22:11.244+0000] {dagbag.py:545} INFO - Filling up the DagBag from /opt/airflow/dags/DagScraper.py
[2026-04-16T22:22:12.667+0000] {processor.py:840} INFO - DAG(s) 'dag_scraping_offres_emploi' retrieved from /opt/airflow/dags/DagScraper.py
[2026-04-16T22:22:12.890+0000] {logging_mixin.py:188} INFO - [2026-04-16T22:22:12.889+0000] {dag.py:3096} INFO - Sync 1 DAGs
[2026-04-16T22:22:13.168+0000] {logging_mixin.py:188} INFO - [2026-04-16T22:22:13.158+0000] {dag.py:3954} INFO - Setting next_dagrun for dag_scraping_offres_emploi to 2026-04-16 12:00:00+00:00, run_after=2026-04-16 18:00:00+00:00
[2026-04-16T22:22:13.359+0000] {processor.py:183} INFO - Processing /opt/airflow/dags/DagScraper.py took 2.170 seconds
[2026-04-16T22:22:43.531+0000] {processor.py:161} INFO - Started process (PID=8410) to work on /opt/airflow/dags/DagScraper.py
[2026-04-16T22:22:43.534+0000] {processor.py:830} INFO - Processing file /opt/airflow/dags/DagScraper.py for tasks to queue
[2026-04-16T22:22:43.546+0000] {logging_mixin.py:188} INFO - [2026-04-16T22:22:43.539+0000] {dagbag.py:545} INFO - Filling up the DagBag from /opt/airflow/dags/DagScraper.py
[2026-04-16T22:22:43.624+0000] {processor.py:840} INFO - DAG(s) 'dag_scraping_offres_emploi' retrieved from /opt/airflow/dags/DagScraper.py
[2026-04-16T22:22:43.849+0000] {logging_mixin.py:188} INFO - [2026-04-16T22:22:43.848+0000] {dag.py:3096} INFO - Sync 1 DAGs
[2026-04-16T22:22:43.988+0000] {logging_mixin.py:188} INFO - [2026-04-16T22:22:43.987+0000] {dag.py:3954} INFO - Setting next_dagrun for dag_scraping_offres_emploi to 2026-04-16 12:00:00+00:00, run_after=2026-04-16 18:00:00+00:00
[2026-04-16T22:22:44.084+0000] {processor.py:183} INFO - Processing /opt/airflow/dags/DagScraper.py took 0.578 seconds
[2026-04-16T22:23:20.179+0000] {processor.py:161} INFO - Started process (PID=8423) to work on /opt/airflow/dags/DagScraper.py
[2026-04-16T22:23:21.078+0000] {processor.py:830} INFO - Processing file /opt/airflow/dags/DagScraper.py for tasks to queue
[2026-04-16T22:23:21.706+0000] {logging_mixin.py:188} INFO - [2026-04-16T22:23:21.705+0000] {dagbag.py:545} INFO - Filling up the DagBag from /opt/airflow/dags/DagScraper.py
[2026-04-16T22:23:22.308+0000] {processor.py:840} INFO - DAG(s) 'dag_scraping_offres_emploi' retrieved from /opt/airflow/dags/DagScraper.py
[2026-04-16T22:23:22.639+0000] {logging_mixin.py:188} INFO - [2026-04-16T22:23:22.639+0000] {dag.py:3096} INFO - Sync 1 DAGs
[2026-04-16T22:23:22.956+0000] {logging_mixin.py:188} INFO - [2026-04-16T22:23:22.955+0000] {dag.py:3954} INFO - Setting next_dagrun for dag_scraping_offres_emploi to 2026-04-16 12:00:00+00:00, run_after=2026-04-16 18:00:00+00:00
[2026-04-16T22:23:23.793+0000] {processor.py:183} INFO - Processing /opt/airflow/dags/DagScraper.py took 3.772 seconds
[2026-04-16T22:23:54.708+0000] {processor.py:161} INFO - Started process (PID=8431) to work on /opt/airflow/dags/DagScraper.py
[2026-04-16T22:23:54.717+0000] {processor.py:830} INFO - Processing file /opt/airflow/dags/DagScraper.py for tasks to queue
[2026-04-16T22:23:54.726+0000] {logging_mixin.py:188} INFO - [2026-04-16T22:23:54.725+0000] {dagbag.py:545} INFO - Filling up the DagBag from /opt/airflow/dags/DagScraper.py
[2026-04-16T22:23:54.919+0000] {processor.py:840} INFO - DAG(s) 'dag_scraping_offres_emploi' retrieved from /opt/airflow/dags/DagScraper.py
[2026-04-16T22:23:55.564+0000] {logging_mixin.py:188} INFO - [2026-04-16T22:23:55.563+0000] {dag.py:3096} INFO - Sync 1 DAGs
[2026-04-16T22:23:55.752+0000] {logging_mixin.py:188} INFO - [2026-04-16T22:23:55.751+0000] {dag.py:3954} INFO - Setting next_dagrun for dag_scraping_offres_emploi to 2026-04-16 12:00:00+00:00, run_after=2026-04-16 18:00:00+00:00
[2026-04-16T22:23:55.952+0000] {processor.py:183} INFO - Processing /opt/airflow/dags/DagScraper.py took 1.262 seconds
[2026-04-16T22:24:27.029+0000] {processor.py:161} INFO - Started process (PID=8445) to work on /opt/airflow/dags/DagScraper.py
[2026-04-16T22:24:27.040+0000] {processor.py:830} INFO - Processing file /opt/airflow/dags/DagScraper.py for tasks to queue
[2026-04-16T22:24:27.052+0000] {logging_mixin.py:188} INFO - [2026-04-16T22:24:27.051+0000] {dagbag.py:545} INFO - Filling up the DagBag from /opt/airflow/dags/DagScraper.py
[2026-04-16T22:24:27.188+0000] {processor.py:840} INFO - DAG(s) 'dag_scraping_offres_emploi' retrieved from /opt/airflow/dags/DagScraper.py
[2026-04-16T22:24:27.426+0000] {logging_mixin.py:188} INFO - [2026-04-16T22:24:27.426+0000] {dag.py:3096} INFO - Sync 1 DAGs
[2026-04-16T22:24:27.555+0000] {logging_mixin.py:188} INFO - [2026-04-16T22:24:27.555+0000] {dag.py:3954} INFO - Setting next_dagrun for dag_scraping_offres_emploi to 2026-04-16 12:00:00+00:00, run_after=2026-04-16 18:00:00+00:00
[2026-04-16T22:24:27.676+0000] {processor.py:183} INFO - Processing /opt/airflow/dags/DagScraper.py took 0.692 seconds
[2026-04-16T22:24:57.984+0000] {processor.py:161} INFO - Started process (PID=8458) to work on /opt/airflow/dags/DagScraper.py
[2026-04-16T22:24:57.986+0000] {processor.py:830} INFO - Processing file /opt/airflow/dags/DagScraper.py for tasks to queue
[2026-04-16T22:24:57.990+0000] {logging_mixin.py:188} INFO - [2026-04-16T22:24:57.989+0000] {dagbag.py:545} INFO - Filling up the DagBag from /opt/airflow/dags/DagScraper.py
[2026-04-16T22:24:58.030+0000] {processor.py:840} INFO - DAG(s) 'dag_scraping_offres_emploi' retrieved from /opt/airflow/dags/DagScraper.py
[2026-04-16T22:24:58.108+0000] {logging_mixin.py:188} INFO - [2026-04-16T22:24:58.107+0000] {dag.py:3096} INFO - Sync 1 DAGs
[2026-04-16T22:24:58.191+0000] {logging_mixin.py:188} INFO - [2026-04-16T22:24:58.190+0000] {dag.py:3954} INFO - Setting next_dagrun for dag_scraping_offres_emploi to 2026-04-16 12:00:00+00:00, run_after=2026-04-16 18:00:00+00:00
[2026-04-16T22:24:58.564+0000] {processor.py:183} INFO - Processing /opt/airflow/dags/DagScraper.py took 0.590 seconds
[2026-04-16T22:25:29.014+0000] {processor.py:161} INFO - Started process (PID=8466) to work on /opt/airflow/dags/DagScraper.py
[2026-04-16T22:25:29.028+0000] {processor.py:830} INFO - Processing file /opt/airflow/dags/DagScraper.py for tasks to queue
[2026-04-16T22:25:29.050+0000] {logging_mixin.py:188} INFO - [2026-04-16T22:25:29.049+0000] {dagbag.py:545} INFO - Filling up the DagBag from /opt/airflow/dags/DagScraper.py
[2026-04-16T22:25:29.249+0000] {processor.py:840} INFO - DAG(s) 'dag_scraping_offres_emploi' retrieved from /opt/airflow/dags/DagScraper.py
[2026-04-16T22:25:29.635+0000] {logging_mixin.py:188} INFO - [2026-04-16T22:25:29.634+0000] {dag.py:3096} INFO - Sync 1 DAGs
[2026-04-16T22:25:29.914+0000] {logging_mixin.py:188} INFO - [2026-04-16T22:25:29.913+0000] {dag.py:3954} INFO - Setting next_dagrun for dag_scraping_offres_emploi to 2026-04-16 12:00:00+00:00, run_after=2026-04-16 18:00:00+00:00
[2026-04-16T22:25:30.539+0000] {processor.py:183} INFO - Processing /opt/airflow/dags/DagScraper.py took 1.561 seconds
[2026-04-16T22:26:01.285+0000] {processor.py:161} INFO - Started process (PID=8480) to work on /opt/airflow/dags/DagScraper.py
[2026-04-16T22:26:01.293+0000] {processor.py:830} INFO - Processing file /opt/airflow/dags/DagScraper.py for tasks to queue
[2026-04-16T22:26:01.304+0000] {logging_mixin.py:188} INFO - [2026-04-16T22:26:01.303+0000] {dagbag.py:545} INFO - Filling up the DagBag from /opt/airflow/dags/DagScraper.py
[2026-04-16T22:26:01.477+0000] {processor.py:840} INFO - DAG(s) 'dag_scraping_offres_emploi' retrieved from /opt/airflow/dags/DagScraper.py
[2026-04-16T22:26:01.860+0000] {logging_mixin.py:188} INFO - [2026-04-16T22:26:01.859+0000] {dag.py:3096} INFO - Sync 1 DAGs
[2026-04-16T22:26:02.192+0000] {logging_mixin.py:188} INFO - [2026-04-16T22:26:02.192+0000] {dag.py:3954} INFO - Setting next_dagrun for dag_scraping_offres_emploi to 2026-04-16 12:00:00+00:00, run_after=2026-04-16 18:00:00+00:00
[2026-04-16T22:26:02.462+0000] {processor.py:183} INFO - Processing /opt/airflow/dags/DagScraper.py took 1.221 seconds
[2026-04-16T22:26:32.775+0000] {processor.py:161} INFO - Started process (PID=8489) to work on /opt/airflow/dags/DagScraper.py
[2026-04-16T22:26:32.776+0000] {processor.py:830} INFO - Processing file /opt/airflow/dags/DagScraper.py for tasks to queue
[2026-04-16T22:26:32.779+0000] {logging_mixin.py:188} INFO - [2026-04-16T22:26:32.778+0000] {dagbag.py:545} INFO - Filling up the DagBag from /opt/airflow/dags/DagScraper.py
[2026-04-16T22:26:32.816+0000] {processor.py:840} INFO - DAG(s) 'dag_scraping_offres_emploi' retrieved from /opt/airflow/dags/DagScraper.py
[2026-04-16T22:26:32.879+0000] {logging_mixin.py:188} INFO - [2026-04-16T22:26:32.878+0000] {dag.py:3096} INFO - Sync 1 DAGs
[2026-04-16T22:26:32.925+0000] {logging_mixin.py:188} INFO - [2026-04-16T22:26:32.925+0000] {dag.py:3954} INFO - Setting next_dagrun for dag_scraping_offres_emploi to 2026-04-16 12:00:00+00:00, run_after=2026-04-16 18:00:00+00:00
[2026-04-16T22:26:32.963+0000] {processor.py:183} INFO - Processing /opt/airflow/dags/DagScraper.py took 0.198 seconds
[2026-04-16T22:27:03.905+0000] {processor.py:161} INFO - Started process (PID=8504) to work on /opt/airflow/dags/DagScraper.py
[2026-04-16T22:27:03.915+0000] {processor.py:830} INFO - Processing file /opt/airflow/dags/DagScraper.py for tasks to queue
[2026-04-16T22:27:03.920+0000] {logging_mixin.py:188} INFO - [2026-04-16T22:27:03.919+0000] {dagbag.py:545} INFO - Filling up the DagBag from /opt/airflow/dags/DagScraper.py
[2026-04-16T22:27:03.999+0000] {processor.py:840} INFO - DAG(s) 'dag_scraping_offres_emploi' retrieved from /opt/airflow/dags/DagScraper.py
[2026-04-16T22:27:04.215+0000] {logging_mixin.py:188} INFO - [2026-04-16T22:27:04.215+0000] {dag.py:3096} INFO - Sync 1 DAGs
[2026-04-16T22:27:04.282+0000] {logging_mixin.py:188} INFO - [2026-04-16T22:27:04.282+0000] {dag.py:3954} INFO - Setting next_dagrun for dag_scraping_offres_emploi to 2026-04-16 12:00:00+00:00, run_after=2026-04-16 18:00:00+00:00
[2026-04-16T22:27:04.385+0000] {processor.py:183} INFO - Processing /opt/airflow/dags/DagScraper.py took 0.505 seconds
[2026-04-16T22:27:34.987+0000] {processor.py:161} INFO - Started process (PID=8511) to work on /opt/airflow/dags/DagScraper.py
[2026-04-16T22:27:34.989+0000] {processor.py:830} INFO - Processing file /opt/airflow/dags/DagScraper.py for tasks to queue
[2026-04-16T22:27:34.994+0000] {logging_mixin.py:188} INFO - [2026-04-16T22:27:34.992+0000] {dagbag.py:545} INFO - Filling up the DagBag from /opt/airflow/dags/DagScraper.py
[2026-04-16T22:27:35.060+0000] {processor.py:840} INFO - DAG(s) 'dag_scraping_offres_emploi' retrieved from /opt/airflow/dags/DagScraper.py
[2026-04-16T22:27:35.394+0000] {logging_mixin.py:188} INFO - [2026-04-16T22:27:35.393+0000] {dag.py:3096} INFO - Sync 1 DAGs
[2026-04-16T22:27:35.912+0000] {logging_mixin.py:188} INFO - [2026-04-16T22:27:35.912+0000] {dag.py:3954} INFO - Setting next_dagrun for dag_scraping_offres_emploi to 2026-04-16 12:00:00+00:00, run_after=2026-04-16 18:00:00+00:00
[2026-04-16T22:27:35.971+0000] {processor.py:183} INFO - Processing /opt/airflow/dags/DagScraper.py took 1.007 seconds
[2026-04-16T22:28:06.459+0000] {processor.py:161} INFO - Started process (PID=8524) to work on /opt/airflow/dags/DagScraper.py
[2026-04-16T22:28:06.465+0000] {processor.py:830} INFO - Processing file /opt/airflow/dags/DagScraper.py for tasks to queue
[2026-04-16T22:28:06.483+0000] {logging_mixin.py:188} INFO - [2026-04-16T22:28:06.480+0000] {dagbag.py:545} INFO - Filling up the DagBag from /opt/airflow/dags/DagScraper.py
[2026-04-16T22:28:06.592+0000] {processor.py:840} INFO - DAG(s) 'dag_scraping_offres_emploi' retrieved from /opt/airflow/dags/DagScraper.py
[2026-04-16T22:28:06.677+0000] {logging_mixin.py:188} INFO - [2026-04-16T22:28:06.673+0000] {dag.py:3096} INFO - Sync 1 DAGs
[2026-04-16T22:28:06.752+0000] {logging_mixin.py:188} INFO - [2026-04-16T22:28:06.751+0000] {dag.py:3954} INFO - Setting next_dagrun for dag_scraping_offres_emploi to 2026-04-16 12:00:00+00:00, run_after=2026-04-16 18:00:00+00:00
[2026-04-16T22:28:06.802+0000] {processor.py:183} INFO - Processing /opt/airflow/dags/DagScraper.py took 0.363 seconds
[2026-04-16T22:28:36.917+0000] {processor.py:161} INFO - Started process (PID=8532) to work on /opt/airflow/dags/DagScraper.py
[2026-04-16T22:28:36.918+0000] {processor.py:830} INFO - Processing file /opt/airflow/dags/DagScraper.py for tasks to queue
[2026-04-16T22:28:36.921+0000] {logging_mixin.py:188} INFO - [2026-04-16T22:28:36.921+0000] {dagbag.py:545} INFO - Filling up the DagBag from /opt/airflow/dags/DagScraper.py
[2026-04-16T22:28:36.966+0000] {processor.py:840} INFO - DAG(s) 'dag_scraping_offres_emploi' retrieved from /opt/airflow/dags/DagScraper.py
[2026-04-16T22:28:37.034+0000] {logging_mixin.py:188} INFO - [2026-04-16T22:28:37.033+0000] {dag.py:3096} INFO - Sync 1 DAGs
[2026-04-16T22:28:37.081+0000] {logging_mixin.py:188} INFO - [2026-04-16T22:28:37.081+0000] {dag.py:3954} INFO - Setting next_dagrun for dag_scraping_offres_emploi to 2026-04-16 12:00:00+00:00, run_after=2026-04-16 18:00:00+00:00
[2026-04-16T22:28:37.128+0000] {processor.py:183} INFO - Processing /opt/airflow/dags/DagScraper.py took 0.223 seconds
[2026-04-16T22:29:07.240+0000] {processor.py:161} INFO - Started process (PID=8546) to work on /opt/airflow/dags/DagScraper.py
[2026-04-16T22:29:07.244+0000] {processor.py:830} INFO - Processing file /opt/airflow/dags/DagScraper.py for tasks to queue
[2026-04-16T22:29:07.249+0000] {logging_mixin.py:188} INFO - [2026-04-16T22:29:07.248+0000] {dagbag.py:545} INFO - Filling up the DagBag from /opt/airflow/dags/DagScraper.py
[2026-04-16T22:29:07.344+0000] {processor.py:840} INFO - DAG(s) 'dag_scraping_offres_emploi' retrieved from /opt/airflow/dags/DagScraper.py
[2026-04-16T22:29:07.445+0000] {logging_mixin.py:188} INFO - [2026-04-16T22:29:07.445+0000] {dag.py:3096} INFO - Sync 1 DAGs
[2026-04-16T22:29:07.567+0000] {logging_mixin.py:188} INFO - [2026-04-16T22:29:07.567+0000] {dag.py:3954} INFO - Setting next_dagrun for dag_scraping_offres_emploi to 2026-04-16 12:00:00+00:00, run_after=2026-04-16 18:00:00+00:00
[2026-04-16T22:29:07.669+0000] {processor.py:183} INFO - Processing /opt/airflow/dags/DagScraper.py took 0.457 seconds
[2026-04-16T22:29:38.218+0000] {processor.py:161} INFO - Started process (PID=8554) to work on /opt/airflow/dags/DagScraper.py
[2026-04-16T22:29:38.224+0000] {processor.py:830} INFO - Processing file /opt/airflow/dags/DagScraper.py for tasks to queue
[2026-04-16T22:29:38.229+0000] {logging_mixin.py:188} INFO - [2026-04-16T22:29:38.228+0000] {dagbag.py:545} INFO - Filling up the DagBag from /opt/airflow/dags/DagScraper.py
[2026-04-16T22:29:38.305+0000] {processor.py:840} INFO - DAG(s) 'dag_scraping_offres_emploi' retrieved from /opt/airflow/dags/DagScraper.py
[2026-04-16T22:29:38.422+0000] {logging_mixin.py:188} INFO - [2026-04-16T22:29:38.421+0000] {dag.py:3096} INFO - Sync 1 DAGs
[2026-04-16T22:29:38.497+0000] {logging_mixin.py:188} INFO - [2026-04-16T22:29:38.496+0000] {dag.py:3954} INFO - Setting next_dagrun for dag_scraping_offres_emploi to 2026-04-16 12:00:00+00:00, run_after=2026-04-16 18:00:00+00:00
[2026-04-16T22:29:38.849+0000] {processor.py:183} INFO - Processing /opt/airflow/dags/DagScraper.py took 0.653 seconds
[2026-04-16T22:30:09.147+0000] {processor.py:161} INFO - Started process (PID=8570) to work on /opt/airflow/dags/DagScraper.py
[2026-04-16T22:30:09.150+0000] {processor.py:830} INFO - Processing file /opt/airflow/dags/DagScraper.py for tasks to queue
[2026-04-16T22:30:09.170+0000] {logging_mixin.py:188} INFO - [2026-04-16T22:30:09.169+0000] {dagbag.py:545} INFO - Filling up the DagBag from /opt/airflow/dags/DagScraper.py
[2026-04-16T22:30:09.358+0000] {processor.py:840} INFO - DAG(s) 'dag_scraping_offres_emploi' retrieved from /opt/airflow/dags/DagScraper.py
[2026-04-16T22:30:09.548+0000] {logging_mixin.py:188} INFO - [2026-04-16T22:30:09.547+0000] {dag.py:3096} INFO - Sync 1 DAGs
[2026-04-16T22:30:10.065+0000] {logging_mixin.py:188} INFO - [2026-04-16T22:30:10.064+0000] {dag.py:3954} INFO - Setting next_dagrun for dag_scraping_offres_emploi to 2026-04-16 12:00:00+00:00, run_after=2026-04-16 18:00:00+00:00
[2026-04-16T22:30:10.168+0000] {processor.py:183} INFO - Processing /opt/airflow/dags/DagScraper.py took 1.048 seconds
[2026-04-16T22:30:40.566+0000] {processor.py:161} INFO - Started process (PID=8578) to work on /opt/airflow/dags/DagScraper.py
[2026-04-16T22:30:40.568+0000] {processor.py:830} INFO - Processing file /opt/airflow/dags/DagScraper.py for tasks to queue
[2026-04-16T22:30:40.572+0000] {logging_mixin.py:188} INFO - [2026-04-16T22:30:40.572+0000] {dagbag.py:545} INFO - Filling up the DagBag from /opt/airflow/dags/DagScraper.py
[2026-04-16T22:30:40.617+0000] {processor.py:840} INFO - DAG(s) 'dag_scraping_offres_emploi' retrieved from /opt/airflow/dags/DagScraper.py
[2026-04-16T22:30:40.738+0000] {logging_mixin.py:188} INFO - [2026-04-16T22:30:40.737+0000] {dag.py:3096} INFO - Sync 1 DAGs
[2026-04-16T22:30:40.942+0000] {logging_mixin.py:188} INFO - [2026-04-16T22:30:40.942+0000] {dag.py:3954} INFO - Setting next_dagrun for dag_scraping_offres_emploi to 2026-04-16 12:00:00+00:00, run_after=2026-04-16 18:00:00+00:00
[2026-04-16T22:30:40.981+0000] {processor.py:183} INFO - Processing /opt/airflow/dags/DagScraper.py took 0.432 seconds
[2026-04-16T22:31:11.483+0000] {processor.py:161} INFO - Started process (PID=8593) to work on /opt/airflow/dags/DagScraper.py
[2026-04-16T22:31:11.484+0000] {processor.py:830} INFO - Processing file /opt/airflow/dags/DagScraper.py for tasks to queue
[2026-04-16T22:31:11.488+0000] {logging_mixin.py:188} INFO - [2026-04-16T22:31:11.487+0000] {dagbag.py:545} INFO - Filling up the DagBag from /opt/airflow/dags/DagScraper.py
[2026-04-16T22:31:11.524+0000] {processor.py:840} INFO - DAG(s) 'dag_scraping_offres_emploi' retrieved from /opt/airflow/dags/DagScraper.py
[2026-04-16T22:31:11.584+0000] {logging_mixin.py:188} INFO - [2026-04-16T22:31:11.583+0000] {dag.py:3096} INFO - Sync 1 DAGs
[2026-04-16T22:31:11.627+0000] {logging_mixin.py:188} INFO - [2026-04-16T22:31:11.626+0000] {dag.py:3954} INFO - Setting next_dagrun for dag_scraping_offres_emploi to 2026-04-16 12:00:00+00:00, run_after=2026-04-16 18:00:00+00:00
[2026-04-16T22:31:11.665+0000] {processor.py:183} INFO - Processing /opt/airflow/dags/DagScraper.py took 0.194 seconds
[2026-04-16T22:31:42.099+0000] {processor.py:161} INFO - Started process (PID=8601) to work on /opt/airflow/dags/DagScraper.py
[2026-04-16T22:31:42.101+0000] {processor.py:830} INFO - Processing file /opt/airflow/dags/DagScraper.py for tasks to queue
[2026-04-16T22:31:42.104+0000] {logging_mixin.py:188} INFO - [2026-04-16T22:31:42.104+0000] {dagbag.py:545} INFO - Filling up the DagBag from /opt/airflow/dags/DagScraper.py
[2026-04-16T22:31:42.167+0000] {processor.py:840} INFO - DAG(s) 'dag_scraping_offres_emploi' retrieved from /opt/airflow/dags/DagScraper.py
[2026-04-16T22:31:42.252+0000] {logging_mixin.py:188} INFO - [2026-04-16T22:31:42.251+0000] {dag.py:3096} INFO - Sync 1 DAGs
[2026-04-16T22:31:42.312+0000] {logging_mixin.py:188} INFO - [2026-04-16T22:31:42.310+0000] {dag.py:3954} INFO - Setting next_dagrun for dag_scraping_offres_emploi to 2026-04-16 12:00:00+00:00, run_after=2026-04-16 18:00:00+00:00
[2026-04-16T22:31:42.375+0000] {processor.py:183} INFO - Processing /opt/airflow/dags/DagScraper.py took 0.287 seconds
[2026-04-16T22:32:12.951+0000] {processor.py:161} INFO - Started process (PID=8615) to work on /opt/airflow/dags/DagScraper.py
[2026-04-16T22:32:12.953+0000] {processor.py:830} INFO - Processing file /opt/airflow/dags/DagScraper.py for tasks to queue
[2026-04-16T22:32:12.956+0000] {logging_mixin.py:188} INFO - [2026-04-16T22:32:12.955+0000] {dagbag.py:545} INFO - Filling up the DagBag from /opt/airflow/dags/DagScraper.py
[2026-04-16T22:32:12.994+0000] {processor.py:840} INFO - DAG(s) 'dag_scraping_offres_emploi' retrieved from /opt/airflow/dags/DagScraper.py
[2026-04-16T22:32:13.050+0000] {logging_mixin.py:188} INFO - [2026-04-16T22:32:13.050+0000] {dag.py:3096} INFO - Sync 1 DAGs
[2026-04-16T22:32:13.087+0000] {logging_mixin.py:188} INFO - [2026-04-16T22:32:13.087+0000] {dag.py:3954} INFO - Setting next_dagrun for dag_scraping_offres_emploi to 2026-04-16 12:00:00+00:00, run_after=2026-04-16 18:00:00+00:00
[2026-04-16T22:32:13.292+0000] {processor.py:183} INFO - Processing /opt/airflow/dags/DagScraper.py took 0.350 seconds
[2026-04-16T22:32:43.767+0000] {processor.py:161} INFO - Started process (PID=8630) to work on /opt/airflow/dags/DagScraper.py
[2026-04-16T22:32:43.769+0000] {processor.py:830} INFO - Processing file /opt/airflow/dags/DagScraper.py for tasks to queue
[2026-04-16T22:32:43.772+0000] {logging_mixin.py:188} INFO - [2026-04-16T22:32:43.772+0000] {dagbag.py:545} INFO - Filling up the DagBag from /opt/airflow/dags/DagScraper.py
[2026-04-16T22:32:43.809+0000] {processor.py:840} INFO - DAG(s) 'dag_scraping_offres_emploi' retrieved from /opt/airflow/dags/DagScraper.py
[2026-04-16T22:32:43.865+0000] {logging_mixin.py:188} INFO - [2026-04-16T22:32:43.865+0000] {dag.py:3096} INFO - Sync 1 DAGs
[2026-04-16T22:32:44.080+0000] {logging_mixin.py:188} INFO - [2026-04-16T22:32:44.080+0000] {dag.py:3954} INFO - Setting next_dagrun for dag_scraping_offres_emploi to 2026-04-16 12:00:00+00:00, run_after=2026-04-16 18:00:00+00:00
[2026-04-16T22:32:44.122+0000] {processor.py:183} INFO - Processing /opt/airflow/dags/DagScraper.py took 0.363 seconds
[2026-04-16T22:33:14.526+0000] {processor.py:161} INFO - Started process (PID=8638) to work on /opt/airflow/dags/DagScraper.py
[2026-04-16T22:33:14.527+0000] {processor.py:830} INFO - Processing file /opt/airflow/dags/DagScraper.py for tasks to queue
[2026-04-16T22:33:14.530+0000] {logging_mixin.py:188} INFO - [2026-04-16T22:33:14.530+0000] {dagbag.py:545} INFO - Filling up the DagBag from /opt/airflow/dags/DagScraper.py
[2026-04-16T22:33:14.566+0000] {processor.py:840} INFO - DAG(s) 'dag_scraping_offres_emploi' retrieved from /opt/airflow/dags/DagScraper.py
[2026-04-16T22:33:14.621+0000] {logging_mixin.py:188} INFO - [2026-04-16T22:33:14.621+0000] {dag.py:3096} INFO - Sync 1 DAGs
[2026-04-16T22:33:14.658+0000] {logging_mixin.py:188} INFO - [2026-04-16T22:33:14.657+0000] {dag.py:3954} INFO - Setting next_dagrun for dag_scraping_offres_emploi to 2026-04-16 12:00:00+00:00, run_after=2026-04-16 18:00:00+00:00
[2026-04-16T22:33:14.700+0000] {processor.py:183} INFO - Processing /opt/airflow/dags/DagScraper.py took 0.184 seconds
[2026-04-16T22:33:45.070+0000] {processor.py:161} INFO - Started process (PID=8652) to work on /opt/airflow/dags/DagScraper.py
[2026-04-16T22:33:45.072+0000] {processor.py:830} INFO - Processing file /opt/airflow/dags/DagScraper.py for tasks to queue
[2026-04-16T22:33:45.074+0000] {logging_mixin.py:188} INFO - [2026-04-16T22:33:45.074+0000] {dagbag.py:545} INFO - Filling up the DagBag from /opt/airflow/dags/DagScraper.py
[2026-04-16T22:33:45.115+0000] {processor.py:840} INFO - DAG(s) 'dag_scraping_offres_emploi' retrieved from /opt/airflow/dags/DagScraper.py
[2026-04-16T22:33:45.179+0000] {logging_mixin.py:188} INFO - [2026-04-16T22:33:45.179+0000] {dag.py:3096} INFO - Sync 1 DAGs
[2026-04-16T22:33:45.223+0000] {logging_mixin.py:188} INFO - [2026-04-16T22:33:45.222+0000] {dag.py:3954} INFO - Setting next_dagrun for dag_scraping_offres_emploi to 2026-04-16 12:00:00+00:00, run_after=2026-04-16 18:00:00+00:00
[2026-04-16T22:33:45.274+0000] {processor.py:183} INFO - Processing /opt/airflow/dags/DagScraper.py took 0.213 seconds
[2026-04-16T22:34:15.662+0000] {processor.py:161} INFO - Started process (PID=8660) to work on /opt/airflow/dags/DagScraper.py
[2026-04-16T22:34:15.664+0000] {processor.py:830} INFO - Processing file /opt/airflow/dags/DagScraper.py for tasks to queue
[2026-04-16T22:34:15.667+0000] {logging_mixin.py:188} INFO - [2026-04-16T22:34:15.667+0000] {dagbag.py:545} INFO - Filling up the DagBag from /opt/airflow/dags/DagScraper.py
[2026-04-16T22:34:15.706+0000] {processor.py:840} INFO - DAG(s) 'dag_scraping_offres_emploi' retrieved from /opt/airflow/dags/DagScraper.py
[2026-04-16T22:34:15.770+0000] {logging_mixin.py:188} INFO - [2026-04-16T22:34:15.769+0000] {dag.py:3096} INFO - Sync 1 DAGs
[2026-04-16T22:34:15.834+0000] {logging_mixin.py:188} INFO - [2026-04-16T22:34:15.834+0000] {dag.py:3954} INFO - Setting next_dagrun for dag_scraping_offres_emploi to 2026-04-16 12:00:00+00:00, run_after=2026-04-16 18:00:00+00:00
[2026-04-16T22:34:15.874+0000] {processor.py:183} INFO - Processing /opt/airflow/dags/DagScraper.py took 0.225 seconds
[2026-04-16T22:34:46.255+0000] {processor.py:161} INFO - Started process (PID=8675) to work on /opt/airflow/dags/DagScraper.py
[2026-04-16T22:34:46.257+0000] {processor.py:830} INFO - Processing file /opt/airflow/dags/DagScraper.py for tasks to queue
[2026-04-16T22:34:46.261+0000] {logging_mixin.py:188} INFO - [2026-04-16T22:34:46.260+0000] {dagbag.py:545} INFO - Filling up the DagBag from /opt/airflow/dags/DagScraper.py
[2026-04-16T22:34:46.354+0000] {processor.py:840} INFO - DAG(s) 'dag_scraping_offres_emploi' retrieved from /opt/airflow/dags/DagScraper.py
[2026-04-16T22:34:46.455+0000] {logging_mixin.py:188} INFO - [2026-04-16T22:34:46.453+0000] {dag.py:3096} INFO - Sync 1 DAGs
[2026-04-16T22:34:46.711+0000] {logging_mixin.py:188} INFO - [2026-04-16T22:34:46.711+0000] {dag.py:3954} INFO - Setting next_dagrun for dag_scraping_offres_emploi to 2026-04-16 12:00:00+00:00, run_after=2026-04-16 18:00:00+00:00
[2026-04-16T22:34:46.751+0000] {processor.py:183} INFO - Processing /opt/airflow/dags/DagScraper.py took 0.508 seconds
[2026-04-16T22:35:17.165+0000] {processor.py:161} INFO - Started process (PID=8684) to work on /opt/airflow/dags/DagScraper.py
[2026-04-16T22:35:17.167+0000] {processor.py:830} INFO - Processing file /opt/airflow/dags/DagScraper.py for tasks to queue
[2026-04-16T22:35:17.171+0000] {logging_mixin.py:188} INFO - [2026-04-16T22:35:17.171+0000] {dagbag.py:545} INFO - Filling up the DagBag from /opt/airflow/dags/DagScraper.py
[2026-04-16T22:35:17.208+0000] {processor.py:840} INFO - DAG(s) 'dag_scraping_offres_emploi' retrieved from /opt/airflow/dags/DagScraper.py
[2026-04-16T22:35:17.456+0000] {logging_mixin.py:188} INFO - [2026-04-16T22:35:17.455+0000] {dag.py:3096} INFO - Sync 1 DAGs
[2026-04-16T22:35:17.543+0000] {logging_mixin.py:188} INFO - [2026-04-16T22:35:17.542+0000] {dag.py:3954} INFO - Setting next_dagrun for dag_scraping_offres_emploi to 2026-04-16 12:00:00+00:00, run_after=2026-04-16 18:00:00+00:00
[2026-04-16T22:35:17.589+0000] {processor.py:183} INFO - Processing /opt/airflow/dags/DagScraper.py took 0.432 seconds
[2026-04-16T22:35:48.009+0000] {processor.py:161} INFO - Started process (PID=8698) to work on /opt/airflow/dags/DagScraper.py
[2026-04-16T22:35:48.011+0000] {processor.py:830} INFO - Processing file /opt/airflow/dags/DagScraper.py for tasks to queue
[2026-04-16T22:35:48.014+0000] {logging_mixin.py:188} INFO - [2026-04-16T22:35:48.013+0000] {dagbag.py:545} INFO - Filling up the DagBag from /opt/airflow/dags/DagScraper.py
[2026-04-16T22:35:48.064+0000] {processor.py:840} INFO - DAG(s) 'dag_scraping_offres_emploi' retrieved from /opt/airflow/dags/DagScraper.py
[2026-04-16T22:35:48.146+0000] {logging_mixin.py:188} INFO - [2026-04-16T22:35:48.145+0000] {dag.py:3096} INFO - Sync 1 DAGs
[2026-04-16T22:35:48.272+0000] {logging_mixin.py:188} INFO - [2026-04-16T22:35:48.271+0000] {dag.py:3954} INFO - Setting next_dagrun for dag_scraping_offres_emploi to 2026-04-16 12:00:00+00:00, run_after=2026-04-16 18:00:00+00:00
[2026-04-16T22:35:48.391+0000] {processor.py:183} INFO - Processing /opt/airflow/dags/DagScraper.py took 0.394 seconds
[2026-04-16T22:36:18.842+0000] {processor.py:161} INFO - Started process (PID=8706) to work on /opt/airflow/dags/DagScraper.py
[2026-04-16T22:36:18.845+0000] {processor.py:830} INFO - Processing file /opt/airflow/dags/DagScraper.py for tasks to queue
[2026-04-16T22:36:18.848+0000] {logging_mixin.py:188} INFO - [2026-04-16T22:36:18.847+0000] {dagbag.py:545} INFO - Filling up the DagBag from /opt/airflow/dags/DagScraper.py
[2026-04-16T22:36:18.884+0000] {processor.py:840} INFO - DAG(s) 'dag_scraping_offres_emploi' retrieved from /opt/airflow/dags/DagScraper.py
[2026-04-16T22:36:18.941+0000] {logging_mixin.py:188} INFO - [2026-04-16T22:36:18.939+0000] {dag.py:3096} INFO - Sync 1 DAGs
[2026-04-16T22:36:18.978+0000] {logging_mixin.py:188} INFO - [2026-04-16T22:36:18.978+0000] {dag.py:3954} INFO - Setting next_dagrun for dag_scraping_offres_emploi to 2026-04-16 12:00:00+00:00, run_after=2026-04-16 18:00:00+00:00
[2026-04-16T22:36:19.019+0000] {processor.py:183} INFO - Processing /opt/airflow/dags/DagScraper.py took 0.185 seconds
[2026-04-16T22:36:49.536+0000] {processor.py:161} INFO - Started process (PID=8721) to work on /opt/airflow/dags/DagScraper.py
[2026-04-16T22:36:49.538+0000] {processor.py:830} INFO - Processing file /opt/airflow/dags/DagScraper.py for tasks to queue
[2026-04-16T22:36:49.554+0000] {logging_mixin.py:188} INFO - [2026-04-16T22:36:49.551+0000] {dagbag.py:545} INFO - Filling up the DagBag from /opt/airflow/dags/DagScraper.py
[2026-04-16T22:36:49.612+0000] {processor.py:840} INFO - DAG(s) 'dag_scraping_offres_emploi' retrieved from /opt/airflow/dags/DagScraper.py
[2026-04-16T22:36:49.675+0000] {logging_mixin.py:188} INFO - [2026-04-16T22:36:49.675+0000] {dag.py:3096} INFO - Sync 1 DAGs
[2026-04-16T22:36:49.718+0000] {logging_mixin.py:188} INFO - [2026-04-16T22:36:49.717+0000] {dag.py:3954} INFO - Setting next_dagrun for dag_scraping_offres_emploi to 2026-04-16 12:00:00+00:00, run_after=2026-04-16 18:00:00+00:00
[2026-04-16T22:36:50.031+0000] {processor.py:183} INFO - Processing /opt/airflow/dags/DagScraper.py took 0.523 seconds
[2026-04-16T22:37:20.481+0000] {processor.py:161} INFO - Started process (PID=8730) to work on /opt/airflow/dags/DagScraper.py
[2026-04-16T22:37:20.483+0000] {processor.py:830} INFO - Processing file /opt/airflow/dags/DagScraper.py for tasks to queue
[2026-04-16T22:37:20.487+0000] {logging_mixin.py:188} INFO - [2026-04-16T22:37:20.487+0000] {dagbag.py:545} INFO - Filling up the DagBag from /opt/airflow/dags/DagScraper.py
[2026-04-16T22:37:20.528+0000] {processor.py:840} INFO - DAG(s) 'dag_scraping_offres_emploi' retrieved from /opt/airflow/dags/DagScraper.py
[2026-04-16T22:37:20.605+0000] {logging_mixin.py:188} INFO - [2026-04-16T22:37:20.604+0000] {dag.py:3096} INFO - Sync 1 DAGs
[2026-04-16T22:37:20.820+0000] {logging_mixin.py:188} INFO - [2026-04-16T22:37:20.820+0000] {dag.py:3954} INFO - Setting next_dagrun for dag_scraping_offres_emploi to 2026-04-16 12:00:00+00:00, run_after=2026-04-16 18:00:00+00:00
[2026-04-16T22:37:20.851+0000] {processor.py:183} INFO - Processing /opt/airflow/dags/DagScraper.py took 0.380 seconds
[2026-04-16T22:37:51.344+0000] {processor.py:161} INFO - Started process (PID=8745) to work on /opt/airflow/dags/DagScraper.py
[2026-04-16T22:37:51.346+0000] {processor.py:830} INFO - Processing file /opt/airflow/dags/DagScraper.py for tasks to queue
[2026-04-16T22:37:51.349+0000] {logging_mixin.py:188} INFO - [2026-04-16T22:37:51.348+0000] {dagbag.py:545} INFO - Filling up the DagBag from /opt/airflow/dags/DagScraper.py
[2026-04-16T22:37:51.381+0000] {processor.py:840} INFO - DAG(s) 'dag_scraping_offres_emploi' retrieved from /opt/airflow/dags/DagScraper.py
[2026-04-16T22:37:51.648+0000] {logging_mixin.py:188} INFO - [2026-04-16T22:37:51.648+0000] {dag.py:3096} INFO - Sync 1 DAGs
[2026-04-16T22:37:51.733+0000] {logging_mixin.py:188} INFO - [2026-04-16T22:37:51.732+0000] {dag.py:3954} INFO - Setting next_dagrun for dag_scraping_offres_emploi to 2026-04-16 12:00:00+00:00, run_after=2026-04-16 18:00:00+00:00
[2026-04-16T22:37:51.793+0000] {processor.py:183} INFO - Processing /opt/airflow/dags/DagScraper.py took 0.458 seconds
[2026-04-16T22:38:22.260+0000] {processor.py:161} INFO - Started process (PID=8753) to work on /opt/airflow/dags/DagScraper.py
[2026-04-16T22:38:22.262+0000] {processor.py:830} INFO - Processing file /opt/airflow/dags/DagScraper.py for tasks to queue
[2026-04-16T22:38:22.265+0000] {logging_mixin.py:188} INFO - [2026-04-16T22:38:22.265+0000] {dagbag.py:545} INFO - Filling up the DagBag from /opt/airflow/dags/DagScraper.py
[2026-04-16T22:38:22.305+0000] {processor.py:840} INFO - DAG(s) 'dag_scraping_offres_emploi' retrieved from /opt/airflow/dags/DagScraper.py
[2026-04-16T22:38:22.363+0000] {logging_mixin.py:188} INFO - [2026-04-16T22:38:22.362+0000] {dag.py:3096} INFO - Sync 1 DAGs
[2026-04-16T22:38:22.399+0000] {logging_mixin.py:188} INFO - [2026-04-16T22:38:22.399+0000] {dag.py:3954} INFO - Setting next_dagrun for dag_scraping_offres_emploi to 2026-04-16 12:00:00+00:00, run_after=2026-04-16 18:00:00+00:00
[2026-04-16T22:38:22.437+0000] {processor.py:183} INFO - Processing /opt/airflow/dags/DagScraper.py took 0.186 seconds
[2026-04-16T22:38:52.874+0000] {processor.py:161} INFO - Started process (PID=8767) to work on /opt/airflow/dags/DagScraper.py
[2026-04-16T22:38:52.876+0000] {processor.py:830} INFO - Processing file /opt/airflow/dags/DagScraper.py for tasks to queue
[2026-04-16T22:38:52.880+0000] {logging_mixin.py:188} INFO - [2026-04-16T22:38:52.879+0000] {dagbag.py:545} INFO - Filling up the DagBag from /opt/airflow/dags/DagScraper.py
[2026-04-16T22:38:52.943+0000] {processor.py:840} INFO - DAG(s) 'dag_scraping_offres_emploi' retrieved from /opt/airflow/dags/DagScraper.py
[2026-04-16T22:38:53.049+0000] {logging_mixin.py:188} INFO - [2026-04-16T22:38:53.049+0000] {dag.py:3096} INFO - Sync 1 DAGs
[2026-04-16T22:38:53.095+0000] {logging_mixin.py:188} INFO - [2026-04-16T22:38:53.095+0000] {dag.py:3954} INFO - Setting next_dagrun for dag_scraping_offres_emploi to 2026-04-16 12:00:00+00:00, run_after=2026-04-16 18:00:00+00:00
[2026-04-16T22:38:53.134+0000] {processor.py:183} INFO - Processing /opt/airflow/dags/DagScraper.py took 0.273 seconds
[2026-04-16T22:39:23.250+0000] {processor.py:161} INFO - Started process (PID=8775) to work on /opt/airflow/dags/DagScraper.py
[2026-04-16T22:39:23.251+0000] {processor.py:830} INFO - Processing file /opt/airflow/dags/DagScraper.py for tasks to queue
[2026-04-16T22:39:23.255+0000] {logging_mixin.py:188} INFO - [2026-04-16T22:39:23.255+0000] {dagbag.py:545} INFO - Filling up the DagBag from /opt/airflow/dags/DagScraper.py
[2026-04-16T22:39:23.298+0000] {processor.py:840} INFO - DAG(s) 'dag_scraping_offres_emploi' retrieved from /opt/airflow/dags/DagScraper.py
[2026-04-16T22:39:23.365+0000] {logging_mixin.py:188} INFO - [2026-04-16T22:39:23.365+0000] {dag.py:3096} INFO - Sync 1 DAGs
[2026-04-16T22:39:23.416+0000] {logging_mixin.py:188} INFO - [2026-04-16T22:39:23.416+0000] {dag.py:3954} INFO - Setting next_dagrun for dag_scraping_offres_emploi to 2026-04-16 12:00:00+00:00, run_after=2026-04-16 18:00:00+00:00
[2026-04-16T22:39:23.468+0000] {processor.py:183} INFO - Processing /opt/airflow/dags/DagScraper.py took 0.230 seconds
[2026-04-16T22:39:53.920+0000] {processor.py:161} INFO - Started process (PID=8789) to work on /opt/airflow/dags/DagScraper.py
[2026-04-16T22:39:53.922+0000] {processor.py:830} INFO - Processing file /opt/airflow/dags/DagScraper.py for tasks to queue
[2026-04-16T22:39:53.925+0000] {logging_mixin.py:188} INFO - [2026-04-16T22:39:53.925+0000] {dagbag.py:545} INFO - Filling up the DagBag from /opt/airflow/dags/DagScraper.py
[2026-04-16T22:39:53.990+0000] {processor.py:840} INFO - DAG(s) 'dag_scraping_offres_emploi' retrieved from /opt/airflow/dags/DagScraper.py
[2026-04-16T22:39:54.124+0000] {logging_mixin.py:188} INFO - [2026-04-16T22:39:54.123+0000] {dag.py:3096} INFO - Sync 1 DAGs
[2026-04-16T22:39:54.187+0000] {logging_mixin.py:188} INFO - [2026-04-16T22:39:54.187+0000] {dag.py:3954} INFO - Setting next_dagrun for dag_scraping_offres_emploi to 2026-04-16 12:00:00+00:00, run_after=2026-04-16 18:00:00+00:00
[2026-04-16T22:39:54.238+0000] {processor.py:183} INFO - Processing /opt/airflow/dags/DagScraper.py took 0.329 seconds
[2026-04-16T22:40:24.693+0000] {processor.py:161} INFO - Started process (PID=8797) to work on /opt/airflow/dags/DagScraper.py
[2026-04-16T22:40:24.695+0000] {processor.py:830} INFO - Processing file /opt/airflow/dags/DagScraper.py for tasks to queue
[2026-04-16T22:40:24.698+0000] {logging_mixin.py:188} INFO - [2026-04-16T22:40:24.697+0000] {dagbag.py:545} INFO - Filling up the DagBag from /opt/airflow/dags/DagScraper.py
[2026-04-16T22:40:24.734+0000] {processor.py:840} INFO - DAG(s) 'dag_scraping_offres_emploi' retrieved from /opt/airflow/dags/DagScraper.py
[2026-04-16T22:40:24.789+0000] {logging_mixin.py:188} INFO - [2026-04-16T22:40:24.789+0000] {dag.py:3096} INFO - Sync 1 DAGs
[2026-04-16T22:40:24.826+0000] {logging_mixin.py:188} INFO - [2026-04-16T22:40:24.826+0000] {dag.py:3954} INFO - Setting next_dagrun for dag_scraping_offres_emploi to 2026-04-16 12:00:00+00:00, run_after=2026-04-16 18:00:00+00:00
[2026-04-16T22:40:24.864+0000] {processor.py:183} INFO - Processing /opt/airflow/dags/DagScraper.py took 0.181 seconds
[2026-04-16T22:40:55.263+0000] {processor.py:161} INFO - Started process (PID=8811) to work on /opt/airflow/dags/DagScraper.py
[2026-04-16T22:40:55.265+0000] {processor.py:830} INFO - Processing file /opt/airflow/dags/DagScraper.py for tasks to queue
[2026-04-16T22:40:55.268+0000] {logging_mixin.py:188} INFO - [2026-04-16T22:40:55.268+0000] {dagbag.py:545} INFO - Filling up the DagBag from /opt/airflow/dags/DagScraper.py
[2026-04-16T22:40:55.310+0000] {processor.py:840} INFO - DAG(s) 'dag_scraping_offres_emploi' retrieved from /opt/airflow/dags/DagScraper.py
[2026-04-16T22:40:55.380+0000] {logging_mixin.py:188} INFO - [2026-04-16T22:40:55.379+0000] {dag.py:3096} INFO - Sync 1 DAGs
[2026-04-16T22:40:55.420+0000] {logging_mixin.py:188} INFO - [2026-04-16T22:40:55.419+0000] {dag.py:3954} INFO - Setting next_dagrun for dag_scraping_offres_emploi to 2026-04-16 12:00:00+00:00, run_after=2026-04-16 18:00:00+00:00
[2026-04-16T22:40:55.464+0000] {processor.py:183} INFO - Processing /opt/airflow/dags/DagScraper.py took 0.213 seconds
[2026-04-16T22:41:25.934+0000] {processor.py:161} INFO - Started process (PID=8826) to work on /opt/airflow/dags/DagScraper.py
[2026-04-16T22:41:25.939+0000] {processor.py:830} INFO - Processing file /opt/airflow/dags/DagScraper.py for tasks to queue
[2026-04-16T22:41:25.945+0000] {logging_mixin.py:188} INFO - [2026-04-16T22:41:25.944+0000] {dagbag.py:545} INFO - Filling up the DagBag from /opt/airflow/dags/DagScraper.py
[2026-04-16T22:41:26.003+0000] {processor.py:840} INFO - DAG(s) 'dag_scraping_offres_emploi' retrieved from /opt/airflow/dags/DagScraper.py
[2026-04-16T22:41:26.061+0000] {logging_mixin.py:188} INFO - [2026-04-16T22:41:26.060+0000] {dag.py:3096} INFO - Sync 1 DAGs
[2026-04-16T22:41:26.100+0000] {logging_mixin.py:188} INFO - [2026-04-16T22:41:26.100+0000] {dag.py:3954} INFO - Setting next_dagrun for dag_scraping_offres_emploi to 2026-04-16 12:00:00+00:00, run_after=2026-04-16 18:00:00+00:00
[2026-04-16T22:41:26.134+0000] {processor.py:183} INFO - Processing /opt/airflow/dags/DagScraper.py took 0.219 seconds
[2026-04-16T22:41:56.515+0000] {processor.py:161} INFO - Started process (PID=8834) to work on /opt/airflow/dags/DagScraper.py
[2026-04-16T22:41:56.517+0000] {processor.py:830} INFO - Processing file /opt/airflow/dags/DagScraper.py for tasks to queue
[2026-04-16T22:41:56.521+0000] {logging_mixin.py:188} INFO - [2026-04-16T22:41:56.520+0000] {dagbag.py:545} INFO - Filling up the DagBag from /opt/airflow/dags/DagScraper.py
[2026-04-16T22:41:56.563+0000] {processor.py:840} INFO - DAG(s) 'dag_scraping_offres_emploi' retrieved from /opt/airflow/dags/DagScraper.py
[2026-04-16T22:41:56.636+0000] {logging_mixin.py:188} INFO - [2026-04-16T22:41:56.635+0000] {dag.py:3096} INFO - Sync 1 DAGs
[2026-04-16T22:41:56.677+0000] {logging_mixin.py:188} INFO - [2026-04-16T22:41:56.677+0000] {dag.py:3954} INFO - Setting next_dagrun for dag_scraping_offres_emploi to 2026-04-16 12:00:00+00:00, run_after=2026-04-16 18:00:00+00:00
[2026-04-16T22:41:56.725+0000] {processor.py:183} INFO - Processing /opt/airflow/dags/DagScraper.py took 0.222 seconds
[2026-04-16T22:42:27.207+0000] {processor.py:161} INFO - Started process (PID=8849) to work on /opt/airflow/dags/DagScraper.py
[2026-04-16T22:42:27.208+0000] {processor.py:830} INFO - Processing file /opt/airflow/dags/DagScraper.py for tasks to queue
[2026-04-16T22:42:27.211+0000] {logging_mixin.py:188} INFO - [2026-04-16T22:42:27.211+0000] {dagbag.py:545} INFO - Filling up the DagBag from /opt/airflow/dags/DagScraper.py
[2026-04-16T22:42:27.247+0000] {processor.py:840} INFO - DAG(s) 'dag_scraping_offres_emploi' retrieved from /opt/airflow/dags/DagScraper.py
[2026-04-16T22:42:27.303+0000] {logging_mixin.py:188} INFO - [2026-04-16T22:42:27.302+0000] {dag.py:3096} INFO - Sync 1 DAGs
[2026-04-16T22:42:27.339+0000] {logging_mixin.py:188} INFO - [2026-04-16T22:42:27.339+0000] {dag.py:3954} INFO - Setting next_dagrun for dag_scraping_offres_emploi to 2026-04-16 12:00:00+00:00, run_after=2026-04-16 18:00:00+00:00
[2026-04-16T22:42:27.378+0000] {processor.py:183} INFO - Processing /opt/airflow/dags/DagScraper.py took 0.180 seconds
[2026-04-16T22:42:57.855+0000] {processor.py:161} INFO - Started process (PID=8857) to work on /opt/airflow/dags/DagScraper.py
[2026-04-16T22:42:57.857+0000] {processor.py:830} INFO - Processing file /opt/airflow/dags/DagScraper.py for tasks to queue
[2026-04-16T22:42:57.862+0000] {logging_mixin.py:188} INFO - [2026-04-16T22:42:57.861+0000] {dagbag.py:545} INFO - Filling up the DagBag from /opt/airflow/dags/DagScraper.py
[2026-04-16T22:42:57.912+0000] {processor.py:840} INFO - DAG(s) 'dag_scraping_offres_emploi' retrieved from /opt/airflow/dags/DagScraper.py
[2026-04-16T22:42:57.982+0000] {logging_mixin.py:188} INFO - [2026-04-16T22:42:57.981+0000] {dag.py:3096} INFO - Sync 1 DAGs
[2026-04-16T22:42:58.021+0000] {logging_mixin.py:188} INFO - [2026-04-16T22:42:58.020+0000] {dag.py:3954} INFO - Setting next_dagrun for dag_scraping_offres_emploi to 2026-04-16 12:00:00+00:00, run_after=2026-04-16 18:00:00+00:00
[2026-04-16T22:42:58.095+0000] {processor.py:183} INFO - Processing /opt/airflow/dags/DagScraper.py took 0.259 seconds
[2026-04-16T22:43:28.487+0000] {processor.py:161} INFO - Started process (PID=8872) to work on /opt/airflow/dags/DagScraper.py
[2026-04-16T22:43:28.489+0000] {processor.py:830} INFO - Processing file /opt/airflow/dags/DagScraper.py for tasks to queue
[2026-04-16T22:43:28.493+0000] {logging_mixin.py:188} INFO - [2026-04-16T22:43:28.492+0000] {dagbag.py:545} INFO - Filling up the DagBag from /opt/airflow/dags/DagScraper.py
[2026-04-16T22:43:28.533+0000] {processor.py:840} INFO - DAG(s) 'dag_scraping_offres_emploi' retrieved from /opt/airflow/dags/DagScraper.py
[2026-04-16T22:43:28.590+0000] {logging_mixin.py:188} INFO - [2026-04-16T22:43:28.590+0000] {dag.py:3096} INFO - Sync 1 DAGs
[2026-04-16T22:43:28.638+0000] {logging_mixin.py:188} INFO - [2026-04-16T22:43:28.638+0000] {dag.py:3954} INFO - Setting next_dagrun for dag_scraping_offres_emploi to 2026-04-16 12:00:00+00:00, run_after=2026-04-16 18:00:00+00:00
[2026-04-16T22:43:28.685+0000] {processor.py:183} INFO - Processing /opt/airflow/dags/DagScraper.py took 0.209 seconds
[2026-04-16T22:43:58.861+0000] {processor.py:161} INFO - Started process (PID=8879) to work on /opt/airflow/dags/DagScraper.py
[2026-04-16T22:43:58.862+0000] {processor.py:830} INFO - Processing file /opt/airflow/dags/DagScraper.py for tasks to queue
[2026-04-16T22:43:58.866+0000] {logging_mixin.py:188} INFO - [2026-04-16T22:43:58.865+0000] {dagbag.py:545} INFO - Filling up the DagBag from /opt/airflow/dags/DagScraper.py
[2026-04-16T22:43:58.905+0000] {processor.py:840} INFO - DAG(s) 'dag_scraping_offres_emploi' retrieved from /opt/airflow/dags/DagScraper.py
[2026-04-16T22:43:58.962+0000] {logging_mixin.py:188} INFO - [2026-04-16T22:43:58.961+0000] {dag.py:3096} INFO - Sync 1 DAGs
[2026-04-16T22:43:58.998+0000] {logging_mixin.py:188} INFO - [2026-04-16T22:43:58.998+0000] {dag.py:3954} INFO - Setting next_dagrun for dag_scraping_offres_emploi to 2026-04-16 12:00:00+00:00, run_after=2026-04-16 18:00:00+00:00
[2026-04-16T22:43:59.047+0000] {processor.py:183} INFO - Processing /opt/airflow/dags/DagScraper.py took 0.196 seconds
[2026-04-16T22:44:29.642+0000] {processor.py:161} INFO - Started process (PID=8894) to work on /opt/airflow/dags/DagScraper.py
[2026-04-16T22:44:29.644+0000] {processor.py:830} INFO - Processing file /opt/airflow/dags/DagScraper.py for tasks to queue
[2026-04-16T22:44:29.650+0000] {logging_mixin.py:188} INFO - [2026-04-16T22:44:29.649+0000] {dagbag.py:545} INFO - Filling up the DagBag from /opt/airflow/dags/DagScraper.py
[2026-04-16T22:44:29.708+0000] {processor.py:840} INFO - DAG(s) 'dag_scraping_offres_emploi' retrieved from /opt/airflow/dags/DagScraper.py
[2026-04-16T22:44:29.829+0000] {logging_mixin.py:188} INFO - [2026-04-16T22:44:29.828+0000] {dag.py:3096} INFO - Sync 1 DAGs
[2026-04-16T22:44:29.897+0000] {logging_mixin.py:188} INFO - [2026-04-16T22:44:29.896+0000] {dag.py:3954} INFO - Setting next_dagrun for dag_scraping_offres_emploi to 2026-04-16 12:00:00+00:00, run_after=2026-04-16 18:00:00+00:00
[2026-04-16T22:44:30.009+0000] {processor.py:183} INFO - Processing /opt/airflow/dags/DagScraper.py took 0.388 seconds
[2026-04-16T22:45:00.121+0000] {processor.py:161} INFO - Started process (PID=8902) to work on /opt/airflow/dags/DagScraper.py
[2026-04-16T22:45:00.122+0000] {processor.py:830} INFO - Processing file /opt/airflow/dags/DagScraper.py for tasks to queue
[2026-04-16T22:45:00.126+0000] {logging_mixin.py:188} INFO - [2026-04-16T22:45:00.125+0000] {dagbag.py:545} INFO - Filling up the DagBag from /opt/airflow/dags/DagScraper.py
[2026-04-16T22:45:00.165+0000] {processor.py:840} INFO - DAG(s) 'dag_scraping_offres_emploi' retrieved from /opt/airflow/dags/DagScraper.py
[2026-04-16T22:45:00.222+0000] {logging_mixin.py:188} INFO - [2026-04-16T22:45:00.222+0000] {dag.py:3096} INFO - Sync 1 DAGs
[2026-04-16T22:45:00.259+0000] {logging_mixin.py:188} INFO - [2026-04-16T22:45:00.258+0000] {dag.py:3954} INFO - Setting next_dagrun for dag_scraping_offres_emploi to 2026-04-16 12:00:00+00:00, run_after=2026-04-16 18:00:00+00:00
[2026-04-16T22:45:00.305+0000] {processor.py:183} INFO - Processing /opt/airflow/dags/DagScraper.py took 0.193 seconds
[2026-04-16T22:45:30.818+0000] {processor.py:161} INFO - Started process (PID=8918) to work on /opt/airflow/dags/DagScraper.py
[2026-04-16T22:45:30.819+0000] {processor.py:830} INFO - Processing file /opt/airflow/dags/DagScraper.py for tasks to queue
[2026-04-16T22:45:30.823+0000] {logging_mixin.py:188} INFO - [2026-04-16T22:45:30.822+0000] {dagbag.py:545} INFO - Filling up the DagBag from /opt/airflow/dags/DagScraper.py
[2026-04-16T22:45:30.858+0000] {processor.py:840} INFO - DAG(s) 'dag_scraping_offres_emploi' retrieved from /opt/airflow/dags/DagScraper.py
[2026-04-16T22:45:30.917+0000] {logging_mixin.py:188} INFO - [2026-04-16T22:45:30.916+0000] {dag.py:3096} INFO - Sync 1 DAGs
[2026-04-16T22:45:30.956+0000] {logging_mixin.py:188} INFO - [2026-04-16T22:45:30.956+0000] {dag.py:3954} INFO - Setting next_dagrun for dag_scraping_offres_emploi to 2026-04-16 12:00:00+00:00, run_after=2026-04-16 18:00:00+00:00
[2026-04-16T22:45:30.994+0000] {processor.py:183} INFO - Processing /opt/airflow/dags/DagScraper.py took 0.186 seconds
[2026-04-16T22:46:01.229+0000] {processor.py:161} INFO - Started process (PID=8927) to work on /opt/airflow/dags/DagScraper.py
[2026-04-16T22:46:01.232+0000] {processor.py:830} INFO - Processing file /opt/airflow/dags/DagScraper.py for tasks to queue
[2026-04-16T22:46:01.246+0000] {logging_mixin.py:188} INFO - [2026-04-16T22:46:01.245+0000] {dagbag.py:545} INFO - Filling up the DagBag from /opt/airflow/dags/DagScraper.py
[2026-04-16T22:46:01.355+0000] {processor.py:840} INFO - DAG(s) 'dag_scraping_offres_emploi' retrieved from /opt/airflow/dags/DagScraper.py
[2026-04-16T22:46:01.709+0000] {logging_mixin.py:188} INFO - [2026-04-16T22:46:01.708+0000] {dag.py:3096} INFO - Sync 1 DAGs
[2026-04-16T22:46:01.940+0000] {logging_mixin.py:188} INFO - [2026-04-16T22:46:01.939+0000] {dag.py:3954} INFO - Setting next_dagrun for dag_scraping_offres_emploi to 2026-04-16 12:00:00+00:00, run_after=2026-04-16 18:00:00+00:00
[2026-04-16T22:46:02.075+0000] {processor.py:183} INFO - Processing /opt/airflow/dags/DagScraper.py took 0.871 seconds
[2026-04-16T22:46:32.993+0000] {processor.py:161} INFO - Started process (PID=8943) to work on /opt/airflow/dags/DagScraper.py
[2026-04-16T22:46:32.995+0000] {processor.py:830} INFO - Processing file /opt/airflow/dags/DagScraper.py for tasks to queue
[2026-04-16T22:46:32.999+0000] {logging_mixin.py:188} INFO - [2026-04-16T22:46:32.999+0000] {dagbag.py:545} INFO - Filling up the DagBag from /opt/airflow/dags/DagScraper.py
[2026-04-16T22:46:33.047+0000] {processor.py:840} INFO - DAG(s) 'dag_scraping_offres_emploi' retrieved from /opt/airflow/dags/DagScraper.py
[2026-04-16T22:46:33.166+0000] {logging_mixin.py:188} INFO - [2026-04-16T22:46:33.166+0000] {dag.py:3096} INFO - Sync 1 DAGs
[2026-04-16T22:46:33.246+0000] {logging_mixin.py:188} INFO - [2026-04-16T22:46:33.246+0000] {dag.py:3954} INFO - Setting next_dagrun for dag_scraping_offres_emploi to 2026-04-16 12:00:00+00:00, run_after=2026-04-16 18:00:00+00:00
[2026-04-16T22:46:33.294+0000] {processor.py:183} INFO - Processing /opt/airflow/dags/DagScraper.py took 0.321 seconds
[2026-04-16T22:47:03.738+0000] {processor.py:161} INFO - Started process (PID=8951) to work on /opt/airflow/dags/DagScraper.py
[2026-04-16T22:47:03.739+0000] {processor.py:830} INFO - Processing file /opt/airflow/dags/DagScraper.py for tasks to queue
[2026-04-16T22:47:03.742+0000] {logging_mixin.py:188} INFO - [2026-04-16T22:47:03.742+0000] {dagbag.py:545} INFO - Filling up the DagBag from /opt/airflow/dags/DagScraper.py
[2026-04-16T22:47:03.777+0000] {processor.py:840} INFO - DAG(s) 'dag_scraping_offres_emploi' retrieved from /opt/airflow/dags/DagScraper.py
[2026-04-16T22:47:03.854+0000] {logging_mixin.py:188} INFO - [2026-04-16T22:47:03.853+0000] {dag.py:3096} INFO - Sync 1 DAGs
[2026-04-16T22:47:03.916+0000] {logging_mixin.py:188} INFO - [2026-04-16T22:47:03.915+0000] {dag.py:3954} INFO - Setting next_dagrun for dag_scraping_offres_emploi to 2026-04-16 12:00:00+00:00, run_after=2026-04-16 18:00:00+00:00
[2026-04-16T22:47:04.037+0000] {processor.py:183} INFO - Processing /opt/airflow/dags/DagScraper.py took 0.311 seconds
[2026-04-16T22:47:34.132+0000] {processor.py:161} INFO - Started process (PID=8965) to work on /opt/airflow/dags/DagScraper.py
[2026-04-16T22:47:34.134+0000] {processor.py:830} INFO - Processing file /opt/airflow/dags/DagScraper.py for tasks to queue
[2026-04-16T22:47:34.138+0000] {logging_mixin.py:188} INFO - [2026-04-16T22:47:34.137+0000] {dagbag.py:545} INFO - Filling up the DagBag from /opt/airflow/dags/DagScraper.py
[2026-04-16T22:47:34.178+0000] {processor.py:840} INFO - DAG(s) 'dag_scraping_offres_emploi' retrieved from /opt/airflow/dags/DagScraper.py
[2026-04-16T22:47:34.245+0000] {logging_mixin.py:188} INFO - [2026-04-16T22:47:34.244+0000] {dag.py:3096} INFO - Sync 1 DAGs
[2026-04-16T22:47:34.298+0000] {logging_mixin.py:188} INFO - [2026-04-16T22:47:34.297+0000] {dag.py:3954} INFO - Setting next_dagrun for dag_scraping_offres_emploi to 2026-04-16 12:00:00+00:00, run_after=2026-04-16 18:00:00+00:00
[2026-04-16T22:47:34.354+0000] {processor.py:183} INFO - Processing /opt/airflow/dags/DagScraper.py took 0.231 seconds
[2026-04-16T22:48:04.692+0000] {processor.py:161} INFO - Started process (PID=8974) to work on /opt/airflow/dags/DagScraper.py
[2026-04-16T22:48:04.694+0000] {processor.py:830} INFO - Processing file /opt/airflow/dags/DagScraper.py for tasks to queue
[2026-04-16T22:48:04.697+0000] {logging_mixin.py:188} INFO - [2026-04-16T22:48:04.696+0000] {dagbag.py:545} INFO - Filling up the DagBag from /opt/airflow/dags/DagScraper.py
[2026-04-16T22:48:04.728+0000] {processor.py:840} INFO - DAG(s) 'dag_scraping_offres_emploi' retrieved from /opt/airflow/dags/DagScraper.py
[2026-04-16T22:48:04.785+0000] {logging_mixin.py:188} INFO - [2026-04-16T22:48:04.785+0000] {dag.py:3096} INFO - Sync 1 DAGs
[2026-04-16T22:48:04.833+0000] {logging_mixin.py:188} INFO - [2026-04-16T22:48:04.833+0000] {dag.py:3954} INFO - Setting next_dagrun for dag_scraping_offres_emploi to 2026-04-16 12:00:00+00:00, run_after=2026-04-16 18:00:00+00:00
[2026-04-16T22:48:04.879+0000] {processor.py:183} INFO - Processing /opt/airflow/dags/DagScraper.py took 0.196 seconds
[2026-04-16T22:48:35.334+0000] {processor.py:161} INFO - Started process (PID=8988) to work on /opt/airflow/dags/DagScraper.py
[2026-04-16T22:48:35.336+0000] {processor.py:830} INFO - Processing file /opt/airflow/dags/DagScraper.py for tasks to queue
[2026-04-16T22:48:35.339+0000] {logging_mixin.py:188} INFO - [2026-04-16T22:48:35.338+0000] {dagbag.py:545} INFO - Filling up the DagBag from /opt/airflow/dags/DagScraper.py
[2026-04-16T22:48:35.382+0000] {processor.py:840} INFO - DAG(s) 'dag_scraping_offres_emploi' retrieved from /opt/airflow/dags/DagScraper.py
[2026-04-16T22:48:35.466+0000] {logging_mixin.py:188} INFO - [2026-04-16T22:48:35.465+0000] {dag.py:3096} INFO - Sync 1 DAGs
[2026-04-16T22:48:35.522+0000] {logging_mixin.py:188} INFO - [2026-04-16T22:48:35.522+0000] {dag.py:3954} INFO - Setting next_dagrun for dag_scraping_offres_emploi to 2026-04-16 12:00:00+00:00, run_after=2026-04-16 18:00:00+00:00
[2026-04-16T22:48:35.568+0000] {processor.py:183} INFO - Processing /opt/airflow/dags/DagScraper.py took 0.243 seconds
[2026-04-16T22:49:06.024+0000] {processor.py:161} INFO - Started process (PID=8997) to work on /opt/airflow/dags/DagScraper.py
[2026-04-16T22:49:06.026+0000] {processor.py:830} INFO - Processing file /opt/airflow/dags/DagScraper.py for tasks to queue
[2026-04-16T22:49:06.029+0000] {logging_mixin.py:188} INFO - [2026-04-16T22:49:06.028+0000] {dagbag.py:545} INFO - Filling up the DagBag from /opt/airflow/dags/DagScraper.py
[2026-04-16T22:49:06.068+0000] {processor.py:840} INFO - DAG(s) 'dag_scraping_offres_emploi' retrieved from /opt/airflow/dags/DagScraper.py
[2026-04-16T22:49:06.122+0000] {logging_mixin.py:188} INFO - [2026-04-16T22:49:06.121+0000] {dag.py:3096} INFO - Sync 1 DAGs
[2026-04-16T22:49:06.159+0000] {logging_mixin.py:188} INFO - [2026-04-16T22:49:06.159+0000] {dag.py:3954} INFO - Setting next_dagrun for dag_scraping_offres_emploi to 2026-04-16 12:00:00+00:00, run_after=2026-04-16 18:00:00+00:00
[2026-04-16T22:49:06.204+0000] {processor.py:183} INFO - Processing /opt/airflow/dags/DagScraper.py took 0.188 seconds
[2026-04-16T22:49:36.676+0000] {processor.py:161} INFO - Started process (PID=9012) to work on /opt/airflow/dags/DagScraper.py
[2026-04-16T22:49:36.678+0000] {processor.py:830} INFO - Processing file /opt/airflow/dags/DagScraper.py for tasks to queue
[2026-04-16T22:49:36.681+0000] {logging_mixin.py:188} INFO - [2026-04-16T22:49:36.681+0000] {dagbag.py:545} INFO - Filling up the DagBag from /opt/airflow/dags/DagScraper.py
[2026-04-16T22:49:36.727+0000] {processor.py:840} INFO - DAG(s) 'dag_scraping_offres_emploi' retrieved from /opt/airflow/dags/DagScraper.py
[2026-04-16T22:49:36.792+0000] {logging_mixin.py:188} INFO - [2026-04-16T22:49:36.792+0000] {dag.py:3096} INFO - Sync 1 DAGs
[2026-04-16T22:49:36.836+0000] {logging_mixin.py:188} INFO - [2026-04-16T22:49:36.836+0000] {dag.py:3954} INFO - Setting next_dagrun for dag_scraping_offres_emploi to 2026-04-16 12:00:00+00:00, run_after=2026-04-16 18:00:00+00:00
[2026-04-16T22:49:36.877+0000] {processor.py:183} INFO - Processing /opt/airflow/dags/DagScraper.py took 0.215 seconds
[2026-04-16T22:50:07.296+0000] {processor.py:161} INFO - Started process (PID=9020) to work on /opt/airflow/dags/DagScraper.py
[2026-04-16T22:50:07.297+0000] {processor.py:830} INFO - Processing file /opt/airflow/dags/DagScraper.py for tasks to queue
[2026-04-16T22:50:07.301+0000] {logging_mixin.py:188} INFO - [2026-04-16T22:50:07.301+0000] {dagbag.py:545} INFO - Filling up the DagBag from /opt/airflow/dags/DagScraper.py
[2026-04-16T22:50:07.347+0000] {processor.py:840} INFO - DAG(s) 'dag_scraping_offres_emploi' retrieved from /opt/airflow/dags/DagScraper.py
[2026-04-16T22:50:07.428+0000] {logging_mixin.py:188} INFO - [2026-04-16T22:50:07.427+0000] {dag.py:3096} INFO - Sync 1 DAGs
[2026-04-16T22:50:07.511+0000] {logging_mixin.py:188} INFO - [2026-04-16T22:50:07.511+0000] {dag.py:3954} INFO - Setting next_dagrun for dag_scraping_offres_emploi to 2026-04-16 12:00:00+00:00, run_after=2026-04-16 18:00:00+00:00
[2026-04-16T22:50:07.600+0000] {processor.py:183} INFO - Processing /opt/airflow/dags/DagScraper.py took 0.319 seconds
[2026-04-16T22:50:38.158+0000] {processor.py:161} INFO - Started process (PID=9033) to work on /opt/airflow/dags/DagScraper.py
[2026-04-16T22:50:38.159+0000] {processor.py:830} INFO - Processing file /opt/airflow/dags/DagScraper.py for tasks to queue
[2026-04-16T22:50:38.165+0000] {logging_mixin.py:188} INFO - [2026-04-16T22:50:38.164+0000] {dagbag.py:545} INFO - Filling up the DagBag from /opt/airflow/dags/DagScraper.py
[2026-04-16T22:50:38.203+0000] {processor.py:840} INFO - DAG(s) 'dag_scraping_offres_emploi' retrieved from /opt/airflow/dags/DagScraper.py
[2026-04-16T22:50:38.268+0000] {logging_mixin.py:188} INFO - [2026-04-16T22:50:38.268+0000] {dag.py:3096} INFO - Sync 1 DAGs
[2026-04-16T22:50:38.314+0000] {logging_mixin.py:188} INFO - [2026-04-16T22:50:38.313+0000] {dag.py:3954} INFO - Setting next_dagrun for dag_scraping_offres_emploi to 2026-04-16 12:00:00+00:00, run_after=2026-04-16 18:00:00+00:00
[2026-04-16T22:50:38.360+0000] {processor.py:183} INFO - Processing /opt/airflow/dags/DagScraper.py took 0.216 seconds
[2026-04-16T22:51:08.744+0000] {processor.py:161} INFO - Started process (PID=9041) to work on /opt/airflow/dags/DagScraper.py
[2026-04-16T22:51:08.745+0000] {processor.py:830} INFO - Processing file /opt/airflow/dags/DagScraper.py for tasks to queue
[2026-04-16T22:51:08.748+0000] {logging_mixin.py:188} INFO - [2026-04-16T22:51:08.748+0000] {dagbag.py:545} INFO - Filling up the DagBag from /opt/airflow/dags/DagScraper.py
[2026-04-16T22:51:08.786+0000] {processor.py:840} INFO - DAG(s) 'dag_scraping_offres_emploi' retrieved from /opt/airflow/dags/DagScraper.py
[2026-04-16T22:51:08.841+0000] {logging_mixin.py:188} INFO - [2026-04-16T22:51:08.841+0000] {dag.py:3096} INFO - Sync 1 DAGs
[2026-04-16T22:51:08.877+0000] {logging_mixin.py:188} INFO - [2026-04-16T22:51:08.877+0000] {dag.py:3954} INFO - Setting next_dagrun for dag_scraping_offres_emploi to 2026-04-16 12:00:00+00:00, run_after=2026-04-16 18:00:00+00:00
[2026-04-16T22:51:08.915+0000] {processor.py:183} INFO - Processing /opt/airflow/dags/DagScraper.py took 0.181 seconds
[2026-04-16T22:51:39.274+0000] {processor.py:161} INFO - Started process (PID=9055) to work on /opt/airflow/dags/DagScraper.py
[2026-04-16T22:51:39.275+0000] {processor.py:830} INFO - Processing file /opt/airflow/dags/DagScraper.py for tasks to queue
[2026-04-16T22:51:39.279+0000] {logging_mixin.py:188} INFO - [2026-04-16T22:51:39.278+0000] {dagbag.py:545} INFO - Filling up the DagBag from /opt/airflow/dags/DagScraper.py
[2026-04-16T22:51:39.315+0000] {processor.py:840} INFO - DAG(s) 'dag_scraping_offres_emploi' retrieved from /opt/airflow/dags/DagScraper.py
[2026-04-16T22:51:39.369+0000] {logging_mixin.py:188} INFO - [2026-04-16T22:51:39.369+0000] {dag.py:3096} INFO - Sync 1 DAGs
[2026-04-16T22:51:39.407+0000] {logging_mixin.py:188} INFO - [2026-04-16T22:51:39.406+0000] {dag.py:3954} INFO - Setting next_dagrun for dag_scraping_offres_emploi to 2026-04-16 12:00:00+00:00, run_after=2026-04-16 18:00:00+00:00
[2026-04-16T22:51:39.443+0000] {processor.py:183} INFO - Processing /opt/airflow/dags/DagScraper.py took 0.178 seconds
[2026-04-16T22:52:09.732+0000] {processor.py:161} INFO - Started process (PID=9063) to work on /opt/airflow/dags/DagScraper.py
[2026-04-16T22:52:09.734+0000] {processor.py:830} INFO - Processing file /opt/airflow/dags/DagScraper.py for tasks to queue
[2026-04-16T22:52:09.737+0000] {logging_mixin.py:188} INFO - [2026-04-16T22:52:09.736+0000] {dagbag.py:545} INFO - Filling up the DagBag from /opt/airflow/dags/DagScraper.py
[2026-04-16T22:52:09.779+0000] {processor.py:840} INFO - DAG(s) 'dag_scraping_offres_emploi' retrieved from /opt/airflow/dags/DagScraper.py
[2026-04-16T22:52:09.835+0000] {logging_mixin.py:188} INFO - [2026-04-16T22:52:09.835+0000] {dag.py:3096} INFO - Sync 1 DAGs
[2026-04-16T22:52:09.883+0000] {logging_mixin.py:188} INFO - [2026-04-16T22:52:09.882+0000] {dag.py:3954} INFO - Setting next_dagrun for dag_scraping_offres_emploi to 2026-04-16 12:00:00+00:00, run_after=2026-04-16 18:00:00+00:00
[2026-04-16T22:52:09.934+0000] {processor.py:183} INFO - Processing /opt/airflow/dags/DagScraper.py took 0.217 seconds
[2026-04-16T22:52:40.316+0000] {processor.py:161} INFO - Started process (PID=9077) to work on /opt/airflow/dags/DagScraper.py
[2026-04-16T22:52:40.318+0000] {processor.py:830} INFO - Processing file /opt/airflow/dags/DagScraper.py for tasks to queue
[2026-04-16T22:52:40.323+0000] {logging_mixin.py:188} INFO - [2026-04-16T22:52:40.322+0000] {dagbag.py:545} INFO - Filling up the DagBag from /opt/airflow/dags/DagScraper.py
[2026-04-16T22:52:40.362+0000] {processor.py:840} INFO - DAG(s) 'dag_scraping_offres_emploi' retrieved from /opt/airflow/dags/DagScraper.py
[2026-04-16T22:52:40.447+0000] {logging_mixin.py:188} INFO - [2026-04-16T22:52:40.446+0000] {dag.py:3096} INFO - Sync 1 DAGs
[2026-04-16T22:52:40.512+0000] {logging_mixin.py:188} INFO - [2026-04-16T22:52:40.511+0000] {dag.py:3954} INFO - Setting next_dagrun for dag_scraping_offres_emploi to 2026-04-16 12:00:00+00:00, run_after=2026-04-16 18:00:00+00:00
[2026-04-16T22:52:40.587+0000] {processor.py:183} INFO - Processing /opt/airflow/dags/DagScraper.py took 0.283 seconds
[2026-04-16T22:53:11.140+0000] {processor.py:161} INFO - Started process (PID=9091) to work on /opt/airflow/dags/DagScraper.py
[2026-04-16T22:53:11.142+0000] {processor.py:830} INFO - Processing file /opt/airflow/dags/DagScraper.py for tasks to queue
[2026-04-16T22:53:11.144+0000] {logging_mixin.py:188} INFO - [2026-04-16T22:53:11.144+0000] {dagbag.py:545} INFO - Filling up the DagBag from /opt/airflow/dags/DagScraper.py
[2026-04-16T22:53:11.187+0000] {processor.py:840} INFO - DAG(s) 'dag_scraping_offres_emploi' retrieved from /opt/airflow/dags/DagScraper.py
[2026-04-16T22:53:11.241+0000] {logging_mixin.py:188} INFO - [2026-04-16T22:53:11.240+0000] {dag.py:3096} INFO - Sync 1 DAGs
[2026-04-16T22:53:11.279+0000] {logging_mixin.py:188} INFO - [2026-04-16T22:53:11.278+0000] {dag.py:3954} INFO - Setting next_dagrun for dag_scraping_offres_emploi to 2026-04-16 12:00:00+00:00, run_after=2026-04-16 18:00:00+00:00
[2026-04-16T22:53:11.316+0000] {processor.py:183} INFO - Processing /opt/airflow/dags/DagScraper.py took 0.190 seconds
[2026-04-16T22:53:41.813+0000] {processor.py:161} INFO - Started process (PID=9099) to work on /opt/airflow/dags/DagScraper.py
[2026-04-16T22:53:41.815+0000] {processor.py:830} INFO - Processing file /opt/airflow/dags/DagScraper.py for tasks to queue
[2026-04-16T22:53:41.818+0000] {logging_mixin.py:188} INFO - [2026-04-16T22:53:41.818+0000] {dagbag.py:545} INFO - Filling up the DagBag from /opt/airflow/dags/DagScraper.py
[2026-04-16T22:53:41.870+0000] {processor.py:840} INFO - DAG(s) 'dag_scraping_offres_emploi' retrieved from /opt/airflow/dags/DagScraper.py
[2026-04-16T22:53:41.957+0000] {logging_mixin.py:188} INFO - [2026-04-16T22:53:41.957+0000] {dag.py:3096} INFO - Sync 1 DAGs
[2026-04-16T22:53:42.038+0000] {logging_mixin.py:188} INFO - [2026-04-16T22:53:42.037+0000] {dag.py:3954} INFO - Setting next_dagrun for dag_scraping_offres_emploi to 2026-04-16 12:00:00+00:00, run_after=2026-04-16 18:00:00+00:00
[2026-04-16T22:53:42.137+0000] {processor.py:183} INFO - Processing /opt/airflow/dags/DagScraper.py took 0.340 seconds
[2026-04-16T22:54:12.572+0000] {processor.py:161} INFO - Started process (PID=9112) to work on /opt/airflow/dags/DagScraper.py
[2026-04-16T22:54:12.575+0000] {processor.py:830} INFO - Processing file /opt/airflow/dags/DagScraper.py for tasks to queue
[2026-04-16T22:54:12.580+0000] {logging_mixin.py:188} INFO - [2026-04-16T22:54:12.579+0000] {dagbag.py:545} INFO - Filling up the DagBag from /opt/airflow/dags/DagScraper.py
[2026-04-16T22:54:12.621+0000] {processor.py:840} INFO - DAG(s) 'dag_scraping_offres_emploi' retrieved from /opt/airflow/dags/DagScraper.py
[2026-04-16T22:54:12.698+0000] {logging_mixin.py:188} INFO - [2026-04-16T22:54:12.698+0000] {dag.py:3096} INFO - Sync 1 DAGs
[2026-04-16T22:54:12.753+0000] {logging_mixin.py:188} INFO - [2026-04-16T22:54:12.752+0000] {dag.py:3954} INFO - Setting next_dagrun for dag_scraping_offres_emploi to 2026-04-16 12:00:00+00:00, run_after=2026-04-16 18:00:00+00:00
[2026-04-16T22:54:12.803+0000] {processor.py:183} INFO - Processing /opt/airflow/dags/DagScraper.py took 0.244 seconds
[2026-04-16T22:54:43.269+0000] {processor.py:161} INFO - Started process (PID=9120) to work on /opt/airflow/dags/DagScraper.py
[2026-04-16T22:54:43.271+0000] {processor.py:830} INFO - Processing file /opt/airflow/dags/DagScraper.py for tasks to queue
[2026-04-16T22:54:43.278+0000] {logging_mixin.py:188} INFO - [2026-04-16T22:54:43.276+0000] {dagbag.py:545} INFO - Filling up the DagBag from /opt/airflow/dags/DagScraper.py
[2026-04-16T22:54:43.325+0000] {processor.py:840} INFO - DAG(s) 'dag_scraping_offres_emploi' retrieved from /opt/airflow/dags/DagScraper.py
[2026-04-16T22:54:43.427+0000] {logging_mixin.py:188} INFO - [2026-04-16T22:54:43.427+0000] {dag.py:3096} INFO - Sync 1 DAGs
[2026-04-16T22:54:43.487+0000] {logging_mixin.py:188} INFO - [2026-04-16T22:54:43.487+0000] {dag.py:3954} INFO - Setting next_dagrun for dag_scraping_offres_emploi to 2026-04-16 12:00:00+00:00, run_after=2026-04-16 18:00:00+00:00
[2026-04-16T22:54:43.525+0000] {processor.py:183} INFO - Processing /opt/airflow/dags/DagScraper.py took 0.271 seconds
[2026-04-16T22:55:13.811+0000] {processor.py:161} INFO - Started process (PID=9134) to work on /opt/airflow/dags/DagScraper.py
[2026-04-16T22:55:13.813+0000] {processor.py:830} INFO - Processing file /opt/airflow/dags/DagScraper.py for tasks to queue
[2026-04-16T22:55:13.819+0000] {logging_mixin.py:188} INFO - [2026-04-16T22:55:13.818+0000] {dagbag.py:545} INFO - Filling up the DagBag from /opt/airflow/dags/DagScraper.py
[2026-04-16T22:55:13.875+0000] {processor.py:840} INFO - DAG(s) 'dag_scraping_offres_emploi' retrieved from /opt/airflow/dags/DagScraper.py
[2026-04-16T22:55:13.969+0000] {logging_mixin.py:188} INFO - [2026-04-16T22:55:13.968+0000] {dag.py:3096} INFO - Sync 1 DAGs
[2026-04-16T22:55:14.054+0000] {logging_mixin.py:188} INFO - [2026-04-16T22:55:14.042+0000] {dag.py:3954} INFO - Setting next_dagrun for dag_scraping_offres_emploi to 2026-04-16 12:00:00+00:00, run_after=2026-04-16 18:00:00+00:00
[2026-04-16T22:55:14.111+0000] {processor.py:183} INFO - Processing /opt/airflow/dags/DagScraper.py took 0.316 seconds
[2026-04-16T22:55:44.255+0000] {processor.py:161} INFO - Started process (PID=9142) to work on /opt/airflow/dags/DagScraper.py
[2026-04-16T22:55:44.257+0000] {processor.py:830} INFO - Processing file /opt/airflow/dags/DagScraper.py for tasks to queue
[2026-04-16T22:55:44.260+0000] {logging_mixin.py:188} INFO - [2026-04-16T22:55:44.259+0000] {dagbag.py:545} INFO - Filling up the DagBag from /opt/airflow/dags/DagScraper.py
[2026-04-16T22:55:44.296+0000] {processor.py:840} INFO - DAG(s) 'dag_scraping_offres_emploi' retrieved from /opt/airflow/dags/DagScraper.py
[2026-04-16T22:55:44.352+0000] {logging_mixin.py:188} INFO - [2026-04-16T22:55:44.352+0000] {dag.py:3096} INFO - Sync 1 DAGs
[2026-04-16T22:55:44.390+0000] {logging_mixin.py:188} INFO - [2026-04-16T22:55:44.389+0000] {dag.py:3954} INFO - Setting next_dagrun for dag_scraping_offres_emploi to 2026-04-16 12:00:00+00:00, run_after=2026-04-16 18:00:00+00:00
[2026-04-16T22:55:44.426+0000] {processor.py:183} INFO - Processing /opt/airflow/dags/DagScraper.py took 0.181 seconds
[2026-04-16T22:56:14.850+0000] {processor.py:161} INFO - Started process (PID=9156) to work on /opt/airflow/dags/DagScraper.py
[2026-04-16T22:56:14.852+0000] {processor.py:830} INFO - Processing file /opt/airflow/dags/DagScraper.py for tasks to queue
[2026-04-16T22:56:14.855+0000] {logging_mixin.py:188} INFO - [2026-04-16T22:56:14.854+0000] {dagbag.py:545} INFO - Filling up the DagBag from /opt/airflow/dags/DagScraper.py
[2026-04-16T22:56:14.896+0000] {processor.py:840} INFO - DAG(s) 'dag_scraping_offres_emploi' retrieved from /opt/airflow/dags/DagScraper.py
[2026-04-16T22:56:14.953+0000] {logging_mixin.py:188} INFO - [2026-04-16T22:56:14.953+0000] {dag.py:3096} INFO - Sync 1 DAGs
[2026-04-16T22:56:14.999+0000] {logging_mixin.py:188} INFO - [2026-04-16T22:56:14.999+0000] {dag.py:3954} INFO - Setting next_dagrun for dag_scraping_offres_emploi to 2026-04-16 12:00:00+00:00, run_after=2026-04-16 18:00:00+00:00
[2026-04-16T22:56:15.045+0000] {processor.py:183} INFO - Processing /opt/airflow/dags/DagScraper.py took 0.205 seconds
[2026-04-16T22:56:45.212+0000] {processor.py:161} INFO - Started process (PID=9163) to work on /opt/airflow/dags/DagScraper.py
[2026-04-16T22:56:45.214+0000] {processor.py:830} INFO - Processing file /opt/airflow/dags/DagScraper.py for tasks to queue
[2026-04-16T22:56:45.219+0000] {logging_mixin.py:188} INFO - [2026-04-16T22:56:45.218+0000] {dagbag.py:545} INFO - Filling up the DagBag from /opt/airflow/dags/DagScraper.py
[2026-04-16T22:56:45.271+0000] {processor.py:840} INFO - DAG(s) 'dag_scraping_offres_emploi' retrieved from /opt/airflow/dags/DagScraper.py
[2026-04-16T22:56:45.348+0000] {logging_mixin.py:188} INFO - [2026-04-16T22:56:45.347+0000] {dag.py:3096} INFO - Sync 1 DAGs
[2026-04-16T22:56:45.386+0000] {logging_mixin.py:188} INFO - [2026-04-16T22:56:45.386+0000] {dag.py:3954} INFO - Setting next_dagrun for dag_scraping_offres_emploi to 2026-04-16 12:00:00+00:00, run_after=2026-04-16 18:00:00+00:00
[2026-04-16T22:56:45.426+0000] {processor.py:183} INFO - Processing /opt/airflow/dags/DagScraper.py took 0.226 seconds
[2026-04-16T22:57:16.278+0000] {processor.py:161} INFO - Started process (PID=9177) to work on /opt/airflow/dags/DagScraper.py
[2026-04-16T22:57:16.302+0000] {processor.py:830} INFO - Processing file /opt/airflow/dags/DagScraper.py for tasks to queue
[2026-04-16T22:57:16.313+0000] {logging_mixin.py:188} INFO - [2026-04-16T22:57:16.312+0000] {dagbag.py:545} INFO - Filling up the DagBag from /opt/airflow/dags/DagScraper.py
[2026-04-16T22:57:16.424+0000] {processor.py:840} INFO - DAG(s) 'dag_scraping_offres_emploi' retrieved from /opt/airflow/dags/DagScraper.py
[2026-04-16T22:57:16.504+0000] {logging_mixin.py:188} INFO - [2026-04-16T22:57:16.504+0000] {dag.py:3096} INFO - Sync 1 DAGs
[2026-04-16T22:57:16.553+0000] {logging_mixin.py:188} INFO - [2026-04-16T22:57:16.553+0000] {dag.py:3954} INFO - Setting next_dagrun for dag_scraping_offres_emploi to 2026-04-16 12:00:00+00:00, run_after=2026-04-16 18:00:00+00:00
[2026-04-16T22:57:16.605+0000] {processor.py:183} INFO - Processing /opt/airflow/dags/DagScraper.py took 0.353 seconds
[2026-04-16T22:57:47.118+0000] {processor.py:161} INFO - Started process (PID=9185) to work on /opt/airflow/dags/DagScraper.py
[2026-04-16T22:57:47.119+0000] {processor.py:830} INFO - Processing file /opt/airflow/dags/DagScraper.py for tasks to queue
[2026-04-16T22:57:47.123+0000] {logging_mixin.py:188} INFO - [2026-04-16T22:57:47.122+0000] {dagbag.py:545} INFO - Filling up the DagBag from /opt/airflow/dags/DagScraper.py
[2026-04-16T22:57:47.158+0000] {processor.py:840} INFO - DAG(s) 'dag_scraping_offres_emploi' retrieved from /opt/airflow/dags/DagScraper.py
[2026-04-16T22:57:47.221+0000] {logging_mixin.py:188} INFO - [2026-04-16T22:57:47.220+0000] {dag.py:3096} INFO - Sync 1 DAGs
[2026-04-16T22:57:47.267+0000] {logging_mixin.py:188} INFO - [2026-04-16T22:57:47.267+0000] {dag.py:3954} INFO - Setting next_dagrun for dag_scraping_offres_emploi to 2026-04-16 12:00:00+00:00, run_after=2026-04-16 18:00:00+00:00
[2026-04-16T22:57:47.328+0000] {processor.py:183} INFO - Processing /opt/airflow/dags/DagScraper.py took 0.222 seconds
[2026-04-16T22:58:17.850+0000] {processor.py:161} INFO - Started process (PID=9199) to work on /opt/airflow/dags/DagScraper.py
[2026-04-16T22:58:17.854+0000] {processor.py:830} INFO - Processing file /opt/airflow/dags/DagScraper.py for tasks to queue
[2026-04-16T22:58:17.864+0000] {logging_mixin.py:188} INFO - [2026-04-16T22:58:17.863+0000] {dagbag.py:545} INFO - Filling up the DagBag from /opt/airflow/dags/DagScraper.py
[2026-04-16T22:58:17.911+0000] {processor.py:840} INFO - DAG(s) 'dag_scraping_offres_emploi' retrieved from /opt/airflow/dags/DagScraper.py
[2026-04-16T22:58:18.011+0000] {logging_mixin.py:188} INFO - [2026-04-16T22:58:18.010+0000] {dag.py:3096} INFO - Sync 1 DAGs
[2026-04-16T22:58:18.070+0000] {logging_mixin.py:188} INFO - [2026-04-16T22:58:18.069+0000] {dag.py:3954} INFO - Setting next_dagrun for dag_scraping_offres_emploi to 2026-04-16 12:00:00+00:00, run_after=2026-04-16 18:00:00+00:00
[2026-04-16T22:58:18.115+0000] {processor.py:183} INFO - Processing /opt/airflow/dags/DagScraper.py took 0.283 seconds
[2026-04-16T22:58:48.637+0000] {processor.py:161} INFO - Started process (PID=9207) to work on /opt/airflow/dags/DagScraper.py
[2026-04-16T22:58:48.640+0000] {processor.py:830} INFO - Processing file /opt/airflow/dags/DagScraper.py for tasks to queue
[2026-04-16T22:58:48.644+0000] {logging_mixin.py:188} INFO - [2026-04-16T22:58:48.643+0000] {dagbag.py:545} INFO - Filling up the DagBag from /opt/airflow/dags/DagScraper.py
[2026-04-16T22:58:48.804+0000] {processor.py:840} INFO - DAG(s) 'dag_scraping_offres_emploi' retrieved from /opt/airflow/dags/DagScraper.py
[2026-04-16T22:58:49.045+0000] {logging_mixin.py:188} INFO - [2026-04-16T22:58:49.045+0000] {dag.py:3096} INFO - Sync 1 DAGs
[2026-04-16T22:58:49.186+0000] {logging_mixin.py:188} INFO - [2026-04-16T22:58:49.186+0000] {dag.py:3954} INFO - Setting next_dagrun for dag_scraping_offres_emploi to 2026-04-16 12:00:00+00:00, run_after=2026-04-16 18:00:00+00:00
[2026-04-16T22:58:49.324+0000] {processor.py:183} INFO - Processing /opt/airflow/dags/DagScraper.py took 0.721 seconds
[2026-04-16T22:59:19.490+0000] {processor.py:161} INFO - Started process (PID=9222) to work on /opt/airflow/dags/DagScraper.py
[2026-04-16T22:59:19.491+0000] {processor.py:830} INFO - Processing file /opt/airflow/dags/DagScraper.py for tasks to queue
[2026-04-16T22:59:19.495+0000] {logging_mixin.py:188} INFO - [2026-04-16T22:59:19.495+0000] {dagbag.py:545} INFO - Filling up the DagBag from /opt/airflow/dags/DagScraper.py
[2026-04-16T22:59:19.555+0000] {processor.py:840} INFO - DAG(s) 'dag_scraping_offres_emploi' retrieved from /opt/airflow/dags/DagScraper.py
[2026-04-16T22:59:19.639+0000] {logging_mixin.py:188} INFO - [2026-04-16T22:59:19.638+0000] {dag.py:3096} INFO - Sync 1 DAGs
[2026-04-16T22:59:19.704+0000] {logging_mixin.py:188} INFO - [2026-04-16T22:59:19.703+0000] {dag.py:3954} INFO - Setting next_dagrun for dag_scraping_offres_emploi to 2026-04-16 12:00:00+00:00, run_after=2026-04-16 18:00:00+00:00
[2026-04-16T22:59:19.761+0000] {processor.py:183} INFO - Processing /opt/airflow/dags/DagScraper.py took 0.288 seconds
[2026-04-16T22:59:50.439+0000] {processor.py:161} INFO - Started process (PID=9230) to work on /opt/airflow/dags/DagScraper.py
[2026-04-16T22:59:50.441+0000] {processor.py:830} INFO - Processing file /opt/airflow/dags/DagScraper.py for tasks to queue
[2026-04-16T22:59:50.446+0000] {logging_mixin.py:188} INFO - [2026-04-16T22:59:50.445+0000] {dagbag.py:545} INFO - Filling up the DagBag from /opt/airflow/dags/DagScraper.py
[2026-04-16T22:59:50.488+0000] {processor.py:840} INFO - DAG(s) 'dag_scraping_offres_emploi' retrieved from /opt/airflow/dags/DagScraper.py
[2026-04-16T22:59:50.551+0000] {logging_mixin.py:188} INFO - [2026-04-16T22:59:50.551+0000] {dag.py:3096} INFO - Sync 1 DAGs
[2026-04-16T22:59:50.624+0000] {logging_mixin.py:188} INFO - [2026-04-16T22:59:50.624+0000] {dag.py:3954} INFO - Setting next_dagrun for dag_scraping_offres_emploi to 2026-04-16 12:00:00+00:00, run_after=2026-04-16 18:00:00+00:00
[2026-04-16T22:59:50.733+0000] {processor.py:183} INFO - Processing /opt/airflow/dags/DagScraper.py took 0.310 seconds
[2026-04-16T23:00:21.119+0000] {processor.py:161} INFO - Started process (PID=9246) to work on /opt/airflow/dags/DagScraper.py
[2026-04-16T23:00:21.121+0000] {processor.py:830} INFO - Processing file /opt/airflow/dags/DagScraper.py for tasks to queue
[2026-04-16T23:00:21.124+0000] {logging_mixin.py:188} INFO - [2026-04-16T23:00:21.123+0000] {dagbag.py:545} INFO - Filling up the DagBag from /opt/airflow/dags/DagScraper.py
[2026-04-16T23:00:21.161+0000] {processor.py:840} INFO - DAG(s) 'dag_scraping_offres_emploi' retrieved from /opt/airflow/dags/DagScraper.py
[2026-04-16T23:00:21.237+0000] {logging_mixin.py:188} INFO - [2026-04-16T23:00:21.236+0000] {dag.py:3096} INFO - Sync 1 DAGs
[2026-04-16T23:00:21.282+0000] {logging_mixin.py:188} INFO - [2026-04-16T23:00:21.281+0000] {dag.py:3954} INFO - Setting next_dagrun for dag_scraping_offres_emploi to 2026-04-16 12:00:00+00:00, run_after=2026-04-16 18:00:00+00:00
[2026-04-16T23:00:21.332+0000] {processor.py:183} INFO - Processing /opt/airflow/dags/DagScraper.py took 0.226 seconds
[2026-04-16T23:00:51.774+0000] {processor.py:161} INFO - Started process (PID=9254) to work on /opt/airflow/dags/DagScraper.py
[2026-04-16T23:00:51.776+0000] {processor.py:830} INFO - Processing file /opt/airflow/dags/DagScraper.py for tasks to queue
[2026-04-16T23:00:51.779+0000] {logging_mixin.py:188} INFO - [2026-04-16T23:00:51.779+0000] {dagbag.py:545} INFO - Filling up the DagBag from /opt/airflow/dags/DagScraper.py
[2026-04-16T23:00:51.815+0000] {processor.py:840} INFO - DAG(s) 'dag_scraping_offres_emploi' retrieved from /opt/airflow/dags/DagScraper.py
[2026-04-16T23:00:51.893+0000] {logging_mixin.py:188} INFO - [2026-04-16T23:00:51.893+0000] {dag.py:3096} INFO - Sync 1 DAGs
[2026-04-16T23:00:51.937+0000] {logging_mixin.py:188} INFO - [2026-04-16T23:00:51.936+0000] {dag.py:3954} INFO - Setting next_dagrun for dag_scraping_offres_emploi to 2026-04-16 12:00:00+00:00, run_after=2026-04-16 18:00:00+00:00
[2026-04-16T23:00:51.972+0000] {processor.py:183} INFO - Processing /opt/airflow/dags/DagScraper.py took 0.208 seconds
[2026-04-16T23:01:22.370+0000] {processor.py:161} INFO - Started process (PID=9269) to work on /opt/airflow/dags/DagScraper.py
[2026-04-16T23:01:22.372+0000] {processor.py:830} INFO - Processing file /opt/airflow/dags/DagScraper.py for tasks to queue
[2026-04-16T23:01:22.375+0000] {logging_mixin.py:188} INFO - [2026-04-16T23:01:22.375+0000] {dagbag.py:545} INFO - Filling up the DagBag from /opt/airflow/dags/DagScraper.py
[2026-04-16T23:01:22.413+0000] {processor.py:840} INFO - DAG(s) 'dag_scraping_offres_emploi' retrieved from /opt/airflow/dags/DagScraper.py
[2026-04-16T23:01:22.471+0000] {logging_mixin.py:188} INFO - [2026-04-16T23:01:22.470+0000] {dag.py:3096} INFO - Sync 1 DAGs
[2026-04-16T23:01:22.508+0000] {logging_mixin.py:188} INFO - [2026-04-16T23:01:22.507+0000] {dag.py:3954} INFO - Setting next_dagrun for dag_scraping_offres_emploi to 2026-04-16 12:00:00+00:00, run_after=2026-04-16 18:00:00+00:00
[2026-04-16T23:01:22.546+0000] {processor.py:183} INFO - Processing /opt/airflow/dags/DagScraper.py took 0.188 seconds
[2026-04-16T23:01:52.981+0000] {processor.py:161} INFO - Started process (PID=9278) to work on /opt/airflow/dags/DagScraper.py
[2026-04-16T23:01:52.983+0000] {processor.py:830} INFO - Processing file /opt/airflow/dags/DagScraper.py for tasks to queue
[2026-04-16T23:01:52.987+0000] {logging_mixin.py:188} INFO - [2026-04-16T23:01:52.986+0000] {dagbag.py:545} INFO - Filling up the DagBag from /opt/airflow/dags/DagScraper.py
[2026-04-16T23:01:53.023+0000] {processor.py:840} INFO - DAG(s) 'dag_scraping_offres_emploi' retrieved from /opt/airflow/dags/DagScraper.py
[2026-04-16T23:01:53.101+0000] {logging_mixin.py:188} INFO - [2026-04-16T23:01:53.101+0000] {dag.py:3096} INFO - Sync 1 DAGs
[2026-04-16T23:01:53.151+0000] {logging_mixin.py:188} INFO - [2026-04-16T23:01:53.151+0000] {dag.py:3954} INFO - Setting next_dagrun for dag_scraping_offres_emploi to 2026-04-16 12:00:00+00:00, run_after=2026-04-16 18:00:00+00:00
[2026-04-16T23:01:53.215+0000] {processor.py:183} INFO - Processing /opt/airflow/dags/DagScraper.py took 0.243 seconds
[2026-04-16T23:02:23.609+0000] {processor.py:161} INFO - Started process (PID=9292) to work on /opt/airflow/dags/DagScraper.py
[2026-04-16T23:02:23.611+0000] {processor.py:830} INFO - Processing file /opt/airflow/dags/DagScraper.py for tasks to queue
[2026-04-16T23:02:23.616+0000] {logging_mixin.py:188} INFO - [2026-04-16T23:02:23.615+0000] {dagbag.py:545} INFO - Filling up the DagBag from /opt/airflow/dags/DagScraper.py
[2026-04-16T23:02:23.669+0000] {processor.py:840} INFO - DAG(s) 'dag_scraping_offres_emploi' retrieved from /opt/airflow/dags/DagScraper.py
[2026-04-16T23:02:23.765+0000] {logging_mixin.py:188} INFO - [2026-04-16T23:02:23.764+0000] {dag.py:3096} INFO - Sync 1 DAGs
[2026-04-16T23:02:23.837+0000] {logging_mixin.py:188} INFO - [2026-04-16T23:02:23.836+0000] {dag.py:3954} INFO - Setting next_dagrun for dag_scraping_offres_emploi to 2026-04-16 12:00:00+00:00, run_after=2026-04-16 18:00:00+00:00
[2026-04-16T23:02:23.885+0000] {processor.py:183} INFO - Processing /opt/airflow/dags/DagScraper.py took 0.292 seconds
[2026-04-16T23:02:54.401+0000] {processor.py:161} INFO - Started process (PID=9300) to work on /opt/airflow/dags/DagScraper.py
[2026-04-16T23:02:54.403+0000] {processor.py:830} INFO - Processing file /opt/airflow/dags/DagScraper.py for tasks to queue
[2026-04-16T23:02:54.407+0000] {logging_mixin.py:188} INFO - [2026-04-16T23:02:54.406+0000] {dagbag.py:545} INFO - Filling up the DagBag from /opt/airflow/dags/DagScraper.py
[2026-04-16T23:02:54.444+0000] {processor.py:840} INFO - DAG(s) 'dag_scraping_offres_emploi' retrieved from /opt/airflow/dags/DagScraper.py
[2026-04-16T23:02:54.577+0000] {logging_mixin.py:188} INFO - [2026-04-16T23:02:54.576+0000] {dag.py:3096} INFO - Sync 1 DAGs
[2026-04-16T23:02:54.656+0000] {logging_mixin.py:188} INFO - [2026-04-16T23:02:54.655+0000] {dag.py:3954} INFO - Setting next_dagrun for dag_scraping_offres_emploi to 2026-04-16 12:00:00+00:00, run_after=2026-04-16 18:00:00+00:00
[2026-04-16T23:02:54.704+0000] {processor.py:183} INFO - Processing /opt/airflow/dags/DagScraper.py took 0.316 seconds
[2026-04-16T23:03:25.051+0000] {processor.py:161} INFO - Started process (PID=9314) to work on /opt/airflow/dags/DagScraper.py
[2026-04-16T23:03:25.053+0000] {processor.py:830} INFO - Processing file /opt/airflow/dags/DagScraper.py for tasks to queue
[2026-04-16T23:03:25.056+0000] {logging_mixin.py:188} INFO - [2026-04-16T23:03:25.055+0000] {dagbag.py:545} INFO - Filling up the DagBag from /opt/airflow/dags/DagScraper.py
[2026-04-16T23:03:25.117+0000] {processor.py:840} INFO - DAG(s) 'dag_scraping_offres_emploi' retrieved from /opt/airflow/dags/DagScraper.py
[2026-04-16T23:03:25.210+0000] {logging_mixin.py:188} INFO - [2026-04-16T23:03:25.210+0000] {dag.py:3096} INFO - Sync 1 DAGs
[2026-04-16T23:03:25.266+0000] {logging_mixin.py:188} INFO - [2026-04-16T23:03:25.265+0000] {dag.py:3954} INFO - Setting next_dagrun for dag_scraping_offres_emploi to 2026-04-16 12:00:00+00:00, run_after=2026-04-16 18:00:00+00:00
[2026-04-16T23:03:25.310+0000] {processor.py:183} INFO - Processing /opt/airflow/dags/DagScraper.py took 0.271 seconds
[2026-04-16T23:03:55.730+0000] {processor.py:161} INFO - Started process (PID=9328) to work on /opt/airflow/dags/DagScraper.py
[2026-04-16T23:03:55.731+0000] {processor.py:830} INFO - Processing file /opt/airflow/dags/DagScraper.py for tasks to queue
[2026-04-16T23:03:55.734+0000] {logging_mixin.py:188} INFO - [2026-04-16T23:03:55.734+0000] {dagbag.py:545} INFO - Filling up the DagBag from /opt/airflow/dags/DagScraper.py
[2026-04-16T23:03:55.779+0000] {processor.py:840} INFO - DAG(s) 'dag_scraping_offres_emploi' retrieved from /opt/airflow/dags/DagScraper.py
[2026-04-16T23:03:55.857+0000] {logging_mixin.py:188} INFO - [2026-04-16T23:03:55.856+0000] {dag.py:3096} INFO - Sync 1 DAGs
[2026-04-16T23:03:55.935+0000] {logging_mixin.py:188} INFO - [2026-04-16T23:03:55.934+0000] {dag.py:3954} INFO - Setting next_dagrun for dag_scraping_offres_emploi to 2026-04-16 12:00:00+00:00, run_after=2026-04-16 18:00:00+00:00
[2026-04-16T23:03:55.989+0000] {processor.py:183} INFO - Processing /opt/airflow/dags/DagScraper.py took 0.273 seconds
[2026-04-16T23:04:26.451+0000] {processor.py:161} INFO - Started process (PID=9336) to work on /opt/airflow/dags/DagScraper.py
[2026-04-16T23:04:26.454+0000] {processor.py:830} INFO - Processing file /opt/airflow/dags/DagScraper.py for tasks to queue
[2026-04-16T23:04:26.458+0000] {logging_mixin.py:188} INFO - [2026-04-16T23:04:26.457+0000] {dagbag.py:545} INFO - Filling up the DagBag from /opt/airflow/dags/DagScraper.py
[2026-04-16T23:04:26.501+0000] {processor.py:840} INFO - DAG(s) 'dag_scraping_offres_emploi' retrieved from /opt/airflow/dags/DagScraper.py
[2026-04-16T23:04:26.561+0000] {logging_mixin.py:188} INFO - [2026-04-16T23:04:26.560+0000] {dag.py:3096} INFO - Sync 1 DAGs
[2026-04-16T23:04:26.602+0000] {logging_mixin.py:188} INFO - [2026-04-16T23:04:26.602+0000] {dag.py:3954} INFO - Setting next_dagrun for dag_scraping_offres_emploi to 2026-04-16 12:00:00+00:00, run_after=2026-04-16 18:00:00+00:00
[2026-04-16T23:04:26.634+0000] {processor.py:183} INFO - Processing /opt/airflow/dags/DagScraper.py took 0.195 seconds
[2026-04-16T23:04:57.019+0000] {processor.py:161} INFO - Started process (PID=9350) to work on /opt/airflow/dags/DagScraper.py
[2026-04-16T23:04:57.021+0000] {processor.py:830} INFO - Processing file /opt/airflow/dags/DagScraper.py for tasks to queue
[2026-04-16T23:04:57.024+0000] {logging_mixin.py:188} INFO - [2026-04-16T23:04:57.023+0000] {dagbag.py:545} INFO - Filling up the DagBag from /opt/airflow/dags/DagScraper.py
[2026-04-16T23:04:57.063+0000] {processor.py:840} INFO - DAG(s) 'dag_scraping_offres_emploi' retrieved from /opt/airflow/dags/DagScraper.py
[2026-04-16T23:04:57.136+0000] {logging_mixin.py:188} INFO - [2026-04-16T23:04:57.136+0000] {dag.py:3096} INFO - Sync 1 DAGs
[2026-04-16T23:04:57.175+0000] {logging_mixin.py:188} INFO - [2026-04-16T23:04:57.174+0000] {dag.py:3954} INFO - Setting next_dagrun for dag_scraping_offres_emploi to 2026-04-16 12:00:00+00:00, run_after=2026-04-16 18:00:00+00:00
[2026-04-16T23:04:57.209+0000] {processor.py:183} INFO - Processing /opt/airflow/dags/DagScraper.py took 0.199 seconds
[2026-04-16T23:05:27.717+0000] {processor.py:161} INFO - Started process (PID=9358) to work on /opt/airflow/dags/DagScraper.py
[2026-04-16T23:05:27.719+0000] {processor.py:830} INFO - Processing file /opt/airflow/dags/DagScraper.py for tasks to queue
[2026-04-16T23:05:27.723+0000] {logging_mixin.py:188} INFO - [2026-04-16T23:05:27.722+0000] {dagbag.py:545} INFO - Filling up the DagBag from /opt/airflow/dags/DagScraper.py
[2026-04-16T23:05:27.797+0000] {processor.py:840} INFO - DAG(s) 'dag_scraping_offres_emploi' retrieved from /opt/airflow/dags/DagScraper.py
[2026-04-16T23:05:27.957+0000] {logging_mixin.py:188} INFO - [2026-04-16T23:05:27.956+0000] {dag.py:3096} INFO - Sync 1 DAGs
[2026-04-16T23:05:28.010+0000] {logging_mixin.py:188} INFO - [2026-04-16T23:05:28.010+0000] {dag.py:3954} INFO - Setting next_dagrun for dag_scraping_offres_emploi to 2026-04-16 12:00:00+00:00, run_after=2026-04-16 18:00:00+00:00
[2026-04-16T23:05:28.066+0000] {processor.py:183} INFO - Processing /opt/airflow/dags/DagScraper.py took 0.379 seconds
[2026-04-16T23:05:58.463+0000] {processor.py:161} INFO - Started process (PID=9372) to work on /opt/airflow/dags/DagScraper.py
[2026-04-16T23:05:58.464+0000] {processor.py:830} INFO - Processing file /opt/airflow/dags/DagScraper.py for tasks to queue
[2026-04-16T23:05:58.468+0000] {logging_mixin.py:188} INFO - [2026-04-16T23:05:58.467+0000] {dagbag.py:545} INFO - Filling up the DagBag from /opt/airflow/dags/DagScraper.py
[2026-04-16T23:05:58.501+0000] {processor.py:840} INFO - DAG(s) 'dag_scraping_offres_emploi' retrieved from /opt/airflow/dags/DagScraper.py
[2026-04-16T23:05:58.557+0000] {logging_mixin.py:188} INFO - [2026-04-16T23:05:58.557+0000] {dag.py:3096} INFO - Sync 1 DAGs
[2026-04-16T23:05:58.594+0000] {logging_mixin.py:188} INFO - [2026-04-16T23:05:58.594+0000] {dag.py:3954} INFO - Setting next_dagrun for dag_scraping_offres_emploi to 2026-04-16 12:00:00+00:00, run_after=2026-04-16 18:00:00+00:00
[2026-04-16T23:05:58.634+0000] {processor.py:183} INFO - Processing /opt/airflow/dags/DagScraper.py took 0.181 seconds
[2026-04-16T23:06:29.129+0000] {processor.py:161} INFO - Started process (PID=9379) to work on /opt/airflow/dags/DagScraper.py
[2026-04-16T23:06:29.130+0000] {processor.py:830} INFO - Processing file /opt/airflow/dags/DagScraper.py for tasks to queue
[2026-04-16T23:06:29.133+0000] {logging_mixin.py:188} INFO - [2026-04-16T23:06:29.133+0000] {dagbag.py:545} INFO - Filling up the DagBag from /opt/airflow/dags/DagScraper.py
[2026-04-16T23:06:29.169+0000] {processor.py:840} INFO - DAG(s) 'dag_scraping_offres_emploi' retrieved from /opt/airflow/dags/DagScraper.py
[2026-04-16T23:06:29.227+0000] {logging_mixin.py:188} INFO - [2026-04-16T23:06:29.227+0000] {dag.py:3096} INFO - Sync 1 DAGs
[2026-04-16T23:06:29.265+0000] {logging_mixin.py:188} INFO - [2026-04-16T23:06:29.264+0000] {dag.py:3954} INFO - Setting next_dagrun for dag_scraping_offres_emploi to 2026-04-16 12:00:00+00:00, run_after=2026-04-16 18:00:00+00:00
[2026-04-16T23:06:29.304+0000] {processor.py:183} INFO - Processing /opt/airflow/dags/DagScraper.py took 0.185 seconds
[2026-04-16T23:06:59.754+0000] {processor.py:161} INFO - Started process (PID=9392) to work on /opt/airflow/dags/DagScraper.py
[2026-04-16T23:06:59.756+0000] {processor.py:830} INFO - Processing file /opt/airflow/dags/DagScraper.py for tasks to queue
[2026-04-16T23:06:59.760+0000] {logging_mixin.py:188} INFO - [2026-04-16T23:06:59.760+0000] {dagbag.py:545} INFO - Filling up the DagBag from /opt/airflow/dags/DagScraper.py
[2026-04-16T23:06:59.832+0000] {processor.py:840} INFO - DAG(s) 'dag_scraping_offres_emploi' retrieved from /opt/airflow/dags/DagScraper.py
[2026-04-16T23:07:00.096+0000] {logging_mixin.py:188} INFO - [2026-04-16T23:07:00.096+0000] {dag.py:3096} INFO - Sync 1 DAGs
[2026-04-16T23:07:00.171+0000] {logging_mixin.py:188} INFO - [2026-04-16T23:07:00.170+0000] {dag.py:3954} INFO - Setting next_dagrun for dag_scraping_offres_emploi to 2026-04-16 12:00:00+00:00, run_after=2026-04-16 18:00:00+00:00
[2026-04-16T23:07:00.219+0000] {processor.py:183} INFO - Processing /opt/airflow/dags/DagScraper.py took 0.475 seconds
[2026-04-16T23:07:30.704+0000] {processor.py:161} INFO - Started process (PID=9401) to work on /opt/airflow/dags/DagScraper.py
[2026-04-16T23:07:30.707+0000] {processor.py:830} INFO - Processing file /opt/airflow/dags/DagScraper.py for tasks to queue
[2026-04-16T23:07:30.710+0000] {logging_mixin.py:188} INFO - [2026-04-16T23:07:30.709+0000] {dagbag.py:545} INFO - Filling up the DagBag from /opt/airflow/dags/DagScraper.py
[2026-04-16T23:07:30.745+0000] {processor.py:840} INFO - DAG(s) 'dag_scraping_offres_emploi' retrieved from /opt/airflow/dags/DagScraper.py
[2026-04-16T23:07:30.824+0000] {logging_mixin.py:188} INFO - [2026-04-16T23:07:30.823+0000] {dag.py:3096} INFO - Sync 1 DAGs
[2026-04-16T23:07:30.874+0000] {logging_mixin.py:188} INFO - [2026-04-16T23:07:30.874+0000] {dag.py:3954} INFO - Setting next_dagrun for dag_scraping_offres_emploi to 2026-04-16 12:00:00+00:00, run_after=2026-04-16 18:00:00+00:00
[2026-04-16T23:07:30.919+0000] {processor.py:183} INFO - Processing /opt/airflow/dags/DagScraper.py took 0.224 seconds
[2026-04-16T23:08:01.362+0000] {processor.py:161} INFO - Started process (PID=9416) to work on /opt/airflow/dags/DagScraper.py
[2026-04-16T23:08:01.364+0000] {processor.py:830} INFO - Processing file /opt/airflow/dags/DagScraper.py for tasks to queue
[2026-04-16T23:08:01.367+0000] {logging_mixin.py:188} INFO - [2026-04-16T23:08:01.366+0000] {dagbag.py:545} INFO - Filling up the DagBag from /opt/airflow/dags/DagScraper.py
[2026-04-16T23:08:01.400+0000] {processor.py:840} INFO - DAG(s) 'dag_scraping_offres_emploi' retrieved from /opt/airflow/dags/DagScraper.py
[2026-04-16T23:08:01.463+0000] {logging_mixin.py:188} INFO - [2026-04-16T23:08:01.463+0000] {dag.py:3096} INFO - Sync 1 DAGs
[2026-04-16T23:08:01.500+0000] {logging_mixin.py:188} INFO - [2026-04-16T23:08:01.500+0000] {dag.py:3954} INFO - Setting next_dagrun for dag_scraping_offres_emploi to 2026-04-16 12:00:00+00:00, run_after=2026-04-16 18:00:00+00:00
[2026-04-16T23:08:01.537+0000] {processor.py:183} INFO - Processing /opt/airflow/dags/DagScraper.py took 0.185 seconds
[2026-04-16T23:08:31.981+0000] {processor.py:161} INFO - Started process (PID=9424) to work on /opt/airflow/dags/DagScraper.py
[2026-04-16T23:08:31.983+0000] {processor.py:830} INFO - Processing file /opt/airflow/dags/DagScraper.py for tasks to queue
[2026-04-16T23:08:31.986+0000] {logging_mixin.py:188} INFO - [2026-04-16T23:08:31.985+0000] {dagbag.py:545} INFO - Filling up the DagBag from /opt/airflow/dags/DagScraper.py
[2026-04-16T23:08:32.021+0000] {processor.py:840} INFO - DAG(s) 'dag_scraping_offres_emploi' retrieved from /opt/airflow/dags/DagScraper.py
[2026-04-16T23:08:32.079+0000] {logging_mixin.py:188} INFO - [2026-04-16T23:08:32.079+0000] {dag.py:3096} INFO - Sync 1 DAGs
[2026-04-16T23:08:32.118+0000] {logging_mixin.py:188} INFO - [2026-04-16T23:08:32.118+0000] {dag.py:3954} INFO - Setting next_dagrun for dag_scraping_offres_emploi to 2026-04-16 12:00:00+00:00, run_after=2026-04-16 18:00:00+00:00
[2026-04-16T23:08:32.152+0000] {processor.py:183} INFO - Processing /opt/airflow/dags/DagScraper.py took 0.181 seconds
[2026-04-16T23:09:02.518+0000] {processor.py:161} INFO - Started process (PID=9439) to work on /opt/airflow/dags/DagScraper.py
[2026-04-16T23:09:02.522+0000] {processor.py:830} INFO - Processing file /opt/airflow/dags/DagScraper.py for tasks to queue
[2026-04-16T23:09:02.526+0000] {logging_mixin.py:188} INFO - [2026-04-16T23:09:02.525+0000] {dagbag.py:545} INFO - Filling up the DagBag from /opt/airflow/dags/DagScraper.py
[2026-04-16T23:09:02.570+0000] {processor.py:840} INFO - DAG(s) 'dag_scraping_offres_emploi' retrieved from /opt/airflow/dags/DagScraper.py
[2026-04-16T23:09:02.624+0000] {logging_mixin.py:188} INFO - [2026-04-16T23:09:02.624+0000] {dag.py:3096} INFO - Sync 1 DAGs
[2026-04-16T23:09:02.664+0000] {logging_mixin.py:188} INFO - [2026-04-16T23:09:02.663+0000] {dag.py:3954} INFO - Setting next_dagrun for dag_scraping_offres_emploi to 2026-04-16 12:00:00+00:00, run_after=2026-04-16 18:00:00+00:00
[2026-04-16T23:09:02.697+0000] {processor.py:183} INFO - Processing /opt/airflow/dags/DagScraper.py took 0.191 seconds
[2026-04-16T23:09:33.187+0000] {processor.py:161} INFO - Started process (PID=9447) to work on /opt/airflow/dags/DagScraper.py
[2026-04-16T23:09:33.189+0000] {processor.py:830} INFO - Processing file /opt/airflow/dags/DagScraper.py for tasks to queue
[2026-04-16T23:09:33.193+0000] {logging_mixin.py:188} INFO - [2026-04-16T23:09:33.192+0000] {dagbag.py:545} INFO - Filling up the DagBag from /opt/airflow/dags/DagScraper.py
[2026-04-16T23:09:33.241+0000] {processor.py:840} INFO - DAG(s) 'dag_scraping_offres_emploi' retrieved from /opt/airflow/dags/DagScraper.py
[2026-04-16T23:09:33.310+0000] {logging_mixin.py:188} INFO - [2026-04-16T23:09:33.309+0000] {dag.py:3096} INFO - Sync 1 DAGs
[2026-04-16T23:09:33.354+0000] {logging_mixin.py:188} INFO - [2026-04-16T23:09:33.353+0000] {dag.py:3954} INFO - Setting next_dagrun for dag_scraping_offres_emploi to 2026-04-16 12:00:00+00:00, run_after=2026-04-16 18:00:00+00:00
[2026-04-16T23:09:33.399+0000] {processor.py:183} INFO - Processing /opt/airflow/dags/DagScraper.py took 0.223 seconds
[2026-04-16T23:10:03.790+0000] {processor.py:161} INFO - Started process (PID=9461) to work on /opt/airflow/dags/DagScraper.py
[2026-04-16T23:10:03.792+0000] {processor.py:830} INFO - Processing file /opt/airflow/dags/DagScraper.py for tasks to queue
[2026-04-16T23:10:03.796+0000] {logging_mixin.py:188} INFO - [2026-04-16T23:10:03.795+0000] {dagbag.py:545} INFO - Filling up the DagBag from /opt/airflow/dags/DagScraper.py
[2026-04-16T23:10:03.843+0000] {processor.py:840} INFO - DAG(s) 'dag_scraping_offres_emploi' retrieved from /opt/airflow/dags/DagScraper.py
[2026-04-16T23:10:03.907+0000] {logging_mixin.py:188} INFO - [2026-04-16T23:10:03.907+0000] {dag.py:3096} INFO - Sync 1 DAGs
[2026-04-16T23:10:03.952+0000] {logging_mixin.py:188} INFO - [2026-04-16T23:10:03.952+0000] {dag.py:3954} INFO - Setting next_dagrun for dag_scraping_offres_emploi to 2026-04-16 12:00:00+00:00, run_after=2026-04-16 18:00:00+00:00
[2026-04-16T23:10:03.995+0000] {processor.py:183} INFO - Processing /opt/airflow/dags/DagScraper.py took 0.218 seconds
[2026-04-16T23:10:34.451+0000] {processor.py:161} INFO - Started process (PID=9470) to work on /opt/airflow/dags/DagScraper.py
[2026-04-16T23:10:34.452+0000] {processor.py:830} INFO - Processing file /opt/airflow/dags/DagScraper.py for tasks to queue
[2026-04-16T23:10:34.455+0000] {logging_mixin.py:188} INFO - [2026-04-16T23:10:34.455+0000] {dagbag.py:545} INFO - Filling up the DagBag from /opt/airflow/dags/DagScraper.py
[2026-04-16T23:10:34.489+0000] {processor.py:840} INFO - DAG(s) 'dag_scraping_offres_emploi' retrieved from /opt/airflow/dags/DagScraper.py
[2026-04-16T23:10:34.546+0000] {logging_mixin.py:188} INFO - [2026-04-16T23:10:34.545+0000] {dag.py:3096} INFO - Sync 1 DAGs
[2026-04-16T23:10:34.585+0000] {logging_mixin.py:188} INFO - [2026-04-16T23:10:34.584+0000] {dag.py:3954} INFO - Setting next_dagrun for dag_scraping_offres_emploi to 2026-04-16 12:00:00+00:00, run_after=2026-04-16 18:00:00+00:00
[2026-04-16T23:10:34.629+0000] {processor.py:183} INFO - Processing /opt/airflow/dags/DagScraper.py took 0.188 seconds
[2026-04-16T23:11:05.081+0000] {processor.py:161} INFO - Started process (PID=9484) to work on /opt/airflow/dags/DagScraper.py
[2026-04-16T23:11:05.082+0000] {processor.py:830} INFO - Processing file /opt/airflow/dags/DagScraper.py for tasks to queue
[2026-04-16T23:11:05.086+0000] {logging_mixin.py:188} INFO - [2026-04-16T23:11:05.086+0000] {dagbag.py:545} INFO - Filling up the DagBag from /opt/airflow/dags/DagScraper.py
[2026-04-16T23:11:05.124+0000] {processor.py:840} INFO - DAG(s) 'dag_scraping_offres_emploi' retrieved from /opt/airflow/dags/DagScraper.py
[2026-04-16T23:11:05.181+0000] {logging_mixin.py:188} INFO - [2026-04-16T23:11:05.181+0000] {dag.py:3096} INFO - Sync 1 DAGs
[2026-04-16T23:11:05.219+0000] {logging_mixin.py:188} INFO - [2026-04-16T23:11:05.218+0000] {dag.py:3954} INFO - Setting next_dagrun for dag_scraping_offres_emploi to 2026-04-16 12:00:00+00:00, run_after=2026-04-16 18:00:00+00:00
[2026-04-16T23:11:05.254+0000] {processor.py:183} INFO - Processing /opt/airflow/dags/DagScraper.py took 0.184 seconds
[2026-04-16T23:11:35.695+0000] {processor.py:161} INFO - Started process (PID=9492) to work on /opt/airflow/dags/DagScraper.py
[2026-04-16T23:11:35.698+0000] {processor.py:830} INFO - Processing file /opt/airflow/dags/DagScraper.py for tasks to queue
[2026-04-16T23:11:35.701+0000] {logging_mixin.py:188} INFO - [2026-04-16T23:11:35.700+0000] {dagbag.py:545} INFO - Filling up the DagBag from /opt/airflow/dags/DagScraper.py
[2026-04-16T23:11:35.735+0000] {processor.py:840} INFO - DAG(s) 'dag_scraping_offres_emploi' retrieved from /opt/airflow/dags/DagScraper.py
[2026-04-16T23:11:35.791+0000] {logging_mixin.py:188} INFO - [2026-04-16T23:11:35.791+0000] {dag.py:3096} INFO - Sync 1 DAGs
[2026-04-16T23:11:35.832+0000] {logging_mixin.py:188} INFO - [2026-04-16T23:11:35.832+0000] {dag.py:3954} INFO - Setting next_dagrun for dag_scraping_offres_emploi to 2026-04-16 12:00:00+00:00, run_after=2026-04-16 18:00:00+00:00
[2026-04-16T23:11:35.864+0000] {processor.py:183} INFO - Processing /opt/airflow/dags/DagScraper.py took 0.179 seconds
[2026-04-16T23:12:06.264+0000] {processor.py:161} INFO - Started process (PID=9506) to work on /opt/airflow/dags/DagScraper.py
[2026-04-16T23:12:06.266+0000] {processor.py:830} INFO - Processing file /opt/airflow/dags/DagScraper.py for tasks to queue
[2026-04-16T23:12:06.269+0000] {logging_mixin.py:188} INFO - [2026-04-16T23:12:06.268+0000] {dagbag.py:545} INFO - Filling up the DagBag from /opt/airflow/dags/DagScraper.py
[2026-04-16T23:12:06.303+0000] {processor.py:840} INFO - DAG(s) 'dag_scraping_offres_emploi' retrieved from /opt/airflow/dags/DagScraper.py
[2026-04-16T23:12:06.360+0000] {logging_mixin.py:188} INFO - [2026-04-16T23:12:06.359+0000] {dag.py:3096} INFO - Sync 1 DAGs
[2026-04-16T23:12:06.397+0000] {logging_mixin.py:188} INFO - [2026-04-16T23:12:06.397+0000] {dag.py:3954} INFO - Setting next_dagrun for dag_scraping_offres_emploi to 2026-04-16 12:00:00+00:00, run_after=2026-04-16 18:00:00+00:00
[2026-04-16T23:12:06.435+0000] {processor.py:183} INFO - Processing /opt/airflow/dags/DagScraper.py took 0.180 seconds
[2026-04-16T23:12:36.857+0000] {processor.py:161} INFO - Started process (PID=9515) to work on /opt/airflow/dags/DagScraper.py
[2026-04-16T23:12:36.859+0000] {processor.py:830} INFO - Processing file /opt/airflow/dags/DagScraper.py for tasks to queue
[2026-04-16T23:12:36.867+0000] {logging_mixin.py:188} INFO - [2026-04-16T23:12:36.863+0000] {dagbag.py:545} INFO - Filling up the DagBag from /opt/airflow/dags/DagScraper.py
[2026-04-16T23:12:36.927+0000] {processor.py:840} INFO - DAG(s) 'dag_scraping_offres_emploi' retrieved from /opt/airflow/dags/DagScraper.py
[2026-04-16T23:12:37.073+0000] {logging_mixin.py:188} INFO - [2026-04-16T23:12:37.072+0000] {dag.py:3096} INFO - Sync 1 DAGs
[2026-04-16T23:12:37.160+0000] {logging_mixin.py:188} INFO - [2026-04-16T23:12:37.159+0000] {dag.py:3954} INFO - Setting next_dagrun for dag_scraping_offres_emploi to 2026-04-16 12:00:00+00:00, run_after=2026-04-16 18:00:00+00:00
[2026-04-16T23:12:37.207+0000] {processor.py:183} INFO - Processing /opt/airflow/dags/DagScraper.py took 0.371 seconds
[2026-04-16T23:13:07.639+0000] {processor.py:161} INFO - Started process (PID=9530) to work on /opt/airflow/dags/DagScraper.py
[2026-04-16T23:13:07.642+0000] {processor.py:830} INFO - Processing file /opt/airflow/dags/DagScraper.py for tasks to queue
[2026-04-16T23:13:07.645+0000] {logging_mixin.py:188} INFO - [2026-04-16T23:13:07.645+0000] {dagbag.py:545} INFO - Filling up the DagBag from /opt/airflow/dags/DagScraper.py
[2026-04-16T23:13:07.681+0000] {processor.py:840} INFO - DAG(s) 'dag_scraping_offres_emploi' retrieved from /opt/airflow/dags/DagScraper.py
[2026-04-16T23:13:07.735+0000] {logging_mixin.py:188} INFO - [2026-04-16T23:13:07.735+0000] {dag.py:3096} INFO - Sync 1 DAGs
[2026-04-16T23:13:07.778+0000] {logging_mixin.py:188} INFO - [2026-04-16T23:13:07.777+0000] {dag.py:3954} INFO - Setting next_dagrun for dag_scraping_offres_emploi to 2026-04-16 12:00:00+00:00, run_after=2026-04-16 18:00:00+00:00
[2026-04-16T23:13:07.816+0000] {processor.py:183} INFO - Processing /opt/airflow/dags/DagScraper.py took 0.186 seconds
[2026-04-16T23:13:38.190+0000] {processor.py:161} INFO - Started process (PID=9544) to work on /opt/airflow/dags/DagScraper.py
[2026-04-16T23:13:38.192+0000] {processor.py:830} INFO - Processing file /opt/airflow/dags/DagScraper.py for tasks to queue
[2026-04-16T23:13:38.197+0000] {logging_mixin.py:188} INFO - [2026-04-16T23:13:38.196+0000] {dagbag.py:545} INFO - Filling up the DagBag from /opt/airflow/dags/DagScraper.py
[2026-04-16T23:13:38.249+0000] {processor.py:840} INFO - DAG(s) 'dag_scraping_offres_emploi' retrieved from /opt/airflow/dags/DagScraper.py
[2026-04-16T23:13:38.326+0000] {logging_mixin.py:188} INFO - [2026-04-16T23:13:38.325+0000] {dag.py:3096} INFO - Sync 1 DAGs
[2026-04-16T23:13:38.366+0000] {logging_mixin.py:188} INFO - [2026-04-16T23:13:38.365+0000] {dag.py:3954} INFO - Setting next_dagrun for dag_scraping_offres_emploi to 2026-04-16 12:00:00+00:00, run_after=2026-04-16 18:00:00+00:00
[2026-04-16T23:13:38.411+0000] {processor.py:183} INFO - Processing /opt/airflow/dags/DagScraper.py took 0.235 seconds
[2026-04-16T23:14:08.898+0000] {processor.py:161} INFO - Started process (PID=9552) to work on /opt/airflow/dags/DagScraper.py
[2026-04-16T23:14:08.900+0000] {processor.py:830} INFO - Processing file /opt/airflow/dags/DagScraper.py for tasks to queue
[2026-04-16T23:14:08.904+0000] {logging_mixin.py:188} INFO - [2026-04-16T23:14:08.903+0000] {dagbag.py:545} INFO - Filling up the DagBag from /opt/airflow/dags/DagScraper.py
[2026-04-16T23:14:08.939+0000] {processor.py:840} INFO - DAG(s) 'dag_scraping_offres_emploi' retrieved from /opt/airflow/dags/DagScraper.py
[2026-04-16T23:14:08.995+0000] {logging_mixin.py:188} INFO - [2026-04-16T23:14:08.994+0000] {dag.py:3096} INFO - Sync 1 DAGs
[2026-04-16T23:14:09.033+0000] {logging_mixin.py:188} INFO - [2026-04-16T23:14:09.033+0000] {dag.py:3954} INFO - Setting next_dagrun for dag_scraping_offres_emploi to 2026-04-16 12:00:00+00:00, run_after=2026-04-16 18:00:00+00:00
[2026-04-16T23:14:09.069+0000] {processor.py:183} INFO - Processing /opt/airflow/dags/DagScraper.py took 0.183 seconds
[2026-04-16T23:14:39.370+0000] {processor.py:161} INFO - Started process (PID=9565) to work on /opt/airflow/dags/DagScraper.py
[2026-04-16T23:14:39.372+0000] {processor.py:830} INFO - Processing file /opt/airflow/dags/DagScraper.py for tasks to queue
[2026-04-16T23:14:39.379+0000] {logging_mixin.py:188} INFO - [2026-04-16T23:14:39.378+0000] {dagbag.py:545} INFO - Filling up the DagBag from /opt/airflow/dags/DagScraper.py
[2026-04-16T23:14:39.445+0000] {processor.py:840} INFO - DAG(s) 'dag_scraping_offres_emploi' retrieved from /opt/airflow/dags/DagScraper.py
[2026-04-16T23:14:39.526+0000] {logging_mixin.py:188} INFO - [2026-04-16T23:14:39.526+0000] {dag.py:3096} INFO - Sync 1 DAGs
[2026-04-16T23:14:39.563+0000] {logging_mixin.py:188} INFO - [2026-04-16T23:14:39.563+0000] {dag.py:3954} INFO - Setting next_dagrun for dag_scraping_offres_emploi to 2026-04-16 12:00:00+00:00, run_after=2026-04-16 18:00:00+00:00
[2026-04-16T23:14:39.597+0000] {processor.py:183} INFO - Processing /opt/airflow/dags/DagScraper.py took 0.244 seconds
[2026-04-16T23:15:09.996+0000] {processor.py:161} INFO - Started process (PID=9573) to work on /opt/airflow/dags/DagScraper.py
[2026-04-16T23:15:09.998+0000] {processor.py:830} INFO - Processing file /opt/airflow/dags/DagScraper.py for tasks to queue
[2026-04-16T23:15:10.002+0000] {logging_mixin.py:188} INFO - [2026-04-16T23:15:10.002+0000] {dagbag.py:545} INFO - Filling up the DagBag from /opt/airflow/dags/DagScraper.py
[2026-04-16T23:15:10.049+0000] {processor.py:840} INFO - DAG(s) 'dag_scraping_offres_emploi' retrieved from /opt/airflow/dags/DagScraper.py
[2026-04-16T23:15:10.139+0000] {logging_mixin.py:188} INFO - [2026-04-16T23:15:10.139+0000] {dag.py:3096} INFO - Sync 1 DAGs
[2026-04-16T23:15:10.204+0000] {logging_mixin.py:188} INFO - [2026-04-16T23:15:10.204+0000] {dag.py:3954} INFO - Setting next_dagrun for dag_scraping_offres_emploi to 2026-04-16 12:00:00+00:00, run_after=2026-04-16 18:00:00+00:00
[2026-04-16T23:15:10.272+0000] {processor.py:183} INFO - Processing /opt/airflow/dags/DagScraper.py took 0.288 seconds
[2026-04-16T23:15:40.710+0000] {processor.py:161} INFO - Started process (PID=9588) to work on /opt/airflow/dags/DagScraper.py
[2026-04-16T23:15:40.711+0000] {processor.py:830} INFO - Processing file /opt/airflow/dags/DagScraper.py for tasks to queue
[2026-04-16T23:15:40.715+0000] {logging_mixin.py:188} INFO - [2026-04-16T23:15:40.714+0000] {dagbag.py:545} INFO - Filling up the DagBag from /opt/airflow/dags/DagScraper.py
[2026-04-16T23:15:40.775+0000] {processor.py:840} INFO - DAG(s) 'dag_scraping_offres_emploi' retrieved from /opt/airflow/dags/DagScraper.py
[2026-04-16T23:15:40.875+0000] {logging_mixin.py:188} INFO - [2026-04-16T23:15:40.874+0000] {dag.py:3096} INFO - Sync 1 DAGs
[2026-04-16T23:15:40.956+0000] {logging_mixin.py:188} INFO - [2026-04-16T23:15:40.955+0000] {dag.py:3954} INFO - Setting next_dagrun for dag_scraping_offres_emploi to 2026-04-16 12:00:00+00:00, run_after=2026-04-16 18:00:00+00:00
[2026-04-16T23:15:41.006+0000] {processor.py:183} INFO - Processing /opt/airflow/dags/DagScraper.py took 0.309 seconds
[2026-04-16T23:16:11.456+0000] {processor.py:161} INFO - Started process (PID=9596) to work on /opt/airflow/dags/DagScraper.py
[2026-04-16T23:16:11.457+0000] {processor.py:830} INFO - Processing file /opt/airflow/dags/DagScraper.py for tasks to queue
[2026-04-16T23:16:11.460+0000] {logging_mixin.py:188} INFO - [2026-04-16T23:16:11.460+0000] {dagbag.py:545} INFO - Filling up the DagBag from /opt/airflow/dags/DagScraper.py
[2026-04-16T23:16:11.497+0000] {processor.py:840} INFO - DAG(s) 'dag_scraping_offres_emploi' retrieved from /opt/airflow/dags/DagScraper.py
[2026-04-16T23:16:11.553+0000] {logging_mixin.py:188} INFO - [2026-04-16T23:16:11.553+0000] {dag.py:3096} INFO - Sync 1 DAGs
[2026-04-16T23:16:11.590+0000] {logging_mixin.py:188} INFO - [2026-04-16T23:16:11.590+0000] {dag.py:3954} INFO - Setting next_dagrun for dag_scraping_offres_emploi to 2026-04-16 12:00:00+00:00, run_after=2026-04-16 18:00:00+00:00
[2026-04-16T23:16:11.627+0000] {processor.py:183} INFO - Processing /opt/airflow/dags/DagScraper.py took 0.181 seconds
[2026-04-16T23:16:42.099+0000] {processor.py:161} INFO - Started process (PID=9610) to work on /opt/airflow/dags/DagScraper.py
[2026-04-16T23:16:42.101+0000] {processor.py:830} INFO - Processing file /opt/airflow/dags/DagScraper.py for tasks to queue
[2026-04-16T23:16:42.106+0000] {logging_mixin.py:188} INFO - [2026-04-16T23:16:42.105+0000] {dagbag.py:545} INFO - Filling up the DagBag from /opt/airflow/dags/DagScraper.py
[2026-04-16T23:16:42.196+0000] {processor.py:840} INFO - DAG(s) 'dag_scraping_offres_emploi' retrieved from /opt/airflow/dags/DagScraper.py
[2026-04-16T23:16:42.285+0000] {logging_mixin.py:188} INFO - [2026-04-16T23:16:42.284+0000] {dag.py:3096} INFO - Sync 1 DAGs
[2026-04-16T23:16:42.340+0000] {logging_mixin.py:188} INFO - [2026-04-16T23:16:42.339+0000] {dag.py:3954} INFO - Setting next_dagrun for dag_scraping_offres_emploi to 2026-04-16 12:00:00+00:00, run_after=2026-04-16 18:00:00+00:00
[2026-04-16T23:16:42.392+0000] {processor.py:183} INFO - Processing /opt/airflow/dags/DagScraper.py took 0.323 seconds
[2026-04-16T23:17:12.866+0000] {processor.py:161} INFO - Started process (PID=9618) to work on /opt/airflow/dags/DagScraper.py
[2026-04-16T23:17:12.868+0000] {processor.py:830} INFO - Processing file /opt/airflow/dags/DagScraper.py for tasks to queue
[2026-04-16T23:17:12.872+0000] {logging_mixin.py:188} INFO - [2026-04-16T23:17:12.872+0000] {dagbag.py:545} INFO - Filling up the DagBag from /opt/airflow/dags/DagScraper.py
[2026-04-16T23:17:12.911+0000] {processor.py:840} INFO - DAG(s) 'dag_scraping_offres_emploi' retrieved from /opt/airflow/dags/DagScraper.py
[2026-04-16T23:17:12.965+0000] {logging_mixin.py:188} INFO - [2026-04-16T23:17:12.964+0000] {dag.py:3096} INFO - Sync 1 DAGs
[2026-04-16T23:17:13.002+0000] {logging_mixin.py:188} INFO - [2026-04-16T23:17:13.001+0000] {dag.py:3954} INFO - Setting next_dagrun for dag_scraping_offres_emploi to 2026-04-16 12:00:00+00:00, run_after=2026-04-16 18:00:00+00:00
[2026-04-16T23:17:13.039+0000] {processor.py:183} INFO - Processing /opt/airflow/dags/DagScraper.py took 0.182 seconds
[2026-04-16T23:17:43.545+0000] {processor.py:161} INFO - Started process (PID=9633) to work on /opt/airflow/dags/DagScraper.py
[2026-04-16T23:17:43.550+0000] {processor.py:830} INFO - Processing file /opt/airflow/dags/DagScraper.py for tasks to queue
[2026-04-16T23:17:43.555+0000] {logging_mixin.py:188} INFO - [2026-04-16T23:17:43.554+0000] {dagbag.py:545} INFO - Filling up the DagBag from /opt/airflow/dags/DagScraper.py
[2026-04-16T23:17:43.598+0000] {processor.py:840} INFO - DAG(s) 'dag_scraping_offres_emploi' retrieved from /opt/airflow/dags/DagScraper.py
[2026-04-16T23:17:43.670+0000] {logging_mixin.py:188} INFO - [2026-04-16T23:17:43.670+0000] {dag.py:3096} INFO - Sync 1 DAGs
[2026-04-16T23:17:43.709+0000] {logging_mixin.py:188} INFO - [2026-04-16T23:17:43.708+0000] {dag.py:3954} INFO - Setting next_dagrun for dag_scraping_offres_emploi to 2026-04-16 12:00:00+00:00, run_after=2026-04-16 18:00:00+00:00
[2026-04-16T23:17:43.783+0000] {processor.py:183} INFO - Processing /opt/airflow/dags/DagScraper.py took 0.257 seconds
[2026-04-16T23:18:14.041+0000] {processor.py:161} INFO - Started process (PID=9640) to work on /opt/airflow/dags/DagScraper.py
[2026-04-16T23:18:14.043+0000] {processor.py:830} INFO - Processing file /opt/airflow/dags/DagScraper.py for tasks to queue
[2026-04-16T23:18:14.047+0000] {logging_mixin.py:188} INFO - [2026-04-16T23:18:14.046+0000] {dagbag.py:545} INFO - Filling up the DagBag from /opt/airflow/dags/DagScraper.py
[2026-04-16T23:18:14.112+0000] {processor.py:840} INFO - DAG(s) 'dag_scraping_offres_emploi' retrieved from /opt/airflow/dags/DagScraper.py
[2026-04-16T23:18:14.241+0000] {logging_mixin.py:188} INFO - [2026-04-16T23:18:14.241+0000] {dag.py:3096} INFO - Sync 1 DAGs
[2026-04-16T23:18:14.305+0000] {logging_mixin.py:188} INFO - [2026-04-16T23:18:14.304+0000] {dag.py:3954} INFO - Setting next_dagrun for dag_scraping_offres_emploi to 2026-04-16 12:00:00+00:00, run_after=2026-04-16 18:00:00+00:00
[2026-04-16T23:18:14.371+0000] {processor.py:183} INFO - Processing /opt/airflow/dags/DagScraper.py took 0.347 seconds
[2026-04-16T23:18:44.879+0000] {processor.py:161} INFO - Started process (PID=9655) to work on /opt/airflow/dags/DagScraper.py
[2026-04-16T23:18:44.882+0000] {processor.py:830} INFO - Processing file /opt/airflow/dags/DagScraper.py for tasks to queue
[2026-04-16T23:18:44.894+0000] {logging_mixin.py:188} INFO - [2026-04-16T23:18:44.893+0000] {dagbag.py:545} INFO - Filling up the DagBag from /opt/airflow/dags/DagScraper.py
[2026-04-16T23:18:44.957+0000] {processor.py:840} INFO - DAG(s) 'dag_scraping_offres_emploi' retrieved from /opt/airflow/dags/DagScraper.py
[2026-04-16T23:18:45.080+0000] {logging_mixin.py:188} INFO - [2026-04-16T23:18:45.080+0000] {dag.py:3096} INFO - Sync 1 DAGs
[2026-04-16T23:18:45.128+0000] {logging_mixin.py:188} INFO - [2026-04-16T23:18:45.128+0000] {dag.py:3954} INFO - Setting next_dagrun for dag_scraping_offres_emploi to 2026-04-16 12:00:00+00:00, run_after=2026-04-16 18:00:00+00:00
[2026-04-16T23:18:45.176+0000] {processor.py:183} INFO - Processing /opt/airflow/dags/DagScraper.py took 0.316 seconds
[2026-04-16T23:19:15.604+0000] {processor.py:161} INFO - Started process (PID=9664) to work on /opt/airflow/dags/DagScraper.py
[2026-04-16T23:19:15.606+0000] {processor.py:830} INFO - Processing file /opt/airflow/dags/DagScraper.py for tasks to queue
[2026-04-16T23:19:15.609+0000] {logging_mixin.py:188} INFO - [2026-04-16T23:19:15.609+0000] {dagbag.py:545} INFO - Filling up the DagBag from /opt/airflow/dags/DagScraper.py
[2026-04-16T23:19:15.643+0000] {processor.py:840} INFO - DAG(s) 'dag_scraping_offres_emploi' retrieved from /opt/airflow/dags/DagScraper.py
[2026-04-16T23:19:15.734+0000] {logging_mixin.py:188} INFO - [2026-04-16T23:19:15.734+0000] {dag.py:3096} INFO - Sync 1 DAGs
[2026-04-16T23:19:15.779+0000] {logging_mixin.py:188} INFO - [2026-04-16T23:19:15.779+0000] {dag.py:3954} INFO - Setting next_dagrun for dag_scraping_offres_emploi to 2026-04-16 12:00:00+00:00, run_after=2026-04-16 18:00:00+00:00
[2026-04-16T23:19:15.822+0000] {processor.py:183} INFO - Processing /opt/airflow/dags/DagScraper.py took 0.226 seconds
[2026-04-16T23:19:46.325+0000] {processor.py:161} INFO - Started process (PID=9678) to work on /opt/airflow/dags/DagScraper.py
[2026-04-16T23:19:46.326+0000] {processor.py:830} INFO - Processing file /opt/airflow/dags/DagScraper.py for tasks to queue
[2026-04-16T23:19:46.329+0000] {logging_mixin.py:188} INFO - [2026-04-16T23:19:46.329+0000] {dagbag.py:545} INFO - Filling up the DagBag from /opt/airflow/dags/DagScraper.py
[2026-04-16T23:19:46.378+0000] {processor.py:840} INFO - DAG(s) 'dag_scraping_offres_emploi' retrieved from /opt/airflow/dags/DagScraper.py
[2026-04-16T23:19:46.468+0000] {logging_mixin.py:188} INFO - [2026-04-16T23:19:46.467+0000] {dag.py:3096} INFO - Sync 1 DAGs
[2026-04-16T23:19:46.579+0000] {logging_mixin.py:188} INFO - [2026-04-16T23:19:46.577+0000] {dag.py:3954} INFO - Setting next_dagrun for dag_scraping_offres_emploi to 2026-04-16 12:00:00+00:00, run_after=2026-04-16 18:00:00+00:00
[2026-04-16T23:19:46.638+0000] {processor.py:183} INFO - Processing /opt/airflow/dags/DagScraper.py took 0.323 seconds
[2026-04-16T23:20:17.087+0000] {processor.py:161} INFO - Started process (PID=9686) to work on /opt/airflow/dags/DagScraper.py
[2026-04-16T23:20:17.090+0000] {processor.py:830} INFO - Processing file /opt/airflow/dags/DagScraper.py for tasks to queue
[2026-04-16T23:20:17.094+0000] {logging_mixin.py:188} INFO - [2026-04-16T23:20:17.094+0000] {dagbag.py:545} INFO - Filling up the DagBag from /opt/airflow/dags/DagScraper.py
[2026-04-16T23:20:17.128+0000] {processor.py:840} INFO - DAG(s) 'dag_scraping_offres_emploi' retrieved from /opt/airflow/dags/DagScraper.py
[2026-04-16T23:20:17.187+0000] {logging_mixin.py:188} INFO - [2026-04-16T23:20:17.187+0000] {dag.py:3096} INFO - Sync 1 DAGs
[2026-04-16T23:20:17.225+0000] {logging_mixin.py:188} INFO - [2026-04-16T23:20:17.224+0000] {dag.py:3954} INFO - Setting next_dagrun for dag_scraping_offres_emploi to 2026-04-16 12:00:00+00:00, run_after=2026-04-16 18:00:00+00:00
[2026-04-16T23:20:17.262+0000] {processor.py:183} INFO - Processing /opt/airflow/dags/DagScraper.py took 0.188 seconds
[2026-04-16T23:20:47.581+0000] {processor.py:161} INFO - Started process (PID=9700) to work on /opt/airflow/dags/DagScraper.py
[2026-04-16T23:20:47.583+0000] {processor.py:830} INFO - Processing file /opt/airflow/dags/DagScraper.py for tasks to queue
[2026-04-16T23:20:47.586+0000] {logging_mixin.py:188} INFO - [2026-04-16T23:20:47.585+0000] {dagbag.py:545} INFO - Filling up the DagBag from /opt/airflow/dags/DagScraper.py
[2026-04-16T23:20:47.628+0000] {processor.py:840} INFO - DAG(s) 'dag_scraping_offres_emploi' retrieved from /opt/airflow/dags/DagScraper.py
[2026-04-16T23:20:47.695+0000] {logging_mixin.py:188} INFO - [2026-04-16T23:20:47.694+0000] {dag.py:3096} INFO - Sync 1 DAGs
[2026-04-16T23:20:47.736+0000] {logging_mixin.py:188} INFO - [2026-04-16T23:20:47.736+0000] {dag.py:3954} INFO - Setting next_dagrun for dag_scraping_offres_emploi to 2026-04-16 12:00:00+00:00, run_after=2026-04-16 18:00:00+00:00
[2026-04-16T23:20:47.773+0000] {processor.py:183} INFO - Processing /opt/airflow/dags/DagScraper.py took 0.207 seconds
[2026-04-16T23:21:18.194+0000] {processor.py:161} INFO - Started process (PID=9708) to work on /opt/airflow/dags/DagScraper.py
[2026-04-16T23:21:18.198+0000] {processor.py:830} INFO - Processing file /opt/airflow/dags/DagScraper.py for tasks to queue
[2026-04-16T23:21:18.202+0000] {logging_mixin.py:188} INFO - [2026-04-16T23:21:18.201+0000] {dagbag.py:545} INFO - Filling up the DagBag from /opt/airflow/dags/DagScraper.py
[2026-04-16T23:21:18.306+0000] {processor.py:840} INFO - DAG(s) 'dag_scraping_offres_emploi' retrieved from /opt/airflow/dags/DagScraper.py
[2026-04-16T23:21:18.398+0000] {logging_mixin.py:188} INFO - [2026-04-16T23:21:18.398+0000] {dag.py:3096} INFO - Sync 1 DAGs
[2026-04-16T23:21:18.456+0000] {logging_mixin.py:188} INFO - [2026-04-16T23:21:18.456+0000] {dag.py:3954} INFO - Setting next_dagrun for dag_scraping_offres_emploi to 2026-04-16 12:00:00+00:00, run_after=2026-04-16 18:00:00+00:00
[2026-04-16T23:21:18.553+0000] {processor.py:183} INFO - Processing /opt/airflow/dags/DagScraper.py took 0.382 seconds
[2026-04-16T23:21:48.842+0000] {processor.py:161} INFO - Started process (PID=9722) to work on /opt/airflow/dags/DagScraper.py
[2026-04-16T23:21:48.850+0000] {processor.py:830} INFO - Processing file /opt/airflow/dags/DagScraper.py for tasks to queue
[2026-04-16T23:21:48.863+0000] {logging_mixin.py:188} INFO - [2026-04-16T23:21:48.859+0000] {dagbag.py:545} INFO - Filling up the DagBag from /opt/airflow/dags/DagScraper.py
[2026-04-16T23:21:49.069+0000] {processor.py:840} INFO - DAG(s) 'dag_scraping_offres_emploi' retrieved from /opt/airflow/dags/DagScraper.py
[2026-04-16T23:21:49.454+0000] {logging_mixin.py:188} INFO - [2026-04-16T23:21:49.427+0000] {dag.py:3096} INFO - Sync 1 DAGs
[2026-04-16T23:21:49.611+0000] {logging_mixin.py:188} INFO - [2026-04-16T23:21:49.611+0000] {dag.py:3954} INFO - Setting next_dagrun for dag_scraping_offres_emploi to 2026-04-16 12:00:00+00:00, run_after=2026-04-16 18:00:00+00:00
[2026-04-16T23:21:49.735+0000] {processor.py:183} INFO - Processing /opt/airflow/dags/DagScraper.py took 0.933 seconds
[2026-04-16T23:22:20.341+0000] {processor.py:161} INFO - Started process (PID=9730) to work on /opt/airflow/dags/DagScraper.py
[2026-04-16T23:22:20.343+0000] {processor.py:830} INFO - Processing file /opt/airflow/dags/DagScraper.py for tasks to queue
[2026-04-16T23:22:20.346+0000] {logging_mixin.py:188} INFO - [2026-04-16T23:22:20.345+0000] {dagbag.py:545} INFO - Filling up the DagBag from /opt/airflow/dags/DagScraper.py
[2026-04-16T23:22:20.394+0000] {processor.py:840} INFO - DAG(s) 'dag_scraping_offres_emploi' retrieved from /opt/airflow/dags/DagScraper.py
[2026-04-16T23:22:20.477+0000] {logging_mixin.py:188} INFO - [2026-04-16T23:22:20.476+0000] {dag.py:3096} INFO - Sync 1 DAGs
[2026-04-16T23:22:20.533+0000] {logging_mixin.py:188} INFO - [2026-04-16T23:22:20.532+0000] {dag.py:3954} INFO - Setting next_dagrun for dag_scraping_offres_emploi to 2026-04-16 12:00:00+00:00, run_after=2026-04-16 18:00:00+00:00
[2026-04-16T23:22:20.577+0000] {processor.py:183} INFO - Processing /opt/airflow/dags/DagScraper.py took 0.245 seconds
[2026-04-16T23:22:50.973+0000] {processor.py:161} INFO - Started process (PID=9746) to work on /opt/airflow/dags/DagScraper.py
[2026-04-16T23:22:50.975+0000] {processor.py:830} INFO - Processing file /opt/airflow/dags/DagScraper.py for tasks to queue
[2026-04-16T23:22:50.978+0000] {logging_mixin.py:188} INFO - [2026-04-16T23:22:50.977+0000] {dagbag.py:545} INFO - Filling up the DagBag from /opt/airflow/dags/DagScraper.py
[2026-04-16T23:22:51.021+0000] {processor.py:840} INFO - DAG(s) 'dag_scraping_offres_emploi' retrieved from /opt/airflow/dags/DagScraper.py
[2026-04-16T23:22:51.120+0000] {logging_mixin.py:188} INFO - [2026-04-16T23:22:51.120+0000] {dag.py:3096} INFO - Sync 1 DAGs
[2026-04-16T23:22:51.184+0000] {logging_mixin.py:188} INFO - [2026-04-16T23:22:51.183+0000] {dag.py:3954} INFO - Setting next_dagrun for dag_scraping_offres_emploi to 2026-04-16 12:00:00+00:00, run_after=2026-04-16 18:00:00+00:00
[2026-04-16T23:22:51.231+0000] {processor.py:183} INFO - Processing /opt/airflow/dags/DagScraper.py took 0.269 seconds
[2026-04-16T23:23:21.705+0000] {processor.py:161} INFO - Started process (PID=9760) to work on /opt/airflow/dags/DagScraper.py
[2026-04-16T23:23:21.708+0000] {processor.py:830} INFO - Processing file /opt/airflow/dags/DagScraper.py for tasks to queue
[2026-04-16T23:23:21.717+0000] {logging_mixin.py:188} INFO - [2026-04-16T23:23:21.717+0000] {dagbag.py:545} INFO - Filling up the DagBag from /opt/airflow/dags/DagScraper.py
[2026-04-16T23:23:21.757+0000] {processor.py:840} INFO - DAG(s) 'dag_scraping_offres_emploi' retrieved from /opt/airflow/dags/DagScraper.py
[2026-04-16T23:23:21.824+0000] {logging_mixin.py:188} INFO - [2026-04-16T23:23:21.824+0000] {dag.py:3096} INFO - Sync 1 DAGs
[2026-04-16T23:23:21.861+0000] {logging_mixin.py:188} INFO - [2026-04-16T23:23:21.861+0000] {dag.py:3954} INFO - Setting next_dagrun for dag_scraping_offres_emploi to 2026-04-16 12:00:00+00:00, run_after=2026-04-16 18:00:00+00:00
[2026-04-16T23:23:21.896+0000] {processor.py:183} INFO - Processing /opt/airflow/dags/DagScraper.py took 0.215 seconds
[2026-04-16T23:23:52.101+0000] {processor.py:161} INFO - Started process (PID=9768) to work on /opt/airflow/dags/DagScraper.py
[2026-04-16T23:23:52.103+0000] {processor.py:830} INFO - Processing file /opt/airflow/dags/DagScraper.py for tasks to queue
[2026-04-16T23:23:52.106+0000] {logging_mixin.py:188} INFO - [2026-04-16T23:23:52.105+0000] {dagbag.py:545} INFO - Filling up the DagBag from /opt/airflow/dags/DagScraper.py
[2026-04-16T23:23:52.150+0000] {processor.py:840} INFO - DAG(s) 'dag_scraping_offres_emploi' retrieved from /opt/airflow/dags/DagScraper.py
[2026-04-16T23:23:52.249+0000] {logging_mixin.py:188} INFO - [2026-04-16T23:23:52.249+0000] {dag.py:3096} INFO - Sync 1 DAGs
[2026-04-16T23:23:52.305+0000] {logging_mixin.py:188} INFO - [2026-04-16T23:23:52.302+0000] {dag.py:3954} INFO - Setting next_dagrun for dag_scraping_offres_emploi to 2026-04-16 12:00:00+00:00, run_after=2026-04-16 18:00:00+00:00
[2026-04-16T23:23:52.356+0000] {processor.py:183} INFO - Processing /opt/airflow/dags/DagScraper.py took 0.267 seconds
[2026-04-16T23:24:22.896+0000] {processor.py:161} INFO - Started process (PID=9782) to work on /opt/airflow/dags/DagScraper.py
[2026-04-16T23:24:22.897+0000] {processor.py:830} INFO - Processing file /opt/airflow/dags/DagScraper.py for tasks to queue
[2026-04-16T23:24:22.900+0000] {logging_mixin.py:188} INFO - [2026-04-16T23:24:22.900+0000] {dagbag.py:545} INFO - Filling up the DagBag from /opt/airflow/dags/DagScraper.py
[2026-04-16T23:24:22.934+0000] {processor.py:840} INFO - DAG(s) 'dag_scraping_offres_emploi' retrieved from /opt/airflow/dags/DagScraper.py
[2026-04-16T23:24:22.990+0000] {logging_mixin.py:188} INFO - [2026-04-16T23:24:22.989+0000] {dag.py:3096} INFO - Sync 1 DAGs
[2026-04-16T23:24:23.031+0000] {logging_mixin.py:188} INFO - [2026-04-16T23:24:23.031+0000] {dag.py:3954} INFO - Setting next_dagrun for dag_scraping_offres_emploi to 2026-04-16 12:00:00+00:00, run_after=2026-04-16 18:00:00+00:00
[2026-04-16T23:24:23.085+0000] {processor.py:183} INFO - Processing /opt/airflow/dags/DagScraper.py took 0.198 seconds
[2026-04-16T23:24:53.544+0000] {processor.py:161} INFO - Started process (PID=9790) to work on /opt/airflow/dags/DagScraper.py
[2026-04-16T23:24:53.546+0000] {processor.py:830} INFO - Processing file /opt/airflow/dags/DagScraper.py for tasks to queue
[2026-04-16T23:24:53.550+0000] {logging_mixin.py:188} INFO - [2026-04-16T23:24:53.549+0000] {dagbag.py:545} INFO - Filling up the DagBag from /opt/airflow/dags/DagScraper.py
[2026-04-16T23:24:53.589+0000] {processor.py:840} INFO - DAG(s) 'dag_scraping_offres_emploi' retrieved from /opt/airflow/dags/DagScraper.py
[2026-04-16T23:24:53.713+0000] {logging_mixin.py:188} INFO - [2026-04-16T23:24:53.712+0000] {dag.py:3096} INFO - Sync 1 DAGs
[2026-04-16T23:24:53.819+0000] {logging_mixin.py:188} INFO - [2026-04-16T23:24:53.818+0000] {dag.py:3954} INFO - Setting next_dagrun for dag_scraping_offres_emploi to 2026-04-16 12:00:00+00:00, run_after=2026-04-16 18:00:00+00:00
[2026-04-16T23:24:53.892+0000] {processor.py:183} INFO - Processing /opt/airflow/dags/DagScraper.py took 0.360 seconds
[2026-04-16T23:25:24.122+0000] {processor.py:161} INFO - Started process (PID=9804) to work on /opt/airflow/dags/DagScraper.py
[2026-04-16T23:25:24.124+0000] {processor.py:830} INFO - Processing file /opt/airflow/dags/DagScraper.py for tasks to queue
[2026-04-16T23:25:24.135+0000] {logging_mixin.py:188} INFO - [2026-04-16T23:25:24.134+0000] {dagbag.py:545} INFO - Filling up the DagBag from /opt/airflow/dags/DagScraper.py
[2026-04-16T23:25:24.186+0000] {processor.py:840} INFO - DAG(s) 'dag_scraping_offres_emploi' retrieved from /opt/airflow/dags/DagScraper.py
[2026-04-16T23:25:24.272+0000] {logging_mixin.py:188} INFO - [2026-04-16T23:25:24.271+0000] {dag.py:3096} INFO - Sync 1 DAGs
[2026-04-16T23:25:24.445+0000] {logging_mixin.py:188} INFO - [2026-04-16T23:25:24.433+0000] {dag.py:3954} INFO - Setting next_dagrun for dag_scraping_offres_emploi to 2026-04-16 12:00:00+00:00, run_after=2026-04-16 18:00:00+00:00
[2026-04-16T23:25:24.555+0000] {processor.py:183} INFO - Processing /opt/airflow/dags/DagScraper.py took 0.458 seconds
[2026-04-16T23:25:54.999+0000] {processor.py:161} INFO - Started process (PID=9814) to work on /opt/airflow/dags/DagScraper.py
[2026-04-16T23:25:55.001+0000] {processor.py:830} INFO - Processing file /opt/airflow/dags/DagScraper.py for tasks to queue
[2026-04-16T23:25:55.005+0000] {logging_mixin.py:188} INFO - [2026-04-16T23:25:55.004+0000] {dagbag.py:545} INFO - Filling up the DagBag from /opt/airflow/dags/DagScraper.py
[2026-04-16T23:25:55.043+0000] {processor.py:840} INFO - DAG(s) 'dag_scraping_offres_emploi' retrieved from /opt/airflow/dags/DagScraper.py
[2026-04-16T23:25:55.124+0000] {logging_mixin.py:188} INFO - [2026-04-16T23:25:55.123+0000] {dag.py:3096} INFO - Sync 1 DAGs
[2026-04-16T23:25:55.204+0000] {logging_mixin.py:188} INFO - [2026-04-16T23:25:55.204+0000] {dag.py:3954} INFO - Setting next_dagrun for dag_scraping_offres_emploi to 2026-04-16 12:00:00+00:00, run_after=2026-04-16 18:00:00+00:00
[2026-04-16T23:25:55.262+0000] {processor.py:183} INFO - Processing /opt/airflow/dags/DagScraper.py took 0.275 seconds
[2026-04-16T23:26:25.663+0000] {processor.py:161} INFO - Started process (PID=9829) to work on /opt/airflow/dags/DagScraper.py
[2026-04-16T23:26:25.665+0000] {processor.py:830} INFO - Processing file /opt/airflow/dags/DagScraper.py for tasks to queue
[2026-04-16T23:26:25.668+0000] {logging_mixin.py:188} INFO - [2026-04-16T23:26:25.668+0000] {dagbag.py:545} INFO - Filling up the DagBag from /opt/airflow/dags/DagScraper.py
[2026-04-16T23:26:25.706+0000] {processor.py:840} INFO - DAG(s) 'dag_scraping_offres_emploi' retrieved from /opt/airflow/dags/DagScraper.py
[2026-04-16T23:26:25.783+0000] {logging_mixin.py:188} INFO - [2026-04-16T23:26:25.782+0000] {dag.py:3096} INFO - Sync 1 DAGs
[2026-04-16T23:26:25.833+0000] {logging_mixin.py:188} INFO - [2026-04-16T23:26:25.832+0000] {dag.py:3954} INFO - Setting next_dagrun for dag_scraping_offres_emploi to 2026-04-16 12:00:00+00:00, run_after=2026-04-16 18:00:00+00:00
[2026-04-16T23:26:25.896+0000] {processor.py:183} INFO - Processing /opt/airflow/dags/DagScraper.py took 0.243 seconds
[2026-04-16T23:26:56.301+0000] {processor.py:161} INFO - Started process (PID=9837) to work on /opt/airflow/dags/DagScraper.py
[2026-04-16T23:26:56.303+0000] {processor.py:830} INFO - Processing file /opt/airflow/dags/DagScraper.py for tasks to queue
[2026-04-16T23:26:56.306+0000] {logging_mixin.py:188} INFO - [2026-04-16T23:26:56.305+0000] {dagbag.py:545} INFO - Filling up the DagBag from /opt/airflow/dags/DagScraper.py
[2026-04-16T23:26:56.340+0000] {processor.py:840} INFO - DAG(s) 'dag_scraping_offres_emploi' retrieved from /opt/airflow/dags/DagScraper.py
[2026-04-16T23:26:56.398+0000] {logging_mixin.py:188} INFO - [2026-04-16T23:26:56.397+0000] {dag.py:3096} INFO - Sync 1 DAGs
[2026-04-16T23:26:56.435+0000] {logging_mixin.py:188} INFO - [2026-04-16T23:26:56.434+0000] {dag.py:3954} INFO - Setting next_dagrun for dag_scraping_offres_emploi to 2026-04-16 12:00:00+00:00, run_after=2026-04-16 18:00:00+00:00
[2026-04-16T23:26:56.471+0000] {processor.py:183} INFO - Processing /opt/airflow/dags/DagScraper.py took 0.179 seconds
[2026-04-16T23:27:26.939+0000] {processor.py:161} INFO - Started process (PID=9851) to work on /opt/airflow/dags/DagScraper.py
[2026-04-16T23:27:26.941+0000] {processor.py:830} INFO - Processing file /opt/airflow/dags/DagScraper.py for tasks to queue
[2026-04-16T23:27:26.954+0000] {logging_mixin.py:188} INFO - [2026-04-16T23:27:26.950+0000] {dagbag.py:545} INFO - Filling up the DagBag from /opt/airflow/dags/DagScraper.py
[2026-04-16T23:27:27.035+0000] {processor.py:840} INFO - DAG(s) 'dag_scraping_offres_emploi' retrieved from /opt/airflow/dags/DagScraper.py
[2026-04-16T23:27:27.099+0000] {logging_mixin.py:188} INFO - [2026-04-16T23:27:27.099+0000] {dag.py:3096} INFO - Sync 1 DAGs
[2026-04-16T23:27:27.137+0000] {logging_mixin.py:188} INFO - [2026-04-16T23:27:27.136+0000] {dag.py:3954} INFO - Setting next_dagrun for dag_scraping_offres_emploi to 2026-04-16 12:00:00+00:00, run_after=2026-04-16 18:00:00+00:00
[2026-04-16T23:27:27.172+0000] {processor.py:183} INFO - Processing /opt/airflow/dags/DagScraper.py took 0.255 seconds
[2026-04-16T23:27:57.590+0000] {processor.py:161} INFO - Started process (PID=9859) to work on /opt/airflow/dags/DagScraper.py
[2026-04-16T23:27:57.592+0000] {processor.py:830} INFO - Processing file /opt/airflow/dags/DagScraper.py for tasks to queue
[2026-04-16T23:27:57.595+0000] {logging_mixin.py:188} INFO - [2026-04-16T23:27:57.594+0000] {dagbag.py:545} INFO - Filling up the DagBag from /opt/airflow/dags/DagScraper.py
[2026-04-16T23:27:57.633+0000] {processor.py:840} INFO - DAG(s) 'dag_scraping_offres_emploi' retrieved from /opt/airflow/dags/DagScraper.py
[2026-04-16T23:27:57.691+0000] {logging_mixin.py:188} INFO - [2026-04-16T23:27:57.690+0000] {dag.py:3096} INFO - Sync 1 DAGs
[2026-04-16T23:27:57.736+0000] {logging_mixin.py:188} INFO - [2026-04-16T23:27:57.736+0000] {dag.py:3954} INFO - Setting next_dagrun for dag_scraping_offres_emploi to 2026-04-16 12:00:00+00:00, run_after=2026-04-16 18:00:00+00:00
[2026-04-16T23:27:57.785+0000] {processor.py:183} INFO - Processing /opt/airflow/dags/DagScraper.py took 0.210 seconds
[2026-04-16T23:28:28.160+0000] {processor.py:161} INFO - Started process (PID=9875) to work on /opt/airflow/dags/DagScraper.py
[2026-04-16T23:28:28.162+0000] {processor.py:830} INFO - Processing file /opt/airflow/dags/DagScraper.py for tasks to queue
[2026-04-16T23:28:28.166+0000] {logging_mixin.py:188} INFO - [2026-04-16T23:28:28.166+0000] {dagbag.py:545} INFO - Filling up the DagBag from /opt/airflow/dags/DagScraper.py
[2026-04-16T23:28:28.217+0000] {processor.py:840} INFO - DAG(s) 'dag_scraping_offres_emploi' retrieved from /opt/airflow/dags/DagScraper.py
[2026-04-16T23:28:28.307+0000] {logging_mixin.py:188} INFO - [2026-04-16T23:28:28.307+0000] {dag.py:3096} INFO - Sync 1 DAGs
[2026-04-16T23:28:28.361+0000] {logging_mixin.py:188} INFO - [2026-04-16T23:28:28.360+0000] {dag.py:3954} INFO - Setting next_dagrun for dag_scraping_offres_emploi to 2026-04-16 12:00:00+00:00, run_after=2026-04-16 18:00:00+00:00
[2026-04-16T23:28:28.402+0000] {processor.py:183} INFO - Processing /opt/airflow/dags/DagScraper.py took 0.255 seconds
[2026-04-16T23:28:58.938+0000] {processor.py:161} INFO - Started process (PID=9883) to work on /opt/airflow/dags/DagScraper.py
[2026-04-16T23:28:58.948+0000] {processor.py:830} INFO - Processing file /opt/airflow/dags/DagScraper.py for tasks to queue
[2026-04-16T23:28:58.952+0000] {logging_mixin.py:188} INFO - [2026-04-16T23:28:58.951+0000] {dagbag.py:545} INFO - Filling up the DagBag from /opt/airflow/dags/DagScraper.py
[2026-04-16T23:28:58.999+0000] {processor.py:840} INFO - DAG(s) 'dag_scraping_offres_emploi' retrieved from /opt/airflow/dags/DagScraper.py
[2026-04-16T23:28:59.160+0000] {logging_mixin.py:188} INFO - [2026-04-16T23:28:59.160+0000] {dag.py:3096} INFO - Sync 1 DAGs
[2026-04-16T23:28:59.238+0000] {logging_mixin.py:188} INFO - [2026-04-16T23:28:59.237+0000] {dag.py:3954} INFO - Setting next_dagrun for dag_scraping_offres_emploi to 2026-04-16 12:00:00+00:00, run_after=2026-04-16 18:00:00+00:00
[2026-04-16T23:28:59.314+0000] {processor.py:183} INFO - Processing /opt/airflow/dags/DagScraper.py took 0.389 seconds
[2026-04-16T23:29:29.792+0000] {processor.py:161} INFO - Started process (PID=9898) to work on /opt/airflow/dags/DagScraper.py
[2026-04-16T23:29:29.793+0000] {processor.py:830} INFO - Processing file /opt/airflow/dags/DagScraper.py for tasks to queue
[2026-04-16T23:29:29.796+0000] {logging_mixin.py:188} INFO - [2026-04-16T23:29:29.796+0000] {dagbag.py:545} INFO - Filling up the DagBag from /opt/airflow/dags/DagScraper.py
[2026-04-16T23:29:29.829+0000] {processor.py:840} INFO - DAG(s) 'dag_scraping_offres_emploi' retrieved from /opt/airflow/dags/DagScraper.py
[2026-04-16T23:29:29.885+0000] {logging_mixin.py:188} INFO - [2026-04-16T23:29:29.885+0000] {dag.py:3096} INFO - Sync 1 DAGs
[2026-04-16T23:29:29.923+0000] {logging_mixin.py:188} INFO - [2026-04-16T23:29:29.923+0000] {dag.py:3954} INFO - Setting next_dagrun for dag_scraping_offres_emploi to 2026-04-16 12:00:00+00:00, run_after=2026-04-16 18:00:00+00:00
[2026-04-16T23:29:29.961+0000] {processor.py:183} INFO - Processing /opt/airflow/dags/DagScraper.py took 0.178 seconds
[2026-04-16T23:30:00.465+0000] {processor.py:161} INFO - Started process (PID=9906) to work on /opt/airflow/dags/DagScraper.py
[2026-04-16T23:30:00.467+0000] {processor.py:830} INFO - Processing file /opt/airflow/dags/DagScraper.py for tasks to queue
[2026-04-16T23:30:00.472+0000] {logging_mixin.py:188} INFO - [2026-04-16T23:30:00.471+0000] {dagbag.py:545} INFO - Filling up the DagBag from /opt/airflow/dags/DagScraper.py
[2026-04-16T23:30:00.506+0000] {processor.py:840} INFO - DAG(s) 'dag_scraping_offres_emploi' retrieved from /opt/airflow/dags/DagScraper.py
[2026-04-16T23:30:00.560+0000] {logging_mixin.py:188} INFO - [2026-04-16T23:30:00.559+0000] {dag.py:3096} INFO - Sync 1 DAGs
[2026-04-16T23:30:00.603+0000] {logging_mixin.py:188} INFO - [2026-04-16T23:30:00.602+0000] {dag.py:3954} INFO - Setting next_dagrun for dag_scraping_offres_emploi to 2026-04-16 12:00:00+00:00, run_after=2026-04-16 18:00:00+00:00
[2026-04-16T23:30:00.634+0000] {processor.py:183} INFO - Processing /opt/airflow/dags/DagScraper.py took 0.182 seconds
[2026-04-16T23:30:31.028+0000] {processor.py:161} INFO - Started process (PID=9921) to work on /opt/airflow/dags/DagScraper.py
[2026-04-16T23:30:31.031+0000] {processor.py:830} INFO - Processing file /opt/airflow/dags/DagScraper.py for tasks to queue
[2026-04-16T23:30:31.034+0000] {logging_mixin.py:188} INFO - [2026-04-16T23:30:31.034+0000] {dagbag.py:545} INFO - Filling up the DagBag from /opt/airflow/dags/DagScraper.py
[2026-04-16T23:30:31.080+0000] {processor.py:840} INFO - DAG(s) 'dag_scraping_offres_emploi' retrieved from /opt/airflow/dags/DagScraper.py
[2026-04-16T23:30:31.159+0000] {logging_mixin.py:188} INFO - [2026-04-16T23:30:31.158+0000] {dag.py:3096} INFO - Sync 1 DAGs
[2026-04-16T23:30:31.201+0000] {logging_mixin.py:188} INFO - [2026-04-16T23:30:31.201+0000] {dag.py:3954} INFO - Setting next_dagrun for dag_scraping_offres_emploi to 2026-04-16 12:00:00+00:00, run_after=2026-04-16 18:00:00+00:00
[2026-04-16T23:30:31.235+0000] {processor.py:183} INFO - Processing /opt/airflow/dags/DagScraper.py took 0.219 seconds
[2026-04-16T23:31:01.628+0000] {processor.py:161} INFO - Started process (PID=9929) to work on /opt/airflow/dags/DagScraper.py
[2026-04-16T23:31:01.631+0000] {processor.py:830} INFO - Processing file /opt/airflow/dags/DagScraper.py for tasks to queue
[2026-04-16T23:31:01.635+0000] {logging_mixin.py:188} INFO - [2026-04-16T23:31:01.634+0000] {dagbag.py:545} INFO - Filling up the DagBag from /opt/airflow/dags/DagScraper.py
[2026-04-16T23:31:01.692+0000] {processor.py:840} INFO - DAG(s) 'dag_scraping_offres_emploi' retrieved from /opt/airflow/dags/DagScraper.py
[2026-04-16T23:31:01.780+0000] {logging_mixin.py:188} INFO - [2026-04-16T23:31:01.780+0000] {dag.py:3096} INFO - Sync 1 DAGs
[2026-04-16T23:31:01.868+0000] {logging_mixin.py:188} INFO - [2026-04-16T23:31:01.867+0000] {dag.py:3954} INFO - Setting next_dagrun for dag_scraping_offres_emploi to 2026-04-16 12:00:00+00:00, run_after=2026-04-16 18:00:00+00:00
[2026-04-16T23:31:01.929+0000] {processor.py:183} INFO - Processing /opt/airflow/dags/DagScraper.py took 0.313 seconds
[2026-04-16T23:31:32.449+0000] {processor.py:161} INFO - Started process (PID=9944) to work on /opt/airflow/dags/DagScraper.py
[2026-04-16T23:31:32.450+0000] {processor.py:830} INFO - Processing file /opt/airflow/dags/DagScraper.py for tasks to queue
[2026-04-16T23:31:32.454+0000] {logging_mixin.py:188} INFO - [2026-04-16T23:31:32.453+0000] {dagbag.py:545} INFO - Filling up the DagBag from /opt/airflow/dags/DagScraper.py
[2026-04-16T23:31:32.492+0000] {processor.py:840} INFO - DAG(s) 'dag_scraping_offres_emploi' retrieved from /opt/airflow/dags/DagScraper.py
[2026-04-16T23:31:32.550+0000] {logging_mixin.py:188} INFO - [2026-04-16T23:31:32.550+0000] {dag.py:3096} INFO - Sync 1 DAGs
[2026-04-16T23:31:32.590+0000] {logging_mixin.py:188} INFO - [2026-04-16T23:31:32.589+0000] {dag.py:3954} INFO - Setting next_dagrun for dag_scraping_offres_emploi to 2026-04-16 12:00:00+00:00, run_after=2026-04-16 18:00:00+00:00
[2026-04-16T23:31:32.628+0000] {processor.py:183} INFO - Processing /opt/airflow/dags/DagScraper.py took 0.191 seconds
[2026-04-16T23:32:03.039+0000] {processor.py:161} INFO - Started process (PID=9952) to work on /opt/airflow/dags/DagScraper.py
[2026-04-16T23:32:03.041+0000] {processor.py:830} INFO - Processing file /opt/airflow/dags/DagScraper.py for tasks to queue
[2026-04-16T23:32:03.044+0000] {logging_mixin.py:188} INFO - [2026-04-16T23:32:03.043+0000] {dagbag.py:545} INFO - Filling up the DagBag from /opt/airflow/dags/DagScraper.py
[2026-04-16T23:32:03.079+0000] {processor.py:840} INFO - DAG(s) 'dag_scraping_offres_emploi' retrieved from /opt/airflow/dags/DagScraper.py
[2026-04-16T23:32:03.199+0000] {logging_mixin.py:188} INFO - [2026-04-16T23:32:03.198+0000] {dag.py:3096} INFO - Sync 1 DAGs
[2026-04-16T23:32:03.313+0000] {logging_mixin.py:188} INFO - [2026-04-16T23:32:03.312+0000] {dag.py:3954} INFO - Setting next_dagrun for dag_scraping_offres_emploi to 2026-04-16 12:00:00+00:00, run_after=2026-04-16 18:00:00+00:00
[2026-04-16T23:32:03.400+0000] {processor.py:183} INFO - Processing /opt/airflow/dags/DagScraper.py took 0.372 seconds
[2026-04-16T23:32:34.005+0000] {processor.py:161} INFO - Started process (PID=9967) to work on /opt/airflow/dags/DagScraper.py
[2026-04-16T23:32:34.008+0000] {processor.py:830} INFO - Processing file /opt/airflow/dags/DagScraper.py for tasks to queue
[2026-04-16T23:32:34.022+0000] {logging_mixin.py:188} INFO - [2026-04-16T23:32:34.021+0000] {dagbag.py:545} INFO - Filling up the DagBag from /opt/airflow/dags/DagScraper.py
[2026-04-16T23:32:34.123+0000] {processor.py:840} INFO - DAG(s) 'dag_scraping_offres_emploi' retrieved from /opt/airflow/dags/DagScraper.py
[2026-04-16T23:32:34.230+0000] {logging_mixin.py:188} INFO - [2026-04-16T23:32:34.230+0000] {dag.py:3096} INFO - Sync 1 DAGs
[2026-04-16T23:32:34.277+0000] {logging_mixin.py:188} INFO - [2026-04-16T23:32:34.276+0000] {dag.py:3954} INFO - Setting next_dagrun for dag_scraping_offres_emploi to 2026-04-16 12:00:00+00:00, run_after=2026-04-16 18:00:00+00:00
[2026-04-16T23:32:34.326+0000] {processor.py:183} INFO - Processing /opt/airflow/dags/DagScraper.py took 0.342 seconds
[2026-04-16T23:33:04.730+0000] {processor.py:161} INFO - Started process (PID=9975) to work on /opt/airflow/dags/DagScraper.py
[2026-04-16T23:33:04.731+0000] {processor.py:830} INFO - Processing file /opt/airflow/dags/DagScraper.py for tasks to queue
[2026-04-16T23:33:04.734+0000] {logging_mixin.py:188} INFO - [2026-04-16T23:33:04.734+0000] {dagbag.py:545} INFO - Filling up the DagBag from /opt/airflow/dags/DagScraper.py
[2026-04-16T23:33:04.767+0000] {processor.py:840} INFO - DAG(s) 'dag_scraping_offres_emploi' retrieved from /opt/airflow/dags/DagScraper.py
[2026-04-16T23:33:04.849+0000] {logging_mixin.py:188} INFO - [2026-04-16T23:33:04.848+0000] {dag.py:3096} INFO - Sync 1 DAGs
[2026-04-16T23:33:04.900+0000] {logging_mixin.py:188} INFO - [2026-04-16T23:33:04.900+0000] {dag.py:3954} INFO - Setting next_dagrun for dag_scraping_offres_emploi to 2026-04-16 12:00:00+00:00, run_after=2026-04-16 18:00:00+00:00
[2026-04-16T23:33:04.954+0000] {processor.py:183} INFO - Processing /opt/airflow/dags/DagScraper.py took 0.234 seconds
[2026-04-16T23:33:35.350+0000] {processor.py:161} INFO - Started process (PID=9990) to work on /opt/airflow/dags/DagScraper.py
[2026-04-16T23:33:35.352+0000] {processor.py:830} INFO - Processing file /opt/airflow/dags/DagScraper.py for tasks to queue
[2026-04-16T23:33:35.357+0000] {logging_mixin.py:188} INFO - [2026-04-16T23:33:35.356+0000] {dagbag.py:545} INFO - Filling up the DagBag from /opt/airflow/dags/DagScraper.py
[2026-04-16T23:33:35.411+0000] {processor.py:840} INFO - DAG(s) 'dag_scraping_offres_emploi' retrieved from /opt/airflow/dags/DagScraper.py
[2026-04-16T23:33:35.534+0000] {logging_mixin.py:188} INFO - [2026-04-16T23:33:35.533+0000] {dag.py:3096} INFO - Sync 1 DAGs
[2026-04-16T23:33:35.640+0000] {logging_mixin.py:188} INFO - [2026-04-16T23:33:35.639+0000] {dag.py:3954} INFO - Setting next_dagrun for dag_scraping_offres_emploi to 2026-04-16 12:00:00+00:00, run_after=2026-04-16 18:00:00+00:00
[2026-04-16T23:33:35.688+0000] {processor.py:183} INFO - Processing /opt/airflow/dags/DagScraper.py took 0.349 seconds
[2026-04-16T23:34:05.792+0000] {processor.py:161} INFO - Started process (PID=10004) to work on /opt/airflow/dags/DagScraper.py
[2026-04-16T23:34:05.796+0000] {processor.py:830} INFO - Processing file /opt/airflow/dags/DagScraper.py for tasks to queue
[2026-04-16T23:34:05.799+0000] {logging_mixin.py:188} INFO - [2026-04-16T23:34:05.798+0000] {dagbag.py:545} INFO - Filling up the DagBag from /opt/airflow/dags/DagScraper.py
[2026-04-16T23:34:05.837+0000] {processor.py:840} INFO - DAG(s) 'dag_scraping_offres_emploi' retrieved from /opt/airflow/dags/DagScraper.py
[2026-04-16T23:34:05.951+0000] {logging_mixin.py:188} INFO - [2026-04-16T23:34:05.951+0000] {dag.py:3096} INFO - Sync 1 DAGs
[2026-04-16T23:34:06.105+0000] {logging_mixin.py:188} INFO - [2026-04-16T23:34:06.101+0000] {dag.py:3954} INFO - Setting next_dagrun for dag_scraping_offres_emploi to 2026-04-16 12:00:00+00:00, run_after=2026-04-16 18:00:00+00:00
[2026-04-16T23:34:06.176+0000] {processor.py:183} INFO - Processing /opt/airflow/dags/DagScraper.py took 0.398 seconds
[2026-04-16T23:34:36.745+0000] {processor.py:161} INFO - Started process (PID=10012) to work on /opt/airflow/dags/DagScraper.py
[2026-04-16T23:34:36.759+0000] {processor.py:830} INFO - Processing file /opt/airflow/dags/DagScraper.py for tasks to queue
[2026-04-16T23:34:36.764+0000] {logging_mixin.py:188} INFO - [2026-04-16T23:34:36.764+0000] {dagbag.py:545} INFO - Filling up the DagBag from /opt/airflow/dags/DagScraper.py
[2026-04-16T23:34:36.869+0000] {processor.py:840} INFO - DAG(s) 'dag_scraping_offres_emploi' retrieved from /opt/airflow/dags/DagScraper.py
[2026-04-16T23:34:37.060+0000] {logging_mixin.py:188} INFO - [2026-04-16T23:34:37.049+0000] {dag.py:3096} INFO - Sync 1 DAGs
[2026-04-16T23:34:37.392+0000] {logging_mixin.py:188} INFO - [2026-04-16T23:34:37.391+0000] {dag.py:3954} INFO - Setting next_dagrun for dag_scraping_offres_emploi to 2026-04-16 12:00:00+00:00, run_after=2026-04-16 18:00:00+00:00
[2026-04-16T23:34:37.557+0000] {processor.py:183} INFO - Processing /opt/airflow/dags/DagScraper.py took 0.844 seconds
[2026-04-16T23:35:08.344+0000] {processor.py:161} INFO - Started process (PID=10028) to work on /opt/airflow/dags/DagScraper.py
[2026-04-16T23:35:08.394+0000] {processor.py:830} INFO - Processing file /opt/airflow/dags/DagScraper.py for tasks to queue
[2026-04-16T23:35:08.411+0000] {logging_mixin.py:188} INFO - [2026-04-16T23:35:08.410+0000] {dagbag.py:545} INFO - Filling up the DagBag from /opt/airflow/dags/DagScraper.py
[2026-04-16T23:35:08.974+0000] {processor.py:840} INFO - DAG(s) 'dag_scraping_offres_emploi' retrieved from /opt/airflow/dags/DagScraper.py
[2026-04-16T23:35:09.217+0000] {logging_mixin.py:188} INFO - [2026-04-16T23:35:09.206+0000] {dag.py:3096} INFO - Sync 1 DAGs
[2026-04-16T23:35:09.467+0000] {logging_mixin.py:188} INFO - [2026-04-16T23:35:09.466+0000] {dag.py:3954} INFO - Setting next_dagrun for dag_scraping_offres_emploi to 2026-04-16 12:00:00+00:00, run_after=2026-04-16 18:00:00+00:00
[2026-04-16T23:35:09.590+0000] {processor.py:183} INFO - Processing /opt/airflow/dags/DagScraper.py took 1.316 seconds
[2026-04-16T23:35:39.784+0000] {processor.py:161} INFO - Started process (PID=10036) to work on /opt/airflow/dags/DagScraper.py
[2026-04-16T23:35:39.794+0000] {processor.py:830} INFO - Processing file /opt/airflow/dags/DagScraper.py for tasks to queue
[2026-04-16T23:35:39.799+0000] {logging_mixin.py:188} INFO - [2026-04-16T23:35:39.798+0000] {dagbag.py:545} INFO - Filling up the DagBag from /opt/airflow/dags/DagScraper.py
[2026-04-16T23:35:39.906+0000] {processor.py:840} INFO - DAG(s) 'dag_scraping_offres_emploi' retrieved from /opt/airflow/dags/DagScraper.py
[2026-04-16T23:35:39.980+0000] {logging_mixin.py:188} INFO - [2026-04-16T23:35:39.980+0000] {dag.py:3096} INFO - Sync 1 DAGs
[2026-04-16T23:35:40.030+0000] {logging_mixin.py:188} INFO - [2026-04-16T23:35:40.030+0000] {dag.py:3954} INFO - Setting next_dagrun for dag_scraping_offres_emploi to 2026-04-16 12:00:00+00:00, run_after=2026-04-16 18:00:00+00:00
[2026-04-16T23:35:40.074+0000] {processor.py:183} INFO - Processing /opt/airflow/dags/DagScraper.py took 0.323 seconds
[2026-04-16T23:36:10.646+0000] {processor.py:161} INFO - Started process (PID=10050) to work on /opt/airflow/dags/DagScraper.py
[2026-04-16T23:36:10.648+0000] {processor.py:830} INFO - Processing file /opt/airflow/dags/DagScraper.py for tasks to queue
[2026-04-16T23:36:10.652+0000] {logging_mixin.py:188} INFO - [2026-04-16T23:36:10.652+0000] {dagbag.py:545} INFO - Filling up the DagBag from /opt/airflow/dags/DagScraper.py
[2026-04-16T23:36:10.733+0000] {processor.py:840} INFO - DAG(s) 'dag_scraping_offres_emploi' retrieved from /opt/airflow/dags/DagScraper.py
[2026-04-16T23:36:10.923+0000] {logging_mixin.py:188} INFO - [2026-04-16T23:36:10.922+0000] {dag.py:3096} INFO - Sync 1 DAGs
[2026-04-16T23:36:11.012+0000] {logging_mixin.py:188} INFO - [2026-04-16T23:36:11.011+0000] {dag.py:3954} INFO - Setting next_dagrun for dag_scraping_offres_emploi to 2026-04-16 12:00:00+00:00, run_after=2026-04-16 18:00:00+00:00
[2026-04-16T23:36:11.095+0000] {processor.py:183} INFO - Processing /opt/airflow/dags/DagScraper.py took 0.467 seconds
[2026-04-16T23:36:42.631+0000] {processor.py:161} INFO - Started process (PID=10058) to work on /opt/airflow/dags/DagScraper.py
[2026-04-16T23:36:42.633+0000] {processor.py:830} INFO - Processing file /opt/airflow/dags/DagScraper.py for tasks to queue
[2026-04-16T23:36:42.640+0000] {logging_mixin.py:188} INFO - [2026-04-16T23:36:42.639+0000] {dagbag.py:545} INFO - Filling up the DagBag from /opt/airflow/dags/DagScraper.py
[2026-04-16T23:36:42.722+0000] {processor.py:840} INFO - DAG(s) 'dag_scraping_offres_emploi' retrieved from /opt/airflow/dags/DagScraper.py
[2026-04-16T23:36:42.827+0000] {logging_mixin.py:188} INFO - [2026-04-16T23:36:42.827+0000] {dag.py:3096} INFO - Sync 1 DAGs
[2026-04-16T23:36:43.002+0000] {logging_mixin.py:188} INFO - [2026-04-16T23:36:43.001+0000] {dag.py:3954} INFO - Setting next_dagrun for dag_scraping_offres_emploi to 2026-04-16 12:00:00+00:00, run_after=2026-04-16 18:00:00+00:00
[2026-04-16T23:36:43.484+0000] {processor.py:183} INFO - Processing /opt/airflow/dags/DagScraper.py took 0.875 seconds
[2026-04-16T23:37:14.106+0000] {processor.py:161} INFO - Started process (PID=10072) to work on /opt/airflow/dags/DagScraper.py
[2026-04-16T23:37:14.108+0000] {processor.py:830} INFO - Processing file /opt/airflow/dags/DagScraper.py for tasks to queue
[2026-04-16T23:37:14.112+0000] {logging_mixin.py:188} INFO - [2026-04-16T23:37:14.111+0000] {dagbag.py:545} INFO - Filling up the DagBag from /opt/airflow/dags/DagScraper.py
[2026-04-16T23:37:14.172+0000] {processor.py:840} INFO - DAG(s) 'dag_scraping_offres_emploi' retrieved from /opt/airflow/dags/DagScraper.py
[2026-04-16T23:37:14.239+0000] {logging_mixin.py:188} INFO - [2026-04-16T23:37:14.238+0000] {dag.py:3096} INFO - Sync 1 DAGs
[2026-04-16T23:37:14.331+0000] {logging_mixin.py:188} INFO - [2026-04-16T23:37:14.330+0000] {dag.py:3954} INFO - Setting next_dagrun for dag_scraping_offres_emploi to 2026-04-16 12:00:00+00:00, run_after=2026-04-16 18:00:00+00:00
[2026-04-16T23:37:14.425+0000] {processor.py:183} INFO - Processing /opt/airflow/dags/DagScraper.py took 0.333 seconds
[2026-04-16T23:37:44.985+0000] {processor.py:161} INFO - Started process (PID=10080) to work on /opt/airflow/dags/DagScraper.py
[2026-04-16T23:37:44.987+0000] {processor.py:830} INFO - Processing file /opt/airflow/dags/DagScraper.py for tasks to queue
[2026-04-16T23:37:44.991+0000] {logging_mixin.py:188} INFO - [2026-04-16T23:37:44.991+0000] {dagbag.py:545} INFO - Filling up the DagBag from /opt/airflow/dags/DagScraper.py
[2026-04-16T23:37:45.085+0000] {processor.py:840} INFO - DAG(s) 'dag_scraping_offres_emploi' retrieved from /opt/airflow/dags/DagScraper.py
[2026-04-16T23:37:45.188+0000] {logging_mixin.py:188} INFO - [2026-04-16T23:37:45.187+0000] {dag.py:3096} INFO - Sync 1 DAGs
[2026-04-16T23:37:45.225+0000] {logging_mixin.py:188} INFO - [2026-04-16T23:37:45.225+0000] {dag.py:3954} INFO - Setting next_dagrun for dag_scraping_offres_emploi to 2026-04-16 12:00:00+00:00, run_after=2026-04-16 18:00:00+00:00
[2026-04-16T23:37:45.260+0000] {processor.py:183} INFO - Processing /opt/airflow/dags/DagScraper.py took 0.288 seconds
[2026-04-16T23:38:15.789+0000] {processor.py:161} INFO - Started process (PID=10094) to work on /opt/airflow/dags/DagScraper.py
[2026-04-16T23:38:15.793+0000] {processor.py:830} INFO - Processing file /opt/airflow/dags/DagScraper.py for tasks to queue
[2026-04-16T23:38:15.798+0000] {logging_mixin.py:188} INFO - [2026-04-16T23:38:15.797+0000] {dagbag.py:545} INFO - Filling up the DagBag from /opt/airflow/dags/DagScraper.py
[2026-04-16T23:38:15.854+0000] {processor.py:840} INFO - DAG(s) 'dag_scraping_offres_emploi' retrieved from /opt/airflow/dags/DagScraper.py
[2026-04-16T23:38:15.992+0000] {logging_mixin.py:188} INFO - [2026-04-16T23:38:15.991+0000] {dag.py:3096} INFO - Sync 1 DAGs
[2026-04-16T23:38:16.051+0000] {logging_mixin.py:188} INFO - [2026-04-16T23:38:16.050+0000] {dag.py:3954} INFO - Setting next_dagrun for dag_scraping_offres_emploi to 2026-04-16 12:00:00+00:00, run_after=2026-04-16 18:00:00+00:00
[2026-04-16T23:38:16.092+0000] {processor.py:183} INFO - Processing /opt/airflow/dags/DagScraper.py took 0.317 seconds
[2026-04-16T23:38:46.373+0000] {processor.py:161} INFO - Started process (PID=10103) to work on /opt/airflow/dags/DagScraper.py
[2026-04-16T23:38:46.381+0000] {processor.py:830} INFO - Processing file /opt/airflow/dags/DagScraper.py for tasks to queue
[2026-04-16T23:38:46.401+0000] {logging_mixin.py:188} INFO - [2026-04-16T23:38:46.400+0000] {dagbag.py:545} INFO - Filling up the DagBag from /opt/airflow/dags/DagScraper.py
[2026-04-16T23:38:46.664+0000] {processor.py:840} INFO - DAG(s) 'dag_scraping_offres_emploi' retrieved from /opt/airflow/dags/DagScraper.py
[2026-04-16T23:38:46.855+0000] {logging_mixin.py:188} INFO - [2026-04-16T23:38:46.854+0000] {dag.py:3096} INFO - Sync 1 DAGs
[2026-04-16T23:38:47.001+0000] {logging_mixin.py:188} INFO - [2026-04-16T23:38:47.000+0000] {dag.py:3954} INFO - Setting next_dagrun for dag_scraping_offres_emploi to 2026-04-16 12:00:00+00:00, run_after=2026-04-16 18:00:00+00:00
[2026-04-16T23:38:47.082+0000] {processor.py:183} INFO - Processing /opt/airflow/dags/DagScraper.py took 0.727 seconds
[2026-04-16T23:39:17.999+0000] {processor.py:161} INFO - Started process (PID=10117) to work on /opt/airflow/dags/DagScraper.py
[2026-04-16T23:39:18.001+0000] {processor.py:830} INFO - Processing file /opt/airflow/dags/DagScraper.py for tasks to queue
[2026-04-16T23:39:18.007+0000] {logging_mixin.py:188} INFO - [2026-04-16T23:39:18.006+0000] {dagbag.py:545} INFO - Filling up the DagBag from /opt/airflow/dags/DagScraper.py
[2026-04-16T23:39:18.046+0000] {processor.py:840} INFO - DAG(s) 'dag_scraping_offres_emploi' retrieved from /opt/airflow/dags/DagScraper.py
[2026-04-16T23:39:18.120+0000] {logging_mixin.py:188} INFO - [2026-04-16T23:39:18.120+0000] {dag.py:3096} INFO - Sync 1 DAGs
[2026-04-16T23:39:18.182+0000] {logging_mixin.py:188} INFO - [2026-04-16T23:39:18.182+0000] {dag.py:3954} INFO - Setting next_dagrun for dag_scraping_offres_emploi to 2026-04-16 12:00:00+00:00, run_after=2026-04-16 18:00:00+00:00
[2026-04-16T23:39:18.226+0000] {processor.py:183} INFO - Processing /opt/airflow/dags/DagScraper.py took 0.247 seconds
[2026-04-16T23:39:48.707+0000] {processor.py:161} INFO - Started process (PID=10125) to work on /opt/airflow/dags/DagScraper.py
[2026-04-16T23:39:48.710+0000] {processor.py:830} INFO - Processing file /opt/airflow/dags/DagScraper.py for tasks to queue
[2026-04-16T23:39:48.728+0000] {logging_mixin.py:188} INFO - [2026-04-16T23:39:48.725+0000] {dagbag.py:545} INFO - Filling up the DagBag from /opt/airflow/dags/DagScraper.py
[2026-04-16T23:39:48.875+0000] {processor.py:840} INFO - DAG(s) 'dag_scraping_offres_emploi' retrieved from /opt/airflow/dags/DagScraper.py
[2026-04-16T23:39:49.204+0000] {logging_mixin.py:188} INFO - [2026-04-16T23:39:49.203+0000] {dag.py:3096} INFO - Sync 1 DAGs
[2026-04-16T23:39:49.373+0000] {logging_mixin.py:188} INFO - [2026-04-16T23:39:49.372+0000] {dag.py:3954} INFO - Setting next_dagrun for dag_scraping_offres_emploi to 2026-04-16 12:00:00+00:00, run_after=2026-04-16 18:00:00+00:00
[2026-04-16T23:39:49.461+0000] {processor.py:183} INFO - Processing /opt/airflow/dags/DagScraper.py took 0.773 seconds
[2026-04-16T23:40:20.144+0000] {processor.py:161} INFO - Started process (PID=10139) to work on /opt/airflow/dags/DagScraper.py
[2026-04-16T23:40:20.155+0000] {processor.py:830} INFO - Processing file /opt/airflow/dags/DagScraper.py for tasks to queue
[2026-04-16T23:40:20.169+0000] {logging_mixin.py:188} INFO - [2026-04-16T23:40:20.167+0000] {dagbag.py:545} INFO - Filling up the DagBag from /opt/airflow/dags/DagScraper.py
[2026-04-16T23:40:20.308+0000] {processor.py:840} INFO - DAG(s) 'dag_scraping_offres_emploi' retrieved from /opt/airflow/dags/DagScraper.py
[2026-04-16T23:40:20.427+0000] {logging_mixin.py:188} INFO - [2026-04-16T23:40:20.426+0000] {dag.py:3096} INFO - Sync 1 DAGs
[2026-04-16T23:40:20.610+0000] {logging_mixin.py:188} INFO - [2026-04-16T23:40:20.610+0000] {dag.py:3954} INFO - Setting next_dagrun for dag_scraping_offres_emploi to 2026-04-16 12:00:00+00:00, run_after=2026-04-16 18:00:00+00:00
[2026-04-16T23:40:20.762+0000] {processor.py:183} INFO - Processing /opt/airflow/dags/DagScraper.py took 0.643 seconds
[2026-04-16T23:40:51.634+0000] {processor.py:161} INFO - Started process (PID=10153) to work on /opt/airflow/dags/DagScraper.py
[2026-04-16T23:40:51.636+0000] {processor.py:830} INFO - Processing file /opt/airflow/dags/DagScraper.py for tasks to queue
[2026-04-16T23:40:51.639+0000] {logging_mixin.py:188} INFO - [2026-04-16T23:40:51.639+0000] {dagbag.py:545} INFO - Filling up the DagBag from /opt/airflow/dags/DagScraper.py
[2026-04-16T23:40:51.680+0000] {processor.py:840} INFO - DAG(s) 'dag_scraping_offres_emploi' retrieved from /opt/airflow/dags/DagScraper.py
[2026-04-16T23:40:51.854+0000] {logging_mixin.py:188} INFO - [2026-04-16T23:40:51.853+0000] {dag.py:3096} INFO - Sync 1 DAGs
[2026-04-16T23:40:51.947+0000] {logging_mixin.py:188} INFO - [2026-04-16T23:40:51.946+0000] {dag.py:3954} INFO - Setting next_dagrun for dag_scraping_offres_emploi to 2026-04-16 12:00:00+00:00, run_after=2026-04-16 18:00:00+00:00
[2026-04-16T23:40:52.005+0000] {processor.py:183} INFO - Processing /opt/airflow/dags/DagScraper.py took 0.383 seconds
[2026-04-16T23:41:22.181+0000] {processor.py:161} INFO - Started process (PID=10161) to work on /opt/airflow/dags/DagScraper.py
[2026-04-16T23:41:22.183+0000] {processor.py:830} INFO - Processing file /opt/airflow/dags/DagScraper.py for tasks to queue
[2026-04-16T23:41:22.188+0000] {logging_mixin.py:188} INFO - [2026-04-16T23:41:22.187+0000] {dagbag.py:545} INFO - Filling up the DagBag from /opt/airflow/dags/DagScraper.py
[2026-04-16T23:41:22.262+0000] {processor.py:840} INFO - DAG(s) 'dag_scraping_offres_emploi' retrieved from /opt/airflow/dags/DagScraper.py
[2026-04-16T23:41:22.386+0000] {logging_mixin.py:188} INFO - [2026-04-16T23:41:22.386+0000] {dag.py:3096} INFO - Sync 1 DAGs
[2026-04-16T23:41:22.467+0000] {logging_mixin.py:188} INFO - [2026-04-16T23:41:22.467+0000] {dag.py:3954} INFO - Setting next_dagrun for dag_scraping_offres_emploi to 2026-04-16 12:00:00+00:00, run_after=2026-04-16 18:00:00+00:00
[2026-04-16T23:41:22.508+0000] {processor.py:183} INFO - Processing /opt/airflow/dags/DagScraper.py took 0.340 seconds
[2026-04-16T23:41:52.918+0000] {processor.py:161} INFO - Started process (PID=10174) to work on /opt/airflow/dags/DagScraper.py
[2026-04-16T23:41:52.920+0000] {processor.py:830} INFO - Processing file /opt/airflow/dags/DagScraper.py for tasks to queue
[2026-04-16T23:41:52.923+0000] {logging_mixin.py:188} INFO - [2026-04-16T23:41:52.922+0000] {dagbag.py:545} INFO - Filling up the DagBag from /opt/airflow/dags/DagScraper.py
[2026-04-16T23:41:52.980+0000] {processor.py:840} INFO - DAG(s) 'dag_scraping_offres_emploi' retrieved from /opt/airflow/dags/DagScraper.py
[2026-04-16T23:41:53.099+0000] {logging_mixin.py:188} INFO - [2026-04-16T23:41:53.098+0000] {dag.py:3096} INFO - Sync 1 DAGs
[2026-04-16T23:41:53.190+0000] {logging_mixin.py:188} INFO - [2026-04-16T23:41:53.189+0000] {dag.py:3954} INFO - Setting next_dagrun for dag_scraping_offres_emploi to 2026-04-16 12:00:00+00:00, run_after=2026-04-16 18:00:00+00:00
[2026-04-16T23:41:53.252+0000] {processor.py:183} INFO - Processing /opt/airflow/dags/DagScraper.py took 0.343 seconds
[2026-04-16T23:42:23.446+0000] {processor.py:161} INFO - Started process (PID=10182) to work on /opt/airflow/dags/DagScraper.py
[2026-04-16T23:42:23.448+0000] {processor.py:830} INFO - Processing file /opt/airflow/dags/DagScraper.py for tasks to queue
[2026-04-16T23:42:23.455+0000] {logging_mixin.py:188} INFO - [2026-04-16T23:42:23.452+0000] {dagbag.py:545} INFO - Filling up the DagBag from /opt/airflow/dags/DagScraper.py
[2026-04-16T23:42:23.523+0000] {processor.py:840} INFO - DAG(s) 'dag_scraping_offres_emploi' retrieved from /opt/airflow/dags/DagScraper.py
[2026-04-16T23:42:23.627+0000] {logging_mixin.py:188} INFO - [2026-04-16T23:42:23.627+0000] {dag.py:3096} INFO - Sync 1 DAGs
[2026-04-16T23:42:23.683+0000] {logging_mixin.py:188} INFO - [2026-04-16T23:42:23.682+0000] {dag.py:3954} INFO - Setting next_dagrun for dag_scraping_offres_emploi to 2026-04-16 12:00:00+00:00, run_after=2026-04-16 18:00:00+00:00
[2026-04-16T23:42:23.730+0000] {processor.py:183} INFO - Processing /opt/airflow/dags/DagScraper.py took 0.303 seconds
[2026-04-16T23:42:54.117+0000] {processor.py:161} INFO - Started process (PID=10196) to work on /opt/airflow/dags/DagScraper.py
[2026-04-16T23:42:54.119+0000] {processor.py:830} INFO - Processing file /opt/airflow/dags/DagScraper.py for tasks to queue
[2026-04-16T23:42:54.123+0000] {logging_mixin.py:188} INFO - [2026-04-16T23:42:54.122+0000] {dagbag.py:545} INFO - Filling up the DagBag from /opt/airflow/dags/DagScraper.py
[2026-04-16T23:42:54.174+0000] {processor.py:840} INFO - DAG(s) 'dag_scraping_offres_emploi' retrieved from /opt/airflow/dags/DagScraper.py
[2026-04-16T23:42:54.255+0000] {logging_mixin.py:188} INFO - [2026-04-16T23:42:54.254+0000] {dag.py:3096} INFO - Sync 1 DAGs
[2026-04-16T23:42:54.299+0000] {logging_mixin.py:188} INFO - [2026-04-16T23:42:54.299+0000] {dag.py:3954} INFO - Setting next_dagrun for dag_scraping_offres_emploi to 2026-04-16 12:00:00+00:00, run_after=2026-04-16 18:00:00+00:00
[2026-04-16T23:42:54.345+0000] {processor.py:183} INFO - Processing /opt/airflow/dags/DagScraper.py took 0.243 seconds
[2026-04-16T23:43:24.796+0000] {processor.py:161} INFO - Started process (PID=10204) to work on /opt/airflow/dags/DagScraper.py
[2026-04-16T23:43:24.798+0000] {processor.py:830} INFO - Processing file /opt/airflow/dags/DagScraper.py for tasks to queue
[2026-04-16T23:43:24.801+0000] {logging_mixin.py:188} INFO - [2026-04-16T23:43:24.801+0000] {dagbag.py:545} INFO - Filling up the DagBag from /opt/airflow/dags/DagScraper.py
[2026-04-16T23:43:24.843+0000] {processor.py:840} INFO - DAG(s) 'dag_scraping_offres_emploi' retrieved from /opt/airflow/dags/DagScraper.py
[2026-04-16T23:43:24.921+0000] {logging_mixin.py:188} INFO - [2026-04-16T23:43:24.921+0000] {dag.py:3096} INFO - Sync 1 DAGs
[2026-04-16T23:43:24.993+0000] {logging_mixin.py:188} INFO - [2026-04-16T23:43:24.992+0000] {dag.py:3954} INFO - Setting next_dagrun for dag_scraping_offres_emploi to 2026-04-16 12:00:00+00:00, run_after=2026-04-16 18:00:00+00:00
[2026-04-16T23:43:25.062+0000] {processor.py:183} INFO - Processing /opt/airflow/dags/DagScraper.py took 0.281 seconds
[2026-04-16T23:43:55.506+0000] {processor.py:161} INFO - Started process (PID=10218) to work on /opt/airflow/dags/DagScraper.py
[2026-04-16T23:43:55.508+0000] {processor.py:830} INFO - Processing file /opt/airflow/dags/DagScraper.py for tasks to queue
[2026-04-16T23:43:55.511+0000] {logging_mixin.py:188} INFO - [2026-04-16T23:43:55.510+0000] {dagbag.py:545} INFO - Filling up the DagBag from /opt/airflow/dags/DagScraper.py
[2026-04-16T23:43:55.545+0000] {processor.py:840} INFO - DAG(s) 'dag_scraping_offres_emploi' retrieved from /opt/airflow/dags/DagScraper.py
[2026-04-16T23:43:55.601+0000] {logging_mixin.py:188} INFO - [2026-04-16T23:43:55.600+0000] {dag.py:3096} INFO - Sync 1 DAGs
[2026-04-16T23:43:55.641+0000] {logging_mixin.py:188} INFO - [2026-04-16T23:43:55.641+0000] {dag.py:3954} INFO - Setting next_dagrun for dag_scraping_offres_emploi to 2026-04-16 12:00:00+00:00, run_after=2026-04-16 18:00:00+00:00
[2026-04-16T23:43:55.688+0000] {processor.py:183} INFO - Processing /opt/airflow/dags/DagScraper.py took 0.192 seconds
[2026-04-16T23:44:26.096+0000] {processor.py:161} INFO - Started process (PID=10227) to work on /opt/airflow/dags/DagScraper.py
[2026-04-16T23:44:26.098+0000] {processor.py:830} INFO - Processing file /opt/airflow/dags/DagScraper.py for tasks to queue
[2026-04-16T23:44:26.103+0000] {logging_mixin.py:188} INFO - [2026-04-16T23:44:26.102+0000] {dagbag.py:545} INFO - Filling up the DagBag from /opt/airflow/dags/DagScraper.py
[2026-04-16T23:44:26.173+0000] {processor.py:840} INFO - DAG(s) 'dag_scraping_offres_emploi' retrieved from /opt/airflow/dags/DagScraper.py
[2026-04-16T23:44:26.336+0000] {logging_mixin.py:188} INFO - [2026-04-16T23:44:26.333+0000] {dag.py:3096} INFO - Sync 1 DAGs
[2026-04-16T23:44:26.425+0000] {logging_mixin.py:188} INFO - [2026-04-16T23:44:26.424+0000] {dag.py:3954} INFO - Setting next_dagrun for dag_scraping_offres_emploi to 2026-04-16 12:00:00+00:00, run_after=2026-04-16 18:00:00+00:00
[2026-04-16T23:44:26.491+0000] {processor.py:183} INFO - Processing /opt/airflow/dags/DagScraper.py took 0.406 seconds
[2026-04-16T23:44:56.717+0000] {processor.py:161} INFO - Started process (PID=10241) to work on /opt/airflow/dags/DagScraper.py
[2026-04-16T23:44:56.719+0000] {processor.py:830} INFO - Processing file /opt/airflow/dags/DagScraper.py for tasks to queue
[2026-04-16T23:44:56.723+0000] {logging_mixin.py:188} INFO - [2026-04-16T23:44:56.722+0000] {dagbag.py:545} INFO - Filling up the DagBag from /opt/airflow/dags/DagScraper.py
[2026-04-16T23:44:56.754+0000] {processor.py:840} INFO - DAG(s) 'dag_scraping_offres_emploi' retrieved from /opt/airflow/dags/DagScraper.py
[2026-04-16T23:44:56.816+0000] {logging_mixin.py:188} INFO - [2026-04-16T23:44:56.815+0000] {dag.py:3096} INFO - Sync 1 DAGs
[2026-04-16T23:44:56.854+0000] {logging_mixin.py:188} INFO - [2026-04-16T23:44:56.854+0000] {dag.py:3954} INFO - Setting next_dagrun for dag_scraping_offres_emploi to 2026-04-16 12:00:00+00:00, run_after=2026-04-16 18:00:00+00:00
[2026-04-16T23:44:56.910+0000] {processor.py:183} INFO - Processing /opt/airflow/dags/DagScraper.py took 0.201 seconds
[2026-04-16T23:45:27.426+0000] {processor.py:161} INFO - Started process (PID=10249) to work on /opt/airflow/dags/DagScraper.py
[2026-04-16T23:45:27.429+0000] {processor.py:830} INFO - Processing file /opt/airflow/dags/DagScraper.py for tasks to queue
[2026-04-16T23:45:27.435+0000] {logging_mixin.py:188} INFO - [2026-04-16T23:45:27.433+0000] {dagbag.py:545} INFO - Filling up the DagBag from /opt/airflow/dags/DagScraper.py
[2026-04-16T23:45:27.488+0000] {processor.py:840} INFO - DAG(s) 'dag_scraping_offres_emploi' retrieved from /opt/airflow/dags/DagScraper.py
[2026-04-16T23:45:27.599+0000] {logging_mixin.py:188} INFO - [2026-04-16T23:45:27.598+0000] {dag.py:3096} INFO - Sync 1 DAGs
[2026-04-16T23:45:27.716+0000] {logging_mixin.py:188} INFO - [2026-04-16T23:45:27.715+0000] {dag.py:3954} INFO - Setting next_dagrun for dag_scraping_offres_emploi to 2026-04-16 12:00:00+00:00, run_after=2026-04-16 18:00:00+00:00
[2026-04-16T23:45:27.813+0000] {processor.py:183} INFO - Processing /opt/airflow/dags/DagScraper.py took 0.404 seconds
[2026-04-16T23:45:58.114+0000] {processor.py:161} INFO - Started process (PID=10263) to work on /opt/airflow/dags/DagScraper.py
[2026-04-16T23:45:58.116+0000] {processor.py:830} INFO - Processing file /opt/airflow/dags/DagScraper.py for tasks to queue
[2026-04-16T23:45:58.119+0000] {logging_mixin.py:188} INFO - [2026-04-16T23:45:58.118+0000] {dagbag.py:545} INFO - Filling up the DagBag from /opt/airflow/dags/DagScraper.py
[2026-04-16T23:45:58.157+0000] {processor.py:840} INFO - DAG(s) 'dag_scraping_offres_emploi' retrieved from /opt/airflow/dags/DagScraper.py
[2026-04-16T23:45:58.231+0000] {logging_mixin.py:188} INFO - [2026-04-16T23:45:58.230+0000] {dag.py:3096} INFO - Sync 1 DAGs
[2026-04-16T23:45:58.328+0000] {logging_mixin.py:188} INFO - [2026-04-16T23:45:58.327+0000] {dag.py:3954} INFO - Setting next_dagrun for dag_scraping_offres_emploi to 2026-04-16 12:00:00+00:00, run_after=2026-04-16 18:00:00+00:00
[2026-04-16T23:45:58.422+0000] {processor.py:183} INFO - Processing /opt/airflow/dags/DagScraper.py took 0.321 seconds
[2026-04-16T23:46:28.489+0000] {processor.py:161} INFO - Started process (PID=10271) to work on /opt/airflow/dags/DagScraper.py
[2026-04-16T23:46:28.491+0000] {processor.py:830} INFO - Processing file /opt/airflow/dags/DagScraper.py for tasks to queue
[2026-04-16T23:46:28.494+0000] {logging_mixin.py:188} INFO - [2026-04-16T23:46:28.493+0000] {dagbag.py:545} INFO - Filling up the DagBag from /opt/airflow/dags/DagScraper.py
[2026-04-16T23:46:28.528+0000] {processor.py:840} INFO - DAG(s) 'dag_scraping_offres_emploi' retrieved from /opt/airflow/dags/DagScraper.py
[2026-04-16T23:46:28.588+0000] {logging_mixin.py:188} INFO - [2026-04-16T23:46:28.587+0000] {dag.py:3096} INFO - Sync 1 DAGs
[2026-04-16T23:46:28.626+0000] {logging_mixin.py:188} INFO - [2026-04-16T23:46:28.626+0000] {dag.py:3954} INFO - Setting next_dagrun for dag_scraping_offres_emploi to 2026-04-16 12:00:00+00:00, run_after=2026-04-16 18:00:00+00:00
[2026-04-16T23:46:28.665+0000] {processor.py:183} INFO - Processing /opt/airflow/dags/DagScraper.py took 0.186 seconds
[2026-04-16T23:46:59.111+0000] {processor.py:161} INFO - Started process (PID=10285) to work on /opt/airflow/dags/DagScraper.py
[2026-04-16T23:46:59.113+0000] {processor.py:830} INFO - Processing file /opt/airflow/dags/DagScraper.py for tasks to queue
[2026-04-16T23:46:59.117+0000] {logging_mixin.py:188} INFO - [2026-04-16T23:46:59.117+0000] {dagbag.py:545} INFO - Filling up the DagBag from /opt/airflow/dags/DagScraper.py
[2026-04-16T23:46:59.161+0000] {processor.py:840} INFO - DAG(s) 'dag_scraping_offres_emploi' retrieved from /opt/airflow/dags/DagScraper.py
[2026-04-16T23:46:59.225+0000] {logging_mixin.py:188} INFO - [2026-04-16T23:46:59.224+0000] {dag.py:3096} INFO - Sync 1 DAGs
[2026-04-16T23:46:59.263+0000] {logging_mixin.py:188} INFO - [2026-04-16T23:46:59.262+0000] {dag.py:3954} INFO - Setting next_dagrun for dag_scraping_offres_emploi to 2026-04-16 12:00:00+00:00, run_after=2026-04-16 18:00:00+00:00
[2026-04-16T23:46:59.342+0000] {processor.py:183} INFO - Processing /opt/airflow/dags/DagScraper.py took 0.245 seconds
[2026-04-16T23:47:30.023+0000] {processor.py:161} INFO - Started process (PID=10293) to work on /opt/airflow/dags/DagScraper.py
[2026-04-16T23:47:30.024+0000] {processor.py:830} INFO - Processing file /opt/airflow/dags/DagScraper.py for tasks to queue
[2026-04-16T23:47:30.029+0000] {logging_mixin.py:188} INFO - [2026-04-16T23:47:30.028+0000] {dagbag.py:545} INFO - Filling up the DagBag from /opt/airflow/dags/DagScraper.py
[2026-04-16T23:47:30.064+0000] {processor.py:840} INFO - DAG(s) 'dag_scraping_offres_emploi' retrieved from /opt/airflow/dags/DagScraper.py
[2026-04-16T23:47:30.135+0000] {logging_mixin.py:188} INFO - [2026-04-16T23:47:30.135+0000] {dag.py:3096} INFO - Sync 1 DAGs
[2026-04-16T23:47:30.199+0000] {logging_mixin.py:188} INFO - [2026-04-16T23:47:30.198+0000] {dag.py:3954} INFO - Setting next_dagrun for dag_scraping_offres_emploi to 2026-04-16 12:00:00+00:00, run_after=2026-04-16 18:00:00+00:00
[2026-04-16T23:47:30.261+0000] {processor.py:183} INFO - Processing /opt/airflow/dags/DagScraper.py took 0.253 seconds
[2026-04-16T23:48:00.756+0000] {processor.py:161} INFO - Started process (PID=10308) to work on /opt/airflow/dags/DagScraper.py
[2026-04-16T23:48:00.758+0000] {processor.py:830} INFO - Processing file /opt/airflow/dags/DagScraper.py for tasks to queue
[2026-04-16T23:48:00.762+0000] {logging_mixin.py:188} INFO - [2026-04-16T23:48:00.761+0000] {dagbag.py:545} INFO - Filling up the DagBag from /opt/airflow/dags/DagScraper.py
[2026-04-16T23:48:00.845+0000] {processor.py:840} INFO - DAG(s) 'dag_scraping_offres_emploi' retrieved from /opt/airflow/dags/DagScraper.py
[2026-04-16T23:48:00.951+0000] {logging_mixin.py:188} INFO - [2026-04-16T23:48:00.951+0000] {dag.py:3096} INFO - Sync 1 DAGs
[2026-04-16T23:48:01.000+0000] {logging_mixin.py:188} INFO - [2026-04-16T23:48:01.000+0000] {dag.py:3954} INFO - Setting next_dagrun for dag_scraping_offres_emploi to 2026-04-16 12:00:00+00:00, run_after=2026-04-16 18:00:00+00:00
[2026-04-16T23:48:01.050+0000] {processor.py:183} INFO - Processing /opt/airflow/dags/DagScraper.py took 0.312 seconds
[2026-04-16T23:48:31.391+0000] {processor.py:161} INFO - Started process (PID=10316) to work on /opt/airflow/dags/DagScraper.py
[2026-04-16T23:48:31.401+0000] {processor.py:830} INFO - Processing file /opt/airflow/dags/DagScraper.py for tasks to queue
[2026-04-16T23:48:31.413+0000] {logging_mixin.py:188} INFO - [2026-04-16T23:48:31.410+0000] {dagbag.py:545} INFO - Filling up the DagBag from /opt/airflow/dags/DagScraper.py
[2026-04-16T23:48:31.478+0000] {processor.py:840} INFO - DAG(s) 'dag_scraping_offres_emploi' retrieved from /opt/airflow/dags/DagScraper.py
[2026-04-16T23:48:31.537+0000] {logging_mixin.py:188} INFO - [2026-04-16T23:48:31.537+0000] {dag.py:3096} INFO - Sync 1 DAGs
[2026-04-16T23:48:31.584+0000] {logging_mixin.py:188} INFO - [2026-04-16T23:48:31.583+0000] {dag.py:3954} INFO - Setting next_dagrun for dag_scraping_offres_emploi to 2026-04-16 12:00:00+00:00, run_after=2026-04-16 18:00:00+00:00
[2026-04-16T23:48:31.635+0000] {processor.py:183} INFO - Processing /opt/airflow/dags/DagScraper.py took 0.302 seconds
[2026-04-16T23:49:02.325+0000] {processor.py:161} INFO - Started process (PID=10330) to work on /opt/airflow/dags/DagScraper.py
[2026-04-16T23:49:02.327+0000] {processor.py:830} INFO - Processing file /opt/airflow/dags/DagScraper.py for tasks to queue
[2026-04-16T23:49:02.331+0000] {logging_mixin.py:188} INFO - [2026-04-16T23:49:02.330+0000] {dagbag.py:545} INFO - Filling up the DagBag from /opt/airflow/dags/DagScraper.py
[2026-04-16T23:49:02.377+0000] {processor.py:840} INFO - DAG(s) 'dag_scraping_offres_emploi' retrieved from /opt/airflow/dags/DagScraper.py
[2026-04-16T23:49:02.461+0000] {logging_mixin.py:188} INFO - [2026-04-16T23:49:02.460+0000] {dag.py:3096} INFO - Sync 1 DAGs
[2026-04-16T23:49:02.520+0000] {logging_mixin.py:188} INFO - [2026-04-16T23:49:02.520+0000] {dag.py:3954} INFO - Setting next_dagrun for dag_scraping_offres_emploi to 2026-04-16 12:00:00+00:00, run_after=2026-04-16 18:00:00+00:00
[2026-04-16T23:49:02.635+0000] {processor.py:183} INFO - Processing /opt/airflow/dags/DagScraper.py took 0.323 seconds
[2026-04-16T23:49:33.829+0000] {processor.py:161} INFO - Started process (PID=10338) to work on /opt/airflow/dags/DagScraper.py
[2026-04-16T23:49:33.839+0000] {processor.py:830} INFO - Processing file /opt/airflow/dags/DagScraper.py for tasks to queue
[2026-04-16T23:49:33.854+0000] {logging_mixin.py:188} INFO - [2026-04-16T23:49:33.853+0000] {dagbag.py:545} INFO - Filling up the DagBag from /opt/airflow/dags/DagScraper.py
[2026-04-16T23:49:34.027+0000] {processor.py:840} INFO - DAG(s) 'dag_scraping_offres_emploi' retrieved from /opt/airflow/dags/DagScraper.py
[2026-04-16T23:49:34.272+0000] {logging_mixin.py:188} INFO - [2026-04-16T23:49:34.271+0000] {dag.py:3096} INFO - Sync 1 DAGs
[2026-04-16T23:49:34.462+0000] {logging_mixin.py:188} INFO - [2026-04-16T23:49:34.450+0000] {dag.py:3954} INFO - Setting next_dagrun for dag_scraping_offres_emploi to 2026-04-16 12:00:00+00:00, run_after=2026-04-16 18:00:00+00:00
[2026-04-16T23:49:34.692+0000] {processor.py:183} INFO - Processing /opt/airflow/dags/DagScraper.py took 1.037 seconds
[2026-04-16T23:50:04.874+0000] {processor.py:161} INFO - Started process (PID=10352) to work on /opt/airflow/dags/DagScraper.py
[2026-04-16T23:50:04.877+0000] {processor.py:830} INFO - Processing file /opt/airflow/dags/DagScraper.py for tasks to queue
[2026-04-16T23:50:04.887+0000] {logging_mixin.py:188} INFO - [2026-04-16T23:50:04.886+0000] {dagbag.py:545} INFO - Filling up the DagBag from /opt/airflow/dags/DagScraper.py
[2026-04-16T23:50:05.026+0000] {processor.py:840} INFO - DAG(s) 'dag_scraping_offres_emploi' retrieved from /opt/airflow/dags/DagScraper.py
[2026-04-16T23:50:05.112+0000] {logging_mixin.py:188} INFO - [2026-04-16T23:50:05.111+0000] {dag.py:3096} INFO - Sync 1 DAGs
[2026-04-16T23:50:05.210+0000] {logging_mixin.py:188} INFO - [2026-04-16T23:50:05.210+0000] {dag.py:3954} INFO - Setting next_dagrun for dag_scraping_offres_emploi to 2026-04-16 12:00:00+00:00, run_after=2026-04-16 18:00:00+00:00
[2026-04-16T23:50:05.304+0000] {processor.py:183} INFO - Processing /opt/airflow/dags/DagScraper.py took 0.448 seconds
[2026-04-16T23:50:36.277+0000] {processor.py:161} INFO - Started process (PID=10368) to work on /opt/airflow/dags/DagScraper.py
[2026-04-16T23:50:36.280+0000] {processor.py:830} INFO - Processing file /opt/airflow/dags/DagScraper.py for tasks to queue
[2026-04-16T23:50:36.290+0000] {logging_mixin.py:188} INFO - [2026-04-16T23:50:36.289+0000] {dagbag.py:545} INFO - Filling up the DagBag from /opt/airflow/dags/DagScraper.py
[2026-04-16T23:50:36.353+0000] {processor.py:840} INFO - DAG(s) 'dag_scraping_offres_emploi' retrieved from /opt/airflow/dags/DagScraper.py
[2026-04-16T23:50:36.455+0000] {logging_mixin.py:188} INFO - [2026-04-16T23:50:36.454+0000] {dag.py:3096} INFO - Sync 1 DAGs
[2026-04-16T23:50:36.578+0000] {logging_mixin.py:188} INFO - [2026-04-16T23:50:36.578+0000] {dag.py:3954} INFO - Setting next_dagrun for dag_scraping_offres_emploi to 2026-04-16 12:00:00+00:00, run_after=2026-04-16 18:00:00+00:00
[2026-04-16T23:50:36.663+0000] {processor.py:183} INFO - Processing /opt/airflow/dags/DagScraper.py took 0.407 seconds
[2026-04-16T23:51:06.918+0000] {processor.py:161} INFO - Started process (PID=10376) to work on /opt/airflow/dags/DagScraper.py
[2026-04-16T23:51:06.920+0000] {processor.py:830} INFO - Processing file /opt/airflow/dags/DagScraper.py for tasks to queue
[2026-04-16T23:51:06.923+0000] {logging_mixin.py:188} INFO - [2026-04-16T23:51:06.923+0000] {dagbag.py:545} INFO - Filling up the DagBag from /opt/airflow/dags/DagScraper.py
[2026-04-16T23:51:07.012+0000] {processor.py:840} INFO - DAG(s) 'dag_scraping_offres_emploi' retrieved from /opt/airflow/dags/DagScraper.py
[2026-04-16T23:51:07.130+0000] {logging_mixin.py:188} INFO - [2026-04-16T23:51:07.129+0000] {dag.py:3096} INFO - Sync 1 DAGs
[2026-04-16T23:51:07.178+0000] {logging_mixin.py:188} INFO - [2026-04-16T23:51:07.177+0000] {dag.py:3954} INFO - Setting next_dagrun for dag_scraping_offres_emploi to 2026-04-16 12:00:00+00:00, run_after=2026-04-16 18:00:00+00:00
[2026-04-16T23:51:07.229+0000] {processor.py:183} INFO - Processing /opt/airflow/dags/DagScraper.py took 0.323 seconds
[2026-04-16T23:51:37.877+0000] {processor.py:161} INFO - Started process (PID=10390) to work on /opt/airflow/dags/DagScraper.py
[2026-04-16T23:51:37.881+0000] {processor.py:830} INFO - Processing file /opt/airflow/dags/DagScraper.py for tasks to queue
[2026-04-16T23:51:37.890+0000] {logging_mixin.py:188} INFO - [2026-04-16T23:51:37.887+0000] {dagbag.py:545} INFO - Filling up the DagBag from /opt/airflow/dags/DagScraper.py
[2026-04-16T23:51:37.989+0000] {processor.py:840} INFO - DAG(s) 'dag_scraping_offres_emploi' retrieved from /opt/airflow/dags/DagScraper.py
[2026-04-16T23:51:38.102+0000] {logging_mixin.py:188} INFO - [2026-04-16T23:51:38.101+0000] {dag.py:3096} INFO - Sync 1 DAGs
[2026-04-16T23:51:38.162+0000] {logging_mixin.py:188} INFO - [2026-04-16T23:51:38.162+0000] {dag.py:3954} INFO - Setting next_dagrun for dag_scraping_offres_emploi to 2026-04-16 12:00:00+00:00, run_after=2026-04-16 18:00:00+00:00
[2026-04-16T23:51:38.228+0000] {processor.py:183} INFO - Processing /opt/airflow/dags/DagScraper.py took 0.378 seconds
[2026-04-16T23:52:08.675+0000] {processor.py:161} INFO - Started process (PID=10398) to work on /opt/airflow/dags/DagScraper.py
[2026-04-16T23:52:08.677+0000] {processor.py:830} INFO - Processing file /opt/airflow/dags/DagScraper.py for tasks to queue
[2026-04-16T23:52:08.681+0000] {logging_mixin.py:188} INFO - [2026-04-16T23:52:08.680+0000] {dagbag.py:545} INFO - Filling up the DagBag from /opt/airflow/dags/DagScraper.py
[2026-04-16T23:52:08.737+0000] {processor.py:840} INFO - DAG(s) 'dag_scraping_offres_emploi' retrieved from /opt/airflow/dags/DagScraper.py
[2026-04-16T23:52:08.844+0000] {logging_mixin.py:188} INFO - [2026-04-16T23:52:08.844+0000] {dag.py:3096} INFO - Sync 1 DAGs
[2026-04-16T23:52:08.963+0000] {logging_mixin.py:188} INFO - [2026-04-16T23:52:08.962+0000] {dag.py:3954} INFO - Setting next_dagrun for dag_scraping_offres_emploi to 2026-04-16 12:00:00+00:00, run_after=2026-04-16 18:00:00+00:00
[2026-04-16T23:52:09.049+0000] {processor.py:183} INFO - Processing /opt/airflow/dags/DagScraper.py took 0.390 seconds
[2026-04-16T23:52:39.741+0000] {processor.py:161} INFO - Started process (PID=10412) to work on /opt/airflow/dags/DagScraper.py
[2026-04-16T23:52:39.743+0000] {processor.py:830} INFO - Processing file /opt/airflow/dags/DagScraper.py for tasks to queue
[2026-04-16T23:52:39.751+0000] {logging_mixin.py:188} INFO - [2026-04-16T23:52:39.750+0000] {dagbag.py:545} INFO - Filling up the DagBag from /opt/airflow/dags/DagScraper.py
[2026-04-16T23:52:39.804+0000] {processor.py:840} INFO - DAG(s) 'dag_scraping_offres_emploi' retrieved from /opt/airflow/dags/DagScraper.py
[2026-04-16T23:52:39.923+0000] {logging_mixin.py:188} INFO - [2026-04-16T23:52:39.923+0000] {dag.py:3096} INFO - Sync 1 DAGs
[2026-04-16T23:52:40.058+0000] {logging_mixin.py:188} INFO - [2026-04-16T23:52:40.057+0000] {dag.py:3954} INFO - Setting next_dagrun for dag_scraping_offres_emploi to 2026-04-16 12:00:00+00:00, run_after=2026-04-16 18:00:00+00:00
[2026-04-16T23:52:40.164+0000] {processor.py:183} INFO - Processing /opt/airflow/dags/DagScraper.py took 0.437 seconds
[2026-04-16T23:53:10.575+0000] {processor.py:161} INFO - Started process (PID=10420) to work on /opt/airflow/dags/DagScraper.py
[2026-04-16T23:53:10.577+0000] {processor.py:830} INFO - Processing file /opt/airflow/dags/DagScraper.py for tasks to queue
[2026-04-16T23:53:10.582+0000] {logging_mixin.py:188} INFO - [2026-04-16T23:53:10.581+0000] {dagbag.py:545} INFO - Filling up the DagBag from /opt/airflow/dags/DagScraper.py
[2026-04-16T23:53:10.628+0000] {processor.py:840} INFO - DAG(s) 'dag_scraping_offres_emploi' retrieved from /opt/airflow/dags/DagScraper.py
[2026-04-16T23:53:10.753+0000] {logging_mixin.py:188} INFO - [2026-04-16T23:53:10.752+0000] {dag.py:3096} INFO - Sync 1 DAGs
[2026-04-16T23:53:10.823+0000] {logging_mixin.py:188} INFO - [2026-04-16T23:53:10.823+0000] {dag.py:3954} INFO - Setting next_dagrun for dag_scraping_offres_emploi to 2026-04-16 12:00:00+00:00, run_after=2026-04-16 18:00:00+00:00
[2026-04-16T23:53:10.925+0000] {processor.py:183} INFO - Processing /opt/airflow/dags/DagScraper.py took 0.362 seconds
[2026-04-16T23:53:41.253+0000] {processor.py:161} INFO - Started process (PID=10434) to work on /opt/airflow/dags/DagScraper.py
[2026-04-16T23:53:41.255+0000] {processor.py:830} INFO - Processing file /opt/airflow/dags/DagScraper.py for tasks to queue
[2026-04-16T23:53:41.260+0000] {logging_mixin.py:188} INFO - [2026-04-16T23:53:41.259+0000] {dagbag.py:545} INFO - Filling up the DagBag from /opt/airflow/dags/DagScraper.py
[2026-04-16T23:53:41.315+0000] {processor.py:840} INFO - DAG(s) 'dag_scraping_offres_emploi' retrieved from /opt/airflow/dags/DagScraper.py
[2026-04-16T23:53:41.406+0000] {logging_mixin.py:188} INFO - [2026-04-16T23:53:41.406+0000] {dag.py:3096} INFO - Sync 1 DAGs
[2026-04-16T23:53:41.466+0000] {logging_mixin.py:188} INFO - [2026-04-16T23:53:41.466+0000] {dag.py:3954} INFO - Setting next_dagrun for dag_scraping_offres_emploi to 2026-04-16 12:00:00+00:00, run_after=2026-04-16 18:00:00+00:00
[2026-04-16T23:53:41.578+0000] {processor.py:183} INFO - Processing /opt/airflow/dags/DagScraper.py took 0.336 seconds
[2026-04-16T23:54:12.097+0000] {processor.py:161} INFO - Started process (PID=10442) to work on /opt/airflow/dags/DagScraper.py
[2026-04-16T23:54:12.100+0000] {processor.py:830} INFO - Processing file /opt/airflow/dags/DagScraper.py for tasks to queue
[2026-04-16T23:54:12.105+0000] {logging_mixin.py:188} INFO - [2026-04-16T23:54:12.104+0000] {dagbag.py:545} INFO - Filling up the DagBag from /opt/airflow/dags/DagScraper.py
[2026-04-16T23:54:12.167+0000] {processor.py:840} INFO - DAG(s) 'dag_scraping_offres_emploi' retrieved from /opt/airflow/dags/DagScraper.py
[2026-04-16T23:54:12.298+0000] {logging_mixin.py:188} INFO - [2026-04-16T23:54:12.298+0000] {dag.py:3096} INFO - Sync 1 DAGs
[2026-04-16T23:54:12.413+0000] {logging_mixin.py:188} INFO - [2026-04-16T23:54:12.412+0000] {dag.py:3954} INFO - Setting next_dagrun for dag_scraping_offres_emploi to 2026-04-16 12:00:00+00:00, run_after=2026-04-16 18:00:00+00:00
[2026-04-16T23:54:12.543+0000] {processor.py:183} INFO - Processing /opt/airflow/dags/DagScraper.py took 0.470 seconds
[2026-04-16T23:54:43.083+0000] {processor.py:161} INFO - Started process (PID=10457) to work on /opt/airflow/dags/DagScraper.py
[2026-04-16T23:54:43.086+0000] {processor.py:830} INFO - Processing file /opt/airflow/dags/DagScraper.py for tasks to queue
[2026-04-16T23:54:43.100+0000] {logging_mixin.py:188} INFO - [2026-04-16T23:54:43.099+0000] {dagbag.py:545} INFO - Filling up the DagBag from /opt/airflow/dags/DagScraper.py
[2026-04-16T23:54:43.185+0000] {processor.py:840} INFO - DAG(s) 'dag_scraping_offres_emploi' retrieved from /opt/airflow/dags/DagScraper.py
[2026-04-16T23:54:43.289+0000] {logging_mixin.py:188} INFO - [2026-04-16T23:54:43.288+0000] {dag.py:3096} INFO - Sync 1 DAGs
[2026-04-16T23:54:43.354+0000] {logging_mixin.py:188} INFO - [2026-04-16T23:54:43.354+0000] {dag.py:3954} INFO - Setting next_dagrun for dag_scraping_offres_emploi to 2026-04-16 12:00:00+00:00, run_after=2026-04-16 18:00:00+00:00
[2026-04-16T23:54:43.394+0000] {processor.py:183} INFO - Processing /opt/airflow/dags/DagScraper.py took 0.327 seconds
[2026-04-16T23:55:14.242+0000] {processor.py:161} INFO - Started process (PID=10465) to work on /opt/airflow/dags/DagScraper.py
[2026-04-16T23:55:14.244+0000] {processor.py:830} INFO - Processing file /opt/airflow/dags/DagScraper.py for tasks to queue
[2026-04-16T23:55:14.247+0000] {logging_mixin.py:188} INFO - [2026-04-16T23:55:14.247+0000] {dagbag.py:545} INFO - Filling up the DagBag from /opt/airflow/dags/DagScraper.py
[2026-04-16T23:55:14.286+0000] {processor.py:840} INFO - DAG(s) 'dag_scraping_offres_emploi' retrieved from /opt/airflow/dags/DagScraper.py
[2026-04-16T23:55:14.363+0000] {logging_mixin.py:188} INFO - [2026-04-16T23:55:14.362+0000] {dag.py:3096} INFO - Sync 1 DAGs
[2026-04-16T23:55:14.410+0000] {logging_mixin.py:188} INFO - [2026-04-16T23:55:14.409+0000] {dag.py:3954} INFO - Setting next_dagrun for dag_scraping_offres_emploi to 2026-04-16 12:00:00+00:00, run_after=2026-04-16 18:00:00+00:00
[2026-04-16T23:55:14.470+0000] {processor.py:183} INFO - Processing /opt/airflow/dags/DagScraper.py took 0.238 seconds
[2026-04-16T23:55:45.158+0000] {processor.py:161} INFO - Started process (PID=10478) to work on /opt/airflow/dags/DagScraper.py
[2026-04-16T23:55:45.160+0000] {processor.py:830} INFO - Processing file /opt/airflow/dags/DagScraper.py for tasks to queue
[2026-04-16T23:55:45.180+0000] {logging_mixin.py:188} INFO - [2026-04-16T23:55:45.180+0000] {dagbag.py:545} INFO - Filling up the DagBag from /opt/airflow/dags/DagScraper.py
[2026-04-16T23:55:45.285+0000] {processor.py:840} INFO - DAG(s) 'dag_scraping_offres_emploi' retrieved from /opt/airflow/dags/DagScraper.py
[2026-04-16T23:55:45.412+0000] {logging_mixin.py:188} INFO - [2026-04-16T23:55:45.411+0000] {dag.py:3096} INFO - Sync 1 DAGs
[2026-04-16T23:55:45.494+0000] {logging_mixin.py:188} INFO - [2026-04-16T23:55:45.493+0000] {dag.py:3954} INFO - Setting next_dagrun for dag_scraping_offres_emploi to 2026-04-16 12:00:00+00:00, run_after=2026-04-16 18:00:00+00:00
[2026-04-16T23:55:45.548+0000] {processor.py:183} INFO - Processing /opt/airflow/dags/DagScraper.py took 0.413 seconds
[2026-04-16T23:56:16.172+0000] {processor.py:161} INFO - Started process (PID=10486) to work on /opt/airflow/dags/DagScraper.py
[2026-04-16T23:56:16.174+0000] {processor.py:830} INFO - Processing file /opt/airflow/dags/DagScraper.py for tasks to queue
[2026-04-16T23:56:16.178+0000] {logging_mixin.py:188} INFO - [2026-04-16T23:56:16.177+0000] {dagbag.py:545} INFO - Filling up the DagBag from /opt/airflow/dags/DagScraper.py
[2026-04-16T23:56:16.235+0000] {processor.py:840} INFO - DAG(s) 'dag_scraping_offres_emploi' retrieved from /opt/airflow/dags/DagScraper.py
[2026-04-16T23:56:16.376+0000] {logging_mixin.py:188} INFO - [2026-04-16T23:56:16.375+0000] {dag.py:3096} INFO - Sync 1 DAGs
[2026-04-16T23:56:16.486+0000] {logging_mixin.py:188} INFO - [2026-04-16T23:56:16.486+0000] {dag.py:3954} INFO - Setting next_dagrun for dag_scraping_offres_emploi to 2026-04-16 12:00:00+00:00, run_after=2026-04-16 18:00:00+00:00
[2026-04-16T23:56:16.546+0000] {processor.py:183} INFO - Processing /opt/airflow/dags/DagScraper.py took 0.385 seconds
[2026-04-16T23:56:47.468+0000] {processor.py:161} INFO - Started process (PID=10500) to work on /opt/airflow/dags/DagScraper.py
[2026-04-16T23:56:47.470+0000] {processor.py:830} INFO - Processing file /opt/airflow/dags/DagScraper.py for tasks to queue
[2026-04-16T23:56:47.481+0000] {logging_mixin.py:188} INFO - [2026-04-16T23:56:47.479+0000] {dagbag.py:545} INFO - Filling up the DagBag from /opt/airflow/dags/DagScraper.py
[2026-04-16T23:56:47.549+0000] {processor.py:840} INFO - DAG(s) 'dag_scraping_offres_emploi' retrieved from /opt/airflow/dags/DagScraper.py
[2026-04-16T23:56:47.617+0000] {logging_mixin.py:188} INFO - [2026-04-16T23:56:47.616+0000] {dag.py:3096} INFO - Sync 1 DAGs
[2026-04-16T23:56:47.666+0000] {logging_mixin.py:188} INFO - [2026-04-16T23:56:47.665+0000] {dag.py:3954} INFO - Setting next_dagrun for dag_scraping_offres_emploi to 2026-04-16 12:00:00+00:00, run_after=2026-04-16 18:00:00+00:00
[2026-04-16T23:56:47.731+0000] {processor.py:183} INFO - Processing /opt/airflow/dags/DagScraper.py took 0.290 seconds
[2026-04-16T23:57:18.108+0000] {processor.py:161} INFO - Started process (PID=10514) to work on /opt/airflow/dags/DagScraper.py
[2026-04-16T23:57:18.110+0000] {processor.py:830} INFO - Processing file /opt/airflow/dags/DagScraper.py for tasks to queue
[2026-04-16T23:57:18.115+0000] {logging_mixin.py:188} INFO - [2026-04-16T23:57:18.114+0000] {dagbag.py:545} INFO - Filling up the DagBag from /opt/airflow/dags/DagScraper.py
[2026-04-16T23:57:18.170+0000] {processor.py:840} INFO - DAG(s) 'dag_scraping_offres_emploi' retrieved from /opt/airflow/dags/DagScraper.py
[2026-04-16T23:57:18.231+0000] {logging_mixin.py:188} INFO - [2026-04-16T23:57:18.230+0000] {dag.py:3096} INFO - Sync 1 DAGs
[2026-04-16T23:57:18.277+0000] {logging_mixin.py:188} INFO - [2026-04-16T23:57:18.277+0000] {dag.py:3954} INFO - Setting next_dagrun for dag_scraping_offres_emploi to 2026-04-16 12:00:00+00:00, run_after=2026-04-16 18:00:00+00:00
[2026-04-16T23:57:18.345+0000] {processor.py:183} INFO - Processing /opt/airflow/dags/DagScraper.py took 0.260 seconds
[2026-04-16T23:57:49.126+0000] {processor.py:161} INFO - Started process (PID=10522) to work on /opt/airflow/dags/DagScraper.py
[2026-04-16T23:57:49.127+0000] {processor.py:830} INFO - Processing file /opt/airflow/dags/DagScraper.py for tasks to queue
[2026-04-16T23:57:49.131+0000] {logging_mixin.py:188} INFO - [2026-04-16T23:57:49.130+0000] {dagbag.py:545} INFO - Filling up the DagBag from /opt/airflow/dags/DagScraper.py
[2026-04-16T23:57:49.213+0000] {processor.py:840} INFO - DAG(s) 'dag_scraping_offres_emploi' retrieved from /opt/airflow/dags/DagScraper.py
[2026-04-16T23:57:49.571+0000] {logging_mixin.py:188} INFO - [2026-04-16T23:57:49.571+0000] {dag.py:3096} INFO - Sync 1 DAGs
[2026-04-16T23:57:49.740+0000] {logging_mixin.py:188} INFO - [2026-04-16T23:57:49.739+0000] {dag.py:3954} INFO - Setting next_dagrun for dag_scraping_offres_emploi to 2026-04-16 12:00:00+00:00, run_after=2026-04-16 18:00:00+00:00
[2026-04-16T23:57:49.908+0000] {processor.py:183} INFO - Processing /opt/airflow/dags/DagScraper.py took 0.812 seconds
[2026-04-16T23:58:20.107+0000] {processor.py:161} INFO - Started process (PID=10536) to work on /opt/airflow/dags/DagScraper.py
[2026-04-16T23:58:20.139+0000] {processor.py:830} INFO - Processing file /opt/airflow/dags/DagScraper.py for tasks to queue
[2026-04-16T23:58:20.162+0000] {logging_mixin.py:188} INFO - [2026-04-16T23:58:20.162+0000] {dagbag.py:545} INFO - Filling up the DagBag from /opt/airflow/dags/DagScraper.py
[2026-04-16T23:58:20.327+0000] {processor.py:840} INFO - DAG(s) 'dag_scraping_offres_emploi' retrieved from /opt/airflow/dags/DagScraper.py
[2026-04-16T23:58:20.547+0000] {logging_mixin.py:188} INFO - [2026-04-16T23:58:20.546+0000] {dag.py:3096} INFO - Sync 1 DAGs
[2026-04-16T23:58:20.677+0000] {logging_mixin.py:188} INFO - [2026-04-16T23:58:20.676+0000] {dag.py:3954} INFO - Setting next_dagrun for dag_scraping_offres_emploi to 2026-04-16 12:00:00+00:00, run_after=2026-04-16 18:00:00+00:00
[2026-04-16T23:58:20.730+0000] {processor.py:183} INFO - Processing /opt/airflow/dags/DagScraper.py took 0.645 seconds
[2026-04-16T23:58:51.169+0000] {processor.py:161} INFO - Started process (PID=10543) to work on /opt/airflow/dags/DagScraper.py
[2026-04-16T23:58:51.184+0000] {processor.py:830} INFO - Processing file /opt/airflow/dags/DagScraper.py for tasks to queue
[2026-04-16T23:58:51.202+0000] {logging_mixin.py:188} INFO - [2026-04-16T23:58:51.200+0000] {dagbag.py:545} INFO - Filling up the DagBag from /opt/airflow/dags/DagScraper.py
[2026-04-16T23:58:51.415+0000] {processor.py:840} INFO - DAG(s) 'dag_scraping_offres_emploi' retrieved from /opt/airflow/dags/DagScraper.py
[2026-04-16T23:58:51.561+0000] {logging_mixin.py:188} INFO - [2026-04-16T23:58:51.560+0000] {dag.py:3096} INFO - Sync 1 DAGs
[2026-04-16T23:58:51.725+0000] {logging_mixin.py:188} INFO - [2026-04-16T23:58:51.725+0000] {dag.py:3954} INFO - Setting next_dagrun for dag_scraping_offres_emploi to 2026-04-16 12:00:00+00:00, run_after=2026-04-16 18:00:00+00:00
[2026-04-16T23:58:51.906+0000] {processor.py:183} INFO - Processing /opt/airflow/dags/DagScraper.py took 0.823 seconds
[2026-04-16T23:59:22.526+0000] {processor.py:161} INFO - Started process (PID=10556) to work on /opt/airflow/dags/DagScraper.py
[2026-04-16T23:59:22.528+0000] {processor.py:830} INFO - Processing file /opt/airflow/dags/DagScraper.py for tasks to queue
[2026-04-16T23:59:22.533+0000] {logging_mixin.py:188} INFO - [2026-04-16T23:59:22.532+0000] {dagbag.py:545} INFO - Filling up the DagBag from /opt/airflow/dags/DagScraper.py
[2026-04-16T23:59:22.578+0000] {processor.py:840} INFO - DAG(s) 'dag_scraping_offres_emploi' retrieved from /opt/airflow/dags/DagScraper.py
[2026-04-16T23:59:22.666+0000] {logging_mixin.py:188} INFO - [2026-04-16T23:59:22.666+0000] {dag.py:3096} INFO - Sync 1 DAGs
[2026-04-16T23:59:22.770+0000] {logging_mixin.py:188} INFO - [2026-04-16T23:59:22.769+0000] {dag.py:3954} INFO - Setting next_dagrun for dag_scraping_offres_emploi to 2026-04-16 12:00:00+00:00, run_after=2026-04-16 18:00:00+00:00
[2026-04-16T23:59:22.832+0000] {processor.py:183} INFO - Processing /opt/airflow/dags/DagScraper.py took 0.323 seconds
[2026-04-16T23:59:53.468+0000] {processor.py:161} INFO - Started process (PID=10564) to work on /opt/airflow/dags/DagScraper.py
[2026-04-16T23:59:53.482+0000] {processor.py:830} INFO - Processing file /opt/airflow/dags/DagScraper.py for tasks to queue
[2026-04-16T23:59:53.489+0000] {logging_mixin.py:188} INFO - [2026-04-16T23:59:53.488+0000] {dagbag.py:545} INFO - Filling up the DagBag from /opt/airflow/dags/DagScraper.py
[2026-04-16T23:59:53.558+0000] {processor.py:840} INFO - DAG(s) 'dag_scraping_offres_emploi' retrieved from /opt/airflow/dags/DagScraper.py
[2026-04-16T23:59:53.641+0000] {logging_mixin.py:188} INFO - [2026-04-16T23:59:53.640+0000] {dag.py:3096} INFO - Sync 1 DAGs
[2026-04-16T23:59:53.690+0000] {logging_mixin.py:188} INFO - [2026-04-16T23:59:53.690+0000] {dag.py:3954} INFO - Setting next_dagrun for dag_scraping_offres_emploi to 2026-04-16 12:00:00+00:00, run_after=2026-04-16 18:00:00+00:00
[2026-04-16T23:59:53.726+0000] {processor.py:183} INFO - Processing /opt/airflow/dags/DagScraper.py took 0.342 seconds
