[2026-05-19T17:38:41.789+0000] {processor.py:161} INFO - Started process (PID=81) to work on /opt/airflow/dags/__pycache__/job_intelligent_pipeline.py
[2026-05-19T17:38:41.792+0000] {processor.py:830} INFO - Processing file /opt/airflow/dags/__pycache__/job_intelligent_pipeline.py for tasks to queue
[2026-05-19T17:38:41.817+0000] {logging_mixin.py:188} INFO - [2026-05-19T17:38:41.810+0000] {dagbag.py:545} INFO - Filling up the DagBag from /opt/airflow/dags/__pycache__/job_intelligent_pipeline.py
[2026-05-19T17:38:42.040+0000] {processor.py:840} INFO - DAG(s) 'job_intelligent_pipeline_simplified' retrieved from /opt/airflow/dags/__pycache__/job_intelligent_pipeline.py
[2026-05-19T17:38:43.320+0000] {logging_mixin.py:188} INFO - [2026-05-19T17:38:43.319+0000] {dag.py:3096} INFO - Sync 1 DAGs
[2026-05-19T17:38:43.772+0000] {processor.py:183} INFO - Processing /opt/airflow/dags/__pycache__/job_intelligent_pipeline.py took 2.005 seconds
[2026-05-19T17:39:14.832+0000] {processor.py:161} INFO - Started process (PID=104) to work on /opt/airflow/dags/__pycache__/job_intelligent_pipeline.py
[2026-05-19T17:39:14.836+0000] {processor.py:830} INFO - Processing file /opt/airflow/dags/__pycache__/job_intelligent_pipeline.py for tasks to queue
[2026-05-19T17:39:14.858+0000] {logging_mixin.py:188} INFO - [2026-05-19T17:39:14.856+0000] {dagbag.py:545} INFO - Filling up the DagBag from /opt/airflow/dags/__pycache__/job_intelligent_pipeline.py
[2026-05-19T17:39:14.957+0000] {processor.py:840} INFO - DAG(s) 'job_intelligent_pipeline_simplified' retrieved from /opt/airflow/dags/__pycache__/job_intelligent_pipeline.py
[2026-05-19T17:39:15.117+0000] {logging_mixin.py:188} INFO - [2026-05-19T17:39:15.117+0000] {dag.py:3096} INFO - Sync 1 DAGs
[2026-05-19T17:39:15.279+0000] {processor.py:183} INFO - Processing /opt/airflow/dags/__pycache__/job_intelligent_pipeline.py took 0.472 seconds
[2026-05-19T17:39:45.756+0000] {processor.py:161} INFO - Started process (PID=112) to work on /opt/airflow/dags/__pycache__/job_intelligent_pipeline.py
[2026-05-19T17:39:45.758+0000] {processor.py:830} INFO - Processing file /opt/airflow/dags/__pycache__/job_intelligent_pipeline.py for tasks to queue
[2026-05-19T17:39:45.768+0000] {logging_mixin.py:188} INFO - [2026-05-19T17:39:45.767+0000] {dagbag.py:545} INFO - Filling up the DagBag from /opt/airflow/dags/__pycache__/job_intelligent_pipeline.py
[2026-05-19T17:39:45.836+0000] {processor.py:840} INFO - DAG(s) 'job_intelligent_pipeline_simplified' retrieved from /opt/airflow/dags/__pycache__/job_intelligent_pipeline.py
[2026-05-19T17:39:46.052+0000] {logging_mixin.py:188} INFO - [2026-05-19T17:39:46.051+0000] {dag.py:3096} INFO - Sync 1 DAGs
[2026-05-19T17:39:46.255+0000] {processor.py:183} INFO - Processing /opt/airflow/dags/__pycache__/job_intelligent_pipeline.py took 0.519 seconds
[2026-05-19T17:40:22.208+0000] {processor.py:161} INFO - Started process (PID=124) to work on /opt/airflow/dags/__pycache__/job_intelligent_pipeline.py
[2026-05-19T17:40:22.232+0000] {processor.py:830} INFO - Processing file /opt/airflow/dags/__pycache__/job_intelligent_pipeline.py for tasks to queue
[2026-05-19T17:40:22.251+0000] {logging_mixin.py:188} INFO - [2026-05-19T17:40:22.250+0000] {dagbag.py:545} INFO - Filling up the DagBag from /opt/airflow/dags/__pycache__/job_intelligent_pipeline.py
[2026-05-19T17:40:23.100+0000] {processor.py:840} INFO - DAG(s) 'job_intelligent_pipeline_simplified' retrieved from /opt/airflow/dags/__pycache__/job_intelligent_pipeline.py
[2026-05-19T17:40:23.905+0000] {logging_mixin.py:188} INFO - [2026-05-19T17:40:23.905+0000] {dag.py:3096} INFO - Sync 1 DAGs
[2026-05-19T17:40:25.128+0000] {processor.py:183} INFO - Processing /opt/airflow/dags/__pycache__/job_intelligent_pipeline.py took 3.054 seconds
[2026-05-19T17:40:55.568+0000] {processor.py:161} INFO - Started process (PID=137) to work on /opt/airflow/dags/__pycache__/job_intelligent_pipeline.py
[2026-05-19T17:40:55.571+0000] {processor.py:830} INFO - Processing file /opt/airflow/dags/__pycache__/job_intelligent_pipeline.py for tasks to queue
[2026-05-19T17:40:55.582+0000] {logging_mixin.py:188} INFO - [2026-05-19T17:40:55.576+0000] {dagbag.py:545} INFO - Filling up the DagBag from /opt/airflow/dags/__pycache__/job_intelligent_pipeline.py
[2026-05-19T17:40:55.850+0000] {processor.py:840} INFO - DAG(s) 'job_intelligent_pipeline_simplified' retrieved from /opt/airflow/dags/__pycache__/job_intelligent_pipeline.py
[2026-05-19T17:40:56.190+0000] {logging_mixin.py:188} INFO - [2026-05-19T17:40:56.189+0000] {dag.py:3096} INFO - Sync 1 DAGs
[2026-05-19T17:40:56.504+0000] {processor.py:183} INFO - Processing /opt/airflow/dags/__pycache__/job_intelligent_pipeline.py took 0.954 seconds
[2026-05-19T17:41:28.019+0000] {processor.py:161} INFO - Started process (PID=144) to work on /opt/airflow/dags/__pycache__/job_intelligent_pipeline.py
[2026-05-19T17:41:28.048+0000] {processor.py:830} INFO - Processing file /opt/airflow/dags/__pycache__/job_intelligent_pipeline.py for tasks to queue
[2026-05-19T17:41:28.094+0000] {logging_mixin.py:188} INFO - [2026-05-19T17:41:28.093+0000] {dagbag.py:545} INFO - Filling up the DagBag from /opt/airflow/dags/__pycache__/job_intelligent_pipeline.py
[2026-05-19T17:41:28.322+0000] {processor.py:840} INFO - DAG(s) 'job_intelligent_pipeline_simplified' retrieved from /opt/airflow/dags/__pycache__/job_intelligent_pipeline.py
[2026-05-19T17:41:29.017+0000] {logging_mixin.py:188} INFO - [2026-05-19T17:41:29.016+0000] {dag.py:3096} INFO - Sync 1 DAGs
[2026-05-19T17:41:30.139+0000] {processor.py:183} INFO - Processing /opt/airflow/dags/__pycache__/job_intelligent_pipeline.py took 2.261 seconds
[2026-05-19T17:42:01.137+0000] {processor.py:161} INFO - Started process (PID=159) to work on /opt/airflow/dags/__pycache__/job_intelligent_pipeline.py
[2026-05-19T17:42:01.171+0000] {processor.py:830} INFO - Processing file /opt/airflow/dags/__pycache__/job_intelligent_pipeline.py for tasks to queue
[2026-05-19T17:42:01.222+0000] {logging_mixin.py:188} INFO - [2026-05-19T17:42:01.221+0000] {dagbag.py:545} INFO - Filling up the DagBag from /opt/airflow/dags/__pycache__/job_intelligent_pipeline.py
[2026-05-19T17:42:01.803+0000] {processor.py:840} INFO - DAG(s) 'job_intelligent_pipeline_simplified' retrieved from /opt/airflow/dags/__pycache__/job_intelligent_pipeline.py
[2026-05-19T17:42:02.953+0000] {logging_mixin.py:188} INFO - [2026-05-19T17:42:02.952+0000] {dag.py:3096} INFO - Sync 1 DAGs
[2026-05-19T17:42:04.362+0000] {processor.py:183} INFO - Processing /opt/airflow/dags/__pycache__/job_intelligent_pipeline.py took 3.491 seconds
[2026-05-19T17:42:40.619+0000] {processor.py:161} INFO - Started process (PID=173) to work on /opt/airflow/dags/__pycache__/job_intelligent_pipeline.py
[2026-05-19T17:42:40.665+0000] {processor.py:830} INFO - Processing file /opt/airflow/dags/__pycache__/job_intelligent_pipeline.py for tasks to queue
[2026-05-19T17:42:40.704+0000] {logging_mixin.py:188} INFO - [2026-05-19T17:42:40.699+0000] {dagbag.py:545} INFO - Filling up the DagBag from /opt/airflow/dags/__pycache__/job_intelligent_pipeline.py
[2026-05-19T17:42:43.630+0000] {processor.py:840} INFO - DAG(s) 'job_intelligent_pipeline_simplified' retrieved from /opt/airflow/dags/__pycache__/job_intelligent_pipeline.py
[2026-05-19T17:42:46.161+0000] {logging_mixin.py:188} INFO - [2026-05-19T17:42:46.161+0000] {dag.py:3096} INFO - Sync 1 DAGs
[2026-05-19T17:42:49.830+0000] {processor.py:183} INFO - Processing /opt/airflow/dags/__pycache__/job_intelligent_pipeline.py took 9.597 seconds
[2026-05-19T17:43:21.807+0000] {processor.py:161} INFO - Started process (PID=185) to work on /opt/airflow/dags/__pycache__/job_intelligent_pipeline.py
[2026-05-19T17:43:21.814+0000] {processor.py:830} INFO - Processing file /opt/airflow/dags/__pycache__/job_intelligent_pipeline.py for tasks to queue
[2026-05-19T17:43:21.852+0000] {logging_mixin.py:188} INFO - [2026-05-19T17:43:21.851+0000] {dagbag.py:545} INFO - Filling up the DagBag from /opt/airflow/dags/__pycache__/job_intelligent_pipeline.py
[2026-05-19T17:43:22.407+0000] {processor.py:840} INFO - DAG(s) 'job_intelligent_pipeline_simplified' retrieved from /opt/airflow/dags/__pycache__/job_intelligent_pipeline.py
[2026-05-19T17:43:23.026+0000] {logging_mixin.py:188} INFO - [2026-05-19T17:43:23.025+0000] {dag.py:3096} INFO - Sync 1 DAGs
[2026-05-19T17:43:24.021+0000] {processor.py:183} INFO - Processing /opt/airflow/dags/__pycache__/job_intelligent_pipeline.py took 2.536 seconds
[2026-05-19T17:43:54.638+0000] {processor.py:161} INFO - Started process (PID=192) to work on /opt/airflow/dags/__pycache__/job_intelligent_pipeline.py
[2026-05-19T17:43:54.647+0000] {processor.py:830} INFO - Processing file /opt/airflow/dags/__pycache__/job_intelligent_pipeline.py for tasks to queue
[2026-05-19T17:43:54.654+0000] {logging_mixin.py:188} INFO - [2026-05-19T17:43:54.653+0000] {dagbag.py:545} INFO - Filling up the DagBag from /opt/airflow/dags/__pycache__/job_intelligent_pipeline.py
[2026-05-19T17:43:54.726+0000] {processor.py:840} INFO - DAG(s) 'job_intelligent_pipeline_simplified' retrieved from /opt/airflow/dags/__pycache__/job_intelligent_pipeline.py
[2026-05-19T17:43:54.838+0000] {logging_mixin.py:188} INFO - [2026-05-19T17:43:54.838+0000] {dag.py:3096} INFO - Sync 1 DAGs
[2026-05-19T17:43:55.051+0000] {processor.py:183} INFO - Processing /opt/airflow/dags/__pycache__/job_intelligent_pipeline.py took 0.433 seconds
[2026-05-19T17:44:25.768+0000] {processor.py:161} INFO - Started process (PID=206) to work on /opt/airflow/dags/__pycache__/job_intelligent_pipeline.py
[2026-05-19T17:44:25.784+0000] {processor.py:830} INFO - Processing file /opt/airflow/dags/__pycache__/job_intelligent_pipeline.py for tasks to queue
[2026-05-19T17:44:25.798+0000] {logging_mixin.py:188} INFO - [2026-05-19T17:44:25.795+0000] {dagbag.py:545} INFO - Filling up the DagBag from /opt/airflow/dags/__pycache__/job_intelligent_pipeline.py
[2026-05-19T17:44:26.098+0000] {processor.py:840} INFO - DAG(s) 'job_intelligent_pipeline_simplified' retrieved from /opt/airflow/dags/__pycache__/job_intelligent_pipeline.py
[2026-05-19T17:44:26.440+0000] {logging_mixin.py:188} INFO - [2026-05-19T17:44:26.439+0000] {dag.py:3096} INFO - Sync 1 DAGs
[2026-05-19T17:44:27.001+0000] {processor.py:183} INFO - Processing /opt/airflow/dags/__pycache__/job_intelligent_pipeline.py took 1.278 seconds
[2026-05-19T17:44:57.587+0000] {processor.py:161} INFO - Started process (PID=213) to work on /opt/airflow/dags/__pycache__/job_intelligent_pipeline.py
[2026-05-19T17:44:57.590+0000] {processor.py:830} INFO - Processing file /opt/airflow/dags/__pycache__/job_intelligent_pipeline.py for tasks to queue
[2026-05-19T17:44:57.626+0000] {logging_mixin.py:188} INFO - [2026-05-19T17:44:57.625+0000] {dagbag.py:545} INFO - Filling up the DagBag from /opt/airflow/dags/__pycache__/job_intelligent_pipeline.py
[2026-05-19T17:44:58.035+0000] {processor.py:840} INFO - DAG(s) 'job_intelligent_pipeline_simplified' retrieved from /opt/airflow/dags/__pycache__/job_intelligent_pipeline.py
[2026-05-19T17:44:58.529+0000] {logging_mixin.py:188} INFO - [2026-05-19T17:44:58.528+0000] {dag.py:3096} INFO - Sync 1 DAGs
[2026-05-19T17:44:59.028+0000] {processor.py:183} INFO - Processing /opt/airflow/dags/__pycache__/job_intelligent_pipeline.py took 1.473 seconds
[2026-05-19T17:45:29.697+0000] {processor.py:161} INFO - Started process (PID=227) to work on /opt/airflow/dags/__pycache__/job_intelligent_pipeline.py
[2026-05-19T17:45:29.703+0000] {processor.py:830} INFO - Processing file /opt/airflow/dags/__pycache__/job_intelligent_pipeline.py for tasks to queue
[2026-05-19T17:45:29.726+0000] {logging_mixin.py:188} INFO - [2026-05-19T17:45:29.716+0000] {dagbag.py:545} INFO - Filling up the DagBag from /opt/airflow/dags/__pycache__/job_intelligent_pipeline.py
[2026-05-19T17:45:30.031+0000] {processor.py:840} INFO - DAG(s) 'job_intelligent_pipeline_simplified' retrieved from /opt/airflow/dags/__pycache__/job_intelligent_pipeline.py
[2026-05-19T17:45:30.357+0000] {logging_mixin.py:188} INFO - [2026-05-19T17:45:30.357+0000] {dag.py:3096} INFO - Sync 1 DAGs
[2026-05-19T17:45:30.647+0000] {logging_mixin.py:188} INFO - [2026-05-19T17:45:30.646+0000] {dag.py:3954} INFO - Setting next_dagrun for job_intelligent_pipeline_simplified to 2026-05-19 06:00:00+00:00, run_after=2026-05-20 06:00:00+00:00
[2026-05-19T17:45:30.833+0000] {processor.py:183} INFO - Processing /opt/airflow/dags/__pycache__/job_intelligent_pipeline.py took 1.189 seconds
[2026-05-19T17:46:01.355+0000] {processor.py:161} INFO - Started process (PID=242) to work on /opt/airflow/dags/__pycache__/job_intelligent_pipeline.py
[2026-05-19T17:46:01.361+0000] {processor.py:830} INFO - Processing file /opt/airflow/dags/__pycache__/job_intelligent_pipeline.py for tasks to queue
[2026-05-19T17:46:01.374+0000] {logging_mixin.py:188} INFO - [2026-05-19T17:46:01.373+0000] {dagbag.py:545} INFO - Filling up the DagBag from /opt/airflow/dags/__pycache__/job_intelligent_pipeline.py
[2026-05-19T17:46:01.507+0000] {processor.py:840} INFO - DAG(s) 'job_intelligent_pipeline_simplified' retrieved from /opt/airflow/dags/__pycache__/job_intelligent_pipeline.py
[2026-05-19T17:46:01.685+0000] {logging_mixin.py:188} INFO - [2026-05-19T17:46:01.684+0000] {dag.py:3096} INFO - Sync 1 DAGs
[2026-05-19T17:46:01.894+0000] {logging_mixin.py:188} INFO - [2026-05-19T17:46:01.894+0000] {dag.py:3954} INFO - Setting next_dagrun for job_intelligent_pipeline_simplified to 2026-05-19 06:00:00+00:00, run_after=2026-05-20 06:00:00+00:00
[2026-05-19T17:46:02.057+0000] {processor.py:183} INFO - Processing /opt/airflow/dags/__pycache__/job_intelligent_pipeline.py took 0.725 seconds
[2026-05-19T17:46:34.456+0000] {processor.py:161} INFO - Started process (PID=250) to work on /opt/airflow/dags/__pycache__/job_intelligent_pipeline.py
[2026-05-19T17:46:34.579+0000] {processor.py:830} INFO - Processing file /opt/airflow/dags/__pycache__/job_intelligent_pipeline.py for tasks to queue
[2026-05-19T17:46:34.596+0000] {logging_mixin.py:188} INFO - [2026-05-19T17:46:34.595+0000] {dagbag.py:545} INFO - Filling up the DagBag from /opt/airflow/dags/__pycache__/job_intelligent_pipeline.py
[2026-05-19T17:46:35.076+0000] {processor.py:840} INFO - DAG(s) 'job_intelligent_pipeline_simplified' retrieved from /opt/airflow/dags/__pycache__/job_intelligent_pipeline.py
[2026-05-19T17:46:35.470+0000] {logging_mixin.py:188} INFO - [2026-05-19T17:46:35.459+0000] {dag.py:3096} INFO - Sync 1 DAGs
[2026-05-19T17:46:35.754+0000] {logging_mixin.py:188} INFO - [2026-05-19T17:46:35.753+0000] {dag.py:3954} INFO - Setting next_dagrun for job_intelligent_pipeline_simplified to 2026-05-19 06:00:00+00:00, run_after=2026-05-20 06:00:00+00:00
[2026-05-19T17:46:35.917+0000] {processor.py:183} INFO - Processing /opt/airflow/dags/__pycache__/job_intelligent_pipeline.py took 1.512 seconds
[2026-05-19T17:47:06.854+0000] {processor.py:161} INFO - Started process (PID=263) to work on /opt/airflow/dags/__pycache__/job_intelligent_pipeline.py
[2026-05-19T17:47:06.857+0000] {processor.py:830} INFO - Processing file /opt/airflow/dags/__pycache__/job_intelligent_pipeline.py for tasks to queue
[2026-05-19T17:47:06.872+0000] {logging_mixin.py:188} INFO - [2026-05-19T17:47:06.871+0000] {dagbag.py:545} INFO - Filling up the DagBag from /opt/airflow/dags/__pycache__/job_intelligent_pipeline.py
[2026-05-19T17:47:07.050+0000] {processor.py:840} INFO - DAG(s) 'job_intelligent_pipeline_simplified' retrieved from /opt/airflow/dags/__pycache__/job_intelligent_pipeline.py
[2026-05-19T17:47:07.448+0000] {logging_mixin.py:188} INFO - [2026-05-19T17:47:07.448+0000] {dag.py:3096} INFO - Sync 1 DAGs
[2026-05-19T17:47:07.726+0000] {logging_mixin.py:188} INFO - [2026-05-19T17:47:07.709+0000] {dag.py:3954} INFO - Setting next_dagrun for job_intelligent_pipeline_simplified to 2026-05-19 06:00:00+00:00, run_after=2026-05-20 06:00:00+00:00
[2026-05-19T17:47:07.999+0000] {processor.py:183} INFO - Processing /opt/airflow/dags/__pycache__/job_intelligent_pipeline.py took 1.175 seconds
[2026-05-19T17:47:38.742+0000] {processor.py:161} INFO - Started process (PID=271) to work on /opt/airflow/dags/__pycache__/job_intelligent_pipeline.py
[2026-05-19T17:47:38.761+0000] {processor.py:830} INFO - Processing file /opt/airflow/dags/__pycache__/job_intelligent_pipeline.py for tasks to queue
[2026-05-19T17:47:38.796+0000] {logging_mixin.py:188} INFO - [2026-05-19T17:47:38.795+0000] {dagbag.py:545} INFO - Filling up the DagBag from /opt/airflow/dags/__pycache__/job_intelligent_pipeline.py
[2026-05-19T17:47:39.033+0000] {processor.py:840} INFO - DAG(s) 'job_intelligent_pipeline_simplified' retrieved from /opt/airflow/dags/__pycache__/job_intelligent_pipeline.py
[2026-05-19T17:47:39.495+0000] {logging_mixin.py:188} INFO - [2026-05-19T17:47:39.494+0000] {dag.py:3096} INFO - Sync 1 DAGs
[2026-05-19T17:47:40.002+0000] {logging_mixin.py:188} INFO - [2026-05-19T17:47:39.989+0000] {dag.py:3954} INFO - Setting next_dagrun for job_intelligent_pipeline_simplified to 2026-05-19 06:00:00+00:00, run_after=2026-05-20 06:00:00+00:00
[2026-05-19T17:47:40.542+0000] {processor.py:183} INFO - Processing /opt/airflow/dags/__pycache__/job_intelligent_pipeline.py took 1.883 seconds
[2026-05-19T17:48:11.448+0000] {processor.py:161} INFO - Started process (PID=285) to work on /opt/airflow/dags/__pycache__/job_intelligent_pipeline.py
[2026-05-19T17:48:11.452+0000] {processor.py:830} INFO - Processing file /opt/airflow/dags/__pycache__/job_intelligent_pipeline.py for tasks to queue
[2026-05-19T17:48:11.465+0000] {logging_mixin.py:188} INFO - [2026-05-19T17:48:11.463+0000] {dagbag.py:545} INFO - Filling up the DagBag from /opt/airflow/dags/__pycache__/job_intelligent_pipeline.py
[2026-05-19T17:48:11.617+0000] {processor.py:840} INFO - DAG(s) 'job_intelligent_pipeline_simplified' retrieved from /opt/airflow/dags/__pycache__/job_intelligent_pipeline.py
[2026-05-19T17:48:11.807+0000] {logging_mixin.py:188} INFO - [2026-05-19T17:48:11.806+0000] {dag.py:3096} INFO - Sync 1 DAGs
[2026-05-19T17:48:11.980+0000] {logging_mixin.py:188} INFO - [2026-05-19T17:48:11.980+0000] {dag.py:3954} INFO - Setting next_dagrun for job_intelligent_pipeline_simplified to 2026-05-19 06:00:00+00:00, run_after=2026-05-20 06:00:00+00:00
[2026-05-19T17:48:12.189+0000] {processor.py:183} INFO - Processing /opt/airflow/dags/__pycache__/job_intelligent_pipeline.py took 0.781 seconds
[2026-05-19T17:48:42.398+0000] {processor.py:161} INFO - Started process (PID=300) to work on /opt/airflow/dags/__pycache__/job_intelligent_pipeline.py
[2026-05-19T17:48:42.406+0000] {processor.py:830} INFO - Processing file /opt/airflow/dags/__pycache__/job_intelligent_pipeline.py for tasks to queue
[2026-05-19T17:48:42.420+0000] {logging_mixin.py:188} INFO - [2026-05-19T17:48:42.419+0000] {dagbag.py:545} INFO - Filling up the DagBag from /opt/airflow/dags/__pycache__/job_intelligent_pipeline.py
[2026-05-19T17:48:42.523+0000] {processor.py:840} INFO - DAG(s) 'job_intelligent_pipeline_simplified' retrieved from /opt/airflow/dags/__pycache__/job_intelligent_pipeline.py
[2026-05-19T17:48:42.649+0000] {logging_mixin.py:188} INFO - [2026-05-19T17:48:42.648+0000] {dag.py:3096} INFO - Sync 1 DAGs
[2026-05-19T17:48:42.753+0000] {logging_mixin.py:188} INFO - [2026-05-19T17:48:42.752+0000] {dag.py:3954} INFO - Setting next_dagrun for job_intelligent_pipeline_simplified to 2026-05-19 06:00:00+00:00, run_after=2026-05-20 06:00:00+00:00
[2026-05-19T17:48:42.806+0000] {processor.py:183} INFO - Processing /opt/airflow/dags/__pycache__/job_intelligent_pipeline.py took 0.424 seconds
[2026-05-19T17:49:13.014+0000] {processor.py:161} INFO - Started process (PID=308) to work on /opt/airflow/dags/__pycache__/job_intelligent_pipeline.py
[2026-05-19T17:49:13.027+0000] {processor.py:830} INFO - Processing file /opt/airflow/dags/__pycache__/job_intelligent_pipeline.py for tasks to queue
[2026-05-19T17:49:13.045+0000] {logging_mixin.py:188} INFO - [2026-05-19T17:49:13.043+0000] {dagbag.py:545} INFO - Filling up the DagBag from /opt/airflow/dags/__pycache__/job_intelligent_pipeline.py
[2026-05-19T17:49:13.506+0000] {processor.py:840} INFO - DAG(s) 'job_intelligent_pipeline_simplified' retrieved from /opt/airflow/dags/__pycache__/job_intelligent_pipeline.py
[2026-05-19T17:49:13.676+0000] {logging_mixin.py:188} INFO - [2026-05-19T17:49:13.675+0000] {dag.py:3096} INFO - Sync 1 DAGs
[2026-05-19T17:49:13.787+0000] {logging_mixin.py:188} INFO - [2026-05-19T17:49:13.777+0000] {dag.py:3954} INFO - Setting next_dagrun for job_intelligent_pipeline_simplified to 2026-05-19 06:00:00+00:00, run_after=2026-05-20 06:00:00+00:00
[2026-05-19T17:49:13.892+0000] {processor.py:183} INFO - Processing /opt/airflow/dags/__pycache__/job_intelligent_pipeline.py took 0.904 seconds
[2026-05-19T17:49:44.296+0000] {processor.py:161} INFO - Started process (PID=320) to work on /opt/airflow/dags/__pycache__/job_intelligent_pipeline.py
[2026-05-19T17:49:44.301+0000] {processor.py:830} INFO - Processing file /opt/airflow/dags/__pycache__/job_intelligent_pipeline.py for tasks to queue
[2026-05-19T17:49:44.306+0000] {logging_mixin.py:188} INFO - [2026-05-19T17:49:44.305+0000] {dagbag.py:545} INFO - Filling up the DagBag from /opt/airflow/dags/__pycache__/job_intelligent_pipeline.py
[2026-05-19T17:49:44.420+0000] {processor.py:840} INFO - DAG(s) 'job_intelligent_pipeline_simplified' retrieved from /opt/airflow/dags/__pycache__/job_intelligent_pipeline.py
[2026-05-19T17:49:44.659+0000] {logging_mixin.py:188} INFO - [2026-05-19T17:49:44.659+0000] {dag.py:3096} INFO - Sync 1 DAGs
[2026-05-19T17:49:44.922+0000] {logging_mixin.py:188} INFO - [2026-05-19T17:49:44.921+0000] {dag.py:3954} INFO - Setting next_dagrun for job_intelligent_pipeline_simplified to 2026-05-19 06:00:00+00:00, run_after=2026-05-20 06:00:00+00:00
[2026-05-19T17:49:45.041+0000] {processor.py:183} INFO - Processing /opt/airflow/dags/__pycache__/job_intelligent_pipeline.py took 0.766 seconds
[2026-05-19T17:50:19.596+0000] {processor.py:161} INFO - Started process (PID=328) to work on /opt/airflow/dags/__pycache__/job_intelligent_pipeline.py
[2026-05-19T17:50:19.613+0000] {processor.py:830} INFO - Processing file /opt/airflow/dags/__pycache__/job_intelligent_pipeline.py for tasks to queue
[2026-05-19T17:50:19.630+0000] {logging_mixin.py:188} INFO - [2026-05-19T17:50:19.629+0000] {dagbag.py:545} INFO - Filling up the DagBag from /opt/airflow/dags/__pycache__/job_intelligent_pipeline.py
[2026-05-19T17:50:20.657+0000] {processor.py:840} INFO - DAG(s) 'job_intelligent_pipeline_simplified' retrieved from /opt/airflow/dags/__pycache__/job_intelligent_pipeline.py
[2026-05-19T17:50:21.104+0000] {logging_mixin.py:188} INFO - [2026-05-19T17:50:21.104+0000] {dag.py:3096} INFO - Sync 1 DAGs
[2026-05-19T17:50:21.412+0000] {logging_mixin.py:188} INFO - [2026-05-19T17:50:21.412+0000] {dag.py:3954} INFO - Setting next_dagrun for job_intelligent_pipeline_simplified to 2026-05-19 06:00:00+00:00, run_after=2026-05-20 06:00:00+00:00
[2026-05-19T17:50:21.558+0000] {processor.py:183} INFO - Processing /opt/airflow/dags/__pycache__/job_intelligent_pipeline.py took 2.055 seconds
[2026-05-19T17:50:53.089+0000] {processor.py:161} INFO - Started process (PID=342) to work on /opt/airflow/dags/__pycache__/job_intelligent_pipeline.py
[2026-05-19T17:50:53.092+0000] {processor.py:830} INFO - Processing file /opt/airflow/dags/__pycache__/job_intelligent_pipeline.py for tasks to queue
[2026-05-19T17:50:53.107+0000] {logging_mixin.py:188} INFO - [2026-05-19T17:50:53.105+0000] {dagbag.py:545} INFO - Filling up the DagBag from /opt/airflow/dags/__pycache__/job_intelligent_pipeline.py
[2026-05-19T17:50:53.269+0000] {processor.py:840} INFO - DAG(s) 'job_intelligent_pipeline_simplified' retrieved from /opt/airflow/dags/__pycache__/job_intelligent_pipeline.py
[2026-05-19T17:50:53.561+0000] {logging_mixin.py:188} INFO - [2026-05-19T17:50:53.548+0000] {dag.py:3096} INFO - Sync 1 DAGs
[2026-05-19T17:50:53.917+0000] {logging_mixin.py:188} INFO - [2026-05-19T17:50:53.916+0000] {dag.py:3954} INFO - Setting next_dagrun for job_intelligent_pipeline_simplified to 2026-05-19 06:00:00+00:00, run_after=2026-05-20 06:00:00+00:00
[2026-05-19T17:50:54.204+0000] {processor.py:183} INFO - Processing /opt/airflow/dags/__pycache__/job_intelligent_pipeline.py took 1.181 seconds
[2026-05-19T17:51:25.721+0000] {processor.py:161} INFO - Started process (PID=356) to work on /opt/airflow/dags/__pycache__/job_intelligent_pipeline.py
[2026-05-19T17:51:25.724+0000] {processor.py:830} INFO - Processing file /opt/airflow/dags/__pycache__/job_intelligent_pipeline.py for tasks to queue
[2026-05-19T17:51:25.740+0000] {logging_mixin.py:188} INFO - [2026-05-19T17:51:25.739+0000] {dagbag.py:545} INFO - Filling up the DagBag from /opt/airflow/dags/__pycache__/job_intelligent_pipeline.py
[2026-05-19T17:51:25.934+0000] {processor.py:840} INFO - DAG(s) 'job_intelligent_pipeline_simplified' retrieved from /opt/airflow/dags/__pycache__/job_intelligent_pipeline.py
[2026-05-19T17:51:26.264+0000] {logging_mixin.py:188} INFO - [2026-05-19T17:51:26.263+0000] {dag.py:3096} INFO - Sync 1 DAGs
[2026-05-19T17:51:26.590+0000] {logging_mixin.py:188} INFO - [2026-05-19T17:51:26.578+0000] {dag.py:3954} INFO - Setting next_dagrun for job_intelligent_pipeline_simplified to 2026-05-19 06:00:00+00:00, run_after=2026-05-20 06:00:00+00:00
[2026-05-19T17:51:26.735+0000] {processor.py:183} INFO - Processing /opt/airflow/dags/__pycache__/job_intelligent_pipeline.py took 1.063 seconds
[2026-05-19T17:51:57.668+0000] {processor.py:161} INFO - Started process (PID=364) to work on /opt/airflow/dags/__pycache__/job_intelligent_pipeline.py
[2026-05-19T17:51:57.670+0000] {processor.py:830} INFO - Processing file /opt/airflow/dags/__pycache__/job_intelligent_pipeline.py for tasks to queue
[2026-05-19T17:51:57.674+0000] {logging_mixin.py:188} INFO - [2026-05-19T17:51:57.674+0000] {dagbag.py:545} INFO - Filling up the DagBag from /opt/airflow/dags/__pycache__/job_intelligent_pipeline.py
[2026-05-19T17:51:57.735+0000] {processor.py:840} INFO - DAG(s) 'job_intelligent_pipeline_simplified' retrieved from /opt/airflow/dags/__pycache__/job_intelligent_pipeline.py
[2026-05-19T17:51:57.832+0000] {logging_mixin.py:188} INFO - [2026-05-19T17:51:57.832+0000] {dag.py:3096} INFO - Sync 1 DAGs
[2026-05-19T17:51:57.920+0000] {logging_mixin.py:188} INFO - [2026-05-19T17:51:57.920+0000] {dag.py:3954} INFO - Setting next_dagrun for job_intelligent_pipeline_simplified to 2026-05-19 06:00:00+00:00, run_after=2026-05-20 06:00:00+00:00
[2026-05-19T17:51:57.985+0000] {processor.py:183} INFO - Processing /opt/airflow/dags/__pycache__/job_intelligent_pipeline.py took 0.331 seconds
[2026-05-19T17:52:28.410+0000] {processor.py:161} INFO - Started process (PID=377) to work on /opt/airflow/dags/__pycache__/job_intelligent_pipeline.py
[2026-05-19T17:52:28.414+0000] {processor.py:830} INFO - Processing file /opt/airflow/dags/__pycache__/job_intelligent_pipeline.py for tasks to queue
[2026-05-19T17:52:28.423+0000] {logging_mixin.py:188} INFO - [2026-05-19T17:52:28.421+0000] {dagbag.py:545} INFO - Filling up the DagBag from /opt/airflow/dags/__pycache__/job_intelligent_pipeline.py
[2026-05-19T17:52:28.802+0000] {processor.py:840} INFO - DAG(s) 'job_intelligent_pipeline_simplified' retrieved from /opt/airflow/dags/__pycache__/job_intelligent_pipeline.py
[2026-05-19T17:52:29.164+0000] {logging_mixin.py:188} INFO - [2026-05-19T17:52:29.164+0000] {dag.py:3096} INFO - Sync 1 DAGs
[2026-05-19T17:52:29.511+0000] {logging_mixin.py:188} INFO - [2026-05-19T17:52:29.510+0000] {dag.py:3954} INFO - Setting next_dagrun for job_intelligent_pipeline_simplified to 2026-05-19 06:00:00+00:00, run_after=2026-05-20 06:00:00+00:00
[2026-05-19T17:52:29.761+0000] {processor.py:183} INFO - Processing /opt/airflow/dags/__pycache__/job_intelligent_pipeline.py took 1.405 seconds
[2026-05-19T17:53:02.395+0000] {processor.py:161} INFO - Started process (PID=384) to work on /opt/airflow/dags/__pycache__/job_intelligent_pipeline.py
[2026-05-19T17:53:02.486+0000] {processor.py:830} INFO - Processing file /opt/airflow/dags/__pycache__/job_intelligent_pipeline.py for tasks to queue
[2026-05-19T17:53:02.509+0000] {logging_mixin.py:188} INFO - [2026-05-19T17:53:02.507+0000] {dagbag.py:545} INFO - Filling up the DagBag from /opt/airflow/dags/__pycache__/job_intelligent_pipeline.py
[2026-05-19T17:53:04.684+0000] {processor.py:840} INFO - DAG(s) 'job_intelligent_pipeline_simplified' retrieved from /opt/airflow/dags/__pycache__/job_intelligent_pipeline.py
[2026-05-19T17:53:05.042+0000] {logging_mixin.py:188} INFO - [2026-05-19T17:53:05.041+0000] {dag.py:3096} INFO - Sync 1 DAGs
[2026-05-19T17:53:05.397+0000] {logging_mixin.py:188} INFO - [2026-05-19T17:53:05.396+0000] {dag.py:3954} INFO - Setting next_dagrun for job_intelligent_pipeline_simplified to 2026-05-19 06:00:00+00:00, run_after=2026-05-20 06:00:00+00:00
[2026-05-19T17:53:05.829+0000] {processor.py:183} INFO - Processing /opt/airflow/dags/__pycache__/job_intelligent_pipeline.py took 3.471 seconds
[2026-05-19T17:53:36.469+0000] {processor.py:161} INFO - Started process (PID=398) to work on /opt/airflow/dags/__pycache__/job_intelligent_pipeline.py
[2026-05-19T17:53:36.473+0000] {processor.py:830} INFO - Processing file /opt/airflow/dags/__pycache__/job_intelligent_pipeline.py for tasks to queue
[2026-05-19T17:53:36.478+0000] {logging_mixin.py:188} INFO - [2026-05-19T17:53:36.477+0000] {dagbag.py:545} INFO - Filling up the DagBag from /opt/airflow/dags/__pycache__/job_intelligent_pipeline.py
[2026-05-19T17:53:36.599+0000] {processor.py:840} INFO - DAG(s) 'job_intelligent_pipeline_simplified' retrieved from /opt/airflow/dags/__pycache__/job_intelligent_pipeline.py
[2026-05-19T17:53:36.778+0000] {logging_mixin.py:188} INFO - [2026-05-19T17:53:36.777+0000] {dag.py:3096} INFO - Sync 1 DAGs
[2026-05-19T17:53:36.894+0000] {logging_mixin.py:188} INFO - [2026-05-19T17:53:36.894+0000] {dag.py:3954} INFO - Setting next_dagrun for job_intelligent_pipeline_simplified to 2026-05-19 06:00:00+00:00, run_after=2026-05-20 06:00:00+00:00
[2026-05-19T17:53:36.965+0000] {processor.py:183} INFO - Processing /opt/airflow/dags/__pycache__/job_intelligent_pipeline.py took 0.519 seconds
[2026-05-19T17:54:07.675+0000] {processor.py:161} INFO - Started process (PID=413) to work on /opt/airflow/dags/__pycache__/job_intelligent_pipeline.py
[2026-05-19T17:54:07.703+0000] {processor.py:830} INFO - Processing file /opt/airflow/dags/__pycache__/job_intelligent_pipeline.py for tasks to queue
[2026-05-19T17:54:07.729+0000] {logging_mixin.py:188} INFO - [2026-05-19T17:54:07.728+0000] {dagbag.py:545} INFO - Filling up the DagBag from /opt/airflow/dags/__pycache__/job_intelligent_pipeline.py
[2026-05-19T17:54:08.170+0000] {processor.py:840} INFO - DAG(s) 'job_intelligent_pipeline_simplified' retrieved from /opt/airflow/dags/__pycache__/job_intelligent_pipeline.py
[2026-05-19T17:54:08.375+0000] {logging_mixin.py:188} INFO - [2026-05-19T17:54:08.374+0000] {dag.py:3096} INFO - Sync 1 DAGs
[2026-05-19T17:54:08.581+0000] {logging_mixin.py:188} INFO - [2026-05-19T17:54:08.581+0000] {dag.py:3954} INFO - Setting next_dagrun for job_intelligent_pipeline_simplified to 2026-05-19 06:00:00+00:00, run_after=2026-05-20 06:00:00+00:00
[2026-05-19T17:54:08.710+0000] {processor.py:183} INFO - Processing /opt/airflow/dags/__pycache__/job_intelligent_pipeline.py took 1.094 seconds
[2026-05-19T17:54:39.163+0000] {processor.py:161} INFO - Started process (PID=421) to work on /opt/airflow/dags/__pycache__/job_intelligent_pipeline.py
[2026-05-19T17:54:39.165+0000] {processor.py:830} INFO - Processing file /opt/airflow/dags/__pycache__/job_intelligent_pipeline.py for tasks to queue
[2026-05-19T17:54:39.174+0000] {logging_mixin.py:188} INFO - [2026-05-19T17:54:39.173+0000] {dagbag.py:545} INFO - Filling up the DagBag from /opt/airflow/dags/__pycache__/job_intelligent_pipeline.py
[2026-05-19T17:54:39.288+0000] {processor.py:840} INFO - DAG(s) 'job_intelligent_pipeline_simplified' retrieved from /opt/airflow/dags/__pycache__/job_intelligent_pipeline.py
[2026-05-19T17:54:39.509+0000] {logging_mixin.py:188} INFO - [2026-05-19T17:54:39.509+0000] {dag.py:3096} INFO - Sync 1 DAGs
[2026-05-19T17:54:39.638+0000] {logging_mixin.py:188} INFO - [2026-05-19T17:54:39.638+0000] {dag.py:3954} INFO - Setting next_dagrun for job_intelligent_pipeline_simplified to 2026-05-19 06:00:00+00:00, run_after=2026-05-20 06:00:00+00:00
[2026-05-19T17:54:39.694+0000] {processor.py:183} INFO - Processing /opt/airflow/dags/__pycache__/job_intelligent_pipeline.py took 0.549 seconds
[2026-05-19T17:55:10.309+0000] {processor.py:161} INFO - Started process (PID=435) to work on /opt/airflow/dags/__pycache__/job_intelligent_pipeline.py
[2026-05-19T17:55:10.311+0000] {processor.py:830} INFO - Processing file /opt/airflow/dags/__pycache__/job_intelligent_pipeline.py for tasks to queue
[2026-05-19T17:55:10.321+0000] {logging_mixin.py:188} INFO - [2026-05-19T17:55:10.320+0000] {dagbag.py:545} INFO - Filling up the DagBag from /opt/airflow/dags/__pycache__/job_intelligent_pipeline.py
[2026-05-19T17:55:10.395+0000] {processor.py:840} INFO - DAG(s) 'job_intelligent_pipeline_simplified' retrieved from /opt/airflow/dags/__pycache__/job_intelligent_pipeline.py
[2026-05-19T17:55:10.509+0000] {logging_mixin.py:188} INFO - [2026-05-19T17:55:10.509+0000] {dag.py:3096} INFO - Sync 1 DAGs
[2026-05-19T17:55:10.595+0000] {logging_mixin.py:188} INFO - [2026-05-19T17:55:10.595+0000] {dag.py:3954} INFO - Setting next_dagrun for job_intelligent_pipeline_simplified to 2026-05-19 06:00:00+00:00, run_after=2026-05-20 06:00:00+00:00
[2026-05-19T17:55:10.646+0000] {processor.py:183} INFO - Processing /opt/airflow/dags/__pycache__/job_intelligent_pipeline.py took 0.358 seconds
[2026-05-19T17:55:42.349+0000] {processor.py:161} INFO - Started process (PID=442) to work on /opt/airflow/dags/__pycache__/job_intelligent_pipeline.py
[2026-05-19T17:55:42.368+0000] {processor.py:830} INFO - Processing file /opt/airflow/dags/__pycache__/job_intelligent_pipeline.py for tasks to queue
[2026-05-19T17:55:42.411+0000] {logging_mixin.py:188} INFO - [2026-05-19T17:55:42.410+0000] {dagbag.py:545} INFO - Filling up the DagBag from /opt/airflow/dags/__pycache__/job_intelligent_pipeline.py
[2026-05-19T17:55:44.400+0000] {processor.py:840} INFO - DAG(s) 'job_intelligent_pipeline_simplified' retrieved from /opt/airflow/dags/__pycache__/job_intelligent_pipeline.py
[2026-05-19T17:55:44.772+0000] {logging_mixin.py:188} INFO - [2026-05-19T17:55:44.772+0000] {dag.py:3096} INFO - Sync 1 DAGs
[2026-05-19T17:55:45.088+0000] {logging_mixin.py:188} INFO - [2026-05-19T17:55:45.087+0000] {dag.py:3954} INFO - Setting next_dagrun for job_intelligent_pipeline_simplified to 2026-05-19 06:00:00+00:00, run_after=2026-05-20 06:00:00+00:00
[2026-05-19T17:55:45.273+0000] {processor.py:183} INFO - Processing /opt/airflow/dags/__pycache__/job_intelligent_pipeline.py took 2.978 seconds
[2026-05-19T17:56:16.046+0000] {processor.py:161} INFO - Started process (PID=457) to work on /opt/airflow/dags/__pycache__/job_intelligent_pipeline.py
[2026-05-19T17:56:16.059+0000] {processor.py:830} INFO - Processing file /opt/airflow/dags/__pycache__/job_intelligent_pipeline.py for tasks to queue
[2026-05-19T17:56:16.064+0000] {logging_mixin.py:188} INFO - [2026-05-19T17:56:16.063+0000] {dagbag.py:545} INFO - Filling up the DagBag from /opt/airflow/dags/__pycache__/job_intelligent_pipeline.py
[2026-05-19T17:56:16.212+0000] {processor.py:840} INFO - DAG(s) 'job_intelligent_pipeline_simplified' retrieved from /opt/airflow/dags/__pycache__/job_intelligent_pipeline.py
[2026-05-19T17:56:16.472+0000] {logging_mixin.py:188} INFO - [2026-05-19T17:56:16.462+0000] {dag.py:3096} INFO - Sync 1 DAGs
[2026-05-19T17:56:16.680+0000] {logging_mixin.py:188} INFO - [2026-05-19T17:56:16.680+0000] {dag.py:3954} INFO - Setting next_dagrun for job_intelligent_pipeline_simplified to 2026-05-19 06:00:00+00:00, run_after=2026-05-20 06:00:00+00:00
[2026-05-19T17:56:16.803+0000] {processor.py:183} INFO - Processing /opt/airflow/dags/__pycache__/job_intelligent_pipeline.py took 0.808 seconds
[2026-05-19T17:56:47.456+0000] {processor.py:161} INFO - Started process (PID=471) to work on /opt/airflow/dags/__pycache__/job_intelligent_pipeline.py
[2026-05-19T17:56:47.458+0000] {processor.py:830} INFO - Processing file /opt/airflow/dags/__pycache__/job_intelligent_pipeline.py for tasks to queue
[2026-05-19T17:56:47.462+0000] {logging_mixin.py:188} INFO - [2026-05-19T17:56:47.462+0000] {dagbag.py:545} INFO - Filling up the DagBag from /opt/airflow/dags/__pycache__/job_intelligent_pipeline.py
[2026-05-19T17:56:47.530+0000] {processor.py:840} INFO - DAG(s) 'job_intelligent_pipeline_simplified' retrieved from /opt/airflow/dags/__pycache__/job_intelligent_pipeline.py
[2026-05-19T17:56:47.636+0000] {logging_mixin.py:188} INFO - [2026-05-19T17:56:47.636+0000] {dag.py:3096} INFO - Sync 1 DAGs
[2026-05-19T17:56:47.726+0000] {logging_mixin.py:188} INFO - [2026-05-19T17:56:47.725+0000] {dag.py:3954} INFO - Setting next_dagrun for job_intelligent_pipeline_simplified to 2026-05-19 06:00:00+00:00, run_after=2026-05-20 06:00:00+00:00
[2026-05-19T17:56:47.807+0000] {processor.py:183} INFO - Processing /opt/airflow/dags/__pycache__/job_intelligent_pipeline.py took 0.373 seconds
[2026-05-19T17:57:18.900+0000] {processor.py:161} INFO - Started process (PID=479) to work on /opt/airflow/dags/__pycache__/job_intelligent_pipeline.py
[2026-05-19T17:57:18.916+0000] {processor.py:830} INFO - Processing file /opt/airflow/dags/__pycache__/job_intelligent_pipeline.py for tasks to queue
[2026-05-19T17:57:18.930+0000] {logging_mixin.py:188} INFO - [2026-05-19T17:57:18.928+0000] {dagbag.py:545} INFO - Filling up the DagBag from /opt/airflow/dags/__pycache__/job_intelligent_pipeline.py
[2026-05-19T17:57:19.139+0000] {processor.py:840} INFO - DAG(s) 'job_intelligent_pipeline_simplified' retrieved from /opt/airflow/dags/__pycache__/job_intelligent_pipeline.py
[2026-05-19T17:57:19.457+0000] {logging_mixin.py:188} INFO - [2026-05-19T17:57:19.456+0000] {dag.py:3096} INFO - Sync 1 DAGs
[2026-05-19T17:57:19.706+0000] {logging_mixin.py:188} INFO - [2026-05-19T17:57:19.705+0000] {dag.py:3954} INFO - Setting next_dagrun for job_intelligent_pipeline_simplified to 2026-05-19 06:00:00+00:00, run_after=2026-05-20 06:00:00+00:00
[2026-05-19T17:57:20.054+0000] {processor.py:183} INFO - Processing /opt/airflow/dags/__pycache__/job_intelligent_pipeline.py took 1.205 seconds
[2026-05-19T17:57:50.536+0000] {processor.py:161} INFO - Started process (PID=493) to work on /opt/airflow/dags/__pycache__/job_intelligent_pipeline.py
[2026-05-19T17:57:50.539+0000] {processor.py:830} INFO - Processing file /opt/airflow/dags/__pycache__/job_intelligent_pipeline.py for tasks to queue
[2026-05-19T17:57:50.543+0000] {logging_mixin.py:188} INFO - [2026-05-19T17:57:50.542+0000] {dagbag.py:545} INFO - Filling up the DagBag from /opt/airflow/dags/__pycache__/job_intelligent_pipeline.py
[2026-05-19T17:57:50.628+0000] {processor.py:840} INFO - DAG(s) 'job_intelligent_pipeline_simplified' retrieved from /opt/airflow/dags/__pycache__/job_intelligent_pipeline.py
[2026-05-19T17:57:50.748+0000] {logging_mixin.py:188} INFO - [2026-05-19T17:57:50.747+0000] {dag.py:3096} INFO - Sync 1 DAGs
[2026-05-19T17:57:50.902+0000] {logging_mixin.py:188} INFO - [2026-05-19T17:57:50.900+0000] {dag.py:3954} INFO - Setting next_dagrun for job_intelligent_pipeline_simplified to 2026-05-19 06:00:00+00:00, run_after=2026-05-20 06:00:00+00:00
[2026-05-19T17:57:51.138+0000] {processor.py:183} INFO - Processing /opt/airflow/dags/__pycache__/job_intelligent_pipeline.py took 0.622 seconds
[2026-05-19T17:58:21.808+0000] {processor.py:161} INFO - Started process (PID=501) to work on /opt/airflow/dags/__pycache__/job_intelligent_pipeline.py
[2026-05-19T17:58:21.810+0000] {processor.py:830} INFO - Processing file /opt/airflow/dags/__pycache__/job_intelligent_pipeline.py for tasks to queue
[2026-05-19T17:58:21.816+0000] {logging_mixin.py:188} INFO - [2026-05-19T17:58:21.815+0000] {dagbag.py:545} INFO - Filling up the DagBag from /opt/airflow/dags/__pycache__/job_intelligent_pipeline.py
[2026-05-19T17:58:21.907+0000] {processor.py:840} INFO - DAG(s) 'job_intelligent_pipeline_simplified' retrieved from /opt/airflow/dags/__pycache__/job_intelligent_pipeline.py
[2026-05-19T17:58:22.214+0000] {logging_mixin.py:188} INFO - [2026-05-19T17:58:22.213+0000] {dag.py:3096} INFO - Sync 1 DAGs
[2026-05-19T17:58:22.349+0000] {logging_mixin.py:188} INFO - [2026-05-19T17:58:22.348+0000] {dag.py:3954} INFO - Setting next_dagrun for job_intelligent_pipeline_simplified to 2026-05-19 06:00:00+00:00, run_after=2026-05-20 06:00:00+00:00
[2026-05-19T17:58:22.445+0000] {processor.py:183} INFO - Processing /opt/airflow/dags/__pycache__/job_intelligent_pipeline.py took 0.655 seconds
[2026-05-19T17:58:52.710+0000] {processor.py:161} INFO - Started process (PID=514) to work on /opt/airflow/dags/__pycache__/job_intelligent_pipeline.py
[2026-05-19T17:58:52.716+0000] {processor.py:830} INFO - Processing file /opt/airflow/dags/__pycache__/job_intelligent_pipeline.py for tasks to queue
[2026-05-19T17:58:52.721+0000] {logging_mixin.py:188} INFO - [2026-05-19T17:58:52.720+0000] {dagbag.py:545} INFO - Filling up the DagBag from /opt/airflow/dags/__pycache__/job_intelligent_pipeline.py
[2026-05-19T17:58:52.854+0000] {processor.py:840} INFO - DAG(s) 'job_intelligent_pipeline_simplified' retrieved from /opt/airflow/dags/__pycache__/job_intelligent_pipeline.py
[2026-05-19T17:58:53.171+0000] {logging_mixin.py:188} INFO - [2026-05-19T17:58:53.170+0000] {dag.py:3096} INFO - Sync 1 DAGs
[2026-05-19T17:58:53.592+0000] {logging_mixin.py:188} INFO - [2026-05-19T17:58:53.591+0000] {dag.py:3954} INFO - Setting next_dagrun for job_intelligent_pipeline_simplified to 2026-05-19 06:00:00+00:00, run_after=2026-05-20 06:00:00+00:00
[2026-05-19T17:58:54.103+0000] {processor.py:183} INFO - Processing /opt/airflow/dags/__pycache__/job_intelligent_pipeline.py took 1.457 seconds
[2026-05-19T17:59:24.740+0000] {processor.py:161} INFO - Started process (PID=522) to work on /opt/airflow/dags/__pycache__/job_intelligent_pipeline.py
[2026-05-19T17:59:24.745+0000] {processor.py:830} INFO - Processing file /opt/airflow/dags/__pycache__/job_intelligent_pipeline.py for tasks to queue
[2026-05-19T17:59:24.752+0000] {logging_mixin.py:188} INFO - [2026-05-19T17:59:24.751+0000] {dagbag.py:545} INFO - Filling up the DagBag from /opt/airflow/dags/__pycache__/job_intelligent_pipeline.py
[2026-05-19T17:59:24.845+0000] {processor.py:840} INFO - DAG(s) 'job_intelligent_pipeline_simplified' retrieved from /opt/airflow/dags/__pycache__/job_intelligent_pipeline.py
[2026-05-19T17:59:25.023+0000] {logging_mixin.py:188} INFO - [2026-05-19T17:59:25.023+0000] {dag.py:3096} INFO - Sync 1 DAGs
[2026-05-19T17:59:25.103+0000] {logging_mixin.py:188} INFO - [2026-05-19T17:59:25.102+0000] {dag.py:3954} INFO - Setting next_dagrun for job_intelligent_pipeline_simplified to 2026-05-19 06:00:00+00:00, run_after=2026-05-20 06:00:00+00:00
[2026-05-19T17:59:25.155+0000] {processor.py:183} INFO - Processing /opt/airflow/dags/__pycache__/job_intelligent_pipeline.py took 0.434 seconds
[2026-05-19T17:59:55.886+0000] {processor.py:161} INFO - Started process (PID=537) to work on /opt/airflow/dags/__pycache__/job_intelligent_pipeline.py
[2026-05-19T17:59:55.888+0000] {processor.py:830} INFO - Processing file /opt/airflow/dags/__pycache__/job_intelligent_pipeline.py for tasks to queue
[2026-05-19T17:59:55.892+0000] {logging_mixin.py:188} INFO - [2026-05-19T17:59:55.891+0000] {dagbag.py:545} INFO - Filling up the DagBag from /opt/airflow/dags/__pycache__/job_intelligent_pipeline.py
[2026-05-19T17:59:55.956+0000] {processor.py:840} INFO - DAG(s) 'job_intelligent_pipeline_simplified' retrieved from /opt/airflow/dags/__pycache__/job_intelligent_pipeline.py
[2026-05-19T17:59:56.081+0000] {logging_mixin.py:188} INFO - [2026-05-19T17:59:56.079+0000] {dag.py:3096} INFO - Sync 1 DAGs
[2026-05-19T17:59:56.173+0000] {logging_mixin.py:188} INFO - [2026-05-19T17:59:56.173+0000] {dag.py:3954} INFO - Setting next_dagrun for job_intelligent_pipeline_simplified to 2026-05-19 06:00:00+00:00, run_after=2026-05-20 06:00:00+00:00
[2026-05-19T17:59:56.265+0000] {processor.py:183} INFO - Processing /opt/airflow/dags/__pycache__/job_intelligent_pipeline.py took 0.398 seconds
[2026-05-19T18:00:26.676+0000] {processor.py:161} INFO - Started process (PID=545) to work on /opt/airflow/dags/__pycache__/job_intelligent_pipeline.py
[2026-05-19T18:00:26.684+0000] {processor.py:830} INFO - Processing file /opt/airflow/dags/__pycache__/job_intelligent_pipeline.py for tasks to queue
[2026-05-19T18:00:26.695+0000] {logging_mixin.py:188} INFO - [2026-05-19T18:00:26.693+0000] {dagbag.py:545} INFO - Filling up the DagBag from /opt/airflow/dags/__pycache__/job_intelligent_pipeline.py
[2026-05-19T18:00:26.826+0000] {processor.py:840} INFO - DAG(s) 'job_intelligent_pipeline_simplified' retrieved from /opt/airflow/dags/__pycache__/job_intelligent_pipeline.py
[2026-05-19T18:00:26.977+0000] {logging_mixin.py:188} INFO - [2026-05-19T18:00:26.976+0000] {dag.py:3096} INFO - Sync 1 DAGs
[2026-05-19T18:00:27.056+0000] {logging_mixin.py:188} INFO - [2026-05-19T18:00:27.055+0000] {dag.py:3954} INFO - Setting next_dagrun for job_intelligent_pipeline_simplified to 2026-05-19 06:00:00+00:00, run_after=2026-05-20 06:00:00+00:00
[2026-05-19T18:00:27.131+0000] {processor.py:183} INFO - Processing /opt/airflow/dags/__pycache__/job_intelligent_pipeline.py took 0.487 seconds
[2026-05-19T18:00:58.265+0000] {processor.py:161} INFO - Started process (PID=559) to work on /opt/airflow/dags/__pycache__/job_intelligent_pipeline.py
[2026-05-19T18:00:58.276+0000] {processor.py:830} INFO - Processing file /opt/airflow/dags/__pycache__/job_intelligent_pipeline.py for tasks to queue
[2026-05-19T18:00:58.302+0000] {logging_mixin.py:188} INFO - [2026-05-19T18:00:58.297+0000] {dagbag.py:545} INFO - Filling up the DagBag from /opt/airflow/dags/__pycache__/job_intelligent_pipeline.py
[2026-05-19T18:00:58.848+0000] {processor.py:840} INFO - DAG(s) 'job_intelligent_pipeline_simplified' retrieved from /opt/airflow/dags/__pycache__/job_intelligent_pipeline.py
[2026-05-19T18:00:59.152+0000] {logging_mixin.py:188} INFO - [2026-05-19T18:00:59.152+0000] {dag.py:3096} INFO - Sync 1 DAGs
[2026-05-19T18:00:59.387+0000] {logging_mixin.py:188} INFO - [2026-05-19T18:00:59.386+0000] {dag.py:3954} INFO - Setting next_dagrun for job_intelligent_pipeline_simplified to 2026-05-19 06:00:00+00:00, run_after=2026-05-20 06:00:00+00:00
[2026-05-19T18:00:59.569+0000] {processor.py:183} INFO - Processing /opt/airflow/dags/__pycache__/job_intelligent_pipeline.py took 1.356 seconds
[2026-05-19T18:01:30.483+0000] {processor.py:161} INFO - Started process (PID=567) to work on /opt/airflow/dags/__pycache__/job_intelligent_pipeline.py
[2026-05-19T18:01:30.488+0000] {processor.py:830} INFO - Processing file /opt/airflow/dags/__pycache__/job_intelligent_pipeline.py for tasks to queue
[2026-05-19T18:01:30.502+0000] {logging_mixin.py:188} INFO - [2026-05-19T18:01:30.501+0000] {dagbag.py:545} INFO - Filling up the DagBag from /opt/airflow/dags/__pycache__/job_intelligent_pipeline.py
[2026-05-19T18:01:30.652+0000] {processor.py:840} INFO - DAG(s) 'job_intelligent_pipeline_simplified' retrieved from /opt/airflow/dags/__pycache__/job_intelligent_pipeline.py
[2026-05-19T18:01:31.009+0000] {logging_mixin.py:188} INFO - [2026-05-19T18:01:31.009+0000] {dag.py:3096} INFO - Sync 1 DAGs
[2026-05-19T18:01:31.337+0000] {logging_mixin.py:188} INFO - [2026-05-19T18:01:31.336+0000] {dag.py:3954} INFO - Setting next_dagrun for job_intelligent_pipeline_simplified to 2026-05-19 06:00:00+00:00, run_after=2026-05-20 06:00:00+00:00
[2026-05-19T18:01:31.675+0000] {processor.py:183} INFO - Processing /opt/airflow/dags/__pycache__/job_intelligent_pipeline.py took 1.241 seconds
[2026-05-19T18:02:03.902+0000] {processor.py:161} INFO - Started process (PID=581) to work on /opt/airflow/dags/__pycache__/job_intelligent_pipeline.py
[2026-05-19T18:02:03.930+0000] {processor.py:830} INFO - Processing file /opt/airflow/dags/__pycache__/job_intelligent_pipeline.py for tasks to queue
[2026-05-19T18:02:03.943+0000] {logging_mixin.py:188} INFO - [2026-05-19T18:02:03.942+0000] {dagbag.py:545} INFO - Filling up the DagBag from /opt/airflow/dags/__pycache__/job_intelligent_pipeline.py
[2026-05-19T18:02:05.226+0000] {processor.py:840} INFO - DAG(s) 'job_intelligent_pipeline_simplified' retrieved from /opt/airflow/dags/__pycache__/job_intelligent_pipeline.py
[2026-05-19T18:02:05.576+0000] {logging_mixin.py:188} INFO - [2026-05-19T18:02:05.575+0000] {dag.py:3096} INFO - Sync 1 DAGs
[2026-05-19T18:02:05.963+0000] {logging_mixin.py:188} INFO - [2026-05-19T18:02:05.951+0000] {dag.py:3954} INFO - Setting next_dagrun for job_intelligent_pipeline_simplified to 2026-05-19 06:00:00+00:00, run_after=2026-05-20 06:00:00+00:00
[2026-05-19T18:02:06.156+0000] {processor.py:183} INFO - Processing /opt/airflow/dags/__pycache__/job_intelligent_pipeline.py took 2.295 seconds
[2026-05-19T18:02:36.879+0000] {processor.py:161} INFO - Started process (PID=595) to work on /opt/airflow/dags/__pycache__/job_intelligent_pipeline.py
[2026-05-19T18:02:36.887+0000] {processor.py:830} INFO - Processing file /opt/airflow/dags/__pycache__/job_intelligent_pipeline.py for tasks to queue
[2026-05-19T18:02:36.893+0000] {logging_mixin.py:188} INFO - [2026-05-19T18:02:36.892+0000] {dagbag.py:545} INFO - Filling up the DagBag from /opt/airflow/dags/__pycache__/job_intelligent_pipeline.py
[2026-05-19T18:02:37.566+0000] {processor.py:840} INFO - DAG(s) 'job_intelligent_pipeline_simplified' retrieved from /opt/airflow/dags/__pycache__/job_intelligent_pipeline.py
[2026-05-19T18:02:38.044+0000] {logging_mixin.py:188} INFO - [2026-05-19T18:02:38.043+0000] {dag.py:3096} INFO - Sync 1 DAGs
[2026-05-19T18:02:38.455+0000] {logging_mixin.py:188} INFO - [2026-05-19T18:02:38.443+0000] {dag.py:3954} INFO - Setting next_dagrun for job_intelligent_pipeline_simplified to 2026-05-19 06:00:00+00:00, run_after=2026-05-20 06:00:00+00:00
[2026-05-19T18:02:38.961+0000] {processor.py:183} INFO - Processing /opt/airflow/dags/__pycache__/job_intelligent_pipeline.py took 2.178 seconds
[2026-05-19T18:03:11.128+0000] {processor.py:161} INFO - Started process (PID=603) to work on /opt/airflow/dags/__pycache__/job_intelligent_pipeline.py
[2026-05-19T18:03:11.184+0000] {processor.py:830} INFO - Processing file /opt/airflow/dags/__pycache__/job_intelligent_pipeline.py for tasks to queue
[2026-05-19T18:03:11.268+0000] {logging_mixin.py:188} INFO - [2026-05-19T18:03:11.267+0000] {dagbag.py:545} INFO - Filling up the DagBag from /opt/airflow/dags/__pycache__/job_intelligent_pipeline.py
[2026-05-19T18:03:14.076+0000] {processor.py:840} INFO - DAG(s) 'job_intelligent_pipeline_simplified' retrieved from /opt/airflow/dags/__pycache__/job_intelligent_pipeline.py
[2026-05-19T18:03:14.984+0000] {logging_mixin.py:188} INFO - [2026-05-19T18:03:14.983+0000] {dag.py:3096} INFO - Sync 1 DAGs
[2026-05-19T18:03:15.432+0000] {logging_mixin.py:188} INFO - [2026-05-19T18:03:15.431+0000] {dag.py:3954} INFO - Setting next_dagrun for job_intelligent_pipeline_simplified to 2026-05-19 06:00:00+00:00, run_after=2026-05-20 06:00:00+00:00
[2026-05-19T18:03:16.022+0000] {processor.py:183} INFO - Processing /opt/airflow/dags/__pycache__/job_intelligent_pipeline.py took 5.029 seconds
[2026-05-19T18:03:49.613+0000] {processor.py:161} INFO - Started process (PID=615) to work on /opt/airflow/dags/__pycache__/job_intelligent_pipeline.py
[2026-05-19T18:03:49.628+0000] {processor.py:830} INFO - Processing file /opt/airflow/dags/__pycache__/job_intelligent_pipeline.py for tasks to queue
[2026-05-19T18:03:49.649+0000] {logging_mixin.py:188} INFO - [2026-05-19T18:03:49.648+0000] {dagbag.py:545} INFO - Filling up the DagBag from /opt/airflow/dags/__pycache__/job_intelligent_pipeline.py
[2026-05-19T18:03:50.122+0000] {processor.py:840} INFO - DAG(s) 'job_intelligent_pipeline_simplified' retrieved from /opt/airflow/dags/__pycache__/job_intelligent_pipeline.py
[2026-05-19T18:03:50.463+0000] {logging_mixin.py:188} INFO - [2026-05-19T18:03:50.458+0000] {dag.py:3096} INFO - Sync 1 DAGs
[2026-05-19T18:03:50.851+0000] {logging_mixin.py:188} INFO - [2026-05-19T18:03:50.851+0000] {dag.py:3954} INFO - Setting next_dagrun for job_intelligent_pipeline_simplified to 2026-05-19 06:00:00+00:00, run_after=2026-05-20 06:00:00+00:00
[2026-05-19T18:03:51.286+0000] {processor.py:183} INFO - Processing /opt/airflow/dags/__pycache__/job_intelligent_pipeline.py took 1.727 seconds
[2026-05-19T18:04:23.765+0000] {processor.py:161} INFO - Started process (PID=629) to work on /opt/airflow/dags/__pycache__/job_intelligent_pipeline.py
[2026-05-19T18:04:23.799+0000] {processor.py:830} INFO - Processing file /opt/airflow/dags/__pycache__/job_intelligent_pipeline.py for tasks to queue
[2026-05-19T18:04:24.049+0000] {logging_mixin.py:188} INFO - [2026-05-19T18:04:23.976+0000] {dagbag.py:545} INFO - Filling up the DagBag from /opt/airflow/dags/__pycache__/job_intelligent_pipeline.py
[2026-05-19T18:04:24.897+0000] {processor.py:840} INFO - DAG(s) 'job_intelligent_pipeline_simplified' retrieved from /opt/airflow/dags/__pycache__/job_intelligent_pipeline.py
[2026-05-19T18:04:28.085+0000] {logging_mixin.py:188} INFO - [2026-05-19T18:04:28.080+0000] {dag.py:3096} INFO - Sync 1 DAGs
[2026-05-19T18:04:28.336+0000] {logging_mixin.py:188} INFO - [2026-05-19T18:04:28.335+0000] {dag.py:3954} INFO - Setting next_dagrun for job_intelligent_pipeline_simplified to 2026-05-19 06:00:00+00:00, run_after=2026-05-20 06:00:00+00:00
[2026-05-19T18:04:28.722+0000] {processor.py:183} INFO - Processing /opt/airflow/dags/__pycache__/job_intelligent_pipeline.py took 5.157 seconds
[2026-05-19T18:05:02.013+0000] {processor.py:161} INFO - Started process (PID=642) to work on /opt/airflow/dags/__pycache__/job_intelligent_pipeline.py
[2026-05-19T18:05:02.058+0000] {processor.py:830} INFO - Processing file /opt/airflow/dags/__pycache__/job_intelligent_pipeline.py for tasks to queue
[2026-05-19T18:05:02.147+0000] {logging_mixin.py:188} INFO - [2026-05-19T18:05:02.146+0000] {dagbag.py:545} INFO - Filling up the DagBag from /opt/airflow/dags/__pycache__/job_intelligent_pipeline.py
[2026-05-19T18:05:03.998+0000] {processor.py:840} INFO - DAG(s) 'job_intelligent_pipeline_simplified' retrieved from /opt/airflow/dags/__pycache__/job_intelligent_pipeline.py
[2026-05-19T18:05:04.666+0000] {logging_mixin.py:188} INFO - [2026-05-19T18:05:04.666+0000] {dag.py:3096} INFO - Sync 1 DAGs
[2026-05-19T18:05:05.696+0000] {logging_mixin.py:188} INFO - [2026-05-19T18:05:05.695+0000] {dag.py:3954} INFO - Setting next_dagrun for job_intelligent_pipeline_simplified to 2026-05-19 06:00:00+00:00, run_after=2026-05-20 06:00:00+00:00
[2026-05-19T18:05:06.460+0000] {processor.py:183} INFO - Processing /opt/airflow/dags/__pycache__/job_intelligent_pipeline.py took 4.513 seconds
[2026-05-19T18:05:38.845+0000] {processor.py:161} INFO - Started process (PID=656) to work on /opt/airflow/dags/__pycache__/job_intelligent_pipeline.py
[2026-05-19T18:05:38.859+0000] {processor.py:830} INFO - Processing file /opt/airflow/dags/__pycache__/job_intelligent_pipeline.py for tasks to queue
[2026-05-19T18:05:38.875+0000] {logging_mixin.py:188} INFO - [2026-05-19T18:05:38.873+0000] {dagbag.py:545} INFO - Filling up the DagBag from /opt/airflow/dags/__pycache__/job_intelligent_pipeline.py
[2026-05-19T18:05:39.038+0000] {processor.py:840} INFO - DAG(s) 'job_intelligent_pipeline_simplified' retrieved from /opt/airflow/dags/__pycache__/job_intelligent_pipeline.py
[2026-05-19T18:05:39.496+0000] {logging_mixin.py:188} INFO - [2026-05-19T18:05:39.496+0000] {dag.py:3096} INFO - Sync 1 DAGs
[2026-05-19T18:05:39.770+0000] {logging_mixin.py:188} INFO - [2026-05-19T18:05:39.769+0000] {dag.py:3954} INFO - Setting next_dagrun for job_intelligent_pipeline_simplified to 2026-05-19 06:00:00+00:00, run_after=2026-05-20 06:00:00+00:00
[2026-05-19T18:05:39.947+0000] {processor.py:183} INFO - Processing /opt/airflow/dags/__pycache__/job_intelligent_pipeline.py took 1.150 seconds
[2026-05-19T18:06:11.880+0000] {processor.py:161} INFO - Started process (PID=665) to work on /opt/airflow/dags/__pycache__/job_intelligent_pipeline.py
[2026-05-19T18:06:11.896+0000] {processor.py:830} INFO - Processing file /opt/airflow/dags/__pycache__/job_intelligent_pipeline.py for tasks to queue
[2026-05-19T18:06:11.930+0000] {logging_mixin.py:188} INFO - [2026-05-19T18:06:11.929+0000] {dagbag.py:545} INFO - Filling up the DagBag from /opt/airflow/dags/__pycache__/job_intelligent_pipeline.py
[2026-05-19T18:06:12.468+0000] {processor.py:840} INFO - DAG(s) 'job_intelligent_pipeline_simplified' retrieved from /opt/airflow/dags/__pycache__/job_intelligent_pipeline.py
[2026-05-19T18:06:12.922+0000] {logging_mixin.py:188} INFO - [2026-05-19T18:06:12.921+0000] {dag.py:3096} INFO - Sync 1 DAGs
[2026-05-19T18:06:13.178+0000] {logging_mixin.py:188} INFO - [2026-05-19T18:06:13.178+0000] {dag.py:3954} INFO - Setting next_dagrun for job_intelligent_pipeline_simplified to 2026-05-19 06:00:00+00:00, run_after=2026-05-20 06:00:00+00:00
[2026-05-19T18:06:13.323+0000] {processor.py:183} INFO - Processing /opt/airflow/dags/__pycache__/job_intelligent_pipeline.py took 1.492 seconds
[2026-05-19T18:06:43.889+0000] {processor.py:161} INFO - Started process (PID=679) to work on /opt/airflow/dags/__pycache__/job_intelligent_pipeline.py
[2026-05-19T18:06:43.892+0000] {processor.py:830} INFO - Processing file /opt/airflow/dags/__pycache__/job_intelligent_pipeline.py for tasks to queue
[2026-05-19T18:06:43.905+0000] {logging_mixin.py:188} INFO - [2026-05-19T18:06:43.902+0000] {dagbag.py:545} INFO - Filling up the DagBag from /opt/airflow/dags/__pycache__/job_intelligent_pipeline.py
[2026-05-19T18:06:44.019+0000] {processor.py:840} INFO - DAG(s) 'job_intelligent_pipeline_simplified' retrieved from /opt/airflow/dags/__pycache__/job_intelligent_pipeline.py
[2026-05-19T18:06:44.226+0000] {logging_mixin.py:188} INFO - [2026-05-19T18:06:44.225+0000] {dag.py:3096} INFO - Sync 1 DAGs
[2026-05-19T18:06:44.361+0000] {logging_mixin.py:188} INFO - [2026-05-19T18:06:44.360+0000] {dag.py:3954} INFO - Setting next_dagrun for job_intelligent_pipeline_simplified to 2026-05-19 06:00:00+00:00, run_after=2026-05-20 06:00:00+00:00
[2026-05-19T18:06:44.460+0000] {processor.py:183} INFO - Processing /opt/airflow/dags/__pycache__/job_intelligent_pipeline.py took 0.611 seconds
[2026-05-19T18:07:14.855+0000] {processor.py:161} INFO - Started process (PID=686) to work on /opt/airflow/dags/__pycache__/job_intelligent_pipeline.py
[2026-05-19T18:07:14.858+0000] {processor.py:830} INFO - Processing file /opt/airflow/dags/__pycache__/job_intelligent_pipeline.py for tasks to queue
[2026-05-19T18:07:14.864+0000] {logging_mixin.py:188} INFO - [2026-05-19T18:07:14.863+0000] {dagbag.py:545} INFO - Filling up the DagBag from /opt/airflow/dags/__pycache__/job_intelligent_pipeline.py
[2026-05-19T18:07:15.288+0000] {processor.py:840} INFO - DAG(s) 'job_intelligent_pipeline_simplified' retrieved from /opt/airflow/dags/__pycache__/job_intelligent_pipeline.py
[2026-05-19T18:07:15.571+0000] {logging_mixin.py:188} INFO - [2026-05-19T18:07:15.558+0000] {dag.py:3096} INFO - Sync 1 DAGs
[2026-05-19T18:07:15.854+0000] {logging_mixin.py:188} INFO - [2026-05-19T18:07:15.854+0000] {dag.py:3954} INFO - Setting next_dagrun for job_intelligent_pipeline_simplified to 2026-05-19 06:00:00+00:00, run_after=2026-05-20 06:00:00+00:00
[2026-05-19T18:07:16.012+0000] {processor.py:183} INFO - Processing /opt/airflow/dags/__pycache__/job_intelligent_pipeline.py took 1.212 seconds
[2026-05-19T18:07:46.253+0000] {processor.py:161} INFO - Started process (PID=698) to work on /opt/airflow/dags/__pycache__/job_intelligent_pipeline.py
[2026-05-19T18:07:46.260+0000] {processor.py:830} INFO - Processing file /opt/airflow/dags/__pycache__/job_intelligent_pipeline.py for tasks to queue
[2026-05-19T18:07:46.266+0000] {logging_mixin.py:188} INFO - [2026-05-19T18:07:46.265+0000] {dagbag.py:545} INFO - Filling up the DagBag from /opt/airflow/dags/__pycache__/job_intelligent_pipeline.py
[2026-05-19T18:07:46.345+0000] {processor.py:840} INFO - DAG(s) 'job_intelligent_pipeline_simplified' retrieved from /opt/airflow/dags/__pycache__/job_intelligent_pipeline.py
[2026-05-19T18:07:46.512+0000] {logging_mixin.py:188} INFO - [2026-05-19T18:07:46.511+0000] {dag.py:3096} INFO - Sync 1 DAGs
[2026-05-19T18:07:46.614+0000] {logging_mixin.py:188} INFO - [2026-05-19T18:07:46.613+0000] {dag.py:3954} INFO - Setting next_dagrun for job_intelligent_pipeline_simplified to 2026-05-19 06:00:00+00:00, run_after=2026-05-20 06:00:00+00:00
[2026-05-19T18:07:46.718+0000] {processor.py:183} INFO - Processing /opt/airflow/dags/__pycache__/job_intelligent_pipeline.py took 0.491 seconds
[2026-05-19T18:08:17.514+0000] {processor.py:161} INFO - Started process (PID=706) to work on /opt/airflow/dags/__pycache__/job_intelligent_pipeline.py
[2026-05-19T18:08:17.517+0000] {processor.py:830} INFO - Processing file /opt/airflow/dags/__pycache__/job_intelligent_pipeline.py for tasks to queue
[2026-05-19T18:08:17.525+0000] {logging_mixin.py:188} INFO - [2026-05-19T18:08:17.524+0000] {dagbag.py:545} INFO - Filling up the DagBag from /opt/airflow/dags/__pycache__/job_intelligent_pipeline.py
[2026-05-19T18:08:17.623+0000] {processor.py:840} INFO - DAG(s) 'job_intelligent_pipeline_simplified' retrieved from /opt/airflow/dags/__pycache__/job_intelligent_pipeline.py
[2026-05-19T18:08:17.763+0000] {logging_mixin.py:188} INFO - [2026-05-19T18:08:17.762+0000] {dag.py:3096} INFO - Sync 1 DAGs
[2026-05-19T18:08:17.964+0000] {logging_mixin.py:188} INFO - [2026-05-19T18:08:17.953+0000] {dag.py:3954} INFO - Setting next_dagrun for job_intelligent_pipeline_simplified to 2026-05-19 06:00:00+00:00, run_after=2026-05-20 06:00:00+00:00
[2026-05-19T18:08:18.056+0000] {processor.py:183} INFO - Processing /opt/airflow/dags/__pycache__/job_intelligent_pipeline.py took 0.564 seconds
[2026-05-19T18:08:48.598+0000] {processor.py:161} INFO - Started process (PID=719) to work on /opt/airflow/dags/__pycache__/job_intelligent_pipeline.py
[2026-05-19T18:08:48.602+0000] {processor.py:830} INFO - Processing file /opt/airflow/dags/__pycache__/job_intelligent_pipeline.py for tasks to queue
[2026-05-19T18:08:48.612+0000] {logging_mixin.py:188} INFO - [2026-05-19T18:08:48.608+0000] {dagbag.py:545} INFO - Filling up the DagBag from /opt/airflow/dags/__pycache__/job_intelligent_pipeline.py
[2026-05-19T18:08:48.914+0000] {processor.py:840} INFO - DAG(s) 'job_intelligent_pipeline_simplified' retrieved from /opt/airflow/dags/__pycache__/job_intelligent_pipeline.py
[2026-05-19T18:08:49.179+0000] {logging_mixin.py:188} INFO - [2026-05-19T18:08:49.178+0000] {dag.py:3096} INFO - Sync 1 DAGs
[2026-05-19T18:08:49.310+0000] {logging_mixin.py:188} INFO - [2026-05-19T18:08:49.310+0000] {dag.py:3954} INFO - Setting next_dagrun for job_intelligent_pipeline_simplified to 2026-05-19 06:00:00+00:00, run_after=2026-05-20 06:00:00+00:00
[2026-05-19T18:08:49.406+0000] {processor.py:183} INFO - Processing /opt/airflow/dags/__pycache__/job_intelligent_pipeline.py took 0.854 seconds
[2026-05-19T18:09:20.007+0000] {processor.py:161} INFO - Started process (PID=727) to work on /opt/airflow/dags/__pycache__/job_intelligent_pipeline.py
[2026-05-19T18:09:20.031+0000] {processor.py:830} INFO - Processing file /opt/airflow/dags/__pycache__/job_intelligent_pipeline.py for tasks to queue
[2026-05-19T18:09:20.047+0000] {logging_mixin.py:188} INFO - [2026-05-19T18:09:20.042+0000] {dagbag.py:545} INFO - Filling up the DagBag from /opt/airflow/dags/__pycache__/job_intelligent_pipeline.py
[2026-05-19T18:09:20.221+0000] {processor.py:840} INFO - DAG(s) 'job_intelligent_pipeline_simplified' retrieved from /opt/airflow/dags/__pycache__/job_intelligent_pipeline.py
[2026-05-19T18:09:20.402+0000] {logging_mixin.py:188} INFO - [2026-05-19T18:09:20.402+0000] {dag.py:3096} INFO - Sync 1 DAGs
[2026-05-19T18:09:20.628+0000] {logging_mixin.py:188} INFO - [2026-05-19T18:09:20.627+0000] {dag.py:3954} INFO - Setting next_dagrun for job_intelligent_pipeline_simplified to 2026-05-19 06:00:00+00:00, run_after=2026-05-20 06:00:00+00:00
[2026-05-19T18:09:20.722+0000] {processor.py:183} INFO - Processing /opt/airflow/dags/__pycache__/job_intelligent_pipeline.py took 0.759 seconds
[2026-05-19T18:09:51.824+0000] {processor.py:161} INFO - Started process (PID=741) to work on /opt/airflow/dags/__pycache__/job_intelligent_pipeline.py
[2026-05-19T18:09:51.843+0000] {processor.py:830} INFO - Processing file /opt/airflow/dags/__pycache__/job_intelligent_pipeline.py for tasks to queue
[2026-05-19T18:09:51.868+0000] {logging_mixin.py:188} INFO - [2026-05-19T18:09:51.867+0000] {dagbag.py:545} INFO - Filling up the DagBag from /opt/airflow/dags/__pycache__/job_intelligent_pipeline.py
[2026-05-19T18:09:52.066+0000] {processor.py:840} INFO - DAG(s) 'job_intelligent_pipeline_simplified' retrieved from /opt/airflow/dags/__pycache__/job_intelligent_pipeline.py
[2026-05-19T18:09:52.274+0000] {logging_mixin.py:188} INFO - [2026-05-19T18:09:52.273+0000] {dag.py:3096} INFO - Sync 1 DAGs
[2026-05-19T18:09:52.474+0000] {logging_mixin.py:188} INFO - [2026-05-19T18:09:52.474+0000] {dag.py:3954} INFO - Setting next_dagrun for job_intelligent_pipeline_simplified to 2026-05-19 06:00:00+00:00, run_after=2026-05-20 06:00:00+00:00
[2026-05-19T18:09:52.717+0000] {processor.py:183} INFO - Processing /opt/airflow/dags/__pycache__/job_intelligent_pipeline.py took 0.929 seconds
[2026-05-19T18:10:23.107+0000] {processor.py:161} INFO - Started process (PID=755) to work on /opt/airflow/dags/__pycache__/job_intelligent_pipeline.py
[2026-05-19T18:10:23.110+0000] {processor.py:830} INFO - Processing file /opt/airflow/dags/__pycache__/job_intelligent_pipeline.py for tasks to queue
[2026-05-19T18:10:23.117+0000] {logging_mixin.py:188} INFO - [2026-05-19T18:10:23.116+0000] {dagbag.py:545} INFO - Filling up the DagBag from /opt/airflow/dags/__pycache__/job_intelligent_pipeline.py
[2026-05-19T18:10:23.235+0000] {processor.py:840} INFO - DAG(s) 'job_intelligent_pipeline_simplified' retrieved from /opt/airflow/dags/__pycache__/job_intelligent_pipeline.py
[2026-05-19T18:10:23.454+0000] {logging_mixin.py:188} INFO - [2026-05-19T18:10:23.453+0000] {dag.py:3096} INFO - Sync 1 DAGs
[2026-05-19T18:10:23.549+0000] {logging_mixin.py:188} INFO - [2026-05-19T18:10:23.548+0000] {dag.py:3954} INFO - Setting next_dagrun for job_intelligent_pipeline_simplified to 2026-05-19 06:00:00+00:00, run_after=2026-05-20 06:00:00+00:00
[2026-05-19T18:10:23.614+0000] {processor.py:183} INFO - Processing /opt/airflow/dags/__pycache__/job_intelligent_pipeline.py took 0.525 seconds
[2026-05-19T18:10:54.986+0000] {processor.py:161} INFO - Started process (PID=763) to work on /opt/airflow/dags/__pycache__/job_intelligent_pipeline.py
[2026-05-19T18:10:54.991+0000] {processor.py:830} INFO - Processing file /opt/airflow/dags/__pycache__/job_intelligent_pipeline.py for tasks to queue
[2026-05-19T18:10:55.007+0000] {logging_mixin.py:188} INFO - [2026-05-19T18:10:54.997+0000] {dagbag.py:545} INFO - Filling up the DagBag from /opt/airflow/dags/__pycache__/job_intelligent_pipeline.py
[2026-05-19T18:10:55.582+0000] {processor.py:840} INFO - DAG(s) 'job_intelligent_pipeline_simplified' retrieved from /opt/airflow/dags/__pycache__/job_intelligent_pipeline.py
[2026-05-19T18:10:56.025+0000] {logging_mixin.py:188} INFO - [2026-05-19T18:10:56.014+0000] {dag.py:3096} INFO - Sync 1 DAGs
[2026-05-19T18:10:56.373+0000] {logging_mixin.py:188} INFO - [2026-05-19T18:10:56.362+0000] {dag.py:3954} INFO - Setting next_dagrun for job_intelligent_pipeline_simplified to 2026-05-19 06:00:00+00:00, run_after=2026-05-20 06:00:00+00:00
[2026-05-19T18:10:56.620+0000] {processor.py:183} INFO - Processing /opt/airflow/dags/__pycache__/job_intelligent_pipeline.py took 1.668 seconds
[2026-05-19T18:11:26.921+0000] {processor.py:161} INFO - Started process (PID=778) to work on /opt/airflow/dags/__pycache__/job_intelligent_pipeline.py
[2026-05-19T18:11:26.924+0000] {processor.py:830} INFO - Processing file /opt/airflow/dags/__pycache__/job_intelligent_pipeline.py for tasks to queue
[2026-05-19T18:11:26.939+0000] {logging_mixin.py:188} INFO - [2026-05-19T18:11:26.938+0000] {dagbag.py:545} INFO - Filling up the DagBag from /opt/airflow/dags/__pycache__/job_intelligent_pipeline.py
[2026-05-19T18:11:27.051+0000] {processor.py:840} INFO - DAG(s) 'job_intelligent_pipeline_simplified' retrieved from /opt/airflow/dags/__pycache__/job_intelligent_pipeline.py
[2026-05-19T18:11:27.247+0000] {logging_mixin.py:188} INFO - [2026-05-19T18:11:27.246+0000] {dag.py:3096} INFO - Sync 1 DAGs
[2026-05-19T18:11:27.453+0000] {logging_mixin.py:188} INFO - [2026-05-19T18:11:27.452+0000] {dag.py:3954} INFO - Setting next_dagrun for job_intelligent_pipeline_simplified to 2026-05-19 06:00:00+00:00, run_after=2026-05-20 06:00:00+00:00
[2026-05-19T18:11:27.572+0000] {processor.py:183} INFO - Processing /opt/airflow/dags/__pycache__/job_intelligent_pipeline.py took 0.693 seconds
[2026-05-19T18:11:58.106+0000] {processor.py:161} INFO - Started process (PID=786) to work on /opt/airflow/dags/__pycache__/job_intelligent_pipeline.py
[2026-05-19T18:11:58.113+0000] {processor.py:830} INFO - Processing file /opt/airflow/dags/__pycache__/job_intelligent_pipeline.py for tasks to queue
[2026-05-19T18:11:58.125+0000] {logging_mixin.py:188} INFO - [2026-05-19T18:11:58.124+0000] {dagbag.py:545} INFO - Filling up the DagBag from /opt/airflow/dags/__pycache__/job_intelligent_pipeline.py
[2026-05-19T18:11:58.379+0000] {processor.py:840} INFO - DAG(s) 'job_intelligent_pipeline_simplified' retrieved from /opt/airflow/dags/__pycache__/job_intelligent_pipeline.py
[2026-05-19T18:11:58.770+0000] {logging_mixin.py:188} INFO - [2026-05-19T18:11:58.769+0000] {dag.py:3096} INFO - Sync 1 DAGs
[2026-05-19T18:11:58.902+0000] {logging_mixin.py:188} INFO - [2026-05-19T18:11:58.901+0000] {dag.py:3954} INFO - Setting next_dagrun for job_intelligent_pipeline_simplified to 2026-05-19 06:00:00+00:00, run_after=2026-05-20 06:00:00+00:00
[2026-05-19T18:11:59.014+0000] {processor.py:183} INFO - Processing /opt/airflow/dags/__pycache__/job_intelligent_pipeline.py took 0.948 seconds
[2026-05-19T18:12:29.566+0000] {processor.py:161} INFO - Started process (PID=800) to work on /opt/airflow/dags/__pycache__/job_intelligent_pipeline.py
[2026-05-19T18:12:29.585+0000] {processor.py:830} INFO - Processing file /opt/airflow/dags/__pycache__/job_intelligent_pipeline.py for tasks to queue
[2026-05-19T18:12:29.597+0000] {logging_mixin.py:188} INFO - [2026-05-19T18:12:29.596+0000] {dagbag.py:545} INFO - Filling up the DagBag from /opt/airflow/dags/__pycache__/job_intelligent_pipeline.py
[2026-05-19T18:12:29.791+0000] {processor.py:840} INFO - DAG(s) 'job_intelligent_pipeline_simplified' retrieved from /opt/airflow/dags/__pycache__/job_intelligent_pipeline.py
[2026-05-19T18:12:30.167+0000] {logging_mixin.py:188} INFO - [2026-05-19T18:12:30.166+0000] {dag.py:3096} INFO - Sync 1 DAGs
[2026-05-19T18:12:30.373+0000] {logging_mixin.py:188} INFO - [2026-05-19T18:12:30.373+0000] {dag.py:3954} INFO - Setting next_dagrun for job_intelligent_pipeline_simplified to 2026-05-19 06:00:00+00:00, run_after=2026-05-20 06:00:00+00:00
[2026-05-19T18:12:30.531+0000] {processor.py:183} INFO - Processing /opt/airflow/dags/__pycache__/job_intelligent_pipeline.py took 1.007 seconds
[2026-05-19T18:13:00.995+0000] {processor.py:161} INFO - Started process (PID=809) to work on /opt/airflow/dags/__pycache__/job_intelligent_pipeline.py
[2026-05-19T18:13:00.999+0000] {processor.py:830} INFO - Processing file /opt/airflow/dags/__pycache__/job_intelligent_pipeline.py for tasks to queue
[2026-05-19T18:13:01.005+0000] {logging_mixin.py:188} INFO - [2026-05-19T18:13:01.004+0000] {dagbag.py:545} INFO - Filling up the DagBag from /opt/airflow/dags/__pycache__/job_intelligent_pipeline.py
[2026-05-19T18:13:01.443+0000] {processor.py:840} INFO - DAG(s) 'job_intelligent_pipeline_simplified' retrieved from /opt/airflow/dags/__pycache__/job_intelligent_pipeline.py
[2026-05-19T18:13:01.623+0000] {logging_mixin.py:188} INFO - [2026-05-19T18:13:01.622+0000] {dag.py:3096} INFO - Sync 1 DAGs
[2026-05-19T18:13:01.765+0000] {logging_mixin.py:188} INFO - [2026-05-19T18:13:01.765+0000] {dag.py:3954} INFO - Setting next_dagrun for job_intelligent_pipeline_simplified to 2026-05-19 06:00:00+00:00, run_after=2026-05-20 06:00:00+00:00
[2026-05-19T18:13:01.887+0000] {processor.py:183} INFO - Processing /opt/airflow/dags/__pycache__/job_intelligent_pipeline.py took 0.922 seconds
[2026-05-19T18:13:32.158+0000] {processor.py:161} INFO - Started process (PID=822) to work on /opt/airflow/dags/__pycache__/job_intelligent_pipeline.py
[2026-05-19T18:13:32.165+0000] {processor.py:830} INFO - Processing file /opt/airflow/dags/__pycache__/job_intelligent_pipeline.py for tasks to queue
[2026-05-19T18:13:32.169+0000] {logging_mixin.py:188} INFO - [2026-05-19T18:13:32.168+0000] {dagbag.py:545} INFO - Filling up the DagBag from /opt/airflow/dags/__pycache__/job_intelligent_pipeline.py
[2026-05-19T18:13:32.237+0000] {processor.py:840} INFO - DAG(s) 'job_intelligent_pipeline_simplified' retrieved from /opt/airflow/dags/__pycache__/job_intelligent_pipeline.py
[2026-05-19T18:13:32.349+0000] {logging_mixin.py:188} INFO - [2026-05-19T18:13:32.349+0000] {dag.py:3096} INFO - Sync 1 DAGs
[2026-05-19T18:13:32.434+0000] {logging_mixin.py:188} INFO - [2026-05-19T18:13:32.433+0000] {dag.py:3954} INFO - Setting next_dagrun for job_intelligent_pipeline_simplified to 2026-05-19 06:00:00+00:00, run_after=2026-05-20 06:00:00+00:00
[2026-05-19T18:13:32.501+0000] {processor.py:183} INFO - Processing /opt/airflow/dags/__pycache__/job_intelligent_pipeline.py took 0.364 seconds
[2026-05-19T18:14:03.222+0000] {processor.py:161} INFO - Started process (PID=829) to work on /opt/airflow/dags/__pycache__/job_intelligent_pipeline.py
[2026-05-19T18:14:03.240+0000] {processor.py:830} INFO - Processing file /opt/airflow/dags/__pycache__/job_intelligent_pipeline.py for tasks to queue
[2026-05-19T18:14:03.250+0000] {logging_mixin.py:188} INFO - [2026-05-19T18:14:03.249+0000] {dagbag.py:545} INFO - Filling up the DagBag from /opt/airflow/dags/__pycache__/job_intelligent_pipeline.py
[2026-05-19T18:14:03.569+0000] {processor.py:840} INFO - DAG(s) 'job_intelligent_pipeline_simplified' retrieved from /opt/airflow/dags/__pycache__/job_intelligent_pipeline.py
[2026-05-19T18:14:03.881+0000] {logging_mixin.py:188} INFO - [2026-05-19T18:14:03.880+0000] {dag.py:3096} INFO - Sync 1 DAGs
[2026-05-19T18:14:04.149+0000] {logging_mixin.py:188} INFO - [2026-05-19T18:14:04.148+0000] {dag.py:3954} INFO - Setting next_dagrun for job_intelligent_pipeline_simplified to 2026-05-19 06:00:00+00:00, run_after=2026-05-20 06:00:00+00:00
[2026-05-19T18:14:04.578+0000] {processor.py:183} INFO - Processing /opt/airflow/dags/__pycache__/job_intelligent_pipeline.py took 1.396 seconds
[2026-05-19T18:14:36.792+0000] {processor.py:161} INFO - Started process (PID=843) to work on /opt/airflow/dags/__pycache__/job_intelligent_pipeline.py
[2026-05-19T18:14:36.833+0000] {processor.py:830} INFO - Processing file /opt/airflow/dags/__pycache__/job_intelligent_pipeline.py for tasks to queue
[2026-05-19T18:14:36.867+0000] {logging_mixin.py:188} INFO - [2026-05-19T18:14:36.866+0000] {dagbag.py:545} INFO - Filling up the DagBag from /opt/airflow/dags/__pycache__/job_intelligent_pipeline.py
[2026-05-19T18:14:39.064+0000] {processor.py:840} INFO - DAG(s) 'job_intelligent_pipeline_simplified' retrieved from /opt/airflow/dags/__pycache__/job_intelligent_pipeline.py
[2026-05-19T18:14:39.493+0000] {logging_mixin.py:188} INFO - [2026-05-19T18:14:39.492+0000] {dag.py:3096} INFO - Sync 1 DAGs
[2026-05-19T18:14:39.731+0000] {logging_mixin.py:188} INFO - [2026-05-19T18:14:39.730+0000] {dag.py:3954} INFO - Setting next_dagrun for job_intelligent_pipeline_simplified to 2026-05-19 06:00:00+00:00, run_after=2026-05-20 06:00:00+00:00
[2026-05-19T18:14:40.972+0000] {processor.py:183} INFO - Processing /opt/airflow/dags/__pycache__/job_intelligent_pipeline.py took 4.217 seconds
[2026-05-19T18:15:11.988+0000] {processor.py:161} INFO - Started process (PID=857) to work on /opt/airflow/dags/__pycache__/job_intelligent_pipeline.py
[2026-05-19T18:15:12.013+0000] {processor.py:830} INFO - Processing file /opt/airflow/dags/__pycache__/job_intelligent_pipeline.py for tasks to queue
[2026-05-19T18:15:12.029+0000] {logging_mixin.py:188} INFO - [2026-05-19T18:15:12.028+0000] {dagbag.py:545} INFO - Filling up the DagBag from /opt/airflow/dags/__pycache__/job_intelligent_pipeline.py
[2026-05-19T18:15:12.257+0000] {processor.py:840} INFO - DAG(s) 'job_intelligent_pipeline_simplified' retrieved from /opt/airflow/dags/__pycache__/job_intelligent_pipeline.py
[2026-05-19T18:15:12.788+0000] {logging_mixin.py:188} INFO - [2026-05-19T18:15:12.787+0000] {dag.py:3096} INFO - Sync 1 DAGs
[2026-05-19T18:15:13.062+0000] {logging_mixin.py:188} INFO - [2026-05-19T18:15:13.062+0000] {dag.py:3954} INFO - Setting next_dagrun for job_intelligent_pipeline_simplified to 2026-05-19 06:00:00+00:00, run_after=2026-05-20 06:00:00+00:00
[2026-05-19T18:15:13.224+0000] {processor.py:183} INFO - Processing /opt/airflow/dags/__pycache__/job_intelligent_pipeline.py took 1.331 seconds
[2026-05-19T18:15:44.919+0000] {processor.py:161} INFO - Started process (PID=865) to work on /opt/airflow/dags/__pycache__/job_intelligent_pipeline.py
[2026-05-19T18:15:44.936+0000] {processor.py:830} INFO - Processing file /opt/airflow/dags/__pycache__/job_intelligent_pipeline.py for tasks to queue
[2026-05-19T18:15:44.952+0000] {logging_mixin.py:188} INFO - [2026-05-19T18:15:44.951+0000] {dagbag.py:545} INFO - Filling up the DagBag from /opt/airflow/dags/__pycache__/job_intelligent_pipeline.py
[2026-05-19T18:15:45.499+0000] {processor.py:840} INFO - DAG(s) 'job_intelligent_pipeline_simplified' retrieved from /opt/airflow/dags/__pycache__/job_intelligent_pipeline.py
[2026-05-19T18:15:46.591+0000] {logging_mixin.py:188} INFO - [2026-05-19T18:15:46.590+0000] {dag.py:3096} INFO - Sync 1 DAGs
[2026-05-19T18:15:55.258+0000] {logging_mixin.py:188} INFO - [2026-05-19T18:15:55.256+0000] {process_utils.py:263} INFO - Waiting up to 5 seconds for processes to exit...
[2026-05-19T22:55:58.776+0000] {processor.py:161} INFO - Started process (PID=108) to work on /opt/airflow/dags/__pycache__/job_intelligent_pipeline.py
[2026-05-19T22:55:58.793+0000] {processor.py:830} INFO - Processing file /opt/airflow/dags/__pycache__/job_intelligent_pipeline.py for tasks to queue
[2026-05-19T22:55:58.869+0000] {logging_mixin.py:188} INFO - [2026-05-19T22:55:58.853+0000] {dagbag.py:545} INFO - Filling up the DagBag from /opt/airflow/dags/__pycache__/job_intelligent_pipeline.py
[2026-05-19T22:55:59.242+0000] {processor.py:840} INFO - DAG(s) 'job_intelligent_pipeline_simplified' retrieved from /opt/airflow/dags/__pycache__/job_intelligent_pipeline.py
[2026-05-19T22:55:59.477+0000] {logging_mixin.py:188} INFO - [2026-05-19T22:55:59.476+0000] {dag.py:3096} INFO - Sync 1 DAGs
[2026-05-19T22:55:59.840+0000] {logging_mixin.py:188} INFO - [2026-05-19T22:55:59.832+0000] {dag.py:3954} INFO - Setting next_dagrun for job_intelligent_pipeline_simplified to 2026-05-19 06:00:00+00:00, run_after=2026-05-20 06:00:00+00:00
[2026-05-19T22:56:00.106+0000] {processor.py:183} INFO - Processing /opt/airflow/dags/__pycache__/job_intelligent_pipeline.py took 1.403 seconds
[2026-05-19T22:56:30.453+0000] {processor.py:161} INFO - Started process (PID=122) to work on /opt/airflow/dags/__pycache__/job_intelligent_pipeline.py
[2026-05-19T22:56:30.455+0000] {processor.py:830} INFO - Processing file /opt/airflow/dags/__pycache__/job_intelligent_pipeline.py for tasks to queue
[2026-05-19T22:56:30.468+0000] {logging_mixin.py:188} INFO - [2026-05-19T22:56:30.466+0000] {dagbag.py:545} INFO - Filling up the DagBag from /opt/airflow/dags/__pycache__/job_intelligent_pipeline.py
[2026-05-19T22:56:30.575+0000] {processor.py:840} INFO - DAG(s) 'job_intelligent_pipeline_simplified' retrieved from /opt/airflow/dags/__pycache__/job_intelligent_pipeline.py
[2026-05-19T22:56:32.228+0000] {logging_mixin.py:188} INFO - [2026-05-19T22:56:32.227+0000] {dag.py:3096} INFO - Sync 1 DAGs
[2026-05-19T22:56:32.407+0000] {logging_mixin.py:188} INFO - [2026-05-19T22:56:32.406+0000] {dag.py:3954} INFO - Setting next_dagrun for job_intelligent_pipeline_simplified to 2026-05-19 06:00:00+00:00, run_after=2026-05-20 06:00:00+00:00
[2026-05-19T22:56:32.528+0000] {processor.py:183} INFO - Processing /opt/airflow/dags/__pycache__/job_intelligent_pipeline.py took 2.102 seconds
[2026-05-19T22:57:03.274+0000] {processor.py:161} INFO - Started process (PID=130) to work on /opt/airflow/dags/__pycache__/job_intelligent_pipeline.py
[2026-05-19T22:57:03.277+0000] {processor.py:830} INFO - Processing file /opt/airflow/dags/__pycache__/job_intelligent_pipeline.py for tasks to queue
[2026-05-19T22:57:03.284+0000] {logging_mixin.py:188} INFO - [2026-05-19T22:57:03.283+0000] {dagbag.py:545} INFO - Filling up the DagBag from /opt/airflow/dags/__pycache__/job_intelligent_pipeline.py
[2026-05-19T22:57:03.359+0000] {processor.py:840} INFO - DAG(s) 'job_intelligent_pipeline_simplified' retrieved from /opt/airflow/dags/__pycache__/job_intelligent_pipeline.py
[2026-05-19T22:57:03.448+0000] {logging_mixin.py:188} INFO - [2026-05-19T22:57:03.448+0000] {dag.py:3096} INFO - Sync 1 DAGs
[2026-05-19T22:57:03.519+0000] {logging_mixin.py:188} INFO - [2026-05-19T22:57:03.518+0000] {dag.py:3954} INFO - Setting next_dagrun for job_intelligent_pipeline_simplified to 2026-05-19 06:00:00+00:00, run_after=2026-05-20 06:00:00+00:00
[2026-05-19T22:57:03.609+0000] {processor.py:183} INFO - Processing /opt/airflow/dags/__pycache__/job_intelligent_pipeline.py took 0.369 seconds
[2026-05-19T22:57:34.391+0000] {processor.py:161} INFO - Started process (PID=144) to work on /opt/airflow/dags/__pycache__/job_intelligent_pipeline.py
[2026-05-19T22:57:34.393+0000] {processor.py:830} INFO - Processing file /opt/airflow/dags/__pycache__/job_intelligent_pipeline.py for tasks to queue
[2026-05-19T22:57:34.398+0000] {logging_mixin.py:188} INFO - [2026-05-19T22:57:34.397+0000] {dagbag.py:545} INFO - Filling up the DagBag from /opt/airflow/dags/__pycache__/job_intelligent_pipeline.py
[2026-05-19T22:57:34.454+0000] {processor.py:840} INFO - DAG(s) 'job_intelligent_pipeline_simplified' retrieved from /opt/airflow/dags/__pycache__/job_intelligent_pipeline.py
[2026-05-19T22:57:34.546+0000] {logging_mixin.py:188} INFO - [2026-05-19T22:57:34.546+0000] {dag.py:3096} INFO - Sync 1 DAGs
[2026-05-19T22:57:34.600+0000] {logging_mixin.py:188} INFO - [2026-05-19T22:57:34.600+0000] {dag.py:3954} INFO - Setting next_dagrun for job_intelligent_pipeline_simplified to 2026-05-19 06:00:00+00:00, run_after=2026-05-20 06:00:00+00:00
[2026-05-19T22:57:34.679+0000] {processor.py:183} INFO - Processing /opt/airflow/dags/__pycache__/job_intelligent_pipeline.py took 0.318 seconds
[2026-05-19T22:58:05.618+0000] {processor.py:161} INFO - Started process (PID=152) to work on /opt/airflow/dags/__pycache__/job_intelligent_pipeline.py
[2026-05-19T22:58:05.623+0000] {processor.py:830} INFO - Processing file /opt/airflow/dags/__pycache__/job_intelligent_pipeline.py for tasks to queue
[2026-05-19T22:58:05.633+0000] {logging_mixin.py:188} INFO - [2026-05-19T22:58:05.631+0000] {dagbag.py:545} INFO - Filling up the DagBag from /opt/airflow/dags/__pycache__/job_intelligent_pipeline.py
[2026-05-19T22:58:05.703+0000] {processor.py:840} INFO - DAG(s) 'job_intelligent_pipeline_simplified' retrieved from /opt/airflow/dags/__pycache__/job_intelligent_pipeline.py
[2026-05-19T22:58:05.785+0000] {logging_mixin.py:188} INFO - [2026-05-19T22:58:05.784+0000] {dag.py:3096} INFO - Sync 1 DAGs
[2026-05-19T22:58:05.854+0000] {logging_mixin.py:188} INFO - [2026-05-19T22:58:05.854+0000] {dag.py:3954} INFO - Setting next_dagrun for job_intelligent_pipeline_simplified to 2026-05-19 06:00:00+00:00, run_after=2026-05-20 06:00:00+00:00
[2026-05-19T22:58:05.908+0000] {processor.py:183} INFO - Processing /opt/airflow/dags/__pycache__/job_intelligent_pipeline.py took 0.313 seconds
[2026-05-19T22:58:36.604+0000] {processor.py:161} INFO - Started process (PID=166) to work on /opt/airflow/dags/__pycache__/job_intelligent_pipeline.py
[2026-05-19T22:58:36.607+0000] {processor.py:830} INFO - Processing file /opt/airflow/dags/__pycache__/job_intelligent_pipeline.py for tasks to queue
[2026-05-19T22:58:36.612+0000] {logging_mixin.py:188} INFO - [2026-05-19T22:58:36.611+0000] {dagbag.py:545} INFO - Filling up the DagBag from /opt/airflow/dags/__pycache__/job_intelligent_pipeline.py
[2026-05-19T22:58:36.668+0000] {processor.py:840} INFO - DAG(s) 'job_intelligent_pipeline_simplified' retrieved from /opt/airflow/dags/__pycache__/job_intelligent_pipeline.py
[2026-05-19T22:58:36.768+0000] {logging_mixin.py:188} INFO - [2026-05-19T22:58:36.768+0000] {dag.py:3096} INFO - Sync 1 DAGs
[2026-05-19T22:58:36.850+0000] {logging_mixin.py:188} INFO - [2026-05-19T22:58:36.850+0000] {dag.py:3954} INFO - Setting next_dagrun for job_intelligent_pipeline_simplified to 2026-05-19 06:00:00+00:00, run_after=2026-05-20 06:00:00+00:00
[2026-05-19T22:58:36.914+0000] {processor.py:183} INFO - Processing /opt/airflow/dags/__pycache__/job_intelligent_pipeline.py took 0.330 seconds
[2026-05-19T22:59:07.595+0000] {processor.py:161} INFO - Started process (PID=174) to work on /opt/airflow/dags/__pycache__/job_intelligent_pipeline.py
[2026-05-19T22:59:07.600+0000] {processor.py:830} INFO - Processing file /opt/airflow/dags/__pycache__/job_intelligent_pipeline.py for tasks to queue
[2026-05-19T22:59:07.612+0000] {logging_mixin.py:188} INFO - [2026-05-19T22:59:07.611+0000] {dagbag.py:545} INFO - Filling up the DagBag from /opt/airflow/dags/__pycache__/job_intelligent_pipeline.py
[2026-05-19T22:59:07.794+0000] {processor.py:840} INFO - DAG(s) 'job_intelligent_pipeline_simplified' retrieved from /opt/airflow/dags/__pycache__/job_intelligent_pipeline.py
[2026-05-19T22:59:08.051+0000] {logging_mixin.py:188} INFO - [2026-05-19T22:59:08.051+0000] {dag.py:3096} INFO - Sync 1 DAGs
[2026-05-19T22:59:08.222+0000] {logging_mixin.py:188} INFO - [2026-05-19T22:59:08.221+0000] {dag.py:3954} INFO - Setting next_dagrun for job_intelligent_pipeline_simplified to 2026-05-19 06:00:00+00:00, run_after=2026-05-20 06:00:00+00:00
[2026-05-19T22:59:08.373+0000] {processor.py:183} INFO - Processing /opt/airflow/dags/__pycache__/job_intelligent_pipeline.py took 0.799 seconds
[2026-05-19T22:59:39.230+0000] {processor.py:161} INFO - Started process (PID=188) to work on /opt/airflow/dags/__pycache__/job_intelligent_pipeline.py
[2026-05-19T22:59:39.232+0000] {processor.py:830} INFO - Processing file /opt/airflow/dags/__pycache__/job_intelligent_pipeline.py for tasks to queue
[2026-05-19T22:59:39.237+0000] {logging_mixin.py:188} INFO - [2026-05-19T22:59:39.236+0000] {dagbag.py:545} INFO - Filling up the DagBag from /opt/airflow/dags/__pycache__/job_intelligent_pipeline.py
[2026-05-19T22:59:39.292+0000] {processor.py:840} INFO - DAG(s) 'job_intelligent_pipeline_simplified' retrieved from /opt/airflow/dags/__pycache__/job_intelligent_pipeline.py
[2026-05-19T22:59:39.372+0000] {logging_mixin.py:188} INFO - [2026-05-19T22:59:39.372+0000] {dag.py:3096} INFO - Sync 1 DAGs
[2026-05-19T22:59:39.442+0000] {logging_mixin.py:188} INFO - [2026-05-19T22:59:39.441+0000] {dag.py:3954} INFO - Setting next_dagrun for job_intelligent_pipeline_simplified to 2026-05-19 06:00:00+00:00, run_after=2026-05-20 06:00:00+00:00
[2026-05-19T22:59:39.495+0000] {processor.py:183} INFO - Processing /opt/airflow/dags/__pycache__/job_intelligent_pipeline.py took 0.279 seconds
[2026-05-19T23:00:10.329+0000] {processor.py:161} INFO - Started process (PID=196) to work on /opt/airflow/dags/__pycache__/job_intelligent_pipeline.py
[2026-05-19T23:00:10.332+0000] {processor.py:830} INFO - Processing file /opt/airflow/dags/__pycache__/job_intelligent_pipeline.py for tasks to queue
[2026-05-19T23:00:10.338+0000] {logging_mixin.py:188} INFO - [2026-05-19T23:00:10.337+0000] {dagbag.py:545} INFO - Filling up the DagBag from /opt/airflow/dags/__pycache__/job_intelligent_pipeline.py
[2026-05-19T23:00:10.443+0000] {processor.py:840} INFO - DAG(s) 'job_intelligent_pipeline_simplified' retrieved from /opt/airflow/dags/__pycache__/job_intelligent_pipeline.py
[2026-05-19T23:00:10.577+0000] {logging_mixin.py:188} INFO - [2026-05-19T23:00:10.577+0000] {dag.py:3096} INFO - Sync 1 DAGs
[2026-05-19T23:00:10.642+0000] {logging_mixin.py:188} INFO - [2026-05-19T23:00:10.641+0000] {dag.py:3954} INFO - Setting next_dagrun for job_intelligent_pipeline_simplified to 2026-05-19 06:00:00+00:00, run_after=2026-05-20 06:00:00+00:00
[2026-05-19T23:00:10.695+0000] {processor.py:183} INFO - Processing /opt/airflow/dags/__pycache__/job_intelligent_pipeline.py took 0.394 seconds
[2026-05-19T23:00:42.310+0000] {processor.py:161} INFO - Started process (PID=210) to work on /opt/airflow/dags/__pycache__/job_intelligent_pipeline.py
[2026-05-19T23:00:42.323+0000] {processor.py:830} INFO - Processing file /opt/airflow/dags/__pycache__/job_intelligent_pipeline.py for tasks to queue
[2026-05-19T23:00:42.329+0000] {logging_mixin.py:188} INFO - [2026-05-19T23:00:42.328+0000] {dagbag.py:545} INFO - Filling up the DagBag from /opt/airflow/dags/__pycache__/job_intelligent_pipeline.py
[2026-05-19T23:00:42.526+0000] {processor.py:840} INFO - DAG(s) 'job_intelligent_pipeline_simplified' retrieved from /opt/airflow/dags/__pycache__/job_intelligent_pipeline.py
[2026-05-19T23:00:42.856+0000] {logging_mixin.py:188} INFO - [2026-05-19T23:00:42.856+0000] {dag.py:3096} INFO - Sync 1 DAGs
[2026-05-19T23:00:43.096+0000] {logging_mixin.py:188} INFO - [2026-05-19T23:00:43.095+0000] {dag.py:3954} INFO - Setting next_dagrun for job_intelligent_pipeline_simplified to 2026-05-19 06:00:00+00:00, run_after=2026-05-20 06:00:00+00:00
[2026-05-19T23:00:43.418+0000] {processor.py:183} INFO - Processing /opt/airflow/dags/__pycache__/job_intelligent_pipeline.py took 1.157 seconds
[2026-05-19T23:01:15.351+0000] {processor.py:161} INFO - Started process (PID=222) to work on /opt/airflow/dags/__pycache__/job_intelligent_pipeline.py
[2026-05-19T23:01:15.387+0000] {processor.py:830} INFO - Processing file /opt/airflow/dags/__pycache__/job_intelligent_pipeline.py for tasks to queue
[2026-05-19T23:01:15.418+0000] {logging_mixin.py:188} INFO - [2026-05-19T23:01:15.417+0000] {dagbag.py:545} INFO - Filling up the DagBag from /opt/airflow/dags/__pycache__/job_intelligent_pipeline.py
[2026-05-19T23:01:18.900+0000] {processor.py:840} INFO - DAG(s) 'job_intelligent_pipeline_simplified' retrieved from /opt/airflow/dags/__pycache__/job_intelligent_pipeline.py
[2026-05-19T23:01:19.199+0000] {logging_mixin.py:188} INFO - [2026-05-19T23:01:19.199+0000] {dag.py:3096} INFO - Sync 1 DAGs
[2026-05-19T23:01:19.435+0000] {logging_mixin.py:188} INFO - [2026-05-19T23:01:19.434+0000] {dag.py:3954} INFO - Setting next_dagrun for job_intelligent_pipeline_simplified to 2026-05-19 06:00:00+00:00, run_after=2026-05-20 06:00:00+00:00
[2026-05-19T23:01:19.743+0000] {processor.py:183} INFO - Processing /opt/airflow/dags/__pycache__/job_intelligent_pipeline.py took 4.477 seconds
[2026-05-19T23:01:53.222+0000] {processor.py:161} INFO - Started process (PID=236) to work on /opt/airflow/dags/__pycache__/job_intelligent_pipeline.py
[2026-05-19T23:01:53.236+0000] {processor.py:830} INFO - Processing file /opt/airflow/dags/__pycache__/job_intelligent_pipeline.py for tasks to queue
[2026-05-19T23:01:53.253+0000] {logging_mixin.py:188} INFO - [2026-05-19T23:01:53.252+0000] {dagbag.py:545} INFO - Filling up the DagBag from /opt/airflow/dags/__pycache__/job_intelligent_pipeline.py
[2026-05-19T23:01:55.796+0000] {processor.py:840} INFO - DAG(s) 'job_intelligent_pipeline_simplified' retrieved from /opt/airflow/dags/__pycache__/job_intelligent_pipeline.py
[2026-05-19T23:01:56.224+0000] {logging_mixin.py:188} INFO - [2026-05-19T23:01:56.224+0000] {dag.py:3096} INFO - Sync 1 DAGs
[2026-05-19T23:01:56.719+0000] {logging_mixin.py:188} INFO - [2026-05-19T23:01:56.719+0000] {dag.py:3954} INFO - Setting next_dagrun for job_intelligent_pipeline_simplified to 2026-05-19 06:00:00+00:00, run_after=2026-05-20 06:00:00+00:00
[2026-05-19T23:01:56.959+0000] {processor.py:183} INFO - Processing /opt/airflow/dags/__pycache__/job_intelligent_pipeline.py took 3.803 seconds
[2026-05-19T23:02:27.137+0000] {processor.py:161} INFO - Started process (PID=244) to work on /opt/airflow/dags/__pycache__/job_intelligent_pipeline.py
[2026-05-19T23:02:27.140+0000] {processor.py:830} INFO - Processing file /opt/airflow/dags/__pycache__/job_intelligent_pipeline.py for tasks to queue
[2026-05-19T23:02:27.146+0000] {logging_mixin.py:188} INFO - [2026-05-19T23:02:27.145+0000] {dagbag.py:545} INFO - Filling up the DagBag from /opt/airflow/dags/__pycache__/job_intelligent_pipeline.py
[2026-05-19T23:02:27.218+0000] {processor.py:840} INFO - DAG(s) 'job_intelligent_pipeline_simplified' retrieved from /opt/airflow/dags/__pycache__/job_intelligent_pipeline.py
[2026-05-19T23:02:27.350+0000] {logging_mixin.py:188} INFO - [2026-05-19T23:02:27.350+0000] {dag.py:3096} INFO - Sync 1 DAGs
[2026-05-19T23:02:27.450+0000] {logging_mixin.py:188} INFO - [2026-05-19T23:02:27.449+0000] {dag.py:3954} INFO - Setting next_dagrun for job_intelligent_pipeline_simplified to 2026-05-19 06:00:00+00:00, run_after=2026-05-20 06:00:00+00:00
[2026-05-19T23:02:27.540+0000] {processor.py:183} INFO - Processing /opt/airflow/dags/__pycache__/job_intelligent_pipeline.py took 0.419 seconds
[2026-05-19T23:02:57.873+0000] {processor.py:161} INFO - Started process (PID=258) to work on /opt/airflow/dags/__pycache__/job_intelligent_pipeline.py
[2026-05-19T23:02:57.875+0000] {processor.py:830} INFO - Processing file /opt/airflow/dags/__pycache__/job_intelligent_pipeline.py for tasks to queue
[2026-05-19T23:02:57.882+0000] {logging_mixin.py:188} INFO - [2026-05-19T23:02:57.880+0000] {dagbag.py:545} INFO - Filling up the DagBag from /opt/airflow/dags/__pycache__/job_intelligent_pipeline.py
[2026-05-19T23:02:57.940+0000] {processor.py:840} INFO - DAG(s) 'job_intelligent_pipeline_simplified' retrieved from /opt/airflow/dags/__pycache__/job_intelligent_pipeline.py
[2026-05-19T23:02:58.029+0000] {logging_mixin.py:188} INFO - [2026-05-19T23:02:58.028+0000] {dag.py:3096} INFO - Sync 1 DAGs
[2026-05-19T23:02:58.078+0000] {logging_mixin.py:188} INFO - [2026-05-19T23:02:58.078+0000] {dag.py:3954} INFO - Setting next_dagrun for job_intelligent_pipeline_simplified to 2026-05-19 06:00:00+00:00, run_after=2026-05-20 06:00:00+00:00
[2026-05-19T23:02:58.119+0000] {processor.py:183} INFO - Processing /opt/airflow/dags/__pycache__/job_intelligent_pipeline.py took 0.262 seconds
[2026-05-19T23:03:28.746+0000] {processor.py:161} INFO - Started process (PID=266) to work on /opt/airflow/dags/__pycache__/job_intelligent_pipeline.py
[2026-05-19T23:03:28.748+0000] {processor.py:830} INFO - Processing file /opt/airflow/dags/__pycache__/job_intelligent_pipeline.py for tasks to queue
[2026-05-19T23:03:28.752+0000] {logging_mixin.py:188} INFO - [2026-05-19T23:03:28.751+0000] {dagbag.py:545} INFO - Filling up the DagBag from /opt/airflow/dags/__pycache__/job_intelligent_pipeline.py
[2026-05-19T23:03:28.816+0000] {processor.py:840} INFO - DAG(s) 'job_intelligent_pipeline_simplified' retrieved from /opt/airflow/dags/__pycache__/job_intelligent_pipeline.py
[2026-05-19T23:03:28.898+0000] {logging_mixin.py:188} INFO - [2026-05-19T23:03:28.898+0000] {dag.py:3096} INFO - Sync 1 DAGs
[2026-05-19T23:03:29.002+0000] {logging_mixin.py:188} INFO - [2026-05-19T23:03:28.997+0000] {dag.py:3954} INFO - Setting next_dagrun for job_intelligent_pipeline_simplified to 2026-05-19 06:00:00+00:00, run_after=2026-05-20 06:00:00+00:00
[2026-05-19T23:03:29.110+0000] {processor.py:183} INFO - Processing /opt/airflow/dags/__pycache__/job_intelligent_pipeline.py took 0.376 seconds
[2026-05-19T23:04:02.291+0000] {processor.py:161} INFO - Started process (PID=280) to work on /opt/airflow/dags/__pycache__/job_intelligent_pipeline.py
[2026-05-19T23:04:02.333+0000] {processor.py:830} INFO - Processing file /opt/airflow/dags/__pycache__/job_intelligent_pipeline.py for tasks to queue
[2026-05-19T23:04:02.372+0000] {logging_mixin.py:188} INFO - [2026-05-19T23:04:02.371+0000] {dagbag.py:545} INFO - Filling up the DagBag from /opt/airflow/dags/__pycache__/job_intelligent_pipeline.py
[2026-05-19T23:04:03.068+0000] {processor.py:840} INFO - DAG(s) 'job_intelligent_pipeline_simplified' retrieved from /opt/airflow/dags/__pycache__/job_intelligent_pipeline.py
[2026-05-19T23:04:03.287+0000] {logging_mixin.py:188} INFO - [2026-05-19T23:04:03.286+0000] {dag.py:3096} INFO - Sync 1 DAGs
[2026-05-19T23:04:03.461+0000] {logging_mixin.py:188} INFO - [2026-05-19T23:04:03.460+0000] {dag.py:3954} INFO - Setting next_dagrun for job_intelligent_pipeline_simplified to 2026-05-19 06:00:00+00:00, run_after=2026-05-20 06:00:00+00:00
[2026-05-19T23:04:03.556+0000] {processor.py:183} INFO - Processing /opt/airflow/dags/__pycache__/job_intelligent_pipeline.py took 1.313 seconds
[2026-05-19T23:04:34.398+0000] {processor.py:161} INFO - Started process (PID=295) to work on /opt/airflow/dags/__pycache__/job_intelligent_pipeline.py
[2026-05-19T23:04:34.402+0000] {processor.py:830} INFO - Processing file /opt/airflow/dags/__pycache__/job_intelligent_pipeline.py for tasks to queue
[2026-05-19T23:04:34.409+0000] {logging_mixin.py:188} INFO - [2026-05-19T23:04:34.407+0000] {dagbag.py:545} INFO - Filling up the DagBag from /opt/airflow/dags/__pycache__/job_intelligent_pipeline.py
[2026-05-19T23:04:34.523+0000] {processor.py:840} INFO - DAG(s) 'job_intelligent_pipeline_simplified' retrieved from /opt/airflow/dags/__pycache__/job_intelligent_pipeline.py
[2026-05-19T23:04:34.655+0000] {logging_mixin.py:188} INFO - [2026-05-19T23:04:34.654+0000] {dag.py:3096} INFO - Sync 1 DAGs
[2026-05-19T23:04:34.737+0000] {logging_mixin.py:188} INFO - [2026-05-19T23:04:34.736+0000] {dag.py:3954} INFO - Setting next_dagrun for job_intelligent_pipeline_simplified to 2026-05-19 06:00:00+00:00, run_after=2026-05-20 06:00:00+00:00
[2026-05-19T23:04:34.799+0000] {processor.py:183} INFO - Processing /opt/airflow/dags/__pycache__/job_intelligent_pipeline.py took 0.419 seconds
[2026-05-19T23:05:05.190+0000] {processor.py:161} INFO - Started process (PID=304) to work on /opt/airflow/dags/__pycache__/job_intelligent_pipeline.py
[2026-05-19T23:05:05.193+0000] {processor.py:830} INFO - Processing file /opt/airflow/dags/__pycache__/job_intelligent_pipeline.py for tasks to queue
[2026-05-19T23:05:05.198+0000] {logging_mixin.py:188} INFO - [2026-05-19T23:05:05.197+0000] {dagbag.py:545} INFO - Filling up the DagBag from /opt/airflow/dags/__pycache__/job_intelligent_pipeline.py
[2026-05-19T23:05:05.318+0000] {processor.py:840} INFO - DAG(s) 'job_intelligent_pipeline_simplified' retrieved from /opt/airflow/dags/__pycache__/job_intelligent_pipeline.py
[2026-05-19T23:05:05.501+0000] {logging_mixin.py:188} INFO - [2026-05-19T23:05:05.500+0000] {dag.py:3096} INFO - Sync 1 DAGs
[2026-05-19T23:05:05.758+0000] {logging_mixin.py:188} INFO - [2026-05-19T23:05:05.720+0000] {dag.py:3954} INFO - Setting next_dagrun for job_intelligent_pipeline_simplified to 2026-05-19 06:00:00+00:00, run_after=2026-05-20 06:00:00+00:00
[2026-05-19T23:05:06.004+0000] {processor.py:183} INFO - Processing /opt/airflow/dags/__pycache__/job_intelligent_pipeline.py took 0.837 seconds
[2026-05-19T23:05:38.183+0000] {processor.py:161} INFO - Started process (PID=318) to work on /opt/airflow/dags/__pycache__/job_intelligent_pipeline.py
[2026-05-19T23:05:38.200+0000] {processor.py:830} INFO - Processing file /opt/airflow/dags/__pycache__/job_intelligent_pipeline.py for tasks to queue
[2026-05-19T23:05:38.247+0000] {logging_mixin.py:188} INFO - [2026-05-19T23:05:38.246+0000] {dagbag.py:545} INFO - Filling up the DagBag from /opt/airflow/dags/__pycache__/job_intelligent_pipeline.py
[2026-05-19T23:05:41.211+0000] {processor.py:840} INFO - DAG(s) 'job_intelligent_pipeline_simplified' retrieved from /opt/airflow/dags/__pycache__/job_intelligent_pipeline.py
[2026-05-19T23:05:41.475+0000] {logging_mixin.py:188} INFO - [2026-05-19T23:05:41.474+0000] {dag.py:3096} INFO - Sync 1 DAGs
[2026-05-19T23:05:41.685+0000] {logging_mixin.py:188} INFO - [2026-05-19T23:05:41.684+0000] {dag.py:3954} INFO - Setting next_dagrun for job_intelligent_pipeline_simplified to 2026-05-19 06:00:00+00:00, run_after=2026-05-20 06:00:00+00:00
[2026-05-19T23:05:41.936+0000] {processor.py:183} INFO - Processing /opt/airflow/dags/__pycache__/job_intelligent_pipeline.py took 3.813 seconds
[2026-05-19T23:06:13.700+0000] {processor.py:161} INFO - Started process (PID=326) to work on /opt/airflow/dags/__pycache__/job_intelligent_pipeline.py
[2026-05-19T23:06:13.743+0000] {processor.py:830} INFO - Processing file /opt/airflow/dags/__pycache__/job_intelligent_pipeline.py for tasks to queue
[2026-05-19T23:06:13.753+0000] {logging_mixin.py:188} INFO - [2026-05-19T23:06:13.752+0000] {dagbag.py:545} INFO - Filling up the DagBag from /opt/airflow/dags/__pycache__/job_intelligent_pipeline.py
[2026-05-19T23:06:13.929+0000] {processor.py:840} INFO - DAG(s) 'job_intelligent_pipeline_simplified' retrieved from /opt/airflow/dags/__pycache__/job_intelligent_pipeline.py
[2026-05-19T23:06:14.181+0000] {logging_mixin.py:188} INFO - [2026-05-19T23:06:14.180+0000] {dag.py:3096} INFO - Sync 1 DAGs
[2026-05-19T23:06:14.427+0000] {logging_mixin.py:188} INFO - [2026-05-19T23:06:14.426+0000] {dag.py:3954} INFO - Setting next_dagrun for job_intelligent_pipeline_simplified to 2026-05-19 06:00:00+00:00, run_after=2026-05-20 06:00:00+00:00
[2026-05-19T23:06:14.723+0000] {processor.py:183} INFO - Processing /opt/airflow/dags/__pycache__/job_intelligent_pipeline.py took 1.057 seconds
[2026-05-19T23:06:45.150+0000] {processor.py:161} INFO - Started process (PID=340) to work on /opt/airflow/dags/__pycache__/job_intelligent_pipeline.py
[2026-05-19T23:06:45.155+0000] {processor.py:830} INFO - Processing file /opt/airflow/dags/__pycache__/job_intelligent_pipeline.py for tasks to queue
[2026-05-19T23:06:45.171+0000] {logging_mixin.py:188} INFO - [2026-05-19T23:06:45.169+0000] {dagbag.py:545} INFO - Filling up the DagBag from /opt/airflow/dags/__pycache__/job_intelligent_pipeline.py
[2026-05-19T23:06:45.245+0000] {processor.py:840} INFO - DAG(s) 'job_intelligent_pipeline_simplified' retrieved from /opt/airflow/dags/__pycache__/job_intelligent_pipeline.py
[2026-05-19T23:06:45.372+0000] {logging_mixin.py:188} INFO - [2026-05-19T23:06:45.372+0000] {dag.py:3096} INFO - Sync 1 DAGs
[2026-05-19T23:06:45.521+0000] {logging_mixin.py:188} INFO - [2026-05-19T23:06:45.520+0000] {dag.py:3954} INFO - Setting next_dagrun for job_intelligent_pipeline_simplified to 2026-05-19 06:00:00+00:00, run_after=2026-05-20 06:00:00+00:00
[2026-05-19T23:06:45.596+0000] {processor.py:183} INFO - Processing /opt/airflow/dags/__pycache__/job_intelligent_pipeline.py took 0.467 seconds
[2026-05-19T23:07:16.196+0000] {processor.py:161} INFO - Started process (PID=348) to work on /opt/airflow/dags/__pycache__/job_intelligent_pipeline.py
[2026-05-19T23:07:16.203+0000] {processor.py:830} INFO - Processing file /opt/airflow/dags/__pycache__/job_intelligent_pipeline.py for tasks to queue
[2026-05-19T23:07:16.208+0000] {logging_mixin.py:188} INFO - [2026-05-19T23:07:16.207+0000] {dagbag.py:545} INFO - Filling up the DagBag from /opt/airflow/dags/__pycache__/job_intelligent_pipeline.py
[2026-05-19T23:07:16.344+0000] {processor.py:840} INFO - DAG(s) 'job_intelligent_pipeline_simplified' retrieved from /opt/airflow/dags/__pycache__/job_intelligent_pipeline.py
[2026-05-19T23:07:16.657+0000] {logging_mixin.py:188} INFO - [2026-05-19T23:07:16.656+0000] {dag.py:3096} INFO - Sync 1 DAGs
[2026-05-19T23:07:16.838+0000] {logging_mixin.py:188} INFO - [2026-05-19T23:07:16.836+0000] {dag.py:3954} INFO - Setting next_dagrun for job_intelligent_pipeline_simplified to 2026-05-19 06:00:00+00:00, run_after=2026-05-20 06:00:00+00:00
[2026-05-19T23:07:17.033+0000] {processor.py:183} INFO - Processing /opt/airflow/dags/__pycache__/job_intelligent_pipeline.py took 0.867 seconds
[2026-05-19T23:07:47.842+0000] {processor.py:161} INFO - Started process (PID=362) to work on /opt/airflow/dags/__pycache__/job_intelligent_pipeline.py
[2026-05-19T23:07:47.845+0000] {processor.py:830} INFO - Processing file /opt/airflow/dags/__pycache__/job_intelligent_pipeline.py for tasks to queue
[2026-05-19T23:07:47.849+0000] {logging_mixin.py:188} INFO - [2026-05-19T23:07:47.849+0000] {dagbag.py:545} INFO - Filling up the DagBag from /opt/airflow/dags/__pycache__/job_intelligent_pipeline.py
[2026-05-19T23:07:47.927+0000] {processor.py:840} INFO - DAG(s) 'job_intelligent_pipeline_simplified' retrieved from /opt/airflow/dags/__pycache__/job_intelligent_pipeline.py
[2026-05-19T23:07:48.092+0000] {logging_mixin.py:188} INFO - [2026-05-19T23:07:48.091+0000] {dag.py:3096} INFO - Sync 1 DAGs
[2026-05-19T23:07:48.257+0000] {logging_mixin.py:188} INFO - [2026-05-19T23:07:48.256+0000] {dag.py:3954} INFO - Setting next_dagrun for job_intelligent_pipeline_simplified to 2026-05-19 06:00:00+00:00, run_after=2026-05-20 06:00:00+00:00
[2026-05-19T23:07:48.445+0000] {processor.py:183} INFO - Processing /opt/airflow/dags/__pycache__/job_intelligent_pipeline.py took 0.624 seconds
[2026-05-19T23:08:18.762+0000] {processor.py:161} INFO - Started process (PID=376) to work on /opt/airflow/dags/__pycache__/job_intelligent_pipeline.py
[2026-05-19T23:08:18.764+0000] {processor.py:830} INFO - Processing file /opt/airflow/dags/__pycache__/job_intelligent_pipeline.py for tasks to queue
[2026-05-19T23:08:18.768+0000] {logging_mixin.py:188} INFO - [2026-05-19T23:08:18.768+0000] {dagbag.py:545} INFO - Filling up the DagBag from /opt/airflow/dags/__pycache__/job_intelligent_pipeline.py
[2026-05-19T23:08:18.844+0000] {processor.py:840} INFO - DAG(s) 'job_intelligent_pipeline_simplified' retrieved from /opt/airflow/dags/__pycache__/job_intelligent_pipeline.py
[2026-05-19T23:08:19.017+0000] {logging_mixin.py:188} INFO - [2026-05-19T23:08:19.016+0000] {dag.py:3096} INFO - Sync 1 DAGs
[2026-05-19T23:08:19.108+0000] {logging_mixin.py:188} INFO - [2026-05-19T23:08:19.106+0000] {dag.py:3954} INFO - Setting next_dagrun for job_intelligent_pipeline_simplified to 2026-05-19 06:00:00+00:00, run_after=2026-05-20 06:00:00+00:00
[2026-05-19T23:08:19.243+0000] {processor.py:183} INFO - Processing /opt/airflow/dags/__pycache__/job_intelligent_pipeline.py took 0.495 seconds
[2026-05-19T23:08:49.390+0000] {processor.py:161} INFO - Started process (PID=384) to work on /opt/airflow/dags/__pycache__/job_intelligent_pipeline.py
[2026-05-19T23:08:49.396+0000] {processor.py:830} INFO - Processing file /opt/airflow/dags/__pycache__/job_intelligent_pipeline.py for tasks to queue
[2026-05-19T23:08:49.404+0000] {logging_mixin.py:188} INFO - [2026-05-19T23:08:49.403+0000] {dagbag.py:545} INFO - Filling up the DagBag from /opt/airflow/dags/__pycache__/job_intelligent_pipeline.py
[2026-05-19T23:08:49.535+0000] {processor.py:840} INFO - DAG(s) 'job_intelligent_pipeline_simplified' retrieved from /opt/airflow/dags/__pycache__/job_intelligent_pipeline.py
[2026-05-19T23:08:49.716+0000] {logging_mixin.py:188} INFO - [2026-05-19T23:08:49.715+0000] {dag.py:3096} INFO - Sync 1 DAGs
[2026-05-19T23:08:49.837+0000] {logging_mixin.py:188} INFO - [2026-05-19T23:08:49.836+0000] {dag.py:3954} INFO - Setting next_dagrun for job_intelligent_pipeline_simplified to 2026-05-19 06:00:00+00:00, run_after=2026-05-20 06:00:00+00:00
[2026-05-19T23:08:49.941+0000] {processor.py:183} INFO - Processing /opt/airflow/dags/__pycache__/job_intelligent_pipeline.py took 0.572 seconds
[2026-05-19T23:09:20.776+0000] {processor.py:161} INFO - Started process (PID=398) to work on /opt/airflow/dags/__pycache__/job_intelligent_pipeline.py
[2026-05-19T23:09:20.779+0000] {processor.py:830} INFO - Processing file /opt/airflow/dags/__pycache__/job_intelligent_pipeline.py for tasks to queue
[2026-05-19T23:09:20.782+0000] {logging_mixin.py:188} INFO - [2026-05-19T23:09:20.781+0000] {dagbag.py:545} INFO - Filling up the DagBag from /opt/airflow/dags/__pycache__/job_intelligent_pipeline.py
[2026-05-19T23:09:20.829+0000] {processor.py:840} INFO - DAG(s) 'job_intelligent_pipeline_simplified' retrieved from /opt/airflow/dags/__pycache__/job_intelligent_pipeline.py
[2026-05-19T23:09:20.902+0000] {logging_mixin.py:188} INFO - [2026-05-19T23:09:20.901+0000] {dag.py:3096} INFO - Sync 1 DAGs
[2026-05-19T23:09:20.988+0000] {logging_mixin.py:188} INFO - [2026-05-19T23:09:20.987+0000] {dag.py:3954} INFO - Setting next_dagrun for job_intelligent_pipeline_simplified to 2026-05-19 06:00:00+00:00, run_after=2026-05-20 06:00:00+00:00
[2026-05-19T23:09:21.067+0000] {processor.py:183} INFO - Processing /opt/airflow/dags/__pycache__/job_intelligent_pipeline.py took 0.310 seconds
[2026-05-19T23:09:51.967+0000] {processor.py:161} INFO - Started process (PID=405) to work on /opt/airflow/dags/__pycache__/job_intelligent_pipeline.py
[2026-05-19T23:09:51.970+0000] {processor.py:830} INFO - Processing file /opt/airflow/dags/__pycache__/job_intelligent_pipeline.py for tasks to queue
[2026-05-19T23:09:51.975+0000] {logging_mixin.py:188} INFO - [2026-05-19T23:09:51.974+0000] {dagbag.py:545} INFO - Filling up the DagBag from /opt/airflow/dags/__pycache__/job_intelligent_pipeline.py
[2026-05-19T23:09:52.090+0000] {processor.py:840} INFO - DAG(s) 'job_intelligent_pipeline_simplified' retrieved from /opt/airflow/dags/__pycache__/job_intelligent_pipeline.py
[2026-05-19T23:09:52.233+0000] {logging_mixin.py:188} INFO - [2026-05-19T23:09:52.232+0000] {dag.py:3096} INFO - Sync 1 DAGs
[2026-05-19T23:09:52.373+0000] {logging_mixin.py:188} INFO - [2026-05-19T23:09:52.373+0000] {dag.py:3954} INFO - Setting next_dagrun for job_intelligent_pipeline_simplified to 2026-05-19 06:00:00+00:00, run_after=2026-05-20 06:00:00+00:00
[2026-05-19T23:09:52.437+0000] {processor.py:183} INFO - Processing /opt/airflow/dags/__pycache__/job_intelligent_pipeline.py took 0.486 seconds
[2026-05-19T23:10:23.020+0000] {processor.py:161} INFO - Started process (PID=419) to work on /opt/airflow/dags/__pycache__/job_intelligent_pipeline.py
[2026-05-19T23:10:23.022+0000] {processor.py:830} INFO - Processing file /opt/airflow/dags/__pycache__/job_intelligent_pipeline.py for tasks to queue
[2026-05-19T23:10:23.029+0000] {logging_mixin.py:188} INFO - [2026-05-19T23:10:23.028+0000] {dagbag.py:545} INFO - Filling up the DagBag from /opt/airflow/dags/__pycache__/job_intelligent_pipeline.py
[2026-05-19T23:10:23.104+0000] {processor.py:840} INFO - DAG(s) 'job_intelligent_pipeline_simplified' retrieved from /opt/airflow/dags/__pycache__/job_intelligent_pipeline.py
[2026-05-19T23:10:23.285+0000] {logging_mixin.py:188} INFO - [2026-05-19T23:10:23.284+0000] {dag.py:3096} INFO - Sync 1 DAGs
[2026-05-19T23:10:23.364+0000] {logging_mixin.py:188} INFO - [2026-05-19T23:10:23.363+0000] {dag.py:3954} INFO - Setting next_dagrun for job_intelligent_pipeline_simplified to 2026-05-19 06:00:00+00:00, run_after=2026-05-20 06:00:00+00:00
[2026-05-19T23:10:23.456+0000] {processor.py:183} INFO - Processing /opt/airflow/dags/__pycache__/job_intelligent_pipeline.py took 0.454 seconds
[2026-05-19T23:10:53.624+0000] {processor.py:161} INFO - Started process (PID=426) to work on /opt/airflow/dags/__pycache__/job_intelligent_pipeline.py
[2026-05-19T23:10:53.626+0000] {processor.py:830} INFO - Processing file /opt/airflow/dags/__pycache__/job_intelligent_pipeline.py for tasks to queue
[2026-05-19T23:10:53.633+0000] {logging_mixin.py:188} INFO - [2026-05-19T23:10:53.631+0000] {dagbag.py:545} INFO - Filling up the DagBag from /opt/airflow/dags/__pycache__/job_intelligent_pipeline.py
[2026-05-19T23:10:53.696+0000] {processor.py:840} INFO - DAG(s) 'job_intelligent_pipeline_simplified' retrieved from /opt/airflow/dags/__pycache__/job_intelligent_pipeline.py
[2026-05-19T23:10:53.794+0000] {logging_mixin.py:188} INFO - [2026-05-19T23:10:53.794+0000] {dag.py:3096} INFO - Sync 1 DAGs
[2026-05-19T23:10:53.915+0000] {logging_mixin.py:188} INFO - [2026-05-19T23:10:53.914+0000] {dag.py:3954} INFO - Setting next_dagrun for job_intelligent_pipeline_simplified to 2026-05-19 06:00:00+00:00, run_after=2026-05-20 06:00:00+00:00
[2026-05-19T23:10:53.991+0000] {processor.py:183} INFO - Processing /opt/airflow/dags/__pycache__/job_intelligent_pipeline.py took 0.381 seconds
[2026-05-19T23:11:24.335+0000] {processor.py:161} INFO - Started process (PID=440) to work on /opt/airflow/dags/__pycache__/job_intelligent_pipeline.py
[2026-05-19T23:11:24.338+0000] {processor.py:830} INFO - Processing file /opt/airflow/dags/__pycache__/job_intelligent_pipeline.py for tasks to queue
[2026-05-19T23:11:24.342+0000] {logging_mixin.py:188} INFO - [2026-05-19T23:11:24.342+0000] {dagbag.py:545} INFO - Filling up the DagBag from /opt/airflow/dags/__pycache__/job_intelligent_pipeline.py
[2026-05-19T23:11:24.403+0000] {processor.py:840} INFO - DAG(s) 'job_intelligent_pipeline_simplified' retrieved from /opt/airflow/dags/__pycache__/job_intelligent_pipeline.py
[2026-05-19T23:11:24.551+0000] {logging_mixin.py:188} INFO - [2026-05-19T23:11:24.550+0000] {dag.py:3096} INFO - Sync 1 DAGs
[2026-05-19T23:11:24.701+0000] {logging_mixin.py:188} INFO - [2026-05-19T23:11:24.701+0000] {dag.py:3954} INFO - Setting next_dagrun for job_intelligent_pipeline_simplified to 2026-05-19 06:00:00+00:00, run_after=2026-05-20 06:00:00+00:00
[2026-05-19T23:11:24.840+0000] {processor.py:183} INFO - Processing /opt/airflow/dags/__pycache__/job_intelligent_pipeline.py took 0.521 seconds
[2026-05-19T23:11:55.520+0000] {processor.py:161} INFO - Started process (PID=448) to work on /opt/airflow/dags/__pycache__/job_intelligent_pipeline.py
[2026-05-19T23:11:55.523+0000] {processor.py:830} INFO - Processing file /opt/airflow/dags/__pycache__/job_intelligent_pipeline.py for tasks to queue
[2026-05-19T23:11:55.527+0000] {logging_mixin.py:188} INFO - [2026-05-19T23:11:55.527+0000] {dagbag.py:545} INFO - Filling up the DagBag from /opt/airflow/dags/__pycache__/job_intelligent_pipeline.py
[2026-05-19T23:11:55.575+0000] {processor.py:840} INFO - DAG(s) 'job_intelligent_pipeline_simplified' retrieved from /opt/airflow/dags/__pycache__/job_intelligent_pipeline.py
[2026-05-19T23:11:55.661+0000] {logging_mixin.py:188} INFO - [2026-05-19T23:11:55.660+0000] {dag.py:3096} INFO - Sync 1 DAGs
[2026-05-19T23:11:55.712+0000] {logging_mixin.py:188} INFO - [2026-05-19T23:11:55.712+0000] {dag.py:3954} INFO - Setting next_dagrun for job_intelligent_pipeline_simplified to 2026-05-19 06:00:00+00:00, run_after=2026-05-20 06:00:00+00:00
[2026-05-19T23:11:55.766+0000] {processor.py:183} INFO - Processing /opt/airflow/dags/__pycache__/job_intelligent_pipeline.py took 0.259 seconds
[2026-05-19T23:12:26.088+0000] {processor.py:161} INFO - Started process (PID=462) to work on /opt/airflow/dags/__pycache__/job_intelligent_pipeline.py
[2026-05-19T23:12:26.091+0000] {processor.py:830} INFO - Processing file /opt/airflow/dags/__pycache__/job_intelligent_pipeline.py for tasks to queue
[2026-05-19T23:12:26.095+0000] {logging_mixin.py:188} INFO - [2026-05-19T23:12:26.094+0000] {dagbag.py:545} INFO - Filling up the DagBag from /opt/airflow/dags/__pycache__/job_intelligent_pipeline.py
[2026-05-19T23:12:26.151+0000] {processor.py:840} INFO - DAG(s) 'job_intelligent_pipeline_simplified' retrieved from /opt/airflow/dags/__pycache__/job_intelligent_pipeline.py
[2026-05-19T23:12:26.239+0000] {logging_mixin.py:188} INFO - [2026-05-19T23:12:26.238+0000] {dag.py:3096} INFO - Sync 1 DAGs
[2026-05-19T23:12:26.308+0000] {logging_mixin.py:188} INFO - [2026-05-19T23:12:26.307+0000] {dag.py:3954} INFO - Setting next_dagrun for job_intelligent_pipeline_simplified to 2026-05-19 06:00:00+00:00, run_after=2026-05-20 06:00:00+00:00
[2026-05-19T23:12:26.365+0000] {processor.py:183} INFO - Processing /opt/airflow/dags/__pycache__/job_intelligent_pipeline.py took 0.288 seconds
[2026-05-19T23:12:56.474+0000] {processor.py:161} INFO - Started process (PID=470) to work on /opt/airflow/dags/__pycache__/job_intelligent_pipeline.py
[2026-05-19T23:12:56.476+0000] {processor.py:830} INFO - Processing file /opt/airflow/dags/__pycache__/job_intelligent_pipeline.py for tasks to queue
[2026-05-19T23:12:56.481+0000] {logging_mixin.py:188} INFO - [2026-05-19T23:12:56.480+0000] {dagbag.py:545} INFO - Filling up the DagBag from /opt/airflow/dags/__pycache__/job_intelligent_pipeline.py
[2026-05-19T23:12:56.529+0000] {processor.py:840} INFO - DAG(s) 'job_intelligent_pipeline_simplified' retrieved from /opt/airflow/dags/__pycache__/job_intelligent_pipeline.py
[2026-05-19T23:12:56.603+0000] {logging_mixin.py:188} INFO - [2026-05-19T23:12:56.603+0000] {dag.py:3096} INFO - Sync 1 DAGs
[2026-05-19T23:12:56.658+0000] {logging_mixin.py:188} INFO - [2026-05-19T23:12:56.657+0000] {dag.py:3954} INFO - Setting next_dagrun for job_intelligent_pipeline_simplified to 2026-05-19 06:00:00+00:00, run_after=2026-05-20 06:00:00+00:00
[2026-05-19T23:12:56.718+0000] {processor.py:183} INFO - Processing /opt/airflow/dags/__pycache__/job_intelligent_pipeline.py took 0.255 seconds
[2026-05-19T23:13:27.043+0000] {processor.py:161} INFO - Started process (PID=484) to work on /opt/airflow/dags/__pycache__/job_intelligent_pipeline.py
[2026-05-19T23:13:27.046+0000] {processor.py:830} INFO - Processing file /opt/airflow/dags/__pycache__/job_intelligent_pipeline.py for tasks to queue
[2026-05-19T23:13:27.052+0000] {logging_mixin.py:188} INFO - [2026-05-19T23:13:27.051+0000] {dagbag.py:545} INFO - Filling up the DagBag from /opt/airflow/dags/__pycache__/job_intelligent_pipeline.py
[2026-05-19T23:13:27.117+0000] {processor.py:840} INFO - DAG(s) 'job_intelligent_pipeline_simplified' retrieved from /opt/airflow/dags/__pycache__/job_intelligent_pipeline.py
[2026-05-19T23:13:27.265+0000] {logging_mixin.py:188} INFO - [2026-05-19T23:13:27.264+0000] {dag.py:3096} INFO - Sync 1 DAGs
[2026-05-19T23:13:27.428+0000] {logging_mixin.py:188} INFO - [2026-05-19T23:13:27.427+0000] {dag.py:3954} INFO - Setting next_dagrun for job_intelligent_pipeline_simplified to 2026-05-19 06:00:00+00:00, run_after=2026-05-20 06:00:00+00:00
[2026-05-19T23:13:27.636+0000] {processor.py:183} INFO - Processing /opt/airflow/dags/__pycache__/job_intelligent_pipeline.py took 0.613 seconds
[2026-05-19T23:13:57.862+0000] {processor.py:161} INFO - Started process (PID=492) to work on /opt/airflow/dags/__pycache__/job_intelligent_pipeline.py
[2026-05-19T23:13:57.864+0000] {processor.py:830} INFO - Processing file /opt/airflow/dags/__pycache__/job_intelligent_pipeline.py for tasks to queue
[2026-05-19T23:13:57.868+0000] {logging_mixin.py:188} INFO - [2026-05-19T23:13:57.867+0000] {dagbag.py:545} INFO - Filling up the DagBag from /opt/airflow/dags/__pycache__/job_intelligent_pipeline.py
[2026-05-19T23:13:57.920+0000] {processor.py:840} INFO - DAG(s) 'job_intelligent_pipeline_simplified' retrieved from /opt/airflow/dags/__pycache__/job_intelligent_pipeline.py
[2026-05-19T23:13:58.038+0000] {logging_mixin.py:188} INFO - [2026-05-19T23:13:58.037+0000] {dag.py:3096} INFO - Sync 1 DAGs
[2026-05-19T23:13:58.113+0000] {logging_mixin.py:188} INFO - [2026-05-19T23:13:58.113+0000] {dag.py:3954} INFO - Setting next_dagrun for job_intelligent_pipeline_simplified to 2026-05-19 06:00:00+00:00, run_after=2026-05-20 06:00:00+00:00
[2026-05-19T23:13:58.261+0000] {processor.py:183} INFO - Processing /opt/airflow/dags/__pycache__/job_intelligent_pipeline.py took 0.412 seconds
[2026-05-19T23:14:28.769+0000] {processor.py:161} INFO - Started process (PID=506) to work on /opt/airflow/dags/__pycache__/job_intelligent_pipeline.py
[2026-05-19T23:14:28.772+0000] {processor.py:830} INFO - Processing file /opt/airflow/dags/__pycache__/job_intelligent_pipeline.py for tasks to queue
[2026-05-19T23:14:28.779+0000] {logging_mixin.py:188} INFO - [2026-05-19T23:14:28.778+0000] {dagbag.py:545} INFO - Filling up the DagBag from /opt/airflow/dags/__pycache__/job_intelligent_pipeline.py
[2026-05-19T23:14:28.843+0000] {processor.py:840} INFO - DAG(s) 'job_intelligent_pipeline_simplified' retrieved from /opt/airflow/dags/__pycache__/job_intelligent_pipeline.py
[2026-05-19T23:14:28.936+0000] {logging_mixin.py:188} INFO - [2026-05-19T23:14:28.935+0000] {dag.py:3096} INFO - Sync 1 DAGs
[2026-05-19T23:14:29.007+0000] {logging_mixin.py:188} INFO - [2026-05-19T23:14:29.007+0000] {dag.py:3954} INFO - Setting next_dagrun for job_intelligent_pipeline_simplified to 2026-05-19 06:00:00+00:00, run_after=2026-05-20 06:00:00+00:00
[2026-05-19T23:14:29.061+0000] {processor.py:183} INFO - Processing /opt/airflow/dags/__pycache__/job_intelligent_pipeline.py took 0.311 seconds
[2026-05-19T23:14:59.242+0000] {processor.py:161} INFO - Started process (PID=514) to work on /opt/airflow/dags/__pycache__/job_intelligent_pipeline.py
[2026-05-19T23:14:59.244+0000] {processor.py:830} INFO - Processing file /opt/airflow/dags/__pycache__/job_intelligent_pipeline.py for tasks to queue
[2026-05-19T23:14:59.248+0000] {logging_mixin.py:188} INFO - [2026-05-19T23:14:59.247+0000] {dagbag.py:545} INFO - Filling up the DagBag from /opt/airflow/dags/__pycache__/job_intelligent_pipeline.py
[2026-05-19T23:14:59.294+0000] {processor.py:840} INFO - DAG(s) 'job_intelligent_pipeline_simplified' retrieved from /opt/airflow/dags/__pycache__/job_intelligent_pipeline.py
[2026-05-19T23:14:59.375+0000] {logging_mixin.py:188} INFO - [2026-05-19T23:14:59.374+0000] {dag.py:3096} INFO - Sync 1 DAGs
[2026-05-19T23:14:59.458+0000] {logging_mixin.py:188} INFO - [2026-05-19T23:14:59.458+0000] {dag.py:3954} INFO - Setting next_dagrun for job_intelligent_pipeline_simplified to 2026-05-19 06:00:00+00:00, run_after=2026-05-20 06:00:00+00:00
[2026-05-19T23:14:59.516+0000] {processor.py:183} INFO - Processing /opt/airflow/dags/__pycache__/job_intelligent_pipeline.py took 0.285 seconds
[2026-05-19T23:15:30.495+0000] {processor.py:161} INFO - Started process (PID=528) to work on /opt/airflow/dags/__pycache__/job_intelligent_pipeline.py
[2026-05-19T23:15:30.499+0000] {processor.py:830} INFO - Processing file /opt/airflow/dags/__pycache__/job_intelligent_pipeline.py for tasks to queue
[2026-05-19T23:15:30.506+0000] {logging_mixin.py:188} INFO - [2026-05-19T23:15:30.504+0000] {dagbag.py:545} INFO - Filling up the DagBag from /opt/airflow/dags/__pycache__/job_intelligent_pipeline.py
[2026-05-19T23:15:30.611+0000] {processor.py:840} INFO - DAG(s) 'job_intelligent_pipeline_simplified' retrieved from /opt/airflow/dags/__pycache__/job_intelligent_pipeline.py
[2026-05-19T23:15:30.765+0000] {logging_mixin.py:188} INFO - [2026-05-19T23:15:30.763+0000] {dag.py:3096} INFO - Sync 1 DAGs
[2026-05-19T23:15:30.842+0000] {logging_mixin.py:188} INFO - [2026-05-19T23:15:30.842+0000] {dag.py:3954} INFO - Setting next_dagrun for job_intelligent_pipeline_simplified to 2026-05-19 06:00:00+00:00, run_after=2026-05-20 06:00:00+00:00
[2026-05-19T23:15:30.906+0000] {processor.py:183} INFO - Processing /opt/airflow/dags/__pycache__/job_intelligent_pipeline.py took 0.453 seconds
[2026-05-19T23:16:02.043+0000] {processor.py:161} INFO - Started process (PID=542) to work on /opt/airflow/dags/__pycache__/job_intelligent_pipeline.py
[2026-05-19T23:16:02.115+0000] {processor.py:830} INFO - Processing file /opt/airflow/dags/__pycache__/job_intelligent_pipeline.py for tasks to queue
[2026-05-19T23:16:02.149+0000] {logging_mixin.py:188} INFO - [2026-05-19T23:16:02.147+0000] {dagbag.py:545} INFO - Filling up the DagBag from /opt/airflow/dags/__pycache__/job_intelligent_pipeline.py
[2026-05-19T23:16:02.458+0000] {processor.py:840} INFO - DAG(s) 'job_intelligent_pipeline_simplified' retrieved from /opt/airflow/dags/__pycache__/job_intelligent_pipeline.py
[2026-05-19T23:16:02.800+0000] {logging_mixin.py:188} INFO - [2026-05-19T23:16:02.798+0000] {dag.py:3096} INFO - Sync 1 DAGs
[2026-05-19T23:16:03.125+0000] {logging_mixin.py:188} INFO - [2026-05-19T23:16:03.124+0000] {dag.py:3954} INFO - Setting next_dagrun for job_intelligent_pipeline_simplified to 2026-05-19 06:00:00+00:00, run_after=2026-05-20 06:00:00+00:00
[2026-05-19T23:16:03.318+0000] {processor.py:183} INFO - Processing /opt/airflow/dags/__pycache__/job_intelligent_pipeline.py took 1.356 seconds
[2026-05-19T23:16:34.069+0000] {processor.py:161} INFO - Started process (PID=550) to work on /opt/airflow/dags/__pycache__/job_intelligent_pipeline.py
[2026-05-19T23:16:34.072+0000] {processor.py:830} INFO - Processing file /opt/airflow/dags/__pycache__/job_intelligent_pipeline.py for tasks to queue
[2026-05-19T23:16:34.078+0000] {logging_mixin.py:188} INFO - [2026-05-19T23:16:34.077+0000] {dagbag.py:545} INFO - Filling up the DagBag from /opt/airflow/dags/__pycache__/job_intelligent_pipeline.py
[2026-05-19T23:16:34.148+0000] {processor.py:840} INFO - DAG(s) 'job_intelligent_pipeline_simplified' retrieved from /opt/airflow/dags/__pycache__/job_intelligent_pipeline.py
[2026-05-19T23:16:34.257+0000] {logging_mixin.py:188} INFO - [2026-05-19T23:16:34.257+0000] {dag.py:3096} INFO - Sync 1 DAGs
[2026-05-19T23:16:34.392+0000] {logging_mixin.py:188} INFO - [2026-05-19T23:16:34.391+0000] {dag.py:3954} INFO - Setting next_dagrun for job_intelligent_pipeline_simplified to 2026-05-19 06:00:00+00:00, run_after=2026-05-20 06:00:00+00:00
[2026-05-19T23:16:34.503+0000] {processor.py:183} INFO - Processing /opt/airflow/dags/__pycache__/job_intelligent_pipeline.py took 0.454 seconds
[2026-05-19T23:17:05.130+0000] {processor.py:161} INFO - Started process (PID=564) to work on /opt/airflow/dags/__pycache__/job_intelligent_pipeline.py
[2026-05-19T23:17:05.132+0000] {processor.py:830} INFO - Processing file /opt/airflow/dags/__pycache__/job_intelligent_pipeline.py for tasks to queue
[2026-05-19T23:17:05.137+0000] {logging_mixin.py:188} INFO - [2026-05-19T23:17:05.136+0000] {dagbag.py:545} INFO - Filling up the DagBag from /opt/airflow/dags/__pycache__/job_intelligent_pipeline.py
[2026-05-19T23:17:05.217+0000] {processor.py:840} INFO - DAG(s) 'job_intelligent_pipeline_simplified' retrieved from /opt/airflow/dags/__pycache__/job_intelligent_pipeline.py
[2026-05-19T23:17:05.301+0000] {logging_mixin.py:188} INFO - [2026-05-19T23:17:05.300+0000] {dag.py:3096} INFO - Sync 1 DAGs
[2026-05-19T23:17:05.367+0000] {logging_mixin.py:188} INFO - [2026-05-19T23:17:05.367+0000] {dag.py:3954} INFO - Setting next_dagrun for job_intelligent_pipeline_simplified to 2026-05-19 06:00:00+00:00, run_after=2026-05-20 06:00:00+00:00
[2026-05-19T23:17:05.413+0000] {processor.py:183} INFO - Processing /opt/airflow/dags/__pycache__/job_intelligent_pipeline.py took 0.300 seconds
[2026-05-19T23:17:36.015+0000] {processor.py:161} INFO - Started process (PID=572) to work on /opt/airflow/dags/__pycache__/job_intelligent_pipeline.py
[2026-05-19T23:17:36.017+0000] {processor.py:830} INFO - Processing file /opt/airflow/dags/__pycache__/job_intelligent_pipeline.py for tasks to queue
[2026-05-19T23:17:36.022+0000] {logging_mixin.py:188} INFO - [2026-05-19T23:17:36.021+0000] {dagbag.py:545} INFO - Filling up the DagBag from /opt/airflow/dags/__pycache__/job_intelligent_pipeline.py
[2026-05-19T23:17:36.071+0000] {processor.py:840} INFO - DAG(s) 'job_intelligent_pipeline_simplified' retrieved from /opt/airflow/dags/__pycache__/job_intelligent_pipeline.py
[2026-05-19T23:17:36.185+0000] {logging_mixin.py:188} INFO - [2026-05-19T23:17:36.185+0000] {dag.py:3096} INFO - Sync 1 DAGs
[2026-05-19T23:17:36.270+0000] {logging_mixin.py:188} INFO - [2026-05-19T23:17:36.269+0000] {dag.py:3954} INFO - Setting next_dagrun for job_intelligent_pipeline_simplified to 2026-05-19 06:00:00+00:00, run_after=2026-05-20 06:00:00+00:00
[2026-05-19T23:17:36.332+0000] {processor.py:183} INFO - Processing /opt/airflow/dags/__pycache__/job_intelligent_pipeline.py took 0.329 seconds
[2026-05-19T23:18:07.296+0000] {processor.py:161} INFO - Started process (PID=585) to work on /opt/airflow/dags/__pycache__/job_intelligent_pipeline.py
[2026-05-19T23:18:07.298+0000] {processor.py:830} INFO - Processing file /opt/airflow/dags/__pycache__/job_intelligent_pipeline.py for tasks to queue
[2026-05-19T23:18:07.303+0000] {logging_mixin.py:188} INFO - [2026-05-19T23:18:07.302+0000] {dagbag.py:545} INFO - Filling up the DagBag from /opt/airflow/dags/__pycache__/job_intelligent_pipeline.py
[2026-05-19T23:18:07.351+0000] {processor.py:840} INFO - DAG(s) 'job_intelligent_pipeline_simplified' retrieved from /opt/airflow/dags/__pycache__/job_intelligent_pipeline.py
[2026-05-19T23:18:07.428+0000] {logging_mixin.py:188} INFO - [2026-05-19T23:18:07.427+0000] {dag.py:3096} INFO - Sync 1 DAGs
[2026-05-19T23:18:07.480+0000] {logging_mixin.py:188} INFO - [2026-05-19T23:18:07.479+0000] {dag.py:3954} INFO - Setting next_dagrun for job_intelligent_pipeline_simplified to 2026-05-19 06:00:00+00:00, run_after=2026-05-20 06:00:00+00:00
[2026-05-19T23:18:07.529+0000] {processor.py:183} INFO - Processing /opt/airflow/dags/__pycache__/job_intelligent_pipeline.py took 0.245 seconds
[2026-05-19T23:18:38.021+0000] {processor.py:161} INFO - Started process (PID=593) to work on /opt/airflow/dags/__pycache__/job_intelligent_pipeline.py
[2026-05-19T23:18:38.024+0000] {processor.py:830} INFO - Processing file /opt/airflow/dags/__pycache__/job_intelligent_pipeline.py for tasks to queue
[2026-05-19T23:18:38.029+0000] {logging_mixin.py:188} INFO - [2026-05-19T23:18:38.028+0000] {dagbag.py:545} INFO - Filling up the DagBag from /opt/airflow/dags/__pycache__/job_intelligent_pipeline.py
[2026-05-19T23:18:38.092+0000] {processor.py:840} INFO - DAG(s) 'job_intelligent_pipeline_simplified' retrieved from /opt/airflow/dags/__pycache__/job_intelligent_pipeline.py
[2026-05-19T23:18:38.211+0000] {logging_mixin.py:188} INFO - [2026-05-19T23:18:38.210+0000] {dag.py:3096} INFO - Sync 1 DAGs
[2026-05-19T23:18:38.303+0000] {logging_mixin.py:188} INFO - [2026-05-19T23:18:38.302+0000] {dag.py:3954} INFO - Setting next_dagrun for job_intelligent_pipeline_simplified to 2026-05-19 06:00:00+00:00, run_after=2026-05-20 06:00:00+00:00
[2026-05-19T23:18:38.400+0000] {processor.py:183} INFO - Processing /opt/airflow/dags/__pycache__/job_intelligent_pipeline.py took 0.404 seconds
[2026-05-19T23:19:09.209+0000] {processor.py:161} INFO - Started process (PID=607) to work on /opt/airflow/dags/__pycache__/job_intelligent_pipeline.py
[2026-05-19T23:19:09.211+0000] {processor.py:830} INFO - Processing file /opt/airflow/dags/__pycache__/job_intelligent_pipeline.py for tasks to queue
[2026-05-19T23:19:09.215+0000] {logging_mixin.py:188} INFO - [2026-05-19T23:19:09.214+0000] {dagbag.py:545} INFO - Filling up the DagBag from /opt/airflow/dags/__pycache__/job_intelligent_pipeline.py
[2026-05-19T23:19:09.278+0000] {processor.py:840} INFO - DAG(s) 'job_intelligent_pipeline_simplified' retrieved from /opt/airflow/dags/__pycache__/job_intelligent_pipeline.py
[2026-05-19T23:19:09.378+0000] {logging_mixin.py:188} INFO - [2026-05-19T23:19:09.378+0000] {dag.py:3096} INFO - Sync 1 DAGs
[2026-05-19T23:19:09.471+0000] {logging_mixin.py:188} INFO - [2026-05-19T23:19:09.471+0000] {dag.py:3954} INFO - Setting next_dagrun for job_intelligent_pipeline_simplified to 2026-05-19 06:00:00+00:00, run_after=2026-05-20 06:00:00+00:00
[2026-05-19T23:19:09.555+0000] {processor.py:183} INFO - Processing /opt/airflow/dags/__pycache__/job_intelligent_pipeline.py took 0.361 seconds
[2026-05-19T23:19:40.258+0000] {processor.py:161} INFO - Started process (PID=615) to work on /opt/airflow/dags/__pycache__/job_intelligent_pipeline.py
[2026-05-19T23:19:40.260+0000] {processor.py:830} INFO - Processing file /opt/airflow/dags/__pycache__/job_intelligent_pipeline.py for tasks to queue
[2026-05-19T23:19:40.265+0000] {logging_mixin.py:188} INFO - [2026-05-19T23:19:40.264+0000] {dagbag.py:545} INFO - Filling up the DagBag from /opt/airflow/dags/__pycache__/job_intelligent_pipeline.py
[2026-05-19T23:19:40.328+0000] {processor.py:840} INFO - DAG(s) 'job_intelligent_pipeline_simplified' retrieved from /opt/airflow/dags/__pycache__/job_intelligent_pipeline.py
[2026-05-19T23:19:40.460+0000] {logging_mixin.py:188} INFO - [2026-05-19T23:19:40.460+0000] {dag.py:3096} INFO - Sync 1 DAGs
[2026-05-19T23:19:40.670+0000] {logging_mixin.py:188} INFO - [2026-05-19T23:19:40.669+0000] {dag.py:3954} INFO - Setting next_dagrun for job_intelligent_pipeline_simplified to 2026-05-19 06:00:00+00:00, run_after=2026-05-20 06:00:00+00:00
[2026-05-19T23:19:40.794+0000] {processor.py:183} INFO - Processing /opt/airflow/dags/__pycache__/job_intelligent_pipeline.py took 0.552 seconds
[2026-05-19T23:20:10.977+0000] {processor.py:161} INFO - Started process (PID=629) to work on /opt/airflow/dags/__pycache__/job_intelligent_pipeline.py
[2026-05-19T23:20:10.979+0000] {processor.py:830} INFO - Processing file /opt/airflow/dags/__pycache__/job_intelligent_pipeline.py for tasks to queue
[2026-05-19T23:20:10.983+0000] {logging_mixin.py:188} INFO - [2026-05-19T23:20:10.982+0000] {dagbag.py:545} INFO - Filling up the DagBag from /opt/airflow/dags/__pycache__/job_intelligent_pipeline.py
[2026-05-19T23:20:11.066+0000] {processor.py:840} INFO - DAG(s) 'job_intelligent_pipeline_simplified' retrieved from /opt/airflow/dags/__pycache__/job_intelligent_pipeline.py
[2026-05-19T23:20:11.152+0000] {logging_mixin.py:188} INFO - [2026-05-19T23:20:11.152+0000] {dag.py:3096} INFO - Sync 1 DAGs
[2026-05-19T23:20:11.223+0000] {logging_mixin.py:188} INFO - [2026-05-19T23:20:11.222+0000] {dag.py:3954} INFO - Setting next_dagrun for job_intelligent_pipeline_simplified to 2026-05-19 06:00:00+00:00, run_after=2026-05-20 06:00:00+00:00
[2026-05-19T23:20:11.274+0000] {processor.py:183} INFO - Processing /opt/airflow/dags/__pycache__/job_intelligent_pipeline.py took 0.310 seconds
[2026-05-19T23:20:42.240+0000] {processor.py:161} INFO - Started process (PID=637) to work on /opt/airflow/dags/__pycache__/job_intelligent_pipeline.py
[2026-05-19T23:20:42.243+0000] {processor.py:830} INFO - Processing file /opt/airflow/dags/__pycache__/job_intelligent_pipeline.py for tasks to queue
[2026-05-19T23:20:42.249+0000] {logging_mixin.py:188} INFO - [2026-05-19T23:20:42.248+0000] {dagbag.py:545} INFO - Filling up the DagBag from /opt/airflow/dags/__pycache__/job_intelligent_pipeline.py
[2026-05-19T23:20:42.314+0000] {processor.py:840} INFO - DAG(s) 'job_intelligent_pipeline_simplified' retrieved from /opt/airflow/dags/__pycache__/job_intelligent_pipeline.py
[2026-05-19T23:20:42.426+0000] {logging_mixin.py:188} INFO - [2026-05-19T23:20:42.425+0000] {dag.py:3096} INFO - Sync 1 DAGs
[2026-05-19T23:20:42.515+0000] {logging_mixin.py:188} INFO - [2026-05-19T23:20:42.514+0000] {dag.py:3954} INFO - Setting next_dagrun for job_intelligent_pipeline_simplified to 2026-05-19 06:00:00+00:00, run_after=2026-05-20 06:00:00+00:00
[2026-05-19T23:20:42.612+0000] {processor.py:183} INFO - Processing /opt/airflow/dags/__pycache__/job_intelligent_pipeline.py took 0.388 seconds
[2026-05-19T23:21:12.908+0000] {processor.py:161} INFO - Started process (PID=651) to work on /opt/airflow/dags/__pycache__/job_intelligent_pipeline.py
[2026-05-19T23:21:12.914+0000] {processor.py:830} INFO - Processing file /opt/airflow/dags/__pycache__/job_intelligent_pipeline.py for tasks to queue
[2026-05-19T23:21:12.972+0000] {logging_mixin.py:188} INFO - [2026-05-19T23:21:12.971+0000] {dagbag.py:545} INFO - Filling up the DagBag from /opt/airflow/dags/__pycache__/job_intelligent_pipeline.py
[2026-05-19T23:21:13.434+0000] {processor.py:840} INFO - DAG(s) 'job_intelligent_pipeline_simplified' retrieved from /opt/airflow/dags/__pycache__/job_intelligent_pipeline.py
[2026-05-19T23:21:13.550+0000] {logging_mixin.py:188} INFO - [2026-05-19T23:21:13.550+0000] {dag.py:3096} INFO - Sync 1 DAGs
[2026-05-19T23:21:13.609+0000] {logging_mixin.py:188} INFO - [2026-05-19T23:21:13.609+0000] {dag.py:3954} INFO - Setting next_dagrun for job_intelligent_pipeline_simplified to 2026-05-19 06:00:00+00:00, run_after=2026-05-20 06:00:00+00:00
[2026-05-19T23:21:13.656+0000] {processor.py:183} INFO - Processing /opt/airflow/dags/__pycache__/job_intelligent_pipeline.py took 0.778 seconds
[2026-05-19T23:21:43.819+0000] {processor.py:161} INFO - Started process (PID=658) to work on /opt/airflow/dags/__pycache__/job_intelligent_pipeline.py
[2026-05-19T23:21:43.837+0000] {processor.py:830} INFO - Processing file /opt/airflow/dags/__pycache__/job_intelligent_pipeline.py for tasks to queue
[2026-05-19T23:21:43.844+0000] {logging_mixin.py:188} INFO - [2026-05-19T23:21:43.842+0000] {dagbag.py:545} INFO - Filling up the DagBag from /opt/airflow/dags/__pycache__/job_intelligent_pipeline.py
[2026-05-19T23:21:43.930+0000] {processor.py:840} INFO - DAG(s) 'job_intelligent_pipeline_simplified' retrieved from /opt/airflow/dags/__pycache__/job_intelligent_pipeline.py
[2026-05-19T23:21:44.036+0000] {logging_mixin.py:188} INFO - [2026-05-19T23:21:44.036+0000] {dag.py:3096} INFO - Sync 1 DAGs
[2026-05-19T23:21:44.132+0000] {logging_mixin.py:188} INFO - [2026-05-19T23:21:44.131+0000] {dag.py:3954} INFO - Setting next_dagrun for job_intelligent_pipeline_simplified to 2026-05-19 06:00:00+00:00, run_after=2026-05-20 06:00:00+00:00
[2026-05-19T23:21:44.212+0000] {processor.py:183} INFO - Processing /opt/airflow/dags/__pycache__/job_intelligent_pipeline.py took 0.407 seconds
[2026-05-19T23:22:14.571+0000] {processor.py:161} INFO - Started process (PID=673) to work on /opt/airflow/dags/__pycache__/job_intelligent_pipeline.py
[2026-05-19T23:22:14.573+0000] {processor.py:830} INFO - Processing file /opt/airflow/dags/__pycache__/job_intelligent_pipeline.py for tasks to queue
[2026-05-19T23:22:14.579+0000] {logging_mixin.py:188} INFO - [2026-05-19T23:22:14.577+0000] {dagbag.py:545} INFO - Filling up the DagBag from /opt/airflow/dags/__pycache__/job_intelligent_pipeline.py
[2026-05-19T23:22:14.636+0000] {processor.py:840} INFO - DAG(s) 'job_intelligent_pipeline_simplified' retrieved from /opt/airflow/dags/__pycache__/job_intelligent_pipeline.py
[2026-05-19T23:22:14.763+0000] {logging_mixin.py:188} INFO - [2026-05-19T23:22:14.762+0000] {dag.py:3096} INFO - Sync 1 DAGs
[2026-05-19T23:22:14.912+0000] {logging_mixin.py:188} INFO - [2026-05-19T23:22:14.911+0000] {dag.py:3954} INFO - Setting next_dagrun for job_intelligent_pipeline_simplified to 2026-05-19 06:00:00+00:00, run_after=2026-05-20 06:00:00+00:00
[2026-05-19T23:22:14.959+0000] {processor.py:183} INFO - Processing /opt/airflow/dags/__pycache__/job_intelligent_pipeline.py took 0.403 seconds
[2026-05-19T23:22:45.355+0000] {processor.py:161} INFO - Started process (PID=687) to work on /opt/airflow/dags/__pycache__/job_intelligent_pipeline.py
[2026-05-19T23:22:45.358+0000] {processor.py:830} INFO - Processing file /opt/airflow/dags/__pycache__/job_intelligent_pipeline.py for tasks to queue
[2026-05-19T23:22:45.362+0000] {logging_mixin.py:188} INFO - [2026-05-19T23:22:45.361+0000] {dagbag.py:545} INFO - Filling up the DagBag from /opt/airflow/dags/__pycache__/job_intelligent_pipeline.py
[2026-05-19T23:22:45.413+0000] {processor.py:840} INFO - DAG(s) 'job_intelligent_pipeline_simplified' retrieved from /opt/airflow/dags/__pycache__/job_intelligent_pipeline.py
[2026-05-19T23:22:45.506+0000] {logging_mixin.py:188} INFO - [2026-05-19T23:22:45.506+0000] {dag.py:3096} INFO - Sync 1 DAGs
[2026-05-19T23:22:45.567+0000] {logging_mixin.py:188} INFO - [2026-05-19T23:22:45.567+0000] {dag.py:3954} INFO - Setting next_dagrun for job_intelligent_pipeline_simplified to 2026-05-19 06:00:00+00:00, run_after=2026-05-20 06:00:00+00:00
[2026-05-19T23:22:45.634+0000] {processor.py:183} INFO - Processing /opt/airflow/dags/__pycache__/job_intelligent_pipeline.py took 0.291 seconds
[2026-05-19T23:23:15.995+0000] {processor.py:161} INFO - Started process (PID=695) to work on /opt/airflow/dags/__pycache__/job_intelligent_pipeline.py
[2026-05-19T23:23:15.997+0000] {processor.py:830} INFO - Processing file /opt/airflow/dags/__pycache__/job_intelligent_pipeline.py for tasks to queue
[2026-05-19T23:23:16.001+0000] {logging_mixin.py:188} INFO - [2026-05-19T23:23:16.000+0000] {dagbag.py:545} INFO - Filling up the DagBag from /opt/airflow/dags/__pycache__/job_intelligent_pipeline.py
[2026-05-19T23:23:16.048+0000] {processor.py:840} INFO - DAG(s) 'job_intelligent_pipeline_simplified' retrieved from /opt/airflow/dags/__pycache__/job_intelligent_pipeline.py
[2026-05-19T23:23:16.121+0000] {logging_mixin.py:188} INFO - [2026-05-19T23:23:16.121+0000] {dag.py:3096} INFO - Sync 1 DAGs
[2026-05-19T23:23:16.183+0000] {logging_mixin.py:188} INFO - [2026-05-19T23:23:16.183+0000] {dag.py:3954} INFO - Setting next_dagrun for job_intelligent_pipeline_simplified to 2026-05-19 06:00:00+00:00, run_after=2026-05-20 06:00:00+00:00
[2026-05-19T23:23:16.224+0000] {processor.py:183} INFO - Processing /opt/airflow/dags/__pycache__/job_intelligent_pipeline.py took 0.242 seconds
[2026-05-19T23:23:46.458+0000] {processor.py:161} INFO - Started process (PID=709) to work on /opt/airflow/dags/__pycache__/job_intelligent_pipeline.py
[2026-05-19T23:23:46.460+0000] {processor.py:830} INFO - Processing file /opt/airflow/dags/__pycache__/job_intelligent_pipeline.py for tasks to queue
[2026-05-19T23:23:46.465+0000] {logging_mixin.py:188} INFO - [2026-05-19T23:23:46.464+0000] {dagbag.py:545} INFO - Filling up the DagBag from /opt/airflow/dags/__pycache__/job_intelligent_pipeline.py
[2026-05-19T23:23:46.521+0000] {processor.py:840} INFO - DAG(s) 'job_intelligent_pipeline_simplified' retrieved from /opt/airflow/dags/__pycache__/job_intelligent_pipeline.py
[2026-05-19T23:23:46.606+0000] {logging_mixin.py:188} INFO - [2026-05-19T23:23:46.605+0000] {dag.py:3096} INFO - Sync 1 DAGs
[2026-05-19T23:23:46.676+0000] {logging_mixin.py:188} INFO - [2026-05-19T23:23:46.676+0000] {dag.py:3954} INFO - Setting next_dagrun for job_intelligent_pipeline_simplified to 2026-05-19 06:00:00+00:00, run_after=2026-05-20 06:00:00+00:00
[2026-05-19T23:23:46.735+0000] {processor.py:183} INFO - Processing /opt/airflow/dags/__pycache__/job_intelligent_pipeline.py took 0.292 seconds
[2026-05-19T23:24:17.108+0000] {processor.py:161} INFO - Started process (PID=718) to work on /opt/airflow/dags/__pycache__/job_intelligent_pipeline.py
[2026-05-19T23:24:17.110+0000] {processor.py:830} INFO - Processing file /opt/airflow/dags/__pycache__/job_intelligent_pipeline.py for tasks to queue
[2026-05-19T23:24:17.113+0000] {logging_mixin.py:188} INFO - [2026-05-19T23:24:17.113+0000] {dagbag.py:545} INFO - Filling up the DagBag from /opt/airflow/dags/__pycache__/job_intelligent_pipeline.py
[2026-05-19T23:24:17.160+0000] {processor.py:840} INFO - DAG(s) 'job_intelligent_pipeline_simplified' retrieved from /opt/airflow/dags/__pycache__/job_intelligent_pipeline.py
[2026-05-19T23:24:17.229+0000] {logging_mixin.py:188} INFO - [2026-05-19T23:24:17.229+0000] {dag.py:3096} INFO - Sync 1 DAGs
[2026-05-19T23:24:17.280+0000] {logging_mixin.py:188} INFO - [2026-05-19T23:24:17.280+0000] {dag.py:3954} INFO - Setting next_dagrun for job_intelligent_pipeline_simplified to 2026-05-19 06:00:00+00:00, run_after=2026-05-20 06:00:00+00:00
[2026-05-19T23:24:17.333+0000] {processor.py:183} INFO - Processing /opt/airflow/dags/__pycache__/job_intelligent_pipeline.py took 0.237 seconds
[2026-05-19T23:24:47.886+0000] {processor.py:161} INFO - Started process (PID=732) to work on /opt/airflow/dags/__pycache__/job_intelligent_pipeline.py
[2026-05-19T23:24:47.889+0000] {processor.py:830} INFO - Processing file /opt/airflow/dags/__pycache__/job_intelligent_pipeline.py for tasks to queue
[2026-05-19T23:24:47.894+0000] {logging_mixin.py:188} INFO - [2026-05-19T23:24:47.893+0000] {dagbag.py:545} INFO - Filling up the DagBag from /opt/airflow/dags/__pycache__/job_intelligent_pipeline.py
[2026-05-19T23:24:47.961+0000] {processor.py:840} INFO - DAG(s) 'job_intelligent_pipeline_simplified' retrieved from /opt/airflow/dags/__pycache__/job_intelligent_pipeline.py
[2026-05-19T23:24:48.123+0000] {logging_mixin.py:188} INFO - [2026-05-19T23:24:48.122+0000] {dag.py:3096} INFO - Sync 1 DAGs
[2026-05-19T23:24:48.270+0000] {logging_mixin.py:188} INFO - [2026-05-19T23:24:48.270+0000] {dag.py:3954} INFO - Setting next_dagrun for job_intelligent_pipeline_simplified to 2026-05-19 06:00:00+00:00, run_after=2026-05-20 06:00:00+00:00
[2026-05-19T23:24:48.322+0000] {processor.py:183} INFO - Processing /opt/airflow/dags/__pycache__/job_intelligent_pipeline.py took 0.448 seconds
[2026-05-19T23:25:18.818+0000] {processor.py:161} INFO - Started process (PID=740) to work on /opt/airflow/dags/__pycache__/job_intelligent_pipeline.py
[2026-05-19T23:25:18.820+0000] {processor.py:830} INFO - Processing file /opt/airflow/dags/__pycache__/job_intelligent_pipeline.py for tasks to queue
[2026-05-19T23:25:18.825+0000] {logging_mixin.py:188} INFO - [2026-05-19T23:25:18.824+0000] {dagbag.py:545} INFO - Filling up the DagBag from /opt/airflow/dags/__pycache__/job_intelligent_pipeline.py
[2026-05-19T23:25:18.891+0000] {processor.py:840} INFO - DAG(s) 'job_intelligent_pipeline_simplified' retrieved from /opt/airflow/dags/__pycache__/job_intelligent_pipeline.py
[2026-05-19T23:25:18.988+0000] {logging_mixin.py:188} INFO - [2026-05-19T23:25:18.987+0000] {dag.py:3096} INFO - Sync 1 DAGs
[2026-05-19T23:25:19.062+0000] {logging_mixin.py:188} INFO - [2026-05-19T23:25:19.062+0000] {dag.py:3954} INFO - Setting next_dagrun for job_intelligent_pipeline_simplified to 2026-05-19 06:00:00+00:00, run_after=2026-05-20 06:00:00+00:00
[2026-05-19T23:25:19.115+0000] {processor.py:183} INFO - Processing /opt/airflow/dags/__pycache__/job_intelligent_pipeline.py took 0.307 seconds
[2026-05-19T23:25:49.499+0000] {processor.py:161} INFO - Started process (PID=755) to work on /opt/airflow/dags/__pycache__/job_intelligent_pipeline.py
[2026-05-19T23:25:49.502+0000] {processor.py:830} INFO - Processing file /opt/airflow/dags/__pycache__/job_intelligent_pipeline.py for tasks to queue
[2026-05-19T23:25:49.507+0000] {logging_mixin.py:188} INFO - [2026-05-19T23:25:49.506+0000] {dagbag.py:545} INFO - Filling up the DagBag from /opt/airflow/dags/__pycache__/job_intelligent_pipeline.py
[2026-05-19T23:25:49.574+0000] {processor.py:840} INFO - DAG(s) 'job_intelligent_pipeline_simplified' retrieved from /opt/airflow/dags/__pycache__/job_intelligent_pipeline.py
[2026-05-19T23:25:49.668+0000] {logging_mixin.py:188} INFO - [2026-05-19T23:25:49.667+0000] {dag.py:3096} INFO - Sync 1 DAGs
[2026-05-19T23:25:49.762+0000] {logging_mixin.py:188} INFO - [2026-05-19T23:25:49.761+0000] {dag.py:3954} INFO - Setting next_dagrun for job_intelligent_pipeline_simplified to 2026-05-19 06:00:00+00:00, run_after=2026-05-20 06:00:00+00:00
[2026-05-19T23:25:49.830+0000] {processor.py:183} INFO - Processing /opt/airflow/dags/__pycache__/job_intelligent_pipeline.py took 0.346 seconds
[2026-05-19T23:26:20.474+0000] {processor.py:161} INFO - Started process (PID=763) to work on /opt/airflow/dags/__pycache__/job_intelligent_pipeline.py
[2026-05-19T23:26:20.476+0000] {processor.py:830} INFO - Processing file /opt/airflow/dags/__pycache__/job_intelligent_pipeline.py for tasks to queue
[2026-05-19T23:26:20.481+0000] {logging_mixin.py:188} INFO - [2026-05-19T23:26:20.480+0000] {dagbag.py:545} INFO - Filling up the DagBag from /opt/airflow/dags/__pycache__/job_intelligent_pipeline.py
[2026-05-19T23:26:20.530+0000] {processor.py:840} INFO - DAG(s) 'job_intelligent_pipeline_simplified' retrieved from /opt/airflow/dags/__pycache__/job_intelligent_pipeline.py
[2026-05-19T23:26:20.627+0000] {logging_mixin.py:188} INFO - [2026-05-19T23:26:20.626+0000] {dag.py:3096} INFO - Sync 1 DAGs
[2026-05-19T23:26:20.698+0000] {logging_mixin.py:188} INFO - [2026-05-19T23:26:20.698+0000] {dag.py:3954} INFO - Setting next_dagrun for job_intelligent_pipeline_simplified to 2026-05-19 06:00:00+00:00, run_after=2026-05-20 06:00:00+00:00
[2026-05-19T23:26:20.757+0000] {processor.py:183} INFO - Processing /opt/airflow/dags/__pycache__/job_intelligent_pipeline.py took 0.300 seconds
[2026-05-19T23:26:50.948+0000] {processor.py:161} INFO - Started process (PID=778) to work on /opt/airflow/dags/__pycache__/job_intelligent_pipeline.py
[2026-05-19T23:26:50.953+0000] {processor.py:830} INFO - Processing file /opt/airflow/dags/__pycache__/job_intelligent_pipeline.py for tasks to queue
[2026-05-19T23:26:50.958+0000] {logging_mixin.py:188} INFO - [2026-05-19T23:26:50.957+0000] {dagbag.py:545} INFO - Filling up the DagBag from /opt/airflow/dags/__pycache__/job_intelligent_pipeline.py
[2026-05-19T23:26:51.043+0000] {processor.py:840} INFO - DAG(s) 'job_intelligent_pipeline_simplified' retrieved from /opt/airflow/dags/__pycache__/job_intelligent_pipeline.py
[2026-05-19T23:26:51.123+0000] {logging_mixin.py:188} INFO - [2026-05-19T23:26:51.122+0000] {dag.py:3096} INFO - Sync 1 DAGs
[2026-05-19T23:26:51.176+0000] {logging_mixin.py:188} INFO - [2026-05-19T23:26:51.175+0000] {dag.py:3954} INFO - Setting next_dagrun for job_intelligent_pipeline_simplified to 2026-05-19 06:00:00+00:00, run_after=2026-05-20 06:00:00+00:00
[2026-05-19T23:26:51.253+0000] {processor.py:183} INFO - Processing /opt/airflow/dags/__pycache__/job_intelligent_pipeline.py took 0.326 seconds
[2026-05-19T23:27:22.241+0000] {processor.py:161} INFO - Started process (PID=786) to work on /opt/airflow/dags/__pycache__/job_intelligent_pipeline.py
[2026-05-19T23:27:22.252+0000] {processor.py:830} INFO - Processing file /opt/airflow/dags/__pycache__/job_intelligent_pipeline.py for tasks to queue
[2026-05-19T23:27:22.259+0000] {logging_mixin.py:188} INFO - [2026-05-19T23:27:22.258+0000] {dagbag.py:545} INFO - Filling up the DagBag from /opt/airflow/dags/__pycache__/job_intelligent_pipeline.py
[2026-05-19T23:27:22.430+0000] {processor.py:840} INFO - DAG(s) 'job_intelligent_pipeline_simplified' retrieved from /opt/airflow/dags/__pycache__/job_intelligent_pipeline.py
[2026-05-19T23:27:22.546+0000] {logging_mixin.py:188} INFO - [2026-05-19T23:27:22.545+0000] {dag.py:3096} INFO - Sync 1 DAGs
[2026-05-19T23:27:22.612+0000] {logging_mixin.py:188} INFO - [2026-05-19T23:27:22.611+0000] {dag.py:3954} INFO - Setting next_dagrun for job_intelligent_pipeline_simplified to 2026-05-19 06:00:00+00:00, run_after=2026-05-20 06:00:00+00:00
[2026-05-19T23:27:22.681+0000] {processor.py:183} INFO - Processing /opt/airflow/dags/__pycache__/job_intelligent_pipeline.py took 0.471 seconds
[2026-05-19T23:27:53.027+0000] {processor.py:161} INFO - Started process (PID=800) to work on /opt/airflow/dags/__pycache__/job_intelligent_pipeline.py
[2026-05-19T23:27:53.040+0000] {processor.py:830} INFO - Processing file /opt/airflow/dags/__pycache__/job_intelligent_pipeline.py for tasks to queue
[2026-05-19T23:27:53.049+0000] {logging_mixin.py:188} INFO - [2026-05-19T23:27:53.047+0000] {dagbag.py:545} INFO - Filling up the DagBag from /opt/airflow/dags/__pycache__/job_intelligent_pipeline.py
[2026-05-19T23:27:53.116+0000] {processor.py:840} INFO - DAG(s) 'job_intelligent_pipeline_simplified' retrieved from /opt/airflow/dags/__pycache__/job_intelligent_pipeline.py
[2026-05-19T23:27:53.200+0000] {logging_mixin.py:188} INFO - [2026-05-19T23:27:53.199+0000] {dag.py:3096} INFO - Sync 1 DAGs
[2026-05-19T23:27:53.351+0000] {logging_mixin.py:188} INFO - [2026-05-19T23:27:53.351+0000] {dag.py:3954} INFO - Setting next_dagrun for job_intelligent_pipeline_simplified to 2026-05-19 06:00:00+00:00, run_after=2026-05-20 06:00:00+00:00
[2026-05-19T23:27:53.448+0000] {processor.py:183} INFO - Processing /opt/airflow/dags/__pycache__/job_intelligent_pipeline.py took 0.450 seconds
[2026-05-19T23:28:23.677+0000] {processor.py:161} INFO - Started process (PID=808) to work on /opt/airflow/dags/__pycache__/job_intelligent_pipeline.py
[2026-05-19T23:28:23.679+0000] {processor.py:830} INFO - Processing file /opt/airflow/dags/__pycache__/job_intelligent_pipeline.py for tasks to queue
[2026-05-19T23:28:23.686+0000] {logging_mixin.py:188} INFO - [2026-05-19T23:28:23.685+0000] {dagbag.py:545} INFO - Filling up the DagBag from /opt/airflow/dags/__pycache__/job_intelligent_pipeline.py
[2026-05-19T23:28:23.759+0000] {processor.py:840} INFO - DAG(s) 'job_intelligent_pipeline_simplified' retrieved from /opt/airflow/dags/__pycache__/job_intelligent_pipeline.py
[2026-05-19T23:28:23.861+0000] {logging_mixin.py:188} INFO - [2026-05-19T23:28:23.860+0000] {dag.py:3096} INFO - Sync 1 DAGs
[2026-05-19T23:28:23.916+0000] {logging_mixin.py:188} INFO - [2026-05-19T23:28:23.915+0000] {dag.py:3954} INFO - Setting next_dagrun for job_intelligent_pipeline_simplified to 2026-05-19 06:00:00+00:00, run_after=2026-05-20 06:00:00+00:00
[2026-05-19T23:28:23.964+0000] {processor.py:183} INFO - Processing /opt/airflow/dags/__pycache__/job_intelligent_pipeline.py took 0.303 seconds
[2026-05-19T23:28:54.541+0000] {processor.py:161} INFO - Started process (PID=821) to work on /opt/airflow/dags/__pycache__/job_intelligent_pipeline.py
[2026-05-19T23:28:54.543+0000] {processor.py:830} INFO - Processing file /opt/airflow/dags/__pycache__/job_intelligent_pipeline.py for tasks to queue
[2026-05-19T23:28:54.549+0000] {logging_mixin.py:188} INFO - [2026-05-19T23:28:54.548+0000] {dagbag.py:545} INFO - Filling up the DagBag from /opt/airflow/dags/__pycache__/job_intelligent_pipeline.py
[2026-05-19T23:28:54.634+0000] {processor.py:840} INFO - DAG(s) 'job_intelligent_pipeline_simplified' retrieved from /opt/airflow/dags/__pycache__/job_intelligent_pipeline.py
[2026-05-19T23:28:54.725+0000] {logging_mixin.py:188} INFO - [2026-05-19T23:28:54.724+0000] {dag.py:3096} INFO - Sync 1 DAGs
[2026-05-19T23:28:54.807+0000] {logging_mixin.py:188} INFO - [2026-05-19T23:28:54.807+0000] {dag.py:3954} INFO - Setting next_dagrun for job_intelligent_pipeline_simplified to 2026-05-19 06:00:00+00:00, run_after=2026-05-20 06:00:00+00:00
[2026-05-19T23:28:54.878+0000] {processor.py:183} INFO - Processing /opt/airflow/dags/__pycache__/job_intelligent_pipeline.py took 0.348 seconds
[2026-05-19T23:29:25.704+0000] {processor.py:161} INFO - Started process (PID=828) to work on /opt/airflow/dags/__pycache__/job_intelligent_pipeline.py
[2026-05-19T23:29:25.707+0000] {processor.py:830} INFO - Processing file /opt/airflow/dags/__pycache__/job_intelligent_pipeline.py for tasks to queue
[2026-05-19T23:29:25.712+0000] {logging_mixin.py:188} INFO - [2026-05-19T23:29:25.711+0000] {dagbag.py:545} INFO - Filling up the DagBag from /opt/airflow/dags/__pycache__/job_intelligent_pipeline.py
[2026-05-19T23:29:25.777+0000] {processor.py:840} INFO - DAG(s) 'job_intelligent_pipeline_simplified' retrieved from /opt/airflow/dags/__pycache__/job_intelligent_pipeline.py
[2026-05-19T23:29:25.854+0000] {logging_mixin.py:188} INFO - [2026-05-19T23:29:25.854+0000] {dag.py:3096} INFO - Sync 1 DAGs
[2026-05-19T23:29:25.907+0000] {logging_mixin.py:188} INFO - [2026-05-19T23:29:25.906+0000] {dag.py:3954} INFO - Setting next_dagrun for job_intelligent_pipeline_simplified to 2026-05-19 06:00:00+00:00, run_after=2026-05-20 06:00:00+00:00
[2026-05-19T23:29:25.963+0000] {processor.py:183} INFO - Processing /opt/airflow/dags/__pycache__/job_intelligent_pipeline.py took 0.277 seconds
[2026-05-19T23:29:56.515+0000] {processor.py:161} INFO - Started process (PID=842) to work on /opt/airflow/dags/__pycache__/job_intelligent_pipeline.py
[2026-05-19T23:29:56.522+0000] {processor.py:830} INFO - Processing file /opt/airflow/dags/__pycache__/job_intelligent_pipeline.py for tasks to queue
[2026-05-19T23:29:56.550+0000] {logging_mixin.py:188} INFO - [2026-05-19T23:29:56.548+0000] {dagbag.py:545} INFO - Filling up the DagBag from /opt/airflow/dags/__pycache__/job_intelligent_pipeline.py
[2026-05-19T23:29:56.723+0000] {processor.py:840} INFO - DAG(s) 'job_intelligent_pipeline_simplified' retrieved from /opt/airflow/dags/__pycache__/job_intelligent_pipeline.py
[2026-05-19T23:29:56.806+0000] {logging_mixin.py:188} INFO - [2026-05-19T23:29:56.805+0000] {dag.py:3096} INFO - Sync 1 DAGs
[2026-05-19T23:29:56.865+0000] {logging_mixin.py:188} INFO - [2026-05-19T23:29:56.864+0000] {dag.py:3954} INFO - Setting next_dagrun for job_intelligent_pipeline_simplified to 2026-05-19 06:00:00+00:00, run_after=2026-05-20 06:00:00+00:00
[2026-05-19T23:29:56.940+0000] {processor.py:183} INFO - Processing /opt/airflow/dags/__pycache__/job_intelligent_pipeline.py took 0.481 seconds
[2026-05-19T23:30:27.195+0000] {processor.py:161} INFO - Started process (PID=850) to work on /opt/airflow/dags/__pycache__/job_intelligent_pipeline.py
[2026-05-19T23:30:27.197+0000] {processor.py:830} INFO - Processing file /opt/airflow/dags/__pycache__/job_intelligent_pipeline.py for tasks to queue
[2026-05-19T23:30:27.202+0000] {logging_mixin.py:188} INFO - [2026-05-19T23:30:27.201+0000] {dagbag.py:545} INFO - Filling up the DagBag from /opt/airflow/dags/__pycache__/job_intelligent_pipeline.py
[2026-05-19T23:30:27.251+0000] {processor.py:840} INFO - DAG(s) 'job_intelligent_pipeline_simplified' retrieved from /opt/airflow/dags/__pycache__/job_intelligent_pipeline.py
[2026-05-19T23:30:27.344+0000] {logging_mixin.py:188} INFO - [2026-05-19T23:30:27.344+0000] {dag.py:3096} INFO - Sync 1 DAGs
[2026-05-19T23:30:27.403+0000] {logging_mixin.py:188} INFO - [2026-05-19T23:30:27.402+0000] {dag.py:3954} INFO - Setting next_dagrun for job_intelligent_pipeline_simplified to 2026-05-19 06:00:00+00:00, run_after=2026-05-20 06:00:00+00:00
[2026-05-19T23:30:27.444+0000] {processor.py:183} INFO - Processing /opt/airflow/dags/__pycache__/job_intelligent_pipeline.py took 0.263 seconds
[2026-05-19T23:30:58.577+0000] {processor.py:161} INFO - Started process (PID=865) to work on /opt/airflow/dags/__pycache__/job_intelligent_pipeline.py
[2026-05-19T23:30:58.584+0000] {processor.py:830} INFO - Processing file /opt/airflow/dags/__pycache__/job_intelligent_pipeline.py for tasks to queue
[2026-05-19T23:30:58.594+0000] {logging_mixin.py:188} INFO - [2026-05-19T23:30:58.593+0000] {dagbag.py:545} INFO - Filling up the DagBag from /opt/airflow/dags/__pycache__/job_intelligent_pipeline.py
[2026-05-19T23:30:58.657+0000] {processor.py:840} INFO - DAG(s) 'job_intelligent_pipeline_simplified' retrieved from /opt/airflow/dags/__pycache__/job_intelligent_pipeline.py
[2026-05-19T23:30:58.813+0000] {logging_mixin.py:188} INFO - [2026-05-19T23:30:58.812+0000] {dag.py:3096} INFO - Sync 1 DAGs
[2026-05-19T23:30:58.863+0000] {logging_mixin.py:188} INFO - [2026-05-19T23:30:58.863+0000] {dag.py:3954} INFO - Setting next_dagrun for job_intelligent_pipeline_simplified to 2026-05-19 06:00:00+00:00, run_after=2026-05-20 06:00:00+00:00
[2026-05-19T23:30:58.902+0000] {processor.py:183} INFO - Processing /opt/airflow/dags/__pycache__/job_intelligent_pipeline.py took 0.367 seconds
[2026-05-19T23:31:29.217+0000] {processor.py:161} INFO - Started process (PID=880) to work on /opt/airflow/dags/__pycache__/job_intelligent_pipeline.py
[2026-05-19T23:31:29.219+0000] {processor.py:830} INFO - Processing file /opt/airflow/dags/__pycache__/job_intelligent_pipeline.py for tasks to queue
[2026-05-19T23:31:29.222+0000] {logging_mixin.py:188} INFO - [2026-05-19T23:31:29.222+0000] {dagbag.py:545} INFO - Filling up the DagBag from /opt/airflow/dags/__pycache__/job_intelligent_pipeline.py
[2026-05-19T23:31:29.268+0000] {processor.py:840} INFO - DAG(s) 'job_intelligent_pipeline_simplified' retrieved from /opt/airflow/dags/__pycache__/job_intelligent_pipeline.py
[2026-05-19T23:31:29.341+0000] {logging_mixin.py:188} INFO - [2026-05-19T23:31:29.341+0000] {dag.py:3096} INFO - Sync 1 DAGs
[2026-05-19T23:31:29.394+0000] {logging_mixin.py:188} INFO - [2026-05-19T23:31:29.394+0000] {dag.py:3954} INFO - Setting next_dagrun for job_intelligent_pipeline_simplified to 2026-05-19 06:00:00+00:00, run_after=2026-05-20 06:00:00+00:00
[2026-05-19T23:31:29.449+0000] {processor.py:183} INFO - Processing /opt/airflow/dags/__pycache__/job_intelligent_pipeline.py took 0.245 seconds
[2026-05-19T23:31:59.726+0000] {processor.py:161} INFO - Started process (PID=888) to work on /opt/airflow/dags/__pycache__/job_intelligent_pipeline.py
[2026-05-19T23:31:59.728+0000] {processor.py:830} INFO - Processing file /opt/airflow/dags/__pycache__/job_intelligent_pipeline.py for tasks to queue
[2026-05-19T23:31:59.735+0000] {logging_mixin.py:188} INFO - [2026-05-19T23:31:59.734+0000] {dagbag.py:545} INFO - Filling up the DagBag from /opt/airflow/dags/__pycache__/job_intelligent_pipeline.py
[2026-05-19T23:32:00.530+0000] {processor.py:840} INFO - DAG(s) 'job_intelligent_pipeline_simplified' retrieved from /opt/airflow/dags/__pycache__/job_intelligent_pipeline.py
[2026-05-19T23:32:00.731+0000] {logging_mixin.py:188} INFO - [2026-05-19T23:32:00.731+0000] {dag.py:3096} INFO - Sync 1 DAGs
[2026-05-19T23:32:00.838+0000] {logging_mixin.py:188} INFO - [2026-05-19T23:32:00.837+0000] {dag.py:3954} INFO - Setting next_dagrun for job_intelligent_pipeline_simplified to 2026-05-19 06:00:00+00:00, run_after=2026-05-20 06:00:00+00:00
[2026-05-19T23:32:00.942+0000] {processor.py:183} INFO - Processing /opt/airflow/dags/__pycache__/job_intelligent_pipeline.py took 1.246 seconds
[2026-05-19T23:32:31.828+0000] {processor.py:161} INFO - Started process (PID=902) to work on /opt/airflow/dags/__pycache__/job_intelligent_pipeline.py
[2026-05-19T23:32:31.831+0000] {processor.py:830} INFO - Processing file /opt/airflow/dags/__pycache__/job_intelligent_pipeline.py for tasks to queue
[2026-05-19T23:32:31.837+0000] {logging_mixin.py:188} INFO - [2026-05-19T23:32:31.836+0000] {dagbag.py:545} INFO - Filling up the DagBag from /opt/airflow/dags/__pycache__/job_intelligent_pipeline.py
[2026-05-19T23:32:31.906+0000] {processor.py:840} INFO - DAG(s) 'job_intelligent_pipeline_simplified' retrieved from /opt/airflow/dags/__pycache__/job_intelligent_pipeline.py
[2026-05-19T23:32:32.041+0000] {logging_mixin.py:188} INFO - [2026-05-19T23:32:32.040+0000] {dag.py:3096} INFO - Sync 1 DAGs
[2026-05-19T23:32:32.134+0000] {logging_mixin.py:188} INFO - [2026-05-19T23:32:32.132+0000] {dag.py:3954} INFO - Setting next_dagrun for job_intelligent_pipeline_simplified to 2026-05-19 06:00:00+00:00, run_after=2026-05-20 06:00:00+00:00
[2026-05-19T23:32:32.253+0000] {processor.py:183} INFO - Processing /opt/airflow/dags/__pycache__/job_intelligent_pipeline.py took 0.446 seconds
[2026-05-19T23:33:03.068+0000] {processor.py:161} INFO - Started process (PID=910) to work on /opt/airflow/dags/__pycache__/job_intelligent_pipeline.py
[2026-05-19T23:33:03.071+0000] {processor.py:830} INFO - Processing file /opt/airflow/dags/__pycache__/job_intelligent_pipeline.py for tasks to queue
[2026-05-19T23:33:03.086+0000] {logging_mixin.py:188} INFO - [2026-05-19T23:33:03.085+0000] {dagbag.py:545} INFO - Filling up the DagBag from /opt/airflow/dags/__pycache__/job_intelligent_pipeline.py
[2026-05-19T23:33:03.248+0000] {processor.py:840} INFO - DAG(s) 'job_intelligent_pipeline_simplified' retrieved from /opt/airflow/dags/__pycache__/job_intelligent_pipeline.py
[2026-05-19T23:33:03.440+0000] {logging_mixin.py:188} INFO - [2026-05-19T23:33:03.440+0000] {dag.py:3096} INFO - Sync 1 DAGs
[2026-05-19T23:33:03.533+0000] {logging_mixin.py:188} INFO - [2026-05-19T23:33:03.532+0000] {dag.py:3954} INFO - Setting next_dagrun for job_intelligent_pipeline_simplified to 2026-05-19 06:00:00+00:00, run_after=2026-05-20 06:00:00+00:00
[2026-05-19T23:33:03.688+0000] {processor.py:183} INFO - Processing /opt/airflow/dags/__pycache__/job_intelligent_pipeline.py took 0.675 seconds
[2026-05-19T23:33:33.904+0000] {processor.py:161} INFO - Started process (PID=924) to work on /opt/airflow/dags/__pycache__/job_intelligent_pipeline.py
[2026-05-19T23:33:33.907+0000] {processor.py:830} INFO - Processing file /opt/airflow/dags/__pycache__/job_intelligent_pipeline.py for tasks to queue
[2026-05-19T23:33:33.913+0000] {logging_mixin.py:188} INFO - [2026-05-19T23:33:33.912+0000] {dagbag.py:545} INFO - Filling up the DagBag from /opt/airflow/dags/__pycache__/job_intelligent_pipeline.py
[2026-05-19T23:33:33.999+0000] {processor.py:840} INFO - DAG(s) 'job_intelligent_pipeline_simplified' retrieved from /opt/airflow/dags/__pycache__/job_intelligent_pipeline.py
[2026-05-19T23:33:34.110+0000] {logging_mixin.py:188} INFO - [2026-05-19T23:33:34.109+0000] {dag.py:3096} INFO - Sync 1 DAGs
[2026-05-19T23:33:34.188+0000] {logging_mixin.py:188} INFO - [2026-05-19T23:33:34.187+0000] {dag.py:3954} INFO - Setting next_dagrun for job_intelligent_pipeline_simplified to 2026-05-19 06:00:00+00:00, run_after=2026-05-20 06:00:00+00:00
[2026-05-19T23:33:34.239+0000] {processor.py:183} INFO - Processing /opt/airflow/dags/__pycache__/job_intelligent_pipeline.py took 0.355 seconds
[2026-05-19T23:34:04.869+0000] {processor.py:161} INFO - Started process (PID=931) to work on /opt/airflow/dags/__pycache__/job_intelligent_pipeline.py
[2026-05-19T23:34:04.871+0000] {processor.py:830} INFO - Processing file /opt/airflow/dags/__pycache__/job_intelligent_pipeline.py for tasks to queue
[2026-05-19T23:34:04.874+0000] {logging_mixin.py:188} INFO - [2026-05-19T23:34:04.874+0000] {dagbag.py:545} INFO - Filling up the DagBag from /opt/airflow/dags/__pycache__/job_intelligent_pipeline.py
[2026-05-19T23:34:04.932+0000] {processor.py:840} INFO - DAG(s) 'job_intelligent_pipeline_simplified' retrieved from /opt/airflow/dags/__pycache__/job_intelligent_pipeline.py
[2026-05-19T23:34:05.012+0000] {logging_mixin.py:188} INFO - [2026-05-19T23:34:05.012+0000] {dag.py:3096} INFO - Sync 1 DAGs
[2026-05-19T23:34:05.067+0000] {logging_mixin.py:188} INFO - [2026-05-19T23:34:05.067+0000] {dag.py:3954} INFO - Setting next_dagrun for job_intelligent_pipeline_simplified to 2026-05-19 06:00:00+00:00, run_after=2026-05-20 06:00:00+00:00
[2026-05-19T23:34:05.108+0000] {processor.py:183} INFO - Processing /opt/airflow/dags/__pycache__/job_intelligent_pipeline.py took 0.249 seconds
[2026-05-19T23:34:35.279+0000] {processor.py:161} INFO - Started process (PID=946) to work on /opt/airflow/dags/__pycache__/job_intelligent_pipeline.py
[2026-05-19T23:34:35.283+0000] {processor.py:830} INFO - Processing file /opt/airflow/dags/__pycache__/job_intelligent_pipeline.py for tasks to queue
[2026-05-19T23:34:35.289+0000] {logging_mixin.py:188} INFO - [2026-05-19T23:34:35.288+0000] {dagbag.py:545} INFO - Filling up the DagBag from /opt/airflow/dags/__pycache__/job_intelligent_pipeline.py
[2026-05-19T23:34:35.346+0000] {processor.py:840} INFO - DAG(s) 'job_intelligent_pipeline_simplified' retrieved from /opt/airflow/dags/__pycache__/job_intelligent_pipeline.py
[2026-05-19T23:34:35.426+0000] {logging_mixin.py:188} INFO - [2026-05-19T23:34:35.426+0000] {dag.py:3096} INFO - Sync 1 DAGs
[2026-05-19T23:34:35.481+0000] {logging_mixin.py:188} INFO - [2026-05-19T23:34:35.481+0000] {dag.py:3954} INFO - Setting next_dagrun for job_intelligent_pipeline_simplified to 2026-05-19 06:00:00+00:00, run_after=2026-05-20 06:00:00+00:00
[2026-05-19T23:34:35.524+0000] {processor.py:183} INFO - Processing /opt/airflow/dags/__pycache__/job_intelligent_pipeline.py took 0.259 seconds
[2026-05-19T23:35:05.774+0000] {processor.py:161} INFO - Started process (PID=955) to work on /opt/airflow/dags/__pycache__/job_intelligent_pipeline.py
[2026-05-19T23:35:05.776+0000] {processor.py:830} INFO - Processing file /opt/airflow/dags/__pycache__/job_intelligent_pipeline.py for tasks to queue
[2026-05-19T23:35:05.780+0000] {logging_mixin.py:188} INFO - [2026-05-19T23:35:05.780+0000] {dagbag.py:545} INFO - Filling up the DagBag from /opt/airflow/dags/__pycache__/job_intelligent_pipeline.py
[2026-05-19T23:35:05.825+0000] {processor.py:840} INFO - DAG(s) 'job_intelligent_pipeline_simplified' retrieved from /opt/airflow/dags/__pycache__/job_intelligent_pipeline.py
[2026-05-19T23:35:05.897+0000] {logging_mixin.py:188} INFO - [2026-05-19T23:35:05.897+0000] {dag.py:3096} INFO - Sync 1 DAGs
[2026-05-19T23:35:05.946+0000] {logging_mixin.py:188} INFO - [2026-05-19T23:35:05.946+0000] {dag.py:3954} INFO - Setting next_dagrun for job_intelligent_pipeline_simplified to 2026-05-19 06:00:00+00:00, run_after=2026-05-20 06:00:00+00:00
[2026-05-19T23:35:05.982+0000] {processor.py:183} INFO - Processing /opt/airflow/dags/__pycache__/job_intelligent_pipeline.py took 0.222 seconds
[2026-05-19T23:35:36.777+0000] {processor.py:161} INFO - Started process (PID=969) to work on /opt/airflow/dags/__pycache__/job_intelligent_pipeline.py
[2026-05-19T23:35:36.779+0000] {processor.py:830} INFO - Processing file /opt/airflow/dags/__pycache__/job_intelligent_pipeline.py for tasks to queue
[2026-05-19T23:35:36.782+0000] {logging_mixin.py:188} INFO - [2026-05-19T23:35:36.782+0000] {dagbag.py:545} INFO - Filling up the DagBag from /opt/airflow/dags/__pycache__/job_intelligent_pipeline.py
[2026-05-19T23:35:36.830+0000] {processor.py:840} INFO - DAG(s) 'job_intelligent_pipeline_simplified' retrieved from /opt/airflow/dags/__pycache__/job_intelligent_pipeline.py
[2026-05-19T23:35:36.904+0000] {logging_mixin.py:188} INFO - [2026-05-19T23:35:36.903+0000] {dag.py:3096} INFO - Sync 1 DAGs
[2026-05-19T23:35:36.987+0000] {logging_mixin.py:188} INFO - [2026-05-19T23:35:36.987+0000] {dag.py:3954} INFO - Setting next_dagrun for job_intelligent_pipeline_simplified to 2026-05-19 06:00:00+00:00, run_after=2026-05-20 06:00:00+00:00
[2026-05-19T23:35:37.068+0000] {processor.py:183} INFO - Processing /opt/airflow/dags/__pycache__/job_intelligent_pipeline.py took 0.305 seconds
[2026-05-19T23:36:07.939+0000] {processor.py:161} INFO - Started process (PID=976) to work on /opt/airflow/dags/__pycache__/job_intelligent_pipeline.py
[2026-05-19T23:36:07.942+0000] {processor.py:830} INFO - Processing file /opt/airflow/dags/__pycache__/job_intelligent_pipeline.py for tasks to queue
[2026-05-19T23:36:07.950+0000] {logging_mixin.py:188} INFO - [2026-05-19T23:36:07.949+0000] {dagbag.py:545} INFO - Filling up the DagBag from /opt/airflow/dags/__pycache__/job_intelligent_pipeline.py
[2026-05-19T23:36:08.067+0000] {processor.py:840} INFO - DAG(s) 'job_intelligent_pipeline_simplified' retrieved from /opt/airflow/dags/__pycache__/job_intelligent_pipeline.py
[2026-05-19T23:36:08.255+0000] {logging_mixin.py:188} INFO - [2026-05-19T23:36:08.254+0000] {dag.py:3096} INFO - Sync 1 DAGs
[2026-05-19T23:36:08.320+0000] {logging_mixin.py:188} INFO - [2026-05-19T23:36:08.319+0000] {dag.py:3954} INFO - Setting next_dagrun for job_intelligent_pipeline_simplified to 2026-05-19 06:00:00+00:00, run_after=2026-05-20 06:00:00+00:00
[2026-05-19T23:36:08.361+0000] {processor.py:183} INFO - Processing /opt/airflow/dags/__pycache__/job_intelligent_pipeline.py took 0.458 seconds
[2026-05-19T23:36:39.266+0000] {processor.py:161} INFO - Started process (PID=991) to work on /opt/airflow/dags/__pycache__/job_intelligent_pipeline.py
[2026-05-19T23:36:39.268+0000] {processor.py:830} INFO - Processing file /opt/airflow/dags/__pycache__/job_intelligent_pipeline.py for tasks to queue
[2026-05-19T23:36:39.276+0000] {logging_mixin.py:188} INFO - [2026-05-19T23:36:39.274+0000] {dagbag.py:545} INFO - Filling up the DagBag from /opt/airflow/dags/__pycache__/job_intelligent_pipeline.py
[2026-05-19T23:36:39.340+0000] {processor.py:840} INFO - DAG(s) 'job_intelligent_pipeline_simplified' retrieved from /opt/airflow/dags/__pycache__/job_intelligent_pipeline.py
[2026-05-19T23:36:39.467+0000] {logging_mixin.py:188} INFO - [2026-05-19T23:36:39.466+0000] {dag.py:3096} INFO - Sync 1 DAGs
[2026-05-19T23:36:39.555+0000] {logging_mixin.py:188} INFO - [2026-05-19T23:36:39.554+0000] {dag.py:3954} INFO - Setting next_dagrun for job_intelligent_pipeline_simplified to 2026-05-19 06:00:00+00:00, run_after=2026-05-20 06:00:00+00:00
[2026-05-19T23:36:39.679+0000] {processor.py:183} INFO - Processing /opt/airflow/dags/__pycache__/job_intelligent_pipeline.py took 0.439 seconds
