[2026-05-08T17:47:55.700+0000] {processor.py:161} INFO - Started process (PID=1324) to work on /opt/airflow/dags/dag_job_intelligent .py
[2026-05-08T17:47:55.704+0000] {processor.py:830} INFO - Processing file /opt/airflow/dags/dag_job_intelligent .py for tasks to queue
[2026-05-08T17:47:55.709+0000] {logging_mixin.py:188} INFO - [2026-05-08T17:47:55.707+0000] {dagbag.py:545} INFO - Filling up the DagBag from /opt/airflow/dags/dag_job_intelligent .py
[2026-05-08T17:47:55.807+0000] {processor.py:840} INFO - DAG(s) 'job_intelligent_pipeline' retrieved from /opt/airflow/dags/dag_job_intelligent .py
[2026-05-08T17:47:56.247+0000] {logging_mixin.py:188} INFO - [2026-05-08T17:47:56.246+0000] {dag.py:3096} INFO - Sync 1 DAGs
[2026-05-08T17:47:56.352+0000] {processor.py:183} INFO - Processing /opt/airflow/dags/dag_job_intelligent .py took 0.679 seconds
[2026-05-08T17:48:26.593+0000] {processor.py:161} INFO - Started process (PID=1338) to work on /opt/airflow/dags/dag_job_intelligent .py
[2026-05-08T17:48:26.595+0000] {processor.py:830} INFO - Processing file /opt/airflow/dags/dag_job_intelligent .py for tasks to queue
[2026-05-08T17:48:26.598+0000] {logging_mixin.py:188} INFO - [2026-05-08T17:48:26.597+0000] {dagbag.py:545} INFO - Filling up the DagBag from /opt/airflow/dags/dag_job_intelligent .py
[2026-05-08T17:48:26.672+0000] {processor.py:840} INFO - DAG(s) 'job_intelligent_pipeline' retrieved from /opt/airflow/dags/dag_job_intelligent .py
[2026-05-08T17:48:26.791+0000] {logging_mixin.py:188} INFO - [2026-05-08T17:48:26.790+0000] {dag.py:3096} INFO - Sync 1 DAGs
[2026-05-08T17:48:26.904+0000] {processor.py:183} INFO - Processing /opt/airflow/dags/dag_job_intelligent .py took 0.324 seconds
[2026-05-08T17:48:57.671+0000] {processor.py:161} INFO - Started process (PID=1351) to work on /opt/airflow/dags/dag_job_intelligent .py
[2026-05-08T17:48:57.674+0000] {processor.py:830} INFO - Processing file /opt/airflow/dags/dag_job_intelligent .py for tasks to queue
[2026-05-08T17:48:57.678+0000] {logging_mixin.py:188} INFO - [2026-05-08T17:48:57.677+0000] {dagbag.py:545} INFO - Filling up the DagBag from /opt/airflow/dags/dag_job_intelligent .py
[2026-05-08T17:48:57.727+0000] {processor.py:840} INFO - DAG(s) 'job_intelligent_pipeline' retrieved from /opt/airflow/dags/dag_job_intelligent .py
[2026-05-08T17:48:57.807+0000] {logging_mixin.py:188} INFO - [2026-05-08T17:48:57.807+0000] {dag.py:3096} INFO - Sync 1 DAGs
[2026-05-08T17:48:57.919+0000] {processor.py:183} INFO - Processing /opt/airflow/dags/dag_job_intelligent .py took 0.272 seconds
[2026-05-08T17:49:28.566+0000] {processor.py:161} INFO - Started process (PID=1360) to work on /opt/airflow/dags/dag_job_intelligent .py
[2026-05-08T17:49:28.568+0000] {processor.py:830} INFO - Processing file /opt/airflow/dags/dag_job_intelligent .py for tasks to queue
[2026-05-08T17:49:28.570+0000] {logging_mixin.py:188} INFO - [2026-05-08T17:49:28.569+0000] {dagbag.py:545} INFO - Filling up the DagBag from /opt/airflow/dags/dag_job_intelligent .py
[2026-05-08T17:49:28.634+0000] {processor.py:840} INFO - DAG(s) 'job_intelligent_pipeline' retrieved from /opt/airflow/dags/dag_job_intelligent .py
[2026-05-08T17:49:28.856+0000] {logging_mixin.py:188} INFO - [2026-05-08T17:49:28.855+0000] {dag.py:3096} INFO - Sync 1 DAGs
[2026-05-08T17:49:29.107+0000] {processor.py:183} INFO - Processing /opt/airflow/dags/dag_job_intelligent .py took 0.555 seconds
[2026-05-08T17:49:59.574+0000] {processor.py:161} INFO - Started process (PID=1374) to work on /opt/airflow/dags/dag_job_intelligent .py
[2026-05-08T17:49:59.577+0000] {processor.py:830} INFO - Processing file /opt/airflow/dags/dag_job_intelligent .py for tasks to queue
[2026-05-08T17:49:59.580+0000] {logging_mixin.py:188} INFO - [2026-05-08T17:49:59.579+0000] {dagbag.py:545} INFO - Filling up the DagBag from /opt/airflow/dags/dag_job_intelligent .py
[2026-05-08T17:49:59.672+0000] {processor.py:840} INFO - DAG(s) 'job_intelligent_pipeline' retrieved from /opt/airflow/dags/dag_job_intelligent .py
[2026-05-08T17:49:59.774+0000] {logging_mixin.py:188} INFO - [2026-05-08T17:49:59.774+0000] {dag.py:3096} INFO - Sync 1 DAGs
[2026-05-08T17:49:59.868+0000] {processor.py:183} INFO - Processing /opt/airflow/dags/dag_job_intelligent .py took 0.313 seconds
[2026-05-08T17:50:30.173+0000] {processor.py:161} INFO - Started process (PID=1382) to work on /opt/airflow/dags/dag_job_intelligent .py
[2026-05-08T17:50:30.175+0000] {processor.py:830} INFO - Processing file /opt/airflow/dags/dag_job_intelligent .py for tasks to queue
[2026-05-08T17:50:30.179+0000] {logging_mixin.py:188} INFO - [2026-05-08T17:50:30.178+0000] {dagbag.py:545} INFO - Filling up the DagBag from /opt/airflow/dags/dag_job_intelligent .py
[2026-05-08T17:50:30.249+0000] {processor.py:840} INFO - DAG(s) 'job_intelligent_pipeline' retrieved from /opt/airflow/dags/dag_job_intelligent .py
[2026-05-08T17:50:30.356+0000] {logging_mixin.py:188} INFO - [2026-05-08T17:50:30.355+0000] {dag.py:3096} INFO - Sync 1 DAGs
[2026-05-08T17:50:30.438+0000] {processor.py:183} INFO - Processing /opt/airflow/dags/dag_job_intelligent .py took 0.282 seconds
[2026-05-08T17:51:00.845+0000] {processor.py:161} INFO - Started process (PID=1396) to work on /opt/airflow/dags/dag_job_intelligent .py
[2026-05-08T17:51:00.847+0000] {processor.py:830} INFO - Processing file /opt/airflow/dags/dag_job_intelligent .py for tasks to queue
[2026-05-08T17:51:00.849+0000] {logging_mixin.py:188} INFO - [2026-05-08T17:51:00.849+0000] {dagbag.py:545} INFO - Filling up the DagBag from /opt/airflow/dags/dag_job_intelligent .py
[2026-05-08T17:51:00.996+0000] {processor.py:840} INFO - DAG(s) 'job_intelligent_pipeline' retrieved from /opt/airflow/dags/dag_job_intelligent .py
[2026-05-08T17:51:01.140+0000] {logging_mixin.py:188} INFO - [2026-05-08T17:51:01.140+0000] {dag.py:3096} INFO - Sync 1 DAGs
[2026-05-08T17:51:01.372+0000] {processor.py:183} INFO - Processing /opt/airflow/dags/dag_job_intelligent .py took 0.543 seconds
[2026-05-08T17:51:31.829+0000] {processor.py:161} INFO - Started process (PID=1403) to work on /opt/airflow/dags/dag_job_intelligent .py
[2026-05-08T17:51:31.831+0000] {processor.py:830} INFO - Processing file /opt/airflow/dags/dag_job_intelligent .py for tasks to queue
[2026-05-08T17:51:31.834+0000] {logging_mixin.py:188} INFO - [2026-05-08T17:51:31.833+0000] {dagbag.py:545} INFO - Filling up the DagBag from /opt/airflow/dags/dag_job_intelligent .py
[2026-05-08T17:51:31.867+0000] {processor.py:840} INFO - DAG(s) 'job_intelligent_pipeline' retrieved from /opt/airflow/dags/dag_job_intelligent .py
[2026-05-08T17:51:31.926+0000] {logging_mixin.py:188} INFO - [2026-05-08T17:51:31.926+0000] {dag.py:3096} INFO - Sync 1 DAGs
[2026-05-08T17:51:32.025+0000] {processor.py:183} INFO - Processing /opt/airflow/dags/dag_job_intelligent .py took 0.207 seconds
[2026-05-08T17:52:02.234+0000] {processor.py:161} INFO - Started process (PID=1417) to work on /opt/airflow/dags/dag_job_intelligent .py
[2026-05-08T17:52:02.236+0000] {processor.py:830} INFO - Processing file /opt/airflow/dags/dag_job_intelligent .py for tasks to queue
[2026-05-08T17:52:02.239+0000] {logging_mixin.py:188} INFO - [2026-05-08T17:52:02.238+0000] {dagbag.py:545} INFO - Filling up the DagBag from /opt/airflow/dags/dag_job_intelligent .py
[2026-05-08T17:52:02.323+0000] {processor.py:840} INFO - DAG(s) 'job_intelligent_pipeline' retrieved from /opt/airflow/dags/dag_job_intelligent .py
[2026-05-08T17:52:02.410+0000] {logging_mixin.py:188} INFO - [2026-05-08T17:52:02.410+0000] {dag.py:3096} INFO - Sync 1 DAGs
[2026-05-08T17:52:02.538+0000] {processor.py:183} INFO - Processing /opt/airflow/dags/dag_job_intelligent .py took 0.326 seconds
[2026-05-08T17:52:32.838+0000] {processor.py:161} INFO - Started process (PID=1425) to work on /opt/airflow/dags/dag_job_intelligent .py
[2026-05-08T17:52:32.839+0000] {processor.py:830} INFO - Processing file /opt/airflow/dags/dag_job_intelligent .py for tasks to queue
[2026-05-08T17:52:32.841+0000] {logging_mixin.py:188} INFO - [2026-05-08T17:52:32.840+0000] {dagbag.py:545} INFO - Filling up the DagBag from /opt/airflow/dags/dag_job_intelligent .py
[2026-05-08T17:52:32.880+0000] {processor.py:840} INFO - DAG(s) 'job_intelligent_pipeline' retrieved from /opt/airflow/dags/dag_job_intelligent .py
[2026-05-08T17:52:32.973+0000] {logging_mixin.py:188} INFO - [2026-05-08T17:52:32.972+0000] {dag.py:3096} INFO - Sync 1 DAGs
[2026-05-08T17:52:33.117+0000] {processor.py:183} INFO - Processing /opt/airflow/dags/dag_job_intelligent .py took 0.289 seconds
[2026-05-08T17:53:03.227+0000] {processor.py:161} INFO - Started process (PID=1440) to work on /opt/airflow/dags/dag_job_intelligent .py
[2026-05-08T17:53:03.229+0000] {processor.py:830} INFO - Processing file /opt/airflow/dags/dag_job_intelligent .py for tasks to queue
[2026-05-08T17:53:03.232+0000] {logging_mixin.py:188} INFO - [2026-05-08T17:53:03.231+0000] {dagbag.py:545} INFO - Filling up the DagBag from /opt/airflow/dags/dag_job_intelligent .py
[2026-05-08T17:53:03.453+0000] {processor.py:840} INFO - DAG(s) 'job_intelligent_pipeline' retrieved from /opt/airflow/dags/dag_job_intelligent .py
[2026-05-08T17:53:03.605+0000] {logging_mixin.py:188} INFO - [2026-05-08T17:53:03.605+0000] {dag.py:3096} INFO - Sync 1 DAGs
[2026-05-08T17:53:03.915+0000] {processor.py:183} INFO - Processing /opt/airflow/dags/dag_job_intelligent .py took 0.715 seconds
[2026-05-08T17:53:34.252+0000] {processor.py:161} INFO - Started process (PID=1448) to work on /opt/airflow/dags/dag_job_intelligent .py
[2026-05-08T17:53:34.254+0000] {processor.py:830} INFO - Processing file /opt/airflow/dags/dag_job_intelligent .py for tasks to queue
[2026-05-08T17:53:34.256+0000] {logging_mixin.py:188} INFO - [2026-05-08T17:53:34.256+0000] {dagbag.py:545} INFO - Filling up the DagBag from /opt/airflow/dags/dag_job_intelligent .py
[2026-05-08T17:53:34.341+0000] {processor.py:840} INFO - DAG(s) 'job_intelligent_pipeline' retrieved from /opt/airflow/dags/dag_job_intelligent .py
[2026-05-08T17:53:34.544+0000] {logging_mixin.py:188} INFO - [2026-05-08T17:53:34.541+0000] {dag.py:3096} INFO - Sync 1 DAGs
[2026-05-08T17:53:34.867+0000] {processor.py:183} INFO - Processing /opt/airflow/dags/dag_job_intelligent .py took 0.629 seconds
[2026-05-08T17:54:05.064+0000] {processor.py:161} INFO - Started process (PID=1463) to work on /opt/airflow/dags/dag_job_intelligent .py
[2026-05-08T17:54:05.065+0000] {processor.py:830} INFO - Processing file /opt/airflow/dags/dag_job_intelligent .py for tasks to queue
[2026-05-08T17:54:05.067+0000] {logging_mixin.py:188} INFO - [2026-05-08T17:54:05.066+0000] {dagbag.py:545} INFO - Filling up the DagBag from /opt/airflow/dags/dag_job_intelligent .py
[2026-05-08T17:54:05.120+0000] {processor.py:840} INFO - DAG(s) 'job_intelligent_pipeline' retrieved from /opt/airflow/dags/dag_job_intelligent .py
[2026-05-08T17:54:05.198+0000] {logging_mixin.py:188} INFO - [2026-05-08T17:54:05.198+0000] {dag.py:3096} INFO - Sync 1 DAGs
[2026-05-08T17:54:05.404+0000] {processor.py:183} INFO - Processing /opt/airflow/dags/dag_job_intelligent .py took 0.350 seconds
[2026-05-08T17:54:36.091+0000] {processor.py:161} INFO - Started process (PID=1471) to work on /opt/airflow/dags/dag_job_intelligent .py
[2026-05-08T17:54:36.094+0000] {processor.py:830} INFO - Processing file /opt/airflow/dags/dag_job_intelligent .py for tasks to queue
[2026-05-08T17:54:36.103+0000] {logging_mixin.py:188} INFO - [2026-05-08T17:54:36.102+0000] {dagbag.py:545} INFO - Filling up the DagBag from /opt/airflow/dags/dag_job_intelligent .py
[2026-05-08T17:54:36.150+0000] {processor.py:840} INFO - DAG(s) 'job_intelligent_pipeline' retrieved from /opt/airflow/dags/dag_job_intelligent .py
[2026-05-08T17:54:36.220+0000] {logging_mixin.py:188} INFO - [2026-05-08T17:54:36.220+0000] {dag.py:3096} INFO - Sync 1 DAGs
[2026-05-08T17:54:36.312+0000] {processor.py:183} INFO - Processing /opt/airflow/dags/dag_job_intelligent .py took 0.238 seconds
[2026-05-08T17:55:06.906+0000] {processor.py:161} INFO - Started process (PID=1486) to work on /opt/airflow/dags/dag_job_intelligent .py
[2026-05-08T17:55:06.907+0000] {processor.py:830} INFO - Processing file /opt/airflow/dags/dag_job_intelligent .py for tasks to queue
[2026-05-08T17:55:06.909+0000] {logging_mixin.py:188} INFO - [2026-05-08T17:55:06.908+0000] {dagbag.py:545} INFO - Filling up the DagBag from /opt/airflow/dags/dag_job_intelligent .py
[2026-05-08T17:55:06.954+0000] {processor.py:840} INFO - DAG(s) 'job_intelligent_pipeline' retrieved from /opt/airflow/dags/dag_job_intelligent .py
[2026-05-08T17:55:07.178+0000] {logging_mixin.py:188} INFO - [2026-05-08T17:55:07.177+0000] {dag.py:3096} INFO - Sync 1 DAGs
[2026-05-08T17:55:07.441+0000] {processor.py:183} INFO - Processing /opt/airflow/dags/dag_job_intelligent .py took 0.547 seconds
[2026-05-08T17:55:37.669+0000] {processor.py:161} INFO - Started process (PID=1494) to work on /opt/airflow/dags/dag_job_intelligent .py
[2026-05-08T17:55:37.672+0000] {processor.py:830} INFO - Processing file /opt/airflow/dags/dag_job_intelligent .py for tasks to queue
[2026-05-08T17:55:37.675+0000] {logging_mixin.py:188} INFO - [2026-05-08T17:55:37.675+0000] {dagbag.py:545} INFO - Filling up the DagBag from /opt/airflow/dags/dag_job_intelligent .py
[2026-05-08T17:55:37.762+0000] {processor.py:840} INFO - DAG(s) 'job_intelligent_pipeline' retrieved from /opt/airflow/dags/dag_job_intelligent .py
[2026-05-08T17:55:38.144+0000] {logging_mixin.py:188} INFO - [2026-05-08T17:55:38.143+0000] {dag.py:3096} INFO - Sync 1 DAGs
[2026-05-08T17:55:38.326+0000] {processor.py:183} INFO - Processing /opt/airflow/dags/dag_job_intelligent .py took 0.668 seconds
[2026-05-08T17:56:09.043+0000] {processor.py:161} INFO - Started process (PID=1508) to work on /opt/airflow/dags/dag_job_intelligent .py
[2026-05-08T17:56:09.045+0000] {processor.py:830} INFO - Processing file /opt/airflow/dags/dag_job_intelligent .py for tasks to queue
[2026-05-08T17:56:09.050+0000] {logging_mixin.py:188} INFO - [2026-05-08T17:56:09.049+0000] {dagbag.py:545} INFO - Filling up the DagBag from /opt/airflow/dags/dag_job_intelligent .py
[2026-05-08T17:56:09.101+0000] {processor.py:840} INFO - DAG(s) 'job_intelligent_pipeline' retrieved from /opt/airflow/dags/dag_job_intelligent .py
[2026-05-08T17:56:09.189+0000] {logging_mixin.py:188} INFO - [2026-05-08T17:56:09.189+0000] {dag.py:3096} INFO - Sync 1 DAGs
[2026-05-08T17:56:09.309+0000] {processor.py:183} INFO - Processing /opt/airflow/dags/dag_job_intelligent .py took 0.284 seconds
[2026-05-08T17:56:39.952+0000] {processor.py:161} INFO - Started process (PID=1516) to work on /opt/airflow/dags/dag_job_intelligent .py
[2026-05-08T17:56:39.954+0000] {processor.py:830} INFO - Processing file /opt/airflow/dags/dag_job_intelligent .py for tasks to queue
[2026-05-08T17:56:39.958+0000] {logging_mixin.py:188} INFO - [2026-05-08T17:56:39.956+0000] {dagbag.py:545} INFO - Filling up the DagBag from /opt/airflow/dags/dag_job_intelligent .py
[2026-05-08T17:56:40.026+0000] {processor.py:840} INFO - DAG(s) 'job_intelligent_pipeline' retrieved from /opt/airflow/dags/dag_job_intelligent .py
[2026-05-08T17:56:40.139+0000] {logging_mixin.py:188} INFO - [2026-05-08T17:56:40.139+0000] {dag.py:3096} INFO - Sync 1 DAGs
[2026-05-08T17:56:40.286+0000] {processor.py:183} INFO - Processing /opt/airflow/dags/dag_job_intelligent .py took 0.349 seconds
[2026-05-08T17:57:10.551+0000] {processor.py:161} INFO - Started process (PID=1531) to work on /opt/airflow/dags/dag_job_intelligent .py
[2026-05-08T17:57:10.555+0000] {processor.py:830} INFO - Processing file /opt/airflow/dags/dag_job_intelligent .py for tasks to queue
[2026-05-08T17:57:10.564+0000] {logging_mixin.py:188} INFO - [2026-05-08T17:57:10.556+0000] {dagbag.py:545} INFO - Filling up the DagBag from /opt/airflow/dags/dag_job_intelligent .py
[2026-05-08T17:57:10.606+0000] {processor.py:840} INFO - DAG(s) 'job_intelligent_pipeline' retrieved from /opt/airflow/dags/dag_job_intelligent .py
[2026-05-08T17:57:10.666+0000] {logging_mixin.py:188} INFO - [2026-05-08T17:57:10.665+0000] {dag.py:3096} INFO - Sync 1 DAGs
[2026-05-08T17:57:10.741+0000] {processor.py:183} INFO - Processing /opt/airflow/dags/dag_job_intelligent .py took 0.211 seconds
[2026-05-08T17:57:41.258+0000] {processor.py:161} INFO - Started process (PID=1540) to work on /opt/airflow/dags/dag_job_intelligent .py
[2026-05-08T17:57:41.262+0000] {processor.py:830} INFO - Processing file /opt/airflow/dags/dag_job_intelligent .py for tasks to queue
[2026-05-08T17:57:41.269+0000] {logging_mixin.py:188} INFO - [2026-05-08T17:57:41.268+0000] {dagbag.py:545} INFO - Filling up the DagBag from /opt/airflow/dags/dag_job_intelligent .py
[2026-05-08T17:57:41.431+0000] {processor.py:840} INFO - DAG(s) 'job_intelligent_pipeline' retrieved from /opt/airflow/dags/dag_job_intelligent .py
[2026-05-08T17:57:41.507+0000] {logging_mixin.py:188} INFO - [2026-05-08T17:57:41.507+0000] {dag.py:3096} INFO - Sync 1 DAGs
[2026-05-08T17:57:41.603+0000] {processor.py:183} INFO - Processing /opt/airflow/dags/dag_job_intelligent .py took 0.361 seconds
[2026-05-08T17:58:12.383+0000] {processor.py:161} INFO - Started process (PID=1555) to work on /opt/airflow/dags/dag_job_intelligent .py
[2026-05-08T17:58:12.390+0000] {processor.py:830} INFO - Processing file /opt/airflow/dags/dag_job_intelligent .py for tasks to queue
[2026-05-08T17:58:12.394+0000] {logging_mixin.py:188} INFO - [2026-05-08T17:58:12.393+0000] {dagbag.py:545} INFO - Filling up the DagBag from /opt/airflow/dags/dag_job_intelligent .py
[2026-05-08T17:58:12.467+0000] {processor.py:840} INFO - DAG(s) 'job_intelligent_pipeline' retrieved from /opt/airflow/dags/dag_job_intelligent .py
[2026-05-08T17:58:12.595+0000] {logging_mixin.py:188} INFO - [2026-05-08T17:58:12.590+0000] {dag.py:3096} INFO - Sync 1 DAGs
[2026-05-08T17:58:12.807+0000] {processor.py:183} INFO - Processing /opt/airflow/dags/dag_job_intelligent .py took 0.443 seconds
[2026-05-08T17:58:42.905+0000] {processor.py:161} INFO - Started process (PID=1563) to work on /opt/airflow/dags/dag_job_intelligent .py
[2026-05-08T17:58:42.906+0000] {processor.py:830} INFO - Processing file /opt/airflow/dags/dag_job_intelligent .py for tasks to queue
[2026-05-08T17:58:42.908+0000] {logging_mixin.py:188} INFO - [2026-05-08T17:58:42.907+0000] {dagbag.py:545} INFO - Filling up the DagBag from /opt/airflow/dags/dag_job_intelligent .py
[2026-05-08T17:58:42.952+0000] {processor.py:840} INFO - DAG(s) 'job_intelligent_pipeline' retrieved from /opt/airflow/dags/dag_job_intelligent .py
[2026-05-08T17:58:43.054+0000] {logging_mixin.py:188} INFO - [2026-05-08T17:58:43.053+0000] {dag.py:3096} INFO - Sync 1 DAGs
[2026-05-08T17:58:43.185+0000] {processor.py:183} INFO - Processing /opt/airflow/dags/dag_job_intelligent .py took 0.288 seconds
[2026-05-08T17:59:13.500+0000] {processor.py:161} INFO - Started process (PID=1584) to work on /opt/airflow/dags/dag_job_intelligent .py
[2026-05-08T17:59:13.505+0000] {processor.py:830} INFO - Processing file /opt/airflow/dags/dag_job_intelligent .py for tasks to queue
[2026-05-08T17:59:13.515+0000] {logging_mixin.py:188} INFO - [2026-05-08T17:59:13.512+0000] {dagbag.py:545} INFO - Filling up the DagBag from /opt/airflow/dags/dag_job_intelligent .py
[2026-05-08T17:59:13.640+0000] {processor.py:840} INFO - DAG(s) 'job_intelligent_pipeline' retrieved from /opt/airflow/dags/dag_job_intelligent .py
[2026-05-08T17:59:13.765+0000] {logging_mixin.py:188} INFO - [2026-05-08T17:59:13.765+0000] {dag.py:3096} INFO - Sync 1 DAGs
[2026-05-08T17:59:13.876+0000] {processor.py:183} INFO - Processing /opt/airflow/dags/dag_job_intelligent .py took 0.392 seconds
[2026-05-08T17:59:44.668+0000] {processor.py:161} INFO - Started process (PID=1591) to work on /opt/airflow/dags/dag_job_intelligent .py
[2026-05-08T17:59:44.673+0000] {processor.py:830} INFO - Processing file /opt/airflow/dags/dag_job_intelligent .py for tasks to queue
[2026-05-08T17:59:44.679+0000] {logging_mixin.py:188} INFO - [2026-05-08T17:59:44.678+0000] {dagbag.py:545} INFO - Filling up the DagBag from /opt/airflow/dags/dag_job_intelligent .py
[2026-05-08T17:59:44.753+0000] {processor.py:840} INFO - DAG(s) 'job_intelligent_pipeline' retrieved from /opt/airflow/dags/dag_job_intelligent .py
[2026-05-08T17:59:44.869+0000] {logging_mixin.py:188} INFO - [2026-05-08T17:59:44.869+0000] {dag.py:3096} INFO - Sync 1 DAGs
[2026-05-08T17:59:44.993+0000] {processor.py:183} INFO - Processing /opt/airflow/dags/dag_job_intelligent .py took 0.341 seconds
[2026-05-08T18:00:15.983+0000] {processor.py:161} INFO - Started process (PID=1604) to work on /opt/airflow/dags/dag_job_intelligent .py
[2026-05-08T18:00:16.005+0000] {processor.py:830} INFO - Processing file /opt/airflow/dags/dag_job_intelligent .py for tasks to queue
[2026-05-08T18:00:16.048+0000] {logging_mixin.py:188} INFO - [2026-05-08T18:00:16.031+0000] {dagbag.py:545} INFO - Filling up the DagBag from /opt/airflow/dags/dag_job_intelligent .py
[2026-05-08T18:00:16.284+0000] {processor.py:840} INFO - DAG(s) 'job_intelligent_pipeline' retrieved from /opt/airflow/dags/dag_job_intelligent .py
[2026-05-08T18:00:16.538+0000] {logging_mixin.py:188} INFO - [2026-05-08T18:00:16.538+0000] {dag.py:3096} INFO - Sync 1 DAGs
[2026-05-08T18:00:16.743+0000] {processor.py:183} INFO - Processing /opt/airflow/dags/dag_job_intelligent .py took 0.783 seconds
[2026-05-08T18:00:46.984+0000] {processor.py:161} INFO - Started process (PID=1618) to work on /opt/airflow/dags/dag_job_intelligent .py
[2026-05-08T18:00:46.985+0000] {processor.py:830} INFO - Processing file /opt/airflow/dags/dag_job_intelligent .py for tasks to queue
[2026-05-08T18:00:46.986+0000] {logging_mixin.py:188} INFO - [2026-05-08T18:00:46.986+0000] {dagbag.py:545} INFO - Filling up the DagBag from /opt/airflow/dags/dag_job_intelligent .py
[2026-05-08T18:00:47.019+0000] {processor.py:840} INFO - DAG(s) 'job_intelligent_pipeline' retrieved from /opt/airflow/dags/dag_job_intelligent .py
[2026-05-08T18:00:47.142+0000] {logging_mixin.py:188} INFO - [2026-05-08T18:00:47.141+0000] {dag.py:3096} INFO - Sync 1 DAGs
[2026-05-08T18:00:47.257+0000] {processor.py:183} INFO - Processing /opt/airflow/dags/dag_job_intelligent .py took 0.282 seconds
[2026-05-08T18:01:17.521+0000] {processor.py:161} INFO - Started process (PID=1626) to work on /opt/airflow/dags/dag_job_intelligent .py
[2026-05-08T18:01:17.522+0000] {processor.py:830} INFO - Processing file /opt/airflow/dags/dag_job_intelligent .py for tasks to queue
[2026-05-08T18:01:17.525+0000] {logging_mixin.py:188} INFO - [2026-05-08T18:01:17.524+0000] {dagbag.py:545} INFO - Filling up the DagBag from /opt/airflow/dags/dag_job_intelligent .py
[2026-05-08T18:01:17.613+0000] {processor.py:840} INFO - DAG(s) 'job_intelligent_pipeline' retrieved from /opt/airflow/dags/dag_job_intelligent .py
[2026-05-08T18:01:17.695+0000] {logging_mixin.py:188} INFO - [2026-05-08T18:01:17.695+0000] {dag.py:3096} INFO - Sync 1 DAGs
[2026-05-08T18:01:17.776+0000] {processor.py:183} INFO - Processing /opt/airflow/dags/dag_job_intelligent .py took 0.271 seconds
[2026-05-08T18:01:48.596+0000] {processor.py:161} INFO - Started process (PID=1640) to work on /opt/airflow/dags/dag_job_intelligent .py
[2026-05-08T18:01:48.598+0000] {processor.py:830} INFO - Processing file /opt/airflow/dags/dag_job_intelligent .py for tasks to queue
[2026-05-08T18:01:48.601+0000] {logging_mixin.py:188} INFO - [2026-05-08T18:01:48.600+0000] {dagbag.py:545} INFO - Filling up the DagBag from /opt/airflow/dags/dag_job_intelligent .py
[2026-05-08T18:01:48.712+0000] {processor.py:840} INFO - DAG(s) 'job_intelligent_pipeline' retrieved from /opt/airflow/dags/dag_job_intelligent .py
[2026-05-08T18:01:48.820+0000] {logging_mixin.py:188} INFO - [2026-05-08T18:01:48.820+0000] {dag.py:3096} INFO - Sync 1 DAGs
[2026-05-08T18:01:48.930+0000] {processor.py:183} INFO - Processing /opt/airflow/dags/dag_job_intelligent .py took 0.357 seconds
[2026-05-08T18:02:19.316+0000] {processor.py:161} INFO - Started process (PID=1648) to work on /opt/airflow/dags/dag_job_intelligent .py
[2026-05-08T18:02:19.318+0000] {processor.py:830} INFO - Processing file /opt/airflow/dags/dag_job_intelligent .py for tasks to queue
[2026-05-08T18:02:19.320+0000] {logging_mixin.py:188} INFO - [2026-05-08T18:02:19.319+0000] {dagbag.py:545} INFO - Filling up the DagBag from /opt/airflow/dags/dag_job_intelligent .py
[2026-05-08T18:02:19.504+0000] {processor.py:840} INFO - DAG(s) 'job_intelligent_pipeline' retrieved from /opt/airflow/dags/dag_job_intelligent .py
[2026-05-08T18:02:19.923+0000] {logging_mixin.py:188} INFO - [2026-05-08T18:02:19.923+0000] {dag.py:3096} INFO - Sync 1 DAGs
[2026-05-08T18:02:20.148+0000] {processor.py:183} INFO - Processing /opt/airflow/dags/dag_job_intelligent .py took 0.845 seconds
[2026-05-08T18:02:50.501+0000] {processor.py:161} INFO - Started process (PID=1663) to work on /opt/airflow/dags/dag_job_intelligent .py
[2026-05-08T18:02:50.503+0000] {processor.py:830} INFO - Processing file /opt/airflow/dags/dag_job_intelligent .py for tasks to queue
[2026-05-08T18:02:50.505+0000] {logging_mixin.py:188} INFO - [2026-05-08T18:02:50.505+0000] {dagbag.py:545} INFO - Filling up the DagBag from /opt/airflow/dags/dag_job_intelligent .py
[2026-05-08T18:02:50.572+0000] {processor.py:840} INFO - DAG(s) 'job_intelligent_pipeline' retrieved from /opt/airflow/dags/dag_job_intelligent .py
[2026-05-08T18:02:50.683+0000] {logging_mixin.py:188} INFO - [2026-05-08T18:02:50.682+0000] {dag.py:3096} INFO - Sync 1 DAGs
[2026-05-08T18:02:50.813+0000] {processor.py:183} INFO - Processing /opt/airflow/dags/dag_job_intelligent .py took 0.330 seconds
[2026-05-08T18:03:21.209+0000] {processor.py:161} INFO - Started process (PID=1671) to work on /opt/airflow/dags/dag_job_intelligent .py
[2026-05-08T18:03:21.211+0000] {processor.py:830} INFO - Processing file /opt/airflow/dags/dag_job_intelligent .py for tasks to queue
[2026-05-08T18:03:21.214+0000] {logging_mixin.py:188} INFO - [2026-05-08T18:03:21.213+0000] {dagbag.py:545} INFO - Filling up the DagBag from /opt/airflow/dags/dag_job_intelligent .py
[2026-05-08T18:03:21.260+0000] {processor.py:840} INFO - DAG(s) 'job_intelligent_pipeline' retrieved from /opt/airflow/dags/dag_job_intelligent .py
[2026-05-08T18:03:21.384+0000] {logging_mixin.py:188} INFO - [2026-05-08T18:03:21.384+0000] {dag.py:3096} INFO - Sync 1 DAGs
[2026-05-08T18:03:21.707+0000] {processor.py:183} INFO - Processing /opt/airflow/dags/dag_job_intelligent .py took 0.511 seconds
[2026-05-08T18:03:51.871+0000] {processor.py:161} INFO - Started process (PID=1685) to work on /opt/airflow/dags/dag_job_intelligent .py
[2026-05-08T18:03:51.872+0000] {processor.py:830} INFO - Processing file /opt/airflow/dags/dag_job_intelligent .py for tasks to queue
[2026-05-08T18:03:51.873+0000] {logging_mixin.py:188} INFO - [2026-05-08T18:03:51.873+0000] {dagbag.py:545} INFO - Filling up the DagBag from /opt/airflow/dags/dag_job_intelligent .py
[2026-05-08T18:03:51.913+0000] {processor.py:840} INFO - DAG(s) 'job_intelligent_pipeline' retrieved from /opt/airflow/dags/dag_job_intelligent .py
[2026-05-08T18:03:52.033+0000] {logging_mixin.py:188} INFO - [2026-05-08T18:03:52.032+0000] {dag.py:3096} INFO - Sync 1 DAGs
[2026-05-08T18:03:52.187+0000] {processor.py:183} INFO - Processing /opt/airflow/dags/dag_job_intelligent .py took 0.325 seconds
[2026-05-08T18:04:22.728+0000] {processor.py:161} INFO - Started process (PID=1693) to work on /opt/airflow/dags/dag_job_intelligent .py
[2026-05-08T18:04:22.731+0000] {processor.py:830} INFO - Processing file /opt/airflow/dags/dag_job_intelligent .py for tasks to queue
[2026-05-08T18:04:22.734+0000] {logging_mixin.py:188} INFO - [2026-05-08T18:04:22.734+0000] {dagbag.py:545} INFO - Filling up the DagBag from /opt/airflow/dags/dag_job_intelligent .py
[2026-05-08T18:04:22.806+0000] {processor.py:840} INFO - DAG(s) 'job_intelligent_pipeline' retrieved from /opt/airflow/dags/dag_job_intelligent .py
[2026-05-08T18:04:22.965+0000] {logging_mixin.py:188} INFO - [2026-05-08T18:04:22.965+0000] {dag.py:3096} INFO - Sync 1 DAGs
[2026-05-08T18:04:23.177+0000] {processor.py:183} INFO - Processing /opt/airflow/dags/dag_job_intelligent .py took 0.515 seconds
[2026-05-08T18:04:53.384+0000] {processor.py:161} INFO - Started process (PID=1707) to work on /opt/airflow/dags/dag_job_intelligent .py
[2026-05-08T18:04:53.385+0000] {processor.py:830} INFO - Processing file /opt/airflow/dags/dag_job_intelligent .py for tasks to queue
[2026-05-08T18:04:53.388+0000] {logging_mixin.py:188} INFO - [2026-05-08T18:04:53.387+0000] {dagbag.py:545} INFO - Filling up the DagBag from /opt/airflow/dags/dag_job_intelligent .py
[2026-05-08T18:04:53.443+0000] {processor.py:840} INFO - DAG(s) 'job_intelligent_pipeline' retrieved from /opt/airflow/dags/dag_job_intelligent .py
[2026-05-08T18:04:53.542+0000] {logging_mixin.py:188} INFO - [2026-05-08T18:04:53.541+0000] {dag.py:3096} INFO - Sync 1 DAGs
[2026-05-08T18:04:53.694+0000] {processor.py:183} INFO - Processing /opt/airflow/dags/dag_job_intelligent .py took 0.323 seconds
[2026-05-08T18:05:23.816+0000] {processor.py:161} INFO - Started process (PID=1715) to work on /opt/airflow/dags/dag_job_intelligent .py
[2026-05-08T18:05:23.817+0000] {processor.py:830} INFO - Processing file /opt/airflow/dags/dag_job_intelligent .py for tasks to queue
[2026-05-08T18:05:23.819+0000] {logging_mixin.py:188} INFO - [2026-05-08T18:05:23.818+0000] {dagbag.py:545} INFO - Filling up the DagBag from /opt/airflow/dags/dag_job_intelligent .py
[2026-05-08T18:05:23.859+0000] {processor.py:840} INFO - DAG(s) 'job_intelligent_pipeline' retrieved from /opt/airflow/dags/dag_job_intelligent .py
[2026-05-08T18:05:23.927+0000] {logging_mixin.py:188} INFO - [2026-05-08T18:05:23.927+0000] {dag.py:3096} INFO - Sync 1 DAGs
[2026-05-08T18:05:24.063+0000] {processor.py:183} INFO - Processing /opt/airflow/dags/dag_job_intelligent .py took 0.260 seconds
[2026-05-08T18:05:54.855+0000] {processor.py:161} INFO - Started process (PID=1728) to work on /opt/airflow/dags/dag_job_intelligent .py
[2026-05-08T18:05:54.857+0000] {processor.py:830} INFO - Processing file /opt/airflow/dags/dag_job_intelligent .py for tasks to queue
[2026-05-08T18:05:54.858+0000] {logging_mixin.py:188} INFO - [2026-05-08T18:05:54.858+0000] {dagbag.py:545} INFO - Filling up the DagBag from /opt/airflow/dags/dag_job_intelligent .py
[2026-05-08T18:05:54.893+0000] {processor.py:840} INFO - DAG(s) 'job_intelligent_pipeline' retrieved from /opt/airflow/dags/dag_job_intelligent .py
[2026-05-08T18:05:54.972+0000] {logging_mixin.py:188} INFO - [2026-05-08T18:05:54.971+0000] {dag.py:3096} INFO - Sync 1 DAGs
[2026-05-08T18:05:55.086+0000] {processor.py:183} INFO - Processing /opt/airflow/dags/dag_job_intelligent .py took 0.238 seconds
[2026-05-08T18:06:26.156+0000] {processor.py:161} INFO - Started process (PID=1736) to work on /opt/airflow/dags/dag_job_intelligent .py
[2026-05-08T18:06:26.159+0000] {processor.py:830} INFO - Processing file /opt/airflow/dags/dag_job_intelligent .py for tasks to queue
[2026-05-08T18:06:26.163+0000] {logging_mixin.py:188} INFO - [2026-05-08T18:06:26.162+0000] {dagbag.py:545} INFO - Filling up the DagBag from /opt/airflow/dags/dag_job_intelligent .py
[2026-05-08T18:06:26.246+0000] {processor.py:840} INFO - DAG(s) 'job_intelligent_pipeline' retrieved from /opt/airflow/dags/dag_job_intelligent .py
[2026-05-08T18:06:26.360+0000] {logging_mixin.py:188} INFO - [2026-05-08T18:06:26.360+0000] {dag.py:3096} INFO - Sync 1 DAGs
[2026-05-08T18:06:26.477+0000] {processor.py:183} INFO - Processing /opt/airflow/dags/dag_job_intelligent .py took 0.345 seconds
[2026-05-08T18:06:57.200+0000] {processor.py:161} INFO - Started process (PID=1749) to work on /opt/airflow/dags/dag_job_intelligent .py
[2026-05-08T18:06:57.202+0000] {processor.py:830} INFO - Processing file /opt/airflow/dags/dag_job_intelligent .py for tasks to queue
[2026-05-08T18:06:57.205+0000] {logging_mixin.py:188} INFO - [2026-05-08T18:06:57.204+0000] {dagbag.py:545} INFO - Filling up the DagBag from /opt/airflow/dags/dag_job_intelligent .py
[2026-05-08T18:06:57.299+0000] {processor.py:840} INFO - DAG(s) 'job_intelligent_pipeline' retrieved from /opt/airflow/dags/dag_job_intelligent .py
[2026-05-08T18:06:57.456+0000] {logging_mixin.py:188} INFO - [2026-05-08T18:06:57.446+0000] {dag.py:3096} INFO - Sync 1 DAGs
[2026-05-08T18:06:57.759+0000] {processor.py:183} INFO - Processing /opt/airflow/dags/dag_job_intelligent .py took 0.587 seconds
[2026-05-08T18:07:28.352+0000] {processor.py:161} INFO - Started process (PID=1757) to work on /opt/airflow/dags/dag_job_intelligent .py
[2026-05-08T18:07:28.354+0000] {processor.py:830} INFO - Processing file /opt/airflow/dags/dag_job_intelligent .py for tasks to queue
[2026-05-08T18:07:28.355+0000] {logging_mixin.py:188} INFO - [2026-05-08T18:07:28.355+0000] {dagbag.py:545} INFO - Filling up the DagBag from /opt/airflow/dags/dag_job_intelligent .py
[2026-05-08T18:07:28.426+0000] {processor.py:840} INFO - DAG(s) 'job_intelligent_pipeline' retrieved from /opt/airflow/dags/dag_job_intelligent .py
[2026-05-08T18:07:28.635+0000] {logging_mixin.py:188} INFO - [2026-05-08T18:07:28.634+0000] {dag.py:3096} INFO - Sync 1 DAGs
[2026-05-08T18:07:28.912+0000] {processor.py:183} INFO - Processing /opt/airflow/dags/dag_job_intelligent .py took 0.573 seconds
[2026-05-08T18:07:59.322+0000] {processor.py:161} INFO - Started process (PID=1772) to work on /opt/airflow/dags/dag_job_intelligent .py
[2026-05-08T18:07:59.324+0000] {processor.py:830} INFO - Processing file /opt/airflow/dags/dag_job_intelligent .py for tasks to queue
[2026-05-08T18:07:59.327+0000] {logging_mixin.py:188} INFO - [2026-05-08T18:07:59.326+0000] {dagbag.py:545} INFO - Filling up the DagBag from /opt/airflow/dags/dag_job_intelligent .py
[2026-05-08T18:07:59.373+0000] {processor.py:840} INFO - DAG(s) 'job_intelligent_pipeline' retrieved from /opt/airflow/dags/dag_job_intelligent .py
[2026-05-08T18:07:59.461+0000] {logging_mixin.py:188} INFO - [2026-05-08T18:07:59.460+0000] {dag.py:3096} INFO - Sync 1 DAGs
[2026-05-08T18:07:59.569+0000] {processor.py:183} INFO - Processing /opt/airflow/dags/dag_job_intelligent .py took 0.257 seconds
[2026-05-08T18:08:30.137+0000] {processor.py:161} INFO - Started process (PID=1780) to work on /opt/airflow/dags/dag_job_intelligent .py
[2026-05-08T18:08:30.139+0000] {processor.py:830} INFO - Processing file /opt/airflow/dags/dag_job_intelligent .py for tasks to queue
[2026-05-08T18:08:30.144+0000] {logging_mixin.py:188} INFO - [2026-05-08T18:08:30.141+0000] {dagbag.py:545} INFO - Filling up the DagBag from /opt/airflow/dags/dag_job_intelligent .py
[2026-05-08T18:08:30.204+0000] {processor.py:840} INFO - DAG(s) 'job_intelligent_pipeline' retrieved from /opt/airflow/dags/dag_job_intelligent .py
[2026-05-08T18:08:30.274+0000] {logging_mixin.py:188} INFO - [2026-05-08T18:08:30.274+0000] {dag.py:3096} INFO - Sync 1 DAGs
[2026-05-08T18:08:30.336+0000] {processor.py:183} INFO - Processing /opt/airflow/dags/dag_job_intelligent .py took 0.208 seconds
[2026-05-08T18:09:00.979+0000] {processor.py:161} INFO - Started process (PID=1794) to work on /opt/airflow/dags/dag_job_intelligent .py
[2026-05-08T18:09:00.987+0000] {processor.py:830} INFO - Processing file /opt/airflow/dags/dag_job_intelligent .py for tasks to queue
[2026-05-08T18:09:00.991+0000] {logging_mixin.py:188} INFO - [2026-05-08T18:09:00.990+0000] {dagbag.py:545} INFO - Filling up the DagBag from /opt/airflow/dags/dag_job_intelligent .py
[2026-05-08T18:09:01.081+0000] {processor.py:840} INFO - DAG(s) 'job_intelligent_pipeline' retrieved from /opt/airflow/dags/dag_job_intelligent .py
[2026-05-08T18:09:01.148+0000] {logging_mixin.py:188} INFO - [2026-05-08T18:09:01.148+0000] {dag.py:3096} INFO - Sync 1 DAGs
[2026-05-08T18:09:01.216+0000] {processor.py:183} INFO - Processing /opt/airflow/dags/dag_job_intelligent .py took 0.294 seconds
[2026-05-08T18:09:31.438+0000] {processor.py:161} INFO - Started process (PID=1802) to work on /opt/airflow/dags/dag_job_intelligent .py
[2026-05-08T18:09:31.441+0000] {processor.py:830} INFO - Processing file /opt/airflow/dags/dag_job_intelligent .py for tasks to queue
[2026-05-08T18:09:31.447+0000] {logging_mixin.py:188} INFO - [2026-05-08T18:09:31.445+0000] {dagbag.py:545} INFO - Filling up the DagBag from /opt/airflow/dags/dag_job_intelligent .py
[2026-05-08T18:09:31.507+0000] {processor.py:840} INFO - DAG(s) 'job_intelligent_pipeline' retrieved from /opt/airflow/dags/dag_job_intelligent .py
[2026-05-08T18:09:31.586+0000] {logging_mixin.py:188} INFO - [2026-05-08T18:09:31.586+0000] {dag.py:3096} INFO - Sync 1 DAGs
[2026-05-08T18:09:32.090+0000] {processor.py:183} INFO - Processing /opt/airflow/dags/dag_job_intelligent .py took 0.679 seconds
[2026-05-08T18:10:02.557+0000] {processor.py:161} INFO - Started process (PID=1815) to work on /opt/airflow/dags/dag_job_intelligent .py
[2026-05-08T18:10:02.560+0000] {processor.py:830} INFO - Processing file /opt/airflow/dags/dag_job_intelligent .py for tasks to queue
[2026-05-08T18:10:02.563+0000] {logging_mixin.py:188} INFO - [2026-05-08T18:10:02.562+0000] {dagbag.py:545} INFO - Filling up the DagBag from /opt/airflow/dags/dag_job_intelligent .py
[2026-05-08T18:10:02.614+0000] {processor.py:840} INFO - DAG(s) 'job_intelligent_pipeline' retrieved from /opt/airflow/dags/dag_job_intelligent .py
[2026-05-08T18:10:02.771+0000] {logging_mixin.py:188} INFO - [2026-05-08T18:10:02.771+0000] {dag.py:3096} INFO - Sync 1 DAGs
[2026-05-08T18:10:03.013+0000] {processor.py:183} INFO - Processing /opt/airflow/dags/dag_job_intelligent .py took 0.469 seconds
[2026-05-08T18:10:33.628+0000] {processor.py:161} INFO - Started process (PID=1829) to work on /opt/airflow/dags/dag_job_intelligent .py
[2026-05-08T18:10:33.630+0000] {processor.py:830} INFO - Processing file /opt/airflow/dags/dag_job_intelligent .py for tasks to queue
[2026-05-08T18:10:33.632+0000] {logging_mixin.py:188} INFO - [2026-05-08T18:10:33.632+0000] {dagbag.py:545} INFO - Filling up the DagBag from /opt/airflow/dags/dag_job_intelligent .py
[2026-05-08T18:10:33.688+0000] {processor.py:840} INFO - DAG(s) 'job_intelligent_pipeline' retrieved from /opt/airflow/dags/dag_job_intelligent .py
[2026-05-08T18:10:33.775+0000] {logging_mixin.py:188} INFO - [2026-05-08T18:10:33.774+0000] {dag.py:3096} INFO - Sync 1 DAGs
[2026-05-08T18:10:33.827+0000] {logging_mixin.py:188} INFO - [2026-05-08T18:10:33.826+0000] {dag.py:3954} INFO - Setting next_dagrun for job_intelligent_pipeline to 2026-05-08 06:00:00+00:00, run_after=2026-05-09 06:00:00+00:00
[2026-05-08T18:10:33.866+0000] {processor.py:183} INFO - Processing /opt/airflow/dags/dag_job_intelligent .py took 0.251 seconds
[2026-05-08T18:11:04.535+0000] {processor.py:161} INFO - Started process (PID=1838) to work on /opt/airflow/dags/dag_job_intelligent .py
[2026-05-08T18:11:04.537+0000] {processor.py:830} INFO - Processing file /opt/airflow/dags/dag_job_intelligent .py for tasks to queue
[2026-05-08T18:11:04.538+0000] {logging_mixin.py:188} INFO - [2026-05-08T18:11:04.538+0000] {dagbag.py:545} INFO - Filling up the DagBag from /opt/airflow/dags/dag_job_intelligent .py
[2026-05-08T18:11:04.584+0000] {processor.py:840} INFO - DAG(s) 'job_intelligent_pipeline' retrieved from /opt/airflow/dags/dag_job_intelligent .py
[2026-05-08T18:11:04.657+0000] {logging_mixin.py:188} INFO - [2026-05-08T18:11:04.656+0000] {dag.py:3096} INFO - Sync 1 DAGs
[2026-05-08T18:11:04.711+0000] {logging_mixin.py:188} INFO - [2026-05-08T18:11:04.711+0000] {dag.py:3954} INFO - Setting next_dagrun for job_intelligent_pipeline to 2026-05-08 06:00:00+00:00, run_after=2026-05-09 06:00:00+00:00
[2026-05-08T18:11:04.773+0000] {processor.py:183} INFO - Processing /opt/airflow/dags/dag_job_intelligent .py took 0.251 seconds
[2026-05-08T18:11:35.526+0000] {processor.py:161} INFO - Started process (PID=1852) to work on /opt/airflow/dags/dag_job_intelligent .py
[2026-05-08T18:11:35.528+0000] {processor.py:830} INFO - Processing file /opt/airflow/dags/dag_job_intelligent .py for tasks to queue
[2026-05-08T18:11:35.531+0000] {logging_mixin.py:188} INFO - [2026-05-08T18:11:35.530+0000] {dagbag.py:545} INFO - Filling up the DagBag from /opt/airflow/dags/dag_job_intelligent .py
[2026-05-08T18:11:35.575+0000] {processor.py:840} INFO - DAG(s) 'job_intelligent_pipeline' retrieved from /opt/airflow/dags/dag_job_intelligent .py
[2026-05-08T18:11:35.628+0000] {logging_mixin.py:188} INFO - [2026-05-08T18:11:35.628+0000] {dag.py:3096} INFO - Sync 1 DAGs
[2026-05-08T18:11:35.664+0000] {logging_mixin.py:188} INFO - [2026-05-08T18:11:35.663+0000] {dag.py:3954} INFO - Setting next_dagrun for job_intelligent_pipeline to 2026-05-08 06:00:00+00:00, run_after=2026-05-09 06:00:00+00:00
[2026-05-08T18:11:35.863+0000] {processor.py:183} INFO - Processing /opt/airflow/dags/dag_job_intelligent .py took 0.349 seconds
[2026-05-08T18:12:06.764+0000] {processor.py:161} INFO - Started process (PID=1860) to work on /opt/airflow/dags/dag_job_intelligent .py
[2026-05-08T18:12:06.766+0000] {processor.py:830} INFO - Processing file /opt/airflow/dags/dag_job_intelligent .py for tasks to queue
[2026-05-08T18:12:06.771+0000] {logging_mixin.py:188} INFO - [2026-05-08T18:12:06.768+0000] {dagbag.py:545} INFO - Filling up the DagBag from /opt/airflow/dags/dag_job_intelligent .py
[2026-05-08T18:12:06.826+0000] {processor.py:840} INFO - DAG(s) 'job_intelligent_pipeline' retrieved from /opt/airflow/dags/dag_job_intelligent .py
[2026-05-08T18:12:06.898+0000] {logging_mixin.py:188} INFO - [2026-05-08T18:12:06.898+0000] {dag.py:3096} INFO - Sync 1 DAGs
[2026-05-08T18:12:07.211+0000] {logging_mixin.py:188} INFO - [2026-05-08T18:12:07.211+0000] {dag.py:3954} INFO - Setting next_dagrun for job_intelligent_pipeline to 2026-05-08 06:00:00+00:00, run_after=2026-05-09 06:00:00+00:00
[2026-05-08T18:12:07.279+0000] {processor.py:183} INFO - Processing /opt/airflow/dags/dag_job_intelligent .py took 0.531 seconds
[2026-05-08T18:12:38.200+0000] {processor.py:161} INFO - Started process (PID=1875) to work on /opt/airflow/dags/dag_job_intelligent .py
[2026-05-08T18:12:38.202+0000] {processor.py:830} INFO - Processing file /opt/airflow/dags/dag_job_intelligent .py for tasks to queue
[2026-05-08T18:12:38.205+0000] {logging_mixin.py:188} INFO - [2026-05-08T18:12:38.204+0000] {dagbag.py:545} INFO - Filling up the DagBag from /opt/airflow/dags/dag_job_intelligent .py
[2026-05-08T18:12:38.342+0000] {processor.py:840} INFO - DAG(s) 'job_intelligent_pipeline' retrieved from /opt/airflow/dags/dag_job_intelligent .py
[2026-05-08T18:12:38.575+0000] {logging_mixin.py:188} INFO - [2026-05-08T18:12:38.574+0000] {dag.py:3096} INFO - Sync 1 DAGs
[2026-05-08T18:12:38.774+0000] {logging_mixin.py:188} INFO - [2026-05-08T18:12:38.774+0000] {dag.py:3954} INFO - Setting next_dagrun for job_intelligent_pipeline to 2026-05-08 06:00:00+00:00, run_after=2026-05-09 06:00:00+00:00
[2026-05-08T18:12:38.916+0000] {processor.py:183} INFO - Processing /opt/airflow/dags/dag_job_intelligent .py took 0.737 seconds
[2026-05-08T18:13:09.172+0000] {processor.py:161} INFO - Started process (PID=1883) to work on /opt/airflow/dags/dag_job_intelligent .py
[2026-05-08T18:13:09.175+0000] {processor.py:830} INFO - Processing file /opt/airflow/dags/dag_job_intelligent .py for tasks to queue
[2026-05-08T18:13:09.209+0000] {logging_mixin.py:188} INFO - [2026-05-08T18:13:09.208+0000] {dagbag.py:545} INFO - Filling up the DagBag from /opt/airflow/dags/dag_job_intelligent .py
[2026-05-08T18:13:09.298+0000] {processor.py:840} INFO - DAG(s) 'job_intelligent_pipeline' retrieved from /opt/airflow/dags/dag_job_intelligent .py
[2026-05-08T18:13:09.444+0000] {logging_mixin.py:188} INFO - [2026-05-08T18:13:09.444+0000] {dag.py:3096} INFO - Sync 1 DAGs
[2026-05-08T18:13:09.709+0000] {logging_mixin.py:188} INFO - [2026-05-08T18:13:09.701+0000] {dag.py:3954} INFO - Setting next_dagrun for job_intelligent_pipeline to 2026-05-08 06:00:00+00:00, run_after=2026-05-09 06:00:00+00:00
[2026-05-08T18:13:09.798+0000] {processor.py:183} INFO - Processing /opt/airflow/dags/dag_job_intelligent .py took 0.675 seconds
[2026-05-08T18:13:40.702+0000] {processor.py:161} INFO - Started process (PID=1897) to work on /opt/airflow/dags/dag_job_intelligent .py
[2026-05-08T18:13:40.706+0000] {processor.py:830} INFO - Processing file /opt/airflow/dags/dag_job_intelligent .py for tasks to queue
[2026-05-08T18:13:40.717+0000] {logging_mixin.py:188} INFO - [2026-05-08T18:13:40.715+0000] {dagbag.py:545} INFO - Filling up the DagBag from /opt/airflow/dags/dag_job_intelligent .py
[2026-05-08T18:13:40.782+0000] {processor.py:840} INFO - DAG(s) 'job_intelligent_pipeline' retrieved from /opt/airflow/dags/dag_job_intelligent .py
[2026-05-08T18:13:40.922+0000] {logging_mixin.py:188} INFO - [2026-05-08T18:13:40.921+0000] {dag.py:3096} INFO - Sync 1 DAGs
[2026-05-08T18:13:41.055+0000] {logging_mixin.py:188} INFO - [2026-05-08T18:13:41.054+0000] {dag.py:3954} INFO - Setting next_dagrun for job_intelligent_pipeline to 2026-05-08 06:00:00+00:00, run_after=2026-05-09 06:00:00+00:00
[2026-05-08T18:13:41.180+0000] {processor.py:183} INFO - Processing /opt/airflow/dags/dag_job_intelligent .py took 0.489 seconds
[2026-05-08T18:14:13.486+0000] {processor.py:161} INFO - Started process (PID=1910) to work on /opt/airflow/dags/dag_job_intelligent .py
[2026-05-08T18:14:13.575+0000] {processor.py:830} INFO - Processing file /opt/airflow/dags/dag_job_intelligent .py for tasks to queue
[2026-05-08T18:14:13.652+0000] {logging_mixin.py:188} INFO - [2026-05-08T18:14:13.650+0000] {dagbag.py:545} INFO - Filling up the DagBag from /opt/airflow/dags/dag_job_intelligent .py
[2026-05-08T18:14:14.920+0000] {processor.py:840} INFO - DAG(s) 'job_intelligent_pipeline' retrieved from /opt/airflow/dags/dag_job_intelligent .py
[2026-05-08T18:14:15.475+0000] {logging_mixin.py:188} INFO - [2026-05-08T18:14:15.475+0000] {dag.py:3096} INFO - Sync 1 DAGs
[2026-05-08T18:14:18.961+0000] {processor.py:183} INFO - Processing /opt/airflow/dags/dag_job_intelligent .py took 5.590 seconds
[2026-05-08T18:14:49.878+0000] {processor.py:161} INFO - Started process (PID=1924) to work on /opt/airflow/dags/dag_job_intelligent .py
[2026-05-08T18:14:49.897+0000] {processor.py:830} INFO - Processing file /opt/airflow/dags/dag_job_intelligent .py for tasks to queue
[2026-05-08T18:14:49.903+0000] {logging_mixin.py:188} INFO - [2026-05-08T18:14:49.902+0000] {dagbag.py:545} INFO - Filling up the DagBag from /opt/airflow/dags/dag_job_intelligent .py
[2026-05-08T18:14:50.035+0000] {processor.py:840} INFO - DAG(s) 'job_intelligent_pipeline' retrieved from /opt/airflow/dags/dag_job_intelligent .py
[2026-05-08T18:14:50.269+0000] {logging_mixin.py:188} INFO - [2026-05-08T18:14:50.268+0000] {dag.py:3096} INFO - Sync 1 DAGs
[2026-05-08T18:14:51.065+0000] {processor.py:183} INFO - Processing /opt/airflow/dags/dag_job_intelligent .py took 1.238 seconds
[2026-05-08T18:15:22.014+0000] {processor.py:161} INFO - Started process (PID=1938) to work on /opt/airflow/dags/dag_job_intelligent .py
[2026-05-08T18:15:22.027+0000] {processor.py:830} INFO - Processing file /opt/airflow/dags/dag_job_intelligent .py for tasks to queue
[2026-05-08T18:15:22.038+0000] {logging_mixin.py:188} INFO - [2026-05-08T18:15:22.033+0000] {dagbag.py:545} INFO - Filling up the DagBag from /opt/airflow/dags/dag_job_intelligent .py
[2026-05-08T18:15:22.553+0000] {processor.py:840} INFO - DAG(s) 'job_intelligent_pipeline' retrieved from /opt/airflow/dags/dag_job_intelligent .py
[2026-05-08T18:15:22.986+0000] {logging_mixin.py:188} INFO - [2026-05-08T18:15:22.985+0000] {dag.py:3096} INFO - Sync 1 DAGs
[2026-05-08T18:15:23.630+0000] {processor.py:183} INFO - Processing /opt/airflow/dags/dag_job_intelligent .py took 1.635 seconds
[2026-05-08T18:15:54.365+0000] {processor.py:161} INFO - Started process (PID=1947) to work on /opt/airflow/dags/dag_job_intelligent .py
[2026-05-08T18:15:54.367+0000] {processor.py:830} INFO - Processing file /opt/airflow/dags/dag_job_intelligent .py for tasks to queue
[2026-05-08T18:15:54.371+0000] {logging_mixin.py:188} INFO - [2026-05-08T18:15:54.370+0000] {dagbag.py:545} INFO - Filling up the DagBag from /opt/airflow/dags/dag_job_intelligent .py
[2026-05-08T18:15:54.437+0000] {processor.py:840} INFO - DAG(s) 'job_intelligent_pipeline' retrieved from /opt/airflow/dags/dag_job_intelligent .py
[2026-05-08T18:15:54.533+0000] {logging_mixin.py:188} INFO - [2026-05-08T18:15:54.533+0000] {dag.py:3096} INFO - Sync 1 DAGs
[2026-05-08T18:15:54.628+0000] {processor.py:183} INFO - Processing /opt/airflow/dags/dag_job_intelligent .py took 0.283 seconds
[2026-05-08T18:16:24.953+0000] {processor.py:161} INFO - Started process (PID=1960) to work on /opt/airflow/dags/dag_job_intelligent .py
[2026-05-08T18:16:24.955+0000] {processor.py:830} INFO - Processing file /opt/airflow/dags/dag_job_intelligent .py for tasks to queue
[2026-05-08T18:16:24.957+0000] {logging_mixin.py:188} INFO - [2026-05-08T18:16:24.957+0000] {dagbag.py:545} INFO - Filling up the DagBag from /opt/airflow/dags/dag_job_intelligent .py
[2026-05-08T18:16:24.996+0000] {processor.py:840} INFO - DAG(s) 'job_intelligent_pipeline' retrieved from /opt/airflow/dags/dag_job_intelligent .py
[2026-05-08T18:16:25.063+0000] {logging_mixin.py:188} INFO - [2026-05-08T18:16:25.063+0000] {dag.py:3096} INFO - Sync 1 DAGs
[2026-05-08T18:16:25.162+0000] {processor.py:183} INFO - Processing /opt/airflow/dags/dag_job_intelligent .py took 0.219 seconds
[2026-05-08T18:16:55.721+0000] {processor.py:161} INFO - Started process (PID=1969) to work on /opt/airflow/dags/dag_job_intelligent .py
[2026-05-08T18:16:55.723+0000] {processor.py:830} INFO - Processing file /opt/airflow/dags/dag_job_intelligent .py for tasks to queue
[2026-05-08T18:16:55.724+0000] {logging_mixin.py:188} INFO - [2026-05-08T18:16:55.724+0000] {dagbag.py:545} INFO - Filling up the DagBag from /opt/airflow/dags/dag_job_intelligent .py
[2026-05-08T18:16:55.765+0000] {processor.py:840} INFO - DAG(s) 'job_intelligent_pipeline' retrieved from /opt/airflow/dags/dag_job_intelligent .py
[2026-05-08T18:16:55.831+0000] {logging_mixin.py:188} INFO - [2026-05-08T18:16:55.830+0000] {dag.py:3096} INFO - Sync 1 DAGs
[2026-05-08T18:16:56.083+0000] {processor.py:183} INFO - Processing /opt/airflow/dags/dag_job_intelligent .py took 0.375 seconds
[2026-05-08T18:17:26.510+0000] {processor.py:161} INFO - Started process (PID=1983) to work on /opt/airflow/dags/dag_job_intelligent .py
[2026-05-08T18:17:26.512+0000] {processor.py:830} INFO - Processing file /opt/airflow/dags/dag_job_intelligent .py for tasks to queue
[2026-05-08T18:17:26.526+0000] {logging_mixin.py:188} INFO - [2026-05-08T18:17:26.525+0000] {dagbag.py:545} INFO - Filling up the DagBag from /opt/airflow/dags/dag_job_intelligent .py
[2026-05-08T18:17:26.730+0000] {processor.py:840} INFO - DAG(s) 'job_intelligent_pipeline' retrieved from /opt/airflow/dags/dag_job_intelligent .py
[2026-05-08T18:17:26.956+0000] {logging_mixin.py:188} INFO - [2026-05-08T18:17:26.954+0000] {dag.py:3096} INFO - Sync 1 DAGs
[2026-05-08T18:17:27.229+0000] {processor.py:183} INFO - Processing /opt/airflow/dags/dag_job_intelligent .py took 0.733 seconds
[2026-05-08T18:17:58.086+0000] {processor.py:161} INFO - Started process (PID=1991) to work on /opt/airflow/dags/dag_job_intelligent .py
[2026-05-08T18:17:58.088+0000] {processor.py:830} INFO - Processing file /opt/airflow/dags/dag_job_intelligent .py for tasks to queue
[2026-05-08T18:17:58.092+0000] {logging_mixin.py:188} INFO - [2026-05-08T18:17:58.091+0000] {dagbag.py:545} INFO - Filling up the DagBag from /opt/airflow/dags/dag_job_intelligent .py
[2026-05-08T18:17:58.146+0000] {processor.py:840} INFO - DAG(s) 'job_intelligent_pipeline' retrieved from /opt/airflow/dags/dag_job_intelligent .py
[2026-05-08T18:17:58.307+0000] {logging_mixin.py:188} INFO - [2026-05-08T18:17:58.306+0000] {dag.py:3096} INFO - Sync 1 DAGs
[2026-05-08T18:17:58.411+0000] {processor.py:183} INFO - Processing /opt/airflow/dags/dag_job_intelligent .py took 0.344 seconds
[2026-05-08T18:18:29.170+0000] {processor.py:161} INFO - Started process (PID=2003) to work on /opt/airflow/dags/dag_job_intelligent .py
[2026-05-08T18:18:29.172+0000] {processor.py:830} INFO - Processing file /opt/airflow/dags/dag_job_intelligent .py for tasks to queue
[2026-05-08T18:18:29.173+0000] {logging_mixin.py:188} INFO - [2026-05-08T18:18:29.173+0000] {dagbag.py:545} INFO - Filling up the DagBag from /opt/airflow/dags/dag_job_intelligent .py
[2026-05-08T18:18:29.211+0000] {processor.py:840} INFO - DAG(s) 'job_intelligent_pipeline' retrieved from /opt/airflow/dags/dag_job_intelligent .py
[2026-05-08T18:18:29.269+0000] {logging_mixin.py:188} INFO - [2026-05-08T18:18:29.269+0000] {dag.py:3096} INFO - Sync 1 DAGs
[2026-05-08T18:18:29.351+0000] {processor.py:183} INFO - Processing /opt/airflow/dags/dag_job_intelligent .py took 0.193 seconds
[2026-05-08T18:18:59.632+0000] {processor.py:161} INFO - Started process (PID=2011) to work on /opt/airflow/dags/dag_job_intelligent .py
[2026-05-08T18:18:59.634+0000] {processor.py:830} INFO - Processing file /opt/airflow/dags/dag_job_intelligent .py for tasks to queue
[2026-05-08T18:18:59.636+0000] {logging_mixin.py:188} INFO - [2026-05-08T18:18:59.635+0000] {dagbag.py:545} INFO - Filling up the DagBag from /opt/airflow/dags/dag_job_intelligent .py
[2026-05-08T18:18:59.675+0000] {processor.py:840} INFO - DAG(s) 'job_intelligent_pipeline' retrieved from /opt/airflow/dags/dag_job_intelligent .py
[2026-05-08T18:18:59.733+0000] {logging_mixin.py:188} INFO - [2026-05-08T18:18:59.732+0000] {dag.py:3096} INFO - Sync 1 DAGs
[2026-05-08T18:19:00.082+0000] {processor.py:183} INFO - Processing /opt/airflow/dags/dag_job_intelligent .py took 0.458 seconds
[2026-05-08T18:19:30.607+0000] {processor.py:161} INFO - Started process (PID=2026) to work on /opt/airflow/dags/dag_job_intelligent .py
[2026-05-08T18:19:30.609+0000] {processor.py:830} INFO - Processing file /opt/airflow/dags/dag_job_intelligent .py for tasks to queue
[2026-05-08T18:19:30.611+0000] {logging_mixin.py:188} INFO - [2026-05-08T18:19:30.610+0000] {dagbag.py:545} INFO - Filling up the DagBag from /opt/airflow/dags/dag_job_intelligent .py
[2026-05-08T18:19:30.709+0000] {processor.py:840} INFO - DAG(s) 'job_intelligent_pipeline' retrieved from /opt/airflow/dags/dag_job_intelligent .py
[2026-05-08T18:19:31.021+0000] {logging_mixin.py:188} INFO - [2026-05-08T18:19:31.020+0000] {dag.py:3096} INFO - Sync 1 DAGs
[2026-05-08T18:19:31.090+0000] {processor.py:183} INFO - Processing /opt/airflow/dags/dag_job_intelligent .py took 0.496 seconds
[2026-05-08T18:20:01.775+0000] {processor.py:161} INFO - Started process (PID=2034) to work on /opt/airflow/dags/dag_job_intelligent .py
[2026-05-08T18:20:01.776+0000] {processor.py:830} INFO - Processing file /opt/airflow/dags/dag_job_intelligent .py for tasks to queue
[2026-05-08T18:20:01.777+0000] {logging_mixin.py:188} INFO - [2026-05-08T18:20:01.777+0000] {dagbag.py:545} INFO - Filling up the DagBag from /opt/airflow/dags/dag_job_intelligent .py
[2026-05-08T18:20:02.069+0000] {processor.py:840} INFO - DAG(s) 'job_intelligent_pipeline' retrieved from /opt/airflow/dags/dag_job_intelligent .py
[2026-05-08T18:20:02.115+0000] {logging_mixin.py:188} INFO - [2026-05-08T18:20:02.114+0000] {dag.py:3096} INFO - Sync 1 DAGs
[2026-05-08T18:20:02.174+0000] {processor.py:183} INFO - Processing /opt/airflow/dags/dag_job_intelligent .py took 0.408 seconds
[2026-05-08T18:20:33.013+0000] {processor.py:161} INFO - Started process (PID=2049) to work on /opt/airflow/dags/dag_job_intelligent .py
[2026-05-08T18:20:33.015+0000] {processor.py:830} INFO - Processing file /opt/airflow/dags/dag_job_intelligent .py for tasks to queue
[2026-05-08T18:20:33.017+0000] {logging_mixin.py:188} INFO - [2026-05-08T18:20:33.016+0000] {dagbag.py:545} INFO - Filling up the DagBag from /opt/airflow/dags/dag_job_intelligent .py
[2026-05-08T18:20:33.061+0000] {processor.py:840} INFO - DAG(s) 'job_intelligent_pipeline' retrieved from /opt/airflow/dags/dag_job_intelligent .py
[2026-05-08T18:20:33.126+0000] {logging_mixin.py:188} INFO - [2026-05-08T18:20:33.125+0000] {dag.py:3096} INFO - Sync 1 DAGs
[2026-05-08T18:20:33.210+0000] {processor.py:183} INFO - Processing /opt/airflow/dags/dag_job_intelligent .py took 0.210 seconds
[2026-05-08T18:21:03.804+0000] {processor.py:161} INFO - Started process (PID=2064) to work on /opt/airflow/dags/dag_job_intelligent .py
[2026-05-08T18:21:03.806+0000] {processor.py:830} INFO - Processing file /opt/airflow/dags/dag_job_intelligent .py for tasks to queue
[2026-05-08T18:21:03.807+0000] {logging_mixin.py:188} INFO - [2026-05-08T18:21:03.807+0000] {dagbag.py:545} INFO - Filling up the DagBag from /opt/airflow/dags/dag_job_intelligent .py
[2026-05-08T18:21:03.848+0000] {processor.py:840} INFO - DAG(s) 'job_intelligent_pipeline' retrieved from /opt/airflow/dags/dag_job_intelligent .py
[2026-05-08T18:21:03.901+0000] {logging_mixin.py:188} INFO - [2026-05-08T18:21:03.901+0000] {dag.py:3096} INFO - Sync 1 DAGs
[2026-05-08T18:21:04.077+0000] {processor.py:183} INFO - Processing /opt/airflow/dags/dag_job_intelligent .py took 0.282 seconds
[2026-05-08T18:21:34.520+0000] {processor.py:161} INFO - Started process (PID=2072) to work on /opt/airflow/dags/dag_job_intelligent .py
[2026-05-08T18:21:34.522+0000] {processor.py:830} INFO - Processing file /opt/airflow/dags/dag_job_intelligent .py for tasks to queue
[2026-05-08T18:21:34.525+0000] {logging_mixin.py:188} INFO - [2026-05-08T18:21:34.524+0000] {dagbag.py:545} INFO - Filling up the DagBag from /opt/airflow/dags/dag_job_intelligent .py
[2026-05-08T18:21:34.622+0000] {processor.py:840} INFO - DAG(s) 'job_intelligent_pipeline' retrieved from /opt/airflow/dags/dag_job_intelligent .py
[2026-05-08T18:21:34.795+0000] {logging_mixin.py:188} INFO - [2026-05-08T18:21:34.792+0000] {dag.py:3096} INFO - Sync 1 DAGs
[2026-05-08T18:21:34.984+0000] {processor.py:183} INFO - Processing /opt/airflow/dags/dag_job_intelligent .py took 0.477 seconds
[2026-05-08T18:22:05.171+0000] {processor.py:161} INFO - Started process (PID=2086) to work on /opt/airflow/dags/dag_job_intelligent .py
[2026-05-08T18:22:05.173+0000] {processor.py:830} INFO - Processing file /opt/airflow/dags/dag_job_intelligent .py for tasks to queue
[2026-05-08T18:22:05.174+0000] {logging_mixin.py:188} INFO - [2026-05-08T18:22:05.174+0000] {dagbag.py:545} INFO - Filling up the DagBag from /opt/airflow/dags/dag_job_intelligent .py
[2026-05-08T18:22:05.219+0000] {processor.py:840} INFO - DAG(s) 'job_intelligent_pipeline' retrieved from /opt/airflow/dags/dag_job_intelligent .py
[2026-05-08T18:22:05.335+0000] {logging_mixin.py:188} INFO - [2026-05-08T18:22:05.323+0000] {dag.py:3096} INFO - Sync 1 DAGs
[2026-05-08T18:22:05.521+0000] {processor.py:183} INFO - Processing /opt/airflow/dags/dag_job_intelligent .py took 0.361 seconds
[2026-05-08T18:22:35.942+0000] {processor.py:161} INFO - Started process (PID=2094) to work on /opt/airflow/dags/dag_job_intelligent .py
[2026-05-08T18:22:35.944+0000] {processor.py:830} INFO - Processing file /opt/airflow/dags/dag_job_intelligent .py for tasks to queue
[2026-05-08T18:22:35.946+0000] {logging_mixin.py:188} INFO - [2026-05-08T18:22:35.945+0000] {dagbag.py:545} INFO - Filling up the DagBag from /opt/airflow/dags/dag_job_intelligent .py
[2026-05-08T18:22:35.988+0000] {processor.py:840} INFO - DAG(s) 'job_intelligent_pipeline' retrieved from /opt/airflow/dags/dag_job_intelligent .py
[2026-05-08T18:22:36.049+0000] {logging_mixin.py:188} INFO - [2026-05-08T18:22:36.049+0000] {dag.py:3096} INFO - Sync 1 DAGs
[2026-05-08T18:22:36.126+0000] {processor.py:183} INFO - Processing /opt/airflow/dags/dag_job_intelligent .py took 0.198 seconds
[2026-05-08T18:23:06.343+0000] {processor.py:161} INFO - Started process (PID=2108) to work on /opt/airflow/dags/dag_job_intelligent .py
[2026-05-08T18:23:06.345+0000] {processor.py:830} INFO - Processing file /opt/airflow/dags/dag_job_intelligent .py for tasks to queue
[2026-05-08T18:23:06.347+0000] {logging_mixin.py:188} INFO - [2026-05-08T18:23:06.346+0000] {dagbag.py:545} INFO - Filling up the DagBag from /opt/airflow/dags/dag_job_intelligent .py
[2026-05-08T18:23:06.391+0000] {processor.py:840} INFO - DAG(s) 'job_intelligent_pipeline' retrieved from /opt/airflow/dags/dag_job_intelligent .py
[2026-05-08T18:23:06.463+0000] {logging_mixin.py:188} INFO - [2026-05-08T18:23:06.462+0000] {dag.py:3096} INFO - Sync 1 DAGs
[2026-05-08T18:23:06.568+0000] {processor.py:183} INFO - Processing /opt/airflow/dags/dag_job_intelligent .py took 0.237 seconds
[2026-05-08T18:23:37.325+0000] {processor.py:161} INFO - Started process (PID=2116) to work on /opt/airflow/dags/dag_job_intelligent .py
[2026-05-08T18:23:37.328+0000] {processor.py:830} INFO - Processing file /opt/airflow/dags/dag_job_intelligent .py for tasks to queue
[2026-05-08T18:23:37.332+0000] {logging_mixin.py:188} INFO - [2026-05-08T18:23:37.331+0000] {dagbag.py:545} INFO - Filling up the DagBag from /opt/airflow/dags/dag_job_intelligent .py
[2026-05-08T18:23:37.482+0000] {processor.py:840} INFO - DAG(s) 'job_intelligent_pipeline' retrieved from /opt/airflow/dags/dag_job_intelligent .py
[2026-05-08T18:23:37.660+0000] {logging_mixin.py:188} INFO - [2026-05-08T18:23:37.659+0000] {dag.py:3096} INFO - Sync 1 DAGs
[2026-05-08T18:23:37.839+0000] {processor.py:183} INFO - Processing /opt/airflow/dags/dag_job_intelligent .py took 0.543 seconds
[2026-05-08T18:24:08.450+0000] {processor.py:161} INFO - Started process (PID=2130) to work on /opt/airflow/dags/dag_job_intelligent .py
[2026-05-08T18:24:08.452+0000] {processor.py:830} INFO - Processing file /opt/airflow/dags/dag_job_intelligent .py for tasks to queue
[2026-05-08T18:24:08.459+0000] {logging_mixin.py:188} INFO - [2026-05-08T18:24:08.458+0000] {dagbag.py:545} INFO - Filling up the DagBag from /opt/airflow/dags/dag_job_intelligent .py
[2026-05-08T18:24:08.554+0000] {processor.py:840} INFO - DAG(s) 'job_intelligent_pipeline' retrieved from /opt/airflow/dags/dag_job_intelligent .py
[2026-05-08T18:24:08.678+0000] {logging_mixin.py:188} INFO - [2026-05-08T18:24:08.677+0000] {dag.py:3096} INFO - Sync 1 DAGs
[2026-05-08T18:24:08.851+0000] {processor.py:183} INFO - Processing /opt/airflow/dags/dag_job_intelligent .py took 0.419 seconds
[2026-05-08T18:24:39.154+0000] {processor.py:161} INFO - Started process (PID=2139) to work on /opt/airflow/dags/dag_job_intelligent .py
[2026-05-08T18:24:39.155+0000] {processor.py:830} INFO - Processing file /opt/airflow/dags/dag_job_intelligent .py for tasks to queue
[2026-05-08T18:24:39.158+0000] {logging_mixin.py:188} INFO - [2026-05-08T18:24:39.157+0000] {dagbag.py:545} INFO - Filling up the DagBag from /opt/airflow/dags/dag_job_intelligent .py
[2026-05-08T18:24:39.196+0000] {processor.py:840} INFO - DAG(s) 'job_intelligent_pipeline' retrieved from /opt/airflow/dags/dag_job_intelligent .py
[2026-05-08T18:24:39.258+0000] {logging_mixin.py:188} INFO - [2026-05-08T18:24:39.258+0000] {dag.py:3096} INFO - Sync 1 DAGs
[2026-05-08T18:24:39.324+0000] {processor.py:183} INFO - Processing /opt/airflow/dags/dag_job_intelligent .py took 0.181 seconds
[2026-05-08T18:25:09.809+0000] {processor.py:161} INFO - Started process (PID=2153) to work on /opt/airflow/dags/dag_job_intelligent .py
[2026-05-08T18:25:09.811+0000] {processor.py:830} INFO - Processing file /opt/airflow/dags/dag_job_intelligent .py for tasks to queue
[2026-05-08T18:25:09.813+0000] {logging_mixin.py:188} INFO - [2026-05-08T18:25:09.812+0000] {dagbag.py:545} INFO - Filling up the DagBag from /opt/airflow/dags/dag_job_intelligent .py
[2026-05-08T18:25:09.862+0000] {processor.py:840} INFO - DAG(s) 'job_intelligent_pipeline' retrieved from /opt/airflow/dags/dag_job_intelligent .py
[2026-05-08T18:25:09.918+0000] {logging_mixin.py:188} INFO - [2026-05-08T18:25:09.917+0000] {dag.py:3096} INFO - Sync 1 DAGs
[2026-05-08T18:25:09.995+0000] {processor.py:183} INFO - Processing /opt/airflow/dags/dag_job_intelligent .py took 0.199 seconds
[2026-05-08T18:25:40.679+0000] {processor.py:161} INFO - Started process (PID=2162) to work on /opt/airflow/dags/dag_job_intelligent .py
[2026-05-08T18:25:40.681+0000] {processor.py:830} INFO - Processing file /opt/airflow/dags/dag_job_intelligent .py for tasks to queue
[2026-05-08T18:25:40.686+0000] {logging_mixin.py:188} INFO - [2026-05-08T18:25:40.685+0000] {dagbag.py:545} INFO - Filling up the DagBag from /opt/airflow/dags/dag_job_intelligent .py
[2026-05-08T18:25:40.766+0000] {processor.py:840} INFO - DAG(s) 'job_intelligent_pipeline' retrieved from /opt/airflow/dags/dag_job_intelligent .py
[2026-05-08T18:25:40.865+0000] {logging_mixin.py:188} INFO - [2026-05-08T18:25:40.864+0000] {dag.py:3096} INFO - Sync 1 DAGs
[2026-05-08T18:25:41.077+0000] {processor.py:183} INFO - Processing /opt/airflow/dags/dag_job_intelligent .py took 0.422 seconds
[2026-05-08T18:26:11.471+0000] {processor.py:161} INFO - Started process (PID=2176) to work on /opt/airflow/dags/dag_job_intelligent .py
[2026-05-08T18:26:11.473+0000] {processor.py:830} INFO - Processing file /opt/airflow/dags/dag_job_intelligent .py for tasks to queue
[2026-05-08T18:26:11.476+0000] {logging_mixin.py:188} INFO - [2026-05-08T18:26:11.475+0000] {dagbag.py:545} INFO - Filling up the DagBag from /opt/airflow/dags/dag_job_intelligent .py
[2026-05-08T18:26:11.548+0000] {processor.py:840} INFO - DAG(s) 'job_intelligent_pipeline' retrieved from /opt/airflow/dags/dag_job_intelligent .py
[2026-05-08T18:26:11.661+0000] {logging_mixin.py:188} INFO - [2026-05-08T18:26:11.660+0000] {dag.py:3096} INFO - Sync 1 DAGs
[2026-05-08T18:26:11.703+0000] {logging_mixin.py:188} INFO - [2026-05-08T18:26:11.702+0000] {dag.py:3954} INFO - Setting next_dagrun for job_intelligent_pipeline to 2026-05-08 06:00:00+00:00, run_after=2026-05-09 06:00:00+00:00
[2026-05-08T18:26:11.751+0000] {processor.py:183} INFO - Processing /opt/airflow/dags/dag_job_intelligent .py took 0.292 seconds
[2026-05-08T18:26:41.991+0000] {processor.py:161} INFO - Started process (PID=2183) to work on /opt/airflow/dags/dag_job_intelligent .py
[2026-05-08T18:26:41.993+0000] {processor.py:830} INFO - Processing file /opt/airflow/dags/dag_job_intelligent .py for tasks to queue
[2026-05-08T18:26:41.994+0000] {logging_mixin.py:188} INFO - [2026-05-08T18:26:41.994+0000] {dagbag.py:545} INFO - Filling up the DagBag from /opt/airflow/dags/dag_job_intelligent .py
[2026-05-08T18:26:42.049+0000] {processor.py:840} INFO - DAG(s) 'job_intelligent_pipeline' retrieved from /opt/airflow/dags/dag_job_intelligent .py
[2026-05-08T18:26:42.122+0000] {logging_mixin.py:188} INFO - [2026-05-08T18:26:42.121+0000] {dag.py:3096} INFO - Sync 1 DAGs
[2026-05-08T18:26:42.173+0000] {logging_mixin.py:188} INFO - [2026-05-08T18:26:42.173+0000] {dag.py:3954} INFO - Setting next_dagrun for job_intelligent_pipeline to 2026-05-08 06:00:00+00:00, run_after=2026-05-09 06:00:00+00:00
[2026-05-08T18:26:42.209+0000] {processor.py:183} INFO - Processing /opt/airflow/dags/dag_job_intelligent .py took 0.226 seconds
[2026-05-08T18:27:12.362+0000] {processor.py:161} INFO - Started process (PID=2196) to work on /opt/airflow/dags/dag_job_intelligent .py
[2026-05-08T18:27:12.364+0000] {processor.py:830} INFO - Processing file /opt/airflow/dags/dag_job_intelligent .py for tasks to queue
[2026-05-08T18:27:12.365+0000] {logging_mixin.py:188} INFO - [2026-05-08T18:27:12.365+0000] {dagbag.py:545} INFO - Filling up the DagBag from /opt/airflow/dags/dag_job_intelligent .py
[2026-05-08T18:27:12.409+0000] {processor.py:840} INFO - DAG(s) 'job_intelligent_pipeline' retrieved from /opt/airflow/dags/dag_job_intelligent .py
[2026-05-08T18:27:12.474+0000] {logging_mixin.py:188} INFO - [2026-05-08T18:27:12.474+0000] {dag.py:3096} INFO - Sync 1 DAGs
[2026-05-08T18:27:12.509+0000] {logging_mixin.py:188} INFO - [2026-05-08T18:27:12.509+0000] {dag.py:3954} INFO - Setting next_dagrun for job_intelligent_pipeline to 2026-05-08 06:00:00+00:00, run_after=2026-05-09 06:00:00+00:00
[2026-05-08T18:27:12.541+0000] {processor.py:183} INFO - Processing /opt/airflow/dags/dag_job_intelligent .py took 0.193 seconds
[2026-05-08T18:27:42.919+0000] {processor.py:161} INFO - Started process (PID=2203) to work on /opt/airflow/dags/dag_job_intelligent .py
[2026-05-08T18:27:42.921+0000] {processor.py:830} INFO - Processing file /opt/airflow/dags/dag_job_intelligent .py for tasks to queue
[2026-05-08T18:27:42.923+0000] {logging_mixin.py:188} INFO - [2026-05-08T18:27:42.922+0000] {dagbag.py:545} INFO - Filling up the DagBag from /opt/airflow/dags/dag_job_intelligent .py
[2026-05-08T18:27:42.982+0000] {processor.py:840} INFO - DAG(s) 'job_intelligent_pipeline' retrieved from /opt/airflow/dags/dag_job_intelligent .py
[2026-05-08T18:27:43.080+0000] {logging_mixin.py:188} INFO - [2026-05-08T18:27:43.080+0000] {dag.py:3096} INFO - Sync 1 DAGs
[2026-05-08T18:27:43.148+0000] {logging_mixin.py:188} INFO - [2026-05-08T18:27:43.148+0000] {dag.py:3954} INFO - Setting next_dagrun for job_intelligent_pipeline to 2026-05-08 06:00:00+00:00, run_after=2026-05-09 06:00:00+00:00
[2026-05-08T18:27:43.248+0000] {processor.py:183} INFO - Processing /opt/airflow/dags/dag_job_intelligent .py took 0.348 seconds
[2026-05-08T18:28:14.098+0000] {processor.py:161} INFO - Started process (PID=2217) to work on /opt/airflow/dags/dag_job_intelligent .py
[2026-05-08T18:28:14.100+0000] {processor.py:830} INFO - Processing file /opt/airflow/dags/dag_job_intelligent .py for tasks to queue
[2026-05-08T18:28:14.113+0000] {logging_mixin.py:188} INFO - [2026-05-08T18:28:14.112+0000] {dagbag.py:545} INFO - Filling up the DagBag from /opt/airflow/dags/dag_job_intelligent .py
[2026-05-08T18:28:14.204+0000] {processor.py:840} INFO - DAG(s) 'job_intelligent_pipeline' retrieved from /opt/airflow/dags/dag_job_intelligent .py
[2026-05-08T18:28:14.269+0000] {logging_mixin.py:188} INFO - [2026-05-08T18:28:14.269+0000] {dag.py:3096} INFO - Sync 1 DAGs
[2026-05-08T18:28:14.308+0000] {logging_mixin.py:188} INFO - [2026-05-08T18:28:14.308+0000] {dag.py:3954} INFO - Setting next_dagrun for job_intelligent_pipeline to 2026-05-08 06:00:00+00:00, run_after=2026-05-09 06:00:00+00:00
[2026-05-08T18:28:14.343+0000] {processor.py:183} INFO - Processing /opt/airflow/dags/dag_job_intelligent .py took 0.260 seconds
[2026-05-08T18:28:44.978+0000] {processor.py:161} INFO - Started process (PID=2225) to work on /opt/airflow/dags/dag_job_intelligent .py
[2026-05-08T18:28:44.980+0000] {processor.py:830} INFO - Processing file /opt/airflow/dags/dag_job_intelligent .py for tasks to queue
[2026-05-08T18:28:44.993+0000] {logging_mixin.py:188} INFO - [2026-05-08T18:28:44.990+0000] {dagbag.py:545} INFO - Filling up the DagBag from /opt/airflow/dags/dag_job_intelligent .py
[2026-05-08T18:28:45.114+0000] {processor.py:840} INFO - DAG(s) 'job_intelligent_pipeline' retrieved from /opt/airflow/dags/dag_job_intelligent .py
[2026-05-08T18:28:45.212+0000] {logging_mixin.py:188} INFO - [2026-05-08T18:28:45.211+0000] {dag.py:3096} INFO - Sync 1 DAGs
[2026-05-08T18:28:45.294+0000] {logging_mixin.py:188} INFO - [2026-05-08T18:28:45.294+0000] {dag.py:3954} INFO - Setting next_dagrun for job_intelligent_pipeline to 2026-05-08 06:00:00+00:00, run_after=2026-05-09 06:00:00+00:00
[2026-05-08T18:28:45.356+0000] {processor.py:183} INFO - Processing /opt/airflow/dags/dag_job_intelligent .py took 0.401 seconds
[2026-05-08T18:29:15.804+0000] {processor.py:161} INFO - Started process (PID=2239) to work on /opt/airflow/dags/dag_job_intelligent .py
[2026-05-08T18:29:15.806+0000] {processor.py:830} INFO - Processing file /opt/airflow/dags/dag_job_intelligent .py for tasks to queue
[2026-05-08T18:29:15.807+0000] {logging_mixin.py:188} INFO - [2026-05-08T18:29:15.807+0000] {dagbag.py:545} INFO - Filling up the DagBag from /opt/airflow/dags/dag_job_intelligent .py
[2026-05-08T18:29:15.846+0000] {processor.py:840} INFO - DAG(s) 'job_intelligent_pipeline' retrieved from /opt/airflow/dags/dag_job_intelligent .py
[2026-05-08T18:29:15.977+0000] {logging_mixin.py:188} INFO - [2026-05-08T18:29:15.977+0000] {dag.py:3096} INFO - Sync 1 DAGs
[2026-05-08T18:29:16.114+0000] {logging_mixin.py:188} INFO - [2026-05-08T18:29:16.114+0000] {dag.py:3954} INFO - Setting next_dagrun for job_intelligent_pipeline to 2026-05-08 06:00:00+00:00, run_after=2026-05-09 06:00:00+00:00
[2026-05-08T18:29:16.228+0000] {processor.py:183} INFO - Processing /opt/airflow/dags/dag_job_intelligent .py took 0.423 seconds
[2026-05-08T18:29:46.988+0000] {processor.py:161} INFO - Started process (PID=2253) to work on /opt/airflow/dags/dag_job_intelligent .py
[2026-05-08T18:29:47.004+0000] {processor.py:830} INFO - Processing file /opt/airflow/dags/dag_job_intelligent .py for tasks to queue
[2026-05-08T18:29:47.007+0000] {logging_mixin.py:188} INFO - [2026-05-08T18:29:47.006+0000] {dagbag.py:545} INFO - Filling up the DagBag from /opt/airflow/dags/dag_job_intelligent .py
[2026-05-08T18:29:47.102+0000] {processor.py:840} INFO - DAG(s) 'job_intelligent_pipeline' retrieved from /opt/airflow/dags/dag_job_intelligent .py
[2026-05-08T18:29:47.205+0000] {logging_mixin.py:188} INFO - [2026-05-08T18:29:47.203+0000] {dag.py:3096} INFO - Sync 1 DAGs
[2026-05-08T18:29:47.311+0000] {logging_mixin.py:188} INFO - [2026-05-08T18:29:47.310+0000] {dag.py:3954} INFO - Setting next_dagrun for job_intelligent_pipeline to 2026-05-08 06:00:00+00:00, run_after=2026-05-09 06:00:00+00:00
[2026-05-08T18:29:47.381+0000] {processor.py:183} INFO - Processing /opt/airflow/dags/dag_job_intelligent .py took 0.419 seconds
[2026-05-08T18:30:18.076+0000] {processor.py:161} INFO - Started process (PID=2261) to work on /opt/airflow/dags/dag_job_intelligent .py
[2026-05-08T18:30:18.079+0000] {processor.py:830} INFO - Processing file /opt/airflow/dags/dag_job_intelligent .py for tasks to queue
[2026-05-08T18:30:18.089+0000] {logging_mixin.py:188} INFO - [2026-05-08T18:30:18.085+0000] {dagbag.py:545} INFO - Filling up the DagBag from /opt/airflow/dags/dag_job_intelligent .py
[2026-05-08T18:30:18.140+0000] {processor.py:840} INFO - DAG(s) 'job_intelligent_pipeline' retrieved from /opt/airflow/dags/dag_job_intelligent .py
[2026-05-08T18:30:18.241+0000] {logging_mixin.py:188} INFO - [2026-05-08T18:30:18.241+0000] {dag.py:3096} INFO - Sync 1 DAGs
[2026-05-08T18:30:18.346+0000] {logging_mixin.py:188} INFO - [2026-05-08T18:30:18.346+0000] {dag.py:3954} INFO - Setting next_dagrun for job_intelligent_pipeline to 2026-05-08 06:00:00+00:00, run_after=2026-05-09 06:00:00+00:00
[2026-05-08T18:30:18.407+0000] {processor.py:183} INFO - Processing /opt/airflow/dags/dag_job_intelligent .py took 0.350 seconds
[2026-05-08T18:30:48.740+0000] {processor.py:161} INFO - Started process (PID=2275) to work on /opt/airflow/dags/dag_job_intelligent .py
[2026-05-08T18:30:48.742+0000] {processor.py:830} INFO - Processing file /opt/airflow/dags/dag_job_intelligent .py for tasks to queue
[2026-05-08T18:30:48.744+0000] {logging_mixin.py:188} INFO - [2026-05-08T18:30:48.743+0000] {dagbag.py:545} INFO - Filling up the DagBag from /opt/airflow/dags/dag_job_intelligent .py
[2026-05-08T18:30:48.804+0000] {processor.py:840} INFO - DAG(s) 'job_intelligent_pipeline' retrieved from /opt/airflow/dags/dag_job_intelligent .py
[2026-05-08T18:30:48.888+0000] {logging_mixin.py:188} INFO - [2026-05-08T18:30:48.887+0000] {dag.py:3096} INFO - Sync 1 DAGs
[2026-05-08T18:30:48.931+0000] {logging_mixin.py:188} INFO - [2026-05-08T18:30:48.930+0000] {dag.py:3954} INFO - Setting next_dagrun for job_intelligent_pipeline to 2026-05-08 06:00:00+00:00, run_after=2026-05-09 06:00:00+00:00
[2026-05-08T18:30:48.971+0000] {processor.py:183} INFO - Processing /opt/airflow/dags/dag_job_intelligent .py took 0.243 seconds
[2026-05-08T18:31:19.151+0000] {processor.py:161} INFO - Started process (PID=2282) to work on /opt/airflow/dags/dag_job_intelligent .py
[2026-05-08T18:31:19.152+0000] {processor.py:830} INFO - Processing file /opt/airflow/dags/dag_job_intelligent .py for tasks to queue
[2026-05-08T18:31:19.154+0000] {logging_mixin.py:188} INFO - [2026-05-08T18:31:19.153+0000] {dagbag.py:545} INFO - Filling up the DagBag from /opt/airflow/dags/dag_job_intelligent .py
[2026-05-08T18:31:19.193+0000] {processor.py:840} INFO - DAG(s) 'job_intelligent_pipeline' retrieved from /opt/airflow/dags/dag_job_intelligent .py
[2026-05-08T18:31:19.246+0000] {logging_mixin.py:188} INFO - [2026-05-08T18:31:19.246+0000] {dag.py:3096} INFO - Sync 1 DAGs
[2026-05-08T18:31:19.283+0000] {logging_mixin.py:188} INFO - [2026-05-08T18:31:19.282+0000] {dag.py:3954} INFO - Setting next_dagrun for job_intelligent_pipeline to 2026-05-08 06:00:00+00:00, run_after=2026-05-09 06:00:00+00:00
[2026-05-08T18:31:19.338+0000] {processor.py:183} INFO - Processing /opt/airflow/dags/dag_job_intelligent .py took 0.195 seconds
[2026-05-08T18:31:49.868+0000] {processor.py:161} INFO - Started process (PID=2296) to work on /opt/airflow/dags/dag_job_intelligent .py
[2026-05-08T18:31:49.870+0000] {processor.py:830} INFO - Processing file /opt/airflow/dags/dag_job_intelligent .py for tasks to queue
[2026-05-08T18:31:49.872+0000] {logging_mixin.py:188} INFO - [2026-05-08T18:31:49.871+0000] {dagbag.py:545} INFO - Filling up the DagBag from /opt/airflow/dags/dag_job_intelligent .py
[2026-05-08T18:31:49.911+0000] {processor.py:840} INFO - DAG(s) 'job_intelligent_pipeline' retrieved from /opt/airflow/dags/dag_job_intelligent .py
[2026-05-08T18:31:49.968+0000] {logging_mixin.py:188} INFO - [2026-05-08T18:31:49.968+0000] {dag.py:3096} INFO - Sync 1 DAGs
[2026-05-08T18:31:50.004+0000] {logging_mixin.py:188} INFO - [2026-05-08T18:31:50.004+0000] {dag.py:3954} INFO - Setting next_dagrun for job_intelligent_pipeline to 2026-05-08 06:00:00+00:00, run_after=2026-05-09 06:00:00+00:00
[2026-05-08T18:31:50.041+0000] {processor.py:183} INFO - Processing /opt/airflow/dags/dag_job_intelligent .py took 0.183 seconds
[2026-05-08T18:32:20.646+0000] {processor.py:161} INFO - Started process (PID=2304) to work on /opt/airflow/dags/dag_job_intelligent .py
[2026-05-08T18:32:20.648+0000] {processor.py:830} INFO - Processing file /opt/airflow/dags/dag_job_intelligent .py for tasks to queue
[2026-05-08T18:32:20.649+0000] {logging_mixin.py:188} INFO - [2026-05-08T18:32:20.649+0000] {dagbag.py:545} INFO - Filling up the DagBag from /opt/airflow/dags/dag_job_intelligent .py
[2026-05-08T18:32:20.693+0000] {processor.py:840} INFO - DAG(s) 'job_intelligent_pipeline' retrieved from /opt/airflow/dags/dag_job_intelligent .py
[2026-05-08T18:32:20.788+0000] {logging_mixin.py:188} INFO - [2026-05-08T18:32:20.788+0000] {dag.py:3096} INFO - Sync 1 DAGs
[2026-05-08T18:32:20.865+0000] {logging_mixin.py:188} INFO - [2026-05-08T18:32:20.865+0000] {dag.py:3954} INFO - Setting next_dagrun for job_intelligent_pipeline to 2026-05-08 06:00:00+00:00, run_after=2026-05-09 06:00:00+00:00
[2026-05-08T18:32:20.909+0000] {processor.py:183} INFO - Processing /opt/airflow/dags/dag_job_intelligent .py took 0.273 seconds
[2026-05-08T18:32:51.149+0000] {processor.py:161} INFO - Started process (PID=2319) to work on /opt/airflow/dags/dag_job_intelligent .py
[2026-05-08T18:32:51.151+0000] {processor.py:830} INFO - Processing file /opt/airflow/dags/dag_job_intelligent .py for tasks to queue
[2026-05-08T18:32:51.153+0000] {logging_mixin.py:188} INFO - [2026-05-08T18:32:51.152+0000] {dagbag.py:545} INFO - Filling up the DagBag from /opt/airflow/dags/dag_job_intelligent .py
[2026-05-08T18:32:51.186+0000] {processor.py:840} INFO - DAG(s) 'job_intelligent_pipeline' retrieved from /opt/airflow/dags/dag_job_intelligent .py
[2026-05-08T18:32:51.241+0000] {logging_mixin.py:188} INFO - [2026-05-08T18:32:51.241+0000] {dag.py:3096} INFO - Sync 1 DAGs
[2026-05-08T18:32:51.285+0000] {logging_mixin.py:188} INFO - [2026-05-08T18:32:51.285+0000] {dag.py:3954} INFO - Setting next_dagrun for job_intelligent_pipeline to 2026-05-08 06:00:00+00:00, run_after=2026-05-09 06:00:00+00:00
[2026-05-08T18:32:51.324+0000] {processor.py:183} INFO - Processing /opt/airflow/dags/dag_job_intelligent .py took 0.184 seconds
[2026-05-08T18:33:21.588+0000] {processor.py:161} INFO - Started process (PID=2327) to work on /opt/airflow/dags/dag_job_intelligent .py
[2026-05-08T18:33:21.590+0000] {processor.py:830} INFO - Processing file /opt/airflow/dags/dag_job_intelligent .py for tasks to queue
[2026-05-08T18:33:21.592+0000] {logging_mixin.py:188} INFO - [2026-05-08T18:33:21.591+0000] {dagbag.py:545} INFO - Filling up the DagBag from /opt/airflow/dags/dag_job_intelligent .py
[2026-05-08T18:33:21.632+0000] {processor.py:840} INFO - DAG(s) 'job_intelligent_pipeline' retrieved from /opt/airflow/dags/dag_job_intelligent .py
[2026-05-08T18:33:21.726+0000] {logging_mixin.py:188} INFO - [2026-05-08T18:33:21.725+0000] {dag.py:3096} INFO - Sync 1 DAGs
[2026-05-08T18:33:21.817+0000] {logging_mixin.py:188} INFO - [2026-05-08T18:33:21.814+0000] {dag.py:3954} INFO - Setting next_dagrun for job_intelligent_pipeline to 2026-05-08 06:00:00+00:00, run_after=2026-05-09 06:00:00+00:00
[2026-05-08T18:33:21.928+0000] {processor.py:183} INFO - Processing /opt/airflow/dags/dag_job_intelligent .py took 0.349 seconds
[2026-05-08T18:33:52.467+0000] {processor.py:161} INFO - Started process (PID=2341) to work on /opt/airflow/dags/dag_job_intelligent .py
[2026-05-08T18:33:52.473+0000] {processor.py:830} INFO - Processing file /opt/airflow/dags/dag_job_intelligent .py for tasks to queue
[2026-05-08T18:33:52.476+0000] {logging_mixin.py:188} INFO - [2026-05-08T18:33:52.475+0000] {dagbag.py:545} INFO - Filling up the DagBag from /opt/airflow/dags/dag_job_intelligent .py
[2026-05-08T18:33:52.525+0000] {processor.py:840} INFO - DAG(s) 'job_intelligent_pipeline' retrieved from /opt/airflow/dags/dag_job_intelligent .py
[2026-05-08T18:33:52.590+0000] {logging_mixin.py:188} INFO - [2026-05-08T18:33:52.590+0000] {dag.py:3096} INFO - Sync 1 DAGs
[2026-05-08T18:33:52.633+0000] {logging_mixin.py:188} INFO - [2026-05-08T18:33:52.633+0000] {dag.py:3954} INFO - Setting next_dagrun for job_intelligent_pipeline to 2026-05-08 06:00:00+00:00, run_after=2026-05-09 06:00:00+00:00
[2026-05-08T18:33:52.685+0000] {processor.py:183} INFO - Processing /opt/airflow/dags/dag_job_intelligent .py took 0.237 seconds
[2026-05-08T18:34:23.067+0000] {processor.py:161} INFO - Started process (PID=2349) to work on /opt/airflow/dags/dag_job_intelligent .py
[2026-05-08T18:34:23.081+0000] {processor.py:830} INFO - Processing file /opt/airflow/dags/dag_job_intelligent .py for tasks to queue
[2026-05-08T18:34:23.100+0000] {logging_mixin.py:188} INFO - [2026-05-08T18:34:23.100+0000] {dagbag.py:545} INFO - Filling up the DagBag from /opt/airflow/dags/dag_job_intelligent .py
[2026-05-08T18:34:23.364+0000] {processor.py:840} INFO - DAG(s) 'job_intelligent_pipeline' retrieved from /opt/airflow/dags/dag_job_intelligent .py
[2026-05-08T18:34:23.714+0000] {logging_mixin.py:188} INFO - [2026-05-08T18:34:23.689+0000] {dag.py:3096} INFO - Sync 1 DAGs
[2026-05-08T18:34:23.981+0000] {logging_mixin.py:188} INFO - [2026-05-08T18:34:23.980+0000] {dag.py:3954} INFO - Setting next_dagrun for job_intelligent_pipeline to 2026-05-08 06:00:00+00:00, run_after=2026-05-09 06:00:00+00:00
[2026-05-08T18:34:24.077+0000] {processor.py:183} INFO - Processing /opt/airflow/dags/dag_job_intelligent .py took 1.048 seconds
[2026-05-08T18:34:54.704+0000] {processor.py:161} INFO - Started process (PID=2363) to work on /opt/airflow/dags/dag_job_intelligent .py
[2026-05-08T18:34:54.706+0000] {processor.py:830} INFO - Processing file /opt/airflow/dags/dag_job_intelligent .py for tasks to queue
[2026-05-08T18:34:54.707+0000] {logging_mixin.py:188} INFO - [2026-05-08T18:34:54.707+0000] {dagbag.py:545} INFO - Filling up the DagBag from /opt/airflow/dags/dag_job_intelligent .py
[2026-05-08T18:34:54.776+0000] {processor.py:840} INFO - DAG(s) 'job_intelligent_pipeline' retrieved from /opt/airflow/dags/dag_job_intelligent .py
[2026-05-08T18:34:54.917+0000] {logging_mixin.py:188} INFO - [2026-05-08T18:34:54.917+0000] {dag.py:3096} INFO - Sync 1 DAGs
[2026-05-08T18:34:55.056+0000] {logging_mixin.py:188} INFO - [2026-05-08T18:34:55.055+0000] {dag.py:3954} INFO - Setting next_dagrun for job_intelligent_pipeline to 2026-05-08 06:00:00+00:00, run_after=2026-05-09 06:00:00+00:00
[2026-05-08T18:34:55.117+0000] {processor.py:183} INFO - Processing /opt/airflow/dags/dag_job_intelligent .py took 0.427 seconds
[2026-05-08T18:35:25.931+0000] {processor.py:161} INFO - Started process (PID=2371) to work on /opt/airflow/dags/dag_job_intelligent .py
[2026-05-08T18:35:25.937+0000] {processor.py:830} INFO - Processing file /opt/airflow/dags/dag_job_intelligent .py for tasks to queue
[2026-05-08T18:35:26.012+0000] {logging_mixin.py:188} INFO - [2026-05-08T18:35:26.011+0000] {dagbag.py:545} INFO - Filling up the DagBag from /opt/airflow/dags/dag_job_intelligent .py
[2026-05-08T18:35:26.143+0000] {processor.py:840} INFO - DAG(s) 'job_intelligent_pipeline' retrieved from /opt/airflow/dags/dag_job_intelligent .py
[2026-05-08T18:35:26.293+0000] {logging_mixin.py:188} INFO - [2026-05-08T18:35:26.292+0000] {dag.py:3096} INFO - Sync 1 DAGs
[2026-05-08T18:35:26.355+0000] {logging_mixin.py:188} INFO - [2026-05-08T18:35:26.354+0000] {dag.py:3954} INFO - Setting next_dagrun for job_intelligent_pipeline to 2026-05-08 06:00:00+00:00, run_after=2026-05-09 06:00:00+00:00
[2026-05-08T18:35:26.459+0000] {processor.py:183} INFO - Processing /opt/airflow/dags/dag_job_intelligent .py took 0.551 seconds
[2026-05-08T18:35:57.400+0000] {processor.py:161} INFO - Started process (PID=2385) to work on /opt/airflow/dags/dag_job_intelligent .py
[2026-05-08T18:35:57.402+0000] {processor.py:830} INFO - Processing file /opt/airflow/dags/dag_job_intelligent .py for tasks to queue
[2026-05-08T18:35:57.404+0000] {logging_mixin.py:188} INFO - [2026-05-08T18:35:57.403+0000] {dagbag.py:545} INFO - Filling up the DagBag from /opt/airflow/dags/dag_job_intelligent .py
[2026-05-08T18:35:57.453+0000] {processor.py:840} INFO - DAG(s) 'job_intelligent_pipeline' retrieved from /opt/airflow/dags/dag_job_intelligent .py
[2026-05-08T18:35:57.563+0000] {logging_mixin.py:188} INFO - [2026-05-08T18:35:57.563+0000] {dag.py:3096} INFO - Sync 1 DAGs
[2026-05-08T18:35:57.648+0000] {logging_mixin.py:188} INFO - [2026-05-08T18:35:57.647+0000] {dag.py:3954} INFO - Setting next_dagrun for job_intelligent_pipeline to 2026-05-08 06:00:00+00:00, run_after=2026-05-09 06:00:00+00:00
[2026-05-08T18:35:57.696+0000] {processor.py:183} INFO - Processing /opt/airflow/dags/dag_job_intelligent .py took 0.311 seconds
[2026-05-08T18:36:27.900+0000] {processor.py:161} INFO - Started process (PID=2393) to work on /opt/airflow/dags/dag_job_intelligent .py
[2026-05-08T18:36:27.902+0000] {processor.py:830} INFO - Processing file /opt/airflow/dags/dag_job_intelligent .py for tasks to queue
[2026-05-08T18:36:27.904+0000] {logging_mixin.py:188} INFO - [2026-05-08T18:36:27.903+0000] {dagbag.py:545} INFO - Filling up the DagBag from /opt/airflow/dags/dag_job_intelligent .py
[2026-05-08T18:36:27.955+0000] {processor.py:840} INFO - DAG(s) 'job_intelligent_pipeline' retrieved from /opt/airflow/dags/dag_job_intelligent .py
[2026-05-08T18:36:28.134+0000] {logging_mixin.py:188} INFO - [2026-05-08T18:36:28.134+0000] {dag.py:3096} INFO - Sync 1 DAGs
[2026-05-08T18:36:28.243+0000] {logging_mixin.py:188} INFO - [2026-05-08T18:36:28.242+0000] {dag.py:3954} INFO - Setting next_dagrun for job_intelligent_pipeline to 2026-05-08 06:00:00+00:00, run_after=2026-05-09 06:00:00+00:00
[2026-05-08T18:36:28.282+0000] {processor.py:183} INFO - Processing /opt/airflow/dags/dag_job_intelligent .py took 0.398 seconds
[2026-05-08T18:36:58.939+0000] {processor.py:161} INFO - Started process (PID=2407) to work on /opt/airflow/dags/dag_job_intelligent .py
[2026-05-08T18:36:58.941+0000] {processor.py:830} INFO - Processing file /opt/airflow/dags/dag_job_intelligent .py for tasks to queue
[2026-05-08T18:36:58.943+0000] {logging_mixin.py:188} INFO - [2026-05-08T18:36:58.942+0000] {dagbag.py:545} INFO - Filling up the DagBag from /opt/airflow/dags/dag_job_intelligent .py
[2026-05-08T18:36:59.004+0000] {processor.py:840} INFO - DAG(s) 'job_intelligent_pipeline' retrieved from /opt/airflow/dags/dag_job_intelligent .py
[2026-05-08T18:36:59.089+0000] {logging_mixin.py:188} INFO - [2026-05-08T18:36:59.088+0000] {dag.py:3096} INFO - Sync 1 DAGs
[2026-05-08T18:36:59.137+0000] {logging_mixin.py:188} INFO - [2026-05-08T18:36:59.136+0000] {dag.py:3954} INFO - Setting next_dagrun for job_intelligent_pipeline to 2026-05-08 06:00:00+00:00, run_after=2026-05-09 06:00:00+00:00
[2026-05-08T18:36:59.169+0000] {processor.py:183} INFO - Processing /opt/airflow/dags/dag_job_intelligent .py took 0.239 seconds
[2026-05-08T18:37:29.826+0000] {processor.py:161} INFO - Started process (PID=2415) to work on /opt/airflow/dags/dag_job_intelligent .py
[2026-05-08T18:37:29.828+0000] {processor.py:830} INFO - Processing file /opt/airflow/dags/dag_job_intelligent .py for tasks to queue
[2026-05-08T18:37:29.833+0000] {logging_mixin.py:188} INFO - [2026-05-08T18:37:29.831+0000] {dagbag.py:545} INFO - Filling up the DagBag from /opt/airflow/dags/dag_job_intelligent .py
[2026-05-08T18:37:29.873+0000] {processor.py:840} INFO - DAG(s) 'job_intelligent_pipeline' retrieved from /opt/airflow/dags/dag_job_intelligent .py
[2026-05-08T18:37:29.925+0000] {logging_mixin.py:188} INFO - [2026-05-08T18:37:29.925+0000] {dag.py:3096} INFO - Sync 1 DAGs
[2026-05-08T18:37:29.962+0000] {logging_mixin.py:188} INFO - [2026-05-08T18:37:29.962+0000] {dag.py:3954} INFO - Setting next_dagrun for job_intelligent_pipeline to 2026-05-08 06:00:00+00:00, run_after=2026-05-09 06:00:00+00:00
[2026-05-08T18:37:29.998+0000] {processor.py:183} INFO - Processing /opt/airflow/dags/dag_job_intelligent .py took 0.183 seconds
[2026-05-08T18:38:00.881+0000] {processor.py:161} INFO - Started process (PID=2429) to work on /opt/airflow/dags/dag_job_intelligent .py
[2026-05-08T18:38:00.883+0000] {processor.py:830} INFO - Processing file /opt/airflow/dags/dag_job_intelligent .py for tasks to queue
[2026-05-08T18:38:00.885+0000] {logging_mixin.py:188} INFO - [2026-05-08T18:38:00.885+0000] {dagbag.py:545} INFO - Filling up the DagBag from /opt/airflow/dags/dag_job_intelligent .py
[2026-05-08T18:38:00.935+0000] {processor.py:840} INFO - DAG(s) 'job_intelligent_pipeline' retrieved from /opt/airflow/dags/dag_job_intelligent .py
[2026-05-08T18:38:01.016+0000] {logging_mixin.py:188} INFO - [2026-05-08T18:38:01.016+0000] {dag.py:3096} INFO - Sync 1 DAGs
[2026-05-08T18:38:01.068+0000] {logging_mixin.py:188} INFO - [2026-05-08T18:38:01.067+0000] {dag.py:3954} INFO - Setting next_dagrun for job_intelligent_pipeline to 2026-05-08 06:00:00+00:00, run_after=2026-05-09 06:00:00+00:00
[2026-05-08T18:38:01.123+0000] {processor.py:183} INFO - Processing /opt/airflow/dags/dag_job_intelligent .py took 0.252 seconds
[2026-05-08T18:38:31.704+0000] {processor.py:161} INFO - Started process (PID=2443) to work on /opt/airflow/dags/dag_job_intelligent .py
[2026-05-08T18:38:31.706+0000] {processor.py:830} INFO - Processing file /opt/airflow/dags/dag_job_intelligent .py for tasks to queue
[2026-05-08T18:38:31.708+0000] {logging_mixin.py:188} INFO - [2026-05-08T18:38:31.708+0000] {dagbag.py:545} INFO - Filling up the DagBag from /opt/airflow/dags/dag_job_intelligent .py
[2026-05-08T18:38:31.793+0000] {processor.py:840} INFO - DAG(s) 'job_intelligent_pipeline' retrieved from /opt/airflow/dags/dag_job_intelligent .py
[2026-05-08T18:38:31.908+0000] {logging_mixin.py:188} INFO - [2026-05-08T18:38:31.908+0000] {dag.py:3096} INFO - Sync 1 DAGs
[2026-05-08T18:38:32.020+0000] {logging_mixin.py:188} INFO - [2026-05-08T18:38:32.020+0000] {dag.py:3954} INFO - Setting next_dagrun for job_intelligent_pipeline to 2026-05-08 06:00:00+00:00, run_after=2026-05-09 06:00:00+00:00
[2026-05-08T18:38:32.166+0000] {processor.py:183} INFO - Processing /opt/airflow/dags/dag_job_intelligent .py took 0.481 seconds
[2026-05-08T18:39:02.809+0000] {processor.py:161} INFO - Started process (PID=2451) to work on /opt/airflow/dags/dag_job_intelligent .py
[2026-05-08T18:39:02.811+0000] {processor.py:830} INFO - Processing file /opt/airflow/dags/dag_job_intelligent .py for tasks to queue
[2026-05-08T18:39:02.819+0000] {logging_mixin.py:188} INFO - [2026-05-08T18:39:02.818+0000] {dagbag.py:545} INFO - Filling up the DagBag from /opt/airflow/dags/dag_job_intelligent .py
[2026-05-08T18:39:02.978+0000] {processor.py:840} INFO - DAG(s) 'job_intelligent_pipeline' retrieved from /opt/airflow/dags/dag_job_intelligent .py
[2026-05-08T18:39:03.228+0000] {logging_mixin.py:188} INFO - [2026-05-08T18:39:03.227+0000] {dag.py:3096} INFO - Sync 1 DAGs
[2026-05-08T18:39:03.475+0000] {logging_mixin.py:188} INFO - [2026-05-08T18:39:03.474+0000] {dag.py:3954} INFO - Setting next_dagrun for job_intelligent_pipeline to 2026-05-08 06:00:00+00:00, run_after=2026-05-09 06:00:00+00:00
[2026-05-08T18:39:03.643+0000] {processor.py:183} INFO - Processing /opt/airflow/dags/dag_job_intelligent .py took 0.847 seconds
[2026-05-08T18:39:34.482+0000] {processor.py:161} INFO - Started process (PID=2466) to work on /opt/airflow/dags/dag_job_intelligent .py
[2026-05-08T18:39:34.491+0000] {processor.py:830} INFO - Processing file /opt/airflow/dags/dag_job_intelligent .py for tasks to queue
[2026-05-08T18:39:34.502+0000] {logging_mixin.py:188} INFO - [2026-05-08T18:39:34.501+0000] {dagbag.py:545} INFO - Filling up the DagBag from /opt/airflow/dags/dag_job_intelligent .py
[2026-05-08T18:39:34.672+0000] {processor.py:840} INFO - DAG(s) 'job_intelligent_pipeline' retrieved from /opt/airflow/dags/dag_job_intelligent .py
[2026-05-08T18:39:34.836+0000] {logging_mixin.py:188} INFO - [2026-05-08T18:39:34.836+0000] {dag.py:3096} INFO - Sync 1 DAGs
[2026-05-08T18:39:34.885+0000] {logging_mixin.py:188} INFO - [2026-05-08T18:39:34.885+0000] {dag.py:3954} INFO - Setting next_dagrun for job_intelligent_pipeline to 2026-05-08 06:00:00+00:00, run_after=2026-05-09 06:00:00+00:00
[2026-05-08T18:39:34.923+0000] {processor.py:183} INFO - Processing /opt/airflow/dags/dag_job_intelligent .py took 0.490 seconds
[2026-05-08T18:40:05.745+0000] {processor.py:161} INFO - Started process (PID=2474) to work on /opt/airflow/dags/dag_job_intelligent .py
[2026-05-08T18:40:05.753+0000] {processor.py:830} INFO - Processing file /opt/airflow/dags/dag_job_intelligent .py for tasks to queue
[2026-05-08T18:40:05.756+0000] {logging_mixin.py:188} INFO - [2026-05-08T18:40:05.755+0000] {dagbag.py:545} INFO - Filling up the DagBag from /opt/airflow/dags/dag_job_intelligent .py
[2026-05-08T18:40:05.831+0000] {processor.py:840} INFO - DAG(s) 'job_intelligent_pipeline' retrieved from /opt/airflow/dags/dag_job_intelligent .py
[2026-05-08T18:40:05.984+0000] {logging_mixin.py:188} INFO - [2026-05-08T18:40:05.984+0000] {dag.py:3096} INFO - Sync 1 DAGs
[2026-05-08T18:40:06.037+0000] {logging_mixin.py:188} INFO - [2026-05-08T18:40:06.036+0000] {dag.py:3954} INFO - Setting next_dagrun for job_intelligent_pipeline to 2026-05-08 06:00:00+00:00, run_after=2026-05-09 06:00:00+00:00
[2026-05-08T18:40:06.095+0000] {processor.py:183} INFO - Processing /opt/airflow/dags/dag_job_intelligent .py took 0.374 seconds
[2026-05-08T18:40:36.581+0000] {processor.py:161} INFO - Started process (PID=2488) to work on /opt/airflow/dags/dag_job_intelligent .py
[2026-05-08T18:40:36.582+0000] {processor.py:830} INFO - Processing file /opt/airflow/dags/dag_job_intelligent .py for tasks to queue
[2026-05-08T18:40:36.585+0000] {logging_mixin.py:188} INFO - [2026-05-08T18:40:36.584+0000] {dagbag.py:545} INFO - Filling up the DagBag from /opt/airflow/dags/dag_job_intelligent .py
[2026-05-08T18:40:36.637+0000] {processor.py:840} INFO - DAG(s) 'job_intelligent_pipeline' retrieved from /opt/airflow/dags/dag_job_intelligent .py
[2026-05-08T18:40:36.706+0000] {logging_mixin.py:188} INFO - [2026-05-08T18:40:36.705+0000] {dag.py:3096} INFO - Sync 1 DAGs
[2026-05-08T18:40:36.749+0000] {logging_mixin.py:188} INFO - [2026-05-08T18:40:36.748+0000] {dag.py:3954} INFO - Setting next_dagrun for job_intelligent_pipeline to 2026-05-08 06:00:00+00:00, run_after=2026-05-09 06:00:00+00:00
[2026-05-08T18:40:36.802+0000] {processor.py:183} INFO - Processing /opt/airflow/dags/dag_job_intelligent .py took 0.233 seconds
[2026-05-08T18:41:06.997+0000] {processor.py:161} INFO - Started process (PID=2496) to work on /opt/airflow/dags/dag_job_intelligent .py
[2026-05-08T18:41:07.005+0000] {processor.py:830} INFO - Processing file /opt/airflow/dags/dag_job_intelligent .py for tasks to queue
[2026-05-08T18:41:07.009+0000] {logging_mixin.py:188} INFO - [2026-05-08T18:41:07.008+0000] {dagbag.py:545} INFO - Filling up the DagBag from /opt/airflow/dags/dag_job_intelligent .py
[2026-05-08T18:41:07.073+0000] {processor.py:840} INFO - DAG(s) 'job_intelligent_pipeline' retrieved from /opt/airflow/dags/dag_job_intelligent .py
[2026-05-08T18:41:07.212+0000] {logging_mixin.py:188} INFO - [2026-05-08T18:41:07.212+0000] {dag.py:3096} INFO - Sync 1 DAGs
[2026-05-08T18:41:07.270+0000] {logging_mixin.py:188} INFO - [2026-05-08T18:41:07.270+0000] {dag.py:3954} INFO - Setting next_dagrun for job_intelligent_pipeline to 2026-05-08 06:00:00+00:00, run_after=2026-05-09 06:00:00+00:00
[2026-05-08T18:41:07.314+0000] {processor.py:183} INFO - Processing /opt/airflow/dags/dag_job_intelligent .py took 0.331 seconds
[2026-05-08T18:41:37.909+0000] {processor.py:161} INFO - Started process (PID=2510) to work on /opt/airflow/dags/dag_job_intelligent .py
[2026-05-08T18:41:37.912+0000] {processor.py:830} INFO - Processing file /opt/airflow/dags/dag_job_intelligent .py for tasks to queue
[2026-05-08T18:41:37.914+0000] {logging_mixin.py:188} INFO - [2026-05-08T18:41:37.913+0000] {dagbag.py:545} INFO - Filling up the DagBag from /opt/airflow/dags/dag_job_intelligent .py
[2026-05-08T18:41:37.958+0000] {processor.py:840} INFO - DAG(s) 'job_intelligent_pipeline' retrieved from /opt/airflow/dags/dag_job_intelligent .py
[2026-05-08T18:41:38.013+0000] {logging_mixin.py:188} INFO - [2026-05-08T18:41:38.012+0000] {dag.py:3096} INFO - Sync 1 DAGs
[2026-05-08T18:41:38.055+0000] {logging_mixin.py:188} INFO - [2026-05-08T18:41:38.054+0000] {dag.py:3954} INFO - Setting next_dagrun for job_intelligent_pipeline to 2026-05-08 06:00:00+00:00, run_after=2026-05-09 06:00:00+00:00
[2026-05-08T18:41:38.110+0000] {processor.py:183} INFO - Processing /opt/airflow/dags/dag_job_intelligent .py took 0.219 seconds
[2026-05-08T18:42:08.702+0000] {processor.py:161} INFO - Started process (PID=2518) to work on /opt/airflow/dags/dag_job_intelligent .py
[2026-05-08T18:42:08.703+0000] {processor.py:830} INFO - Processing file /opt/airflow/dags/dag_job_intelligent .py for tasks to queue
[2026-05-08T18:42:08.705+0000] {logging_mixin.py:188} INFO - [2026-05-08T18:42:08.704+0000] {dagbag.py:545} INFO - Filling up the DagBag from /opt/airflow/dags/dag_job_intelligent .py
[2026-05-08T18:42:08.749+0000] {processor.py:840} INFO - DAG(s) 'job_intelligent_pipeline' retrieved from /opt/airflow/dags/dag_job_intelligent .py
[2026-05-08T18:42:08.859+0000] {logging_mixin.py:188} INFO - [2026-05-08T18:42:08.859+0000] {dag.py:3096} INFO - Sync 1 DAGs
[2026-05-08T18:42:08.936+0000] {logging_mixin.py:188} INFO - [2026-05-08T18:42:08.936+0000] {dag.py:3954} INFO - Setting next_dagrun for job_intelligent_pipeline to 2026-05-08 06:00:00+00:00, run_after=2026-05-09 06:00:00+00:00
[2026-05-08T18:42:08.975+0000] {processor.py:183} INFO - Processing /opt/airflow/dags/dag_job_intelligent .py took 0.282 seconds
[2026-05-08T18:42:39.598+0000] {processor.py:161} INFO - Started process (PID=2533) to work on /opt/airflow/dags/dag_job_intelligent .py
[2026-05-08T18:42:39.600+0000] {processor.py:830} INFO - Processing file /opt/airflow/dags/dag_job_intelligent .py for tasks to queue
[2026-05-08T18:42:39.602+0000] {logging_mixin.py:188} INFO - [2026-05-08T18:42:39.601+0000] {dagbag.py:545} INFO - Filling up the DagBag from /opt/airflow/dags/dag_job_intelligent .py
[2026-05-08T18:42:39.671+0000] {processor.py:840} INFO - DAG(s) 'job_intelligent_pipeline' retrieved from /opt/airflow/dags/dag_job_intelligent .py
[2026-05-08T18:42:39.837+0000] {logging_mixin.py:188} INFO - [2026-05-08T18:42:39.833+0000] {dag.py:3096} INFO - Sync 1 DAGs
[2026-05-08T18:42:39.903+0000] {logging_mixin.py:188} INFO - [2026-05-08T18:42:39.903+0000] {dag.py:3954} INFO - Setting next_dagrun for job_intelligent_pipeline to 2026-05-08 06:00:00+00:00, run_after=2026-05-09 06:00:00+00:00
[2026-05-08T18:42:39.957+0000] {processor.py:183} INFO - Processing /opt/airflow/dags/dag_job_intelligent .py took 0.374 seconds
[2026-05-08T18:43:10.579+0000] {processor.py:161} INFO - Started process (PID=2540) to work on /opt/airflow/dags/dag_job_intelligent .py
[2026-05-08T18:43:10.581+0000] {processor.py:830} INFO - Processing file /opt/airflow/dags/dag_job_intelligent .py for tasks to queue
[2026-05-08T18:43:10.583+0000] {logging_mixin.py:188} INFO - [2026-05-08T18:43:10.582+0000] {dagbag.py:545} INFO - Filling up the DagBag from /opt/airflow/dags/dag_job_intelligent .py
[2026-05-08T18:43:10.635+0000] {processor.py:840} INFO - DAG(s) 'job_intelligent_pipeline' retrieved from /opt/airflow/dags/dag_job_intelligent .py
[2026-05-08T18:43:10.836+0000] {logging_mixin.py:188} INFO - [2026-05-08T18:43:10.835+0000] {dag.py:3096} INFO - Sync 1 DAGs
[2026-05-08T18:43:10.976+0000] {logging_mixin.py:188} INFO - [2026-05-08T18:43:10.976+0000] {dag.py:3954} INFO - Setting next_dagrun for job_intelligent_pipeline to 2026-05-08 06:00:00+00:00, run_after=2026-05-09 06:00:00+00:00
[2026-05-08T18:43:11.036+0000] {processor.py:183} INFO - Processing /opt/airflow/dags/dag_job_intelligent .py took 0.466 seconds
[2026-05-08T18:43:41.146+0000] {processor.py:161} INFO - Started process (PID=2553) to work on /opt/airflow/dags/dag_job_intelligent .py
[2026-05-08T18:43:41.148+0000] {processor.py:830} INFO - Processing file /opt/airflow/dags/dag_job_intelligent .py for tasks to queue
[2026-05-08T18:43:41.150+0000] {logging_mixin.py:188} INFO - [2026-05-08T18:43:41.149+0000] {dagbag.py:545} INFO - Filling up the DagBag from /opt/airflow/dags/dag_job_intelligent .py
[2026-05-08T18:43:41.196+0000] {processor.py:840} INFO - DAG(s) 'job_intelligent_pipeline' retrieved from /opt/airflow/dags/dag_job_intelligent .py
[2026-05-08T18:43:41.266+0000] {logging_mixin.py:188} INFO - [2026-05-08T18:43:41.265+0000] {dag.py:3096} INFO - Sync 1 DAGs
[2026-05-08T18:43:41.323+0000] {logging_mixin.py:188} INFO - [2026-05-08T18:43:41.322+0000] {dag.py:3954} INFO - Setting next_dagrun for job_intelligent_pipeline to 2026-05-08 06:00:00+00:00, run_after=2026-05-09 06:00:00+00:00
[2026-05-08T18:43:41.419+0000] {processor.py:183} INFO - Processing /opt/airflow/dags/dag_job_intelligent .py took 0.284 seconds
[2026-05-08T18:44:12.102+0000] {processor.py:161} INFO - Started process (PID=2561) to work on /opt/airflow/dags/dag_job_intelligent .py
[2026-05-08T18:44:12.108+0000] {processor.py:830} INFO - Processing file /opt/airflow/dags/dag_job_intelligent .py for tasks to queue
[2026-05-08T18:44:12.118+0000] {logging_mixin.py:188} INFO - [2026-05-08T18:44:12.117+0000] {dagbag.py:545} INFO - Filling up the DagBag from /opt/airflow/dags/dag_job_intelligent .py
[2026-05-08T18:44:12.237+0000] {processor.py:840} INFO - DAG(s) 'job_intelligent_pipeline' retrieved from /opt/airflow/dags/dag_job_intelligent .py
[2026-05-08T18:44:12.440+0000] {logging_mixin.py:188} INFO - [2026-05-08T18:44:12.439+0000] {dag.py:3096} INFO - Sync 1 DAGs
[2026-05-08T18:44:12.590+0000] {logging_mixin.py:188} INFO - [2026-05-08T18:44:12.589+0000] {dag.py:3954} INFO - Setting next_dagrun for job_intelligent_pipeline to 2026-05-08 06:00:00+00:00, run_after=2026-05-09 06:00:00+00:00
[2026-05-08T18:44:13.032+0000] {processor.py:183} INFO - Processing /opt/airflow/dags/dag_job_intelligent .py took 0.961 seconds
[2026-05-08T18:44:43.928+0000] {processor.py:161} INFO - Started process (PID=2575) to work on /opt/airflow/dags/dag_job_intelligent .py
[2026-05-08T18:44:43.933+0000] {processor.py:830} INFO - Processing file /opt/airflow/dags/dag_job_intelligent .py for tasks to queue
[2026-05-08T18:44:43.939+0000] {logging_mixin.py:188} INFO - [2026-05-08T18:44:43.936+0000] {dagbag.py:545} INFO - Filling up the DagBag from /opt/airflow/dags/dag_job_intelligent .py
[2026-05-08T18:44:44.280+0000] {processor.py:840} INFO - DAG(s) 'job_intelligent_pipeline' retrieved from /opt/airflow/dags/dag_job_intelligent .py
[2026-05-08T18:44:44.769+0000] {logging_mixin.py:188} INFO - [2026-05-08T18:44:44.768+0000] {dag.py:3096} INFO - Sync 1 DAGs
[2026-05-08T18:44:45.115+0000] {logging_mixin.py:188} INFO - [2026-05-08T18:44:45.114+0000] {dag.py:3954} INFO - Setting next_dagrun for job_intelligent_pipeline to 2026-05-08 06:00:00+00:00, run_after=2026-05-09 06:00:00+00:00
[2026-05-08T18:44:45.220+0000] {processor.py:183} INFO - Processing /opt/airflow/dags/dag_job_intelligent .py took 1.332 seconds
[2026-05-08T18:45:16.062+0000] {processor.py:161} INFO - Started process (PID=2589) to work on /opt/airflow/dags/dag_job_intelligent .py
[2026-05-08T18:45:16.077+0000] {processor.py:830} INFO - Processing file /opt/airflow/dags/dag_job_intelligent .py for tasks to queue
[2026-05-08T18:45:16.083+0000] {logging_mixin.py:188} INFO - [2026-05-08T18:45:16.083+0000] {dagbag.py:545} INFO - Filling up the DagBag from /opt/airflow/dags/dag_job_intelligent .py
[2026-05-08T18:45:16.197+0000] {processor.py:840} INFO - DAG(s) 'job_intelligent_pipeline' retrieved from /opt/airflow/dags/dag_job_intelligent .py
[2026-05-08T18:45:16.308+0000] {logging_mixin.py:188} INFO - [2026-05-08T18:45:16.308+0000] {dag.py:3096} INFO - Sync 1 DAGs
[2026-05-08T18:45:16.439+0000] {logging_mixin.py:188} INFO - [2026-05-08T18:45:16.438+0000] {dag.py:3954} INFO - Setting next_dagrun for job_intelligent_pipeline to 2026-05-08 06:00:00+00:00, run_after=2026-05-09 06:00:00+00:00
[2026-05-08T18:45:16.562+0000] {processor.py:183} INFO - Processing /opt/airflow/dags/dag_job_intelligent .py took 0.563 seconds
[2026-05-08T18:45:47.265+0000] {processor.py:161} INFO - Started process (PID=2596) to work on /opt/airflow/dags/dag_job_intelligent .py
[2026-05-08T18:45:47.266+0000] {processor.py:830} INFO - Processing file /opt/airflow/dags/dag_job_intelligent .py for tasks to queue
[2026-05-08T18:45:47.268+0000] {logging_mixin.py:188} INFO - [2026-05-08T18:45:47.268+0000] {dagbag.py:545} INFO - Filling up the DagBag from /opt/airflow/dags/dag_job_intelligent .py
[2026-05-08T18:45:47.307+0000] {processor.py:840} INFO - DAG(s) 'job_intelligent_pipeline' retrieved from /opt/airflow/dags/dag_job_intelligent .py
[2026-05-08T18:45:47.386+0000] {logging_mixin.py:188} INFO - [2026-05-08T18:45:47.385+0000] {dag.py:3096} INFO - Sync 1 DAGs
[2026-05-08T18:45:47.434+0000] {logging_mixin.py:188} INFO - [2026-05-08T18:45:47.434+0000] {dag.py:3954} INFO - Setting next_dagrun for job_intelligent_pipeline to 2026-05-08 06:00:00+00:00, run_after=2026-05-09 06:00:00+00:00
[2026-05-08T18:45:47.473+0000] {processor.py:183} INFO - Processing /opt/airflow/dags/dag_job_intelligent .py took 0.219 seconds
[2026-05-08T18:46:18.111+0000] {processor.py:161} INFO - Started process (PID=2611) to work on /opt/airflow/dags/dag_job_intelligent .py
[2026-05-08T18:46:18.115+0000] {processor.py:830} INFO - Processing file /opt/airflow/dags/dag_job_intelligent .py for tasks to queue
[2026-05-08T18:46:18.118+0000] {logging_mixin.py:188} INFO - [2026-05-08T18:46:18.117+0000] {dagbag.py:545} INFO - Filling up the DagBag from /opt/airflow/dags/dag_job_intelligent .py
[2026-05-08T18:46:18.172+0000] {processor.py:840} INFO - DAG(s) 'job_intelligent_pipeline' retrieved from /opt/airflow/dags/dag_job_intelligent .py
[2026-05-08T18:46:18.233+0000] {logging_mixin.py:188} INFO - [2026-05-08T18:46:18.232+0000] {dag.py:3096} INFO - Sync 1 DAGs
[2026-05-08T18:46:18.270+0000] {logging_mixin.py:188} INFO - [2026-05-08T18:46:18.269+0000] {dag.py:3954} INFO - Setting next_dagrun for job_intelligent_pipeline to 2026-05-08 06:00:00+00:00, run_after=2026-05-09 06:00:00+00:00
[2026-05-08T18:46:18.302+0000] {processor.py:183} INFO - Processing /opt/airflow/dags/dag_job_intelligent .py took 0.202 seconds
[2026-05-08T18:46:48.466+0000] {processor.py:161} INFO - Started process (PID=2619) to work on /opt/airflow/dags/dag_job_intelligent .py
[2026-05-08T18:46:48.469+0000] {processor.py:830} INFO - Processing file /opt/airflow/dags/dag_job_intelligent .py for tasks to queue
[2026-05-08T18:46:48.471+0000] {logging_mixin.py:188} INFO - [2026-05-08T18:46:48.470+0000] {dagbag.py:545} INFO - Filling up the DagBag from /opt/airflow/dags/dag_job_intelligent .py
[2026-05-08T18:46:48.524+0000] {processor.py:840} INFO - DAG(s) 'job_intelligent_pipeline' retrieved from /opt/airflow/dags/dag_job_intelligent .py
[2026-05-08T18:46:48.638+0000] {logging_mixin.py:188} INFO - [2026-05-08T18:46:48.638+0000] {dag.py:3096} INFO - Sync 1 DAGs
[2026-05-08T18:46:48.740+0000] {logging_mixin.py:188} INFO - [2026-05-08T18:46:48.739+0000] {dag.py:3954} INFO - Setting next_dagrun for job_intelligent_pipeline to 2026-05-08 06:00:00+00:00, run_after=2026-05-09 06:00:00+00:00
[2026-05-08T18:46:48.789+0000] {processor.py:183} INFO - Processing /opt/airflow/dags/dag_job_intelligent .py took 0.334 seconds
[2026-05-08T18:47:18.932+0000] {processor.py:161} INFO - Started process (PID=2632) to work on /opt/airflow/dags/dag_job_intelligent .py
[2026-05-08T18:47:18.934+0000] {processor.py:830} INFO - Processing file /opt/airflow/dags/dag_job_intelligent .py for tasks to queue
[2026-05-08T18:47:18.936+0000] {logging_mixin.py:188} INFO - [2026-05-08T18:47:18.935+0000] {dagbag.py:545} INFO - Filling up the DagBag from /opt/airflow/dags/dag_job_intelligent .py
[2026-05-08T18:47:18.974+0000] {processor.py:840} INFO - DAG(s) 'job_intelligent_pipeline' retrieved from /opt/airflow/dags/dag_job_intelligent .py
[2026-05-08T18:47:19.032+0000] {logging_mixin.py:188} INFO - [2026-05-08T18:47:19.031+0000] {dag.py:3096} INFO - Sync 1 DAGs
[2026-05-08T18:47:19.071+0000] {logging_mixin.py:188} INFO - [2026-05-08T18:47:19.070+0000] {dag.py:3954} INFO - Setting next_dagrun for job_intelligent_pipeline to 2026-05-08 06:00:00+00:00, run_after=2026-05-09 06:00:00+00:00
[2026-05-08T18:47:19.107+0000] {processor.py:183} INFO - Processing /opt/airflow/dags/dag_job_intelligent .py took 0.189 seconds
[2026-05-08T18:47:49.280+0000] {processor.py:161} INFO - Started process (PID=2639) to work on /opt/airflow/dags/dag_job_intelligent .py
[2026-05-08T18:47:49.282+0000] {processor.py:830} INFO - Processing file /opt/airflow/dags/dag_job_intelligent .py for tasks to queue
[2026-05-08T18:47:49.285+0000] {logging_mixin.py:188} INFO - [2026-05-08T18:47:49.284+0000] {dagbag.py:545} INFO - Filling up the DagBag from /opt/airflow/dags/dag_job_intelligent .py
[2026-05-08T18:47:49.327+0000] {processor.py:840} INFO - DAG(s) 'job_intelligent_pipeline' retrieved from /opt/airflow/dags/dag_job_intelligent .py
[2026-05-08T18:47:49.402+0000] {logging_mixin.py:188} INFO - [2026-05-08T18:47:49.402+0000] {dag.py:3096} INFO - Sync 1 DAGs
[2026-05-08T18:47:49.442+0000] {logging_mixin.py:188} INFO - [2026-05-08T18:47:49.441+0000] {dag.py:3954} INFO - Setting next_dagrun for job_intelligent_pipeline to 2026-05-08 06:00:00+00:00, run_after=2026-05-09 06:00:00+00:00
[2026-05-08T18:47:49.486+0000] {processor.py:183} INFO - Processing /opt/airflow/dags/dag_job_intelligent .py took 0.222 seconds
[2026-05-08T18:48:20.065+0000] {processor.py:161} INFO - Started process (PID=2653) to work on /opt/airflow/dags/dag_job_intelligent .py
[2026-05-08T18:48:20.067+0000] {processor.py:830} INFO - Processing file /opt/airflow/dags/dag_job_intelligent .py for tasks to queue
[2026-05-08T18:48:20.070+0000] {logging_mixin.py:188} INFO - [2026-05-08T18:48:20.069+0000] {dagbag.py:545} INFO - Filling up the DagBag from /opt/airflow/dags/dag_job_intelligent .py
[2026-05-08T18:48:20.133+0000] {processor.py:840} INFO - DAG(s) 'job_intelligent_pipeline' retrieved from /opt/airflow/dags/dag_job_intelligent .py
[2026-05-08T18:48:20.214+0000] {logging_mixin.py:188} INFO - [2026-05-08T18:48:20.213+0000] {dag.py:3096} INFO - Sync 1 DAGs
[2026-05-08T18:48:20.258+0000] {logging_mixin.py:188} INFO - [2026-05-08T18:48:20.257+0000] {dag.py:3954} INFO - Setting next_dagrun for job_intelligent_pipeline to 2026-05-08 06:00:00+00:00, run_after=2026-05-09 06:00:00+00:00
[2026-05-08T18:48:20.286+0000] {processor.py:183} INFO - Processing /opt/airflow/dags/dag_job_intelligent .py took 0.235 seconds
[2026-05-08T18:48:50.912+0000] {processor.py:161} INFO - Started process (PID=2662) to work on /opt/airflow/dags/dag_job_intelligent .py
[2026-05-08T18:48:50.914+0000] {processor.py:830} INFO - Processing file /opt/airflow/dags/dag_job_intelligent .py for tasks to queue
[2026-05-08T18:48:50.916+0000] {logging_mixin.py:188} INFO - [2026-05-08T18:48:50.915+0000] {dagbag.py:545} INFO - Filling up the DagBag from /opt/airflow/dags/dag_job_intelligent .py
[2026-05-08T18:48:50.955+0000] {processor.py:840} INFO - DAG(s) 'job_intelligent_pipeline' retrieved from /opt/airflow/dags/dag_job_intelligent .py
[2026-05-08T18:48:51.022+0000] {logging_mixin.py:188} INFO - [2026-05-08T18:48:51.021+0000] {dag.py:3096} INFO - Sync 1 DAGs
[2026-05-08T18:48:51.067+0000] {logging_mixin.py:188} INFO - [2026-05-08T18:48:51.067+0000] {dag.py:3954} INFO - Setting next_dagrun for job_intelligent_pipeline to 2026-05-08 06:00:00+00:00, run_after=2026-05-09 06:00:00+00:00
[2026-05-08T18:48:51.102+0000] {processor.py:183} INFO - Processing /opt/airflow/dags/dag_job_intelligent .py took 0.198 seconds
[2026-05-08T18:49:21.881+0000] {processor.py:161} INFO - Started process (PID=2676) to work on /opt/airflow/dags/dag_job_intelligent .py
[2026-05-08T18:49:21.882+0000] {processor.py:830} INFO - Processing file /opt/airflow/dags/dag_job_intelligent .py for tasks to queue
[2026-05-08T18:49:21.884+0000] {logging_mixin.py:188} INFO - [2026-05-08T18:49:21.884+0000] {dagbag.py:545} INFO - Filling up the DagBag from /opt/airflow/dags/dag_job_intelligent .py
[2026-05-08T18:49:21.918+0000] {processor.py:840} INFO - DAG(s) 'job_intelligent_pipeline' retrieved from /opt/airflow/dags/dag_job_intelligent .py
[2026-05-08T18:49:21.969+0000] {logging_mixin.py:188} INFO - [2026-05-08T18:49:21.969+0000] {dag.py:3096} INFO - Sync 1 DAGs
[2026-05-08T18:49:22.004+0000] {logging_mixin.py:188} INFO - [2026-05-08T18:49:22.004+0000] {dag.py:3954} INFO - Setting next_dagrun for job_intelligent_pipeline to 2026-05-08 06:00:00+00:00, run_after=2026-05-09 06:00:00+00:00
[2026-05-08T18:49:22.044+0000] {processor.py:183} INFO - Processing /opt/airflow/dags/dag_job_intelligent .py took 0.172 seconds
[2026-05-08T18:49:52.446+0000] {processor.py:161} INFO - Started process (PID=2684) to work on /opt/airflow/dags/dag_job_intelligent .py
[2026-05-08T18:49:52.448+0000] {processor.py:830} INFO - Processing file /opt/airflow/dags/dag_job_intelligent .py for tasks to queue
[2026-05-08T18:49:52.450+0000] {logging_mixin.py:188} INFO - [2026-05-08T18:49:52.449+0000] {dagbag.py:545} INFO - Filling up the DagBag from /opt/airflow/dags/dag_job_intelligent .py
[2026-05-08T18:49:52.485+0000] {processor.py:840} INFO - DAG(s) 'job_intelligent_pipeline' retrieved from /opt/airflow/dags/dag_job_intelligent .py
[2026-05-08T18:49:52.539+0000] {logging_mixin.py:188} INFO - [2026-05-08T18:49:52.539+0000] {dag.py:3096} INFO - Sync 1 DAGs
[2026-05-08T18:49:52.577+0000] {logging_mixin.py:188} INFO - [2026-05-08T18:49:52.577+0000] {dag.py:3954} INFO - Setting next_dagrun for job_intelligent_pipeline to 2026-05-08 06:00:00+00:00, run_after=2026-05-09 06:00:00+00:00
[2026-05-08T18:49:52.612+0000] {processor.py:183} INFO - Processing /opt/airflow/dags/dag_job_intelligent .py took 0.175 seconds
[2026-05-08T18:50:23.259+0000] {processor.py:161} INFO - Started process (PID=2698) to work on /opt/airflow/dags/dag_job_intelligent .py
[2026-05-08T18:50:23.261+0000] {processor.py:830} INFO - Processing file /opt/airflow/dags/dag_job_intelligent .py for tasks to queue
[2026-05-08T18:50:23.262+0000] {logging_mixin.py:188} INFO - [2026-05-08T18:50:23.262+0000] {dagbag.py:545} INFO - Filling up the DagBag from /opt/airflow/dags/dag_job_intelligent .py
[2026-05-08T18:50:23.301+0000] {processor.py:840} INFO - DAG(s) 'job_intelligent_pipeline' retrieved from /opt/airflow/dags/dag_job_intelligent .py
[2026-05-08T18:50:23.373+0000] {logging_mixin.py:188} INFO - [2026-05-08T18:50:23.372+0000] {dag.py:3096} INFO - Sync 1 DAGs
[2026-05-08T18:50:23.427+0000] {logging_mixin.py:188} INFO - [2026-05-08T18:50:23.426+0000] {dag.py:3954} INFO - Setting next_dagrun for job_intelligent_pipeline to 2026-05-08 06:00:00+00:00, run_after=2026-05-09 06:00:00+00:00
[2026-05-08T18:50:23.481+0000] {processor.py:183} INFO - Processing /opt/airflow/dags/dag_job_intelligent .py took 0.231 seconds
[2026-05-08T18:50:53.744+0000] {processor.py:161} INFO - Started process (PID=2706) to work on /opt/airflow/dags/dag_job_intelligent .py
[2026-05-08T18:50:53.747+0000] {processor.py:830} INFO - Processing file /opt/airflow/dags/dag_job_intelligent .py for tasks to queue
[2026-05-08T18:50:53.750+0000] {logging_mixin.py:188} INFO - [2026-05-08T18:50:53.749+0000] {dagbag.py:545} INFO - Filling up the DagBag from /opt/airflow/dags/dag_job_intelligent .py
[2026-05-08T18:50:53.909+0000] {processor.py:840} INFO - DAG(s) 'job_intelligent_pipeline' retrieved from /opt/airflow/dags/dag_job_intelligent .py
[2026-05-08T18:50:54.034+0000] {logging_mixin.py:188} INFO - [2026-05-08T18:50:54.033+0000] {dag.py:3096} INFO - Sync 1 DAGs
[2026-05-08T18:50:54.108+0000] {logging_mixin.py:188} INFO - [2026-05-08T18:50:54.108+0000] {dag.py:3954} INFO - Setting next_dagrun for job_intelligent_pipeline to 2026-05-08 06:00:00+00:00, run_after=2026-05-09 06:00:00+00:00
[2026-05-08T18:50:54.218+0000] {processor.py:183} INFO - Processing /opt/airflow/dags/dag_job_intelligent .py took 0.498 seconds
[2026-05-08T18:51:24.756+0000] {processor.py:161} INFO - Started process (PID=2720) to work on /opt/airflow/dags/dag_job_intelligent .py
[2026-05-08T18:51:24.758+0000] {processor.py:830} INFO - Processing file /opt/airflow/dags/dag_job_intelligent .py for tasks to queue
[2026-05-08T18:51:24.768+0000] {logging_mixin.py:188} INFO - [2026-05-08T18:51:24.767+0000] {dagbag.py:545} INFO - Filling up the DagBag from /opt/airflow/dags/dag_job_intelligent .py
[2026-05-08T18:51:24.834+0000] {processor.py:840} INFO - DAG(s) 'job_intelligent_pipeline' retrieved from /opt/airflow/dags/dag_job_intelligent .py
[2026-05-08T18:51:24.950+0000] {logging_mixin.py:188} INFO - [2026-05-08T18:51:24.949+0000] {dag.py:3096} INFO - Sync 1 DAGs
[2026-05-08T18:51:25.095+0000] {logging_mixin.py:188} INFO - [2026-05-08T18:51:25.094+0000] {dag.py:3954} INFO - Setting next_dagrun for job_intelligent_pipeline to 2026-05-08 06:00:00+00:00, run_after=2026-05-09 06:00:00+00:00
[2026-05-08T18:51:25.312+0000] {processor.py:183} INFO - Processing /opt/airflow/dags/dag_job_intelligent .py took 0.608 seconds
[2026-05-08T18:51:55.969+0000] {processor.py:161} INFO - Started process (PID=2727) to work on /opt/airflow/dags/dag_job_intelligent .py
[2026-05-08T18:51:55.971+0000] {processor.py:830} INFO - Processing file /opt/airflow/dags/dag_job_intelligent .py for tasks to queue
[2026-05-08T18:51:55.974+0000] {logging_mixin.py:188} INFO - [2026-05-08T18:51:55.973+0000] {dagbag.py:545} INFO - Filling up the DagBag from /opt/airflow/dags/dag_job_intelligent .py
[2026-05-08T18:51:56.036+0000] {processor.py:840} INFO - DAG(s) 'job_intelligent_pipeline' retrieved from /opt/airflow/dags/dag_job_intelligent .py
[2026-05-08T18:51:56.135+0000] {logging_mixin.py:188} INFO - [2026-05-08T18:51:56.135+0000] {dag.py:3096} INFO - Sync 1 DAGs
[2026-05-08T18:51:56.205+0000] {logging_mixin.py:188} INFO - [2026-05-08T18:51:56.203+0000] {dag.py:3954} INFO - Setting next_dagrun for job_intelligent_pipeline to 2026-05-08 06:00:00+00:00, run_after=2026-05-09 06:00:00+00:00
[2026-05-08T18:51:56.373+0000] {processor.py:183} INFO - Processing /opt/airflow/dags/dag_job_intelligent .py took 0.425 seconds
[2026-05-08T18:52:26.938+0000] {processor.py:161} INFO - Started process (PID=2741) to work on /opt/airflow/dags/dag_job_intelligent .py
[2026-05-08T18:52:26.940+0000] {processor.py:830} INFO - Processing file /opt/airflow/dags/dag_job_intelligent .py for tasks to queue
[2026-05-08T18:52:26.942+0000] {logging_mixin.py:188} INFO - [2026-05-08T18:52:26.941+0000] {dagbag.py:545} INFO - Filling up the DagBag from /opt/airflow/dags/dag_job_intelligent .py
[2026-05-08T18:52:26.983+0000] {processor.py:840} INFO - DAG(s) 'job_intelligent_pipeline' retrieved from /opt/airflow/dags/dag_job_intelligent .py
[2026-05-08T18:52:27.059+0000] {logging_mixin.py:188} INFO - [2026-05-08T18:52:27.059+0000] {dag.py:3096} INFO - Sync 1 DAGs
[2026-05-08T18:52:27.111+0000] {logging_mixin.py:188} INFO - [2026-05-08T18:52:27.110+0000] {dag.py:3954} INFO - Setting next_dagrun for job_intelligent_pipeline to 2026-05-08 06:00:00+00:00, run_after=2026-05-09 06:00:00+00:00
[2026-05-08T18:52:27.145+0000] {processor.py:183} INFO - Processing /opt/airflow/dags/dag_job_intelligent .py took 0.217 seconds
[2026-05-08T18:52:57.724+0000] {processor.py:161} INFO - Started process (PID=2748) to work on /opt/airflow/dags/dag_job_intelligent .py
[2026-05-08T18:52:57.731+0000] {processor.py:830} INFO - Processing file /opt/airflow/dags/dag_job_intelligent .py for tasks to queue
[2026-05-08T18:52:57.733+0000] {logging_mixin.py:188} INFO - [2026-05-08T18:52:57.732+0000] {dagbag.py:545} INFO - Filling up the DagBag from /opt/airflow/dags/dag_job_intelligent .py
[2026-05-08T18:52:57.794+0000] {processor.py:840} INFO - DAG(s) 'job_intelligent_pipeline' retrieved from /opt/airflow/dags/dag_job_intelligent .py
[2026-05-08T18:52:57.924+0000] {logging_mixin.py:188} INFO - [2026-05-08T18:52:57.924+0000] {dag.py:3096} INFO - Sync 1 DAGs
[2026-05-08T18:52:58.022+0000] {logging_mixin.py:188} INFO - [2026-05-08T18:52:58.021+0000] {dag.py:3954} INFO - Setting next_dagrun for job_intelligent_pipeline to 2026-05-08 06:00:00+00:00, run_after=2026-05-09 06:00:00+00:00
[2026-05-08T18:52:58.128+0000] {processor.py:183} INFO - Processing /opt/airflow/dags/dag_job_intelligent .py took 0.436 seconds
[2026-05-08T18:53:28.265+0000] {processor.py:161} INFO - Started process (PID=2763) to work on /opt/airflow/dags/dag_job_intelligent .py
[2026-05-08T18:53:28.267+0000] {processor.py:830} INFO - Processing file /opt/airflow/dags/dag_job_intelligent .py for tasks to queue
[2026-05-08T18:53:28.269+0000] {logging_mixin.py:188} INFO - [2026-05-08T18:53:28.268+0000] {dagbag.py:545} INFO - Filling up the DagBag from /opt/airflow/dags/dag_job_intelligent .py
[2026-05-08T18:53:28.344+0000] {processor.py:840} INFO - DAG(s) 'job_intelligent_pipeline' retrieved from /opt/airflow/dags/dag_job_intelligent .py
[2026-05-08T18:53:28.443+0000] {logging_mixin.py:188} INFO - [2026-05-08T18:53:28.442+0000] {dag.py:3096} INFO - Sync 1 DAGs
[2026-05-08T18:53:28.510+0000] {logging_mixin.py:188} INFO - [2026-05-08T18:53:28.509+0000] {dag.py:3954} INFO - Setting next_dagrun for job_intelligent_pipeline to 2026-05-08 06:00:00+00:00, run_after=2026-05-09 06:00:00+00:00
[2026-05-08T18:53:28.578+0000] {processor.py:183} INFO - Processing /opt/airflow/dags/dag_job_intelligent .py took 0.328 seconds
[2026-05-08T18:53:59.033+0000] {processor.py:161} INFO - Started process (PID=2777) to work on /opt/airflow/dags/dag_job_intelligent .py
[2026-05-08T18:53:59.034+0000] {processor.py:830} INFO - Processing file /opt/airflow/dags/dag_job_intelligent .py for tasks to queue
[2026-05-08T18:53:59.036+0000] {logging_mixin.py:188} INFO - [2026-05-08T18:53:59.035+0000] {dagbag.py:545} INFO - Filling up the DagBag from /opt/airflow/dags/dag_job_intelligent .py
[2026-05-08T18:53:59.076+0000] {processor.py:840} INFO - DAG(s) 'job_intelligent_pipeline' retrieved from /opt/airflow/dags/dag_job_intelligent .py
[2026-05-08T18:53:59.130+0000] {logging_mixin.py:188} INFO - [2026-05-08T18:53:59.130+0000] {dag.py:3096} INFO - Sync 1 DAGs
[2026-05-08T18:53:59.168+0000] {logging_mixin.py:188} INFO - [2026-05-08T18:53:59.168+0000] {dag.py:3954} INFO - Setting next_dagrun for job_intelligent_pipeline to 2026-05-08 06:00:00+00:00, run_after=2026-05-09 06:00:00+00:00
[2026-05-08T18:53:59.215+0000] {processor.py:183} INFO - Processing /opt/airflow/dags/dag_job_intelligent .py took 0.192 seconds
[2026-05-08T18:54:30.177+0000] {processor.py:161} INFO - Started process (PID=2785) to work on /opt/airflow/dags/dag_job_intelligent .py
[2026-05-08T18:54:30.183+0000] {processor.py:830} INFO - Processing file /opt/airflow/dags/dag_job_intelligent .py for tasks to queue
[2026-05-08T18:54:30.185+0000] {logging_mixin.py:188} INFO - [2026-05-08T18:54:30.185+0000] {dagbag.py:545} INFO - Filling up the DagBag from /opt/airflow/dags/dag_job_intelligent .py
[2026-05-08T18:54:30.244+0000] {processor.py:840} INFO - DAG(s) 'job_intelligent_pipeline' retrieved from /opt/airflow/dags/dag_job_intelligent .py
[2026-05-08T18:54:30.326+0000] {logging_mixin.py:188} INFO - [2026-05-08T18:54:30.325+0000] {dag.py:3096} INFO - Sync 1 DAGs
[2026-05-08T18:54:30.376+0000] {logging_mixin.py:188} INFO - [2026-05-08T18:54:30.376+0000] {dag.py:3954} INFO - Setting next_dagrun for job_intelligent_pipeline to 2026-05-08 06:00:00+00:00, run_after=2026-05-09 06:00:00+00:00
[2026-05-08T18:54:30.448+0000] {processor.py:183} INFO - Processing /opt/airflow/dags/dag_job_intelligent .py took 0.283 seconds
[2026-05-08T18:55:01.195+0000] {processor.py:161} INFO - Started process (PID=2800) to work on /opt/airflow/dags/dag_job_intelligent .py
[2026-05-08T18:55:01.196+0000] {processor.py:830} INFO - Processing file /opt/airflow/dags/dag_job_intelligent .py for tasks to queue
[2026-05-08T18:55:01.198+0000] {logging_mixin.py:188} INFO - [2026-05-08T18:55:01.197+0000] {dagbag.py:545} INFO - Filling up the DagBag from /opt/airflow/dags/dag_job_intelligent .py
[2026-05-08T18:55:01.236+0000] {processor.py:840} INFO - DAG(s) 'job_intelligent_pipeline' retrieved from /opt/airflow/dags/dag_job_intelligent .py
[2026-05-08T18:55:01.290+0000] {logging_mixin.py:188} INFO - [2026-05-08T18:55:01.290+0000] {dag.py:3096} INFO - Sync 1 DAGs
[2026-05-08T18:55:01.334+0000] {logging_mixin.py:188} INFO - [2026-05-08T18:55:01.333+0000] {dag.py:3954} INFO - Setting next_dagrun for job_intelligent_pipeline to 2026-05-08 06:00:00+00:00, run_after=2026-05-09 06:00:00+00:00
[2026-05-08T18:55:01.392+0000] {processor.py:183} INFO - Processing /opt/airflow/dags/dag_job_intelligent .py took 0.206 seconds
[2026-05-08T18:55:31.904+0000] {processor.py:161} INFO - Started process (PID=2808) to work on /opt/airflow/dags/dag_job_intelligent .py
[2026-05-08T18:55:31.906+0000] {processor.py:830} INFO - Processing file /opt/airflow/dags/dag_job_intelligent .py for tasks to queue
[2026-05-08T18:55:31.909+0000] {logging_mixin.py:188} INFO - [2026-05-08T18:55:31.908+0000] {dagbag.py:545} INFO - Filling up the DagBag from /opt/airflow/dags/dag_job_intelligent .py
[2026-05-08T18:55:31.947+0000] {processor.py:840} INFO - DAG(s) 'job_intelligent_pipeline' retrieved from /opt/airflow/dags/dag_job_intelligent .py
[2026-05-08T18:55:31.999+0000] {logging_mixin.py:188} INFO - [2026-05-08T18:55:31.999+0000] {dag.py:3096} INFO - Sync 1 DAGs
[2026-05-08T18:55:32.052+0000] {logging_mixin.py:188} INFO - [2026-05-08T18:55:32.051+0000] {dag.py:3954} INFO - Setting next_dagrun for job_intelligent_pipeline to 2026-05-08 06:00:00+00:00, run_after=2026-05-09 06:00:00+00:00
[2026-05-08T18:55:32.089+0000] {processor.py:183} INFO - Processing /opt/airflow/dags/dag_job_intelligent .py took 0.196 seconds
[2026-05-08T18:56:02.852+0000] {processor.py:161} INFO - Started process (PID=2821) to work on /opt/airflow/dags/dag_job_intelligent .py
[2026-05-08T18:56:02.853+0000] {processor.py:830} INFO - Processing file /opt/airflow/dags/dag_job_intelligent .py for tasks to queue
[2026-05-08T18:56:02.855+0000] {logging_mixin.py:188} INFO - [2026-05-08T18:56:02.855+0000] {dagbag.py:545} INFO - Filling up the DagBag from /opt/airflow/dags/dag_job_intelligent .py
[2026-05-08T18:56:02.898+0000] {processor.py:840} INFO - DAG(s) 'job_intelligent_pipeline' retrieved from /opt/airflow/dags/dag_job_intelligent .py
[2026-05-08T18:56:02.956+0000] {logging_mixin.py:188} INFO - [2026-05-08T18:56:02.956+0000] {dag.py:3096} INFO - Sync 1 DAGs
[2026-05-08T18:56:02.994+0000] {logging_mixin.py:188} INFO - [2026-05-08T18:56:02.994+0000] {dag.py:3954} INFO - Setting next_dagrun for job_intelligent_pipeline to 2026-05-08 06:00:00+00:00, run_after=2026-05-09 06:00:00+00:00
[2026-05-08T18:56:03.058+0000] {processor.py:183} INFO - Processing /opt/airflow/dags/dag_job_intelligent .py took 0.215 seconds
[2026-05-08T18:56:33.481+0000] {processor.py:161} INFO - Started process (PID=2829) to work on /opt/airflow/dags/dag_job_intelligent .py
[2026-05-08T18:56:33.483+0000] {processor.py:830} INFO - Processing file /opt/airflow/dags/dag_job_intelligent .py for tasks to queue
[2026-05-08T18:56:33.484+0000] {logging_mixin.py:188} INFO - [2026-05-08T18:56:33.484+0000] {dagbag.py:545} INFO - Filling up the DagBag from /opt/airflow/dags/dag_job_intelligent .py
[2026-05-08T18:56:33.521+0000] {processor.py:840} INFO - DAG(s) 'job_intelligent_pipeline' retrieved from /opt/airflow/dags/dag_job_intelligent .py
[2026-05-08T18:56:33.575+0000] {logging_mixin.py:188} INFO - [2026-05-08T18:56:33.574+0000] {dag.py:3096} INFO - Sync 1 DAGs
[2026-05-08T18:56:33.619+0000] {logging_mixin.py:188} INFO - [2026-05-08T18:56:33.619+0000] {dag.py:3954} INFO - Setting next_dagrun for job_intelligent_pipeline to 2026-05-08 06:00:00+00:00, run_after=2026-05-09 06:00:00+00:00
[2026-05-08T18:56:33.653+0000] {processor.py:183} INFO - Processing /opt/airflow/dags/dag_job_intelligent .py took 0.180 seconds
[2026-05-08T18:57:03.856+0000] {processor.py:161} INFO - Started process (PID=2843) to work on /opt/airflow/dags/dag_job_intelligent .py
[2026-05-08T18:57:03.861+0000] {processor.py:830} INFO - Processing file /opt/airflow/dags/dag_job_intelligent .py for tasks to queue
[2026-05-08T18:57:03.870+0000] {logging_mixin.py:188} INFO - [2026-05-08T18:57:03.869+0000] {dagbag.py:545} INFO - Filling up the DagBag from /opt/airflow/dags/dag_job_intelligent .py
[2026-05-08T18:57:03.948+0000] {processor.py:840} INFO - DAG(s) 'job_intelligent_pipeline' retrieved from /opt/airflow/dags/dag_job_intelligent .py
[2026-05-08T18:57:04.055+0000] {logging_mixin.py:188} INFO - [2026-05-08T18:57:04.055+0000] {dag.py:3096} INFO - Sync 1 DAGs
[2026-05-08T18:57:04.121+0000] {logging_mixin.py:188} INFO - [2026-05-08T18:57:04.121+0000] {dag.py:3954} INFO - Setting next_dagrun for job_intelligent_pipeline to 2026-05-08 06:00:00+00:00, run_after=2026-05-09 06:00:00+00:00
[2026-05-08T18:57:04.165+0000] {processor.py:183} INFO - Processing /opt/airflow/dags/dag_job_intelligent .py took 0.331 seconds
[2026-05-08T18:57:34.319+0000] {processor.py:161} INFO - Started process (PID=2851) to work on /opt/airflow/dags/dag_job_intelligent .py
[2026-05-08T18:57:34.322+0000] {processor.py:830} INFO - Processing file /opt/airflow/dags/dag_job_intelligent .py for tasks to queue
[2026-05-08T18:57:34.323+0000] {logging_mixin.py:188} INFO - [2026-05-08T18:57:34.323+0000] {dagbag.py:545} INFO - Filling up the DagBag from /opt/airflow/dags/dag_job_intelligent .py
[2026-05-08T18:57:34.376+0000] {processor.py:840} INFO - DAG(s) 'job_intelligent_pipeline' retrieved from /opt/airflow/dags/dag_job_intelligent .py
[2026-05-08T18:57:34.433+0000] {logging_mixin.py:188} INFO - [2026-05-08T18:57:34.433+0000] {dag.py:3096} INFO - Sync 1 DAGs
[2026-05-08T18:57:34.470+0000] {logging_mixin.py:188} INFO - [2026-05-08T18:57:34.470+0000] {dag.py:3954} INFO - Setting next_dagrun for job_intelligent_pipeline to 2026-05-08 06:00:00+00:00, run_after=2026-05-09 06:00:00+00:00
[2026-05-08T18:57:34.531+0000] {processor.py:183} INFO - Processing /opt/airflow/dags/dag_job_intelligent .py took 0.224 seconds
[2026-05-08T18:58:05.130+0000] {processor.py:161} INFO - Started process (PID=2867) to work on /opt/airflow/dags/dag_job_intelligent .py
[2026-05-08T18:58:05.144+0000] {processor.py:830} INFO - Processing file /opt/airflow/dags/dag_job_intelligent .py for tasks to queue
[2026-05-08T18:58:05.147+0000] {logging_mixin.py:188} INFO - [2026-05-08T18:58:05.147+0000] {dagbag.py:545} INFO - Filling up the DagBag from /opt/airflow/dags/dag_job_intelligent .py
[2026-05-08T18:58:05.365+0000] {processor.py:840} INFO - DAG(s) 'job_intelligent_pipeline' retrieved from /opt/airflow/dags/dag_job_intelligent .py
[2026-05-08T18:58:05.620+0000] {logging_mixin.py:188} INFO - [2026-05-08T18:58:05.619+0000] {dag.py:3096} INFO - Sync 1 DAGs
[2026-05-08T18:58:05.746+0000] {logging_mixin.py:188} INFO - [2026-05-08T18:58:05.745+0000] {dag.py:3954} INFO - Setting next_dagrun for job_intelligent_pipeline to 2026-05-08 06:00:00+00:00, run_after=2026-05-09 06:00:00+00:00
[2026-05-08T18:58:05.825+0000] {processor.py:183} INFO - Processing /opt/airflow/dags/dag_job_intelligent .py took 0.717 seconds
[2026-05-08T18:58:36.545+0000] {processor.py:161} INFO - Started process (PID=2875) to work on /opt/airflow/dags/dag_job_intelligent .py
[2026-05-08T18:58:36.547+0000] {processor.py:830} INFO - Processing file /opt/airflow/dags/dag_job_intelligent .py for tasks to queue
[2026-05-08T18:58:36.550+0000] {logging_mixin.py:188} INFO - [2026-05-08T18:58:36.549+0000] {dagbag.py:545} INFO - Filling up the DagBag from /opt/airflow/dags/dag_job_intelligent .py
[2026-05-08T18:58:36.614+0000] {processor.py:840} INFO - DAG(s) 'job_intelligent_pipeline' retrieved from /opt/airflow/dags/dag_job_intelligent .py
[2026-05-08T18:58:36.734+0000] {logging_mixin.py:188} INFO - [2026-05-08T18:58:36.733+0000] {dag.py:3096} INFO - Sync 1 DAGs
[2026-05-08T18:58:36.779+0000] {logging_mixin.py:188} INFO - [2026-05-08T18:58:36.778+0000] {dag.py:3954} INFO - Setting next_dagrun for job_intelligent_pipeline to 2026-05-08 06:00:00+00:00, run_after=2026-05-09 06:00:00+00:00
[2026-05-08T18:58:36.816+0000] {processor.py:183} INFO - Processing /opt/airflow/dags/dag_job_intelligent .py took 0.290 seconds
[2026-05-08T18:59:07.364+0000] {processor.py:161} INFO - Started process (PID=2889) to work on /opt/airflow/dags/dag_job_intelligent .py
[2026-05-08T18:59:07.366+0000] {processor.py:830} INFO - Processing file /opt/airflow/dags/dag_job_intelligent .py for tasks to queue
[2026-05-08T18:59:07.367+0000] {logging_mixin.py:188} INFO - [2026-05-08T18:59:07.367+0000] {dagbag.py:545} INFO - Filling up the DagBag from /opt/airflow/dags/dag_job_intelligent .py
[2026-05-08T18:59:07.435+0000] {processor.py:840} INFO - DAG(s) 'job_intelligent_pipeline' retrieved from /opt/airflow/dags/dag_job_intelligent .py
[2026-05-08T18:59:07.602+0000] {logging_mixin.py:188} INFO - [2026-05-08T18:59:07.601+0000] {dag.py:3096} INFO - Sync 1 DAGs
[2026-05-08T18:59:07.702+0000] {logging_mixin.py:188} INFO - [2026-05-08T18:59:07.701+0000] {dag.py:3954} INFO - Setting next_dagrun for job_intelligent_pipeline to 2026-05-08 06:00:00+00:00, run_after=2026-05-09 06:00:00+00:00
[2026-05-08T18:59:07.910+0000] {processor.py:183} INFO - Processing /opt/airflow/dags/dag_job_intelligent .py took 0.557 seconds
[2026-05-08T18:59:38.127+0000] {processor.py:161} INFO - Started process (PID=2896) to work on /opt/airflow/dags/dag_job_intelligent .py
[2026-05-08T18:59:38.134+0000] {processor.py:830} INFO - Processing file /opt/airflow/dags/dag_job_intelligent .py for tasks to queue
[2026-05-08T18:59:38.155+0000] {logging_mixin.py:188} INFO - [2026-05-08T18:59:38.154+0000] {dagbag.py:545} INFO - Filling up the DagBag from /opt/airflow/dags/dag_job_intelligent .py
[2026-05-08T18:59:38.286+0000] {processor.py:840} INFO - DAG(s) 'job_intelligent_pipeline' retrieved from /opt/airflow/dags/dag_job_intelligent .py
[2026-05-08T18:59:38.410+0000] {logging_mixin.py:188} INFO - [2026-05-08T18:59:38.409+0000] {dag.py:3096} INFO - Sync 1 DAGs
[2026-05-08T18:59:38.507+0000] {logging_mixin.py:188} INFO - [2026-05-08T18:59:38.507+0000] {dag.py:3954} INFO - Setting next_dagrun for job_intelligent_pipeline to 2026-05-08 06:00:00+00:00, run_after=2026-05-09 06:00:00+00:00
[2026-05-08T18:59:38.601+0000] {processor.py:183} INFO - Processing /opt/airflow/dags/dag_job_intelligent .py took 0.521 seconds
[2026-05-08T19:00:09.948+0000] {processor.py:161} INFO - Started process (PID=2910) to work on /opt/airflow/dags/dag_job_intelligent .py
[2026-05-08T19:00:09.962+0000] {processor.py:830} INFO - Processing file /opt/airflow/dags/dag_job_intelligent .py for tasks to queue
[2026-05-08T19:00:09.980+0000] {logging_mixin.py:188} INFO - [2026-05-08T19:00:09.979+0000] {dagbag.py:545} INFO - Filling up the DagBag from /opt/airflow/dags/dag_job_intelligent .py
[2026-05-08T19:00:10.209+0000] {processor.py:840} INFO - DAG(s) 'job_intelligent_pipeline' retrieved from /opt/airflow/dags/dag_job_intelligent .py
[2026-05-08T19:00:10.484+0000] {logging_mixin.py:188} INFO - [2026-05-08T19:00:10.484+0000] {dag.py:3096} INFO - Sync 1 DAGs
[2026-05-08T19:00:10.665+0000] {logging_mixin.py:188} INFO - [2026-05-08T19:00:10.665+0000] {dag.py:3954} INFO - Setting next_dagrun for job_intelligent_pipeline to 2026-05-08 06:00:00+00:00, run_after=2026-05-09 06:00:00+00:00
[2026-05-08T19:00:10.815+0000] {processor.py:183} INFO - Processing /opt/airflow/dags/dag_job_intelligent .py took 0.933 seconds
[2026-05-08T19:00:41.644+0000] {processor.py:161} INFO - Started process (PID=2918) to work on /opt/airflow/dags/dag_job_intelligent .py
[2026-05-08T19:00:41.646+0000] {processor.py:830} INFO - Processing file /opt/airflow/dags/dag_job_intelligent .py for tasks to queue
[2026-05-08T19:00:41.658+0000] {logging_mixin.py:188} INFO - [2026-05-08T19:00:41.648+0000] {dagbag.py:545} INFO - Filling up the DagBag from /opt/airflow/dags/dag_job_intelligent .py
[2026-05-08T19:00:41.736+0000] {processor.py:840} INFO - DAG(s) 'job_intelligent_pipeline' retrieved from /opt/airflow/dags/dag_job_intelligent .py
[2026-05-08T19:00:41.814+0000] {logging_mixin.py:188} INFO - [2026-05-08T19:00:41.814+0000] {dag.py:3096} INFO - Sync 1 DAGs
[2026-05-08T19:00:41.968+0000] {logging_mixin.py:188} INFO - [2026-05-08T19:00:41.967+0000] {dag.py:3954} INFO - Setting next_dagrun for job_intelligent_pipeline to 2026-05-08 06:00:00+00:00, run_after=2026-05-09 06:00:00+00:00
[2026-05-08T19:00:42.028+0000] {processor.py:183} INFO - Processing /opt/airflow/dags/dag_job_intelligent .py took 0.400 seconds
[2026-05-08T19:01:12.698+0000] {processor.py:161} INFO - Started process (PID=2932) to work on /opt/airflow/dags/dag_job_intelligent .py
[2026-05-08T19:01:12.700+0000] {processor.py:830} INFO - Processing file /opt/airflow/dags/dag_job_intelligent .py for tasks to queue
[2026-05-08T19:01:12.701+0000] {logging_mixin.py:188} INFO - [2026-05-08T19:01:12.701+0000] {dagbag.py:545} INFO - Filling up the DagBag from /opt/airflow/dags/dag_job_intelligent .py
[2026-05-08T19:01:12.749+0000] {processor.py:840} INFO - DAG(s) 'job_intelligent_pipeline' retrieved from /opt/airflow/dags/dag_job_intelligent .py
[2026-05-08T19:01:12.809+0000] {logging_mixin.py:188} INFO - [2026-05-08T19:01:12.808+0000] {dag.py:3096} INFO - Sync 1 DAGs
[2026-05-08T19:01:12.849+0000] {logging_mixin.py:188} INFO - [2026-05-08T19:01:12.849+0000] {dag.py:3954} INFO - Setting next_dagrun for job_intelligent_pipeline to 2026-05-08 06:00:00+00:00, run_after=2026-05-09 06:00:00+00:00
[2026-05-08T19:01:12.882+0000] {processor.py:183} INFO - Processing /opt/airflow/dags/dag_job_intelligent .py took 0.194 seconds
[2026-05-08T19:01:42.999+0000] {processor.py:161} INFO - Started process (PID=2940) to work on /opt/airflow/dags/dag_job_intelligent .py
[2026-05-08T19:01:43.001+0000] {processor.py:830} INFO - Processing file /opt/airflow/dags/dag_job_intelligent .py for tasks to queue
[2026-05-08T19:01:43.002+0000] {logging_mixin.py:188} INFO - [2026-05-08T19:01:43.001+0000] {dagbag.py:545} INFO - Filling up the DagBag from /opt/airflow/dags/dag_job_intelligent .py
[2026-05-08T19:01:43.036+0000] {processor.py:840} INFO - DAG(s) 'job_intelligent_pipeline' retrieved from /opt/airflow/dags/dag_job_intelligent .py
[2026-05-08T19:01:43.091+0000] {logging_mixin.py:188} INFO - [2026-05-08T19:01:43.091+0000] {dag.py:3096} INFO - Sync 1 DAGs
[2026-05-08T19:01:43.128+0000] {logging_mixin.py:188} INFO - [2026-05-08T19:01:43.128+0000] {dag.py:3954} INFO - Setting next_dagrun for job_intelligent_pipeline to 2026-05-08 06:00:00+00:00, run_after=2026-05-09 06:00:00+00:00
[2026-05-08T19:01:43.159+0000] {processor.py:183} INFO - Processing /opt/airflow/dags/dag_job_intelligent .py took 0.168 seconds
[2026-05-08T19:02:13.517+0000] {processor.py:161} INFO - Started process (PID=2954) to work on /opt/airflow/dags/dag_job_intelligent .py
[2026-05-08T19:02:13.519+0000] {processor.py:830} INFO - Processing file /opt/airflow/dags/dag_job_intelligent .py for tasks to queue
[2026-05-08T19:02:13.521+0000] {logging_mixin.py:188} INFO - [2026-05-08T19:02:13.520+0000] {dagbag.py:545} INFO - Filling up the DagBag from /opt/airflow/dags/dag_job_intelligent .py
[2026-05-08T19:02:13.602+0000] {processor.py:840} INFO - DAG(s) 'job_intelligent_pipeline' retrieved from /opt/airflow/dags/dag_job_intelligent .py
[2026-05-08T19:02:13.713+0000] {logging_mixin.py:188} INFO - [2026-05-08T19:02:13.713+0000] {dag.py:3096} INFO - Sync 1 DAGs
[2026-05-08T19:02:13.765+0000] {logging_mixin.py:188} INFO - [2026-05-08T19:02:13.764+0000] {dag.py:3954} INFO - Setting next_dagrun for job_intelligent_pipeline to 2026-05-08 06:00:00+00:00, run_after=2026-05-09 06:00:00+00:00
[2026-05-08T19:02:13.817+0000] {processor.py:183} INFO - Processing /opt/airflow/dags/dag_job_intelligent .py took 0.315 seconds
[2026-05-08T19:02:44.401+0000] {processor.py:161} INFO - Started process (PID=2968) to work on /opt/airflow/dags/dag_job_intelligent .py
[2026-05-08T19:02:44.403+0000] {processor.py:830} INFO - Processing file /opt/airflow/dags/dag_job_intelligent .py for tasks to queue
[2026-05-08T19:02:44.405+0000] {logging_mixin.py:188} INFO - [2026-05-08T19:02:44.404+0000] {dagbag.py:545} INFO - Filling up the DagBag from /opt/airflow/dags/dag_job_intelligent .py
[2026-05-08T19:02:44.439+0000] {processor.py:840} INFO - DAG(s) 'job_intelligent_pipeline' retrieved from /opt/airflow/dags/dag_job_intelligent .py
[2026-05-08T19:02:44.492+0000] {logging_mixin.py:188} INFO - [2026-05-08T19:02:44.491+0000] {dag.py:3096} INFO - Sync 1 DAGs
[2026-05-08T19:02:44.530+0000] {logging_mixin.py:188} INFO - [2026-05-08T19:02:44.530+0000] {dag.py:3954} INFO - Setting next_dagrun for job_intelligent_pipeline to 2026-05-08 06:00:00+00:00, run_after=2026-05-09 06:00:00+00:00
[2026-05-08T19:02:44.567+0000] {processor.py:183} INFO - Processing /opt/airflow/dags/dag_job_intelligent .py took 0.175 seconds
[2026-05-08T19:03:14.929+0000] {processor.py:161} INFO - Started process (PID=2977) to work on /opt/airflow/dags/dag_job_intelligent .py
[2026-05-08T19:03:14.931+0000] {processor.py:830} INFO - Processing file /opt/airflow/dags/dag_job_intelligent .py for tasks to queue
[2026-05-08T19:03:14.933+0000] {logging_mixin.py:188} INFO - [2026-05-08T19:03:14.932+0000] {dagbag.py:545} INFO - Filling up the DagBag from /opt/airflow/dags/dag_job_intelligent .py
[2026-05-08T19:03:14.997+0000] {processor.py:840} INFO - DAG(s) 'job_intelligent_pipeline' retrieved from /opt/airflow/dags/dag_job_intelligent .py
[2026-05-08T19:03:15.058+0000] {logging_mixin.py:188} INFO - [2026-05-08T19:03:15.058+0000] {dag.py:3096} INFO - Sync 1 DAGs
[2026-05-08T19:03:15.115+0000] {logging_mixin.py:188} INFO - [2026-05-08T19:03:15.114+0000] {dag.py:3954} INFO - Setting next_dagrun for job_intelligent_pipeline to 2026-05-08 06:00:00+00:00, run_after=2026-05-09 06:00:00+00:00
[2026-05-08T19:03:15.161+0000] {processor.py:183} INFO - Processing /opt/airflow/dags/dag_job_intelligent .py took 0.243 seconds
[2026-05-08T19:03:45.412+0000] {processor.py:161} INFO - Started process (PID=2991) to work on /opt/airflow/dags/dag_job_intelligent .py
[2026-05-08T19:03:45.415+0000] {processor.py:830} INFO - Processing file /opt/airflow/dags/dag_job_intelligent .py for tasks to queue
[2026-05-08T19:03:45.417+0000] {logging_mixin.py:188} INFO - [2026-05-08T19:03:45.416+0000] {dagbag.py:545} INFO - Filling up the DagBag from /opt/airflow/dags/dag_job_intelligent .py
[2026-05-08T19:03:45.555+0000] {processor.py:840} INFO - DAG(s) 'job_intelligent_pipeline' retrieved from /opt/airflow/dags/dag_job_intelligent .py
[2026-05-08T19:03:45.759+0000] {logging_mixin.py:188} INFO - [2026-05-08T19:03:45.756+0000] {dag.py:3096} INFO - Sync 1 DAGs
[2026-05-08T19:03:45.849+0000] {logging_mixin.py:188} INFO - [2026-05-08T19:03:45.849+0000] {dag.py:3954} INFO - Setting next_dagrun for job_intelligent_pipeline to 2026-05-08 06:00:00+00:00, run_after=2026-05-09 06:00:00+00:00
[2026-05-08T19:03:45.933+0000] {processor.py:183} INFO - Processing /opt/airflow/dags/dag_job_intelligent .py took 0.537 seconds
[2026-05-08T19:04:16.575+0000] {processor.py:161} INFO - Started process (PID=2999) to work on /opt/airflow/dags/dag_job_intelligent .py
[2026-05-08T19:04:16.580+0000] {processor.py:830} INFO - Processing file /opt/airflow/dags/dag_job_intelligent .py for tasks to queue
[2026-05-08T19:04:16.583+0000] {logging_mixin.py:188} INFO - [2026-05-08T19:04:16.582+0000] {dagbag.py:545} INFO - Filling up the DagBag from /opt/airflow/dags/dag_job_intelligent .py
[2026-05-08T19:04:16.669+0000] {processor.py:840} INFO - DAG(s) 'job_intelligent_pipeline' retrieved from /opt/airflow/dags/dag_job_intelligent .py
[2026-05-08T19:04:16.828+0000] {logging_mixin.py:188} INFO - [2026-05-08T19:04:16.827+0000] {dag.py:3096} INFO - Sync 1 DAGs
[2026-05-08T19:04:16.950+0000] {logging_mixin.py:188} INFO - [2026-05-08T19:04:16.949+0000] {dag.py:3954} INFO - Setting next_dagrun for job_intelligent_pipeline to 2026-05-08 06:00:00+00:00, run_after=2026-05-09 06:00:00+00:00
[2026-05-08T19:04:17.025+0000] {processor.py:183} INFO - Processing /opt/airflow/dags/dag_job_intelligent .py took 0.470 seconds
[2026-05-08T19:04:47.735+0000] {processor.py:161} INFO - Started process (PID=3013) to work on /opt/airflow/dags/dag_job_intelligent .py
[2026-05-08T19:04:47.736+0000] {processor.py:830} INFO - Processing file /opt/airflow/dags/dag_job_intelligent .py for tasks to queue
[2026-05-08T19:04:47.738+0000] {logging_mixin.py:188} INFO - [2026-05-08T19:04:47.738+0000] {dagbag.py:545} INFO - Filling up the DagBag from /opt/airflow/dags/dag_job_intelligent .py
[2026-05-08T19:04:47.794+0000] {processor.py:840} INFO - DAG(s) 'job_intelligent_pipeline' retrieved from /opt/airflow/dags/dag_job_intelligent .py
[2026-05-08T19:04:47.913+0000] {logging_mixin.py:188} INFO - [2026-05-08T19:04:47.912+0000] {dag.py:3096} INFO - Sync 1 DAGs
[2026-05-08T19:04:47.986+0000] {logging_mixin.py:188} INFO - [2026-05-08T19:04:47.986+0000] {dag.py:3954} INFO - Setting next_dagrun for job_intelligent_pipeline to 2026-05-08 06:00:00+00:00, run_after=2026-05-09 06:00:00+00:00
[2026-05-08T19:04:48.033+0000] {processor.py:183} INFO - Processing /opt/airflow/dags/dag_job_intelligent .py took 0.314 seconds
[2026-05-08T19:05:18.635+0000] {processor.py:161} INFO - Started process (PID=3021) to work on /opt/airflow/dags/dag_job_intelligent .py
[2026-05-08T19:05:18.638+0000] {processor.py:830} INFO - Processing file /opt/airflow/dags/dag_job_intelligent .py for tasks to queue
[2026-05-08T19:05:18.641+0000] {logging_mixin.py:188} INFO - [2026-05-08T19:05:18.640+0000] {dagbag.py:545} INFO - Filling up the DagBag from /opt/airflow/dags/dag_job_intelligent .py
[2026-05-08T19:05:18.700+0000] {processor.py:840} INFO - DAG(s) 'job_intelligent_pipeline' retrieved from /opt/airflow/dags/dag_job_intelligent .py
[2026-05-08T19:05:18.779+0000] {logging_mixin.py:188} INFO - [2026-05-08T19:05:18.778+0000] {dag.py:3096} INFO - Sync 1 DAGs
[2026-05-08T19:05:18.822+0000] {logging_mixin.py:188} INFO - [2026-05-08T19:05:18.822+0000] {dag.py:3954} INFO - Setting next_dagrun for job_intelligent_pipeline to 2026-05-08 06:00:00+00:00, run_after=2026-05-09 06:00:00+00:00
[2026-05-08T19:05:18.860+0000] {processor.py:183} INFO - Processing /opt/airflow/dags/dag_job_intelligent .py took 0.241 seconds
[2026-05-08T19:05:49.373+0000] {processor.py:161} INFO - Started process (PID=3035) to work on /opt/airflow/dags/dag_job_intelligent .py
[2026-05-08T19:05:49.374+0000] {processor.py:830} INFO - Processing file /opt/airflow/dags/dag_job_intelligent .py for tasks to queue
[2026-05-08T19:05:49.376+0000] {logging_mixin.py:188} INFO - [2026-05-08T19:05:49.376+0000] {dagbag.py:545} INFO - Filling up the DagBag from /opt/airflow/dags/dag_job_intelligent .py
[2026-05-08T19:05:49.421+0000] {processor.py:840} INFO - DAG(s) 'job_intelligent_pipeline' retrieved from /opt/airflow/dags/dag_job_intelligent .py
[2026-05-08T19:05:49.476+0000] {logging_mixin.py:188} INFO - [2026-05-08T19:05:49.476+0000] {dag.py:3096} INFO - Sync 1 DAGs
[2026-05-08T19:05:49.515+0000] {logging_mixin.py:188} INFO - [2026-05-08T19:05:49.515+0000] {dag.py:3954} INFO - Setting next_dagrun for job_intelligent_pipeline to 2026-05-08 06:00:00+00:00, run_after=2026-05-09 06:00:00+00:00
[2026-05-08T19:05:49.551+0000] {processor.py:183} INFO - Processing /opt/airflow/dags/dag_job_intelligent .py took 0.188 seconds
[2026-05-08T19:06:20.429+0000] {processor.py:161} INFO - Started process (PID=3043) to work on /opt/airflow/dags/dag_job_intelligent .py
[2026-05-08T19:06:20.432+0000] {processor.py:830} INFO - Processing file /opt/airflow/dags/dag_job_intelligent .py for tasks to queue
[2026-05-08T19:06:20.436+0000] {logging_mixin.py:188} INFO - [2026-05-08T19:06:20.435+0000] {dagbag.py:545} INFO - Filling up the DagBag from /opt/airflow/dags/dag_job_intelligent .py
[2026-05-08T19:06:20.551+0000] {processor.py:840} INFO - DAG(s) 'job_intelligent_pipeline' retrieved from /opt/airflow/dags/dag_job_intelligent .py
[2026-05-08T19:06:20.795+0000] {logging_mixin.py:188} INFO - [2026-05-08T19:06:20.794+0000] {dag.py:3096} INFO - Sync 1 DAGs
[2026-05-08T19:06:20.897+0000] {logging_mixin.py:188} INFO - [2026-05-08T19:06:20.896+0000] {dag.py:3954} INFO - Setting next_dagrun for job_intelligent_pipeline to 2026-05-08 06:00:00+00:00, run_after=2026-05-09 06:00:00+00:00
[2026-05-08T19:06:20.974+0000] {processor.py:183} INFO - Processing /opt/airflow/dags/dag_job_intelligent .py took 0.562 seconds
[2026-05-08T19:06:51.507+0000] {processor.py:161} INFO - Started process (PID=3058) to work on /opt/airflow/dags/dag_job_intelligent .py
[2026-05-08T19:06:51.509+0000] {processor.py:830} INFO - Processing file /opt/airflow/dags/dag_job_intelligent .py for tasks to queue
[2026-05-08T19:06:51.510+0000] {logging_mixin.py:188} INFO - [2026-05-08T19:06:51.510+0000] {dagbag.py:545} INFO - Filling up the DagBag from /opt/airflow/dags/dag_job_intelligent .py
[2026-05-08T19:06:51.558+0000] {processor.py:840} INFO - DAG(s) 'job_intelligent_pipeline' retrieved from /opt/airflow/dags/dag_job_intelligent .py
[2026-05-08T19:06:51.663+0000] {logging_mixin.py:188} INFO - [2026-05-08T19:06:51.663+0000] {dag.py:3096} INFO - Sync 1 DAGs
[2026-05-08T19:06:51.714+0000] {logging_mixin.py:188} INFO - [2026-05-08T19:06:51.714+0000] {dag.py:3954} INFO - Setting next_dagrun for job_intelligent_pipeline to 2026-05-08 06:00:00+00:00, run_after=2026-05-09 06:00:00+00:00
[2026-05-08T19:06:51.774+0000] {processor.py:183} INFO - Processing /opt/airflow/dags/dag_job_intelligent .py took 0.277 seconds
[2026-05-08T19:07:22.721+0000] {processor.py:161} INFO - Started process (PID=3066) to work on /opt/airflow/dags/dag_job_intelligent .py
[2026-05-08T19:07:22.725+0000] {processor.py:830} INFO - Processing file /opt/airflow/dags/dag_job_intelligent .py for tasks to queue
[2026-05-08T19:07:22.731+0000] {logging_mixin.py:188} INFO - [2026-05-08T19:07:22.728+0000] {dagbag.py:545} INFO - Filling up the DagBag from /opt/airflow/dags/dag_job_intelligent .py
[2026-05-08T19:07:22.834+0000] {processor.py:840} INFO - DAG(s) 'job_intelligent_pipeline' retrieved from /opt/airflow/dags/dag_job_intelligent .py
[2026-05-08T19:07:22.980+0000] {logging_mixin.py:188} INFO - [2026-05-08T19:07:22.978+0000] {dag.py:3096} INFO - Sync 1 DAGs
[2026-05-08T19:07:23.186+0000] {logging_mixin.py:188} INFO - [2026-05-08T19:07:23.185+0000] {dag.py:3954} INFO - Setting next_dagrun for job_intelligent_pipeline to 2026-05-08 06:00:00+00:00, run_after=2026-05-09 06:00:00+00:00
[2026-05-08T19:07:23.309+0000] {processor.py:183} INFO - Processing /opt/airflow/dags/dag_job_intelligent .py took 0.610 seconds
[2026-05-08T19:07:53.785+0000] {processor.py:161} INFO - Started process (PID=3080) to work on /opt/airflow/dags/dag_job_intelligent .py
[2026-05-08T19:07:53.787+0000] {processor.py:830} INFO - Processing file /opt/airflow/dags/dag_job_intelligent .py for tasks to queue
[2026-05-08T19:07:53.799+0000] {logging_mixin.py:188} INFO - [2026-05-08T19:07:53.798+0000] {dagbag.py:545} INFO - Filling up the DagBag from /opt/airflow/dags/dag_job_intelligent .py
[2026-05-08T19:07:53.863+0000] {processor.py:840} INFO - DAG(s) 'job_intelligent_pipeline' retrieved from /opt/airflow/dags/dag_job_intelligent .py
[2026-05-08T19:07:54.006+0000] {logging_mixin.py:188} INFO - [2026-05-08T19:07:54.005+0000] {dag.py:3096} INFO - Sync 1 DAGs
[2026-05-08T19:07:54.139+0000] {logging_mixin.py:188} INFO - [2026-05-08T19:07:54.138+0000] {dag.py:3954} INFO - Setting next_dagrun for job_intelligent_pipeline to 2026-05-08 06:00:00+00:00, run_after=2026-05-09 06:00:00+00:00
[2026-05-08T19:07:54.263+0000] {processor.py:183} INFO - Processing /opt/airflow/dags/dag_job_intelligent .py took 0.499 seconds
[2026-05-08T19:08:24.912+0000] {processor.py:161} INFO - Started process (PID=3088) to work on /opt/airflow/dags/dag_job_intelligent .py
[2026-05-08T19:08:24.914+0000] {processor.py:830} INFO - Processing file /opt/airflow/dags/dag_job_intelligent .py for tasks to queue
[2026-05-08T19:08:24.916+0000] {logging_mixin.py:188} INFO - [2026-05-08T19:08:24.915+0000] {dagbag.py:545} INFO - Filling up the DagBag from /opt/airflow/dags/dag_job_intelligent .py
[2026-05-08T19:08:24.952+0000] {processor.py:840} INFO - DAG(s) 'job_intelligent_pipeline' retrieved from /opt/airflow/dags/dag_job_intelligent .py
[2026-05-08T19:08:25.006+0000] {logging_mixin.py:188} INFO - [2026-05-08T19:08:25.006+0000] {dag.py:3096} INFO - Sync 1 DAGs
[2026-05-08T19:08:25.049+0000] {logging_mixin.py:188} INFO - [2026-05-08T19:08:25.048+0000] {dag.py:3954} INFO - Setting next_dagrun for job_intelligent_pipeline to 2026-05-08 06:00:00+00:00, run_after=2026-05-09 06:00:00+00:00
[2026-05-08T19:08:25.102+0000] {processor.py:183} INFO - Processing /opt/airflow/dags/dag_job_intelligent .py took 0.198 seconds
[2026-05-08T19:08:55.795+0000] {processor.py:161} INFO - Started process (PID=3103) to work on /opt/airflow/dags/dag_job_intelligent .py
[2026-05-08T19:08:55.804+0000] {processor.py:830} INFO - Processing file /opt/airflow/dags/dag_job_intelligent .py for tasks to queue
[2026-05-08T19:08:55.816+0000] {logging_mixin.py:188} INFO - [2026-05-08T19:08:55.808+0000] {dagbag.py:545} INFO - Filling up the DagBag from /opt/airflow/dags/dag_job_intelligent .py
[2026-05-08T19:08:55.892+0000] {processor.py:840} INFO - DAG(s) 'job_intelligent_pipeline' retrieved from /opt/airflow/dags/dag_job_intelligent .py
[2026-05-08T19:08:56.065+0000] {logging_mixin.py:188} INFO - [2026-05-08T19:08:56.064+0000] {dag.py:3096} INFO - Sync 1 DAGs
[2026-05-08T19:08:56.138+0000] {logging_mixin.py:188} INFO - [2026-05-08T19:08:56.137+0000] {dag.py:3954} INFO - Setting next_dagrun for job_intelligent_pipeline to 2026-05-08 06:00:00+00:00, run_after=2026-05-09 06:00:00+00:00
[2026-05-08T19:08:56.206+0000] {processor.py:183} INFO - Processing /opt/airflow/dags/dag_job_intelligent .py took 0.433 seconds
[2026-05-08T19:09:26.578+0000] {processor.py:161} INFO - Started process (PID=3111) to work on /opt/airflow/dags/dag_job_intelligent .py
[2026-05-08T19:09:26.580+0000] {processor.py:830} INFO - Processing file /opt/airflow/dags/dag_job_intelligent .py for tasks to queue
[2026-05-08T19:09:26.582+0000] {logging_mixin.py:188} INFO - [2026-05-08T19:09:26.582+0000] {dagbag.py:545} INFO - Filling up the DagBag from /opt/airflow/dags/dag_job_intelligent .py
[2026-05-08T19:09:26.645+0000] {processor.py:840} INFO - DAG(s) 'job_intelligent_pipeline' retrieved from /opt/airflow/dags/dag_job_intelligent .py
[2026-05-08T19:09:26.839+0000] {logging_mixin.py:188} INFO - [2026-05-08T19:09:26.839+0000] {dag.py:3096} INFO - Sync 1 DAGs
[2026-05-08T19:09:26.904+0000] {logging_mixin.py:188} INFO - [2026-05-08T19:09:26.903+0000] {dag.py:3954} INFO - Setting next_dagrun for job_intelligent_pipeline to 2026-05-08 06:00:00+00:00, run_after=2026-05-09 06:00:00+00:00
[2026-05-08T19:09:26.942+0000] {processor.py:183} INFO - Processing /opt/airflow/dags/dag_job_intelligent .py took 0.380 seconds
[2026-05-08T19:09:57.541+0000] {processor.py:161} INFO - Started process (PID=3124) to work on /opt/airflow/dags/dag_job_intelligent .py
[2026-05-08T19:09:57.543+0000] {processor.py:830} INFO - Processing file /opt/airflow/dags/dag_job_intelligent .py for tasks to queue
[2026-05-08T19:09:57.544+0000] {logging_mixin.py:188} INFO - [2026-05-08T19:09:57.544+0000] {dagbag.py:545} INFO - Filling up the DagBag from /opt/airflow/dags/dag_job_intelligent .py
[2026-05-08T19:09:57.581+0000] {processor.py:840} INFO - DAG(s) 'job_intelligent_pipeline' retrieved from /opt/airflow/dags/dag_job_intelligent .py
[2026-05-08T19:09:57.641+0000] {logging_mixin.py:188} INFO - [2026-05-08T19:09:57.641+0000] {dag.py:3096} INFO - Sync 1 DAGs
[2026-05-08T19:09:57.698+0000] {logging_mixin.py:188} INFO - [2026-05-08T19:09:57.697+0000] {dag.py:3954} INFO - Setting next_dagrun for job_intelligent_pipeline to 2026-05-08 06:00:00+00:00, run_after=2026-05-09 06:00:00+00:00
[2026-05-08T19:09:57.743+0000] {processor.py:183} INFO - Processing /opt/airflow/dags/dag_job_intelligent .py took 0.211 seconds
[2026-05-08T19:10:28.345+0000] {processor.py:161} INFO - Started process (PID=3131) to work on /opt/airflow/dags/dag_job_intelligent .py
[2026-05-08T19:10:28.347+0000] {processor.py:830} INFO - Processing file /opt/airflow/dags/dag_job_intelligent .py for tasks to queue
[2026-05-08T19:10:28.349+0000] {logging_mixin.py:188} INFO - [2026-05-08T19:10:28.349+0000] {dagbag.py:545} INFO - Filling up the DagBag from /opt/airflow/dags/dag_job_intelligent .py
[2026-05-08T19:10:28.512+0000] {processor.py:840} INFO - DAG(s) 'job_intelligent_pipeline' retrieved from /opt/airflow/dags/dag_job_intelligent .py
[2026-05-08T19:10:28.615+0000] {logging_mixin.py:188} INFO - [2026-05-08T19:10:28.615+0000] {dag.py:3096} INFO - Sync 1 DAGs
[2026-05-08T19:10:28.665+0000] {logging_mixin.py:188} INFO - [2026-05-08T19:10:28.665+0000] {dag.py:3954} INFO - Setting next_dagrun for job_intelligent_pipeline to 2026-05-08 06:00:00+00:00, run_after=2026-05-09 06:00:00+00:00
[2026-05-08T19:10:28.705+0000] {processor.py:183} INFO - Processing /opt/airflow/dags/dag_job_intelligent .py took 0.388 seconds
[2026-05-08T19:10:59.452+0000] {processor.py:161} INFO - Started process (PID=3146) to work on /opt/airflow/dags/dag_job_intelligent .py
[2026-05-08T19:10:59.453+0000] {processor.py:830} INFO - Processing file /opt/airflow/dags/dag_job_intelligent .py for tasks to queue
[2026-05-08T19:10:59.455+0000] {logging_mixin.py:188} INFO - [2026-05-08T19:10:59.454+0000] {dagbag.py:545} INFO - Filling up the DagBag from /opt/airflow/dags/dag_job_intelligent .py
[2026-05-08T19:10:59.488+0000] {processor.py:840} INFO - DAG(s) 'job_intelligent_pipeline' retrieved from /opt/airflow/dags/dag_job_intelligent .py
[2026-05-08T19:10:59.564+0000] {logging_mixin.py:188} INFO - [2026-05-08T19:10:59.564+0000] {dag.py:3096} INFO - Sync 1 DAGs
[2026-05-08T19:10:59.620+0000] {logging_mixin.py:188} INFO - [2026-05-08T19:10:59.619+0000] {dag.py:3954} INFO - Setting next_dagrun for job_intelligent_pipeline to 2026-05-08 06:00:00+00:00, run_after=2026-05-09 06:00:00+00:00
[2026-05-08T19:10:59.696+0000] {processor.py:183} INFO - Processing /opt/airflow/dags/dag_job_intelligent .py took 0.253 seconds
[2026-05-08T19:11:30.703+0000] {processor.py:161} INFO - Started process (PID=3161) to work on /opt/airflow/dags/dag_job_intelligent .py
[2026-05-08T19:11:30.712+0000] {processor.py:830} INFO - Processing file /opt/airflow/dags/dag_job_intelligent .py for tasks to queue
[2026-05-08T19:11:30.723+0000] {logging_mixin.py:188} INFO - [2026-05-08T19:11:30.722+0000] {dagbag.py:545} INFO - Filling up the DagBag from /opt/airflow/dags/dag_job_intelligent .py
[2026-05-08T19:11:30.795+0000] {processor.py:840} INFO - DAG(s) 'job_intelligent_pipeline' retrieved from /opt/airflow/dags/dag_job_intelligent .py
[2026-05-08T19:11:30.913+0000] {logging_mixin.py:188} INFO - [2026-05-08T19:11:30.912+0000] {dag.py:3096} INFO - Sync 1 DAGs
[2026-05-08T19:11:31.006+0000] {logging_mixin.py:188} INFO - [2026-05-08T19:11:31.005+0000] {dag.py:3954} INFO - Setting next_dagrun for job_intelligent_pipeline to 2026-05-08 06:00:00+00:00, run_after=2026-05-09 06:00:00+00:00
[2026-05-08T19:11:31.050+0000] {processor.py:183} INFO - Processing /opt/airflow/dags/dag_job_intelligent .py took 0.371 seconds
[2026-05-08T19:12:02.029+0000] {processor.py:161} INFO - Started process (PID=3169) to work on /opt/airflow/dags/dag_job_intelligent .py
[2026-05-08T19:12:02.032+0000] {processor.py:830} INFO - Processing file /opt/airflow/dags/dag_job_intelligent .py for tasks to queue
[2026-05-08T19:12:02.043+0000] {logging_mixin.py:188} INFO - [2026-05-08T19:12:02.042+0000] {dagbag.py:545} INFO - Filling up the DagBag from /opt/airflow/dags/dag_job_intelligent .py
[2026-05-08T19:12:02.141+0000] {processor.py:840} INFO - DAG(s) 'job_intelligent_pipeline' retrieved from /opt/airflow/dags/dag_job_intelligent .py
[2026-05-08T19:12:02.280+0000] {logging_mixin.py:188} INFO - [2026-05-08T19:12:02.280+0000] {dag.py:3096} INFO - Sync 1 DAGs
[2026-05-08T19:12:02.338+0000] {logging_mixin.py:188} INFO - [2026-05-08T19:12:02.337+0000] {dag.py:3954} INFO - Setting next_dagrun for job_intelligent_pipeline to 2026-05-08 06:00:00+00:00, run_after=2026-05-09 06:00:00+00:00
[2026-05-08T19:12:02.374+0000] {processor.py:183} INFO - Processing /opt/airflow/dags/dag_job_intelligent .py took 0.365 seconds
[2026-05-08T19:12:33.196+0000] {processor.py:161} INFO - Started process (PID=3183) to work on /opt/airflow/dags/dag_job_intelligent .py
[2026-05-08T19:12:33.198+0000] {processor.py:830} INFO - Processing file /opt/airflow/dags/dag_job_intelligent .py for tasks to queue
[2026-05-08T19:12:33.200+0000] {logging_mixin.py:188} INFO - [2026-05-08T19:12:33.199+0000] {dagbag.py:545} INFO - Filling up the DagBag from /opt/airflow/dags/dag_job_intelligent .py
[2026-05-08T19:12:33.234+0000] {processor.py:840} INFO - DAG(s) 'job_intelligent_pipeline' retrieved from /opt/airflow/dags/dag_job_intelligent .py
[2026-05-08T19:12:33.313+0000] {logging_mixin.py:188} INFO - [2026-05-08T19:12:33.313+0000] {dag.py:3096} INFO - Sync 1 DAGs
[2026-05-08T19:12:33.416+0000] {logging_mixin.py:188} INFO - [2026-05-08T19:12:33.415+0000] {dag.py:3954} INFO - Setting next_dagrun for job_intelligent_pipeline to 2026-05-08 06:00:00+00:00, run_after=2026-05-09 06:00:00+00:00
[2026-05-08T19:12:33.527+0000] {processor.py:183} INFO - Processing /opt/airflow/dags/dag_job_intelligent .py took 0.340 seconds
[2026-05-08T19:13:04.088+0000] {processor.py:161} INFO - Started process (PID=3191) to work on /opt/airflow/dags/dag_job_intelligent .py
[2026-05-08T19:13:04.093+0000] {processor.py:830} INFO - Processing file /opt/airflow/dags/dag_job_intelligent .py for tasks to queue
[2026-05-08T19:13:04.097+0000] {logging_mixin.py:188} INFO - [2026-05-08T19:13:04.096+0000] {dagbag.py:545} INFO - Filling up the DagBag from /opt/airflow/dags/dag_job_intelligent .py
[2026-05-08T19:13:04.136+0000] {processor.py:840} INFO - DAG(s) 'job_intelligent_pipeline' retrieved from /opt/airflow/dags/dag_job_intelligent .py
[2026-05-08T19:13:04.202+0000] {logging_mixin.py:188} INFO - [2026-05-08T19:13:04.202+0000] {dag.py:3096} INFO - Sync 1 DAGs
[2026-05-08T19:13:04.251+0000] {logging_mixin.py:188} INFO - [2026-05-08T19:13:04.250+0000] {dag.py:3954} INFO - Setting next_dagrun for job_intelligent_pipeline to 2026-05-08 06:00:00+00:00, run_after=2026-05-09 06:00:00+00:00
[2026-05-08T19:13:04.296+0000] {processor.py:183} INFO - Processing /opt/airflow/dags/dag_job_intelligent .py took 0.222 seconds
[2026-05-08T19:13:34.745+0000] {processor.py:161} INFO - Started process (PID=3205) to work on /opt/airflow/dags/dag_job_intelligent .py
[2026-05-08T19:13:34.751+0000] {processor.py:830} INFO - Processing file /opt/airflow/dags/dag_job_intelligent .py for tasks to queue
[2026-05-08T19:13:34.753+0000] {logging_mixin.py:188} INFO - [2026-05-08T19:13:34.753+0000] {dagbag.py:545} INFO - Filling up the DagBag from /opt/airflow/dags/dag_job_intelligent .py
[2026-05-08T19:13:34.903+0000] {processor.py:840} INFO - DAG(s) 'job_intelligent_pipeline' retrieved from /opt/airflow/dags/dag_job_intelligent .py
[2026-05-08T19:13:34.976+0000] {logging_mixin.py:188} INFO - [2026-05-08T19:13:34.976+0000] {dag.py:3096} INFO - Sync 1 DAGs
[2026-05-08T19:13:35.045+0000] {logging_mixin.py:188} INFO - [2026-05-08T19:13:35.044+0000] {dag.py:3954} INFO - Setting next_dagrun for job_intelligent_pipeline to 2026-05-08 06:00:00+00:00, run_after=2026-05-09 06:00:00+00:00
[2026-05-08T19:13:35.089+0000] {processor.py:183} INFO - Processing /opt/airflow/dags/dag_job_intelligent .py took 0.365 seconds
[2026-05-08T19:14:05.707+0000] {processor.py:161} INFO - Started process (PID=3214) to work on /opt/airflow/dags/dag_job_intelligent .py
[2026-05-08T19:14:05.709+0000] {processor.py:830} INFO - Processing file /opt/airflow/dags/dag_job_intelligent .py for tasks to queue
[2026-05-08T19:14:05.711+0000] {logging_mixin.py:188} INFO - [2026-05-08T19:14:05.710+0000] {dagbag.py:545} INFO - Filling up the DagBag from /opt/airflow/dags/dag_job_intelligent .py
[2026-05-08T19:14:05.765+0000] {processor.py:840} INFO - DAG(s) 'job_intelligent_pipeline' retrieved from /opt/airflow/dags/dag_job_intelligent .py
[2026-05-08T19:14:05.859+0000] {logging_mixin.py:188} INFO - [2026-05-08T19:14:05.859+0000] {dag.py:3096} INFO - Sync 1 DAGs
[2026-05-08T19:14:05.933+0000] {logging_mixin.py:188} INFO - [2026-05-08T19:14:05.932+0000] {dag.py:3954} INFO - Setting next_dagrun for job_intelligent_pipeline to 2026-05-08 06:00:00+00:00, run_after=2026-05-09 06:00:00+00:00
[2026-05-08T19:14:05.999+0000] {processor.py:183} INFO - Processing /opt/airflow/dags/dag_job_intelligent .py took 0.305 seconds
[2026-05-08T19:14:36.647+0000] {processor.py:161} INFO - Started process (PID=3229) to work on /opt/airflow/dags/dag_job_intelligent .py
[2026-05-08T19:14:36.652+0000] {processor.py:830} INFO - Processing file /opt/airflow/dags/dag_job_intelligent .py for tasks to queue
[2026-05-08T19:14:36.659+0000] {logging_mixin.py:188} INFO - [2026-05-08T19:14:36.657+0000] {dagbag.py:545} INFO - Filling up the DagBag from /opt/airflow/dags/dag_job_intelligent .py
[2026-05-08T19:14:36.734+0000] {processor.py:840} INFO - DAG(s) 'job_intelligent_pipeline' retrieved from /opt/airflow/dags/dag_job_intelligent .py
[2026-05-08T19:14:36.824+0000] {logging_mixin.py:188} INFO - [2026-05-08T19:14:36.824+0000] {dag.py:3096} INFO - Sync 1 DAGs
[2026-05-08T19:14:36.897+0000] {logging_mixin.py:188} INFO - [2026-05-08T19:14:36.896+0000] {dag.py:3954} INFO - Setting next_dagrun for job_intelligent_pipeline to 2026-05-08 06:00:00+00:00, run_after=2026-05-09 06:00:00+00:00
[2026-05-08T19:14:37.015+0000] {processor.py:183} INFO - Processing /opt/airflow/dags/dag_job_intelligent .py took 0.389 seconds
[2026-05-08T19:15:07.103+0000] {processor.py:161} INFO - Started process (PID=3237) to work on /opt/airflow/dags/dag_job_intelligent .py
[2026-05-08T19:15:07.104+0000] {processor.py:830} INFO - Processing file /opt/airflow/dags/dag_job_intelligent .py for tasks to queue
[2026-05-08T19:15:07.106+0000] {logging_mixin.py:188} INFO - [2026-05-08T19:15:07.106+0000] {dagbag.py:545} INFO - Filling up the DagBag from /opt/airflow/dags/dag_job_intelligent .py
[2026-05-08T19:15:07.145+0000] {processor.py:840} INFO - DAG(s) 'job_intelligent_pipeline' retrieved from /opt/airflow/dags/dag_job_intelligent .py
[2026-05-08T19:15:07.224+0000] {logging_mixin.py:188} INFO - [2026-05-08T19:15:07.223+0000] {dag.py:3096} INFO - Sync 1 DAGs
[2026-05-08T19:15:07.282+0000] {logging_mixin.py:188} INFO - [2026-05-08T19:15:07.282+0000] {dag.py:3954} INFO - Setting next_dagrun for job_intelligent_pipeline to 2026-05-08 06:00:00+00:00, run_after=2026-05-09 06:00:00+00:00
[2026-05-08T19:15:07.328+0000] {processor.py:183} INFO - Processing /opt/airflow/dags/dag_job_intelligent .py took 0.237 seconds
[2026-05-08T19:15:37.471+0000] {processor.py:161} INFO - Started process (PID=3249) to work on /opt/airflow/dags/dag_job_intelligent .py
[2026-05-08T19:15:37.473+0000] {processor.py:830} INFO - Processing file /opt/airflow/dags/dag_job_intelligent .py for tasks to queue
[2026-05-08T19:15:37.476+0000] {logging_mixin.py:188} INFO - [2026-05-08T19:15:37.475+0000] {dagbag.py:545} INFO - Filling up the DagBag from /opt/airflow/dags/dag_job_intelligent .py
[2026-05-08T19:15:37.531+0000] {processor.py:840} INFO - DAG(s) 'job_intelligent_pipeline' retrieved from /opt/airflow/dags/dag_job_intelligent .py
[2026-05-08T19:15:37.645+0000] {logging_mixin.py:188} INFO - [2026-05-08T19:15:37.644+0000] {dag.py:3096} INFO - Sync 1 DAGs
[2026-05-08T19:15:37.736+0000] {logging_mixin.py:188} INFO - [2026-05-08T19:15:37.735+0000] {dag.py:3954} INFO - Setting next_dagrun for job_intelligent_pipeline to 2026-05-08 06:00:00+00:00, run_after=2026-05-09 06:00:00+00:00
[2026-05-08T19:15:37.781+0000] {processor.py:183} INFO - Processing /opt/airflow/dags/dag_job_intelligent .py took 0.320 seconds
[2026-05-08T19:16:08.055+0000] {processor.py:161} INFO - Started process (PID=3257) to work on /opt/airflow/dags/dag_job_intelligent .py
[2026-05-08T19:16:08.057+0000] {processor.py:830} INFO - Processing file /opt/airflow/dags/dag_job_intelligent .py for tasks to queue
[2026-05-08T19:16:08.059+0000] {logging_mixin.py:188} INFO - [2026-05-08T19:16:08.058+0000] {dagbag.py:545} INFO - Filling up the DagBag from /opt/airflow/dags/dag_job_intelligent .py
[2026-05-08T19:16:08.135+0000] {processor.py:840} INFO - DAG(s) 'job_intelligent_pipeline' retrieved from /opt/airflow/dags/dag_job_intelligent .py
[2026-05-08T19:16:08.274+0000] {logging_mixin.py:188} INFO - [2026-05-08T19:16:08.274+0000] {dag.py:3096} INFO - Sync 1 DAGs
[2026-05-08T19:16:08.340+0000] {logging_mixin.py:188} INFO - [2026-05-08T19:16:08.339+0000] {dag.py:3954} INFO - Setting next_dagrun for job_intelligent_pipeline to 2026-05-08 06:00:00+00:00, run_after=2026-05-09 06:00:00+00:00
[2026-05-08T19:16:08.377+0000] {processor.py:183} INFO - Processing /opt/airflow/dags/dag_job_intelligent .py took 0.336 seconds
[2026-05-08T19:16:39.504+0000] {processor.py:161} INFO - Started process (PID=3272) to work on /opt/airflow/dags/dag_job_intelligent .py
[2026-05-08T19:16:39.510+0000] {processor.py:830} INFO - Processing file /opt/airflow/dags/dag_job_intelligent .py for tasks to queue
[2026-05-08T19:16:39.514+0000] {logging_mixin.py:188} INFO - [2026-05-08T19:16:39.513+0000] {dagbag.py:545} INFO - Filling up the DagBag from /opt/airflow/dags/dag_job_intelligent .py
[2026-05-08T19:16:39.617+0000] {processor.py:840} INFO - DAG(s) 'job_intelligent_pipeline' retrieved from /opt/airflow/dags/dag_job_intelligent .py
[2026-05-08T19:16:39.764+0000] {logging_mixin.py:188} INFO - [2026-05-08T19:16:39.764+0000] {dag.py:3096} INFO - Sync 1 DAGs
[2026-05-08T19:16:39.963+0000] {logging_mixin.py:188} INFO - [2026-05-08T19:16:39.962+0000] {dag.py:3954} INFO - Setting next_dagrun for job_intelligent_pipeline to 2026-05-08 06:00:00+00:00, run_after=2026-05-09 06:00:00+00:00
[2026-05-08T19:16:40.045+0000] {processor.py:183} INFO - Processing /opt/airflow/dags/dag_job_intelligent .py took 0.567 seconds
[2026-05-08T19:17:10.878+0000] {processor.py:161} INFO - Started process (PID=3279) to work on /opt/airflow/dags/dag_job_intelligent .py
[2026-05-08T19:17:10.880+0000] {processor.py:830} INFO - Processing file /opt/airflow/dags/dag_job_intelligent .py for tasks to queue
[2026-05-08T19:17:10.882+0000] {logging_mixin.py:188} INFO - [2026-05-08T19:17:10.881+0000] {dagbag.py:545} INFO - Filling up the DagBag from /opt/airflow/dags/dag_job_intelligent .py
[2026-05-08T19:17:11.020+0000] {processor.py:840} INFO - DAG(s) 'job_intelligent_pipeline' retrieved from /opt/airflow/dags/dag_job_intelligent .py
[2026-05-08T19:17:11.140+0000] {logging_mixin.py:188} INFO - [2026-05-08T19:17:11.139+0000] {dag.py:3096} INFO - Sync 1 DAGs
[2026-05-08T19:17:11.220+0000] {logging_mixin.py:188} INFO - [2026-05-08T19:17:11.219+0000] {dag.py:3954} INFO - Setting next_dagrun for job_intelligent_pipeline to 2026-05-08 06:00:00+00:00, run_after=2026-05-09 06:00:00+00:00
[2026-05-08T19:17:11.307+0000] {processor.py:183} INFO - Processing /opt/airflow/dags/dag_job_intelligent .py took 0.445 seconds
[2026-05-08T19:17:41.519+0000] {processor.py:161} INFO - Started process (PID=3293) to work on /opt/airflow/dags/dag_job_intelligent .py
[2026-05-08T19:17:41.526+0000] {processor.py:830} INFO - Processing file /opt/airflow/dags/dag_job_intelligent .py for tasks to queue
[2026-05-08T19:17:41.531+0000] {logging_mixin.py:188} INFO - [2026-05-08T19:17:41.530+0000] {dagbag.py:545} INFO - Filling up the DagBag from /opt/airflow/dags/dag_job_intelligent .py
[2026-05-08T19:17:41.678+0000] {processor.py:840} INFO - DAG(s) 'job_intelligent_pipeline' retrieved from /opt/airflow/dags/dag_job_intelligent .py
[2026-05-08T19:17:41.792+0000] {logging_mixin.py:188} INFO - [2026-05-08T19:17:41.791+0000] {dag.py:3096} INFO - Sync 1 DAGs
[2026-05-08T19:17:41.875+0000] {logging_mixin.py:188} INFO - [2026-05-08T19:17:41.867+0000] {dag.py:3954} INFO - Setting next_dagrun for job_intelligent_pipeline to 2026-05-08 06:00:00+00:00, run_after=2026-05-09 06:00:00+00:00
[2026-05-08T19:17:42.018+0000] {processor.py:183} INFO - Processing /opt/airflow/dags/dag_job_intelligent .py took 0.521 seconds
[2026-05-08T19:18:12.884+0000] {processor.py:161} INFO - Started process (PID=3302) to work on /opt/airflow/dags/dag_job_intelligent .py
[2026-05-08T19:18:12.886+0000] {processor.py:830} INFO - Processing file /opt/airflow/dags/dag_job_intelligent .py for tasks to queue
[2026-05-08T19:18:12.889+0000] {logging_mixin.py:188} INFO - [2026-05-08T19:18:12.888+0000] {dagbag.py:545} INFO - Filling up the DagBag from /opt/airflow/dags/dag_job_intelligent .py
[2026-05-08T19:18:12.950+0000] {processor.py:840} INFO - DAG(s) 'job_intelligent_pipeline' retrieved from /opt/airflow/dags/dag_job_intelligent .py
[2026-05-08T19:18:13.051+0000] {logging_mixin.py:188} INFO - [2026-05-08T19:18:13.050+0000] {dag.py:3096} INFO - Sync 1 DAGs
[2026-05-08T19:18:13.131+0000] {logging_mixin.py:188} INFO - [2026-05-08T19:18:13.130+0000] {dag.py:3954} INFO - Setting next_dagrun for job_intelligent_pipeline to 2026-05-08 06:00:00+00:00, run_after=2026-05-09 06:00:00+00:00
[2026-05-08T19:18:13.214+0000] {processor.py:183} INFO - Processing /opt/airflow/dags/dag_job_intelligent .py took 0.350 seconds
[2026-05-08T19:18:44.065+0000] {processor.py:161} INFO - Started process (PID=3316) to work on /opt/airflow/dags/dag_job_intelligent .py
[2026-05-08T19:18:44.067+0000] {processor.py:830} INFO - Processing file /opt/airflow/dags/dag_job_intelligent .py for tasks to queue
[2026-05-08T19:18:44.073+0000] {logging_mixin.py:188} INFO - [2026-05-08T19:18:44.073+0000] {dagbag.py:545} INFO - Filling up the DagBag from /opt/airflow/dags/dag_job_intelligent .py
[2026-05-08T19:18:44.135+0000] {processor.py:840} INFO - DAG(s) 'job_intelligent_pipeline' retrieved from /opt/airflow/dags/dag_job_intelligent .py
[2026-05-08T19:18:44.254+0000] {logging_mixin.py:188} INFO - [2026-05-08T19:18:44.253+0000] {dag.py:3096} INFO - Sync 1 DAGs
[2026-05-08T19:18:44.348+0000] {logging_mixin.py:188} INFO - [2026-05-08T19:18:44.348+0000] {dag.py:3954} INFO - Setting next_dagrun for job_intelligent_pipeline to 2026-05-08 06:00:00+00:00, run_after=2026-05-09 06:00:00+00:00
[2026-05-08T19:18:44.486+0000] {processor.py:183} INFO - Processing /opt/airflow/dags/dag_job_intelligent .py took 0.434 seconds
[2026-05-08T19:19:14.855+0000] {processor.py:161} INFO - Started process (PID=3332) to work on /opt/airflow/dags/dag_job_intelligent .py
[2026-05-08T19:19:14.857+0000] {processor.py:830} INFO - Processing file /opt/airflow/dags/dag_job_intelligent .py for tasks to queue
[2026-05-08T19:19:14.859+0000] {logging_mixin.py:188} INFO - [2026-05-08T19:19:14.858+0000] {dagbag.py:545} INFO - Filling up the DagBag from /opt/airflow/dags/dag_job_intelligent .py
[2026-05-08T19:19:14.900+0000] {processor.py:840} INFO - DAG(s) 'job_intelligent_pipeline' retrieved from /opt/airflow/dags/dag_job_intelligent .py
[2026-05-08T19:19:14.973+0000] {logging_mixin.py:188} INFO - [2026-05-08T19:19:14.973+0000] {dag.py:3096} INFO - Sync 1 DAGs
[2026-05-08T19:19:15.010+0000] {logging_mixin.py:188} INFO - [2026-05-08T19:19:15.010+0000] {dag.py:3954} INFO - Setting next_dagrun for job_intelligent_pipeline to 2026-05-08 06:00:00+00:00, run_after=2026-05-09 06:00:00+00:00
[2026-05-08T19:19:15.085+0000] {processor.py:183} INFO - Processing /opt/airflow/dags/dag_job_intelligent .py took 0.239 seconds
[2026-05-08T19:19:45.519+0000] {processor.py:161} INFO - Started process (PID=3340) to work on /opt/airflow/dags/dag_job_intelligent .py
[2026-05-08T19:19:45.520+0000] {processor.py:830} INFO - Processing file /opt/airflow/dags/dag_job_intelligent .py for tasks to queue
[2026-05-08T19:19:45.522+0000] {logging_mixin.py:188} INFO - [2026-05-08T19:19:45.522+0000] {dagbag.py:545} INFO - Filling up the DagBag from /opt/airflow/dags/dag_job_intelligent .py
[2026-05-08T19:19:45.568+0000] {processor.py:840} INFO - DAG(s) 'job_intelligent_pipeline' retrieved from /opt/airflow/dags/dag_job_intelligent .py
[2026-05-08T19:19:45.633+0000] {logging_mixin.py:188} INFO - [2026-05-08T19:19:45.633+0000] {dag.py:3096} INFO - Sync 1 DAGs
[2026-05-08T19:19:45.682+0000] {logging_mixin.py:188} INFO - [2026-05-08T19:19:45.682+0000] {dag.py:3954} INFO - Setting next_dagrun for job_intelligent_pipeline to 2026-05-08 06:00:00+00:00, run_after=2026-05-09 06:00:00+00:00
[2026-05-08T19:19:45.741+0000] {processor.py:183} INFO - Processing /opt/airflow/dags/dag_job_intelligent .py took 0.236 seconds
[2026-05-08T19:20:15.834+0000] {processor.py:161} INFO - Started process (PID=3353) to work on /opt/airflow/dags/dag_job_intelligent .py
[2026-05-08T19:20:15.836+0000] {processor.py:830} INFO - Processing file /opt/airflow/dags/dag_job_intelligent .py for tasks to queue
[2026-05-08T19:20:15.838+0000] {logging_mixin.py:188} INFO - [2026-05-08T19:20:15.838+0000] {dagbag.py:545} INFO - Filling up the DagBag from /opt/airflow/dags/dag_job_intelligent .py
[2026-05-08T19:20:15.892+0000] {processor.py:840} INFO - DAG(s) 'job_intelligent_pipeline' retrieved from /opt/airflow/dags/dag_job_intelligent .py
[2026-05-08T19:20:15.992+0000] {logging_mixin.py:188} INFO - [2026-05-08T19:20:15.991+0000] {dag.py:3096} INFO - Sync 1 DAGs
[2026-05-08T19:20:16.061+0000] {logging_mixin.py:188} INFO - [2026-05-08T19:20:16.060+0000] {dag.py:3954} INFO - Setting next_dagrun for job_intelligent_pipeline to 2026-05-08 06:00:00+00:00, run_after=2026-05-09 06:00:00+00:00
[2026-05-08T19:20:16.102+0000] {processor.py:183} INFO - Processing /opt/airflow/dags/dag_job_intelligent .py took 0.281 seconds
[2026-05-08T19:20:47.198+0000] {processor.py:161} INFO - Started process (PID=3361) to work on /opt/airflow/dags/dag_job_intelligent .py
[2026-05-08T19:20:47.203+0000] {processor.py:830} INFO - Processing file /opt/airflow/dags/dag_job_intelligent .py for tasks to queue
[2026-05-08T19:20:47.217+0000] {logging_mixin.py:188} INFO - [2026-05-08T19:20:47.216+0000] {dagbag.py:545} INFO - Filling up the DagBag from /opt/airflow/dags/dag_job_intelligent .py
[2026-05-08T19:20:47.374+0000] {processor.py:840} INFO - DAG(s) 'job_intelligent_pipeline' retrieved from /opt/airflow/dags/dag_job_intelligent .py
[2026-05-08T19:20:47.559+0000] {logging_mixin.py:188} INFO - [2026-05-08T19:20:47.557+0000] {dag.py:3096} INFO - Sync 1 DAGs
[2026-05-08T19:20:47.655+0000] {logging_mixin.py:188} INFO - [2026-05-08T19:20:47.655+0000] {dag.py:3954} INFO - Setting next_dagrun for job_intelligent_pipeline to 2026-05-08 06:00:00+00:00, run_after=2026-05-09 06:00:00+00:00
[2026-05-08T19:20:47.864+0000] {processor.py:183} INFO - Processing /opt/airflow/dags/dag_job_intelligent .py took 0.685 seconds
[2026-05-08T19:21:18.552+0000] {processor.py:161} INFO - Started process (PID=3375) to work on /opt/airflow/dags/dag_job_intelligent .py
[2026-05-08T19:21:18.576+0000] {processor.py:830} INFO - Processing file /opt/airflow/dags/dag_job_intelligent .py for tasks to queue
[2026-05-08T19:21:18.579+0000] {logging_mixin.py:188} INFO - [2026-05-08T19:21:18.578+0000] {dagbag.py:545} INFO - Filling up the DagBag from /opt/airflow/dags/dag_job_intelligent .py
[2026-05-08T19:21:18.725+0000] {processor.py:840} INFO - DAG(s) 'job_intelligent_pipeline' retrieved from /opt/airflow/dags/dag_job_intelligent .py
[2026-05-08T19:21:18.947+0000] {logging_mixin.py:188} INFO - [2026-05-08T19:21:18.946+0000] {dag.py:3096} INFO - Sync 1 DAGs
[2026-05-08T19:21:19.070+0000] {logging_mixin.py:188} INFO - [2026-05-08T19:21:19.070+0000] {dag.py:3954} INFO - Setting next_dagrun for job_intelligent_pipeline to 2026-05-08 06:00:00+00:00, run_after=2026-05-09 06:00:00+00:00
[2026-05-08T19:21:19.149+0000] {processor.py:183} INFO - Processing /opt/airflow/dags/dag_job_intelligent .py took 0.633 seconds
[2026-05-08T19:21:50.089+0000] {processor.py:161} INFO - Started process (PID=3383) to work on /opt/airflow/dags/dag_job_intelligent .py
[2026-05-08T19:21:50.101+0000] {processor.py:830} INFO - Processing file /opt/airflow/dags/dag_job_intelligent .py for tasks to queue
[2026-05-08T19:21:50.113+0000] {logging_mixin.py:188} INFO - [2026-05-08T19:21:50.112+0000] {dagbag.py:545} INFO - Filling up the DagBag from /opt/airflow/dags/dag_job_intelligent .py
[2026-05-08T19:21:50.362+0000] {processor.py:840} INFO - DAG(s) 'job_intelligent_pipeline' retrieved from /opt/airflow/dags/dag_job_intelligent .py
[2026-05-08T19:21:50.826+0000] {logging_mixin.py:188} INFO - [2026-05-08T19:21:50.825+0000] {dag.py:3096} INFO - Sync 1 DAGs
[2026-05-08T19:21:51.585+0000] {logging_mixin.py:188} INFO - [2026-05-08T19:21:51.585+0000] {dag.py:3954} INFO - Setting next_dagrun for job_intelligent_pipeline to 2026-05-08 06:00:00+00:00, run_after=2026-05-09 06:00:00+00:00
[2026-05-08T19:21:52.150+0000] {processor.py:183} INFO - Processing /opt/airflow/dags/dag_job_intelligent .py took 2.077 seconds
[2026-05-08T19:22:22.763+0000] {processor.py:161} INFO - Started process (PID=3396) to work on /opt/airflow/dags/dag_job_intelligent .py
[2026-05-08T19:22:22.768+0000] {processor.py:830} INFO - Processing file /opt/airflow/dags/dag_job_intelligent .py for tasks to queue
[2026-05-08T19:22:22.771+0000] {logging_mixin.py:188} INFO - [2026-05-08T19:22:22.770+0000] {dagbag.py:545} INFO - Filling up the DagBag from /opt/airflow/dags/dag_job_intelligent .py
[2026-05-08T19:22:22.928+0000] {processor.py:840} INFO - DAG(s) 'job_intelligent_pipeline' retrieved from /opt/airflow/dags/dag_job_intelligent .py
[2026-05-08T19:22:23.073+0000] {logging_mixin.py:188} INFO - [2026-05-08T19:22:23.072+0000] {dag.py:3096} INFO - Sync 1 DAGs
[2026-05-08T19:22:23.195+0000] {logging_mixin.py:188} INFO - [2026-05-08T19:22:23.195+0000] {dag.py:3954} INFO - Setting next_dagrun for job_intelligent_pipeline to 2026-05-08 06:00:00+00:00, run_after=2026-05-09 06:00:00+00:00
[2026-05-08T19:22:23.300+0000] {processor.py:183} INFO - Processing /opt/airflow/dags/dag_job_intelligent .py took 0.560 seconds
[2026-05-08T19:22:54.020+0000] {processor.py:161} INFO - Started process (PID=3405) to work on /opt/airflow/dags/dag_job_intelligent .py
[2026-05-08T19:22:54.029+0000] {processor.py:830} INFO - Processing file /opt/airflow/dags/dag_job_intelligent .py for tasks to queue
[2026-05-08T19:22:54.032+0000] {logging_mixin.py:188} INFO - [2026-05-08T19:22:54.031+0000] {dagbag.py:545} INFO - Filling up the DagBag from /opt/airflow/dags/dag_job_intelligent .py
[2026-05-08T19:22:54.140+0000] {processor.py:840} INFO - DAG(s) 'job_intelligent_pipeline' retrieved from /opt/airflow/dags/dag_job_intelligent .py
[2026-05-08T19:22:54.256+0000] {logging_mixin.py:188} INFO - [2026-05-08T19:22:54.255+0000] {dag.py:3096} INFO - Sync 1 DAGs
[2026-05-08T19:22:54.352+0000] {logging_mixin.py:188} INFO - [2026-05-08T19:22:54.351+0000] {dag.py:3954} INFO - Setting next_dagrun for job_intelligent_pipeline to 2026-05-08 06:00:00+00:00, run_after=2026-05-09 06:00:00+00:00
[2026-05-08T19:22:54.442+0000] {processor.py:183} INFO - Processing /opt/airflow/dags/dag_job_intelligent .py took 0.439 seconds
[2026-05-08T19:23:24.661+0000] {processor.py:161} INFO - Started process (PID=3418) to work on /opt/airflow/dags/dag_job_intelligent .py
[2026-05-08T19:23:24.663+0000] {processor.py:830} INFO - Processing file /opt/airflow/dags/dag_job_intelligent .py for tasks to queue
[2026-05-08T19:23:24.666+0000] {logging_mixin.py:188} INFO - [2026-05-08T19:23:24.664+0000] {dagbag.py:545} INFO - Filling up the DagBag from /opt/airflow/dags/dag_job_intelligent .py
[2026-05-08T19:23:24.726+0000] {processor.py:840} INFO - DAG(s) 'job_intelligent_pipeline' retrieved from /opt/airflow/dags/dag_job_intelligent .py
[2026-05-08T19:23:24.813+0000] {logging_mixin.py:188} INFO - [2026-05-08T19:23:24.813+0000] {dag.py:3096} INFO - Sync 1 DAGs
[2026-05-08T19:23:24.875+0000] {logging_mixin.py:188} INFO - [2026-05-08T19:23:24.875+0000] {dag.py:3954} INFO - Setting next_dagrun for job_intelligent_pipeline to 2026-05-08 06:00:00+00:00, run_after=2026-05-09 06:00:00+00:00
[2026-05-08T19:23:24.936+0000] {processor.py:183} INFO - Processing /opt/airflow/dags/dag_job_intelligent .py took 0.285 seconds
[2026-05-08T19:23:55.195+0000] {processor.py:161} INFO - Started process (PID=3426) to work on /opt/airflow/dags/dag_job_intelligent .py
[2026-05-08T19:23:55.197+0000] {processor.py:830} INFO - Processing file /opt/airflow/dags/dag_job_intelligent .py for tasks to queue
[2026-05-08T19:23:55.199+0000] {logging_mixin.py:188} INFO - [2026-05-08T19:23:55.198+0000] {dagbag.py:545} INFO - Filling up the DagBag from /opt/airflow/dags/dag_job_intelligent .py
[2026-05-08T19:23:55.274+0000] {processor.py:840} INFO - DAG(s) 'job_intelligent_pipeline' retrieved from /opt/airflow/dags/dag_job_intelligent .py
[2026-05-08T19:23:55.377+0000] {logging_mixin.py:188} INFO - [2026-05-08T19:23:55.377+0000] {dag.py:3096} INFO - Sync 1 DAGs
[2026-05-08T19:23:55.434+0000] {logging_mixin.py:188} INFO - [2026-05-08T19:23:55.434+0000] {dag.py:3954} INFO - Setting next_dagrun for job_intelligent_pipeline to 2026-05-08 06:00:00+00:00, run_after=2026-05-09 06:00:00+00:00
[2026-05-08T19:23:55.522+0000] {processor.py:183} INFO - Processing /opt/airflow/dags/dag_job_intelligent .py took 0.347 seconds
[2026-05-08T19:24:26.327+0000] {processor.py:161} INFO - Started process (PID=3439) to work on /opt/airflow/dags/dag_job_intelligent .py
[2026-05-08T19:24:26.329+0000] {processor.py:830} INFO - Processing file /opt/airflow/dags/dag_job_intelligent .py for tasks to queue
[2026-05-08T19:24:26.331+0000] {logging_mixin.py:188} INFO - [2026-05-08T19:24:26.330+0000] {dagbag.py:545} INFO - Filling up the DagBag from /opt/airflow/dags/dag_job_intelligent .py
[2026-05-08T19:24:26.376+0000] {processor.py:840} INFO - DAG(s) 'job_intelligent_pipeline' retrieved from /opt/airflow/dags/dag_job_intelligent .py
[2026-05-08T19:24:26.458+0000] {logging_mixin.py:188} INFO - [2026-05-08T19:24:26.457+0000] {dag.py:3096} INFO - Sync 1 DAGs
[2026-05-08T19:24:26.535+0000] {logging_mixin.py:188} INFO - [2026-05-08T19:24:26.535+0000] {dag.py:3954} INFO - Setting next_dagrun for job_intelligent_pipeline to 2026-05-08 06:00:00+00:00, run_after=2026-05-09 06:00:00+00:00
[2026-05-08T19:24:26.622+0000] {processor.py:183} INFO - Processing /opt/airflow/dags/dag_job_intelligent .py took 0.307 seconds
[2026-05-08T19:24:56.922+0000] {processor.py:161} INFO - Started process (PID=3453) to work on /opt/airflow/dags/dag_job_intelligent .py
[2026-05-08T19:24:56.928+0000] {processor.py:830} INFO - Processing file /opt/airflow/dags/dag_job_intelligent .py for tasks to queue
[2026-05-08T19:24:56.937+0000] {logging_mixin.py:188} INFO - [2026-05-08T19:24:56.930+0000] {dagbag.py:545} INFO - Filling up the DagBag from /opt/airflow/dags/dag_job_intelligent .py
[2026-05-08T19:24:57.001+0000] {processor.py:840} INFO - DAG(s) 'job_intelligent_pipeline' retrieved from /opt/airflow/dags/dag_job_intelligent .py
[2026-05-08T19:24:57.119+0000] {logging_mixin.py:188} INFO - [2026-05-08T19:24:57.119+0000] {dag.py:3096} INFO - Sync 1 DAGs
[2026-05-08T19:24:57.236+0000] {logging_mixin.py:188} INFO - [2026-05-08T19:24:57.235+0000] {dag.py:3954} INFO - Setting next_dagrun for job_intelligent_pipeline to 2026-05-08 06:00:00+00:00, run_after=2026-05-09 06:00:00+00:00
[2026-05-08T19:24:57.334+0000] {processor.py:183} INFO - Processing /opt/airflow/dags/dag_job_intelligent .py took 0.446 seconds
[2026-05-08T19:25:27.991+0000] {processor.py:161} INFO - Started process (PID=3461) to work on /opt/airflow/dags/dag_job_intelligent .py
[2026-05-08T19:25:28.005+0000] {processor.py:830} INFO - Processing file /opt/airflow/dags/dag_job_intelligent .py for tasks to queue
[2026-05-08T19:25:28.008+0000] {logging_mixin.py:188} INFO - [2026-05-08T19:25:28.007+0000] {dagbag.py:545} INFO - Filling up the DagBag from /opt/airflow/dags/dag_job_intelligent .py
[2026-05-08T19:25:28.090+0000] {processor.py:840} INFO - DAG(s) 'job_intelligent_pipeline' retrieved from /opt/airflow/dags/dag_job_intelligent .py
[2026-05-08T19:25:28.191+0000] {logging_mixin.py:188} INFO - [2026-05-08T19:25:28.190+0000] {dag.py:3096} INFO - Sync 1 DAGs
[2026-05-08T19:25:28.247+0000] {logging_mixin.py:188} INFO - [2026-05-08T19:25:28.243+0000] {dag.py:3954} INFO - Setting next_dagrun for job_intelligent_pipeline to 2026-05-08 06:00:00+00:00, run_after=2026-05-09 06:00:00+00:00
[2026-05-08T19:25:28.307+0000] {processor.py:183} INFO - Processing /opt/airflow/dags/dag_job_intelligent .py took 0.332 seconds
[2026-05-08T19:25:58.797+0000] {processor.py:161} INFO - Started process (PID=3475) to work on /opt/airflow/dags/dag_job_intelligent .py
[2026-05-08T19:25:58.799+0000] {processor.py:830} INFO - Processing file /opt/airflow/dags/dag_job_intelligent .py for tasks to queue
[2026-05-08T19:25:58.800+0000] {logging_mixin.py:188} INFO - [2026-05-08T19:25:58.800+0000] {dagbag.py:545} INFO - Filling up the DagBag from /opt/airflow/dags/dag_job_intelligent .py
[2026-05-08T19:25:58.851+0000] {processor.py:840} INFO - DAG(s) 'job_intelligent_pipeline' retrieved from /opt/airflow/dags/dag_job_intelligent .py
[2026-05-08T19:25:58.932+0000] {logging_mixin.py:188} INFO - [2026-05-08T19:25:58.931+0000] {dag.py:3096} INFO - Sync 1 DAGs
[2026-05-08T19:25:58.981+0000] {logging_mixin.py:188} INFO - [2026-05-08T19:25:58.981+0000] {dag.py:3954} INFO - Setting next_dagrun for job_intelligent_pipeline to 2026-05-08 06:00:00+00:00, run_after=2026-05-09 06:00:00+00:00
[2026-05-08T19:25:59.069+0000] {processor.py:183} INFO - Processing /opt/airflow/dags/dag_job_intelligent .py took 0.284 seconds
[2026-05-08T19:26:29.490+0000] {processor.py:161} INFO - Started process (PID=3482) to work on /opt/airflow/dags/dag_job_intelligent .py
[2026-05-08T19:26:29.492+0000] {processor.py:830} INFO - Processing file /opt/airflow/dags/dag_job_intelligent .py for tasks to queue
[2026-05-08T19:26:29.495+0000] {logging_mixin.py:188} INFO - [2026-05-08T19:26:29.494+0000] {dagbag.py:545} INFO - Filling up the DagBag from /opt/airflow/dags/dag_job_intelligent .py
[2026-05-08T19:26:29.604+0000] {processor.py:840} INFO - DAG(s) 'job_intelligent_pipeline' retrieved from /opt/airflow/dags/dag_job_intelligent .py
[2026-05-08T19:26:29.727+0000] {logging_mixin.py:188} INFO - [2026-05-08T19:26:29.726+0000] {dag.py:3096} INFO - Sync 1 DAGs
[2026-05-08T19:26:29.778+0000] {logging_mixin.py:188} INFO - [2026-05-08T19:26:29.777+0000] {dag.py:3954} INFO - Setting next_dagrun for job_intelligent_pipeline to 2026-05-08 06:00:00+00:00, run_after=2026-05-09 06:00:00+00:00
[2026-05-08T19:26:29.831+0000] {processor.py:183} INFO - Processing /opt/airflow/dags/dag_job_intelligent .py took 0.356 seconds
[2026-05-08T19:27:00.385+0000] {processor.py:161} INFO - Started process (PID=3495) to work on /opt/airflow/dags/dag_job_intelligent .py
[2026-05-08T19:27:00.387+0000] {processor.py:830} INFO - Processing file /opt/airflow/dags/dag_job_intelligent .py for tasks to queue
[2026-05-08T19:27:00.389+0000] {logging_mixin.py:188} INFO - [2026-05-08T19:27:00.389+0000] {dagbag.py:545} INFO - Filling up the DagBag from /opt/airflow/dags/dag_job_intelligent .py
[2026-05-08T19:27:00.439+0000] {processor.py:840} INFO - DAG(s) 'job_intelligent_pipeline' retrieved from /opt/airflow/dags/dag_job_intelligent .py
[2026-05-08T19:27:00.541+0000] {logging_mixin.py:188} INFO - [2026-05-08T19:27:00.541+0000] {dag.py:3096} INFO - Sync 1 DAGs
[2026-05-08T19:27:00.608+0000] {logging_mixin.py:188} INFO - [2026-05-08T19:27:00.608+0000] {dag.py:3954} INFO - Setting next_dagrun for job_intelligent_pipeline to 2026-05-08 06:00:00+00:00, run_after=2026-05-09 06:00:00+00:00
[2026-05-08T19:27:00.671+0000] {processor.py:183} INFO - Processing /opt/airflow/dags/dag_job_intelligent .py took 0.298 seconds
[2026-05-08T19:27:30.805+0000] {processor.py:161} INFO - Started process (PID=3503) to work on /opt/airflow/dags/dag_job_intelligent .py
[2026-05-08T19:27:30.807+0000] {processor.py:830} INFO - Processing file /opt/airflow/dags/dag_job_intelligent .py for tasks to queue
[2026-05-08T19:27:30.810+0000] {logging_mixin.py:188} INFO - [2026-05-08T19:27:30.809+0000] {dagbag.py:545} INFO - Filling up the DagBag from /opt/airflow/dags/dag_job_intelligent .py
[2026-05-08T19:27:30.931+0000] {processor.py:840} INFO - DAG(s) 'job_intelligent_pipeline' retrieved from /opt/airflow/dags/dag_job_intelligent .py
[2026-05-08T19:27:31.097+0000] {logging_mixin.py:188} INFO - [2026-05-08T19:27:31.097+0000] {dag.py:3096} INFO - Sync 1 DAGs
[2026-05-08T19:27:31.225+0000] {logging_mixin.py:188} INFO - [2026-05-08T19:27:31.224+0000] {dag.py:3954} INFO - Setting next_dagrun for job_intelligent_pipeline to 2026-05-08 06:00:00+00:00, run_after=2026-05-09 06:00:00+00:00
[2026-05-08T19:27:31.284+0000] {processor.py:183} INFO - Processing /opt/airflow/dags/dag_job_intelligent .py took 0.494 seconds
[2026-05-08T19:28:02.696+0000] {processor.py:161} INFO - Started process (PID=3519) to work on /opt/airflow/dags/dag_job_intelligent .py
[2026-05-08T19:28:02.740+0000] {processor.py:830} INFO - Processing file /opt/airflow/dags/dag_job_intelligent .py for tasks to queue
[2026-05-08T19:28:02.744+0000] {logging_mixin.py:188} INFO - [2026-05-08T19:28:02.743+0000] {dagbag.py:545} INFO - Filling up the DagBag from /opt/airflow/dags/dag_job_intelligent .py
[2026-05-08T19:28:02.896+0000] {processor.py:840} INFO - DAG(s) 'job_intelligent_pipeline' retrieved from /opt/airflow/dags/dag_job_intelligent .py
[2026-05-08T19:28:03.164+0000] {logging_mixin.py:188} INFO - [2026-05-08T19:28:03.163+0000] {dag.py:3096} INFO - Sync 1 DAGs
[2026-05-08T19:28:03.319+0000] {logging_mixin.py:188} INFO - [2026-05-08T19:28:03.317+0000] {dag.py:3954} INFO - Setting next_dagrun for job_intelligent_pipeline to 2026-05-08 06:00:00+00:00, run_after=2026-05-09 06:00:00+00:00
[2026-05-08T19:28:03.395+0000] {processor.py:183} INFO - Processing /opt/airflow/dags/dag_job_intelligent .py took 0.758 seconds
[2026-05-08T19:28:33.707+0000] {processor.py:161} INFO - Started process (PID=3526) to work on /opt/airflow/dags/dag_job_intelligent .py
[2026-05-08T19:28:33.709+0000] {processor.py:830} INFO - Processing file /opt/airflow/dags/dag_job_intelligent .py for tasks to queue
[2026-05-08T19:28:33.711+0000] {logging_mixin.py:188} INFO - [2026-05-08T19:28:33.710+0000] {dagbag.py:545} INFO - Filling up the DagBag from /opt/airflow/dags/dag_job_intelligent .py
[2026-05-08T19:28:33.773+0000] {processor.py:840} INFO - DAG(s) 'job_intelligent_pipeline' retrieved from /opt/airflow/dags/dag_job_intelligent .py
[2026-05-08T19:28:33.954+0000] {logging_mixin.py:188} INFO - [2026-05-08T19:28:33.950+0000] {dag.py:3096} INFO - Sync 1 DAGs
[2026-05-08T19:28:34.042+0000] {logging_mixin.py:188} INFO - [2026-05-08T19:28:34.042+0000] {dag.py:3954} INFO - Setting next_dagrun for job_intelligent_pipeline to 2026-05-08 06:00:00+00:00, run_after=2026-05-09 06:00:00+00:00
[2026-05-08T19:28:34.101+0000] {processor.py:183} INFO - Processing /opt/airflow/dags/dag_job_intelligent .py took 0.406 seconds
[2026-05-08T19:29:04.870+0000] {processor.py:161} INFO - Started process (PID=3540) to work on /opt/airflow/dags/dag_job_intelligent .py
[2026-05-08T19:29:04.873+0000] {processor.py:830} INFO - Processing file /opt/airflow/dags/dag_job_intelligent .py for tasks to queue
[2026-05-08T19:29:04.876+0000] {logging_mixin.py:188} INFO - [2026-05-08T19:29:04.875+0000] {dagbag.py:545} INFO - Filling up the DagBag from /opt/airflow/dags/dag_job_intelligent .py
[2026-05-08T19:29:04.943+0000] {processor.py:840} INFO - DAG(s) 'job_intelligent_pipeline' retrieved from /opt/airflow/dags/dag_job_intelligent .py
[2026-05-08T19:29:05.071+0000] {logging_mixin.py:188} INFO - [2026-05-08T19:29:05.070+0000] {dag.py:3096} INFO - Sync 1 DAGs
[2026-05-08T19:29:05.144+0000] {logging_mixin.py:188} INFO - [2026-05-08T19:29:05.144+0000] {dag.py:3954} INFO - Setting next_dagrun for job_intelligent_pipeline to 2026-05-08 06:00:00+00:00, run_after=2026-05-09 06:00:00+00:00
[2026-05-08T19:29:05.211+0000] {processor.py:183} INFO - Processing /opt/airflow/dags/dag_job_intelligent .py took 0.363 seconds
[2026-05-08T19:29:35.710+0000] {processor.py:161} INFO - Started process (PID=3548) to work on /opt/airflow/dags/dag_job_intelligent .py
[2026-05-08T19:29:35.713+0000] {processor.py:830} INFO - Processing file /opt/airflow/dags/dag_job_intelligent .py for tasks to queue
[2026-05-08T19:29:35.715+0000] {logging_mixin.py:188} INFO - [2026-05-08T19:29:35.715+0000] {dagbag.py:545} INFO - Filling up the DagBag from /opt/airflow/dags/dag_job_intelligent .py
[2026-05-08T19:29:35.817+0000] {processor.py:840} INFO - DAG(s) 'job_intelligent_pipeline' retrieved from /opt/airflow/dags/dag_job_intelligent .py
[2026-05-08T19:29:35.968+0000] {logging_mixin.py:188} INFO - [2026-05-08T19:29:35.968+0000] {dag.py:3096} INFO - Sync 1 DAGs
[2026-05-08T19:29:36.054+0000] {logging_mixin.py:188} INFO - [2026-05-08T19:29:36.053+0000] {dag.py:3954} INFO - Setting next_dagrun for job_intelligent_pipeline to 2026-05-08 06:00:00+00:00, run_after=2026-05-09 06:00:00+00:00
[2026-05-08T19:29:36.198+0000] {processor.py:183} INFO - Processing /opt/airflow/dags/dag_job_intelligent .py took 0.508 seconds
[2026-05-08T19:30:06.597+0000] {processor.py:161} INFO - Started process (PID=3562) to work on /opt/airflow/dags/dag_job_intelligent .py
[2026-05-08T19:30:06.599+0000] {processor.py:830} INFO - Processing file /opt/airflow/dags/dag_job_intelligent .py for tasks to queue
[2026-05-08T19:30:06.602+0000] {logging_mixin.py:188} INFO - [2026-05-08T19:30:06.601+0000] {dagbag.py:545} INFO - Filling up the DagBag from /opt/airflow/dags/dag_job_intelligent .py
[2026-05-08T19:30:06.691+0000] {processor.py:840} INFO - DAG(s) 'job_intelligent_pipeline' retrieved from /opt/airflow/dags/dag_job_intelligent .py
[2026-05-08T19:30:06.814+0000] {logging_mixin.py:188} INFO - [2026-05-08T19:30:06.813+0000] {dag.py:3096} INFO - Sync 1 DAGs
[2026-05-08T19:30:06.885+0000] {logging_mixin.py:188} INFO - [2026-05-08T19:30:06.884+0000] {dag.py:3954} INFO - Setting next_dagrun for job_intelligent_pipeline to 2026-05-08 06:00:00+00:00, run_after=2026-05-09 06:00:00+00:00
[2026-05-08T19:30:06.944+0000] {processor.py:183} INFO - Processing /opt/airflow/dags/dag_job_intelligent .py took 0.363 seconds
[2026-05-08T19:30:37.407+0000] {processor.py:161} INFO - Started process (PID=3570) to work on /opt/airflow/dags/dag_job_intelligent .py
[2026-05-08T19:30:37.408+0000] {processor.py:830} INFO - Processing file /opt/airflow/dags/dag_job_intelligent .py for tasks to queue
[2026-05-08T19:30:37.410+0000] {logging_mixin.py:188} INFO - [2026-05-08T19:30:37.409+0000] {dagbag.py:545} INFO - Filling up the DagBag from /opt/airflow/dags/dag_job_intelligent .py
[2026-05-08T19:30:37.477+0000] {processor.py:840} INFO - DAG(s) 'job_intelligent_pipeline' retrieved from /opt/airflow/dags/dag_job_intelligent .py
[2026-05-08T19:30:37.601+0000] {logging_mixin.py:188} INFO - [2026-05-08T19:30:37.597+0000] {dag.py:3096} INFO - Sync 1 DAGs
[2026-05-08T19:30:37.699+0000] {logging_mixin.py:188} INFO - [2026-05-08T19:30:37.698+0000] {dag.py:3954} INFO - Setting next_dagrun for job_intelligent_pipeline to 2026-05-08 06:00:00+00:00, run_after=2026-05-09 06:00:00+00:00
[2026-05-08T19:30:37.769+0000] {processor.py:183} INFO - Processing /opt/airflow/dags/dag_job_intelligent .py took 0.382 seconds
[2026-05-08T19:31:08.514+0000] {processor.py:161} INFO - Started process (PID=3583) to work on /opt/airflow/dags/dag_job_intelligent .py
[2026-05-08T19:31:08.518+0000] {processor.py:830} INFO - Processing file /opt/airflow/dags/dag_job_intelligent .py for tasks to queue
[2026-05-08T19:31:08.520+0000] {logging_mixin.py:188} INFO - [2026-05-08T19:31:08.519+0000] {dagbag.py:545} INFO - Filling up the DagBag from /opt/airflow/dags/dag_job_intelligent .py
[2026-05-08T19:31:08.632+0000] {processor.py:840} INFO - DAG(s) 'job_intelligent_pipeline' retrieved from /opt/airflow/dags/dag_job_intelligent .py
[2026-05-08T19:31:08.807+0000] {logging_mixin.py:188} INFO - [2026-05-08T19:31:08.806+0000] {dag.py:3096} INFO - Sync 1 DAGs
[2026-05-08T19:31:08.917+0000] {logging_mixin.py:188} INFO - [2026-05-08T19:31:08.916+0000] {dag.py:3954} INFO - Setting next_dagrun for job_intelligent_pipeline to 2026-05-08 06:00:00+00:00, run_after=2026-05-09 06:00:00+00:00
[2026-05-08T19:31:08.974+0000] {processor.py:183} INFO - Processing /opt/airflow/dags/dag_job_intelligent .py took 0.475 seconds
[2026-05-08T19:31:39.356+0000] {processor.py:161} INFO - Started process (PID=3591) to work on /opt/airflow/dags/dag_job_intelligent .py
[2026-05-08T19:31:39.359+0000] {processor.py:830} INFO - Processing file /opt/airflow/dags/dag_job_intelligent .py for tasks to queue
[2026-05-08T19:31:39.389+0000] {logging_mixin.py:188} INFO - [2026-05-08T19:31:39.388+0000] {dagbag.py:545} INFO - Filling up the DagBag from /opt/airflow/dags/dag_job_intelligent .py
[2026-05-08T19:31:39.604+0000] {processor.py:840} INFO - DAG(s) 'job_intelligent_pipeline' retrieved from /opt/airflow/dags/dag_job_intelligent .py
[2026-05-08T19:31:39.824+0000] {logging_mixin.py:188} INFO - [2026-05-08T19:31:39.823+0000] {dag.py:3096} INFO - Sync 1 DAGs
[2026-05-08T19:31:40.016+0000] {logging_mixin.py:188} INFO - [2026-05-08T19:31:40.016+0000] {dag.py:3954} INFO - Setting next_dagrun for job_intelligent_pipeline to 2026-05-08 06:00:00+00:00, run_after=2026-05-09 06:00:00+00:00
[2026-05-08T19:31:40.214+0000] {processor.py:183} INFO - Processing /opt/airflow/dags/dag_job_intelligent .py took 0.934 seconds
[2026-05-08T19:32:10.642+0000] {processor.py:161} INFO - Started process (PID=3606) to work on /opt/airflow/dags/dag_job_intelligent .py
[2026-05-08T19:32:10.644+0000] {processor.py:830} INFO - Processing file /opt/airflow/dags/dag_job_intelligent .py for tasks to queue
[2026-05-08T19:32:10.646+0000] {logging_mixin.py:188} INFO - [2026-05-08T19:32:10.645+0000] {dagbag.py:545} INFO - Filling up the DagBag from /opt/airflow/dags/dag_job_intelligent .py
[2026-05-08T19:32:10.734+0000] {processor.py:840} INFO - DAG(s) 'job_intelligent_pipeline' retrieved from /opt/airflow/dags/dag_job_intelligent .py
[2026-05-08T19:32:10.961+0000] {logging_mixin.py:188} INFO - [2026-05-08T19:32:10.960+0000] {dag.py:3096} INFO - Sync 1 DAGs
[2026-05-08T19:32:11.058+0000] {logging_mixin.py:188} INFO - [2026-05-08T19:32:11.057+0000] {dag.py:3954} INFO - Setting next_dagrun for job_intelligent_pipeline to 2026-05-08 06:00:00+00:00, run_after=2026-05-09 06:00:00+00:00
[2026-05-08T19:32:11.130+0000] {processor.py:183} INFO - Processing /opt/airflow/dags/dag_job_intelligent .py took 0.502 seconds
[2026-05-08T19:32:41.955+0000] {processor.py:161} INFO - Started process (PID=3614) to work on /opt/airflow/dags/dag_job_intelligent .py
[2026-05-08T19:32:41.986+0000] {processor.py:830} INFO - Processing file /opt/airflow/dags/dag_job_intelligent .py for tasks to queue
[2026-05-08T19:32:41.990+0000] {logging_mixin.py:188} INFO - [2026-05-08T19:32:41.989+0000] {dagbag.py:545} INFO - Filling up the DagBag from /opt/airflow/dags/dag_job_intelligent .py
[2026-05-08T19:32:42.609+0000] {processor.py:840} INFO - DAG(s) 'job_intelligent_pipeline' retrieved from /opt/airflow/dags/dag_job_intelligent .py
[2026-05-08T19:32:43.286+0000] {logging_mixin.py:188} INFO - [2026-05-08T19:32:43.286+0000] {dag.py:3096} INFO - Sync 1 DAGs
[2026-05-08T19:32:43.528+0000] {logging_mixin.py:188} INFO - [2026-05-08T19:32:43.527+0000] {dag.py:3954} INFO - Setting next_dagrun for job_intelligent_pipeline to 2026-05-08 06:00:00+00:00, run_after=2026-05-09 06:00:00+00:00
[2026-05-08T19:32:43.724+0000] {processor.py:183} INFO - Processing /opt/airflow/dags/dag_job_intelligent .py took 1.880 seconds
[2026-05-08T19:33:14.002+0000] {processor.py:161} INFO - Started process (PID=3628) to work on /opt/airflow/dags/dag_job_intelligent .py
[2026-05-08T19:33:14.007+0000] {processor.py:830} INFO - Processing file /opt/airflow/dags/dag_job_intelligent .py for tasks to queue
[2026-05-08T19:33:14.015+0000] {logging_mixin.py:188} INFO - [2026-05-08T19:33:14.014+0000] {dagbag.py:545} INFO - Filling up the DagBag from /opt/airflow/dags/dag_job_intelligent .py
[2026-05-08T19:33:14.109+0000] {processor.py:840} INFO - DAG(s) 'job_intelligent_pipeline' retrieved from /opt/airflow/dags/dag_job_intelligent .py
[2026-05-08T19:33:14.188+0000] {logging_mixin.py:188} INFO - [2026-05-08T19:33:14.187+0000] {dag.py:3096} INFO - Sync 1 DAGs
[2026-05-08T19:33:14.246+0000] {logging_mixin.py:188} INFO - [2026-05-08T19:33:14.245+0000] {dag.py:3954} INFO - Setting next_dagrun for job_intelligent_pipeline to 2026-05-08 06:00:00+00:00, run_after=2026-05-09 06:00:00+00:00
[2026-05-08T19:33:14.297+0000] {processor.py:183} INFO - Processing /opt/airflow/dags/dag_job_intelligent .py took 0.318 seconds
[2026-05-08T19:33:45.274+0000] {processor.py:161} INFO - Started process (PID=3643) to work on /opt/airflow/dags/dag_job_intelligent .py
[2026-05-08T19:33:45.298+0000] {processor.py:830} INFO - Processing file /opt/airflow/dags/dag_job_intelligent .py for tasks to queue
[2026-05-08T19:33:45.354+0000] {logging_mixin.py:188} INFO - [2026-05-08T19:33:45.353+0000] {dagbag.py:545} INFO - Filling up the DagBag from /opt/airflow/dags/dag_job_intelligent .py
[2026-05-08T19:33:45.559+0000] {processor.py:840} INFO - DAG(s) 'job_intelligent_pipeline' retrieved from /opt/airflow/dags/dag_job_intelligent .py
[2026-05-08T19:33:45.938+0000] {logging_mixin.py:188} INFO - [2026-05-08T19:33:45.938+0000] {dag.py:3096} INFO - Sync 1 DAGs
[2026-05-08T19:33:46.039+0000] {logging_mixin.py:188} INFO - [2026-05-08T19:33:46.039+0000] {dag.py:3954} INFO - Setting next_dagrun for job_intelligent_pipeline to 2026-05-08 06:00:00+00:00, run_after=2026-05-09 06:00:00+00:00
[2026-05-08T19:33:46.255+0000] {processor.py:183} INFO - Processing /opt/airflow/dags/dag_job_intelligent .py took 1.049 seconds
[2026-05-08T19:34:17.466+0000] {processor.py:161} INFO - Started process (PID=3650) to work on /opt/airflow/dags/dag_job_intelligent .py
[2026-05-08T19:34:17.494+0000] {processor.py:830} INFO - Processing file /opt/airflow/dags/dag_job_intelligent .py for tasks to queue
[2026-05-08T19:34:17.512+0000] {logging_mixin.py:188} INFO - [2026-05-08T19:34:17.511+0000] {dagbag.py:545} INFO - Filling up the DagBag from /opt/airflow/dags/dag_job_intelligent .py
[2026-05-08T19:34:17.688+0000] {processor.py:840} INFO - DAG(s) 'job_intelligent_pipeline' retrieved from /opt/airflow/dags/dag_job_intelligent .py
[2026-05-08T19:34:17.979+0000] {logging_mixin.py:188} INFO - [2026-05-08T19:34:17.978+0000] {dag.py:3096} INFO - Sync 1 DAGs
[2026-05-08T19:34:18.135+0000] {logging_mixin.py:188} INFO - [2026-05-08T19:34:18.134+0000] {dag.py:3954} INFO - Setting next_dagrun for job_intelligent_pipeline to 2026-05-08 06:00:00+00:00, run_after=2026-05-09 06:00:00+00:00
[2026-05-08T19:34:18.277+0000] {processor.py:183} INFO - Processing /opt/airflow/dags/dag_job_intelligent .py took 0.839 seconds
[2026-05-08T19:34:48.792+0000] {processor.py:161} INFO - Started process (PID=3664) to work on /opt/airflow/dags/dag_job_intelligent .py
[2026-05-08T19:34:48.799+0000] {processor.py:830} INFO - Processing file /opt/airflow/dags/dag_job_intelligent .py for tasks to queue
[2026-05-08T19:34:48.806+0000] {logging_mixin.py:188} INFO - [2026-05-08T19:34:48.805+0000] {dagbag.py:545} INFO - Filling up the DagBag from /opt/airflow/dags/dag_job_intelligent .py
[2026-05-08T19:34:48.900+0000] {processor.py:840} INFO - DAG(s) 'job_intelligent_pipeline' retrieved from /opt/airflow/dags/dag_job_intelligent .py
[2026-05-08T19:34:49.029+0000] {logging_mixin.py:188} INFO - [2026-05-08T19:34:49.029+0000] {dag.py:3096} INFO - Sync 1 DAGs
[2026-05-08T19:34:49.166+0000] {logging_mixin.py:188} INFO - [2026-05-08T19:34:49.166+0000] {dag.py:3954} INFO - Setting next_dagrun for job_intelligent_pipeline to 2026-05-08 06:00:00+00:00, run_after=2026-05-09 06:00:00+00:00
[2026-05-08T19:34:49.213+0000] {processor.py:183} INFO - Processing /opt/airflow/dags/dag_job_intelligent .py took 0.479 seconds
[2026-05-08T19:35:19.599+0000] {processor.py:161} INFO - Started process (PID=3673) to work on /opt/airflow/dags/dag_job_intelligent .py
[2026-05-08T19:35:19.610+0000] {processor.py:830} INFO - Processing file /opt/airflow/dags/dag_job_intelligent .py for tasks to queue
[2026-05-08T19:35:19.613+0000] {logging_mixin.py:188} INFO - [2026-05-08T19:35:19.612+0000] {dagbag.py:545} INFO - Filling up the DagBag from /opt/airflow/dags/dag_job_intelligent .py
[2026-05-08T19:35:19.709+0000] {processor.py:840} INFO - DAG(s) 'job_intelligent_pipeline' retrieved from /opt/airflow/dags/dag_job_intelligent .py
[2026-05-08T19:35:19.807+0000] {logging_mixin.py:188} INFO - [2026-05-08T19:35:19.806+0000] {dag.py:3096} INFO - Sync 1 DAGs
[2026-05-08T19:35:19.848+0000] {logging_mixin.py:188} INFO - [2026-05-08T19:35:19.848+0000] {dag.py:3954} INFO - Setting next_dagrun for job_intelligent_pipeline to 2026-05-08 06:00:00+00:00, run_after=2026-05-09 06:00:00+00:00
[2026-05-08T19:35:19.896+0000] {processor.py:183} INFO - Processing /opt/airflow/dags/dag_job_intelligent .py took 0.327 seconds
[2026-05-08T19:35:50.242+0000] {processor.py:161} INFO - Started process (PID=3687) to work on /opt/airflow/dags/dag_job_intelligent .py
[2026-05-08T19:35:50.246+0000] {processor.py:830} INFO - Processing file /opt/airflow/dags/dag_job_intelligent .py for tasks to queue
[2026-05-08T19:35:50.249+0000] {logging_mixin.py:188} INFO - [2026-05-08T19:35:50.248+0000] {dagbag.py:545} INFO - Filling up the DagBag from /opt/airflow/dags/dag_job_intelligent .py
[2026-05-08T19:35:50.352+0000] {processor.py:840} INFO - DAG(s) 'job_intelligent_pipeline' retrieved from /opt/airflow/dags/dag_job_intelligent .py
[2026-05-08T19:35:50.431+0000] {logging_mixin.py:188} INFO - [2026-05-08T19:35:50.431+0000] {dag.py:3096} INFO - Sync 1 DAGs
[2026-05-08T19:35:50.488+0000] {logging_mixin.py:188} INFO - [2026-05-08T19:35:50.487+0000] {dag.py:3954} INFO - Setting next_dagrun for job_intelligent_pipeline to 2026-05-08 06:00:00+00:00, run_after=2026-05-09 06:00:00+00:00
[2026-05-08T19:35:50.532+0000] {processor.py:183} INFO - Processing /opt/airflow/dags/dag_job_intelligent .py took 0.309 seconds
[2026-05-08T19:36:21.392+0000] {processor.py:161} INFO - Started process (PID=3696) to work on /opt/airflow/dags/dag_job_intelligent .py
[2026-05-08T19:36:21.397+0000] {processor.py:830} INFO - Processing file /opt/airflow/dags/dag_job_intelligent .py for tasks to queue
[2026-05-08T19:36:21.400+0000] {logging_mixin.py:188} INFO - [2026-05-08T19:36:21.399+0000] {dagbag.py:545} INFO - Filling up the DagBag from /opt/airflow/dags/dag_job_intelligent .py
[2026-05-08T19:36:21.466+0000] {processor.py:840} INFO - DAG(s) 'job_intelligent_pipeline' retrieved from /opt/airflow/dags/dag_job_intelligent .py
[2026-05-08T19:36:21.620+0000] {logging_mixin.py:188} INFO - [2026-05-08T19:36:21.618+0000] {dag.py:3096} INFO - Sync 1 DAGs
[2026-05-08T19:36:21.765+0000] {logging_mixin.py:188} INFO - [2026-05-08T19:36:21.764+0000] {dag.py:3954} INFO - Setting next_dagrun for job_intelligent_pipeline to 2026-05-08 06:00:00+00:00, run_after=2026-05-09 06:00:00+00:00
[2026-05-08T19:36:21.913+0000] {processor.py:183} INFO - Processing /opt/airflow/dags/dag_job_intelligent .py took 0.550 seconds
[2026-05-08T19:36:53.097+0000] {processor.py:161} INFO - Started process (PID=3710) to work on /opt/airflow/dags/dag_job_intelligent .py
[2026-05-08T19:36:53.099+0000] {processor.py:830} INFO - Processing file /opt/airflow/dags/dag_job_intelligent .py for tasks to queue
[2026-05-08T19:36:53.102+0000] {logging_mixin.py:188} INFO - [2026-05-08T19:36:53.101+0000] {dagbag.py:545} INFO - Filling up the DagBag from /opt/airflow/dags/dag_job_intelligent .py
[2026-05-08T19:36:53.486+0000] {processor.py:840} INFO - DAG(s) 'job_intelligent_pipeline' retrieved from /opt/airflow/dags/dag_job_intelligent .py
[2026-05-08T19:36:53.734+0000] {logging_mixin.py:188} INFO - [2026-05-08T19:36:53.733+0000] {dag.py:3096} INFO - Sync 1 DAGs
[2026-05-08T19:36:53.946+0000] {logging_mixin.py:188} INFO - [2026-05-08T19:36:53.934+0000] {dag.py:3954} INFO - Setting next_dagrun for job_intelligent_pipeline to 2026-05-08 06:00:00+00:00, run_after=2026-05-09 06:00:00+00:00
[2026-05-08T19:36:54.067+0000] {processor.py:183} INFO - Processing /opt/airflow/dags/dag_job_intelligent .py took 1.028 seconds
[2026-05-08T19:37:24.543+0000] {processor.py:161} INFO - Started process (PID=3718) to work on /opt/airflow/dags/dag_job_intelligent .py
[2026-05-08T19:37:24.550+0000] {processor.py:830} INFO - Processing file /opt/airflow/dags/dag_job_intelligent .py for tasks to queue
[2026-05-08T19:37:24.554+0000] {logging_mixin.py:188} INFO - [2026-05-08T19:37:24.553+0000] {dagbag.py:545} INFO - Filling up the DagBag from /opt/airflow/dags/dag_job_intelligent .py
[2026-05-08T19:37:24.635+0000] {processor.py:840} INFO - DAG(s) 'job_intelligent_pipeline' retrieved from /opt/airflow/dags/dag_job_intelligent .py
[2026-05-08T19:37:24.751+0000] {logging_mixin.py:188} INFO - [2026-05-08T19:37:24.750+0000] {dag.py:3096} INFO - Sync 1 DAGs
[2026-05-08T19:37:24.856+0000] {logging_mixin.py:188} INFO - [2026-05-08T19:37:24.856+0000] {dag.py:3954} INFO - Setting next_dagrun for job_intelligent_pipeline to 2026-05-08 06:00:00+00:00, run_after=2026-05-09 06:00:00+00:00
[2026-05-08T19:37:24.938+0000] {processor.py:183} INFO - Processing /opt/airflow/dags/dag_job_intelligent .py took 0.415 seconds
[2026-05-08T19:37:55.213+0000] {processor.py:161} INFO - Started process (PID=3733) to work on /opt/airflow/dags/dag_job_intelligent .py
[2026-05-08T19:37:55.215+0000] {processor.py:830} INFO - Processing file /opt/airflow/dags/dag_job_intelligent .py for tasks to queue
[2026-05-08T19:37:55.217+0000] {logging_mixin.py:188} INFO - [2026-05-08T19:37:55.216+0000] {dagbag.py:545} INFO - Filling up the DagBag from /opt/airflow/dags/dag_job_intelligent .py
[2026-05-08T19:37:55.272+0000] {processor.py:840} INFO - DAG(s) 'job_intelligent_pipeline' retrieved from /opt/airflow/dags/dag_job_intelligent .py
[2026-05-08T19:37:55.350+0000] {logging_mixin.py:188} INFO - [2026-05-08T19:37:55.350+0000] {dag.py:3096} INFO - Sync 1 DAGs
[2026-05-08T19:37:55.410+0000] {logging_mixin.py:188} INFO - [2026-05-08T19:37:55.410+0000] {dag.py:3954} INFO - Setting next_dagrun for job_intelligent_pipeline to 2026-05-08 06:00:00+00:00, run_after=2026-05-09 06:00:00+00:00
[2026-05-08T19:37:55.461+0000] {processor.py:183} INFO - Processing /opt/airflow/dags/dag_job_intelligent .py took 0.267 seconds
[2026-05-08T19:38:25.827+0000] {processor.py:161} INFO - Started process (PID=3741) to work on /opt/airflow/dags/dag_job_intelligent .py
[2026-05-08T19:38:25.829+0000] {processor.py:830} INFO - Processing file /opt/airflow/dags/dag_job_intelligent .py for tasks to queue
[2026-05-08T19:38:25.832+0000] {logging_mixin.py:188} INFO - [2026-05-08T19:38:25.831+0000] {dagbag.py:545} INFO - Filling up the DagBag from /opt/airflow/dags/dag_job_intelligent .py
[2026-05-08T19:38:25.898+0000] {processor.py:840} INFO - DAG(s) 'job_intelligent_pipeline' retrieved from /opt/airflow/dags/dag_job_intelligent .py
[2026-05-08T19:38:26.045+0000] {logging_mixin.py:188} INFO - [2026-05-08T19:38:26.044+0000] {dag.py:3096} INFO - Sync 1 DAGs
[2026-05-08T19:38:26.183+0000] {logging_mixin.py:188} INFO - [2026-05-08T19:38:26.182+0000] {dag.py:3954} INFO - Setting next_dagrun for job_intelligent_pipeline to 2026-05-08 06:00:00+00:00, run_after=2026-05-09 06:00:00+00:00
[2026-05-08T19:38:26.269+0000] {processor.py:183} INFO - Processing /opt/airflow/dags/dag_job_intelligent .py took 0.472 seconds
[2026-05-08T19:38:57.010+0000] {processor.py:161} INFO - Started process (PID=3757) to work on /opt/airflow/dags/dag_job_intelligent .py
[2026-05-08T19:38:57.013+0000] {processor.py:830} INFO - Processing file /opt/airflow/dags/dag_job_intelligent .py for tasks to queue
[2026-05-08T19:38:57.015+0000] {logging_mixin.py:188} INFO - [2026-05-08T19:38:57.014+0000] {dagbag.py:545} INFO - Filling up the DagBag from /opt/airflow/dags/dag_job_intelligent .py
[2026-05-08T19:38:57.081+0000] {processor.py:840} INFO - DAG(s) 'job_intelligent_pipeline' retrieved from /opt/airflow/dags/dag_job_intelligent .py
[2026-05-08T19:38:57.218+0000] {logging_mixin.py:188} INFO - [2026-05-08T19:38:57.218+0000] {dag.py:3096} INFO - Sync 1 DAGs
[2026-05-08T19:38:57.284+0000] {logging_mixin.py:188} INFO - [2026-05-08T19:38:57.284+0000] {dag.py:3954} INFO - Setting next_dagrun for job_intelligent_pipeline to 2026-05-08 06:00:00+00:00, run_after=2026-05-09 06:00:00+00:00
[2026-05-08T19:38:57.330+0000] {processor.py:183} INFO - Processing /opt/airflow/dags/dag_job_intelligent .py took 0.335 seconds
[2026-05-08T19:39:27.504+0000] {processor.py:161} INFO - Started process (PID=3765) to work on /opt/airflow/dags/dag_job_intelligent .py
[2026-05-08T19:39:27.506+0000] {processor.py:830} INFO - Processing file /opt/airflow/dags/dag_job_intelligent .py for tasks to queue
[2026-05-08T19:39:27.510+0000] {logging_mixin.py:188} INFO - [2026-05-08T19:39:27.510+0000] {dagbag.py:545} INFO - Filling up the DagBag from /opt/airflow/dags/dag_job_intelligent .py
[2026-05-08T19:39:27.570+0000] {processor.py:840} INFO - DAG(s) 'job_intelligent_pipeline' retrieved from /opt/airflow/dags/dag_job_intelligent .py
[2026-05-08T19:39:27.676+0000] {logging_mixin.py:188} INFO - [2026-05-08T19:39:27.675+0000] {dag.py:3096} INFO - Sync 1 DAGs
[2026-05-08T19:39:27.734+0000] {logging_mixin.py:188} INFO - [2026-05-08T19:39:27.734+0000] {dag.py:3954} INFO - Setting next_dagrun for job_intelligent_pipeline to 2026-05-08 06:00:00+00:00, run_after=2026-05-09 06:00:00+00:00
[2026-05-08T19:39:27.779+0000] {processor.py:183} INFO - Processing /opt/airflow/dags/dag_job_intelligent .py took 0.297 seconds
[2026-05-08T19:39:57.950+0000] {processor.py:161} INFO - Started process (PID=3779) to work on /opt/airflow/dags/dag_job_intelligent .py
[2026-05-08T19:39:57.952+0000] {processor.py:830} INFO - Processing file /opt/airflow/dags/dag_job_intelligent .py for tasks to queue
[2026-05-08T19:39:57.954+0000] {logging_mixin.py:188} INFO - [2026-05-08T19:39:57.953+0000] {dagbag.py:545} INFO - Filling up the DagBag from /opt/airflow/dags/dag_job_intelligent .py
[2026-05-08T19:39:58.022+0000] {processor.py:840} INFO - DAG(s) 'job_intelligent_pipeline' retrieved from /opt/airflow/dags/dag_job_intelligent .py
[2026-05-08T19:39:58.126+0000] {logging_mixin.py:188} INFO - [2026-05-08T19:39:58.126+0000] {dag.py:3096} INFO - Sync 1 DAGs
[2026-05-08T19:39:58.186+0000] {logging_mixin.py:188} INFO - [2026-05-08T19:39:58.185+0000] {dag.py:3954} INFO - Setting next_dagrun for job_intelligent_pipeline to 2026-05-08 06:00:00+00:00, run_after=2026-05-09 06:00:00+00:00
[2026-05-08T19:39:58.252+0000] {processor.py:183} INFO - Processing /opt/airflow/dags/dag_job_intelligent .py took 0.314 seconds
[2026-05-08T19:40:28.878+0000] {processor.py:161} INFO - Started process (PID=3787) to work on /opt/airflow/dags/dag_job_intelligent .py
[2026-05-08T19:40:28.890+0000] {processor.py:830} INFO - Processing file /opt/airflow/dags/dag_job_intelligent .py for tasks to queue
[2026-05-08T19:40:28.893+0000] {logging_mixin.py:188} INFO - [2026-05-08T19:40:28.892+0000] {dagbag.py:545} INFO - Filling up the DagBag from /opt/airflow/dags/dag_job_intelligent .py
[2026-05-08T19:40:29.140+0000] {processor.py:840} INFO - DAG(s) 'job_intelligent_pipeline' retrieved from /opt/airflow/dags/dag_job_intelligent .py
[2026-05-08T19:40:29.305+0000] {logging_mixin.py:188} INFO - [2026-05-08T19:40:29.304+0000] {dag.py:3096} INFO - Sync 1 DAGs
[2026-05-08T19:40:29.418+0000] {logging_mixin.py:188} INFO - [2026-05-08T19:40:29.417+0000] {dag.py:3954} INFO - Setting next_dagrun for job_intelligent_pipeline to 2026-05-08 06:00:00+00:00, run_after=2026-05-09 06:00:00+00:00
[2026-05-08T19:40:29.554+0000] {processor.py:183} INFO - Processing /opt/airflow/dags/dag_job_intelligent .py took 0.711 seconds
[2026-05-08T19:41:00.154+0000] {processor.py:161} INFO - Started process (PID=3802) to work on /opt/airflow/dags/dag_job_intelligent .py
[2026-05-08T19:41:00.158+0000] {processor.py:830} INFO - Processing file /opt/airflow/dags/dag_job_intelligent .py for tasks to queue
[2026-05-08T19:41:00.161+0000] {logging_mixin.py:188} INFO - [2026-05-08T19:41:00.160+0000] {dagbag.py:545} INFO - Filling up the DagBag from /opt/airflow/dags/dag_job_intelligent .py
[2026-05-08T19:41:00.235+0000] {processor.py:840} INFO - DAG(s) 'job_intelligent_pipeline' retrieved from /opt/airflow/dags/dag_job_intelligent .py
[2026-05-08T19:41:00.357+0000] {logging_mixin.py:188} INFO - [2026-05-08T19:41:00.357+0000] {dag.py:3096} INFO - Sync 1 DAGs
[2026-05-08T19:41:00.453+0000] {logging_mixin.py:188} INFO - [2026-05-08T19:41:00.452+0000] {dag.py:3954} INFO - Setting next_dagrun for job_intelligent_pipeline to 2026-05-08 06:00:00+00:00, run_after=2026-05-09 06:00:00+00:00
[2026-05-08T19:41:00.511+0000] {processor.py:183} INFO - Processing /opt/airflow/dags/dag_job_intelligent .py took 0.382 seconds
[2026-05-08T19:41:30.840+0000] {processor.py:161} INFO - Started process (PID=3815) to work on /opt/airflow/dags/dag_job_intelligent .py
[2026-05-08T19:41:30.842+0000] {processor.py:830} INFO - Processing file /opt/airflow/dags/dag_job_intelligent .py for tasks to queue
[2026-05-08T19:41:30.844+0000] {logging_mixin.py:188} INFO - [2026-05-08T19:41:30.843+0000] {dagbag.py:545} INFO - Filling up the DagBag from /opt/airflow/dags/dag_job_intelligent .py
[2026-05-08T19:41:30.913+0000] {processor.py:840} INFO - DAG(s) 'job_intelligent_pipeline' retrieved from /opt/airflow/dags/dag_job_intelligent .py
[2026-05-08T19:41:31.042+0000] {logging_mixin.py:188} INFO - [2026-05-08T19:41:31.041+0000] {dag.py:3096} INFO - Sync 1 DAGs
[2026-05-08T19:41:31.099+0000] {logging_mixin.py:188} INFO - [2026-05-08T19:41:31.098+0000] {dag.py:3954} INFO - Setting next_dagrun for job_intelligent_pipeline to 2026-05-08 06:00:00+00:00, run_after=2026-05-09 06:00:00+00:00
[2026-05-08T19:41:31.193+0000] {processor.py:183} INFO - Processing /opt/airflow/dags/dag_job_intelligent .py took 0.368 seconds
[2026-05-08T19:42:01.733+0000] {processor.py:161} INFO - Started process (PID=3823) to work on /opt/airflow/dags/dag_job_intelligent .py
[2026-05-08T19:42:01.736+0000] {processor.py:830} INFO - Processing file /opt/airflow/dags/dag_job_intelligent .py for tasks to queue
[2026-05-08T19:42:01.738+0000] {logging_mixin.py:188} INFO - [2026-05-08T19:42:01.737+0000] {dagbag.py:545} INFO - Filling up the DagBag from /opt/airflow/dags/dag_job_intelligent .py
[2026-05-08T19:42:01.863+0000] {processor.py:840} INFO - DAG(s) 'job_intelligent_pipeline' retrieved from /opt/airflow/dags/dag_job_intelligent .py
[2026-05-08T19:42:02.017+0000] {logging_mixin.py:188} INFO - [2026-05-08T19:42:02.016+0000] {dag.py:3096} INFO - Sync 1 DAGs
[2026-05-08T19:42:02.219+0000] {logging_mixin.py:188} INFO - [2026-05-08T19:42:02.219+0000] {dag.py:3954} INFO - Setting next_dagrun for job_intelligent_pipeline to 2026-05-08 06:00:00+00:00, run_after=2026-05-09 06:00:00+00:00
[2026-05-08T19:42:02.406+0000] {processor.py:183} INFO - Processing /opt/airflow/dags/dag_job_intelligent .py took 0.703 seconds
[2026-05-08T19:42:32.786+0000] {processor.py:161} INFO - Started process (PID=3838) to work on /opt/airflow/dags/dag_job_intelligent .py
[2026-05-08T19:42:32.789+0000] {processor.py:830} INFO - Processing file /opt/airflow/dags/dag_job_intelligent .py for tasks to queue
[2026-05-08T19:42:32.794+0000] {logging_mixin.py:188} INFO - [2026-05-08T19:42:32.793+0000] {dagbag.py:545} INFO - Filling up the DagBag from /opt/airflow/dags/dag_job_intelligent .py
[2026-05-08T19:42:32.954+0000] {processor.py:840} INFO - DAG(s) 'job_intelligent_pipeline' retrieved from /opt/airflow/dags/dag_job_intelligent .py
[2026-05-08T19:42:33.224+0000] {logging_mixin.py:188} INFO - [2026-05-08T19:42:33.211+0000] {dag.py:3096} INFO - Sync 1 DAGs
[2026-05-08T19:42:33.465+0000] {logging_mixin.py:188} INFO - [2026-05-08T19:42:33.464+0000] {dag.py:3954} INFO - Setting next_dagrun for job_intelligent_pipeline to 2026-05-08 06:00:00+00:00, run_after=2026-05-09 06:00:00+00:00
[2026-05-08T19:42:33.659+0000] {processor.py:183} INFO - Processing /opt/airflow/dags/dag_job_intelligent .py took 0.942 seconds
[2026-05-08T19:43:04.022+0000] {processor.py:161} INFO - Started process (PID=3846) to work on /opt/airflow/dags/dag_job_intelligent .py
[2026-05-08T19:43:04.027+0000] {processor.py:830} INFO - Processing file /opt/airflow/dags/dag_job_intelligent .py for tasks to queue
[2026-05-08T19:43:04.045+0000] {logging_mixin.py:188} INFO - [2026-05-08T19:43:04.043+0000] {dagbag.py:545} INFO - Filling up the DagBag from /opt/airflow/dags/dag_job_intelligent .py
[2026-05-08T19:43:04.211+0000] {processor.py:840} INFO - DAG(s) 'job_intelligent_pipeline' retrieved from /opt/airflow/dags/dag_job_intelligent .py
[2026-05-08T19:43:04.315+0000] {logging_mixin.py:188} INFO - [2026-05-08T19:43:04.314+0000] {dag.py:3096} INFO - Sync 1 DAGs
[2026-05-08T19:43:04.387+0000] {logging_mixin.py:188} INFO - [2026-05-08T19:43:04.387+0000] {dag.py:3954} INFO - Setting next_dagrun for job_intelligent_pipeline to 2026-05-08 06:00:00+00:00, run_after=2026-05-09 06:00:00+00:00
[2026-05-08T19:43:04.460+0000] {processor.py:183} INFO - Processing /opt/airflow/dags/dag_job_intelligent .py took 0.467 seconds
[2026-05-08T19:43:34.790+0000] {processor.py:161} INFO - Started process (PID=3861) to work on /opt/airflow/dags/dag_job_intelligent .py
[2026-05-08T19:43:34.794+0000] {processor.py:830} INFO - Processing file /opt/airflow/dags/dag_job_intelligent .py for tasks to queue
[2026-05-08T19:43:34.797+0000] {logging_mixin.py:188} INFO - [2026-05-08T19:43:34.796+0000] {dagbag.py:545} INFO - Filling up the DagBag from /opt/airflow/dags/dag_job_intelligent .py
[2026-05-08T19:43:34.862+0000] {processor.py:840} INFO - DAG(s) 'job_intelligent_pipeline' retrieved from /opt/airflow/dags/dag_job_intelligent .py
[2026-05-08T19:43:35.062+0000] {logging_mixin.py:188} INFO - [2026-05-08T19:43:35.057+0000] {dag.py:3096} INFO - Sync 1 DAGs
[2026-05-08T19:43:35.185+0000] {logging_mixin.py:188} INFO - [2026-05-08T19:43:35.185+0000] {dag.py:3954} INFO - Setting next_dagrun for job_intelligent_pipeline to 2026-05-08 06:00:00+00:00, run_after=2026-05-09 06:00:00+00:00
[2026-05-08T19:43:35.253+0000] {processor.py:183} INFO - Processing /opt/airflow/dags/dag_job_intelligent .py took 0.480 seconds
[2026-05-08T19:44:05.985+0000] {processor.py:161} INFO - Started process (PID=3869) to work on /opt/airflow/dags/dag_job_intelligent .py
[2026-05-08T19:44:05.988+0000] {processor.py:830} INFO - Processing file /opt/airflow/dags/dag_job_intelligent .py for tasks to queue
[2026-05-08T19:44:05.991+0000] {logging_mixin.py:188} INFO - [2026-05-08T19:44:05.990+0000] {dagbag.py:545} INFO - Filling up the DagBag from /opt/airflow/dags/dag_job_intelligent .py
[2026-05-08T19:44:06.085+0000] {processor.py:840} INFO - DAG(s) 'job_intelligent_pipeline' retrieved from /opt/airflow/dags/dag_job_intelligent .py
[2026-05-08T19:44:06.249+0000] {logging_mixin.py:188} INFO - [2026-05-08T19:44:06.249+0000] {dag.py:3096} INFO - Sync 1 DAGs
[2026-05-08T19:44:06.322+0000] {logging_mixin.py:188} INFO - [2026-05-08T19:44:06.322+0000] {dag.py:3954} INFO - Setting next_dagrun for job_intelligent_pipeline to 2026-05-08 06:00:00+00:00, run_after=2026-05-09 06:00:00+00:00
[2026-05-08T19:44:06.380+0000] {processor.py:183} INFO - Processing /opt/airflow/dags/dag_job_intelligent .py took 0.418 seconds
[2026-05-08T19:44:36.612+0000] {processor.py:161} INFO - Started process (PID=3883) to work on /opt/airflow/dags/dag_job_intelligent .py
[2026-05-08T19:44:36.619+0000] {processor.py:830} INFO - Processing file /opt/airflow/dags/dag_job_intelligent .py for tasks to queue
[2026-05-08T19:44:36.633+0000] {logging_mixin.py:188} INFO - [2026-05-08T19:44:36.632+0000] {dagbag.py:545} INFO - Filling up the DagBag from /opt/airflow/dags/dag_job_intelligent .py
[2026-05-08T19:44:36.970+0000] {processor.py:840} INFO - DAG(s) 'job_intelligent_pipeline' retrieved from /opt/airflow/dags/dag_job_intelligent .py
[2026-05-08T19:44:37.239+0000] {logging_mixin.py:188} INFO - [2026-05-08T19:44:37.234+0000] {dag.py:3096} INFO - Sync 1 DAGs
[2026-05-08T19:44:37.442+0000] {logging_mixin.py:188} INFO - [2026-05-08T19:44:37.441+0000] {dag.py:3954} INFO - Setting next_dagrun for job_intelligent_pipeline to 2026-05-08 06:00:00+00:00, run_after=2026-05-09 06:00:00+00:00
[2026-05-08T19:44:37.592+0000] {processor.py:183} INFO - Processing /opt/airflow/dags/dag_job_intelligent .py took 1.001 seconds
[2026-05-08T19:45:08.678+0000] {processor.py:161} INFO - Started process (PID=3891) to work on /opt/airflow/dags/dag_job_intelligent .py
[2026-05-08T19:45:08.681+0000] {processor.py:830} INFO - Processing file /opt/airflow/dags/dag_job_intelligent .py for tasks to queue
[2026-05-08T19:45:08.685+0000] {logging_mixin.py:188} INFO - [2026-05-08T19:45:08.683+0000] {dagbag.py:545} INFO - Filling up the DagBag from /opt/airflow/dags/dag_job_intelligent .py
[2026-05-08T19:45:08.793+0000] {processor.py:840} INFO - DAG(s) 'job_intelligent_pipeline' retrieved from /opt/airflow/dags/dag_job_intelligent .py
[2026-05-08T19:45:08.901+0000] {logging_mixin.py:188} INFO - [2026-05-08T19:45:08.900+0000] {dag.py:3096} INFO - Sync 1 DAGs
[2026-05-08T19:45:08.995+0000] {logging_mixin.py:188} INFO - [2026-05-08T19:45:08.995+0000] {dag.py:3954} INFO - Setting next_dagrun for job_intelligent_pipeline to 2026-05-08 06:00:00+00:00, run_after=2026-05-09 06:00:00+00:00
[2026-05-08T19:45:09.055+0000] {processor.py:183} INFO - Processing /opt/airflow/dags/dag_job_intelligent .py took 0.400 seconds
[2026-05-08T19:45:39.252+0000] {processor.py:161} INFO - Started process (PID=3905) to work on /opt/airflow/dags/dag_job_intelligent .py
[2026-05-08T19:45:39.254+0000] {processor.py:830} INFO - Processing file /opt/airflow/dags/dag_job_intelligent .py for tasks to queue
[2026-05-08T19:45:39.256+0000] {logging_mixin.py:188} INFO - [2026-05-08T19:45:39.255+0000] {dagbag.py:545} INFO - Filling up the DagBag from /opt/airflow/dags/dag_job_intelligent .py
[2026-05-08T19:45:39.312+0000] {processor.py:840} INFO - DAG(s) 'job_intelligent_pipeline' retrieved from /opt/airflow/dags/dag_job_intelligent .py
[2026-05-08T19:45:39.384+0000] {logging_mixin.py:188} INFO - [2026-05-08T19:45:39.383+0000] {dag.py:3096} INFO - Sync 1 DAGs
[2026-05-08T19:45:39.436+0000] {logging_mixin.py:188} INFO - [2026-05-08T19:45:39.435+0000] {dag.py:3954} INFO - Setting next_dagrun for job_intelligent_pipeline to 2026-05-08 06:00:00+00:00, run_after=2026-05-09 06:00:00+00:00
[2026-05-08T19:45:39.467+0000] {processor.py:183} INFO - Processing /opt/airflow/dags/dag_job_intelligent .py took 0.224 seconds
[2026-05-08T19:46:10.123+0000] {processor.py:161} INFO - Started process (PID=3913) to work on /opt/airflow/dags/dag_job_intelligent .py
[2026-05-08T19:46:10.126+0000] {processor.py:830} INFO - Processing file /opt/airflow/dags/dag_job_intelligent .py for tasks to queue
[2026-05-08T19:46:10.129+0000] {logging_mixin.py:188} INFO - [2026-05-08T19:46:10.128+0000] {dagbag.py:545} INFO - Filling up the DagBag from /opt/airflow/dags/dag_job_intelligent .py
[2026-05-08T19:46:10.196+0000] {processor.py:840} INFO - DAG(s) 'job_intelligent_pipeline' retrieved from /opt/airflow/dags/dag_job_intelligent .py
[2026-05-08T19:46:10.343+0000] {logging_mixin.py:188} INFO - [2026-05-08T19:46:10.342+0000] {dag.py:3096} INFO - Sync 1 DAGs
[2026-05-08T19:46:10.439+0000] {logging_mixin.py:188} INFO - [2026-05-08T19:46:10.439+0000] {dag.py:3954} INFO - Setting next_dagrun for job_intelligent_pipeline to 2026-05-08 06:00:00+00:00, run_after=2026-05-09 06:00:00+00:00
[2026-05-08T19:46:10.484+0000] {processor.py:183} INFO - Processing /opt/airflow/dags/dag_job_intelligent .py took 0.377 seconds
[2026-05-08T19:46:41.213+0000] {processor.py:161} INFO - Started process (PID=3926) to work on /opt/airflow/dags/dag_job_intelligent .py
[2026-05-08T19:46:41.215+0000] {processor.py:830} INFO - Processing file /opt/airflow/dags/dag_job_intelligent .py for tasks to queue
[2026-05-08T19:46:41.216+0000] {logging_mixin.py:188} INFO - [2026-05-08T19:46:41.216+0000] {dagbag.py:545} INFO - Filling up the DagBag from /opt/airflow/dags/dag_job_intelligent .py
[2026-05-08T19:46:41.259+0000] {processor.py:840} INFO - DAG(s) 'job_intelligent_pipeline' retrieved from /opt/airflow/dags/dag_job_intelligent .py
[2026-05-08T19:46:41.342+0000] {logging_mixin.py:188} INFO - [2026-05-08T19:46:41.341+0000] {dag.py:3096} INFO - Sync 1 DAGs
[2026-05-08T19:46:41.397+0000] {logging_mixin.py:188} INFO - [2026-05-08T19:46:41.397+0000] {dag.py:3954} INFO - Setting next_dagrun for job_intelligent_pipeline to 2026-05-08 06:00:00+00:00, run_after=2026-05-09 06:00:00+00:00
[2026-05-08T19:46:41.468+0000] {processor.py:183} INFO - Processing /opt/airflow/dags/dag_job_intelligent .py took 0.263 seconds
[2026-05-08T19:47:12.153+0000] {processor.py:161} INFO - Started process (PID=3935) to work on /opt/airflow/dags/dag_job_intelligent .py
[2026-05-08T19:47:12.155+0000] {processor.py:830} INFO - Processing file /opt/airflow/dags/dag_job_intelligent .py for tasks to queue
[2026-05-08T19:47:12.168+0000] {logging_mixin.py:188} INFO - [2026-05-08T19:47:12.167+0000] {dagbag.py:545} INFO - Filling up the DagBag from /opt/airflow/dags/dag_job_intelligent .py
[2026-05-08T19:47:12.288+0000] {processor.py:840} INFO - DAG(s) 'job_intelligent_pipeline' retrieved from /opt/airflow/dags/dag_job_intelligent .py
[2026-05-08T19:47:12.390+0000] {logging_mixin.py:188} INFO - [2026-05-08T19:47:12.390+0000] {dag.py:3096} INFO - Sync 1 DAGs
[2026-05-08T19:47:12.449+0000] {logging_mixin.py:188} INFO - [2026-05-08T19:47:12.448+0000] {dag.py:3954} INFO - Setting next_dagrun for job_intelligent_pipeline to 2026-05-08 06:00:00+00:00, run_after=2026-05-09 06:00:00+00:00
[2026-05-08T19:47:12.509+0000] {processor.py:183} INFO - Processing /opt/airflow/dags/dag_job_intelligent .py took 0.384 seconds
[2026-05-08T19:47:43.324+0000] {processor.py:161} INFO - Started process (PID=3949) to work on /opt/airflow/dags/dag_job_intelligent .py
[2026-05-08T19:47:43.327+0000] {processor.py:830} INFO - Processing file /opt/airflow/dags/dag_job_intelligent .py for tasks to queue
[2026-05-08T19:47:43.331+0000] {logging_mixin.py:188} INFO - [2026-05-08T19:47:43.329+0000] {dagbag.py:545} INFO - Filling up the DagBag from /opt/airflow/dags/dag_job_intelligent .py
[2026-05-08T19:47:43.427+0000] {processor.py:840} INFO - DAG(s) 'job_intelligent_pipeline' retrieved from /opt/airflow/dags/dag_job_intelligent .py
[2026-05-08T19:47:43.567+0000] {logging_mixin.py:188} INFO - [2026-05-08T19:47:43.566+0000] {dag.py:3096} INFO - Sync 1 DAGs
[2026-05-08T19:47:43.650+0000] {logging_mixin.py:188} INFO - [2026-05-08T19:47:43.649+0000] {dag.py:3954} INFO - Setting next_dagrun for job_intelligent_pipeline to 2026-05-08 06:00:00+00:00, run_after=2026-05-09 06:00:00+00:00
[2026-05-08T19:47:43.742+0000] {processor.py:183} INFO - Processing /opt/airflow/dags/dag_job_intelligent .py took 0.450 seconds
[2026-05-08T19:48:14.075+0000] {processor.py:161} INFO - Started process (PID=3957) to work on /opt/airflow/dags/dag_job_intelligent .py
[2026-05-08T19:48:14.077+0000] {processor.py:830} INFO - Processing file /opt/airflow/dags/dag_job_intelligent .py for tasks to queue
[2026-05-08T19:48:14.080+0000] {logging_mixin.py:188} INFO - [2026-05-08T19:48:14.079+0000] {dagbag.py:545} INFO - Filling up the DagBag from /opt/airflow/dags/dag_job_intelligent .py
[2026-05-08T19:48:14.126+0000] {processor.py:840} INFO - DAG(s) 'job_intelligent_pipeline' retrieved from /opt/airflow/dags/dag_job_intelligent .py
[2026-05-08T19:48:14.207+0000] {logging_mixin.py:188} INFO - [2026-05-08T19:48:14.206+0000] {dag.py:3096} INFO - Sync 1 DAGs
[2026-05-08T19:48:14.403+0000] {logging_mixin.py:188} INFO - [2026-05-08T19:48:14.403+0000] {dag.py:3954} INFO - Setting next_dagrun for job_intelligent_pipeline to 2026-05-08 06:00:00+00:00, run_after=2026-05-09 06:00:00+00:00
[2026-05-08T19:48:14.451+0000] {processor.py:183} INFO - Processing /opt/airflow/dags/dag_job_intelligent .py took 0.389 seconds
[2026-05-08T19:48:44.686+0000] {processor.py:161} INFO - Started process (PID=3972) to work on /opt/airflow/dags/dag_job_intelligent .py
[2026-05-08T19:48:44.688+0000] {processor.py:830} INFO - Processing file /opt/airflow/dags/dag_job_intelligent .py for tasks to queue
[2026-05-08T19:48:44.691+0000] {logging_mixin.py:188} INFO - [2026-05-08T19:48:44.690+0000] {dagbag.py:545} INFO - Filling up the DagBag from /opt/airflow/dags/dag_job_intelligent .py
[2026-05-08T19:48:44.783+0000] {processor.py:840} INFO - DAG(s) 'job_intelligent_pipeline' retrieved from /opt/airflow/dags/dag_job_intelligent .py
[2026-05-08T19:48:44.862+0000] {logging_mixin.py:188} INFO - [2026-05-08T19:48:44.862+0000] {dag.py:3096} INFO - Sync 1 DAGs
[2026-05-08T19:48:44.923+0000] {logging_mixin.py:188} INFO - [2026-05-08T19:48:44.922+0000] {dag.py:3954} INFO - Setting next_dagrun for job_intelligent_pipeline to 2026-05-08 06:00:00+00:00, run_after=2026-05-09 06:00:00+00:00
[2026-05-08T19:48:44.981+0000] {processor.py:183} INFO - Processing /opt/airflow/dags/dag_job_intelligent .py took 0.314 seconds
[2026-05-08T19:49:15.665+0000] {processor.py:161} INFO - Started process (PID=3987) to work on /opt/airflow/dags/dag_job_intelligent .py
[2026-05-08T19:49:15.667+0000] {processor.py:830} INFO - Processing file /opt/airflow/dags/dag_job_intelligent .py for tasks to queue
[2026-05-08T19:49:15.683+0000] {logging_mixin.py:188} INFO - [2026-05-08T19:49:15.682+0000] {dagbag.py:545} INFO - Filling up the DagBag from /opt/airflow/dags/dag_job_intelligent .py
[2026-05-08T19:49:15.750+0000] {processor.py:840} INFO - DAG(s) 'job_intelligent_pipeline' retrieved from /opt/airflow/dags/dag_job_intelligent .py
[2026-05-08T19:49:15.868+0000] {logging_mixin.py:188} INFO - [2026-05-08T19:49:15.856+0000] {dag.py:3096} INFO - Sync 1 DAGs
[2026-05-08T19:49:16.027+0000] {logging_mixin.py:188} INFO - [2026-05-08T19:49:16.027+0000] {dag.py:3954} INFO - Setting next_dagrun for job_intelligent_pipeline to 2026-05-08 06:00:00+00:00, run_after=2026-05-09 06:00:00+00:00
[2026-05-08T19:49:16.138+0000] {processor.py:183} INFO - Processing /opt/airflow/dags/dag_job_intelligent .py took 0.506 seconds
[2026-05-08T19:49:46.718+0000] {processor.py:161} INFO - Started process (PID=3994) to work on /opt/airflow/dags/dag_job_intelligent .py
[2026-05-08T19:49:46.721+0000] {processor.py:830} INFO - Processing file /opt/airflow/dags/dag_job_intelligent .py for tasks to queue
[2026-05-08T19:49:46.724+0000] {logging_mixin.py:188} INFO - [2026-05-08T19:49:46.723+0000] {dagbag.py:545} INFO - Filling up the DagBag from /opt/airflow/dags/dag_job_intelligent .py
[2026-05-08T19:49:46.804+0000] {processor.py:840} INFO - DAG(s) 'job_intelligent_pipeline' retrieved from /opt/airflow/dags/dag_job_intelligent .py
[2026-05-08T19:49:46.989+0000] {logging_mixin.py:188} INFO - [2026-05-08T19:49:46.989+0000] {dag.py:3096} INFO - Sync 1 DAGs
[2026-05-08T19:49:47.043+0000] {logging_mixin.py:188} INFO - [2026-05-08T19:49:47.043+0000] {dag.py:3954} INFO - Setting next_dagrun for job_intelligent_pipeline to 2026-05-08 06:00:00+00:00, run_after=2026-05-09 06:00:00+00:00
[2026-05-08T19:49:47.082+0000] {processor.py:183} INFO - Processing /opt/airflow/dags/dag_job_intelligent .py took 0.380 seconds
[2026-05-08T19:50:17.672+0000] {processor.py:161} INFO - Started process (PID=4007) to work on /opt/airflow/dags/dag_job_intelligent .py
[2026-05-08T19:50:17.674+0000] {processor.py:830} INFO - Processing file /opt/airflow/dags/dag_job_intelligent .py for tasks to queue
[2026-05-08T19:50:17.678+0000] {logging_mixin.py:188} INFO - [2026-05-08T19:50:17.677+0000] {dagbag.py:545} INFO - Filling up the DagBag from /opt/airflow/dags/dag_job_intelligent .py
[2026-05-08T19:50:17.765+0000] {processor.py:840} INFO - DAG(s) 'job_intelligent_pipeline' retrieved from /opt/airflow/dags/dag_job_intelligent .py
[2026-05-08T19:50:17.889+0000] {logging_mixin.py:188} INFO - [2026-05-08T19:50:17.888+0000] {dag.py:3096} INFO - Sync 1 DAGs
[2026-05-08T19:50:17.962+0000] {logging_mixin.py:188} INFO - [2026-05-08T19:50:17.961+0000] {dag.py:3954} INFO - Setting next_dagrun for job_intelligent_pipeline to 2026-05-08 06:00:00+00:00, run_after=2026-05-09 06:00:00+00:00
[2026-05-08T19:50:18.046+0000] {processor.py:183} INFO - Processing /opt/airflow/dags/dag_job_intelligent .py took 0.392 seconds
[2026-05-08T19:50:48.788+0000] {processor.py:161} INFO - Started process (PID=4015) to work on /opt/airflow/dags/dag_job_intelligent .py
[2026-05-08T19:50:48.792+0000] {processor.py:830} INFO - Processing file /opt/airflow/dags/dag_job_intelligent .py for tasks to queue
[2026-05-08T19:50:48.795+0000] {logging_mixin.py:188} INFO - [2026-05-08T19:50:48.794+0000] {dagbag.py:545} INFO - Filling up the DagBag from /opt/airflow/dags/dag_job_intelligent .py
[2026-05-08T19:50:48.843+0000] {processor.py:840} INFO - DAG(s) 'job_intelligent_pipeline' retrieved from /opt/airflow/dags/dag_job_intelligent .py
[2026-05-08T19:50:48.898+0000] {logging_mixin.py:188} INFO - [2026-05-08T19:50:48.898+0000] {dag.py:3096} INFO - Sync 1 DAGs
[2026-05-08T19:50:48.935+0000] {logging_mixin.py:188} INFO - [2026-05-08T19:50:48.934+0000] {dag.py:3954} INFO - Setting next_dagrun for job_intelligent_pipeline to 2026-05-08 06:00:00+00:00, run_after=2026-05-09 06:00:00+00:00
[2026-05-08T19:50:48.995+0000] {processor.py:183} INFO - Processing /opt/airflow/dags/dag_job_intelligent .py took 0.245 seconds
[2026-05-08T19:51:19.571+0000] {processor.py:161} INFO - Started process (PID=4028) to work on /opt/airflow/dags/dag_job_intelligent .py
[2026-05-08T19:51:19.573+0000] {processor.py:830} INFO - Processing file /opt/airflow/dags/dag_job_intelligent .py for tasks to queue
[2026-05-08T19:51:19.574+0000] {logging_mixin.py:188} INFO - [2026-05-08T19:51:19.574+0000] {dagbag.py:545} INFO - Filling up the DagBag from /opt/airflow/dags/dag_job_intelligent .py
[2026-05-08T19:51:19.616+0000] {processor.py:840} INFO - DAG(s) 'job_intelligent_pipeline' retrieved from /opt/airflow/dags/dag_job_intelligent .py
[2026-05-08T19:51:19.716+0000] {logging_mixin.py:188} INFO - [2026-05-08T19:51:19.716+0000] {dag.py:3096} INFO - Sync 1 DAGs
[2026-05-08T19:51:19.816+0000] {logging_mixin.py:188} INFO - [2026-05-08T19:51:19.816+0000] {dag.py:3954} INFO - Setting next_dagrun for job_intelligent_pipeline to 2026-05-08 06:00:00+00:00, run_after=2026-05-09 06:00:00+00:00
[2026-05-08T19:51:19.866+0000] {processor.py:183} INFO - Processing /opt/airflow/dags/dag_job_intelligent .py took 0.304 seconds
[2026-05-08T19:51:50.631+0000] {processor.py:161} INFO - Started process (PID=4036) to work on /opt/airflow/dags/dag_job_intelligent .py
[2026-05-08T19:51:50.633+0000] {processor.py:830} INFO - Processing file /opt/airflow/dags/dag_job_intelligent .py for tasks to queue
[2026-05-08T19:51:50.635+0000] {logging_mixin.py:188} INFO - [2026-05-08T19:51:50.634+0000] {dagbag.py:545} INFO - Filling up the DagBag from /opt/airflow/dags/dag_job_intelligent .py
[2026-05-08T19:51:50.686+0000] {processor.py:840} INFO - DAG(s) 'job_intelligent_pipeline' retrieved from /opt/airflow/dags/dag_job_intelligent .py
[2026-05-08T19:51:50.763+0000] {logging_mixin.py:188} INFO - [2026-05-08T19:51:50.762+0000] {dag.py:3096} INFO - Sync 1 DAGs
[2026-05-08T19:51:50.805+0000] {logging_mixin.py:188} INFO - [2026-05-08T19:51:50.804+0000] {dag.py:3954} INFO - Setting next_dagrun for job_intelligent_pipeline to 2026-05-08 06:00:00+00:00, run_after=2026-05-09 06:00:00+00:00
[2026-05-08T19:51:50.838+0000] {processor.py:183} INFO - Processing /opt/airflow/dags/dag_job_intelligent .py took 0.219 seconds
[2026-05-08T19:52:21.383+0000] {processor.py:161} INFO - Started process (PID=4049) to work on /opt/airflow/dags/dag_job_intelligent .py
[2026-05-08T19:52:21.385+0000] {processor.py:830} INFO - Processing file /opt/airflow/dags/dag_job_intelligent .py for tasks to queue
[2026-05-08T19:52:21.388+0000] {logging_mixin.py:188} INFO - [2026-05-08T19:52:21.387+0000] {dagbag.py:545} INFO - Filling up the DagBag from /opt/airflow/dags/dag_job_intelligent .py
[2026-05-08T19:52:21.440+0000] {processor.py:840} INFO - DAG(s) 'job_intelligent_pipeline' retrieved from /opt/airflow/dags/dag_job_intelligent .py
[2026-05-08T19:52:21.504+0000] {logging_mixin.py:188} INFO - [2026-05-08T19:52:21.503+0000] {dag.py:3096} INFO - Sync 1 DAGs
[2026-05-08T19:52:21.545+0000] {logging_mixin.py:188} INFO - [2026-05-08T19:52:21.544+0000] {dag.py:3954} INFO - Setting next_dagrun for job_intelligent_pipeline to 2026-05-08 06:00:00+00:00, run_after=2026-05-09 06:00:00+00:00
[2026-05-08T19:52:21.584+0000] {processor.py:183} INFO - Processing /opt/airflow/dags/dag_job_intelligent .py took 0.218 seconds
[2026-05-08T19:52:52.335+0000] {processor.py:161} INFO - Started process (PID=4057) to work on /opt/airflow/dags/dag_job_intelligent .py
[2026-05-08T19:52:52.342+0000] {processor.py:830} INFO - Processing file /opt/airflow/dags/dag_job_intelligent .py for tasks to queue
[2026-05-08T19:52:52.348+0000] {logging_mixin.py:188} INFO - [2026-05-08T19:52:52.346+0000] {dagbag.py:545} INFO - Filling up the DagBag from /opt/airflow/dags/dag_job_intelligent .py
[2026-05-08T19:52:52.427+0000] {processor.py:840} INFO - DAG(s) 'job_intelligent_pipeline' retrieved from /opt/airflow/dags/dag_job_intelligent .py
[2026-05-08T19:52:52.529+0000] {logging_mixin.py:188} INFO - [2026-05-08T19:52:52.529+0000] {dag.py:3096} INFO - Sync 1 DAGs
[2026-05-08T19:52:52.567+0000] {logging_mixin.py:188} INFO - [2026-05-08T19:52:52.567+0000] {dag.py:3954} INFO - Setting next_dagrun for job_intelligent_pipeline to 2026-05-08 06:00:00+00:00, run_after=2026-05-09 06:00:00+00:00
[2026-05-08T19:52:52.603+0000] {processor.py:183} INFO - Processing /opt/airflow/dags/dag_job_intelligent .py took 0.295 seconds
[2026-05-08T19:53:23.401+0000] {processor.py:161} INFO - Started process (PID=4070) to work on /opt/airflow/dags/dag_job_intelligent .py
[2026-05-08T19:53:23.404+0000] {processor.py:830} INFO - Processing file /opt/airflow/dags/dag_job_intelligent .py for tasks to queue
[2026-05-08T19:53:23.410+0000] {logging_mixin.py:188} INFO - [2026-05-08T19:53:23.409+0000] {dagbag.py:545} INFO - Filling up the DagBag from /opt/airflow/dags/dag_job_intelligent .py
[2026-05-08T19:53:23.602+0000] {processor.py:840} INFO - DAG(s) 'job_intelligent_pipeline' retrieved from /opt/airflow/dags/dag_job_intelligent .py
[2026-05-08T19:53:23.787+0000] {logging_mixin.py:188} INFO - [2026-05-08T19:53:23.787+0000] {dag.py:3096} INFO - Sync 1 DAGs
[2026-05-08T19:53:23.941+0000] {logging_mixin.py:188} INFO - [2026-05-08T19:53:23.940+0000] {dag.py:3954} INFO - Setting next_dagrun for job_intelligent_pipeline to 2026-05-08 06:00:00+00:00, run_after=2026-05-09 06:00:00+00:00
[2026-05-08T19:53:24.001+0000] {processor.py:183} INFO - Processing /opt/airflow/dags/dag_job_intelligent .py took 0.636 seconds
[2026-05-08T19:53:54.734+0000] {processor.py:161} INFO - Started process (PID=4078) to work on /opt/airflow/dags/dag_job_intelligent .py
[2026-05-08T19:53:54.736+0000] {processor.py:830} INFO - Processing file /opt/airflow/dags/dag_job_intelligent .py for tasks to queue
[2026-05-08T19:53:54.738+0000] {logging_mixin.py:188} INFO - [2026-05-08T19:53:54.737+0000] {dagbag.py:545} INFO - Filling up the DagBag from /opt/airflow/dags/dag_job_intelligent .py
[2026-05-08T19:53:54.784+0000] {processor.py:840} INFO - DAG(s) 'job_intelligent_pipeline' retrieved from /opt/airflow/dags/dag_job_intelligent .py
[2026-05-08T19:53:54.854+0000] {logging_mixin.py:188} INFO - [2026-05-08T19:53:54.854+0000] {dag.py:3096} INFO - Sync 1 DAGs
[2026-05-08T19:53:54.917+0000] {logging_mixin.py:188} INFO - [2026-05-08T19:53:54.917+0000] {dag.py:3954} INFO - Setting next_dagrun for job_intelligent_pipeline to 2026-05-08 06:00:00+00:00, run_after=2026-05-09 06:00:00+00:00
[2026-05-08T19:53:54.966+0000] {processor.py:183} INFO - Processing /opt/airflow/dags/dag_job_intelligent .py took 0.249 seconds
[2026-05-08T19:54:25.289+0000] {processor.py:161} INFO - Started process (PID=4092) to work on /opt/airflow/dags/dag_job_intelligent .py
[2026-05-08T19:54:25.296+0000] {processor.py:830} INFO - Processing file /opt/airflow/dags/dag_job_intelligent .py for tasks to queue
[2026-05-08T19:54:25.302+0000] {logging_mixin.py:188} INFO - [2026-05-08T19:54:25.300+0000] {dagbag.py:545} INFO - Filling up the DagBag from /opt/airflow/dags/dag_job_intelligent .py
[2026-05-08T19:54:25.408+0000] {processor.py:840} INFO - DAG(s) 'job_intelligent_pipeline' retrieved from /opt/airflow/dags/dag_job_intelligent .py
[2026-05-08T19:54:25.583+0000] {logging_mixin.py:188} INFO - [2026-05-08T19:54:25.582+0000] {dag.py:3096} INFO - Sync 1 DAGs
[2026-05-08T19:54:25.669+0000] {logging_mixin.py:188} INFO - [2026-05-08T19:54:25.668+0000] {dag.py:3954} INFO - Setting next_dagrun for job_intelligent_pipeline to 2026-05-08 06:00:00+00:00, run_after=2026-05-09 06:00:00+00:00
[2026-05-08T19:54:25.761+0000] {processor.py:183} INFO - Processing /opt/airflow/dags/dag_job_intelligent .py took 0.505 seconds
[2026-05-08T19:54:56.070+0000] {processor.py:161} INFO - Started process (PID=4100) to work on /opt/airflow/dags/dag_job_intelligent .py
[2026-05-08T19:54:56.071+0000] {processor.py:830} INFO - Processing file /opt/airflow/dags/dag_job_intelligent .py for tasks to queue
[2026-05-08T19:54:56.074+0000] {logging_mixin.py:188} INFO - [2026-05-08T19:54:56.073+0000] {dagbag.py:545} INFO - Filling up the DagBag from /opt/airflow/dags/dag_job_intelligent .py
[2026-05-08T19:54:56.113+0000] {processor.py:840} INFO - DAG(s) 'job_intelligent_pipeline' retrieved from /opt/airflow/dags/dag_job_intelligent .py
[2026-05-08T19:54:56.179+0000] {logging_mixin.py:188} INFO - [2026-05-08T19:54:56.179+0000] {dag.py:3096} INFO - Sync 1 DAGs
[2026-05-08T19:54:56.228+0000] {logging_mixin.py:188} INFO - [2026-05-08T19:54:56.227+0000] {dag.py:3954} INFO - Setting next_dagrun for job_intelligent_pipeline to 2026-05-08 06:00:00+00:00, run_after=2026-05-09 06:00:00+00:00
[2026-05-08T19:54:56.290+0000] {processor.py:183} INFO - Processing /opt/airflow/dags/dag_job_intelligent .py took 0.233 seconds
[2026-05-08T19:55:27.049+0000] {processor.py:161} INFO - Started process (PID=4114) to work on /opt/airflow/dags/dag_job_intelligent .py
[2026-05-08T19:55:27.056+0000] {processor.py:830} INFO - Processing file /opt/airflow/dags/dag_job_intelligent .py for tasks to queue
[2026-05-08T19:55:27.070+0000] {logging_mixin.py:188} INFO - [2026-05-08T19:55:27.058+0000] {dagbag.py:545} INFO - Filling up the DagBag from /opt/airflow/dags/dag_job_intelligent .py
[2026-05-08T19:55:27.158+0000] {processor.py:840} INFO - DAG(s) 'job_intelligent_pipeline' retrieved from /opt/airflow/dags/dag_job_intelligent .py
[2026-05-08T19:55:27.228+0000] {logging_mixin.py:188} INFO - [2026-05-08T19:55:27.227+0000] {dag.py:3096} INFO - Sync 1 DAGs
[2026-05-08T19:55:27.266+0000] {logging_mixin.py:188} INFO - [2026-05-08T19:55:27.265+0000] {dag.py:3954} INFO - Setting next_dagrun for job_intelligent_pipeline to 2026-05-08 06:00:00+00:00, run_after=2026-05-09 06:00:00+00:00
[2026-05-08T19:55:27.308+0000] {processor.py:183} INFO - Processing /opt/airflow/dags/dag_job_intelligent .py took 0.299 seconds
[2026-05-08T19:55:57.678+0000] {processor.py:161} INFO - Started process (PID=4123) to work on /opt/airflow/dags/dag_job_intelligent .py
[2026-05-08T19:55:57.679+0000] {processor.py:830} INFO - Processing file /opt/airflow/dags/dag_job_intelligent .py for tasks to queue
[2026-05-08T19:55:57.682+0000] {logging_mixin.py:188} INFO - [2026-05-08T19:55:57.681+0000] {dagbag.py:545} INFO - Filling up the DagBag from /opt/airflow/dags/dag_job_intelligent .py
[2026-05-08T19:55:57.747+0000] {processor.py:840} INFO - DAG(s) 'job_intelligent_pipeline' retrieved from /opt/airflow/dags/dag_job_intelligent .py
[2026-05-08T19:55:57.820+0000] {logging_mixin.py:188} INFO - [2026-05-08T19:55:57.819+0000] {dag.py:3096} INFO - Sync 1 DAGs
[2026-05-08T19:55:57.862+0000] {logging_mixin.py:188} INFO - [2026-05-08T19:55:57.862+0000] {dag.py:3954} INFO - Setting next_dagrun for job_intelligent_pipeline to 2026-05-08 06:00:00+00:00, run_after=2026-05-09 06:00:00+00:00
[2026-05-08T19:55:57.913+0000] {processor.py:183} INFO - Processing /opt/airflow/dags/dag_job_intelligent .py took 0.249 seconds
[2026-05-08T19:56:28.570+0000] {processor.py:161} INFO - Started process (PID=4138) to work on /opt/airflow/dags/dag_job_intelligent .py
[2026-05-08T19:56:28.572+0000] {processor.py:830} INFO - Processing file /opt/airflow/dags/dag_job_intelligent .py for tasks to queue
[2026-05-08T19:56:28.575+0000] {logging_mixin.py:188} INFO - [2026-05-08T19:56:28.574+0000] {dagbag.py:545} INFO - Filling up the DagBag from /opt/airflow/dags/dag_job_intelligent .py
[2026-05-08T19:56:28.653+0000] {processor.py:840} INFO - DAG(s) 'job_intelligent_pipeline' retrieved from /opt/airflow/dags/dag_job_intelligent .py
[2026-05-08T19:56:28.762+0000] {logging_mixin.py:188} INFO - [2026-05-08T19:56:28.762+0000] {dag.py:3096} INFO - Sync 1 DAGs
[2026-05-08T19:56:28.802+0000] {logging_mixin.py:188} INFO - [2026-05-08T19:56:28.801+0000] {dag.py:3954} INFO - Setting next_dagrun for job_intelligent_pipeline to 2026-05-08 06:00:00+00:00, run_after=2026-05-09 06:00:00+00:00
[2026-05-08T19:56:28.848+0000] {processor.py:183} INFO - Processing /opt/airflow/dags/dag_job_intelligent .py took 0.292 seconds
[2026-05-08T19:56:59.529+0000] {processor.py:161} INFO - Started process (PID=4146) to work on /opt/airflow/dags/dag_job_intelligent .py
[2026-05-08T19:56:59.531+0000] {processor.py:830} INFO - Processing file /opt/airflow/dags/dag_job_intelligent .py for tasks to queue
[2026-05-08T19:56:59.533+0000] {logging_mixin.py:188} INFO - [2026-05-08T19:56:59.533+0000] {dagbag.py:545} INFO - Filling up the DagBag from /opt/airflow/dags/dag_job_intelligent .py
[2026-05-08T19:56:59.584+0000] {processor.py:840} INFO - DAG(s) 'job_intelligent_pipeline' retrieved from /opt/airflow/dags/dag_job_intelligent .py
[2026-05-08T19:56:59.705+0000] {logging_mixin.py:188} INFO - [2026-05-08T19:56:59.704+0000] {dag.py:3096} INFO - Sync 1 DAGs
[2026-05-08T19:56:59.794+0000] {logging_mixin.py:188} INFO - [2026-05-08T19:56:59.793+0000] {dag.py:3954} INFO - Setting next_dagrun for job_intelligent_pipeline to 2026-05-08 06:00:00+00:00, run_after=2026-05-09 06:00:00+00:00
[2026-05-08T19:56:59.879+0000] {processor.py:183} INFO - Processing /opt/airflow/dags/dag_job_intelligent .py took 0.361 seconds
[2026-05-08T19:57:30.693+0000] {processor.py:161} INFO - Started process (PID=4160) to work on /opt/airflow/dags/dag_job_intelligent .py
[2026-05-08T19:57:30.695+0000] {processor.py:830} INFO - Processing file /opt/airflow/dags/dag_job_intelligent .py for tasks to queue
[2026-05-08T19:57:30.697+0000] {logging_mixin.py:188} INFO - [2026-05-08T19:57:30.696+0000] {dagbag.py:545} INFO - Filling up the DagBag from /opt/airflow/dags/dag_job_intelligent .py
[2026-05-08T19:57:30.801+0000] {processor.py:840} INFO - DAG(s) 'job_intelligent_pipeline' retrieved from /opt/airflow/dags/dag_job_intelligent .py
[2026-05-08T19:57:30.956+0000] {logging_mixin.py:188} INFO - [2026-05-08T19:57:30.956+0000] {dag.py:3096} INFO - Sync 1 DAGs
[2026-05-08T19:57:30.999+0000] {logging_mixin.py:188} INFO - [2026-05-08T19:57:30.998+0000] {dag.py:3954} INFO - Setting next_dagrun for job_intelligent_pipeline to 2026-05-08 06:00:00+00:00, run_after=2026-05-09 06:00:00+00:00
[2026-05-08T19:57:31.057+0000] {processor.py:183} INFO - Processing /opt/airflow/dags/dag_job_intelligent .py took 0.376 seconds
[2026-05-08T19:58:01.197+0000] {processor.py:161} INFO - Started process (PID=4174) to work on /opt/airflow/dags/dag_job_intelligent .py
[2026-05-08T19:58:01.198+0000] {processor.py:830} INFO - Processing file /opt/airflow/dags/dag_job_intelligent .py for tasks to queue
[2026-05-08T19:58:01.200+0000] {logging_mixin.py:188} INFO - [2026-05-08T19:58:01.199+0000] {dagbag.py:545} INFO - Filling up the DagBag from /opt/airflow/dags/dag_job_intelligent .py
[2026-05-08T19:58:01.240+0000] {processor.py:840} INFO - DAG(s) 'job_intelligent_pipeline' retrieved from /opt/airflow/dags/dag_job_intelligent .py
[2026-05-08T19:58:01.324+0000] {logging_mixin.py:188} INFO - [2026-05-08T19:58:01.323+0000] {dag.py:3096} INFO - Sync 1 DAGs
[2026-05-08T19:58:01.455+0000] {logging_mixin.py:188} INFO - [2026-05-08T19:58:01.454+0000] {dag.py:3954} INFO - Setting next_dagrun for job_intelligent_pipeline to 2026-05-08 06:00:00+00:00, run_after=2026-05-09 06:00:00+00:00
[2026-05-08T19:58:01.509+0000] {processor.py:183} INFO - Processing /opt/airflow/dags/dag_job_intelligent .py took 0.321 seconds
[2026-05-08T19:58:31.753+0000] {processor.py:161} INFO - Started process (PID=4182) to work on /opt/airflow/dags/dag_job_intelligent .py
[2026-05-08T19:58:31.755+0000] {processor.py:830} INFO - Processing file /opt/airflow/dags/dag_job_intelligent .py for tasks to queue
[2026-05-08T19:58:31.758+0000] {logging_mixin.py:188} INFO - [2026-05-08T19:58:31.757+0000] {dagbag.py:545} INFO - Filling up the DagBag from /opt/airflow/dags/dag_job_intelligent .py
[2026-05-08T19:58:31.814+0000] {processor.py:840} INFO - DAG(s) 'job_intelligent_pipeline' retrieved from /opt/airflow/dags/dag_job_intelligent .py
[2026-05-08T19:58:31.872+0000] {logging_mixin.py:188} INFO - [2026-05-08T19:58:31.871+0000] {dag.py:3096} INFO - Sync 1 DAGs
[2026-05-08T19:58:31.918+0000] {logging_mixin.py:188} INFO - [2026-05-08T19:58:31.917+0000] {dag.py:3954} INFO - Setting next_dagrun for job_intelligent_pipeline to 2026-05-08 06:00:00+00:00, run_after=2026-05-09 06:00:00+00:00
[2026-05-08T19:58:31.955+0000] {processor.py:183} INFO - Processing /opt/airflow/dags/dag_job_intelligent .py took 0.231 seconds
[2026-05-08T19:59:02.785+0000] {processor.py:161} INFO - Started process (PID=4198) to work on /opt/airflow/dags/dag_job_intelligent .py
[2026-05-08T19:59:02.797+0000] {processor.py:830} INFO - Processing file /opt/airflow/dags/dag_job_intelligent .py for tasks to queue
[2026-05-08T19:59:02.830+0000] {logging_mixin.py:188} INFO - [2026-05-08T19:59:02.800+0000] {dagbag.py:545} INFO - Filling up the DagBag from /opt/airflow/dags/dag_job_intelligent .py
[2026-05-08T19:59:03.049+0000] {processor.py:840} INFO - DAG(s) 'job_intelligent_pipeline' retrieved from /opt/airflow/dags/dag_job_intelligent .py
[2026-05-08T19:59:03.409+0000] {logging_mixin.py:188} INFO - [2026-05-08T19:59:03.408+0000] {dag.py:3096} INFO - Sync 1 DAGs
[2026-05-08T19:59:03.667+0000] {logging_mixin.py:188} INFO - [2026-05-08T19:59:03.666+0000] {dag.py:3954} INFO - Setting next_dagrun for job_intelligent_pipeline to 2026-05-08 06:00:00+00:00, run_after=2026-05-09 06:00:00+00:00
[2026-05-08T19:59:03.877+0000] {processor.py:183} INFO - Processing /opt/airflow/dags/dag_job_intelligent .py took 1.133 seconds
[2026-05-08T19:59:35.024+0000] {processor.py:161} INFO - Started process (PID=4205) to work on /opt/airflow/dags/dag_job_intelligent .py
[2026-05-08T19:59:35.025+0000] {processor.py:830} INFO - Processing file /opt/airflow/dags/dag_job_intelligent .py for tasks to queue
[2026-05-08T19:59:35.027+0000] {logging_mixin.py:188} INFO - [2026-05-08T19:59:35.026+0000] {dagbag.py:545} INFO - Filling up the DagBag from /opt/airflow/dags/dag_job_intelligent .py
[2026-05-08T19:59:35.059+0000] {processor.py:840} INFO - DAG(s) 'job_intelligent_pipeline' retrieved from /opt/airflow/dags/dag_job_intelligent .py
[2026-05-08T19:59:35.125+0000] {logging_mixin.py:188} INFO - [2026-05-08T19:59:35.124+0000] {dag.py:3096} INFO - Sync 1 DAGs
[2026-05-08T19:59:35.177+0000] {logging_mixin.py:188} INFO - [2026-05-08T19:59:35.176+0000] {dag.py:3954} INFO - Setting next_dagrun for job_intelligent_pipeline to 2026-05-08 06:00:00+00:00, run_after=2026-05-09 06:00:00+00:00
[2026-05-08T19:59:35.221+0000] {processor.py:183} INFO - Processing /opt/airflow/dags/dag_job_intelligent .py took 0.205 seconds
[2026-05-08T20:00:05.399+0000] {processor.py:161} INFO - Started process (PID=4218) to work on /opt/airflow/dags/dag_job_intelligent .py
[2026-05-08T20:00:05.401+0000] {processor.py:830} INFO - Processing file /opt/airflow/dags/dag_job_intelligent .py for tasks to queue
[2026-05-08T20:00:05.404+0000] {logging_mixin.py:188} INFO - [2026-05-08T20:00:05.404+0000] {dagbag.py:545} INFO - Filling up the DagBag from /opt/airflow/dags/dag_job_intelligent .py
[2026-05-08T20:00:05.479+0000] {processor.py:840} INFO - DAG(s) 'job_intelligent_pipeline' retrieved from /opt/airflow/dags/dag_job_intelligent .py
[2026-05-08T20:00:05.551+0000] {logging_mixin.py:188} INFO - [2026-05-08T20:00:05.550+0000] {dag.py:3096} INFO - Sync 1 DAGs
[2026-05-08T20:00:05.605+0000] {logging_mixin.py:188} INFO - [2026-05-08T20:00:05.605+0000] {dag.py:3954} INFO - Setting next_dagrun for job_intelligent_pipeline to 2026-05-08 06:00:00+00:00, run_after=2026-05-09 06:00:00+00:00
[2026-05-08T20:00:05.653+0000] {processor.py:183} INFO - Processing /opt/airflow/dags/dag_job_intelligent .py took 0.272 seconds
[2026-05-08T20:00:36.201+0000] {processor.py:161} INFO - Started process (PID=4226) to work on /opt/airflow/dags/dag_job_intelligent .py
[2026-05-08T20:00:36.203+0000] {processor.py:830} INFO - Processing file /opt/airflow/dags/dag_job_intelligent .py for tasks to queue
[2026-05-08T20:00:36.206+0000] {logging_mixin.py:188} INFO - [2026-05-08T20:00:36.205+0000] {dagbag.py:545} INFO - Filling up the DagBag from /opt/airflow/dags/dag_job_intelligent .py
[2026-05-08T20:00:36.322+0000] {processor.py:840} INFO - DAG(s) 'job_intelligent_pipeline' retrieved from /opt/airflow/dags/dag_job_intelligent .py
[2026-05-08T20:00:36.512+0000] {logging_mixin.py:188} INFO - [2026-05-08T20:00:36.511+0000] {dag.py:3096} INFO - Sync 1 DAGs
[2026-05-08T20:00:36.671+0000] {logging_mixin.py:188} INFO - [2026-05-08T20:00:36.659+0000] {dag.py:3954} INFO - Setting next_dagrun for job_intelligent_pipeline to 2026-05-08 06:00:00+00:00, run_after=2026-05-09 06:00:00+00:00
[2026-05-08T20:00:36.787+0000] {processor.py:183} INFO - Processing /opt/airflow/dags/dag_job_intelligent .py took 0.610 seconds
[2026-05-08T20:01:07.026+0000] {processor.py:161} INFO - Started process (PID=4241) to work on /opt/airflow/dags/dag_job_intelligent .py
[2026-05-08T20:01:07.040+0000] {processor.py:830} INFO - Processing file /opt/airflow/dags/dag_job_intelligent .py for tasks to queue
[2026-05-08T20:01:07.049+0000] {logging_mixin.py:188} INFO - [2026-05-08T20:01:07.049+0000] {dagbag.py:545} INFO - Filling up the DagBag from /opt/airflow/dags/dag_job_intelligent .py
[2026-05-08T20:01:07.246+0000] {processor.py:840} INFO - DAG(s) 'job_intelligent_pipeline' retrieved from /opt/airflow/dags/dag_job_intelligent .py
[2026-05-08T20:01:07.384+0000] {logging_mixin.py:188} INFO - [2026-05-08T20:01:07.383+0000] {dag.py:3096} INFO - Sync 1 DAGs
[2026-05-08T20:01:07.488+0000] {logging_mixin.py:188} INFO - [2026-05-08T20:01:07.488+0000] {dag.py:3954} INFO - Setting next_dagrun for job_intelligent_pipeline to 2026-05-08 06:00:00+00:00, run_after=2026-05-09 06:00:00+00:00
[2026-05-08T20:01:07.605+0000] {processor.py:183} INFO - Processing /opt/airflow/dags/dag_job_intelligent .py took 0.635 seconds
[2026-05-08T20:01:38.398+0000] {processor.py:161} INFO - Started process (PID=4248) to work on /opt/airflow/dags/dag_job_intelligent .py
[2026-05-08T20:01:38.400+0000] {processor.py:830} INFO - Processing file /opt/airflow/dags/dag_job_intelligent .py for tasks to queue
[2026-05-08T20:01:38.403+0000] {logging_mixin.py:188} INFO - [2026-05-08T20:01:38.402+0000] {dagbag.py:545} INFO - Filling up the DagBag from /opt/airflow/dags/dag_job_intelligent .py
[2026-05-08T20:01:38.470+0000] {processor.py:840} INFO - DAG(s) 'job_intelligent_pipeline' retrieved from /opt/airflow/dags/dag_job_intelligent .py
[2026-05-08T20:01:38.643+0000] {logging_mixin.py:188} INFO - [2026-05-08T20:01:38.643+0000] {dag.py:3096} INFO - Sync 1 DAGs
[2026-05-08T20:01:38.748+0000] {logging_mixin.py:188} INFO - [2026-05-08T20:01:38.747+0000] {dag.py:3954} INFO - Setting next_dagrun for job_intelligent_pipeline to 2026-05-08 06:00:00+00:00, run_after=2026-05-09 06:00:00+00:00
[2026-05-08T20:01:38.778+0000] {processor.py:183} INFO - Processing /opt/airflow/dags/dag_job_intelligent .py took 0.397 seconds
[2026-05-08T20:02:09.588+0000] {processor.py:161} INFO - Started process (PID=4262) to work on /opt/airflow/dags/dag_job_intelligent .py
[2026-05-08T20:02:09.591+0000] {processor.py:830} INFO - Processing file /opt/airflow/dags/dag_job_intelligent .py for tasks to queue
[2026-05-08T20:02:09.593+0000] {logging_mixin.py:188} INFO - [2026-05-08T20:02:09.592+0000] {dagbag.py:545} INFO - Filling up the DagBag from /opt/airflow/dags/dag_job_intelligent .py
[2026-05-08T20:02:09.641+0000] {processor.py:840} INFO - DAG(s) 'job_intelligent_pipeline' retrieved from /opt/airflow/dags/dag_job_intelligent .py
[2026-05-08T20:02:09.722+0000] {logging_mixin.py:188} INFO - [2026-05-08T20:02:09.721+0000] {dag.py:3096} INFO - Sync 1 DAGs
[2026-05-08T20:02:09.786+0000] {logging_mixin.py:188} INFO - [2026-05-08T20:02:09.785+0000] {dag.py:3954} INFO - Setting next_dagrun for job_intelligent_pipeline to 2026-05-08 06:00:00+00:00, run_after=2026-05-09 06:00:00+00:00
[2026-05-08T20:02:09.835+0000] {processor.py:183} INFO - Processing /opt/airflow/dags/dag_job_intelligent .py took 0.266 seconds
[2026-05-08T20:02:40.486+0000] {processor.py:161} INFO - Started process (PID=4270) to work on /opt/airflow/dags/dag_job_intelligent .py
[2026-05-08T20:02:40.488+0000] {processor.py:830} INFO - Processing file /opt/airflow/dags/dag_job_intelligent .py for tasks to queue
[2026-05-08T20:02:40.490+0000] {logging_mixin.py:188} INFO - [2026-05-08T20:02:40.489+0000] {dagbag.py:545} INFO - Filling up the DagBag from /opt/airflow/dags/dag_job_intelligent .py
[2026-05-08T20:02:40.545+0000] {processor.py:840} INFO - DAG(s) 'job_intelligent_pipeline' retrieved from /opt/airflow/dags/dag_job_intelligent .py
[2026-05-08T20:02:40.623+0000] {logging_mixin.py:188} INFO - [2026-05-08T20:02:40.622+0000] {dag.py:3096} INFO - Sync 1 DAGs
[2026-05-08T20:02:40.708+0000] {logging_mixin.py:188} INFO - [2026-05-08T20:02:40.707+0000] {dag.py:3954} INFO - Setting next_dagrun for job_intelligent_pipeline to 2026-05-08 06:00:00+00:00, run_after=2026-05-09 06:00:00+00:00
[2026-05-08T20:02:40.773+0000] {processor.py:183} INFO - Processing /opt/airflow/dags/dag_job_intelligent .py took 0.300 seconds
[2026-05-08T20:03:11.151+0000] {processor.py:161} INFO - Started process (PID=4284) to work on /opt/airflow/dags/dag_job_intelligent .py
[2026-05-08T20:03:11.170+0000] {processor.py:830} INFO - Processing file /opt/airflow/dags/dag_job_intelligent .py for tasks to queue
[2026-05-08T20:03:11.172+0000] {logging_mixin.py:188} INFO - [2026-05-08T20:03:11.172+0000] {dagbag.py:545} INFO - Filling up the DagBag from /opt/airflow/dags/dag_job_intelligent .py
[2026-05-08T20:03:11.332+0000] {processor.py:840} INFO - DAG(s) 'job_intelligent_pipeline' retrieved from /opt/airflow/dags/dag_job_intelligent .py
[2026-05-08T20:03:11.547+0000] {logging_mixin.py:188} INFO - [2026-05-08T20:03:11.546+0000] {dag.py:3096} INFO - Sync 1 DAGs
[2026-05-08T20:03:11.608+0000] {logging_mixin.py:188} INFO - [2026-05-08T20:03:11.608+0000] {dag.py:3954} INFO - Setting next_dagrun for job_intelligent_pipeline to 2026-05-08 06:00:00+00:00, run_after=2026-05-09 06:00:00+00:00
[2026-05-08T20:03:11.655+0000] {processor.py:183} INFO - Processing /opt/airflow/dags/dag_job_intelligent .py took 0.557 seconds
[2026-05-08T20:03:41.849+0000] {processor.py:161} INFO - Started process (PID=4291) to work on /opt/airflow/dags/dag_job_intelligent .py
[2026-05-08T20:03:41.851+0000] {processor.py:830} INFO - Processing file /opt/airflow/dags/dag_job_intelligent .py for tasks to queue
[2026-05-08T20:03:41.853+0000] {logging_mixin.py:188} INFO - [2026-05-08T20:03:41.852+0000] {dagbag.py:545} INFO - Filling up the DagBag from /opt/airflow/dags/dag_job_intelligent .py
[2026-05-08T20:03:41.907+0000] {processor.py:840} INFO - DAG(s) 'job_intelligent_pipeline' retrieved from /opt/airflow/dags/dag_job_intelligent .py
[2026-05-08T20:03:42.032+0000] {logging_mixin.py:188} INFO - [2026-05-08T20:03:42.032+0000] {dag.py:3096} INFO - Sync 1 DAGs
[2026-05-08T20:03:42.099+0000] {logging_mixin.py:188} INFO - [2026-05-08T20:03:42.098+0000] {dag.py:3954} INFO - Setting next_dagrun for job_intelligent_pipeline to 2026-05-08 06:00:00+00:00, run_after=2026-05-09 06:00:00+00:00
[2026-05-08T20:03:42.145+0000] {processor.py:183} INFO - Processing /opt/airflow/dags/dag_job_intelligent .py took 0.305 seconds
[2026-05-08T20:04:12.952+0000] {processor.py:161} INFO - Started process (PID=4305) to work on /opt/airflow/dags/dag_job_intelligent .py
[2026-05-08T20:04:12.959+0000] {processor.py:830} INFO - Processing file /opt/airflow/dags/dag_job_intelligent .py for tasks to queue
[2026-05-08T20:04:12.974+0000] {logging_mixin.py:188} INFO - [2026-05-08T20:04:12.962+0000] {dagbag.py:545} INFO - Filling up the DagBag from /opt/airflow/dags/dag_job_intelligent .py
[2026-05-08T20:04:13.072+0000] {processor.py:840} INFO - DAG(s) 'job_intelligent_pipeline' retrieved from /opt/airflow/dags/dag_job_intelligent .py
[2026-05-08T20:04:13.178+0000] {logging_mixin.py:188} INFO - [2026-05-08T20:04:13.177+0000] {dag.py:3096} INFO - Sync 1 DAGs
[2026-05-08T20:04:13.271+0000] {logging_mixin.py:188} INFO - [2026-05-08T20:04:13.269+0000] {dag.py:3954} INFO - Setting next_dagrun for job_intelligent_pipeline to 2026-05-08 06:00:00+00:00, run_after=2026-05-09 06:00:00+00:00
[2026-05-08T20:04:13.393+0000] {processor.py:183} INFO - Processing /opt/airflow/dags/dag_job_intelligent .py took 0.513 seconds
[2026-05-08T20:04:44.107+0000] {processor.py:161} INFO - Started process (PID=4314) to work on /opt/airflow/dags/dag_job_intelligent .py
[2026-05-08T20:04:44.119+0000] {processor.py:830} INFO - Processing file /opt/airflow/dags/dag_job_intelligent .py for tasks to queue
[2026-05-08T20:04:44.124+0000] {logging_mixin.py:188} INFO - [2026-05-08T20:04:44.122+0000] {dagbag.py:545} INFO - Filling up the DagBag from /opt/airflow/dags/dag_job_intelligent .py
[2026-05-08T20:04:44.208+0000] {processor.py:840} INFO - DAG(s) 'job_intelligent_pipeline' retrieved from /opt/airflow/dags/dag_job_intelligent .py
[2026-05-08T20:04:44.339+0000] {logging_mixin.py:188} INFO - [2026-05-08T20:04:44.338+0000] {dag.py:3096} INFO - Sync 1 DAGs
[2026-05-08T20:04:44.433+0000] {logging_mixin.py:188} INFO - [2026-05-08T20:04:44.432+0000] {dag.py:3954} INFO - Setting next_dagrun for job_intelligent_pipeline to 2026-05-08 06:00:00+00:00, run_after=2026-05-09 06:00:00+00:00
[2026-05-08T20:04:44.479+0000] {processor.py:183} INFO - Processing /opt/airflow/dags/dag_job_intelligent .py took 0.412 seconds
[2026-05-08T20:05:15.569+0000] {processor.py:161} INFO - Started process (PID=4328) to work on /opt/airflow/dags/dag_job_intelligent .py
[2026-05-08T20:05:15.571+0000] {processor.py:830} INFO - Processing file /opt/airflow/dags/dag_job_intelligent .py for tasks to queue
[2026-05-08T20:05:15.573+0000] {logging_mixin.py:188} INFO - [2026-05-08T20:05:15.572+0000] {dagbag.py:545} INFO - Filling up the DagBag from /opt/airflow/dags/dag_job_intelligent .py
[2026-05-08T20:05:15.631+0000] {processor.py:840} INFO - DAG(s) 'job_intelligent_pipeline' retrieved from /opt/airflow/dags/dag_job_intelligent .py
[2026-05-08T20:05:15.716+0000] {logging_mixin.py:188} INFO - [2026-05-08T20:05:15.716+0000] {dag.py:3096} INFO - Sync 1 DAGs
[2026-05-08T20:05:15.759+0000] {logging_mixin.py:188} INFO - [2026-05-08T20:05:15.758+0000] {dag.py:3954} INFO - Setting next_dagrun for job_intelligent_pipeline to 2026-05-08 06:00:00+00:00, run_after=2026-05-09 06:00:00+00:00
[2026-05-08T20:05:15.785+0000] {processor.py:183} INFO - Processing /opt/airflow/dags/dag_job_intelligent .py took 0.226 seconds
[2026-05-08T20:05:45.928+0000] {processor.py:161} INFO - Started process (PID=4343) to work on /opt/airflow/dags/dag_job_intelligent .py
[2026-05-08T20:05:45.940+0000] {processor.py:830} INFO - Processing file /opt/airflow/dags/dag_job_intelligent .py for tasks to queue
[2026-05-08T20:05:45.943+0000] {logging_mixin.py:188} INFO - [2026-05-08T20:05:45.942+0000] {dagbag.py:545} INFO - Filling up the DagBag from /opt/airflow/dags/dag_job_intelligent .py
[2026-05-08T20:05:46.030+0000] {processor.py:840} INFO - DAG(s) 'job_intelligent_pipeline' retrieved from /opt/airflow/dags/dag_job_intelligent .py
[2026-05-08T20:05:46.129+0000] {logging_mixin.py:188} INFO - [2026-05-08T20:05:46.129+0000] {dag.py:3096} INFO - Sync 1 DAGs
[2026-05-08T20:05:46.174+0000] {logging_mixin.py:188} INFO - [2026-05-08T20:05:46.174+0000] {dag.py:3954} INFO - Setting next_dagrun for job_intelligent_pipeline to 2026-05-08 06:00:00+00:00, run_after=2026-05-09 06:00:00+00:00
[2026-05-08T20:05:46.225+0000] {processor.py:183} INFO - Processing /opt/airflow/dags/dag_job_intelligent .py took 0.336 seconds
[2026-05-08T20:06:16.436+0000] {processor.py:161} INFO - Started process (PID=4351) to work on /opt/airflow/dags/dag_job_intelligent .py
[2026-05-08T20:06:16.438+0000] {processor.py:830} INFO - Processing file /opt/airflow/dags/dag_job_intelligent .py for tasks to queue
[2026-05-08T20:06:16.441+0000] {logging_mixin.py:188} INFO - [2026-05-08T20:06:16.440+0000] {dagbag.py:545} INFO - Filling up the DagBag from /opt/airflow/dags/dag_job_intelligent .py
[2026-05-08T20:06:16.480+0000] {processor.py:840} INFO - DAG(s) 'job_intelligent_pipeline' retrieved from /opt/airflow/dags/dag_job_intelligent .py
[2026-05-08T20:06:16.553+0000] {logging_mixin.py:188} INFO - [2026-05-08T20:06:16.552+0000] {dag.py:3096} INFO - Sync 1 DAGs
[2026-05-08T20:06:16.623+0000] {logging_mixin.py:188} INFO - [2026-05-08T20:06:16.622+0000] {dag.py:3954} INFO - Setting next_dagrun for job_intelligent_pipeline to 2026-05-08 06:00:00+00:00, run_after=2026-05-09 06:00:00+00:00
[2026-05-08T20:06:16.683+0000] {processor.py:183} INFO - Processing /opt/airflow/dags/dag_job_intelligent .py took 0.264 seconds
[2026-05-08T20:06:47.638+0000] {processor.py:161} INFO - Started process (PID=4365) to work on /opt/airflow/dags/dag_job_intelligent .py
[2026-05-08T20:06:47.640+0000] {processor.py:830} INFO - Processing file /opt/airflow/dags/dag_job_intelligent .py for tasks to queue
[2026-05-08T20:06:47.642+0000] {logging_mixin.py:188} INFO - [2026-05-08T20:06:47.642+0000] {dagbag.py:545} INFO - Filling up the DagBag from /opt/airflow/dags/dag_job_intelligent .py
[2026-05-08T20:06:47.683+0000] {processor.py:840} INFO - DAG(s) 'job_intelligent_pipeline' retrieved from /opt/airflow/dags/dag_job_intelligent .py
[2026-05-08T20:06:47.792+0000] {logging_mixin.py:188} INFO - [2026-05-08T20:06:47.791+0000] {dag.py:3096} INFO - Sync 1 DAGs
[2026-05-08T20:06:47.867+0000] {logging_mixin.py:188} INFO - [2026-05-08T20:06:47.867+0000] {dag.py:3954} INFO - Setting next_dagrun for job_intelligent_pipeline to 2026-05-08 06:00:00+00:00, run_after=2026-05-09 06:00:00+00:00
[2026-05-08T20:06:47.914+0000] {processor.py:183} INFO - Processing /opt/airflow/dags/dag_job_intelligent .py took 0.309 seconds
[2026-05-08T20:07:18.810+0000] {processor.py:161} INFO - Started process (PID=4373) to work on /opt/airflow/dags/dag_job_intelligent .py
[2026-05-08T20:07:18.815+0000] {processor.py:830} INFO - Processing file /opt/airflow/dags/dag_job_intelligent .py for tasks to queue
[2026-05-08T20:07:18.821+0000] {logging_mixin.py:188} INFO - [2026-05-08T20:07:18.819+0000] {dagbag.py:545} INFO - Filling up the DagBag from /opt/airflow/dags/dag_job_intelligent .py
[2026-05-08T20:07:18.943+0000] {processor.py:840} INFO - DAG(s) 'job_intelligent_pipeline' retrieved from /opt/airflow/dags/dag_job_intelligent .py
[2026-05-08T20:07:19.218+0000] {logging_mixin.py:188} INFO - [2026-05-08T20:07:19.206+0000] {dag.py:3096} INFO - Sync 1 DAGs
[2026-05-08T20:07:19.309+0000] {logging_mixin.py:188} INFO - [2026-05-08T20:07:19.309+0000] {dag.py:3954} INFO - Setting next_dagrun for job_intelligent_pipeline to 2026-05-08 06:00:00+00:00, run_after=2026-05-09 06:00:00+00:00
[2026-05-08T20:07:19.338+0000] {processor.py:183} INFO - Processing /opt/airflow/dags/dag_job_intelligent .py took 0.568 seconds
[2026-05-08T20:07:49.736+0000] {processor.py:161} INFO - Started process (PID=4387) to work on /opt/airflow/dags/dag_job_intelligent .py
[2026-05-08T20:07:49.737+0000] {processor.py:830} INFO - Processing file /opt/airflow/dags/dag_job_intelligent .py for tasks to queue
[2026-05-08T20:07:49.739+0000] {logging_mixin.py:188} INFO - [2026-05-08T20:07:49.739+0000] {dagbag.py:545} INFO - Filling up the DagBag from /opt/airflow/dags/dag_job_intelligent .py
[2026-05-08T20:07:49.775+0000] {processor.py:840} INFO - DAG(s) 'job_intelligent_pipeline' retrieved from /opt/airflow/dags/dag_job_intelligent .py
[2026-05-08T20:07:49.841+0000] {logging_mixin.py:188} INFO - [2026-05-08T20:07:49.841+0000] {dag.py:3096} INFO - Sync 1 DAGs
[2026-05-08T20:07:49.902+0000] {logging_mixin.py:188} INFO - [2026-05-08T20:07:49.902+0000] {dag.py:3954} INFO - Setting next_dagrun for job_intelligent_pipeline to 2026-05-08 06:00:00+00:00, run_after=2026-05-09 06:00:00+00:00
[2026-05-08T20:07:49.950+0000] {processor.py:183} INFO - Processing /opt/airflow/dags/dag_job_intelligent .py took 0.223 seconds
[2026-05-08T20:08:20.044+0000] {processor.py:161} INFO - Started process (PID=4395) to work on /opt/airflow/dags/dag_job_intelligent .py
[2026-05-08T20:08:20.046+0000] {processor.py:830} INFO - Processing file /opt/airflow/dags/dag_job_intelligent .py for tasks to queue
[2026-05-08T20:08:20.048+0000] {logging_mixin.py:188} INFO - [2026-05-08T20:08:20.048+0000] {dagbag.py:545} INFO - Filling up the DagBag from /opt/airflow/dags/dag_job_intelligent .py
[2026-05-08T20:08:20.088+0000] {processor.py:840} INFO - DAG(s) 'job_intelligent_pipeline' retrieved from /opt/airflow/dags/dag_job_intelligent .py
[2026-05-08T20:08:20.147+0000] {logging_mixin.py:188} INFO - [2026-05-08T20:08:20.147+0000] {dag.py:3096} INFO - Sync 1 DAGs
[2026-05-08T20:08:20.195+0000] {logging_mixin.py:188} INFO - [2026-05-08T20:08:20.194+0000] {dag.py:3954} INFO - Setting next_dagrun for job_intelligent_pipeline to 2026-05-08 06:00:00+00:00, run_after=2026-05-09 06:00:00+00:00
[2026-05-08T20:08:20.245+0000] {processor.py:183} INFO - Processing /opt/airflow/dags/dag_job_intelligent .py took 0.215 seconds
[2026-05-08T20:08:51.026+0000] {processor.py:161} INFO - Started process (PID=4408) to work on /opt/airflow/dags/dag_job_intelligent .py
[2026-05-08T20:08:51.028+0000] {processor.py:830} INFO - Processing file /opt/airflow/dags/dag_job_intelligent .py for tasks to queue
[2026-05-08T20:08:51.030+0000] {logging_mixin.py:188} INFO - [2026-05-08T20:08:51.029+0000] {dagbag.py:545} INFO - Filling up the DagBag from /opt/airflow/dags/dag_job_intelligent .py
[2026-05-08T20:08:51.287+0000] {processor.py:840} INFO - DAG(s) 'job_intelligent_pipeline' retrieved from /opt/airflow/dags/dag_job_intelligent .py
[2026-05-08T20:08:51.477+0000] {logging_mixin.py:188} INFO - [2026-05-08T20:08:51.477+0000] {dag.py:3096} INFO - Sync 1 DAGs
[2026-05-08T20:08:51.614+0000] {logging_mixin.py:188} INFO - [2026-05-08T20:08:51.613+0000] {dag.py:3954} INFO - Setting next_dagrun for job_intelligent_pipeline to 2026-05-08 06:00:00+00:00, run_after=2026-05-09 06:00:00+00:00
[2026-05-08T20:08:51.659+0000] {processor.py:183} INFO - Processing /opt/airflow/dags/dag_job_intelligent .py took 0.655 seconds
[2026-05-08T20:09:21.850+0000] {processor.py:161} INFO - Started process (PID=4417) to work on /opt/airflow/dags/dag_job_intelligent .py
[2026-05-08T20:09:21.852+0000] {processor.py:830} INFO - Processing file /opt/airflow/dags/dag_job_intelligent .py for tasks to queue
[2026-05-08T20:09:21.854+0000] {logging_mixin.py:188} INFO - [2026-05-08T20:09:21.853+0000] {dagbag.py:545} INFO - Filling up the DagBag from /opt/airflow/dags/dag_job_intelligent .py
[2026-05-08T20:09:21.899+0000] {processor.py:840} INFO - DAG(s) 'job_intelligent_pipeline' retrieved from /opt/airflow/dags/dag_job_intelligent .py
[2026-05-08T20:09:22.038+0000] {logging_mixin.py:188} INFO - [2026-05-08T20:09:22.038+0000] {dag.py:3096} INFO - Sync 1 DAGs
[2026-05-08T20:09:22.124+0000] {logging_mixin.py:188} INFO - [2026-05-08T20:09:22.123+0000] {dag.py:3954} INFO - Setting next_dagrun for job_intelligent_pipeline to 2026-05-08 06:00:00+00:00, run_after=2026-05-09 06:00:00+00:00
[2026-05-08T20:09:22.227+0000] {processor.py:183} INFO - Processing /opt/airflow/dags/dag_job_intelligent .py took 0.395 seconds
[2026-05-08T20:09:52.401+0000] {processor.py:161} INFO - Started process (PID=4432) to work on /opt/airflow/dags/dag_job_intelligent .py
[2026-05-08T20:09:52.403+0000] {processor.py:830} INFO - Processing file /opt/airflow/dags/dag_job_intelligent .py for tasks to queue
[2026-05-08T20:09:52.406+0000] {logging_mixin.py:188} INFO - [2026-05-08T20:09:52.405+0000] {dagbag.py:545} INFO - Filling up the DagBag from /opt/airflow/dags/dag_job_intelligent .py
[2026-05-08T20:09:52.477+0000] {processor.py:840} INFO - DAG(s) 'job_intelligent_pipeline' retrieved from /opt/airflow/dags/dag_job_intelligent .py
[2026-05-08T20:09:52.735+0000] {logging_mixin.py:188} INFO - [2026-05-08T20:09:52.734+0000] {dag.py:3096} INFO - Sync 1 DAGs
[2026-05-08T20:09:52.799+0000] {logging_mixin.py:188} INFO - [2026-05-08T20:09:52.798+0000] {dag.py:3954} INFO - Setting next_dagrun for job_intelligent_pipeline to 2026-05-08 06:00:00+00:00, run_after=2026-05-09 06:00:00+00:00
[2026-05-08T20:09:52.840+0000] {processor.py:183} INFO - Processing /opt/airflow/dags/dag_job_intelligent .py took 0.455 seconds
[2026-05-08T20:10:23.501+0000] {processor.py:161} INFO - Started process (PID=4440) to work on /opt/airflow/dags/dag_job_intelligent .py
[2026-05-08T20:10:23.505+0000] {processor.py:830} INFO - Processing file /opt/airflow/dags/dag_job_intelligent .py for tasks to queue
[2026-05-08T20:10:23.508+0000] {logging_mixin.py:188} INFO - [2026-05-08T20:10:23.507+0000] {dagbag.py:545} INFO - Filling up the DagBag from /opt/airflow/dags/dag_job_intelligent .py
[2026-05-08T20:10:23.606+0000] {processor.py:840} INFO - DAG(s) 'job_intelligent_pipeline' retrieved from /opt/airflow/dags/dag_job_intelligent .py
[2026-05-08T20:10:23.699+0000] {logging_mixin.py:188} INFO - [2026-05-08T20:10:23.698+0000] {dag.py:3096} INFO - Sync 1 DAGs
[2026-05-08T20:10:23.771+0000] {logging_mixin.py:188} INFO - [2026-05-08T20:10:23.770+0000] {dag.py:3954} INFO - Setting next_dagrun for job_intelligent_pipeline to 2026-05-08 06:00:00+00:00, run_after=2026-05-09 06:00:00+00:00
[2026-05-08T20:10:23.839+0000] {processor.py:183} INFO - Processing /opt/airflow/dags/dag_job_intelligent .py took 0.364 seconds
[2026-05-08T20:10:54.229+0000] {processor.py:161} INFO - Started process (PID=4453) to work on /opt/airflow/dags/dag_job_intelligent .py
[2026-05-08T20:10:54.232+0000] {processor.py:830} INFO - Processing file /opt/airflow/dags/dag_job_intelligent .py for tasks to queue
[2026-05-08T20:10:54.241+0000] {logging_mixin.py:188} INFO - [2026-05-08T20:10:54.240+0000] {dagbag.py:545} INFO - Filling up the DagBag from /opt/airflow/dags/dag_job_intelligent .py
[2026-05-08T20:10:54.341+0000] {processor.py:840} INFO - DAG(s) 'job_intelligent_pipeline' retrieved from /opt/airflow/dags/dag_job_intelligent .py
[2026-05-08T20:10:54.432+0000] {logging_mixin.py:188} INFO - [2026-05-08T20:10:54.431+0000] {dag.py:3096} INFO - Sync 1 DAGs
[2026-05-08T20:10:54.480+0000] {logging_mixin.py:188} INFO - [2026-05-08T20:10:54.479+0000] {dag.py:3954} INFO - Setting next_dagrun for job_intelligent_pipeline to 2026-05-08 06:00:00+00:00, run_after=2026-05-09 06:00:00+00:00
[2026-05-08T20:10:54.515+0000] {processor.py:183} INFO - Processing /opt/airflow/dags/dag_job_intelligent .py took 0.301 seconds
[2026-05-08T20:11:25.311+0000] {processor.py:161} INFO - Started process (PID=4462) to work on /opt/airflow/dags/dag_job_intelligent .py
[2026-05-08T20:11:25.314+0000] {processor.py:830} INFO - Processing file /opt/airflow/dags/dag_job_intelligent .py for tasks to queue
[2026-05-08T20:11:25.317+0000] {logging_mixin.py:188} INFO - [2026-05-08T20:11:25.316+0000] {dagbag.py:545} INFO - Filling up the DagBag from /opt/airflow/dags/dag_job_intelligent .py
[2026-05-08T20:11:25.398+0000] {processor.py:840} INFO - DAG(s) 'job_intelligent_pipeline' retrieved from /opt/airflow/dags/dag_job_intelligent .py
[2026-05-08T20:11:25.484+0000] {logging_mixin.py:188} INFO - [2026-05-08T20:11:25.484+0000] {dag.py:3096} INFO - Sync 1 DAGs
[2026-05-08T20:11:25.548+0000] {logging_mixin.py:188} INFO - [2026-05-08T20:11:25.547+0000] {dag.py:3954} INFO - Setting next_dagrun for job_intelligent_pipeline to 2026-05-08 06:00:00+00:00, run_after=2026-05-09 06:00:00+00:00
[2026-05-08T20:11:25.703+0000] {processor.py:183} INFO - Processing /opt/airflow/dags/dag_job_intelligent .py took 0.409 seconds
[2026-05-08T20:11:55.867+0000] {processor.py:161} INFO - Started process (PID=4476) to work on /opt/airflow/dags/dag_job_intelligent .py
[2026-05-08T20:11:55.869+0000] {processor.py:830} INFO - Processing file /opt/airflow/dags/dag_job_intelligent .py for tasks to queue
[2026-05-08T20:11:55.872+0000] {logging_mixin.py:188} INFO - [2026-05-08T20:11:55.871+0000] {dagbag.py:545} INFO - Filling up the DagBag from /opt/airflow/dags/dag_job_intelligent .py
[2026-05-08T20:11:55.973+0000] {processor.py:840} INFO - DAG(s) 'job_intelligent_pipeline' retrieved from /opt/airflow/dags/dag_job_intelligent .py
[2026-05-08T20:11:56.080+0000] {logging_mixin.py:188} INFO - [2026-05-08T20:11:56.079+0000] {dag.py:3096} INFO - Sync 1 DAGs
[2026-05-08T20:11:56.130+0000] {logging_mixin.py:188} INFO - [2026-05-08T20:11:56.129+0000] {dag.py:3954} INFO - Setting next_dagrun for job_intelligent_pipeline to 2026-05-08 06:00:00+00:00, run_after=2026-05-09 06:00:00+00:00
[2026-05-08T20:11:56.175+0000] {processor.py:183} INFO - Processing /opt/airflow/dags/dag_job_intelligent .py took 0.323 seconds
[2026-05-08T20:12:26.417+0000] {processor.py:161} INFO - Started process (PID=4484) to work on /opt/airflow/dags/dag_job_intelligent .py
[2026-05-08T20:12:26.418+0000] {processor.py:830} INFO - Processing file /opt/airflow/dags/dag_job_intelligent .py for tasks to queue
[2026-05-08T20:12:26.420+0000] {logging_mixin.py:188} INFO - [2026-05-08T20:12:26.420+0000] {dagbag.py:545} INFO - Filling up the DagBag from /opt/airflow/dags/dag_job_intelligent .py
[2026-05-08T20:12:26.460+0000] {processor.py:840} INFO - DAG(s) 'job_intelligent_pipeline' retrieved from /opt/airflow/dags/dag_job_intelligent .py
[2026-05-08T20:12:26.533+0000] {logging_mixin.py:188} INFO - [2026-05-08T20:12:26.532+0000] {dag.py:3096} INFO - Sync 1 DAGs
[2026-05-08T20:12:26.610+0000] {logging_mixin.py:188} INFO - [2026-05-08T20:12:26.610+0000] {dag.py:3954} INFO - Setting next_dagrun for job_intelligent_pipeline to 2026-05-08 06:00:00+00:00, run_after=2026-05-09 06:00:00+00:00
[2026-05-08T20:12:26.658+0000] {processor.py:183} INFO - Processing /opt/airflow/dags/dag_job_intelligent .py took 0.251 seconds
[2026-05-08T20:12:57.024+0000] {processor.py:161} INFO - Started process (PID=4499) to work on /opt/airflow/dags/dag_job_intelligent .py
[2026-05-08T20:12:57.030+0000] {processor.py:830} INFO - Processing file /opt/airflow/dags/dag_job_intelligent .py for tasks to queue
[2026-05-08T20:12:57.041+0000] {logging_mixin.py:188} INFO - [2026-05-08T20:12:57.031+0000] {dagbag.py:545} INFO - Filling up the DagBag from /opt/airflow/dags/dag_job_intelligent .py
[2026-05-08T20:12:57.165+0000] {processor.py:840} INFO - DAG(s) 'job_intelligent_pipeline' retrieved from /opt/airflow/dags/dag_job_intelligent .py
[2026-05-08T20:12:57.396+0000] {logging_mixin.py:188} INFO - [2026-05-08T20:12:57.395+0000] {dag.py:3096} INFO - Sync 1 DAGs
[2026-05-08T20:12:57.496+0000] {logging_mixin.py:188} INFO - [2026-05-08T20:12:57.496+0000] {dag.py:3954} INFO - Setting next_dagrun for job_intelligent_pipeline to 2026-05-08 06:00:00+00:00, run_after=2026-05-09 06:00:00+00:00
[2026-05-08T20:12:57.536+0000] {processor.py:183} INFO - Processing /opt/airflow/dags/dag_job_intelligent .py took 0.561 seconds
[2026-05-08T20:13:28.237+0000] {processor.py:161} INFO - Started process (PID=4507) to work on /opt/airflow/dags/dag_job_intelligent .py
[2026-05-08T20:13:28.249+0000] {processor.py:830} INFO - Processing file /opt/airflow/dags/dag_job_intelligent .py for tasks to queue
[2026-05-08T20:13:28.262+0000] {logging_mixin.py:188} INFO - [2026-05-08T20:13:28.261+0000] {dagbag.py:545} INFO - Filling up the DagBag from /opt/airflow/dags/dag_job_intelligent .py
[2026-05-08T20:13:28.387+0000] {processor.py:840} INFO - DAG(s) 'job_intelligent_pipeline' retrieved from /opt/airflow/dags/dag_job_intelligent .py
[2026-05-08T20:13:28.562+0000] {logging_mixin.py:188} INFO - [2026-05-08T20:13:28.562+0000] {dag.py:3096} INFO - Sync 1 DAGs
[2026-05-08T20:13:28.608+0000] {logging_mixin.py:188} INFO - [2026-05-08T20:13:28.608+0000] {dag.py:3954} INFO - Setting next_dagrun for job_intelligent_pipeline to 2026-05-08 06:00:00+00:00, run_after=2026-05-09 06:00:00+00:00
[2026-05-08T20:13:28.646+0000] {processor.py:183} INFO - Processing /opt/airflow/dags/dag_job_intelligent .py took 0.424 seconds
[2026-05-08T20:13:59.362+0000] {processor.py:161} INFO - Started process (PID=4522) to work on /opt/airflow/dags/dag_job_intelligent .py
[2026-05-08T20:13:59.364+0000] {processor.py:830} INFO - Processing file /opt/airflow/dags/dag_job_intelligent .py for tasks to queue
[2026-05-08T20:13:59.367+0000] {logging_mixin.py:188} INFO - [2026-05-08T20:13:59.366+0000] {dagbag.py:545} INFO - Filling up the DagBag from /opt/airflow/dags/dag_job_intelligent .py
[2026-05-08T20:13:59.418+0000] {processor.py:840} INFO - DAG(s) 'job_intelligent_pipeline' retrieved from /opt/airflow/dags/dag_job_intelligent .py
[2026-05-08T20:13:59.488+0000] {logging_mixin.py:188} INFO - [2026-05-08T20:13:59.488+0000] {dag.py:3096} INFO - Sync 1 DAGs
[2026-05-08T20:13:59.530+0000] {logging_mixin.py:188} INFO - [2026-05-08T20:13:59.530+0000] {dag.py:3954} INFO - Setting next_dagrun for job_intelligent_pipeline to 2026-05-08 06:00:00+00:00, run_after=2026-05-09 06:00:00+00:00
[2026-05-08T20:13:59.567+0000] {processor.py:183} INFO - Processing /opt/airflow/dags/dag_job_intelligent .py took 0.218 seconds
[2026-05-08T20:14:30.123+0000] {processor.py:161} INFO - Started process (PID=4531) to work on /opt/airflow/dags/dag_job_intelligent .py
[2026-05-08T20:14:30.125+0000] {processor.py:830} INFO - Processing file /opt/airflow/dags/dag_job_intelligent .py for tasks to queue
[2026-05-08T20:14:30.126+0000] {logging_mixin.py:188} INFO - [2026-05-08T20:14:30.126+0000] {dagbag.py:545} INFO - Filling up the DagBag from /opt/airflow/dags/dag_job_intelligent .py
[2026-05-08T20:14:30.166+0000] {processor.py:840} INFO - DAG(s) 'job_intelligent_pipeline' retrieved from /opt/airflow/dags/dag_job_intelligent .py
[2026-05-08T20:14:30.229+0000] {logging_mixin.py:188} INFO - [2026-05-08T20:14:30.229+0000] {dag.py:3096} INFO - Sync 1 DAGs
[2026-05-08T20:14:30.274+0000] {logging_mixin.py:188} INFO - [2026-05-08T20:14:30.273+0000] {dag.py:3954} INFO - Setting next_dagrun for job_intelligent_pipeline to 2026-05-08 06:00:00+00:00, run_after=2026-05-09 06:00:00+00:00
[2026-05-08T20:14:30.310+0000] {processor.py:183} INFO - Processing /opt/airflow/dags/dag_job_intelligent .py took 0.196 seconds
[2026-05-08T20:15:00.881+0000] {processor.py:161} INFO - Started process (PID=4546) to work on /opt/airflow/dags/dag_job_intelligent .py
[2026-05-08T20:15:00.883+0000] {processor.py:830} INFO - Processing file /opt/airflow/dags/dag_job_intelligent .py for tasks to queue
[2026-05-08T20:15:00.885+0000] {logging_mixin.py:188} INFO - [2026-05-08T20:15:00.884+0000] {dagbag.py:545} INFO - Filling up the DagBag from /opt/airflow/dags/dag_job_intelligent .py
[2026-05-08T20:15:00.927+0000] {processor.py:840} INFO - DAG(s) 'job_intelligent_pipeline' retrieved from /opt/airflow/dags/dag_job_intelligent .py
[2026-05-08T20:15:00.988+0000] {logging_mixin.py:188} INFO - [2026-05-08T20:15:00.987+0000] {dag.py:3096} INFO - Sync 1 DAGs
[2026-05-08T20:15:01.053+0000] {logging_mixin.py:188} INFO - [2026-05-08T20:15:01.052+0000] {dag.py:3954} INFO - Setting next_dagrun for job_intelligent_pipeline to 2026-05-08 06:00:00+00:00, run_after=2026-05-09 06:00:00+00:00
[2026-05-08T20:15:01.110+0000] {processor.py:183} INFO - Processing /opt/airflow/dags/dag_job_intelligent .py took 0.244 seconds
[2026-05-08T20:15:31.898+0000] {processor.py:161} INFO - Started process (PID=4560) to work on /opt/airflow/dags/dag_job_intelligent .py
[2026-05-08T20:15:31.899+0000] {processor.py:830} INFO - Processing file /opt/airflow/dags/dag_job_intelligent .py for tasks to queue
[2026-05-08T20:15:31.901+0000] {logging_mixin.py:188} INFO - [2026-05-08T20:15:31.900+0000] {dagbag.py:545} INFO - Filling up the DagBag from /opt/airflow/dags/dag_job_intelligent .py
[2026-05-08T20:15:31.942+0000] {processor.py:840} INFO - DAG(s) 'job_intelligent_pipeline' retrieved from /opt/airflow/dags/dag_job_intelligent .py
[2026-05-08T20:15:32.013+0000] {logging_mixin.py:188} INFO - [2026-05-08T20:15:32.013+0000] {dag.py:3096} INFO - Sync 1 DAGs
[2026-05-08T20:15:32.099+0000] {logging_mixin.py:188} INFO - [2026-05-08T20:15:32.094+0000] {dag.py:3954} INFO - Setting next_dagrun for job_intelligent_pipeline to 2026-05-08 06:00:00+00:00, run_after=2026-05-09 06:00:00+00:00
[2026-05-08T20:15:32.170+0000] {processor.py:183} INFO - Processing /opt/airflow/dags/dag_job_intelligent .py took 0.281 seconds
[2026-05-08T20:16:02.884+0000] {processor.py:161} INFO - Started process (PID=4568) to work on /opt/airflow/dags/dag_job_intelligent .py
[2026-05-08T20:16:02.887+0000] {processor.py:830} INFO - Processing file /opt/airflow/dags/dag_job_intelligent .py for tasks to queue
[2026-05-08T20:16:02.890+0000] {logging_mixin.py:188} INFO - [2026-05-08T20:16:02.889+0000] {dagbag.py:545} INFO - Filling up the DagBag from /opt/airflow/dags/dag_job_intelligent .py
[2026-05-08T20:16:02.942+0000] {processor.py:840} INFO - DAG(s) 'job_intelligent_pipeline' retrieved from /opt/airflow/dags/dag_job_intelligent .py
[2026-05-08T20:16:03.022+0000] {logging_mixin.py:188} INFO - [2026-05-08T20:16:03.021+0000] {dag.py:3096} INFO - Sync 1 DAGs
[2026-05-08T20:16:03.074+0000] {logging_mixin.py:188} INFO - [2026-05-08T20:16:03.074+0000] {dag.py:3954} INFO - Setting next_dagrun for job_intelligent_pipeline to 2026-05-08 06:00:00+00:00, run_after=2026-05-09 06:00:00+00:00
[2026-05-08T20:16:03.111+0000] {processor.py:183} INFO - Processing /opt/airflow/dags/dag_job_intelligent .py took 0.240 seconds
[2026-05-08T20:16:33.587+0000] {processor.py:161} INFO - Started process (PID=4582) to work on /opt/airflow/dags/dag_job_intelligent .py
[2026-05-08T20:16:33.590+0000] {processor.py:830} INFO - Processing file /opt/airflow/dags/dag_job_intelligent .py for tasks to queue
[2026-05-08T20:16:33.592+0000] {logging_mixin.py:188} INFO - [2026-05-08T20:16:33.591+0000] {dagbag.py:545} INFO - Filling up the DagBag from /opt/airflow/dags/dag_job_intelligent .py
[2026-05-08T20:16:33.648+0000] {processor.py:840} INFO - DAG(s) 'job_intelligent_pipeline' retrieved from /opt/airflow/dags/dag_job_intelligent .py
[2026-05-08T20:16:33.714+0000] {logging_mixin.py:188} INFO - [2026-05-08T20:16:33.713+0000] {dag.py:3096} INFO - Sync 1 DAGs
[2026-05-08T20:16:33.759+0000] {logging_mixin.py:188} INFO - [2026-05-08T20:16:33.758+0000] {dag.py:3954} INFO - Setting next_dagrun for job_intelligent_pipeline to 2026-05-08 06:00:00+00:00, run_after=2026-05-09 06:00:00+00:00
[2026-05-08T20:16:33.807+0000] {processor.py:183} INFO - Processing /opt/airflow/dags/dag_job_intelligent .py took 0.236 seconds
[2026-05-08T20:17:03.985+0000] {processor.py:161} INFO - Started process (PID=4590) to work on /opt/airflow/dags/dag_job_intelligent .py
[2026-05-08T20:17:03.988+0000] {processor.py:830} INFO - Processing file /opt/airflow/dags/dag_job_intelligent .py for tasks to queue
[2026-05-08T20:17:03.990+0000] {logging_mixin.py:188} INFO - [2026-05-08T20:17:03.990+0000] {dagbag.py:545} INFO - Filling up the DagBag from /opt/airflow/dags/dag_job_intelligent .py
[2026-05-08T20:17:04.156+0000] {processor.py:840} INFO - DAG(s) 'job_intelligent_pipeline' retrieved from /opt/airflow/dags/dag_job_intelligent .py
[2026-05-08T20:17:04.404+0000] {logging_mixin.py:188} INFO - [2026-05-08T20:17:04.403+0000] {dag.py:3096} INFO - Sync 1 DAGs
[2026-05-08T20:17:04.648+0000] {logging_mixin.py:188} INFO - [2026-05-08T20:17:04.648+0000] {dag.py:3954} INFO - Setting next_dagrun for job_intelligent_pipeline to 2026-05-08 06:00:00+00:00, run_after=2026-05-09 06:00:00+00:00
[2026-05-08T20:17:04.815+0000] {processor.py:183} INFO - Processing /opt/airflow/dags/dag_job_intelligent .py took 0.850 seconds
[2026-05-08T20:17:35.213+0000] {processor.py:161} INFO - Started process (PID=4604) to work on /opt/airflow/dags/dag_job_intelligent .py
[2026-05-08T20:17:35.214+0000] {processor.py:830} INFO - Processing file /opt/airflow/dags/dag_job_intelligent .py for tasks to queue
[2026-05-08T20:17:35.216+0000] {logging_mixin.py:188} INFO - [2026-05-08T20:17:35.216+0000] {dagbag.py:545} INFO - Filling up the DagBag from /opt/airflow/dags/dag_job_intelligent .py
[2026-05-08T20:17:35.286+0000] {processor.py:840} INFO - DAG(s) 'job_intelligent_pipeline' retrieved from /opt/airflow/dags/dag_job_intelligent .py
[2026-05-08T20:17:35.398+0000] {logging_mixin.py:188} INFO - [2026-05-08T20:17:35.397+0000] {dag.py:3096} INFO - Sync 1 DAGs
[2026-05-08T20:17:35.450+0000] {logging_mixin.py:188} INFO - [2026-05-08T20:17:35.450+0000] {dag.py:3954} INFO - Setting next_dagrun for job_intelligent_pipeline to 2026-05-08 06:00:00+00:00, run_after=2026-05-09 06:00:00+00:00
[2026-05-08T20:17:35.487+0000] {processor.py:183} INFO - Processing /opt/airflow/dags/dag_job_intelligent .py took 0.286 seconds
[2026-05-08T20:18:05.790+0000] {processor.py:161} INFO - Started process (PID=4612) to work on /opt/airflow/dags/dag_job_intelligent .py
[2026-05-08T20:18:05.791+0000] {processor.py:830} INFO - Processing file /opt/airflow/dags/dag_job_intelligent .py for tasks to queue
[2026-05-08T20:18:05.793+0000] {logging_mixin.py:188} INFO - [2026-05-08T20:18:05.793+0000] {dagbag.py:545} INFO - Filling up the DagBag from /opt/airflow/dags/dag_job_intelligent .py
[2026-05-08T20:18:05.904+0000] {processor.py:840} INFO - DAG(s) 'job_intelligent_pipeline' retrieved from /opt/airflow/dags/dag_job_intelligent .py
[2026-05-08T20:18:06.036+0000] {logging_mixin.py:188} INFO - [2026-05-08T20:18:06.035+0000] {dag.py:3096} INFO - Sync 1 DAGs
[2026-05-08T20:18:06.107+0000] {logging_mixin.py:188} INFO - [2026-05-08T20:18:06.106+0000] {dag.py:3954} INFO - Setting next_dagrun for job_intelligent_pipeline to 2026-05-08 06:00:00+00:00, run_after=2026-05-09 06:00:00+00:00
[2026-05-08T20:18:06.161+0000] {processor.py:183} INFO - Processing /opt/airflow/dags/dag_job_intelligent .py took 0.393 seconds
[2026-05-08T20:18:36.404+0000] {processor.py:161} INFO - Started process (PID=4625) to work on /opt/airflow/dags/dag_job_intelligent .py
[2026-05-08T20:18:36.406+0000] {processor.py:830} INFO - Processing file /opt/airflow/dags/dag_job_intelligent .py for tasks to queue
[2026-05-08T20:18:36.408+0000] {logging_mixin.py:188} INFO - [2026-05-08T20:18:36.407+0000] {dagbag.py:545} INFO - Filling up the DagBag from /opt/airflow/dags/dag_job_intelligent .py
[2026-05-08T20:18:36.490+0000] {processor.py:840} INFO - DAG(s) 'job_intelligent_pipeline' retrieved from /opt/airflow/dags/dag_job_intelligent .py
[2026-05-08T20:18:36.646+0000] {logging_mixin.py:188} INFO - [2026-05-08T20:18:36.646+0000] {dag.py:3096} INFO - Sync 1 DAGs
[2026-05-08T20:18:36.763+0000] {logging_mixin.py:188} INFO - [2026-05-08T20:18:36.762+0000] {dag.py:3954} INFO - Setting next_dagrun for job_intelligent_pipeline to 2026-05-08 06:00:00+00:00, run_after=2026-05-09 06:00:00+00:00
[2026-05-08T20:18:36.825+0000] {processor.py:183} INFO - Processing /opt/airflow/dags/dag_job_intelligent .py took 0.436 seconds
[2026-05-08T20:19:07.193+0000] {processor.py:161} INFO - Started process (PID=4633) to work on /opt/airflow/dags/dag_job_intelligent .py
[2026-05-08T20:19:07.195+0000] {processor.py:830} INFO - Processing file /opt/airflow/dags/dag_job_intelligent .py for tasks to queue
[2026-05-08T20:19:07.197+0000] {logging_mixin.py:188} INFO - [2026-05-08T20:19:07.196+0000] {dagbag.py:545} INFO - Filling up the DagBag from /opt/airflow/dags/dag_job_intelligent .py
[2026-05-08T20:19:07.266+0000] {processor.py:840} INFO - DAG(s) 'job_intelligent_pipeline' retrieved from /opt/airflow/dags/dag_job_intelligent .py
[2026-05-08T20:19:07.407+0000] {logging_mixin.py:188} INFO - [2026-05-08T20:19:07.407+0000] {dag.py:3096} INFO - Sync 1 DAGs
[2026-05-08T20:19:07.468+0000] {logging_mixin.py:188} INFO - [2026-05-08T20:19:07.467+0000] {dag.py:3954} INFO - Setting next_dagrun for job_intelligent_pipeline to 2026-05-08 06:00:00+00:00, run_after=2026-05-09 06:00:00+00:00
[2026-05-08T20:19:07.601+0000] {processor.py:183} INFO - Processing /opt/airflow/dags/dag_job_intelligent .py took 0.420 seconds
[2026-05-08T20:19:37.893+0000] {processor.py:161} INFO - Started process (PID=4646) to work on /opt/airflow/dags/dag_job_intelligent .py
[2026-05-08T20:19:37.895+0000] {processor.py:830} INFO - Processing file /opt/airflow/dags/dag_job_intelligent .py for tasks to queue
[2026-05-08T20:19:37.898+0000] {logging_mixin.py:188} INFO - [2026-05-08T20:19:37.897+0000] {dagbag.py:545} INFO - Filling up the DagBag from /opt/airflow/dags/dag_job_intelligent .py
[2026-05-08T20:19:37.962+0000] {processor.py:840} INFO - DAG(s) 'job_intelligent_pipeline' retrieved from /opt/airflow/dags/dag_job_intelligent .py
[2026-05-08T20:19:38.042+0000] {logging_mixin.py:188} INFO - [2026-05-08T20:19:38.042+0000] {dag.py:3096} INFO - Sync 1 DAGs
[2026-05-08T20:19:38.104+0000] {logging_mixin.py:188} INFO - [2026-05-08T20:19:38.104+0000] {dag.py:3954} INFO - Setting next_dagrun for job_intelligent_pipeline to 2026-05-08 06:00:00+00:00, run_after=2026-05-09 06:00:00+00:00
[2026-05-08T20:19:38.182+0000] {processor.py:183} INFO - Processing /opt/airflow/dags/dag_job_intelligent .py took 0.307 seconds
[2026-05-08T20:20:08.896+0000] {processor.py:161} INFO - Started process (PID=4654) to work on /opt/airflow/dags/dag_job_intelligent .py
[2026-05-08T20:20:08.898+0000] {processor.py:830} INFO - Processing file /opt/airflow/dags/dag_job_intelligent .py for tasks to queue
[2026-05-08T20:20:08.900+0000] {logging_mixin.py:188} INFO - [2026-05-08T20:20:08.900+0000] {dagbag.py:545} INFO - Filling up the DagBag from /opt/airflow/dags/dag_job_intelligent .py
[2026-05-08T20:20:09.087+0000] {processor.py:840} INFO - DAG(s) 'job_intelligent_pipeline' retrieved from /opt/airflow/dags/dag_job_intelligent .py
[2026-05-08T20:20:09.370+0000] {logging_mixin.py:188} INFO - [2026-05-08T20:20:09.369+0000] {dag.py:3096} INFO - Sync 1 DAGs
[2026-05-08T20:20:09.592+0000] {logging_mixin.py:188} INFO - [2026-05-08T20:20:09.589+0000] {dag.py:3954} INFO - Setting next_dagrun for job_intelligent_pipeline to 2026-05-08 06:00:00+00:00, run_after=2026-05-09 06:00:00+00:00
[2026-05-08T20:20:09.659+0000] {processor.py:183} INFO - Processing /opt/airflow/dags/dag_job_intelligent .py took 0.799 seconds
[2026-05-08T20:20:39.827+0000] {processor.py:161} INFO - Started process (PID=4667) to work on /opt/airflow/dags/dag_job_intelligent .py
[2026-05-08T20:20:39.829+0000] {processor.py:830} INFO - Processing file /opt/airflow/dags/dag_job_intelligent .py for tasks to queue
[2026-05-08T20:20:39.831+0000] {logging_mixin.py:188} INFO - [2026-05-08T20:20:39.830+0000] {dagbag.py:545} INFO - Filling up the DagBag from /opt/airflow/dags/dag_job_intelligent .py
[2026-05-08T20:20:39.878+0000] {processor.py:840} INFO - DAG(s) 'job_intelligent_pipeline' retrieved from /opt/airflow/dags/dag_job_intelligent .py
[2026-05-08T20:20:39.991+0000] {logging_mixin.py:188} INFO - [2026-05-08T20:20:39.990+0000] {dag.py:3096} INFO - Sync 1 DAGs
[2026-05-08T20:20:40.083+0000] {logging_mixin.py:188} INFO - [2026-05-08T20:20:40.083+0000] {dag.py:3954} INFO - Setting next_dagrun for job_intelligent_pipeline to 2026-05-08 06:00:00+00:00, run_after=2026-05-09 06:00:00+00:00
[2026-05-08T20:20:40.178+0000] {processor.py:183} INFO - Processing /opt/airflow/dags/dag_job_intelligent .py took 0.364 seconds
[2026-05-08T20:21:10.368+0000] {processor.py:161} INFO - Started process (PID=4675) to work on /opt/airflow/dags/dag_job_intelligent .py
[2026-05-08T20:21:10.370+0000] {processor.py:830} INFO - Processing file /opt/airflow/dags/dag_job_intelligent .py for tasks to queue
[2026-05-08T20:21:10.372+0000] {logging_mixin.py:188} INFO - [2026-05-08T20:21:10.372+0000] {dagbag.py:545} INFO - Filling up the DagBag from /opt/airflow/dags/dag_job_intelligent .py
[2026-05-08T20:21:10.439+0000] {processor.py:840} INFO - DAG(s) 'job_intelligent_pipeline' retrieved from /opt/airflow/dags/dag_job_intelligent .py
[2026-05-08T20:21:10.545+0000] {logging_mixin.py:188} INFO - [2026-05-08T20:21:10.544+0000] {dag.py:3096} INFO - Sync 1 DAGs
[2026-05-08T20:21:10.617+0000] {logging_mixin.py:188} INFO - [2026-05-08T20:21:10.616+0000] {dag.py:3954} INFO - Setting next_dagrun for job_intelligent_pipeline to 2026-05-08 06:00:00+00:00, run_after=2026-05-09 06:00:00+00:00
[2026-05-08T20:21:10.657+0000] {processor.py:183} INFO - Processing /opt/airflow/dags/dag_job_intelligent .py took 0.301 seconds
[2026-05-08T20:21:41.225+0000] {processor.py:161} INFO - Started process (PID=4690) to work on /opt/airflow/dags/dag_job_intelligent .py
[2026-05-08T20:21:41.227+0000] {processor.py:830} INFO - Processing file /opt/airflow/dags/dag_job_intelligent .py for tasks to queue
[2026-05-08T20:21:41.231+0000] {logging_mixin.py:188} INFO - [2026-05-08T20:21:41.228+0000] {dagbag.py:545} INFO - Filling up the DagBag from /opt/airflow/dags/dag_job_intelligent .py
[2026-05-08T20:21:41.291+0000] {processor.py:840} INFO - DAG(s) 'job_intelligent_pipeline' retrieved from /opt/airflow/dags/dag_job_intelligent .py
[2026-05-08T20:21:41.442+0000] {logging_mixin.py:188} INFO - [2026-05-08T20:21:41.441+0000] {dag.py:3096} INFO - Sync 1 DAGs
[2026-05-08T20:21:41.521+0000] {logging_mixin.py:188} INFO - [2026-05-08T20:21:41.521+0000] {dag.py:3954} INFO - Setting next_dagrun for job_intelligent_pipeline to 2026-05-08 06:00:00+00:00, run_after=2026-05-09 06:00:00+00:00
[2026-05-08T20:21:41.591+0000] {processor.py:183} INFO - Processing /opt/airflow/dags/dag_job_intelligent .py took 0.390 seconds
[2026-05-08T20:22:11.999+0000] {processor.py:161} INFO - Started process (PID=4698) to work on /opt/airflow/dags/dag_job_intelligent .py
[2026-05-08T20:22:12.009+0000] {processor.py:830} INFO - Processing file /opt/airflow/dags/dag_job_intelligent .py for tasks to queue
[2026-05-08T20:22:12.011+0000] {logging_mixin.py:188} INFO - [2026-05-08T20:22:12.010+0000] {dagbag.py:545} INFO - Filling up the DagBag from /opt/airflow/dags/dag_job_intelligent .py
[2026-05-08T20:22:12.110+0000] {processor.py:840} INFO - DAG(s) 'job_intelligent_pipeline' retrieved from /opt/airflow/dags/dag_job_intelligent .py
[2026-05-08T20:22:12.264+0000] {logging_mixin.py:188} INFO - [2026-05-08T20:22:12.264+0000] {dag.py:3096} INFO - Sync 1 DAGs
[2026-05-08T20:22:12.316+0000] {logging_mixin.py:188} INFO - [2026-05-08T20:22:12.316+0000] {dag.py:3954} INFO - Setting next_dagrun for job_intelligent_pipeline to 2026-05-08 06:00:00+00:00, run_after=2026-05-09 06:00:00+00:00
[2026-05-08T20:22:12.369+0000] {processor.py:183} INFO - Processing /opt/airflow/dags/dag_job_intelligent .py took 0.390 seconds
[2026-05-08T20:22:42.695+0000] {processor.py:161} INFO - Started process (PID=4712) to work on /opt/airflow/dags/dag_job_intelligent .py
[2026-05-08T20:22:42.759+0000] {processor.py:830} INFO - Processing file /opt/airflow/dags/dag_job_intelligent .py for tasks to queue
[2026-05-08T20:22:42.840+0000] {logging_mixin.py:188} INFO - [2026-05-08T20:22:42.839+0000] {dagbag.py:545} INFO - Filling up the DagBag from /opt/airflow/dags/dag_job_intelligent .py
[2026-05-08T20:22:43.138+0000] {processor.py:840} INFO - DAG(s) 'job_intelligent_pipeline' retrieved from /opt/airflow/dags/dag_job_intelligent .py
[2026-05-08T20:22:43.411+0000] {logging_mixin.py:188} INFO - [2026-05-08T20:22:43.409+0000] {dag.py:3096} INFO - Sync 1 DAGs
[2026-05-08T20:22:43.482+0000] {logging_mixin.py:188} INFO - [2026-05-08T20:22:43.482+0000] {dag.py:3954} INFO - Setting next_dagrun for job_intelligent_pipeline to 2026-05-08 06:00:00+00:00, run_after=2026-05-09 06:00:00+00:00
[2026-05-08T20:22:43.615+0000] {processor.py:183} INFO - Processing /opt/airflow/dags/dag_job_intelligent .py took 0.936 seconds
[2026-05-08T20:23:14.052+0000] {processor.py:161} INFO - Started process (PID=4721) to work on /opt/airflow/dags/dag_job_intelligent .py
[2026-05-08T20:23:14.070+0000] {processor.py:830} INFO - Processing file /opt/airflow/dags/dag_job_intelligent .py for tasks to queue
[2026-05-08T20:23:14.074+0000] {logging_mixin.py:188} INFO - [2026-05-08T20:23:14.073+0000] {dagbag.py:545} INFO - Filling up the DagBag from /opt/airflow/dags/dag_job_intelligent .py
[2026-05-08T20:23:14.305+0000] {processor.py:840} INFO - DAG(s) 'job_intelligent_pipeline' retrieved from /opt/airflow/dags/dag_job_intelligent .py
[2026-05-08T20:23:14.500+0000] {logging_mixin.py:188} INFO - [2026-05-08T20:23:14.496+0000] {dag.py:3096} INFO - Sync 1 DAGs
[2026-05-08T20:23:14.726+0000] {logging_mixin.py:188} INFO - [2026-05-08T20:23:14.720+0000] {dag.py:3954} INFO - Setting next_dagrun for job_intelligent_pipeline to 2026-05-08 06:00:00+00:00, run_after=2026-05-09 06:00:00+00:00
[2026-05-08T20:23:14.968+0000] {processor.py:183} INFO - Processing /opt/airflow/dags/dag_job_intelligent .py took 0.950 seconds
[2026-05-08T20:23:46.083+0000] {processor.py:161} INFO - Started process (PID=4734) to work on /opt/airflow/dags/dag_job_intelligent .py
[2026-05-08T20:23:46.085+0000] {processor.py:830} INFO - Processing file /opt/airflow/dags/dag_job_intelligent .py for tasks to queue
[2026-05-08T20:23:46.087+0000] {logging_mixin.py:188} INFO - [2026-05-08T20:23:46.087+0000] {dagbag.py:545} INFO - Filling up the DagBag from /opt/airflow/dags/dag_job_intelligent .py
[2026-05-08T20:23:46.154+0000] {processor.py:840} INFO - DAG(s) 'job_intelligent_pipeline' retrieved from /opt/airflow/dags/dag_job_intelligent .py
[2026-05-08T20:23:46.249+0000] {logging_mixin.py:188} INFO - [2026-05-08T20:23:46.249+0000] {dag.py:3096} INFO - Sync 1 DAGs
[2026-05-08T20:23:46.339+0000] {logging_mixin.py:188} INFO - [2026-05-08T20:23:46.338+0000] {dag.py:3954} INFO - Setting next_dagrun for job_intelligent_pipeline to 2026-05-08 06:00:00+00:00, run_after=2026-05-09 06:00:00+00:00
[2026-05-08T20:23:46.411+0000] {processor.py:183} INFO - Processing /opt/airflow/dags/dag_job_intelligent .py took 0.351 seconds
[2026-05-08T20:24:16.889+0000] {processor.py:161} INFO - Started process (PID=4741) to work on /opt/airflow/dags/dag_job_intelligent .py
[2026-05-08T20:24:16.892+0000] {processor.py:830} INFO - Processing file /opt/airflow/dags/dag_job_intelligent .py for tasks to queue
[2026-05-08T20:24:16.894+0000] {logging_mixin.py:188} INFO - [2026-05-08T20:24:16.894+0000] {dagbag.py:545} INFO - Filling up the DagBag from /opt/airflow/dags/dag_job_intelligent .py
[2026-05-08T20:24:16.962+0000] {processor.py:840} INFO - DAG(s) 'job_intelligent_pipeline' retrieved from /opt/airflow/dags/dag_job_intelligent .py
[2026-05-08T20:24:17.201+0000] {logging_mixin.py:188} INFO - [2026-05-08T20:24:17.201+0000] {dag.py:3096} INFO - Sync 1 DAGs
[2026-05-08T20:24:17.389+0000] {logging_mixin.py:188} INFO - [2026-05-08T20:24:17.388+0000] {dag.py:3954} INFO - Setting next_dagrun for job_intelligent_pipeline to 2026-05-08 06:00:00+00:00, run_after=2026-05-09 06:00:00+00:00
[2026-05-08T20:24:17.516+0000] {processor.py:183} INFO - Processing /opt/airflow/dags/dag_job_intelligent .py took 0.642 seconds
[2026-05-08T20:24:47.942+0000] {processor.py:161} INFO - Started process (PID=4756) to work on /opt/airflow/dags/dag_job_intelligent .py
[2026-05-08T20:24:47.944+0000] {processor.py:830} INFO - Processing file /opt/airflow/dags/dag_job_intelligent .py for tasks to queue
[2026-05-08T20:24:47.949+0000] {logging_mixin.py:188} INFO - [2026-05-08T20:24:47.948+0000] {dagbag.py:545} INFO - Filling up the DagBag from /opt/airflow/dags/dag_job_intelligent .py
[2026-05-08T20:24:48.021+0000] {processor.py:840} INFO - DAG(s) 'job_intelligent_pipeline' retrieved from /opt/airflow/dags/dag_job_intelligent .py
[2026-05-08T20:24:48.177+0000] {logging_mixin.py:188} INFO - [2026-05-08T20:24:48.176+0000] {dag.py:3096} INFO - Sync 1 DAGs
[2026-05-08T20:24:48.228+0000] {logging_mixin.py:188} INFO - [2026-05-08T20:24:48.228+0000] {dag.py:3954} INFO - Setting next_dagrun for job_intelligent_pipeline to 2026-05-08 06:00:00+00:00, run_after=2026-05-09 06:00:00+00:00
[2026-05-08T20:24:48.275+0000] {processor.py:183} INFO - Processing /opt/airflow/dags/dag_job_intelligent .py took 0.351 seconds
[2026-05-08T20:25:18.597+0000] {processor.py:161} INFO - Started process (PID=4771) to work on /opt/airflow/dags/dag_job_intelligent .py
[2026-05-08T20:25:18.599+0000] {processor.py:830} INFO - Processing file /opt/airflow/dags/dag_job_intelligent .py for tasks to queue
[2026-05-08T20:25:18.601+0000] {logging_mixin.py:188} INFO - [2026-05-08T20:25:18.600+0000] {dagbag.py:545} INFO - Filling up the DagBag from /opt/airflow/dags/dag_job_intelligent .py
[2026-05-08T20:25:18.664+0000] {processor.py:840} INFO - DAG(s) 'job_intelligent_pipeline' retrieved from /opt/airflow/dags/dag_job_intelligent .py
[2026-05-08T20:25:18.967+0000] {logging_mixin.py:188} INFO - [2026-05-08T20:25:18.963+0000] {dag.py:3096} INFO - Sync 1 DAGs
[2026-05-08T20:25:19.139+0000] {logging_mixin.py:188} INFO - [2026-05-08T20:25:19.139+0000] {dag.py:3954} INFO - Setting next_dagrun for job_intelligent_pipeline to 2026-05-08 06:00:00+00:00, run_after=2026-05-09 06:00:00+00:00
[2026-05-08T20:25:19.322+0000] {processor.py:183} INFO - Processing /opt/airflow/dags/dag_job_intelligent .py took 0.736 seconds
[2026-05-08T20:25:49.645+0000] {processor.py:161} INFO - Started process (PID=4779) to work on /opt/airflow/dags/dag_job_intelligent .py
[2026-05-08T20:25:49.648+0000] {processor.py:830} INFO - Processing file /opt/airflow/dags/dag_job_intelligent .py for tasks to queue
[2026-05-08T20:25:49.650+0000] {logging_mixin.py:188} INFO - [2026-05-08T20:25:49.649+0000] {dagbag.py:545} INFO - Filling up the DagBag from /opt/airflow/dags/dag_job_intelligent .py
[2026-05-08T20:25:49.809+0000] {processor.py:840} INFO - DAG(s) 'job_intelligent_pipeline' retrieved from /opt/airflow/dags/dag_job_intelligent .py
[2026-05-08T20:25:50.002+0000] {logging_mixin.py:188} INFO - [2026-05-08T20:25:50.001+0000] {dag.py:3096} INFO - Sync 1 DAGs
[2026-05-08T20:25:50.138+0000] {logging_mixin.py:188} INFO - [2026-05-08T20:25:50.137+0000] {dag.py:3954} INFO - Setting next_dagrun for job_intelligent_pipeline to 2026-05-08 06:00:00+00:00, run_after=2026-05-09 06:00:00+00:00
[2026-05-08T20:25:50.237+0000] {processor.py:183} INFO - Processing /opt/airflow/dags/dag_job_intelligent .py took 0.623 seconds
[2026-05-08T20:26:20.464+0000] {processor.py:161} INFO - Started process (PID=4794) to work on /opt/airflow/dags/dag_job_intelligent .py
[2026-05-08T20:26:20.466+0000] {processor.py:830} INFO - Processing file /opt/airflow/dags/dag_job_intelligent .py for tasks to queue
[2026-05-08T20:26:20.468+0000] {logging_mixin.py:188} INFO - [2026-05-08T20:26:20.467+0000] {dagbag.py:545} INFO - Filling up the DagBag from /opt/airflow/dags/dag_job_intelligent .py
[2026-05-08T20:26:20.615+0000] {processor.py:840} INFO - DAG(s) 'job_intelligent_pipeline' retrieved from /opt/airflow/dags/dag_job_intelligent .py
[2026-05-08T20:26:20.717+0000] {logging_mixin.py:188} INFO - [2026-05-08T20:26:20.717+0000] {dag.py:3096} INFO - Sync 1 DAGs
[2026-05-08T20:26:20.762+0000] {logging_mixin.py:188} INFO - [2026-05-08T20:26:20.762+0000] {dag.py:3954} INFO - Setting next_dagrun for job_intelligent_pipeline to 2026-05-08 06:00:00+00:00, run_after=2026-05-09 06:00:00+00:00
[2026-05-08T20:26:21.087+0000] {processor.py:183} INFO - Processing /opt/airflow/dags/dag_job_intelligent .py took 0.637 seconds
[2026-05-08T20:26:51.272+0000] {processor.py:161} INFO - Started process (PID=4802) to work on /opt/airflow/dags/dag_job_intelligent .py
[2026-05-08T20:26:51.274+0000] {processor.py:830} INFO - Processing file /opt/airflow/dags/dag_job_intelligent .py for tasks to queue
[2026-05-08T20:26:51.278+0000] {logging_mixin.py:188} INFO - [2026-05-08T20:26:51.277+0000] {dagbag.py:545} INFO - Filling up the DagBag from /opt/airflow/dags/dag_job_intelligent .py
[2026-05-08T20:26:51.455+0000] {processor.py:840} INFO - DAG(s) 'job_intelligent_pipeline' retrieved from /opt/airflow/dags/dag_job_intelligent .py
[2026-05-08T20:26:51.562+0000] {logging_mixin.py:188} INFO - [2026-05-08T20:26:51.561+0000] {dag.py:3096} INFO - Sync 1 DAGs
[2026-05-08T20:26:51.634+0000] {logging_mixin.py:188} INFO - [2026-05-08T20:26:51.633+0000] {dag.py:3954} INFO - Setting next_dagrun for job_intelligent_pipeline to 2026-05-08 06:00:00+00:00, run_after=2026-05-09 06:00:00+00:00
[2026-05-08T20:26:51.681+0000] {processor.py:183} INFO - Processing /opt/airflow/dags/dag_job_intelligent .py took 0.427 seconds
[2026-05-08T20:27:22.084+0000] {processor.py:161} INFO - Started process (PID=4817) to work on /opt/airflow/dags/dag_job_intelligent .py
[2026-05-08T20:27:22.097+0000] {processor.py:830} INFO - Processing file /opt/airflow/dags/dag_job_intelligent .py for tasks to queue
[2026-05-08T20:27:22.103+0000] {logging_mixin.py:188} INFO - [2026-05-08T20:27:22.102+0000] {dagbag.py:545} INFO - Filling up the DagBag from /opt/airflow/dags/dag_job_intelligent .py
[2026-05-08T20:27:22.254+0000] {processor.py:840} INFO - DAG(s) 'job_intelligent_pipeline' retrieved from /opt/airflow/dags/dag_job_intelligent .py
[2026-05-08T20:27:22.333+0000] {logging_mixin.py:188} INFO - [2026-05-08T20:27:22.332+0000] {dag.py:3096} INFO - Sync 1 DAGs
[2026-05-08T20:27:22.446+0000] {logging_mixin.py:188} INFO - [2026-05-08T20:27:22.445+0000] {dag.py:3954} INFO - Setting next_dagrun for job_intelligent_pipeline to 2026-05-08 06:00:00+00:00, run_after=2026-05-09 06:00:00+00:00
[2026-05-08T20:27:22.522+0000] {processor.py:183} INFO - Processing /opt/airflow/dags/dag_job_intelligent .py took 0.474 seconds
[2026-05-08T20:27:52.890+0000] {processor.py:161} INFO - Started process (PID=4825) to work on /opt/airflow/dags/dag_job_intelligent .py
[2026-05-08T20:27:52.894+0000] {processor.py:830} INFO - Processing file /opt/airflow/dags/dag_job_intelligent .py for tasks to queue
[2026-05-08T20:27:52.900+0000] {logging_mixin.py:188} INFO - [2026-05-08T20:27:52.899+0000] {dagbag.py:545} INFO - Filling up the DagBag from /opt/airflow/dags/dag_job_intelligent .py
[2026-05-08T20:27:52.989+0000] {processor.py:840} INFO - DAG(s) 'job_intelligent_pipeline' retrieved from /opt/airflow/dags/dag_job_intelligent .py
[2026-05-08T20:27:53.060+0000] {logging_mixin.py:188} INFO - [2026-05-08T20:27:53.059+0000] {dag.py:3096} INFO - Sync 1 DAGs
[2026-05-08T20:27:53.113+0000] {logging_mixin.py:188} INFO - [2026-05-08T20:27:53.112+0000] {dag.py:3954} INFO - Setting next_dagrun for job_intelligent_pipeline to 2026-05-08 06:00:00+00:00, run_after=2026-05-09 06:00:00+00:00
[2026-05-08T20:27:53.159+0000] {processor.py:183} INFO - Processing /opt/airflow/dags/dag_job_intelligent .py took 0.301 seconds
[2026-05-08T20:28:23.649+0000] {processor.py:161} INFO - Started process (PID=4838) to work on /opt/airflow/dags/dag_job_intelligent .py
[2026-05-08T20:28:23.655+0000] {processor.py:830} INFO - Processing file /opt/airflow/dags/dag_job_intelligent .py for tasks to queue
[2026-05-08T20:28:23.661+0000] {logging_mixin.py:188} INFO - [2026-05-08T20:28:23.660+0000] {dagbag.py:545} INFO - Filling up the DagBag from /opt/airflow/dags/dag_job_intelligent .py
[2026-05-08T20:28:23.747+0000] {processor.py:840} INFO - DAG(s) 'job_intelligent_pipeline' retrieved from /opt/airflow/dags/dag_job_intelligent .py
[2026-05-08T20:28:23.971+0000] {logging_mixin.py:188} INFO - [2026-05-08T20:28:23.970+0000] {dag.py:3096} INFO - Sync 1 DAGs
[2026-05-08T20:28:24.091+0000] {logging_mixin.py:188} INFO - [2026-05-08T20:28:24.090+0000] {dag.py:3954} INFO - Setting next_dagrun for job_intelligent_pipeline to 2026-05-08 06:00:00+00:00, run_after=2026-05-09 06:00:00+00:00
[2026-05-08T20:28:24.856+0000] {processor.py:183} INFO - Processing /opt/airflow/dags/dag_job_intelligent .py took 1.224 seconds
[2026-05-08T20:28:55.680+0000] {processor.py:161} INFO - Started process (PID=4846) to work on /opt/airflow/dags/dag_job_intelligent .py
[2026-05-08T20:28:55.687+0000] {processor.py:830} INFO - Processing file /opt/airflow/dags/dag_job_intelligent .py for tasks to queue
[2026-05-08T20:28:55.691+0000] {logging_mixin.py:188} INFO - [2026-05-08T20:28:55.690+0000] {dagbag.py:545} INFO - Filling up the DagBag from /opt/airflow/dags/dag_job_intelligent .py
[2026-05-08T20:28:55.908+0000] {processor.py:840} INFO - DAG(s) 'job_intelligent_pipeline' retrieved from /opt/airflow/dags/dag_job_intelligent .py
[2026-05-08T20:28:56.233+0000] {logging_mixin.py:188} INFO - [2026-05-08T20:28:56.233+0000] {dag.py:3096} INFO - Sync 1 DAGs
[2026-05-08T20:28:56.317+0000] {logging_mixin.py:188} INFO - [2026-05-08T20:28:56.316+0000] {dag.py:3954} INFO - Setting next_dagrun for job_intelligent_pipeline to 2026-05-08 06:00:00+00:00, run_after=2026-05-09 06:00:00+00:00
[2026-05-08T20:28:56.379+0000] {processor.py:183} INFO - Processing /opt/airflow/dags/dag_job_intelligent .py took 0.778 seconds
[2026-05-08T20:29:26.680+0000] {processor.py:161} INFO - Started process (PID=4860) to work on /opt/airflow/dags/dag_job_intelligent .py
[2026-05-08T20:29:26.682+0000] {processor.py:830} INFO - Processing file /opt/airflow/dags/dag_job_intelligent .py for tasks to queue
[2026-05-08T20:29:26.684+0000] {logging_mixin.py:188} INFO - [2026-05-08T20:29:26.684+0000] {dagbag.py:545} INFO - Filling up the DagBag from /opt/airflow/dags/dag_job_intelligent .py
[2026-05-08T20:29:26.762+0000] {processor.py:840} INFO - DAG(s) 'job_intelligent_pipeline' retrieved from /opt/airflow/dags/dag_job_intelligent .py
[2026-05-08T20:29:27.047+0000] {logging_mixin.py:188} INFO - [2026-05-08T20:29:27.046+0000] {dag.py:3096} INFO - Sync 1 DAGs
[2026-05-08T20:29:27.266+0000] {logging_mixin.py:188} INFO - [2026-05-08T20:29:27.265+0000] {dag.py:3954} INFO - Setting next_dagrun for job_intelligent_pipeline to 2026-05-08 06:00:00+00:00, run_after=2026-05-09 06:00:00+00:00
[2026-05-08T20:29:27.368+0000] {processor.py:183} INFO - Processing /opt/airflow/dags/dag_job_intelligent .py took 0.729 seconds
[2026-05-08T20:29:57.787+0000] {processor.py:161} INFO - Started process (PID=4868) to work on /opt/airflow/dags/dag_job_intelligent .py
[2026-05-08T20:29:57.789+0000] {processor.py:830} INFO - Processing file /opt/airflow/dags/dag_job_intelligent .py for tasks to queue
[2026-05-08T20:29:57.792+0000] {logging_mixin.py:188} INFO - [2026-05-08T20:29:57.791+0000] {dagbag.py:545} INFO - Filling up the DagBag from /opt/airflow/dags/dag_job_intelligent .py
[2026-05-08T20:29:57.855+0000] {processor.py:840} INFO - DAG(s) 'job_intelligent_pipeline' retrieved from /opt/airflow/dags/dag_job_intelligent .py
[2026-05-08T20:29:58.040+0000] {logging_mixin.py:188} INFO - [2026-05-08T20:29:58.040+0000] {dag.py:3096} INFO - Sync 1 DAGs
[2026-05-08T20:29:58.109+0000] {logging_mixin.py:188} INFO - [2026-05-08T20:29:58.108+0000] {dag.py:3954} INFO - Setting next_dagrun for job_intelligent_pipeline to 2026-05-08 06:00:00+00:00, run_after=2026-05-09 06:00:00+00:00
[2026-05-08T20:29:58.175+0000] {processor.py:183} INFO - Processing /opt/airflow/dags/dag_job_intelligent .py took 0.408 seconds
[2026-05-08T20:30:28.396+0000] {processor.py:161} INFO - Started process (PID=4883) to work on /opt/airflow/dags/dag_job_intelligent .py
[2026-05-08T20:30:28.410+0000] {processor.py:830} INFO - Processing file /opt/airflow/dags/dag_job_intelligent .py for tasks to queue
[2026-05-08T20:30:28.412+0000] {logging_mixin.py:188} INFO - [2026-05-08T20:30:28.411+0000] {dagbag.py:545} INFO - Filling up the DagBag from /opt/airflow/dags/dag_job_intelligent .py
[2026-05-08T20:30:28.511+0000] {processor.py:840} INFO - DAG(s) 'job_intelligent_pipeline' retrieved from /opt/airflow/dags/dag_job_intelligent .py
[2026-05-08T20:30:28.624+0000] {logging_mixin.py:188} INFO - [2026-05-08T20:30:28.623+0000] {dag.py:3096} INFO - Sync 1 DAGs
[2026-05-08T20:30:28.671+0000] {logging_mixin.py:188} INFO - [2026-05-08T20:30:28.671+0000] {dag.py:3954} INFO - Setting next_dagrun for job_intelligent_pipeline to 2026-05-08 06:00:00+00:00, run_after=2026-05-09 06:00:00+00:00
[2026-05-08T20:30:28.725+0000] {processor.py:183} INFO - Processing /opt/airflow/dags/dag_job_intelligent .py took 0.354 seconds
[2026-05-08T20:30:59.332+0000] {processor.py:161} INFO - Started process (PID=4891) to work on /opt/airflow/dags/dag_job_intelligent .py
[2026-05-08T20:30:59.336+0000] {processor.py:830} INFO - Processing file /opt/airflow/dags/dag_job_intelligent .py for tasks to queue
[2026-05-08T20:30:59.343+0000] {logging_mixin.py:188} INFO - [2026-05-08T20:30:59.342+0000] {dagbag.py:545} INFO - Filling up the DagBag from /opt/airflow/dags/dag_job_intelligent .py
[2026-05-08T20:30:59.480+0000] {processor.py:840} INFO - DAG(s) 'job_intelligent_pipeline' retrieved from /opt/airflow/dags/dag_job_intelligent .py
[2026-05-08T20:30:59.615+0000] {logging_mixin.py:188} INFO - [2026-05-08T20:30:59.615+0000] {dag.py:3096} INFO - Sync 1 DAGs
[2026-05-08T20:30:59.675+0000] {logging_mixin.py:188} INFO - [2026-05-08T20:30:59.675+0000] {dag.py:3954} INFO - Setting next_dagrun for job_intelligent_pipeline to 2026-05-08 06:00:00+00:00, run_after=2026-05-09 06:00:00+00:00
[2026-05-08T20:30:59.976+0000] {processor.py:183} INFO - Processing /opt/airflow/dags/dag_job_intelligent .py took 0.668 seconds
[2026-05-08T20:31:30.878+0000] {processor.py:161} INFO - Started process (PID=4905) to work on /opt/airflow/dags/dag_job_intelligent .py
[2026-05-08T20:31:30.881+0000] {processor.py:830} INFO - Processing file /opt/airflow/dags/dag_job_intelligent .py for tasks to queue
[2026-05-08T20:31:30.885+0000] {logging_mixin.py:188} INFO - [2026-05-08T20:31:30.884+0000] {dagbag.py:545} INFO - Filling up the DagBag from /opt/airflow/dags/dag_job_intelligent .py
[2026-05-08T20:31:30.962+0000] {processor.py:840} INFO - DAG(s) 'job_intelligent_pipeline' retrieved from /opt/airflow/dags/dag_job_intelligent .py
[2026-05-08T20:31:31.090+0000] {logging_mixin.py:188} INFO - [2026-05-08T20:31:31.090+0000] {dag.py:3096} INFO - Sync 1 DAGs
[2026-05-08T20:31:31.141+0000] {logging_mixin.py:188} INFO - [2026-05-08T20:31:31.141+0000] {dag.py:3954} INFO - Setting next_dagrun for job_intelligent_pipeline to 2026-05-08 06:00:00+00:00, run_after=2026-05-09 06:00:00+00:00
[2026-05-08T20:31:31.183+0000] {processor.py:183} INFO - Processing /opt/airflow/dags/dag_job_intelligent .py took 0.323 seconds
[2026-05-08T20:32:01.734+0000] {processor.py:161} INFO - Started process (PID=4914) to work on /opt/airflow/dags/dag_job_intelligent .py
[2026-05-08T20:32:01.739+0000] {processor.py:830} INFO - Processing file /opt/airflow/dags/dag_job_intelligent .py for tasks to queue
[2026-05-08T20:32:01.743+0000] {logging_mixin.py:188} INFO - [2026-05-08T20:32:01.742+0000] {dagbag.py:545} INFO - Filling up the DagBag from /opt/airflow/dags/dag_job_intelligent .py
[2026-05-08T20:32:01.838+0000] {processor.py:840} INFO - DAG(s) 'job_intelligent_pipeline' retrieved from /opt/airflow/dags/dag_job_intelligent .py
[2026-05-08T20:32:01.998+0000] {logging_mixin.py:188} INFO - [2026-05-08T20:32:01.997+0000] {dag.py:3096} INFO - Sync 1 DAGs
[2026-05-08T20:32:02.160+0000] {logging_mixin.py:188} INFO - [2026-05-08T20:32:02.160+0000] {dag.py:3954} INFO - Setting next_dagrun for job_intelligent_pipeline to 2026-05-08 06:00:00+00:00, run_after=2026-05-09 06:00:00+00:00
[2026-05-08T20:32:02.311+0000] {processor.py:183} INFO - Processing /opt/airflow/dags/dag_job_intelligent .py took 0.622 seconds
[2026-05-08T20:32:32.704+0000] {processor.py:161} INFO - Started process (PID=4929) to work on /opt/airflow/dags/dag_job_intelligent .py
[2026-05-08T20:32:32.707+0000] {processor.py:830} INFO - Processing file /opt/airflow/dags/dag_job_intelligent .py for tasks to queue
[2026-05-08T20:32:32.710+0000] {logging_mixin.py:188} INFO - [2026-05-08T20:32:32.709+0000] {dagbag.py:545} INFO - Filling up the DagBag from /opt/airflow/dags/dag_job_intelligent .py
[2026-05-08T20:32:32.851+0000] {processor.py:840} INFO - DAG(s) 'job_intelligent_pipeline' retrieved from /opt/airflow/dags/dag_job_intelligent .py
[2026-05-08T20:32:33.109+0000] {logging_mixin.py:188} INFO - [2026-05-08T20:32:33.108+0000] {dag.py:3096} INFO - Sync 1 DAGs
[2026-05-08T20:32:33.330+0000] {logging_mixin.py:188} INFO - [2026-05-08T20:32:33.330+0000] {dag.py:3954} INFO - Setting next_dagrun for job_intelligent_pipeline to 2026-05-08 06:00:00+00:00, run_after=2026-05-09 06:00:00+00:00
[2026-05-08T20:32:33.587+0000] {processor.py:183} INFO - Processing /opt/airflow/dags/dag_job_intelligent .py took 0.914 seconds
[2026-05-08T20:33:04.056+0000] {processor.py:161} INFO - Started process (PID=4937) to work on /opt/airflow/dags/dag_job_intelligent .py
[2026-05-08T20:33:04.059+0000] {processor.py:830} INFO - Processing file /opt/airflow/dags/dag_job_intelligent .py for tasks to queue
[2026-05-08T20:33:04.064+0000] {logging_mixin.py:188} INFO - [2026-05-08T20:33:04.064+0000] {dagbag.py:545} INFO - Filling up the DagBag from /opt/airflow/dags/dag_job_intelligent .py
[2026-05-08T20:33:04.125+0000] {processor.py:840} INFO - DAG(s) 'job_intelligent_pipeline' retrieved from /opt/airflow/dags/dag_job_intelligent .py
[2026-05-08T20:33:04.223+0000] {logging_mixin.py:188} INFO - [2026-05-08T20:33:04.223+0000] {dag.py:3096} INFO - Sync 1 DAGs
[2026-05-08T20:33:04.294+0000] {logging_mixin.py:188} INFO - [2026-05-08T20:33:04.293+0000] {dag.py:3954} INFO - Setting next_dagrun for job_intelligent_pipeline to 2026-05-08 06:00:00+00:00, run_after=2026-05-09 06:00:00+00:00
[2026-05-08T20:33:04.341+0000] {processor.py:183} INFO - Processing /opt/airflow/dags/dag_job_intelligent .py took 0.303 seconds
[2026-05-08T20:33:34.913+0000] {processor.py:161} INFO - Started process (PID=4954) to work on /opt/airflow/dags/dag_job_intelligent .py
[2026-05-08T20:33:34.915+0000] {processor.py:830} INFO - Processing file /opt/airflow/dags/dag_job_intelligent .py for tasks to queue
[2026-05-08T20:33:34.923+0000] {logging_mixin.py:188} INFO - [2026-05-08T20:33:34.923+0000] {dagbag.py:545} INFO - Filling up the DagBag from /opt/airflow/dags/dag_job_intelligent .py
[2026-05-08T20:33:35.030+0000] {processor.py:840} INFO - DAG(s) 'job_intelligent_pipeline' retrieved from /opt/airflow/dags/dag_job_intelligent .py
[2026-05-08T20:33:35.319+0000] {logging_mixin.py:188} INFO - [2026-05-08T20:33:35.319+0000] {dag.py:3096} INFO - Sync 1 DAGs
[2026-05-08T20:33:35.493+0000] {logging_mixin.py:188} INFO - [2026-05-08T20:33:35.492+0000] {dag.py:3954} INFO - Setting next_dagrun for job_intelligent_pipeline to 2026-05-08 06:00:00+00:00, run_after=2026-05-09 06:00:00+00:00
[2026-05-08T20:33:35.660+0000] {processor.py:183} INFO - Processing /opt/airflow/dags/dag_job_intelligent .py took 0.768 seconds
[2026-05-08T20:34:06.791+0000] {processor.py:161} INFO - Started process (PID=4968) to work on /opt/airflow/dags/dag_job_intelligent .py
[2026-05-08T20:34:06.794+0000] {processor.py:830} INFO - Processing file /opt/airflow/dags/dag_job_intelligent .py for tasks to queue
[2026-05-08T20:34:06.801+0000] {logging_mixin.py:188} INFO - [2026-05-08T20:34:06.796+0000] {dagbag.py:545} INFO - Filling up the DagBag from /opt/airflow/dags/dag_job_intelligent .py
[2026-05-08T20:34:06.930+0000] {processor.py:840} INFO - DAG(s) 'job_intelligent_pipeline' retrieved from /opt/airflow/dags/dag_job_intelligent .py
[2026-05-08T20:34:07.165+0000] {logging_mixin.py:188} INFO - [2026-05-08T20:34:07.165+0000] {dag.py:3096} INFO - Sync 1 DAGs
[2026-05-08T20:34:07.348+0000] {logging_mixin.py:188} INFO - [2026-05-08T20:34:07.348+0000] {dag.py:3954} INFO - Setting next_dagrun for job_intelligent_pipeline to 2026-05-08 06:00:00+00:00, run_after=2026-05-09 06:00:00+00:00
[2026-05-08T20:34:07.499+0000] {processor.py:183} INFO - Processing /opt/airflow/dags/dag_job_intelligent .py took 0.742 seconds
[2026-05-08T20:34:37.873+0000] {processor.py:161} INFO - Started process (PID=4976) to work on /opt/airflow/dags/dag_job_intelligent .py
[2026-05-08T20:34:37.876+0000] {processor.py:830} INFO - Processing file /opt/airflow/dags/dag_job_intelligent .py for tasks to queue
[2026-05-08T20:34:37.879+0000] {logging_mixin.py:188} INFO - [2026-05-08T20:34:37.878+0000] {dagbag.py:545} INFO - Filling up the DagBag from /opt/airflow/dags/dag_job_intelligent .py
[2026-05-08T20:34:38.046+0000] {processor.py:840} INFO - DAG(s) 'job_intelligent_pipeline' retrieved from /opt/airflow/dags/dag_job_intelligent .py
[2026-05-08T20:34:38.214+0000] {logging_mixin.py:188} INFO - [2026-05-08T20:34:38.214+0000] {dag.py:3096} INFO - Sync 1 DAGs
[2026-05-08T20:34:38.296+0000] {logging_mixin.py:188} INFO - [2026-05-08T20:34:38.296+0000] {dag.py:3954} INFO - Setting next_dagrun for job_intelligent_pipeline to 2026-05-08 06:00:00+00:00, run_after=2026-05-09 06:00:00+00:00
[2026-05-08T20:34:38.400+0000] {processor.py:183} INFO - Processing /opt/airflow/dags/dag_job_intelligent .py took 0.553 seconds
[2026-05-08T20:35:08.880+0000] {processor.py:161} INFO - Started process (PID=4990) to work on /opt/airflow/dags/dag_job_intelligent .py
[2026-05-08T20:35:08.887+0000] {processor.py:830} INFO - Processing file /opt/airflow/dags/dag_job_intelligent .py for tasks to queue
[2026-05-08T20:35:08.890+0000] {logging_mixin.py:188} INFO - [2026-05-08T20:35:08.889+0000] {dagbag.py:545} INFO - Filling up the DagBag from /opt/airflow/dags/dag_job_intelligent .py
[2026-05-08T20:35:09.011+0000] {processor.py:840} INFO - DAG(s) 'job_intelligent_pipeline' retrieved from /opt/airflow/dags/dag_job_intelligent .py
[2026-05-08T20:35:09.246+0000] {logging_mixin.py:188} INFO - [2026-05-08T20:35:09.246+0000] {dag.py:3096} INFO - Sync 1 DAGs
[2026-05-08T20:35:09.382+0000] {logging_mixin.py:188} INFO - [2026-05-08T20:35:09.381+0000] {dag.py:3954} INFO - Setting next_dagrun for job_intelligent_pipeline to 2026-05-08 06:00:00+00:00, run_after=2026-05-09 06:00:00+00:00
[2026-05-08T20:35:09.582+0000] {processor.py:183} INFO - Processing /opt/airflow/dags/dag_job_intelligent .py took 0.721 seconds
[2026-05-08T20:35:40.343+0000] {processor.py:161} INFO - Started process (PID=4997) to work on /opt/airflow/dags/dag_job_intelligent .py
[2026-05-08T20:35:40.348+0000] {processor.py:830} INFO - Processing file /opt/airflow/dags/dag_job_intelligent .py for tasks to queue
[2026-05-08T20:35:40.351+0000] {logging_mixin.py:188} INFO - [2026-05-08T20:35:40.350+0000] {dagbag.py:545} INFO - Filling up the DagBag from /opt/airflow/dags/dag_job_intelligent .py
[2026-05-08T20:35:40.489+0000] {processor.py:840} INFO - DAG(s) 'job_intelligent_pipeline' retrieved from /opt/airflow/dags/dag_job_intelligent .py
[2026-05-08T20:35:40.638+0000] {logging_mixin.py:188} INFO - [2026-05-08T20:35:40.638+0000] {dag.py:3096} INFO - Sync 1 DAGs
[2026-05-08T20:35:41.223+0000] {logging_mixin.py:188} INFO - [2026-05-08T20:35:41.219+0000] {dag.py:3954} INFO - Setting next_dagrun for job_intelligent_pipeline to 2026-05-08 06:00:00+00:00, run_after=2026-05-09 06:00:00+00:00
[2026-05-08T20:35:41.337+0000] {processor.py:183} INFO - Processing /opt/airflow/dags/dag_job_intelligent .py took 1.013 seconds
[2026-05-08T20:36:11.586+0000] {processor.py:161} INFO - Started process (PID=5011) to work on /opt/airflow/dags/dag_job_intelligent .py
[2026-05-08T20:36:11.592+0000] {processor.py:830} INFO - Processing file /opt/airflow/dags/dag_job_intelligent .py for tasks to queue
[2026-05-08T20:36:11.594+0000] {logging_mixin.py:188} INFO - [2026-05-08T20:36:11.593+0000] {dagbag.py:545} INFO - Filling up the DagBag from /opt/airflow/dags/dag_job_intelligent .py
[2026-05-08T20:36:11.743+0000] {processor.py:840} INFO - DAG(s) 'job_intelligent_pipeline' retrieved from /opt/airflow/dags/dag_job_intelligent .py
[2026-05-08T20:36:11.857+0000] {logging_mixin.py:188} INFO - [2026-05-08T20:36:11.857+0000] {dag.py:3096} INFO - Sync 1 DAGs
[2026-05-08T20:36:11.927+0000] {logging_mixin.py:188} INFO - [2026-05-08T20:36:11.927+0000] {dag.py:3954} INFO - Setting next_dagrun for job_intelligent_pipeline to 2026-05-08 06:00:00+00:00, run_after=2026-05-09 06:00:00+00:00
[2026-05-08T20:36:11.974+0000] {processor.py:183} INFO - Processing /opt/airflow/dags/dag_job_intelligent .py took 0.425 seconds
[2026-05-08T20:36:42.441+0000] {processor.py:161} INFO - Started process (PID=5020) to work on /opt/airflow/dags/dag_job_intelligent .py
[2026-05-08T20:36:42.443+0000] {processor.py:830} INFO - Processing file /opt/airflow/dags/dag_job_intelligent .py for tasks to queue
[2026-05-08T20:36:42.445+0000] {logging_mixin.py:188} INFO - [2026-05-08T20:36:42.444+0000] {dagbag.py:545} INFO - Filling up the DagBag from /opt/airflow/dags/dag_job_intelligent .py
[2026-05-08T20:36:42.495+0000] {processor.py:840} INFO - DAG(s) 'job_intelligent_pipeline' retrieved from /opt/airflow/dags/dag_job_intelligent .py
[2026-05-08T20:36:42.651+0000] {logging_mixin.py:188} INFO - [2026-05-08T20:36:42.651+0000] {dag.py:3096} INFO - Sync 1 DAGs
[2026-05-08T20:36:42.764+0000] {logging_mixin.py:188} INFO - [2026-05-08T20:36:42.763+0000] {dag.py:3954} INFO - Setting next_dagrun for job_intelligent_pipeline to 2026-05-08 06:00:00+00:00, run_after=2026-05-09 06:00:00+00:00
[2026-05-08T20:36:42.823+0000] {processor.py:183} INFO - Processing /opt/airflow/dags/dag_job_intelligent .py took 0.399 seconds
[2026-05-08T20:37:13.836+0000] {processor.py:161} INFO - Started process (PID=5035) to work on /opt/airflow/dags/dag_job_intelligent .py
[2026-05-08T20:37:13.841+0000] {processor.py:830} INFO - Processing file /opt/airflow/dags/dag_job_intelligent .py for tasks to queue
[2026-05-08T20:37:13.849+0000] {logging_mixin.py:188} INFO - [2026-05-08T20:37:13.848+0000] {dagbag.py:545} INFO - Filling up the DagBag from /opt/airflow/dags/dag_job_intelligent .py
[2026-05-08T20:37:13.936+0000] {processor.py:840} INFO - DAG(s) 'job_intelligent_pipeline' retrieved from /opt/airflow/dags/dag_job_intelligent .py
[2026-05-08T20:37:14.248+0000] {logging_mixin.py:188} INFO - [2026-05-08T20:37:14.247+0000] {dag.py:3096} INFO - Sync 1 DAGs
[2026-05-08T20:37:14.374+0000] {logging_mixin.py:188} INFO - [2026-05-08T20:37:14.373+0000] {dag.py:3954} INFO - Setting next_dagrun for job_intelligent_pipeline to 2026-05-08 06:00:00+00:00, run_after=2026-05-09 06:00:00+00:00
[2026-05-08T20:37:14.512+0000] {processor.py:183} INFO - Processing /opt/airflow/dags/dag_job_intelligent .py took 0.712 seconds
[2026-05-08T20:37:45.636+0000] {processor.py:161} INFO - Started process (PID=5044) to work on /opt/airflow/dags/dag_job_intelligent .py
[2026-05-08T20:37:45.644+0000] {processor.py:830} INFO - Processing file /opt/airflow/dags/dag_job_intelligent .py for tasks to queue
[2026-05-08T20:37:45.649+0000] {logging_mixin.py:188} INFO - [2026-05-08T20:37:45.648+0000] {dagbag.py:545} INFO - Filling up the DagBag from /opt/airflow/dags/dag_job_intelligent .py
[2026-05-08T20:37:45.811+0000] {processor.py:840} INFO - DAG(s) 'job_intelligent_pipeline' retrieved from /opt/airflow/dags/dag_job_intelligent .py
[2026-05-08T20:37:46.054+0000] {logging_mixin.py:188} INFO - [2026-05-08T20:37:46.053+0000] {dag.py:3096} INFO - Sync 1 DAGs
[2026-05-08T20:37:46.177+0000] {logging_mixin.py:188} INFO - [2026-05-08T20:37:46.177+0000] {dag.py:3954} INFO - Setting next_dagrun for job_intelligent_pipeline to 2026-05-08 06:00:00+00:00, run_after=2026-05-09 06:00:00+00:00
[2026-05-08T20:37:46.756+0000] {processor.py:183} INFO - Processing /opt/airflow/dags/dag_job_intelligent .py took 1.172 seconds
[2026-05-08T20:38:17.065+0000] {processor.py:161} INFO - Started process (PID=5060) to work on /opt/airflow/dags/dag_job_intelligent .py
[2026-05-08T20:38:17.066+0000] {processor.py:830} INFO - Processing file /opt/airflow/dags/dag_job_intelligent .py for tasks to queue
[2026-05-08T20:38:17.069+0000] {logging_mixin.py:188} INFO - [2026-05-08T20:38:17.068+0000] {dagbag.py:545} INFO - Filling up the DagBag from /opt/airflow/dags/dag_job_intelligent .py
[2026-05-08T20:38:17.151+0000] {processor.py:840} INFO - DAG(s) 'job_intelligent_pipeline' retrieved from /opt/airflow/dags/dag_job_intelligent .py
[2026-05-08T20:38:17.274+0000] {logging_mixin.py:188} INFO - [2026-05-08T20:38:17.273+0000] {dag.py:3096} INFO - Sync 1 DAGs
[2026-05-08T20:38:17.767+0000] {logging_mixin.py:188} INFO - [2026-05-08T20:38:17.766+0000] {dag.py:3954} INFO - Setting next_dagrun for job_intelligent_pipeline to 2026-05-08 06:00:00+00:00, run_after=2026-05-09 06:00:00+00:00
[2026-05-08T20:38:17.889+0000] {processor.py:183} INFO - Processing /opt/airflow/dags/dag_job_intelligent .py took 0.838 seconds
[2026-05-08T20:38:48.560+0000] {processor.py:161} INFO - Started process (PID=5068) to work on /opt/airflow/dags/dag_job_intelligent .py
[2026-05-08T20:38:48.564+0000] {processor.py:830} INFO - Processing file /opt/airflow/dags/dag_job_intelligent .py for tasks to queue
[2026-05-08T20:38:48.574+0000] {logging_mixin.py:188} INFO - [2026-05-08T20:38:48.574+0000] {dagbag.py:545} INFO - Filling up the DagBag from /opt/airflow/dags/dag_job_intelligent .py
[2026-05-08T20:38:48.690+0000] {processor.py:840} INFO - DAG(s) 'job_intelligent_pipeline' retrieved from /opt/airflow/dags/dag_job_intelligent .py
[2026-05-08T20:38:49.423+0000] {logging_mixin.py:188} INFO - [2026-05-08T20:38:49.423+0000] {dag.py:3096} INFO - Sync 1 DAGs
[2026-05-08T20:38:49.571+0000] {logging_mixin.py:188} INFO - [2026-05-08T20:38:49.571+0000] {dag.py:3954} INFO - Setting next_dagrun for job_intelligent_pipeline to 2026-05-08 06:00:00+00:00, run_after=2026-05-09 06:00:00+00:00
[2026-05-08T20:38:49.773+0000] {processor.py:183} INFO - Processing /opt/airflow/dags/dag_job_intelligent .py took 1.228 seconds
[2026-05-08T20:39:20.483+0000] {processor.py:161} INFO - Started process (PID=5082) to work on /opt/airflow/dags/dag_job_intelligent .py
[2026-05-08T20:39:20.487+0000] {processor.py:830} INFO - Processing file /opt/airflow/dags/dag_job_intelligent .py for tasks to queue
[2026-05-08T20:39:20.490+0000] {logging_mixin.py:188} INFO - [2026-05-08T20:39:20.489+0000] {dagbag.py:545} INFO - Filling up the DagBag from /opt/airflow/dags/dag_job_intelligent .py
[2026-05-08T20:39:20.622+0000] {processor.py:840} INFO - DAG(s) 'job_intelligent_pipeline' retrieved from /opt/airflow/dags/dag_job_intelligent .py
[2026-05-08T20:39:20.871+0000] {logging_mixin.py:188} INFO - [2026-05-08T20:39:20.870+0000] {dag.py:3096} INFO - Sync 1 DAGs
[2026-05-08T20:39:20.980+0000] {logging_mixin.py:188} INFO - [2026-05-08T20:39:20.980+0000] {dag.py:3954} INFO - Setting next_dagrun for job_intelligent_pipeline to 2026-05-08 06:00:00+00:00, run_after=2026-05-09 06:00:00+00:00
[2026-05-08T20:39:21.107+0000] {processor.py:183} INFO - Processing /opt/airflow/dags/dag_job_intelligent .py took 0.653 seconds
[2026-05-08T20:39:51.600+0000] {processor.py:161} INFO - Started process (PID=5096) to work on /opt/airflow/dags/dag_job_intelligent .py
[2026-05-08T20:39:51.602+0000] {processor.py:830} INFO - Processing file /opt/airflow/dags/dag_job_intelligent .py for tasks to queue
[2026-05-08T20:39:51.604+0000] {logging_mixin.py:188} INFO - [2026-05-08T20:39:51.603+0000] {dagbag.py:545} INFO - Filling up the DagBag from /opt/airflow/dags/dag_job_intelligent .py
[2026-05-08T20:39:51.654+0000] {processor.py:840} INFO - DAG(s) 'job_intelligent_pipeline' retrieved from /opt/airflow/dags/dag_job_intelligent .py
[2026-05-08T20:39:51.816+0000] {logging_mixin.py:188} INFO - [2026-05-08T20:39:51.816+0000] {dag.py:3096} INFO - Sync 1 DAGs
[2026-05-08T20:39:51.893+0000] {logging_mixin.py:188} INFO - [2026-05-08T20:39:51.893+0000] {dag.py:3954} INFO - Setting next_dagrun for job_intelligent_pipeline to 2026-05-08 06:00:00+00:00, run_after=2026-05-09 06:00:00+00:00
[2026-05-08T20:39:52.278+0000] {processor.py:183} INFO - Processing /opt/airflow/dags/dag_job_intelligent .py took 0.693 seconds
[2026-05-08T20:40:22.752+0000] {processor.py:161} INFO - Started process (PID=5104) to work on /opt/airflow/dags/dag_job_intelligent .py
[2026-05-08T20:40:22.768+0000] {processor.py:830} INFO - Processing file /opt/airflow/dags/dag_job_intelligent .py for tasks to queue
[2026-05-08T20:40:22.798+0000] {logging_mixin.py:188} INFO - [2026-05-08T20:40:22.790+0000] {dagbag.py:545} INFO - Filling up the DagBag from /opt/airflow/dags/dag_job_intelligent .py
[2026-05-08T20:40:22.936+0000] {processor.py:840} INFO - DAG(s) 'job_intelligent_pipeline' retrieved from /opt/airflow/dags/dag_job_intelligent .py
[2026-05-08T20:40:23.141+0000] {logging_mixin.py:188} INFO - [2026-05-08T20:40:23.140+0000] {dag.py:3096} INFO - Sync 1 DAGs
[2026-05-08T20:40:24.051+0000] {logging_mixin.py:188} INFO - [2026-05-08T20:40:24.036+0000] {dag.py:3954} INFO - Setting next_dagrun for job_intelligent_pipeline to 2026-05-08 06:00:00+00:00, run_after=2026-05-09 06:00:00+00:00
[2026-05-08T20:40:24.401+0000] {processor.py:183} INFO - Processing /opt/airflow/dags/dag_job_intelligent .py took 1.670 seconds
[2026-05-08T20:40:54.962+0000] {processor.py:161} INFO - Started process (PID=5119) to work on /opt/airflow/dags/dag_job_intelligent .py
[2026-05-08T20:40:54.963+0000] {processor.py:830} INFO - Processing file /opt/airflow/dags/dag_job_intelligent .py for tasks to queue
[2026-05-08T20:40:54.965+0000] {logging_mixin.py:188} INFO - [2026-05-08T20:40:54.964+0000] {dagbag.py:545} INFO - Filling up the DagBag from /opt/airflow/dags/dag_job_intelligent .py
[2026-05-08T20:40:55.015+0000] {processor.py:840} INFO - DAG(s) 'job_intelligent_pipeline' retrieved from /opt/airflow/dags/dag_job_intelligent .py
[2026-05-08T20:40:55.533+0000] {logging_mixin.py:188} INFO - [2026-05-08T20:40:55.532+0000] {dag.py:3096} INFO - Sync 1 DAGs
[2026-05-08T20:40:55.931+0000] {logging_mixin.py:188} INFO - [2026-05-08T20:40:55.931+0000] {dag.py:3954} INFO - Setting next_dagrun for job_intelligent_pipeline to 2026-05-08 06:00:00+00:00, run_after=2026-05-09 06:00:00+00:00
[2026-05-08T20:40:56.152+0000] {processor.py:183} INFO - Processing /opt/airflow/dags/dag_job_intelligent .py took 1.201 seconds
[2026-05-08T20:41:27.103+0000] {processor.py:161} INFO - Started process (PID=5127) to work on /opt/airflow/dags/dag_job_intelligent .py
[2026-05-08T20:41:27.112+0000] {processor.py:830} INFO - Processing file /opt/airflow/dags/dag_job_intelligent .py for tasks to queue
[2026-05-08T20:41:27.115+0000] {logging_mixin.py:188} INFO - [2026-05-08T20:41:27.115+0000] {dagbag.py:545} INFO - Filling up the DagBag from /opt/airflow/dags/dag_job_intelligent .py
[2026-05-08T20:41:27.282+0000] {processor.py:840} INFO - DAG(s) 'job_intelligent_pipeline' retrieved from /opt/airflow/dags/dag_job_intelligent .py
[2026-05-08T20:41:27.501+0000] {logging_mixin.py:188} INFO - [2026-05-08T20:41:27.501+0000] {dag.py:3096} INFO - Sync 1 DAGs
[2026-05-08T20:41:27.626+0000] {logging_mixin.py:188} INFO - [2026-05-08T20:41:27.625+0000] {dag.py:3954} INFO - Setting next_dagrun for job_intelligent_pipeline to 2026-05-08 06:00:00+00:00, run_after=2026-05-09 06:00:00+00:00
[2026-05-08T20:41:27.723+0000] {processor.py:183} INFO - Processing /opt/airflow/dags/dag_job_intelligent .py took 0.657 seconds
[2026-05-08T20:41:58.015+0000] {processor.py:161} INFO - Started process (PID=5141) to work on /opt/airflow/dags/dag_job_intelligent .py
[2026-05-08T20:41:58.073+0000] {processor.py:830} INFO - Processing file /opt/airflow/dags/dag_job_intelligent .py for tasks to queue
[2026-05-08T20:41:58.080+0000] {logging_mixin.py:188} INFO - [2026-05-08T20:41:58.078+0000] {dagbag.py:545} INFO - Filling up the DagBag from /opt/airflow/dags/dag_job_intelligent .py
[2026-05-08T20:41:58.287+0000] {processor.py:840} INFO - DAG(s) 'job_intelligent_pipeline' retrieved from /opt/airflow/dags/dag_job_intelligent .py
[2026-05-08T20:41:58.392+0000] {logging_mixin.py:188} INFO - [2026-05-08T20:41:58.391+0000] {dag.py:3096} INFO - Sync 1 DAGs
[2026-05-08T20:41:58.523+0000] {logging_mixin.py:188} INFO - [2026-05-08T20:41:58.522+0000] {dag.py:3954} INFO - Setting next_dagrun for job_intelligent_pipeline to 2026-05-08 06:00:00+00:00, run_after=2026-05-09 06:00:00+00:00
[2026-05-08T20:41:58.629+0000] {processor.py:183} INFO - Processing /opt/airflow/dags/dag_job_intelligent .py took 0.655 seconds
[2026-05-08T20:42:29.595+0000] {processor.py:161} INFO - Started process (PID=5149) to work on /opt/airflow/dags/dag_job_intelligent .py
[2026-05-08T20:42:29.639+0000] {processor.py:830} INFO - Processing file /opt/airflow/dags/dag_job_intelligent .py for tasks to queue
[2026-05-08T20:42:29.657+0000] {logging_mixin.py:188} INFO - [2026-05-08T20:42:29.656+0000] {dagbag.py:545} INFO - Filling up the DagBag from /opt/airflow/dags/dag_job_intelligent .py
[2026-05-08T20:42:29.851+0000] {processor.py:840} INFO - DAG(s) 'job_intelligent_pipeline' retrieved from /opt/airflow/dags/dag_job_intelligent .py
[2026-05-08T20:42:30.419+0000] {logging_mixin.py:188} INFO - [2026-05-08T20:42:30.418+0000] {dag.py:3096} INFO - Sync 1 DAGs
[2026-05-08T20:42:31.290+0000] {logging_mixin.py:188} INFO - [2026-05-08T20:42:31.289+0000] {dag.py:3954} INFO - Setting next_dagrun for job_intelligent_pipeline to 2026-05-08 06:00:00+00:00, run_after=2026-05-09 06:00:00+00:00
[2026-05-08T20:42:31.385+0000] {processor.py:183} INFO - Processing /opt/airflow/dags/dag_job_intelligent .py took 1.859 seconds
[2026-05-08T20:43:01.734+0000] {processor.py:161} INFO - Started process (PID=5162) to work on /opt/airflow/dags/dag_job_intelligent .py
[2026-05-08T20:43:01.739+0000] {processor.py:830} INFO - Processing file /opt/airflow/dags/dag_job_intelligent .py for tasks to queue
[2026-05-08T20:43:01.741+0000] {logging_mixin.py:188} INFO - [2026-05-08T20:43:01.740+0000] {dagbag.py:545} INFO - Filling up the DagBag from /opt/airflow/dags/dag_job_intelligent .py
[2026-05-08T20:43:01.808+0000] {processor.py:840} INFO - DAG(s) 'job_intelligent_pipeline' retrieved from /opt/airflow/dags/dag_job_intelligent .py
[2026-05-08T20:43:02.308+0000] {logging_mixin.py:188} INFO - [2026-05-08T20:43:02.308+0000] {dag.py:3096} INFO - Sync 1 DAGs
[2026-05-08T20:43:02.356+0000] {logging_mixin.py:188} INFO - [2026-05-08T20:43:02.356+0000] {dag.py:3954} INFO - Setting next_dagrun for job_intelligent_pipeline to 2026-05-08 06:00:00+00:00, run_after=2026-05-09 06:00:00+00:00
[2026-05-08T20:43:02.399+0000] {processor.py:183} INFO - Processing /opt/airflow/dags/dag_job_intelligent .py took 0.688 seconds
[2026-05-08T20:43:33.145+0000] {processor.py:161} INFO - Started process (PID=5178) to work on /opt/airflow/dags/dag_job_intelligent .py
[2026-05-08T20:43:33.147+0000] {processor.py:830} INFO - Processing file /opt/airflow/dags/dag_job_intelligent .py for tasks to queue
[2026-05-08T20:43:33.151+0000] {logging_mixin.py:188} INFO - [2026-05-08T20:43:33.150+0000] {dagbag.py:545} INFO - Filling up the DagBag from /opt/airflow/dags/dag_job_intelligent .py
[2026-05-08T20:43:33.214+0000] {processor.py:840} INFO - DAG(s) 'job_intelligent_pipeline' retrieved from /opt/airflow/dags/dag_job_intelligent .py
[2026-05-08T20:43:33.290+0000] {logging_mixin.py:188} INFO - [2026-05-08T20:43:33.289+0000] {dag.py:3096} INFO - Sync 1 DAGs
[2026-05-08T20:43:33.349+0000] {logging_mixin.py:188} INFO - [2026-05-08T20:43:33.347+0000] {dag.py:3954} INFO - Setting next_dagrun for job_intelligent_pipeline to 2026-05-08 06:00:00+00:00, run_after=2026-05-09 06:00:00+00:00
[2026-05-08T20:43:33.509+0000] {processor.py:183} INFO - Processing /opt/airflow/dags/dag_job_intelligent .py took 0.377 seconds
[2026-05-08T20:44:04.080+0000] {processor.py:161} INFO - Started process (PID=5185) to work on /opt/airflow/dags/dag_job_intelligent .py
[2026-05-08T20:44:04.082+0000] {processor.py:830} INFO - Processing file /opt/airflow/dags/dag_job_intelligent .py for tasks to queue
[2026-05-08T20:44:04.088+0000] {logging_mixin.py:188} INFO - [2026-05-08T20:44:04.084+0000] {dagbag.py:545} INFO - Filling up the DagBag from /opt/airflow/dags/dag_job_intelligent .py
[2026-05-08T20:44:04.158+0000] {processor.py:840} INFO - DAG(s) 'job_intelligent_pipeline' retrieved from /opt/airflow/dags/dag_job_intelligent .py
[2026-05-08T20:44:04.266+0000] {logging_mixin.py:188} INFO - [2026-05-08T20:44:04.266+0000] {dag.py:3096} INFO - Sync 1 DAGs
[2026-05-08T20:44:04.322+0000] {logging_mixin.py:188} INFO - [2026-05-08T20:44:04.322+0000] {dag.py:3954} INFO - Setting next_dagrun for job_intelligent_pipeline to 2026-05-08 06:00:00+00:00, run_after=2026-05-09 06:00:00+00:00
[2026-05-08T20:44:04.384+0000] {processor.py:183} INFO - Processing /opt/airflow/dags/dag_job_intelligent .py took 0.318 seconds
[2026-05-08T20:44:34.491+0000] {processor.py:161} INFO - Started process (PID=5199) to work on /opt/airflow/dags/dag_job_intelligent .py
[2026-05-08T20:44:34.493+0000] {processor.py:830} INFO - Processing file /opt/airflow/dags/dag_job_intelligent .py for tasks to queue
[2026-05-08T20:44:34.495+0000] {logging_mixin.py:188} INFO - [2026-05-08T20:44:34.494+0000] {dagbag.py:545} INFO - Filling up the DagBag from /opt/airflow/dags/dag_job_intelligent .py
[2026-05-08T20:44:34.538+0000] {processor.py:840} INFO - DAG(s) 'job_intelligent_pipeline' retrieved from /opt/airflow/dags/dag_job_intelligent .py
[2026-05-08T20:44:34.632+0000] {logging_mixin.py:188} INFO - [2026-05-08T20:44:34.631+0000] {dag.py:3096} INFO - Sync 1 DAGs
[2026-05-08T20:44:34.707+0000] {logging_mixin.py:188} INFO - [2026-05-08T20:44:34.704+0000] {dag.py:3954} INFO - Setting next_dagrun for job_intelligent_pipeline to 2026-05-08 06:00:00+00:00, run_after=2026-05-09 06:00:00+00:00
[2026-05-08T20:44:35.102+0000] {processor.py:183} INFO - Processing /opt/airflow/dags/dag_job_intelligent .py took 0.626 seconds
[2026-05-08T20:45:06.346+0000] {processor.py:161} INFO - Started process (PID=5207) to work on /opt/airflow/dags/dag_job_intelligent .py
[2026-05-08T20:45:06.348+0000] {processor.py:830} INFO - Processing file /opt/airflow/dags/dag_job_intelligent .py for tasks to queue
[2026-05-08T20:45:06.352+0000] {logging_mixin.py:188} INFO - [2026-05-08T20:45:06.350+0000] {dagbag.py:545} INFO - Filling up the DagBag from /opt/airflow/dags/dag_job_intelligent .py
[2026-05-08T20:45:06.512+0000] {processor.py:840} INFO - DAG(s) 'job_intelligent_pipeline' retrieved from /opt/airflow/dags/dag_job_intelligent .py
[2026-05-08T20:45:06.761+0000] {logging_mixin.py:188} INFO - [2026-05-08T20:45:06.761+0000] {dag.py:3096} INFO - Sync 1 DAGs
[2026-05-08T20:45:07.537+0000] {logging_mixin.py:188} INFO - [2026-05-08T20:45:07.536+0000] {dag.py:3954} INFO - Setting next_dagrun for job_intelligent_pipeline to 2026-05-08 06:00:00+00:00, run_after=2026-05-09 06:00:00+00:00
[2026-05-08T20:45:07.661+0000] {processor.py:183} INFO - Processing /opt/airflow/dags/dag_job_intelligent .py took 1.354 seconds
[2026-05-08T20:45:38.161+0000] {processor.py:161} INFO - Started process (PID=5222) to work on /opt/airflow/dags/dag_job_intelligent .py
[2026-05-08T20:45:38.166+0000] {processor.py:830} INFO - Processing file /opt/airflow/dags/dag_job_intelligent .py for tasks to queue
[2026-05-08T20:45:38.172+0000] {logging_mixin.py:188} INFO - [2026-05-08T20:45:38.171+0000] {dagbag.py:545} INFO - Filling up the DagBag from /opt/airflow/dags/dag_job_intelligent .py
[2026-05-08T20:45:38.226+0000] {processor.py:840} INFO - DAG(s) 'job_intelligent_pipeline' retrieved from /opt/airflow/dags/dag_job_intelligent .py
[2026-05-08T20:45:38.711+0000] {logging_mixin.py:188} INFO - [2026-05-08T20:45:38.711+0000] {dag.py:3096} INFO - Sync 1 DAGs
[2026-05-08T20:45:38.784+0000] {logging_mixin.py:188} INFO - [2026-05-08T20:45:38.783+0000] {dag.py:3954} INFO - Setting next_dagrun for job_intelligent_pipeline to 2026-05-08 06:00:00+00:00, run_after=2026-05-09 06:00:00+00:00
[2026-05-08T20:45:38.847+0000] {processor.py:183} INFO - Processing /opt/airflow/dags/dag_job_intelligent .py took 0.709 seconds
[2026-05-08T20:46:09.147+0000] {processor.py:161} INFO - Started process (PID=5230) to work on /opt/airflow/dags/dag_job_intelligent .py
[2026-05-08T20:46:09.150+0000] {processor.py:830} INFO - Processing file /opt/airflow/dags/dag_job_intelligent .py for tasks to queue
[2026-05-08T20:46:09.155+0000] {logging_mixin.py:188} INFO - [2026-05-08T20:46:09.154+0000] {dagbag.py:545} INFO - Filling up the DagBag from /opt/airflow/dags/dag_job_intelligent .py
[2026-05-08T20:46:09.241+0000] {processor.py:840} INFO - DAG(s) 'job_intelligent_pipeline' retrieved from /opt/airflow/dags/dag_job_intelligent .py
[2026-05-08T20:46:09.449+0000] {logging_mixin.py:188} INFO - [2026-05-08T20:46:09.449+0000] {dag.py:3096} INFO - Sync 1 DAGs
[2026-05-08T20:46:09.595+0000] {logging_mixin.py:188} INFO - [2026-05-08T20:46:09.595+0000] {dag.py:3954} INFO - Setting next_dagrun for job_intelligent_pipeline to 2026-05-08 06:00:00+00:00, run_after=2026-05-09 06:00:00+00:00
[2026-05-08T20:46:09.667+0000] {processor.py:183} INFO - Processing /opt/airflow/dags/dag_job_intelligent .py took 0.540 seconds
[2026-05-08T20:46:40.036+0000] {processor.py:161} INFO - Started process (PID=5246) to work on /opt/airflow/dags/dag_job_intelligent .py
[2026-05-08T20:46:40.042+0000] {processor.py:830} INFO - Processing file /opt/airflow/dags/dag_job_intelligent .py for tasks to queue
[2026-05-08T20:46:40.048+0000] {logging_mixin.py:188} INFO - [2026-05-08T20:46:40.047+0000] {dagbag.py:545} INFO - Filling up the DagBag from /opt/airflow/dags/dag_job_intelligent .py
[2026-05-08T20:46:40.177+0000] {processor.py:840} INFO - DAG(s) 'job_intelligent_pipeline' retrieved from /opt/airflow/dags/dag_job_intelligent .py
[2026-05-08T20:46:40.507+0000] {logging_mixin.py:188} INFO - [2026-05-08T20:46:40.506+0000] {dag.py:3096} INFO - Sync 1 DAGs
[2026-05-08T20:46:40.587+0000] {logging_mixin.py:188} INFO - [2026-05-08T20:46:40.586+0000] {dag.py:3954} INFO - Setting next_dagrun for job_intelligent_pipeline to 2026-05-08 06:00:00+00:00, run_after=2026-05-09 06:00:00+00:00
[2026-05-08T20:46:40.647+0000] {processor.py:183} INFO - Processing /opt/airflow/dags/dag_job_intelligent .py took 0.633 seconds
[2026-05-08T20:47:11.428+0000] {processor.py:161} INFO - Started process (PID=5255) to work on /opt/airflow/dags/dag_job_intelligent .py
[2026-05-08T20:47:11.430+0000] {processor.py:830} INFO - Processing file /opt/airflow/dags/dag_job_intelligent .py for tasks to queue
[2026-05-08T20:47:11.432+0000] {logging_mixin.py:188} INFO - [2026-05-08T20:47:11.431+0000] {dagbag.py:545} INFO - Filling up the DagBag from /opt/airflow/dags/dag_job_intelligent .py
[2026-05-08T20:47:11.497+0000] {processor.py:840} INFO - DAG(s) 'job_intelligent_pipeline' retrieved from /opt/airflow/dags/dag_job_intelligent .py
[2026-05-08T20:47:11.582+0000] {logging_mixin.py:188} INFO - [2026-05-08T20:47:11.581+0000] {dag.py:3096} INFO - Sync 1 DAGs
[2026-05-08T20:47:12.001+0000] {logging_mixin.py:188} INFO - [2026-05-08T20:47:12.001+0000] {dag.py:3954} INFO - Setting next_dagrun for job_intelligent_pipeline to 2026-05-08 06:00:00+00:00, run_after=2026-05-09 06:00:00+00:00
[2026-05-08T20:47:12.090+0000] {processor.py:183} INFO - Processing /opt/airflow/dags/dag_job_intelligent .py took 0.678 seconds
[2026-05-08T20:47:42.970+0000] {processor.py:161} INFO - Started process (PID=5269) to work on /opt/airflow/dags/dag_job_intelligent .py
[2026-05-08T20:47:42.975+0000] {processor.py:830} INFO - Processing file /opt/airflow/dags/dag_job_intelligent .py for tasks to queue
[2026-05-08T20:47:42.977+0000] {logging_mixin.py:188} INFO - [2026-05-08T20:47:42.977+0000] {dagbag.py:545} INFO - Filling up the DagBag from /opt/airflow/dags/dag_job_intelligent .py
[2026-05-08T20:47:43.059+0000] {processor.py:840} INFO - DAG(s) 'job_intelligent_pipeline' retrieved from /opt/airflow/dags/dag_job_intelligent .py
[2026-05-08T20:47:43.690+0000] {logging_mixin.py:188} INFO - [2026-05-08T20:47:43.689+0000] {dag.py:3096} INFO - Sync 1 DAGs
[2026-05-08T20:47:43.866+0000] {logging_mixin.py:188} INFO - [2026-05-08T20:47:43.865+0000] {dag.py:3954} INFO - Setting next_dagrun for job_intelligent_pipeline to 2026-05-08 06:00:00+00:00, run_after=2026-05-09 06:00:00+00:00
[2026-05-08T20:47:43.931+0000] {processor.py:183} INFO - Processing /opt/airflow/dags/dag_job_intelligent .py took 0.977 seconds
[2026-05-08T20:48:14.789+0000] {processor.py:161} INFO - Started process (PID=5277) to work on /opt/airflow/dags/dag_job_intelligent .py
[2026-05-08T20:48:14.791+0000] {processor.py:830} INFO - Processing file /opt/airflow/dags/dag_job_intelligent .py for tasks to queue
[2026-05-08T20:48:14.793+0000] {logging_mixin.py:188} INFO - [2026-05-08T20:48:14.792+0000] {dagbag.py:545} INFO - Filling up the DagBag from /opt/airflow/dags/dag_job_intelligent .py
[2026-05-08T20:48:14.850+0000] {processor.py:840} INFO - DAG(s) 'job_intelligent_pipeline' retrieved from /opt/airflow/dags/dag_job_intelligent .py
[2026-05-08T20:48:14.948+0000] {logging_mixin.py:188} INFO - [2026-05-08T20:48:14.948+0000] {dag.py:3096} INFO - Sync 1 DAGs
[2026-05-08T20:48:15.039+0000] {logging_mixin.py:188} INFO - [2026-05-08T20:48:15.038+0000] {dag.py:3954} INFO - Setting next_dagrun for job_intelligent_pipeline to 2026-05-08 06:00:00+00:00, run_after=2026-05-09 06:00:00+00:00
[2026-05-08T20:48:15.095+0000] {processor.py:183} INFO - Processing /opt/airflow/dags/dag_job_intelligent .py took 0.321 seconds
[2026-05-08T20:48:45.482+0000] {processor.py:161} INFO - Started process (PID=5291) to work on /opt/airflow/dags/dag_job_intelligent .py
[2026-05-08T20:48:45.484+0000] {processor.py:830} INFO - Processing file /opt/airflow/dags/dag_job_intelligent .py for tasks to queue
[2026-05-08T20:48:45.489+0000] {logging_mixin.py:188} INFO - [2026-05-08T20:48:45.488+0000] {dagbag.py:545} INFO - Filling up the DagBag from /opt/airflow/dags/dag_job_intelligent .py
[2026-05-08T20:48:45.551+0000] {processor.py:840} INFO - DAG(s) 'job_intelligent_pipeline' retrieved from /opt/airflow/dags/dag_job_intelligent .py
[2026-05-08T20:48:45.683+0000] {logging_mixin.py:188} INFO - [2026-05-08T20:48:45.682+0000] {dag.py:3096} INFO - Sync 1 DAGs
[2026-05-08T20:48:45.835+0000] {logging_mixin.py:188} INFO - [2026-05-08T20:48:45.834+0000] {dag.py:3954} INFO - Setting next_dagrun for job_intelligent_pipeline to 2026-05-08 06:00:00+00:00, run_after=2026-05-09 06:00:00+00:00
[2026-05-08T20:48:45.907+0000] {processor.py:183} INFO - Processing /opt/airflow/dags/dag_job_intelligent .py took 0.448 seconds
[2026-05-08T20:49:17.542+0000] {processor.py:161} INFO - Started process (PID=5305) to work on /opt/airflow/dags/dag_job_intelligent .py
[2026-05-08T20:49:17.561+0000] {processor.py:830} INFO - Processing file /opt/airflow/dags/dag_job_intelligent .py for tasks to queue
[2026-05-08T20:49:17.591+0000] {logging_mixin.py:188} INFO - [2026-05-08T20:49:17.577+0000] {dagbag.py:545} INFO - Filling up the DagBag from /opt/airflow/dags/dag_job_intelligent .py
[2026-05-08T20:49:17.956+0000] {processor.py:840} INFO - DAG(s) 'job_intelligent_pipeline' retrieved from /opt/airflow/dags/dag_job_intelligent .py
[2026-05-08T20:49:18.128+0000] {logging_mixin.py:188} INFO - [2026-05-08T20:49:18.127+0000] {dag.py:3096} INFO - Sync 1 DAGs
[2026-05-08T20:49:18.205+0000] {logging_mixin.py:188} INFO - [2026-05-08T20:49:18.205+0000] {dag.py:3954} INFO - Setting next_dagrun for job_intelligent_pipeline to 2026-05-08 06:00:00+00:00, run_after=2026-05-09 06:00:00+00:00
[2026-05-08T20:49:18.401+0000] {processor.py:183} INFO - Processing /opt/airflow/dags/dag_job_intelligent .py took 0.904 seconds
[2026-05-08T20:49:48.727+0000] {processor.py:161} INFO - Started process (PID=5313) to work on /opt/airflow/dags/dag_job_intelligent .py
[2026-05-08T20:49:48.729+0000] {processor.py:830} INFO - Processing file /opt/airflow/dags/dag_job_intelligent .py for tasks to queue
[2026-05-08T20:49:48.732+0000] {logging_mixin.py:188} INFO - [2026-05-08T20:49:48.731+0000] {dagbag.py:545} INFO - Filling up the DagBag from /opt/airflow/dags/dag_job_intelligent .py
[2026-05-08T20:49:48.798+0000] {processor.py:840} INFO - DAG(s) 'job_intelligent_pipeline' retrieved from /opt/airflow/dags/dag_job_intelligent .py
[2026-05-08T20:49:48.927+0000] {logging_mixin.py:188} INFO - [2026-05-08T20:49:48.926+0000] {dag.py:3096} INFO - Sync 1 DAGs
[2026-05-08T20:49:48.991+0000] {logging_mixin.py:188} INFO - [2026-05-08T20:49:48.990+0000] {dag.py:3954} INFO - Setting next_dagrun for job_intelligent_pipeline to 2026-05-08 06:00:00+00:00, run_after=2026-05-09 06:00:00+00:00
[2026-05-08T20:49:49.039+0000] {processor.py:183} INFO - Processing /opt/airflow/dags/dag_job_intelligent .py took 0.397 seconds
[2026-05-08T20:50:19.445+0000] {processor.py:161} INFO - Started process (PID=5327) to work on /opt/airflow/dags/dag_job_intelligent .py
[2026-05-08T20:50:19.448+0000] {processor.py:830} INFO - Processing file /opt/airflow/dags/dag_job_intelligent .py for tasks to queue
[2026-05-08T20:50:19.451+0000] {logging_mixin.py:188} INFO - [2026-05-08T20:50:19.450+0000] {dagbag.py:545} INFO - Filling up the DagBag from /opt/airflow/dags/dag_job_intelligent .py
[2026-05-08T20:50:19.530+0000] {processor.py:840} INFO - DAG(s) 'job_intelligent_pipeline' retrieved from /opt/airflow/dags/dag_job_intelligent .py
[2026-05-08T20:50:19.628+0000] {logging_mixin.py:188} INFO - [2026-05-08T20:50:19.627+0000] {dag.py:3096} INFO - Sync 1 DAGs
[2026-05-08T20:50:19.763+0000] {logging_mixin.py:188} INFO - [2026-05-08T20:50:19.762+0000] {dag.py:3954} INFO - Setting next_dagrun for job_intelligent_pipeline to 2026-05-08 06:00:00+00:00, run_after=2026-05-09 06:00:00+00:00
[2026-05-08T20:50:19.851+0000] {processor.py:183} INFO - Processing /opt/airflow/dags/dag_job_intelligent .py took 0.425 seconds
[2026-05-08T20:50:50.228+0000] {processor.py:161} INFO - Started process (PID=5335) to work on /opt/airflow/dags/dag_job_intelligent .py
[2026-05-08T20:50:50.231+0000] {processor.py:830} INFO - Processing file /opt/airflow/dags/dag_job_intelligent .py for tasks to queue
[2026-05-08T20:50:50.235+0000] {logging_mixin.py:188} INFO - [2026-05-08T20:50:50.234+0000] {dagbag.py:545} INFO - Filling up the DagBag from /opt/airflow/dags/dag_job_intelligent .py
[2026-05-08T20:50:50.341+0000] {processor.py:840} INFO - DAG(s) 'job_intelligent_pipeline' retrieved from /opt/airflow/dags/dag_job_intelligent .py
[2026-05-08T20:50:50.473+0000] {logging_mixin.py:188} INFO - [2026-05-08T20:50:50.472+0000] {dag.py:3096} INFO - Sync 1 DAGs
[2026-05-08T20:50:50.528+0000] {logging_mixin.py:188} INFO - [2026-05-08T20:50:50.528+0000] {dag.py:3954} INFO - Setting next_dagrun for job_intelligent_pipeline to 2026-05-08 06:00:00+00:00, run_after=2026-05-09 06:00:00+00:00
[2026-05-08T20:50:50.570+0000] {processor.py:183} INFO - Processing /opt/airflow/dags/dag_job_intelligent .py took 0.369 seconds
[2026-05-08T20:51:21.583+0000] {processor.py:161} INFO - Started process (PID=5349) to work on /opt/airflow/dags/dag_job_intelligent .py
[2026-05-08T20:51:21.585+0000] {processor.py:830} INFO - Processing file /opt/airflow/dags/dag_job_intelligent .py for tasks to queue
[2026-05-08T20:51:21.588+0000] {logging_mixin.py:188} INFO - [2026-05-08T20:51:21.587+0000] {dagbag.py:545} INFO - Filling up the DagBag from /opt/airflow/dags/dag_job_intelligent .py
[2026-05-08T20:51:21.694+0000] {processor.py:840} INFO - DAG(s) 'job_intelligent_pipeline' retrieved from /opt/airflow/dags/dag_job_intelligent .py
[2026-05-08T20:51:21.783+0000] {logging_mixin.py:188} INFO - [2026-05-08T20:51:21.783+0000] {dag.py:3096} INFO - Sync 1 DAGs
[2026-05-08T20:51:21.823+0000] {logging_mixin.py:188} INFO - [2026-05-08T20:51:21.823+0000] {dag.py:3954} INFO - Setting next_dagrun for job_intelligent_pipeline to 2026-05-08 06:00:00+00:00, run_after=2026-05-09 06:00:00+00:00
[2026-05-08T20:51:21.862+0000] {processor.py:183} INFO - Processing /opt/airflow/dags/dag_job_intelligent .py took 0.299 seconds
[2026-05-08T20:51:52.562+0000] {processor.py:161} INFO - Started process (PID=5357) to work on /opt/airflow/dags/dag_job_intelligent .py
[2026-05-08T20:51:52.564+0000] {processor.py:830} INFO - Processing file /opt/airflow/dags/dag_job_intelligent .py for tasks to queue
[2026-05-08T20:51:52.567+0000] {logging_mixin.py:188} INFO - [2026-05-08T20:51:52.566+0000] {dagbag.py:545} INFO - Filling up the DagBag from /opt/airflow/dags/dag_job_intelligent .py
[2026-05-08T20:51:52.605+0000] {processor.py:840} INFO - DAG(s) 'job_intelligent_pipeline' retrieved from /opt/airflow/dags/dag_job_intelligent .py
[2026-05-08T20:51:52.663+0000] {logging_mixin.py:188} INFO - [2026-05-08T20:51:52.662+0000] {dag.py:3096} INFO - Sync 1 DAGs
[2026-05-08T20:51:52.708+0000] {logging_mixin.py:188} INFO - [2026-05-08T20:51:52.707+0000] {dag.py:3954} INFO - Setting next_dagrun for job_intelligent_pipeline to 2026-05-08 06:00:00+00:00, run_after=2026-05-09 06:00:00+00:00
[2026-05-08T20:51:52.745+0000] {processor.py:183} INFO - Processing /opt/airflow/dags/dag_job_intelligent .py took 0.207 seconds
[2026-05-08T21:40:20.819+0000] {processor.py:161} INFO - Started process (PID=5377) to work on /opt/airflow/dags/dag_job_intelligent .py
[2026-05-08T21:40:20.836+0000] {processor.py:830} INFO - Processing file /opt/airflow/dags/dag_job_intelligent .py for tasks to queue
[2026-05-08T21:40:20.839+0000] {logging_mixin.py:188} INFO - [2026-05-08T21:40:20.838+0000] {dagbag.py:545} INFO - Filling up the DagBag from /opt/airflow/dags/dag_job_intelligent .py
[2026-05-08T21:40:22.254+0000] {processor.py:840} INFO - DAG(s) 'job_intelligent_pipeline' retrieved from /opt/airflow/dags/dag_job_intelligent .py
[2026-05-08T21:40:22.734+0000] {logging_mixin.py:188} INFO - [2026-05-08T21:40:22.733+0000] {dag.py:3096} INFO - Sync 1 DAGs
[2026-05-08T21:40:23.191+0000] {logging_mixin.py:188} INFO - [2026-05-08T21:40:23.191+0000] {dag.py:3954} INFO - Setting next_dagrun for job_intelligent_pipeline to 2026-05-08 06:00:00+00:00, run_after=2026-05-09 06:00:00+00:00
[2026-05-08T21:40:23.578+0000] {processor.py:183} INFO - Processing /opt/airflow/dags/dag_job_intelligent .py took 2.948 seconds
[2026-05-08T21:40:54.663+0000] {processor.py:161} INFO - Started process (PID=5386) to work on /opt/airflow/dags/dag_job_intelligent .py
[2026-05-08T21:40:54.665+0000] {processor.py:830} INFO - Processing file /opt/airflow/dags/dag_job_intelligent .py for tasks to queue
[2026-05-08T21:40:54.678+0000] {logging_mixin.py:188} INFO - [2026-05-08T21:40:54.677+0000] {dagbag.py:545} INFO - Filling up the DagBag from /opt/airflow/dags/dag_job_intelligent .py
[2026-05-08T21:40:54.968+0000] {processor.py:840} INFO - DAG(s) 'job_intelligent_pipeline' retrieved from /opt/airflow/dags/dag_job_intelligent .py
[2026-05-08T21:40:55.211+0000] {logging_mixin.py:188} INFO - [2026-05-08T21:40:55.210+0000] {dag.py:3096} INFO - Sync 1 DAGs
[2026-05-08T21:40:55.415+0000] {logging_mixin.py:188} INFO - [2026-05-08T21:40:55.414+0000] {dag.py:3954} INFO - Setting next_dagrun for job_intelligent_pipeline to 2026-05-08 06:00:00+00:00, run_after=2026-05-09 06:00:00+00:00
[2026-05-08T21:40:55.507+0000] {processor.py:183} INFO - Processing /opt/airflow/dags/dag_job_intelligent .py took 0.865 seconds
[2026-05-08T21:41:26.220+0000] {processor.py:161} INFO - Started process (PID=5400) to work on /opt/airflow/dags/dag_job_intelligent .py
[2026-05-08T21:41:26.224+0000] {processor.py:830} INFO - Processing file /opt/airflow/dags/dag_job_intelligent .py for tasks to queue
[2026-05-08T21:41:26.226+0000] {logging_mixin.py:188} INFO - [2026-05-08T21:41:26.225+0000] {dagbag.py:545} INFO - Filling up the DagBag from /opt/airflow/dags/dag_job_intelligent .py
[2026-05-08T21:41:26.262+0000] {processor.py:840} INFO - DAG(s) 'job_intelligent_pipeline' retrieved from /opt/airflow/dags/dag_job_intelligent .py
[2026-05-08T21:41:26.317+0000] {logging_mixin.py:188} INFO - [2026-05-08T21:41:26.317+0000] {dag.py:3096} INFO - Sync 1 DAGs
[2026-05-08T21:41:26.358+0000] {logging_mixin.py:188} INFO - [2026-05-08T21:41:26.358+0000] {dag.py:3954} INFO - Setting next_dagrun for job_intelligent_pipeline to 2026-05-08 06:00:00+00:00, run_after=2026-05-09 06:00:00+00:00
[2026-05-08T21:41:26.399+0000] {processor.py:183} INFO - Processing /opt/airflow/dags/dag_job_intelligent .py took 0.188 seconds
[2026-05-08T21:41:57.132+0000] {processor.py:161} INFO - Started process (PID=5408) to work on /opt/airflow/dags/dag_job_intelligent .py
[2026-05-08T21:41:57.135+0000] {processor.py:830} INFO - Processing file /opt/airflow/dags/dag_job_intelligent .py for tasks to queue
[2026-05-08T21:41:57.147+0000] {logging_mixin.py:188} INFO - [2026-05-08T21:41:57.146+0000] {dagbag.py:545} INFO - Filling up the DagBag from /opt/airflow/dags/dag_job_intelligent .py
[2026-05-08T21:41:57.303+0000] {processor.py:840} INFO - DAG(s) 'job_intelligent_pipeline' retrieved from /opt/airflow/dags/dag_job_intelligent .py
[2026-05-08T21:41:57.505+0000] {logging_mixin.py:188} INFO - [2026-05-08T21:41:57.505+0000] {dag.py:3096} INFO - Sync 1 DAGs
[2026-05-08T21:41:57.604+0000] {logging_mixin.py:188} INFO - [2026-05-08T21:41:57.603+0000] {dag.py:3954} INFO - Setting next_dagrun for job_intelligent_pipeline to 2026-05-08 06:00:00+00:00, run_after=2026-05-09 06:00:00+00:00
[2026-05-08T21:41:57.752+0000] {processor.py:183} INFO - Processing /opt/airflow/dags/dag_job_intelligent .py took 0.657 seconds
[2026-05-08T21:42:28.501+0000] {processor.py:161} INFO - Started process (PID=5421) to work on /opt/airflow/dags/dag_job_intelligent .py
[2026-05-08T21:42:28.511+0000] {processor.py:830} INFO - Processing file /opt/airflow/dags/dag_job_intelligent .py for tasks to queue
[2026-05-08T21:42:28.518+0000] {logging_mixin.py:188} INFO - [2026-05-08T21:42:28.517+0000] {dagbag.py:545} INFO - Filling up the DagBag from /opt/airflow/dags/dag_job_intelligent .py
[2026-05-08T21:42:28.641+0000] {processor.py:840} INFO - DAG(s) 'job_intelligent_pipeline' retrieved from /opt/airflow/dags/dag_job_intelligent .py
[2026-05-08T21:42:28.839+0000] {logging_mixin.py:188} INFO - [2026-05-08T21:42:28.838+0000] {dag.py:3096} INFO - Sync 1 DAGs
[2026-05-08T21:42:28.999+0000] {logging_mixin.py:188} INFO - [2026-05-08T21:42:28.998+0000] {dag.py:3954} INFO - Setting next_dagrun for job_intelligent_pipeline to 2026-05-08 06:00:00+00:00, run_after=2026-05-09 06:00:00+00:00
[2026-05-08T21:42:29.090+0000] {processor.py:183} INFO - Processing /opt/airflow/dags/dag_job_intelligent .py took 0.614 seconds
[2026-05-08T21:42:59.741+0000] {processor.py:161} INFO - Started process (PID=5440) to work on /opt/airflow/dags/dag_job_intelligent .py
[2026-05-08T21:42:59.787+0000] {processor.py:830} INFO - Processing file /opt/airflow/dags/dag_job_intelligent .py for tasks to queue
[2026-05-08T21:42:59.820+0000] {logging_mixin.py:188} INFO - [2026-05-08T21:42:59.803+0000] {dagbag.py:545} INFO - Filling up the DagBag from /opt/airflow/dags/dag_job_intelligent .py
[2026-05-08T21:43:00.279+0000] {processor.py:840} INFO - DAG(s) 'job_intelligent_pipeline' retrieved from /opt/airflow/dags/dag_job_intelligent .py
[2026-05-08T21:43:00.569+0000] {logging_mixin.py:188} INFO - [2026-05-08T21:43:00.568+0000] {dag.py:3096} INFO - Sync 1 DAGs
[2026-05-08T21:43:00.934+0000] {processor.py:183} INFO - Processing /opt/airflow/dags/dag_job_intelligent .py took 1.297 seconds
[2026-05-08T21:43:31.615+0000] {processor.py:161} INFO - Started process (PID=5449) to work on /opt/airflow/dags/dag_job_intelligent .py
[2026-05-08T21:43:31.621+0000] {processor.py:830} INFO - Processing file /opt/airflow/dags/dag_job_intelligent .py for tasks to queue
[2026-05-08T21:43:31.624+0000] {logging_mixin.py:188} INFO - [2026-05-08T21:43:31.623+0000] {dagbag.py:545} INFO - Filling up the DagBag from /opt/airflow/dags/dag_job_intelligent .py
[2026-05-08T21:43:31.674+0000] {processor.py:840} INFO - DAG(s) 'job_intelligent_pipeline' retrieved from /opt/airflow/dags/dag_job_intelligent .py
[2026-05-08T21:43:31.751+0000] {logging_mixin.py:188} INFO - [2026-05-08T21:43:31.750+0000] {dag.py:3096} INFO - Sync 1 DAGs
[2026-05-08T21:43:31.836+0000] {processor.py:183} INFO - Processing /opt/airflow/dags/dag_job_intelligent .py took 0.232 seconds
[2026-05-08T21:44:02.505+0000] {processor.py:161} INFO - Started process (PID=5461) to work on /opt/airflow/dags/dag_job_intelligent .py
[2026-05-08T21:44:02.511+0000] {processor.py:830} INFO - Processing file /opt/airflow/dags/dag_job_intelligent .py for tasks to queue
[2026-05-08T21:44:02.521+0000] {logging_mixin.py:188} INFO - [2026-05-08T21:44:02.517+0000] {dagbag.py:545} INFO - Filling up the DagBag from /opt/airflow/dags/dag_job_intelligent .py
[2026-05-08T21:44:02.739+0000] {processor.py:840} INFO - DAG(s) 'job_intelligent_pipeline' retrieved from /opt/airflow/dags/dag_job_intelligent .py
[2026-05-08T21:44:02.992+0000] {logging_mixin.py:188} INFO - [2026-05-08T21:44:02.992+0000] {dag.py:3096} INFO - Sync 1 DAGs
[2026-05-08T21:44:03.883+0000] {processor.py:183} INFO - Processing /opt/airflow/dags/dag_job_intelligent .py took 1.417 seconds
[2026-05-08T21:44:34.417+0000] {processor.py:161} INFO - Started process (PID=5470) to work on /opt/airflow/dags/dag_job_intelligent .py
[2026-05-08T21:44:34.419+0000] {processor.py:830} INFO - Processing file /opt/airflow/dags/dag_job_intelligent .py for tasks to queue
[2026-05-08T21:44:34.431+0000] {logging_mixin.py:188} INFO - [2026-05-08T21:44:34.429+0000] {dagbag.py:545} INFO - Filling up the DagBag from /opt/airflow/dags/dag_job_intelligent .py
[2026-05-08T21:44:34.591+0000] {processor.py:840} INFO - DAG(s) 'job_intelligent_pipeline' retrieved from /opt/airflow/dags/dag_job_intelligent .py
[2026-05-08T21:44:34.821+0000] {logging_mixin.py:188} INFO - [2026-05-08T21:44:34.821+0000] {dag.py:3096} INFO - Sync 1 DAGs
[2026-05-08T21:44:35.173+0000] {processor.py:183} INFO - Processing /opt/airflow/dags/dag_job_intelligent .py took 0.782 seconds
[2026-05-08T21:45:06.068+0000] {processor.py:161} INFO - Started process (PID=5482) to work on /opt/airflow/dags/dag_job_intelligent .py
[2026-05-08T21:45:06.073+0000] {processor.py:830} INFO - Processing file /opt/airflow/dags/dag_job_intelligent .py for tasks to queue
[2026-05-08T21:45:06.099+0000] {logging_mixin.py:188} INFO - [2026-05-08T21:45:06.098+0000] {dagbag.py:545} INFO - Filling up the DagBag from /opt/airflow/dags/dag_job_intelligent .py
[2026-05-08T21:45:06.421+0000] {processor.py:840} INFO - DAG(s) 'job_intelligent_pipeline' retrieved from /opt/airflow/dags/dag_job_intelligent .py
[2026-05-08T21:45:06.835+0000] {logging_mixin.py:188} INFO - [2026-05-08T21:45:06.834+0000] {dag.py:3096} INFO - Sync 1 DAGs
[2026-05-08T21:45:07.155+0000] {processor.py:183} INFO - Processing /opt/airflow/dags/dag_job_intelligent .py took 1.153 seconds
[2026-05-08T21:45:37.661+0000] {processor.py:161} INFO - Started process (PID=5490) to work on /opt/airflow/dags/dag_job_intelligent .py
[2026-05-08T21:45:37.678+0000] {processor.py:830} INFO - Processing file /opt/airflow/dags/dag_job_intelligent .py for tasks to queue
[2026-05-08T21:45:37.683+0000] {logging_mixin.py:188} INFO - [2026-05-08T21:45:37.682+0000] {dagbag.py:545} INFO - Filling up the DagBag from /opt/airflow/dags/dag_job_intelligent .py
[2026-05-08T21:45:37.808+0000] {processor.py:840} INFO - DAG(s) 'job_intelligent_pipeline' retrieved from /opt/airflow/dags/dag_job_intelligent .py
[2026-05-08T21:45:38.018+0000] {logging_mixin.py:188} INFO - [2026-05-08T21:45:38.017+0000] {dag.py:3096} INFO - Sync 1 DAGs
[2026-05-08T21:45:38.284+0000] {processor.py:183} INFO - Processing /opt/airflow/dags/dag_job_intelligent .py took 0.660 seconds
[2026-05-08T21:46:09.092+0000] {processor.py:161} INFO - Started process (PID=5504) to work on /opt/airflow/dags/dag_job_intelligent .py
[2026-05-08T21:46:09.094+0000] {processor.py:830} INFO - Processing file /opt/airflow/dags/dag_job_intelligent .py for tasks to queue
[2026-05-08T21:46:09.096+0000] {logging_mixin.py:188} INFO - [2026-05-08T21:46:09.095+0000] {dagbag.py:545} INFO - Filling up the DagBag from /opt/airflow/dags/dag_job_intelligent .py
[2026-05-08T21:46:09.203+0000] {processor.py:840} INFO - DAG(s) 'job_intelligent_pipeline' retrieved from /opt/airflow/dags/dag_job_intelligent .py
[2026-05-08T21:46:09.321+0000] {logging_mixin.py:188} INFO - [2026-05-08T21:46:09.320+0000] {dag.py:3096} INFO - Sync 1 DAGs
[2026-05-08T21:46:09.536+0000] {processor.py:183} INFO - Processing /opt/airflow/dags/dag_job_intelligent .py took 0.470 seconds
[2026-05-08T21:46:40.029+0000] {processor.py:161} INFO - Started process (PID=5512) to work on /opt/airflow/dags/dag_job_intelligent .py
[2026-05-08T21:46:40.035+0000] {processor.py:830} INFO - Processing file /opt/airflow/dags/dag_job_intelligent .py for tasks to queue
[2026-05-08T21:46:40.051+0000] {logging_mixin.py:188} INFO - [2026-05-08T21:46:40.051+0000] {dagbag.py:545} INFO - Filling up the DagBag from /opt/airflow/dags/dag_job_intelligent .py
[2026-05-08T21:46:40.363+0000] {processor.py:840} INFO - DAG(s) 'job_intelligent_pipeline' retrieved from /opt/airflow/dags/dag_job_intelligent .py
[2026-05-08T21:46:40.743+0000] {logging_mixin.py:188} INFO - [2026-05-08T21:46:40.742+0000] {dag.py:3096} INFO - Sync 1 DAGs
[2026-05-08T21:46:41.280+0000] {processor.py:183} INFO - Processing /opt/airflow/dags/dag_job_intelligent .py took 1.268 seconds
[2026-05-08T21:46:48.928+0000] {processor.py:161} INFO - Started process (PID=5519) to work on /opt/airflow/dags/dag_job_intelligent .py
[2026-05-08T21:46:48.932+0000] {processor.py:830} INFO - Processing file /opt/airflow/dags/dag_job_intelligent .py for tasks to queue
[2026-05-08T21:46:48.934+0000] {logging_mixin.py:188} INFO - [2026-05-08T21:46:48.933+0000] {dagbag.py:545} INFO - Filling up the DagBag from /opt/airflow/dags/dag_job_intelligent .py
[2026-05-08T21:46:49.157+0000] {processor.py:840} INFO - DAG(s) 'job_intelligent_pipeline' retrieved from /opt/airflow/dags/dag_job_intelligent .py
[2026-05-08T21:46:49.294+0000] {logging_mixin.py:188} INFO - [2026-05-08T21:46:49.294+0000] {dag.py:3096} INFO - Sync 1 DAGs
[2026-05-08T21:46:49.451+0000] {processor.py:183} INFO - Processing /opt/airflow/dags/dag_job_intelligent .py took 0.537 seconds
[2026-05-08T21:47:20.171+0000] {processor.py:161} INFO - Started process (PID=5527) to work on /opt/airflow/dags/dag_job_intelligent .py
[2026-05-08T21:47:20.193+0000] {processor.py:830} INFO - Processing file /opt/airflow/dags/dag_job_intelligent .py for tasks to queue
[2026-05-08T21:47:20.211+0000] {logging_mixin.py:188} INFO - [2026-05-08T21:47:20.210+0000] {dagbag.py:545} INFO - Filling up the DagBag from /opt/airflow/dags/dag_job_intelligent .py
[2026-05-08T21:47:20.345+0000] {processor.py:840} INFO - DAG(s) 'job_intelligent_pipeline' retrieved from /opt/airflow/dags/dag_job_intelligent .py
[2026-05-08T21:47:20.424+0000] {logging_mixin.py:188} INFO - [2026-05-08T21:47:20.423+0000] {dag.py:3096} INFO - Sync 1 DAGs
[2026-05-08T21:47:20.526+0000] {processor.py:183} INFO - Processing /opt/airflow/dags/dag_job_intelligent .py took 0.375 seconds
[2026-05-08T21:47:51.547+0000] {processor.py:161} INFO - Started process (PID=5540) to work on /opt/airflow/dags/dag_job_intelligent .py
[2026-05-08T21:47:51.549+0000] {processor.py:830} INFO - Processing file /opt/airflow/dags/dag_job_intelligent .py for tasks to queue
[2026-05-08T21:47:51.552+0000] {logging_mixin.py:188} INFO - [2026-05-08T21:47:51.551+0000] {dagbag.py:545} INFO - Filling up the DagBag from /opt/airflow/dags/dag_job_intelligent .py
[2026-05-08T21:47:51.991+0000] {processor.py:840} INFO - DAG(s) 'job_intelligent_pipeline' retrieved from /opt/airflow/dags/dag_job_intelligent .py
[2026-05-08T21:47:52.318+0000] {logging_mixin.py:188} INFO - [2026-05-08T21:47:52.317+0000] {dag.py:3096} INFO - Sync 1 DAGs
[2026-05-08T21:47:52.428+0000] {processor.py:183} INFO - Processing /opt/airflow/dags/dag_job_intelligent .py took 0.935 seconds
[2026-05-08T21:48:22.565+0000] {processor.py:161} INFO - Started process (PID=5548) to work on /opt/airflow/dags/dag_job_intelligent .py
[2026-05-08T21:48:22.581+0000] {processor.py:830} INFO - Processing file /opt/airflow/dags/dag_job_intelligent .py for tasks to queue
[2026-05-08T21:48:22.592+0000] {logging_mixin.py:188} INFO - [2026-05-08T21:48:22.591+0000] {dagbag.py:545} INFO - Filling up the DagBag from /opt/airflow/dags/dag_job_intelligent .py
[2026-05-08T21:48:22.689+0000] {processor.py:840} INFO - DAG(s) 'job_intelligent_pipeline' retrieved from /opt/airflow/dags/dag_job_intelligent .py
[2026-05-08T21:48:22.854+0000] {logging_mixin.py:188} INFO - [2026-05-08T21:48:22.848+0000] {dag.py:3096} INFO - Sync 1 DAGs
[2026-05-08T21:48:22.967+0000] {processor.py:183} INFO - Processing /opt/airflow/dags/dag_job_intelligent .py took 0.426 seconds
[2026-05-08T21:48:53.541+0000] {processor.py:161} INFO - Started process (PID=5562) to work on /opt/airflow/dags/dag_job_intelligent .py
[2026-05-08T21:48:53.548+0000] {processor.py:830} INFO - Processing file /opt/airflow/dags/dag_job_intelligent .py for tasks to queue
[2026-05-08T21:48:53.610+0000] {logging_mixin.py:188} INFO - [2026-05-08T21:48:53.609+0000] {dagbag.py:545} INFO - Filling up the DagBag from /opt/airflow/dags/dag_job_intelligent .py
[2026-05-08T21:48:57.745+0000] {processor.py:840} INFO - DAG(s) 'job_intelligent_pipeline' retrieved from /opt/airflow/dags/dag_job_intelligent .py
[2026-05-08T21:48:58.031+0000] {logging_mixin.py:188} INFO - [2026-05-08T21:48:58.030+0000] {dag.py:3096} INFO - Sync 1 DAGs
[2026-05-08T21:48:58.762+0000] {processor.py:183} INFO - Processing /opt/airflow/dags/dag_job_intelligent .py took 5.271 seconds
[2026-05-08T21:49:30.474+0000] {processor.py:161} INFO - Started process (PID=5575) to work on /opt/airflow/dags/dag_job_intelligent .py
[2026-05-08T21:49:30.489+0000] {processor.py:830} INFO - Processing file /opt/airflow/dags/dag_job_intelligent .py for tasks to queue
[2026-05-08T21:49:30.506+0000] {logging_mixin.py:188} INFO - [2026-05-08T21:49:30.506+0000] {dagbag.py:545} INFO - Filling up the DagBag from /opt/airflow/dags/dag_job_intelligent .py
[2026-05-08T21:49:30.957+0000] {processor.py:840} INFO - DAG(s) 'job_intelligent_pipeline' retrieved from /opt/airflow/dags/dag_job_intelligent .py
[2026-05-08T21:49:31.260+0000] {logging_mixin.py:188} INFO - [2026-05-08T21:49:31.260+0000] {dag.py:3096} INFO - Sync 1 DAGs
[2026-05-08T21:49:31.628+0000] {processor.py:183} INFO - Processing /opt/airflow/dags/dag_job_intelligent .py took 1.219 seconds
[2026-05-08T21:50:02.670+0000] {processor.py:161} INFO - Started process (PID=5583) to work on /opt/airflow/dags/dag_job_intelligent .py
[2026-05-08T21:50:02.698+0000] {processor.py:830} INFO - Processing file /opt/airflow/dags/dag_job_intelligent .py for tasks to queue
[2026-05-08T21:50:02.700+0000] {logging_mixin.py:188} INFO - [2026-05-08T21:50:02.700+0000] {dagbag.py:545} INFO - Filling up the DagBag from /opt/airflow/dags/dag_job_intelligent .py
[2026-05-08T21:50:03.000+0000] {processor.py:840} INFO - DAG(s) 'job_intelligent_pipeline' retrieved from /opt/airflow/dags/dag_job_intelligent .py
[2026-05-08T21:50:03.267+0000] {logging_mixin.py:188} INFO - [2026-05-08T21:50:03.266+0000] {dag.py:3096} INFO - Sync 1 DAGs
[2026-05-08T21:50:03.801+0000] {processor.py:183} INFO - Processing /opt/airflow/dags/dag_job_intelligent .py took 1.168 seconds
[2026-05-08T21:50:34.659+0000] {processor.py:161} INFO - Started process (PID=5597) to work on /opt/airflow/dags/dag_job_intelligent .py
[2026-05-08T21:50:34.661+0000] {processor.py:830} INFO - Processing file /opt/airflow/dags/dag_job_intelligent .py for tasks to queue
[2026-05-08T21:50:34.710+0000] {logging_mixin.py:188} INFO - [2026-05-08T21:50:34.710+0000] {dagbag.py:545} INFO - Filling up the DagBag from /opt/airflow/dags/dag_job_intelligent .py
[2026-05-08T21:50:35.074+0000] {processor.py:840} INFO - DAG(s) 'job_intelligent_pipeline' retrieved from /opt/airflow/dags/dag_job_intelligent .py
[2026-05-08T21:50:35.683+0000] {logging_mixin.py:188} INFO - [2026-05-08T21:50:35.682+0000] {dag.py:3096} INFO - Sync 1 DAGs
[2026-05-08T21:50:36.101+0000] {processor.py:183} INFO - Processing /opt/airflow/dags/dag_job_intelligent .py took 1.508 seconds
[2026-05-08T21:51:06.599+0000] {processor.py:161} INFO - Started process (PID=5606) to work on /opt/airflow/dags/dag_job_intelligent .py
[2026-05-08T21:51:06.611+0000] {processor.py:830} INFO - Processing file /opt/airflow/dags/dag_job_intelligent .py for tasks to queue
[2026-05-08T21:51:06.622+0000] {logging_mixin.py:188} INFO - [2026-05-08T21:51:06.622+0000] {dagbag.py:545} INFO - Filling up the DagBag from /opt/airflow/dags/dag_job_intelligent .py
[2026-05-08T21:51:06.731+0000] {processor.py:840} INFO - DAG(s) 'job_intelligent_pipeline' retrieved from /opt/airflow/dags/dag_job_intelligent .py
[2026-05-08T21:51:07.000+0000] {logging_mixin.py:188} INFO - [2026-05-08T21:51:06.999+0000] {dag.py:3096} INFO - Sync 1 DAGs
[2026-05-08T21:51:07.220+0000] {processor.py:183} INFO - Processing /opt/airflow/dags/dag_job_intelligent .py took 0.633 seconds
[2026-05-08T21:51:37.946+0000] {processor.py:161} INFO - Started process (PID=5620) to work on /opt/airflow/dags/dag_job_intelligent .py
[2026-05-08T21:51:37.961+0000] {processor.py:830} INFO - Processing file /opt/airflow/dags/dag_job_intelligent .py for tasks to queue
[2026-05-08T21:51:37.972+0000] {logging_mixin.py:188} INFO - [2026-05-08T21:51:37.971+0000] {dagbag.py:545} INFO - Filling up the DagBag from /opt/airflow/dags/dag_job_intelligent .py
[2026-05-08T21:51:38.341+0000] {processor.py:840} INFO - DAG(s) 'job_intelligent_pipeline' retrieved from /opt/airflow/dags/dag_job_intelligent .py
[2026-05-08T21:51:38.514+0000] {logging_mixin.py:188} INFO - [2026-05-08T21:51:38.514+0000] {dag.py:3096} INFO - Sync 1 DAGs
[2026-05-08T21:51:38.730+0000] {processor.py:183} INFO - Processing /opt/airflow/dags/dag_job_intelligent .py took 0.821 seconds
[2026-05-08T21:52:09.821+0000] {processor.py:161} INFO - Started process (PID=5628) to work on /opt/airflow/dags/dag_job_intelligent .py
[2026-05-08T21:52:09.833+0000] {processor.py:830} INFO - Processing file /opt/airflow/dags/dag_job_intelligent .py for tasks to queue
[2026-05-08T21:52:09.850+0000] {logging_mixin.py:188} INFO - [2026-05-08T21:52:09.849+0000] {dagbag.py:545} INFO - Filling up the DagBag from /opt/airflow/dags/dag_job_intelligent .py
[2026-05-08T21:52:10.425+0000] {processor.py:840} INFO - DAG(s) 'job_intelligent_pipeline' retrieved from /opt/airflow/dags/dag_job_intelligent .py
[2026-05-08T21:52:10.916+0000] {logging_mixin.py:188} INFO - [2026-05-08T21:52:10.915+0000] {dag.py:3096} INFO - Sync 1 DAGs
[2026-05-08T21:52:11.209+0000] {processor.py:183} INFO - Processing /opt/airflow/dags/dag_job_intelligent .py took 1.504 seconds
[2026-05-08T21:52:42.280+0000] {processor.py:161} INFO - Started process (PID=5642) to work on /opt/airflow/dags/dag_job_intelligent .py
[2026-05-08T21:52:42.293+0000] {processor.py:830} INFO - Processing file /opt/airflow/dags/dag_job_intelligent .py for tasks to queue
[2026-05-08T21:52:42.296+0000] {logging_mixin.py:188} INFO - [2026-05-08T21:52:42.296+0000] {dagbag.py:545} INFO - Filling up the DagBag from /opt/airflow/dags/dag_job_intelligent .py
[2026-05-08T21:52:42.440+0000] {processor.py:840} INFO - DAG(s) 'job_intelligent_pipeline' retrieved from /opt/airflow/dags/dag_job_intelligent .py
[2026-05-08T21:52:42.717+0000] {logging_mixin.py:188} INFO - [2026-05-08T21:52:42.716+0000] {dag.py:3096} INFO - Sync 1 DAGs
[2026-05-08T21:52:43.280+0000] {processor.py:183} INFO - Processing /opt/airflow/dags/dag_job_intelligent .py took 1.043 seconds
[2026-05-08T21:53:13.600+0000] {processor.py:161} INFO - Started process (PID=5656) to work on /opt/airflow/dags/dag_job_intelligent .py
[2026-05-08T21:53:13.606+0000] {processor.py:830} INFO - Processing file /opt/airflow/dags/dag_job_intelligent .py for tasks to queue
[2026-05-08T21:53:13.608+0000] {logging_mixin.py:188} INFO - [2026-05-08T21:53:13.607+0000] {dagbag.py:545} INFO - Filling up the DagBag from /opt/airflow/dags/dag_job_intelligent .py
[2026-05-08T21:53:13.657+0000] {processor.py:840} INFO - DAG(s) 'job_intelligent_pipeline' retrieved from /opt/airflow/dags/dag_job_intelligent .py
[2026-05-08T21:53:13.804+0000] {logging_mixin.py:188} INFO - [2026-05-08T21:53:13.803+0000] {dag.py:3096} INFO - Sync 1 DAGs
[2026-05-08T21:53:14.100+0000] {processor.py:183} INFO - Processing /opt/airflow/dags/dag_job_intelligent .py took 0.513 seconds
[2026-05-08T21:53:44.289+0000] {processor.py:161} INFO - Started process (PID=5665) to work on /opt/airflow/dags/dag_job_intelligent .py
[2026-05-08T21:53:44.291+0000] {processor.py:830} INFO - Processing file /opt/airflow/dags/dag_job_intelligent .py for tasks to queue
[2026-05-08T21:53:44.294+0000] {logging_mixin.py:188} INFO - [2026-05-08T21:53:44.293+0000] {dagbag.py:545} INFO - Filling up the DagBag from /opt/airflow/dags/dag_job_intelligent .py
[2026-05-08T21:53:44.344+0000] {processor.py:840} INFO - DAG(s) 'job_intelligent_pipeline' retrieved from /opt/airflow/dags/dag_job_intelligent .py
[2026-05-08T21:53:44.420+0000] {logging_mixin.py:188} INFO - [2026-05-08T21:53:44.419+0000] {dag.py:3096} INFO - Sync 1 DAGs
[2026-05-08T21:53:44.549+0000] {processor.py:183} INFO - Processing /opt/airflow/dags/dag_job_intelligent .py took 0.276 seconds
[2026-05-08T21:54:15.108+0000] {processor.py:161} INFO - Started process (PID=5678) to work on /opt/airflow/dags/dag_job_intelligent .py
[2026-05-08T21:54:15.110+0000] {processor.py:830} INFO - Processing file /opt/airflow/dags/dag_job_intelligent .py for tasks to queue
[2026-05-08T21:54:15.113+0000] {logging_mixin.py:188} INFO - [2026-05-08T21:54:15.112+0000] {dagbag.py:545} INFO - Filling up the DagBag from /opt/airflow/dags/dag_job_intelligent .py
[2026-05-08T21:54:15.168+0000] {processor.py:840} INFO - DAG(s) 'job_intelligent_pipeline' retrieved from /opt/airflow/dags/dag_job_intelligent .py
[2026-05-08T21:54:15.247+0000] {logging_mixin.py:188} INFO - [2026-05-08T21:54:15.246+0000] {dag.py:3096} INFO - Sync 1 DAGs
[2026-05-08T21:54:15.340+0000] {processor.py:183} INFO - Processing /opt/airflow/dags/dag_job_intelligent .py took 0.248 seconds
[2026-05-08T21:54:46.350+0000] {processor.py:161} INFO - Started process (PID=5686) to work on /opt/airflow/dags/dag_job_intelligent .py
[2026-05-08T21:54:46.352+0000] {processor.py:830} INFO - Processing file /opt/airflow/dags/dag_job_intelligent .py for tasks to queue
[2026-05-08T21:54:46.353+0000] {logging_mixin.py:188} INFO - [2026-05-08T21:54:46.353+0000] {dagbag.py:545} INFO - Filling up the DagBag from /opt/airflow/dags/dag_job_intelligent .py
[2026-05-08T21:54:46.387+0000] {processor.py:840} INFO - DAG(s) 'job_intelligent_pipeline' retrieved from /opt/airflow/dags/dag_job_intelligent .py
[2026-05-08T21:54:46.444+0000] {logging_mixin.py:188} INFO - [2026-05-08T21:54:46.444+0000] {dag.py:3096} INFO - Sync 1 DAGs
[2026-05-08T21:54:46.579+0000] {processor.py:183} INFO - Processing /opt/airflow/dags/dag_job_intelligent .py took 0.236 seconds
[2026-05-08T21:55:16.766+0000] {processor.py:161} INFO - Started process (PID=5699) to work on /opt/airflow/dags/dag_job_intelligent .py
[2026-05-08T21:55:16.768+0000] {processor.py:830} INFO - Processing file /opt/airflow/dags/dag_job_intelligent .py for tasks to queue
[2026-05-08T21:55:16.770+0000] {logging_mixin.py:188} INFO - [2026-05-08T21:55:16.770+0000] {dagbag.py:545} INFO - Filling up the DagBag from /opt/airflow/dags/dag_job_intelligent .py
[2026-05-08T21:55:16.822+0000] {processor.py:840} INFO - DAG(s) 'job_intelligent_pipeline' retrieved from /opt/airflow/dags/dag_job_intelligent .py
[2026-05-08T21:55:16.901+0000] {logging_mixin.py:188} INFO - [2026-05-08T21:55:16.901+0000] {dag.py:3096} INFO - Sync 1 DAGs
[2026-05-08T21:55:16.965+0000] {logging_mixin.py:188} INFO - [2026-05-08T21:55:16.964+0000] {dag.py:3954} INFO - Setting next_dagrun for job_intelligent_pipeline to 2026-05-08 06:00:00+00:00, run_after=2026-05-09 06:00:00+00:00
[2026-05-08T21:55:17.034+0000] {processor.py:183} INFO - Processing /opt/airflow/dags/dag_job_intelligent .py took 0.281 seconds
[2026-05-08T21:55:47.290+0000] {processor.py:161} INFO - Started process (PID=5708) to work on /opt/airflow/dags/dag_job_intelligent .py
[2026-05-08T21:55:47.293+0000] {processor.py:830} INFO - Processing file /opt/airflow/dags/dag_job_intelligent .py for tasks to queue
[2026-05-08T21:55:47.296+0000] {logging_mixin.py:188} INFO - [2026-05-08T21:55:47.295+0000] {dagbag.py:545} INFO - Filling up the DagBag from /opt/airflow/dags/dag_job_intelligent .py
[2026-05-08T21:55:47.393+0000] {processor.py:840} INFO - DAG(s) 'job_intelligent_pipeline' retrieved from /opt/airflow/dags/dag_job_intelligent .py
[2026-05-08T21:55:47.554+0000] {logging_mixin.py:188} INFO - [2026-05-08T21:55:47.554+0000] {dag.py:3096} INFO - Sync 1 DAGs
[2026-05-08T21:55:47.664+0000] {logging_mixin.py:188} INFO - [2026-05-08T21:55:47.663+0000] {dag.py:3954} INFO - Setting next_dagrun for job_intelligent_pipeline to 2026-05-08 06:00:00+00:00, run_after=2026-05-09 06:00:00+00:00
[2026-05-08T21:55:47.784+0000] {processor.py:183} INFO - Processing /opt/airflow/dags/dag_job_intelligent .py took 0.524 seconds
[2026-05-08T21:56:19.097+0000] {processor.py:161} INFO - Started process (PID=5722) to work on /opt/airflow/dags/dag_job_intelligent .py
[2026-05-08T21:56:19.110+0000] {processor.py:830} INFO - Processing file /opt/airflow/dags/dag_job_intelligent .py for tasks to queue
[2026-05-08T21:56:19.118+0000] {logging_mixin.py:188} INFO - [2026-05-08T21:56:19.117+0000] {dagbag.py:545} INFO - Filling up the DagBag from /opt/airflow/dags/dag_job_intelligent .py
[2026-05-08T21:56:19.287+0000] {processor.py:840} INFO - DAG(s) 'job_intelligent_pipeline' retrieved from /opt/airflow/dags/dag_job_intelligent .py
[2026-05-08T21:56:19.537+0000] {logging_mixin.py:188} INFO - [2026-05-08T21:56:19.537+0000] {dag.py:3096} INFO - Sync 1 DAGs
[2026-05-08T21:56:19.734+0000] {logging_mixin.py:188} INFO - [2026-05-08T21:56:19.733+0000] {dag.py:3954} INFO - Setting next_dagrun for job_intelligent_pipeline to 2026-05-08 06:00:00+00:00, run_after=2026-05-09 06:00:00+00:00
[2026-05-08T21:56:19.855+0000] {processor.py:183} INFO - Processing /opt/airflow/dags/dag_job_intelligent .py took 0.796 seconds
[2026-05-08T21:56:50.666+0000] {processor.py:161} INFO - Started process (PID=5730) to work on /opt/airflow/dags/dag_job_intelligent .py
[2026-05-08T21:56:50.675+0000] {processor.py:830} INFO - Processing file /opt/airflow/dags/dag_job_intelligent .py for tasks to queue
[2026-05-08T21:56:50.683+0000] {logging_mixin.py:188} INFO - [2026-05-08T21:56:50.682+0000] {dagbag.py:545} INFO - Filling up the DagBag from /opt/airflow/dags/dag_job_intelligent .py
[2026-05-08T21:56:50.772+0000] {processor.py:840} INFO - DAG(s) 'job_intelligent_pipeline' retrieved from /opt/airflow/dags/dag_job_intelligent .py
[2026-05-08T21:56:50.913+0000] {logging_mixin.py:188} INFO - [2026-05-08T21:56:50.913+0000] {dag.py:3096} INFO - Sync 1 DAGs
[2026-05-08T21:56:51.017+0000] {logging_mixin.py:188} INFO - [2026-05-08T21:56:51.016+0000] {dag.py:3954} INFO - Setting next_dagrun for job_intelligent_pipeline to 2026-05-08 06:00:00+00:00, run_after=2026-05-09 06:00:00+00:00
[2026-05-08T21:56:51.164+0000] {processor.py:183} INFO - Processing /opt/airflow/dags/dag_job_intelligent .py took 0.522 seconds
[2026-05-08T21:57:21.502+0000] {processor.py:161} INFO - Started process (PID=5744) to work on /opt/airflow/dags/dag_job_intelligent .py
[2026-05-08T21:57:21.504+0000] {processor.py:830} INFO - Processing file /opt/airflow/dags/dag_job_intelligent .py for tasks to queue
[2026-05-08T21:57:21.506+0000] {logging_mixin.py:188} INFO - [2026-05-08T21:57:21.505+0000] {dagbag.py:545} INFO - Filling up the DagBag from /opt/airflow/dags/dag_job_intelligent .py
[2026-05-08T21:57:21.556+0000] {processor.py:840} INFO - DAG(s) 'job_intelligent_pipeline' retrieved from /opt/airflow/dags/dag_job_intelligent .py
[2026-05-08T21:57:21.678+0000] {logging_mixin.py:188} INFO - [2026-05-08T21:57:21.677+0000] {dag.py:3096} INFO - Sync 1 DAGs
[2026-05-08T21:57:21.766+0000] {logging_mixin.py:188} INFO - [2026-05-08T21:57:21.766+0000] {dag.py:3954} INFO - Setting next_dagrun for job_intelligent_pipeline to 2026-05-08 06:00:00+00:00, run_after=2026-05-09 06:00:00+00:00
[2026-05-08T21:57:21.829+0000] {processor.py:183} INFO - Processing /opt/airflow/dags/dag_job_intelligent .py took 0.341 seconds
[2026-05-08T21:57:52.236+0000] {processor.py:161} INFO - Started process (PID=5752) to work on /opt/airflow/dags/dag_job_intelligent .py
[2026-05-08T21:57:52.239+0000] {processor.py:830} INFO - Processing file /opt/airflow/dags/dag_job_intelligent .py for tasks to queue
[2026-05-08T21:57:52.242+0000] {logging_mixin.py:188} INFO - [2026-05-08T21:57:52.241+0000] {dagbag.py:545} INFO - Filling up the DagBag from /opt/airflow/dags/dag_job_intelligent .py
[2026-05-08T21:57:52.319+0000] {processor.py:840} INFO - DAG(s) 'job_intelligent_pipeline' retrieved from /opt/airflow/dags/dag_job_intelligent .py
[2026-05-08T21:57:52.399+0000] {logging_mixin.py:188} INFO - [2026-05-08T21:57:52.399+0000] {dag.py:3096} INFO - Sync 1 DAGs
[2026-05-08T21:57:52.470+0000] {logging_mixin.py:188} INFO - [2026-05-08T21:57:52.469+0000] {dag.py:3954} INFO - Setting next_dagrun for job_intelligent_pipeline to 2026-05-08 06:00:00+00:00, run_after=2026-05-09 06:00:00+00:00
[2026-05-08T21:57:52.597+0000] {processor.py:183} INFO - Processing /opt/airflow/dags/dag_job_intelligent .py took 0.379 seconds
[2026-05-08T21:58:24.693+0000] {processor.py:161} INFO - Started process (PID=5765) to work on /opt/airflow/dags/dag_job_intelligent .py
[2026-05-08T21:58:24.698+0000] {processor.py:830} INFO - Processing file /opt/airflow/dags/dag_job_intelligent .py for tasks to queue
[2026-05-08T21:58:24.708+0000] {logging_mixin.py:188} INFO - [2026-05-08T21:58:24.702+0000] {dagbag.py:545} INFO - Filling up the DagBag from /opt/airflow/dags/dag_job_intelligent .py
[2026-05-08T21:58:24.944+0000] {processor.py:840} INFO - DAG(s) 'job_intelligent_pipeline' retrieved from /opt/airflow/dags/dag_job_intelligent .py
[2026-05-08T21:58:25.207+0000] {logging_mixin.py:188} INFO - [2026-05-08T21:58:25.196+0000] {dag.py:3096} INFO - Sync 1 DAGs
[2026-05-08T21:58:25.370+0000] {logging_mixin.py:188} INFO - [2026-05-08T21:58:25.370+0000] {dag.py:3954} INFO - Setting next_dagrun for job_intelligent_pipeline to 2026-05-08 06:00:00+00:00, run_after=2026-05-09 06:00:00+00:00
[2026-05-08T21:58:25.557+0000] {processor.py:183} INFO - Processing /opt/airflow/dags/dag_job_intelligent .py took 0.897 seconds
[2026-05-08T21:58:56.137+0000] {processor.py:161} INFO - Started process (PID=5772) to work on /opt/airflow/dags/dag_job_intelligent .py
[2026-05-08T21:58:56.139+0000] {processor.py:830} INFO - Processing file /opt/airflow/dags/dag_job_intelligent .py for tasks to queue
[2026-05-08T21:58:56.142+0000] {logging_mixin.py:188} INFO - [2026-05-08T21:58:56.141+0000] {dagbag.py:545} INFO - Filling up the DagBag from /opt/airflow/dags/dag_job_intelligent .py
[2026-05-08T21:58:56.191+0000] {processor.py:840} INFO - DAG(s) 'job_intelligent_pipeline' retrieved from /opt/airflow/dags/dag_job_intelligent .py
[2026-05-08T21:58:56.246+0000] {logging_mixin.py:188} INFO - [2026-05-08T21:58:56.246+0000] {dag.py:3096} INFO - Sync 1 DAGs
[2026-05-08T21:58:56.285+0000] {logging_mixin.py:188} INFO - [2026-05-08T21:58:56.284+0000] {dag.py:3954} INFO - Setting next_dagrun for job_intelligent_pipeline to 2026-05-08 06:00:00+00:00, run_after=2026-05-09 06:00:00+00:00
[2026-05-08T21:58:56.323+0000] {processor.py:183} INFO - Processing /opt/airflow/dags/dag_job_intelligent .py took 0.205 seconds
[2026-05-08T21:59:26.709+0000] {processor.py:161} INFO - Started process (PID=5787) to work on /opt/airflow/dags/dag_job_intelligent .py
[2026-05-08T21:59:26.711+0000] {processor.py:830} INFO - Processing file /opt/airflow/dags/dag_job_intelligent .py for tasks to queue
[2026-05-08T21:59:26.714+0000] {logging_mixin.py:188} INFO - [2026-05-08T21:59:26.713+0000] {dagbag.py:545} INFO - Filling up the DagBag from /opt/airflow/dags/dag_job_intelligent .py
[2026-05-08T21:59:26.757+0000] {processor.py:840} INFO - DAG(s) 'job_intelligent_pipeline' retrieved from /opt/airflow/dags/dag_job_intelligent .py
[2026-05-08T21:59:26.811+0000] {logging_mixin.py:188} INFO - [2026-05-08T21:59:26.811+0000] {dag.py:3096} INFO - Sync 1 DAGs
[2026-05-08T21:59:26.887+0000] {logging_mixin.py:188} INFO - [2026-05-08T21:59:26.881+0000] {dag.py:3954} INFO - Setting next_dagrun for job_intelligent_pipeline to 2026-05-08 06:00:00+00:00, run_after=2026-05-09 06:00:00+00:00
[2026-05-08T21:59:26.979+0000] {processor.py:183} INFO - Processing /opt/airflow/dags/dag_job_intelligent .py took 0.284 seconds
[2026-05-08T21:59:57.916+0000] {processor.py:161} INFO - Started process (PID=5795) to work on /opt/airflow/dags/dag_job_intelligent .py
[2026-05-08T21:59:57.937+0000] {processor.py:830} INFO - Processing file /opt/airflow/dags/dag_job_intelligent .py for tasks to queue
[2026-05-08T21:59:57.963+0000] {logging_mixin.py:188} INFO - [2026-05-08T21:59:57.962+0000] {dagbag.py:545} INFO - Filling up the DagBag from /opt/airflow/dags/dag_job_intelligent .py
[2026-05-08T21:59:58.091+0000] {processor.py:840} INFO - DAG(s) 'job_intelligent_pipeline' retrieved from /opt/airflow/dags/dag_job_intelligent .py
[2026-05-08T21:59:58.282+0000] {logging_mixin.py:188} INFO - [2026-05-08T21:59:58.281+0000] {dag.py:3096} INFO - Sync 1 DAGs
[2026-05-08T21:59:58.484+0000] {logging_mixin.py:188} INFO - [2026-05-08T21:59:58.473+0000] {dag.py:3954} INFO - Setting next_dagrun for job_intelligent_pipeline to 2026-05-08 06:00:00+00:00, run_after=2026-05-09 06:00:00+00:00
[2026-05-08T21:59:58.610+0000] {processor.py:183} INFO - Processing /opt/airflow/dags/dag_job_intelligent .py took 0.725 seconds
[2026-05-08T22:00:29.821+0000] {processor.py:161} INFO - Started process (PID=5810) to work on /opt/airflow/dags/dag_job_intelligent .py
[2026-05-08T22:00:29.836+0000] {processor.py:830} INFO - Processing file /opt/airflow/dags/dag_job_intelligent .py for tasks to queue
[2026-05-08T22:00:29.849+0000] {logging_mixin.py:188} INFO - [2026-05-08T22:00:29.842+0000] {dagbag.py:545} INFO - Filling up the DagBag from /opt/airflow/dags/dag_job_intelligent .py
[2026-05-08T22:00:30.017+0000] {processor.py:840} INFO - DAG(s) 'job_intelligent_pipeline' retrieved from /opt/airflow/dags/dag_job_intelligent .py
[2026-05-08T22:00:30.164+0000] {logging_mixin.py:188} INFO - [2026-05-08T22:00:30.164+0000] {dag.py:3096} INFO - Sync 1 DAGs
[2026-05-08T22:00:30.294+0000] {logging_mixin.py:188} INFO - [2026-05-08T22:00:30.294+0000] {dag.py:3954} INFO - Setting next_dagrun for job_intelligent_pipeline to 2026-05-08 06:00:00+00:00, run_after=2026-05-09 06:00:00+00:00
[2026-05-08T22:00:30.384+0000] {processor.py:183} INFO - Processing /opt/airflow/dags/dag_job_intelligent .py took 0.602 seconds
[2026-05-08T22:01:00.771+0000] {processor.py:161} INFO - Started process (PID=5819) to work on /opt/airflow/dags/dag_job_intelligent .py
[2026-05-08T22:01:00.773+0000] {processor.py:830} INFO - Processing file /opt/airflow/dags/dag_job_intelligent .py for tasks to queue
[2026-05-08T22:01:00.783+0000] {logging_mixin.py:188} INFO - [2026-05-08T22:01:00.782+0000] {dagbag.py:545} INFO - Filling up the DagBag from /opt/airflow/dags/dag_job_intelligent .py
[2026-05-08T22:01:00.906+0000] {processor.py:840} INFO - DAG(s) 'job_intelligent_pipeline' retrieved from /opt/airflow/dags/dag_job_intelligent .py
[2026-05-08T22:01:01.132+0000] {logging_mixin.py:188} INFO - [2026-05-08T22:01:01.131+0000] {dag.py:3096} INFO - Sync 1 DAGs
[2026-05-08T22:01:01.307+0000] {logging_mixin.py:188} INFO - [2026-05-08T22:01:01.306+0000] {dag.py:3954} INFO - Setting next_dagrun for job_intelligent_pipeline to 2026-05-08 06:00:00+00:00, run_after=2026-05-09 06:00:00+00:00
[2026-05-08T22:01:01.405+0000] {processor.py:183} INFO - Processing /opt/airflow/dags/dag_job_intelligent .py took 0.671 seconds
[2026-05-08T22:01:31.833+0000] {processor.py:161} INFO - Started process (PID=5834) to work on /opt/airflow/dags/dag_job_intelligent .py
[2026-05-08T22:01:31.841+0000] {processor.py:830} INFO - Processing file /opt/airflow/dags/dag_job_intelligent .py for tasks to queue
[2026-05-08T22:01:31.845+0000] {logging_mixin.py:188} INFO - [2026-05-08T22:01:31.843+0000] {dagbag.py:545} INFO - Filling up the DagBag from /opt/airflow/dags/dag_job_intelligent .py
[2026-05-08T22:01:31.920+0000] {processor.py:840} INFO - DAG(s) 'job_intelligent_pipeline' retrieved from /opt/airflow/dags/dag_job_intelligent .py
[2026-05-08T22:01:32.093+0000] {logging_mixin.py:188} INFO - [2026-05-08T22:01:32.092+0000] {dag.py:3096} INFO - Sync 1 DAGs
[2026-05-08T22:01:32.262+0000] {logging_mixin.py:188} INFO - [2026-05-08T22:01:32.248+0000] {dag.py:3954} INFO - Setting next_dagrun for job_intelligent_pipeline to 2026-05-08 06:00:00+00:00, run_after=2026-05-09 06:00:00+00:00
[2026-05-08T22:01:32.424+0000] {processor.py:183} INFO - Processing /opt/airflow/dags/dag_job_intelligent .py took 0.611 seconds
[2026-05-08T22:02:03.121+0000] {processor.py:161} INFO - Started process (PID=5849) to work on /opt/airflow/dags/dag_job_intelligent .py
[2026-05-08T22:02:03.124+0000] {processor.py:830} INFO - Processing file /opt/airflow/dags/dag_job_intelligent .py for tasks to queue
[2026-05-08T22:02:03.127+0000] {logging_mixin.py:188} INFO - [2026-05-08T22:02:03.126+0000] {dagbag.py:545} INFO - Filling up the DagBag from /opt/airflow/dags/dag_job_intelligent .py
[2026-05-08T22:02:03.234+0000] {processor.py:840} INFO - DAG(s) 'job_intelligent_pipeline' retrieved from /opt/airflow/dags/dag_job_intelligent .py
[2026-05-08T22:02:03.533+0000] {logging_mixin.py:188} INFO - [2026-05-08T22:02:03.522+0000] {dag.py:3096} INFO - Sync 1 DAGs
[2026-05-08T22:02:03.677+0000] {logging_mixin.py:188} INFO - [2026-05-08T22:02:03.677+0000] {dag.py:3954} INFO - Setting next_dagrun for job_intelligent_pipeline to 2026-05-08 06:00:00+00:00, run_after=2026-05-09 06:00:00+00:00
[2026-05-08T22:02:03.959+0000] {processor.py:183} INFO - Processing /opt/airflow/dags/dag_job_intelligent .py took 0.855 seconds
[2026-05-08T22:02:34.639+0000] {processor.py:161} INFO - Started process (PID=5856) to work on /opt/airflow/dags/dag_job_intelligent .py
[2026-05-08T22:02:34.640+0000] {processor.py:830} INFO - Processing file /opt/airflow/dags/dag_job_intelligent .py for tasks to queue
[2026-05-08T22:02:34.642+0000] {logging_mixin.py:188} INFO - [2026-05-08T22:02:34.642+0000] {dagbag.py:545} INFO - Filling up the DagBag from /opt/airflow/dags/dag_job_intelligent .py
[2026-05-08T22:02:34.753+0000] {processor.py:840} INFO - DAG(s) 'job_intelligent_pipeline' retrieved from /opt/airflow/dags/dag_job_intelligent .py
[2026-05-08T22:02:34.923+0000] {logging_mixin.py:188} INFO - [2026-05-08T22:02:34.922+0000] {dag.py:3096} INFO - Sync 1 DAGs
[2026-05-08T22:02:34.983+0000] {logging_mixin.py:188} INFO - [2026-05-08T22:02:34.983+0000] {dag.py:3954} INFO - Setting next_dagrun for job_intelligent_pipeline to 2026-05-08 06:00:00+00:00, run_after=2026-05-09 06:00:00+00:00
[2026-05-08T22:02:35.024+0000] {processor.py:183} INFO - Processing /opt/airflow/dags/dag_job_intelligent .py took 0.400 seconds
[2026-05-08T22:03:07.343+0000] {processor.py:161} INFO - Started process (PID=5870) to work on /opt/airflow/dags/dag_job_intelligent .py
[2026-05-08T22:03:07.436+0000] {processor.py:830} INFO - Processing file /opt/airflow/dags/dag_job_intelligent .py for tasks to queue
[2026-05-08T22:03:07.550+0000] {logging_mixin.py:188} INFO - [2026-05-08T22:03:07.549+0000] {dagbag.py:545} INFO - Filling up the DagBag from /opt/airflow/dags/dag_job_intelligent .py
[2026-05-08T22:03:08.055+0000] {processor.py:840} INFO - DAG(s) 'job_intelligent_pipeline' retrieved from /opt/airflow/dags/dag_job_intelligent .py
[2026-05-08T22:03:08.466+0000] {logging_mixin.py:188} INFO - [2026-05-08T22:03:08.466+0000] {dag.py:3096} INFO - Sync 1 DAGs
[2026-05-08T22:03:09.342+0000] {logging_mixin.py:188} INFO - [2026-05-08T22:03:09.341+0000] {dag.py:3954} INFO - Setting next_dagrun for job_intelligent_pipeline to 2026-05-08 06:00:00+00:00, run_after=2026-05-09 06:00:00+00:00
[2026-05-08T22:03:09.993+0000] {processor.py:183} INFO - Processing /opt/airflow/dags/dag_job_intelligent .py took 2.719 seconds
[2026-05-08T22:03:42.039+0000] {processor.py:161} INFO - Started process (PID=5878) to work on /opt/airflow/dags/dag_job_intelligent .py
[2026-05-08T22:03:42.073+0000] {processor.py:830} INFO - Processing file /opt/airflow/dags/dag_job_intelligent .py for tasks to queue
[2026-05-08T22:03:42.101+0000] {logging_mixin.py:188} INFO - [2026-05-08T22:03:42.099+0000] {dagbag.py:545} INFO - Filling up the DagBag from /opt/airflow/dags/dag_job_intelligent .py
[2026-05-08T22:03:43.471+0000] {processor.py:840} INFO - DAG(s) 'job_intelligent_pipeline' retrieved from /opt/airflow/dags/dag_job_intelligent .py
[2026-05-08T22:03:43.825+0000] {logging_mixin.py:188} INFO - [2026-05-08T22:03:43.825+0000] {dag.py:3096} INFO - Sync 1 DAGs
[2026-05-08T22:03:44.019+0000] {logging_mixin.py:188} INFO - [2026-05-08T22:03:44.018+0000] {dag.py:3954} INFO - Setting next_dagrun for job_intelligent_pipeline to 2026-05-08 06:00:00+00:00, run_after=2026-05-09 06:00:00+00:00
[2026-05-08T22:03:44.268+0000] {processor.py:183} INFO - Processing /opt/airflow/dags/dag_job_intelligent .py took 2.294 seconds
[2026-05-08T22:04:14.563+0000] {processor.py:161} INFO - Started process (PID=5892) to work on /opt/airflow/dags/dag_job_intelligent .py
[2026-05-08T22:04:14.565+0000] {processor.py:830} INFO - Processing file /opt/airflow/dags/dag_job_intelligent .py for tasks to queue
[2026-05-08T22:04:14.567+0000] {logging_mixin.py:188} INFO - [2026-05-08T22:04:14.566+0000] {dagbag.py:545} INFO - Filling up the DagBag from /opt/airflow/dags/dag_job_intelligent .py
[2026-05-08T22:04:14.622+0000] {processor.py:840} INFO - DAG(s) 'job_intelligent_pipeline' retrieved from /opt/airflow/dags/dag_job_intelligent .py
[2026-05-08T22:04:14.727+0000] {logging_mixin.py:188} INFO - [2026-05-08T22:04:14.726+0000] {dag.py:3096} INFO - Sync 1 DAGs
[2026-05-08T22:04:14.833+0000] {logging_mixin.py:188} INFO - [2026-05-08T22:04:14.832+0000] {dag.py:3954} INFO - Setting next_dagrun for job_intelligent_pipeline to 2026-05-08 06:00:00+00:00, run_after=2026-05-09 06:00:00+00:00
[2026-05-08T22:04:14.925+0000] {processor.py:183} INFO - Processing /opt/airflow/dags/dag_job_intelligent .py took 0.377 seconds
[2026-05-08T22:04:45.418+0000] {processor.py:161} INFO - Started process (PID=5904) to work on /opt/airflow/dags/dag_job_intelligent .py
[2026-05-08T22:04:45.424+0000] {processor.py:830} INFO - Processing file /opt/airflow/dags/dag_job_intelligent .py for tasks to queue
[2026-05-08T22:04:45.427+0000] {logging_mixin.py:188} INFO - [2026-05-08T22:04:45.426+0000] {dagbag.py:545} INFO - Filling up the DagBag from /opt/airflow/dags/dag_job_intelligent .py
[2026-05-08T22:04:45.601+0000] {processor.py:840} INFO - DAG(s) 'job_intelligent_pipeline' retrieved from /opt/airflow/dags/dag_job_intelligent .py
[2026-05-08T22:04:46.133+0000] {logging_mixin.py:188} INFO - [2026-05-08T22:04:46.133+0000] {dag.py:3096} INFO - Sync 1 DAGs
[2026-05-08T22:04:46.256+0000] {logging_mixin.py:188} INFO - [2026-05-08T22:04:46.255+0000] {dag.py:3954} INFO - Setting next_dagrun for job_intelligent_pipeline to 2026-05-08 06:00:00+00:00, run_after=2026-05-09 06:00:00+00:00
[2026-05-08T22:04:46.369+0000] {processor.py:183} INFO - Processing /opt/airflow/dags/dag_job_intelligent .py took 1.052 seconds
[2026-05-08T22:05:17.231+0000] {processor.py:161} INFO - Started process (PID=5913) to work on /opt/airflow/dags/dag_job_intelligent .py
[2026-05-08T22:05:17.233+0000] {processor.py:830} INFO - Processing file /opt/airflow/dags/dag_job_intelligent .py for tasks to queue
[2026-05-08T22:05:17.234+0000] {logging_mixin.py:188} INFO - [2026-05-08T22:05:17.234+0000] {dagbag.py:545} INFO - Filling up the DagBag from /opt/airflow/dags/dag_job_intelligent .py
[2026-05-08T22:05:17.276+0000] {processor.py:840} INFO - DAG(s) 'job_intelligent_pipeline' retrieved from /opt/airflow/dags/dag_job_intelligent .py
[2026-05-08T22:05:17.345+0000] {logging_mixin.py:188} INFO - [2026-05-08T22:05:17.345+0000] {dag.py:3096} INFO - Sync 1 DAGs
[2026-05-08T22:05:17.391+0000] {logging_mixin.py:188} INFO - [2026-05-08T22:05:17.390+0000] {dag.py:3954} INFO - Setting next_dagrun for job_intelligent_pipeline to 2026-05-08 06:00:00+00:00, run_after=2026-05-09 06:00:00+00:00
[2026-05-08T22:05:17.445+0000] {processor.py:183} INFO - Processing /opt/airflow/dags/dag_job_intelligent .py took 0.226 seconds
[2026-05-08T22:05:47.876+0000] {processor.py:161} INFO - Started process (PID=5926) to work on /opt/airflow/dags/dag_job_intelligent .py
[2026-05-08T22:05:47.878+0000] {processor.py:830} INFO - Processing file /opt/airflow/dags/dag_job_intelligent .py for tasks to queue
[2026-05-08T22:05:47.880+0000] {logging_mixin.py:188} INFO - [2026-05-08T22:05:47.879+0000] {dagbag.py:545} INFO - Filling up the DagBag from /opt/airflow/dags/dag_job_intelligent .py
[2026-05-08T22:05:47.948+0000] {processor.py:840} INFO - DAG(s) 'job_intelligent_pipeline' retrieved from /opt/airflow/dags/dag_job_intelligent .py
[2026-05-08T22:05:48.093+0000] {logging_mixin.py:188} INFO - [2026-05-08T22:05:48.092+0000] {dag.py:3096} INFO - Sync 1 DAGs
[2026-05-08T22:05:48.134+0000] {logging_mixin.py:188} INFO - [2026-05-08T22:05:48.134+0000] {dag.py:3954} INFO - Setting next_dagrun for job_intelligent_pipeline to 2026-05-08 06:00:00+00:00, run_after=2026-05-09 06:00:00+00:00
[2026-05-08T22:05:48.170+0000] {processor.py:183} INFO - Processing /opt/airflow/dags/dag_job_intelligent .py took 0.308 seconds
[2026-05-08T22:06:19.011+0000] {processor.py:161} INFO - Started process (PID=5934) to work on /opt/airflow/dags/dag_job_intelligent .py
[2026-05-08T22:06:19.018+0000] {processor.py:830} INFO - Processing file /opt/airflow/dags/dag_job_intelligent .py for tasks to queue
[2026-05-08T22:06:19.023+0000] {logging_mixin.py:188} INFO - [2026-05-08T22:06:19.022+0000] {dagbag.py:545} INFO - Filling up the DagBag from /opt/airflow/dags/dag_job_intelligent .py
[2026-05-08T22:06:19.093+0000] {processor.py:840} INFO - DAG(s) 'job_intelligent_pipeline' retrieved from /opt/airflow/dags/dag_job_intelligent .py
[2026-05-08T22:06:19.197+0000] {logging_mixin.py:188} INFO - [2026-05-08T22:06:19.196+0000] {dag.py:3096} INFO - Sync 1 DAGs
[2026-05-08T22:06:19.246+0000] {logging_mixin.py:188} INFO - [2026-05-08T22:06:19.245+0000] {dag.py:3954} INFO - Setting next_dagrun for job_intelligent_pipeline to 2026-05-08 06:00:00+00:00, run_after=2026-05-09 06:00:00+00:00
[2026-05-08T22:06:19.349+0000] {processor.py:183} INFO - Processing /opt/airflow/dags/dag_job_intelligent .py took 0.383 seconds
[2026-05-08T22:06:49.845+0000] {processor.py:161} INFO - Started process (PID=5947) to work on /opt/airflow/dags/dag_job_intelligent .py
[2026-05-08T22:06:49.850+0000] {processor.py:830} INFO - Processing file /opt/airflow/dags/dag_job_intelligent .py for tasks to queue
[2026-05-08T22:06:49.854+0000] {logging_mixin.py:188} INFO - [2026-05-08T22:06:49.853+0000] {dagbag.py:545} INFO - Filling up the DagBag from /opt/airflow/dags/dag_job_intelligent .py
[2026-05-08T22:06:49.931+0000] {processor.py:840} INFO - DAG(s) 'job_intelligent_pipeline' retrieved from /opt/airflow/dags/dag_job_intelligent .py
[2026-05-08T22:06:50.084+0000] {logging_mixin.py:188} INFO - [2026-05-08T22:06:50.083+0000] {dag.py:3096} INFO - Sync 1 DAGs
[2026-05-08T22:06:50.147+0000] {logging_mixin.py:188} INFO - [2026-05-08T22:06:50.146+0000] {dag.py:3954} INFO - Setting next_dagrun for job_intelligent_pipeline to 2026-05-08 06:00:00+00:00, run_after=2026-05-09 06:00:00+00:00
[2026-05-08T22:06:50.194+0000] {processor.py:183} INFO - Processing /opt/airflow/dags/dag_job_intelligent .py took 0.362 seconds
[2026-05-08T22:07:20.812+0000] {processor.py:161} INFO - Started process (PID=5954) to work on /opt/airflow/dags/dag_job_intelligent .py
[2026-05-08T22:07:20.814+0000] {processor.py:830} INFO - Processing file /opt/airflow/dags/dag_job_intelligent .py for tasks to queue
[2026-05-08T22:07:20.817+0000] {logging_mixin.py:188} INFO - [2026-05-08T22:07:20.816+0000] {dagbag.py:545} INFO - Filling up the DagBag from /opt/airflow/dags/dag_job_intelligent .py
[2026-05-08T22:07:21.002+0000] {processor.py:840} INFO - DAG(s) 'job_intelligent_pipeline' retrieved from /opt/airflow/dags/dag_job_intelligent .py
[2026-05-08T22:07:21.152+0000] {logging_mixin.py:188} INFO - [2026-05-08T22:07:21.151+0000] {dag.py:3096} INFO - Sync 1 DAGs
[2026-05-08T22:07:21.251+0000] {logging_mixin.py:188} INFO - [2026-05-08T22:07:21.250+0000] {dag.py:3954} INFO - Setting next_dagrun for job_intelligent_pipeline to 2026-05-08 06:00:00+00:00, run_after=2026-05-09 06:00:00+00:00
[2026-05-08T22:07:21.371+0000] {processor.py:183} INFO - Processing /opt/airflow/dags/dag_job_intelligent .py took 0.585 seconds
[2026-05-08T22:07:52.383+0000] {processor.py:161} INFO - Started process (PID=5969) to work on /opt/airflow/dags/dag_job_intelligent .py
[2026-05-08T22:07:52.386+0000] {processor.py:830} INFO - Processing file /opt/airflow/dags/dag_job_intelligent .py for tasks to queue
[2026-05-08T22:07:52.414+0000] {logging_mixin.py:188} INFO - [2026-05-08T22:07:52.413+0000] {dagbag.py:545} INFO - Filling up the DagBag from /opt/airflow/dags/dag_job_intelligent .py
[2026-05-08T22:07:53.139+0000] {processor.py:840} INFO - DAG(s) 'job_intelligent_pipeline' retrieved from /opt/airflow/dags/dag_job_intelligent .py
[2026-05-08T22:07:53.821+0000] {logging_mixin.py:188} INFO - [2026-05-08T22:07:53.821+0000] {dag.py:3096} INFO - Sync 1 DAGs
[2026-05-08T22:07:54.637+0000] {logging_mixin.py:188} INFO - [2026-05-08T22:07:54.636+0000] {dag.py:3954} INFO - Setting next_dagrun for job_intelligent_pipeline to 2026-05-08 06:00:00+00:00, run_after=2026-05-09 06:00:00+00:00
[2026-05-08T22:07:55.581+0000] {processor.py:183} INFO - Processing /opt/airflow/dags/dag_job_intelligent .py took 3.311 seconds
[2026-05-08T22:08:26.293+0000] {processor.py:161} INFO - Started process (PID=5976) to work on /opt/airflow/dags/dag_job_intelligent .py
[2026-05-08T22:08:26.296+0000] {processor.py:830} INFO - Processing file /opt/airflow/dags/dag_job_intelligent .py for tasks to queue
[2026-05-08T22:08:26.309+0000] {logging_mixin.py:188} INFO - [2026-05-08T22:08:26.308+0000] {dagbag.py:545} INFO - Filling up the DagBag from /opt/airflow/dags/dag_job_intelligent .py
[2026-05-08T22:08:26.436+0000] {processor.py:840} INFO - DAG(s) 'job_intelligent_pipeline' retrieved from /opt/airflow/dags/dag_job_intelligent .py
[2026-05-08T22:08:26.723+0000] {logging_mixin.py:188} INFO - [2026-05-08T22:08:26.723+0000] {dag.py:3096} INFO - Sync 1 DAGs
[2026-05-08T22:08:26.921+0000] {logging_mixin.py:188} INFO - [2026-05-08T22:08:26.920+0000] {dag.py:3954} INFO - Setting next_dagrun for job_intelligent_pipeline to 2026-05-08 06:00:00+00:00, run_after=2026-05-09 06:00:00+00:00
[2026-05-08T22:08:27.223+0000] {processor.py:183} INFO - Processing /opt/airflow/dags/dag_job_intelligent .py took 0.966 seconds
[2026-05-08T22:08:58.064+0000] {processor.py:161} INFO - Started process (PID=5990) to work on /opt/airflow/dags/dag_job_intelligent .py
[2026-05-08T22:08:58.067+0000] {processor.py:830} INFO - Processing file /opt/airflow/dags/dag_job_intelligent .py for tasks to queue
[2026-05-08T22:08:58.069+0000] {logging_mixin.py:188} INFO - [2026-05-08T22:08:58.068+0000] {dagbag.py:545} INFO - Filling up the DagBag from /opt/airflow/dags/dag_job_intelligent .py
[2026-05-08T22:08:58.130+0000] {processor.py:840} INFO - DAG(s) 'job_intelligent_pipeline' retrieved from /opt/airflow/dags/dag_job_intelligent .py
[2026-05-08T22:08:58.213+0000] {logging_mixin.py:188} INFO - [2026-05-08T22:08:58.213+0000] {dag.py:3096} INFO - Sync 1 DAGs
[2026-05-08T22:08:58.295+0000] {logging_mixin.py:188} INFO - [2026-05-08T22:08:58.295+0000] {dag.py:3954} INFO - Setting next_dagrun for job_intelligent_pipeline to 2026-05-08 06:00:00+00:00, run_after=2026-05-09 06:00:00+00:00
[2026-05-08T22:08:58.409+0000] {processor.py:183} INFO - Processing /opt/airflow/dags/dag_job_intelligent .py took 0.357 seconds
[2026-05-08T22:09:28.638+0000] {processor.py:161} INFO - Started process (PID=5998) to work on /opt/airflow/dags/dag_job_intelligent .py
[2026-05-08T22:09:28.640+0000] {processor.py:830} INFO - Processing file /opt/airflow/dags/dag_job_intelligent .py for tasks to queue
[2026-05-08T22:09:28.644+0000] {logging_mixin.py:188} INFO - [2026-05-08T22:09:28.643+0000] {dagbag.py:545} INFO - Filling up the DagBag from /opt/airflow/dags/dag_job_intelligent .py
[2026-05-08T22:09:28.682+0000] {processor.py:840} INFO - DAG(s) 'job_intelligent_pipeline' retrieved from /opt/airflow/dags/dag_job_intelligent .py
[2026-05-08T22:09:28.754+0000] {logging_mixin.py:188} INFO - [2026-05-08T22:09:28.754+0000] {dag.py:3096} INFO - Sync 1 DAGs
[2026-05-08T22:09:28.803+0000] {logging_mixin.py:188} INFO - [2026-05-08T22:09:28.803+0000] {dag.py:3954} INFO - Setting next_dagrun for job_intelligent_pipeline to 2026-05-08 06:00:00+00:00, run_after=2026-05-09 06:00:00+00:00
[2026-05-08T22:09:28.854+0000] {processor.py:183} INFO - Processing /opt/airflow/dags/dag_job_intelligent .py took 0.224 seconds
[2026-05-08T22:09:59.764+0000] {processor.py:161} INFO - Started process (PID=6012) to work on /opt/airflow/dags/dag_job_intelligent .py
[2026-05-08T22:09:59.767+0000] {processor.py:830} INFO - Processing file /opt/airflow/dags/dag_job_intelligent .py for tasks to queue
[2026-05-08T22:09:59.778+0000] {logging_mixin.py:188} INFO - [2026-05-08T22:09:59.777+0000] {dagbag.py:545} INFO - Filling up the DagBag from /opt/airflow/dags/dag_job_intelligent .py
[2026-05-08T22:09:59.891+0000] {processor.py:840} INFO - DAG(s) 'job_intelligent_pipeline' retrieved from /opt/airflow/dags/dag_job_intelligent .py
[2026-05-08T22:10:00.089+0000] {logging_mixin.py:188} INFO - [2026-05-08T22:10:00.079+0000] {dag.py:3096} INFO - Sync 1 DAGs
[2026-05-08T22:10:00.242+0000] {logging_mixin.py:188} INFO - [2026-05-08T22:10:00.232+0000] {dag.py:3954} INFO - Setting next_dagrun for job_intelligent_pipeline to 2026-05-08 06:00:00+00:00, run_after=2026-05-09 06:00:00+00:00
[2026-05-08T22:10:00.333+0000] {processor.py:183} INFO - Processing /opt/airflow/dags/dag_job_intelligent .py took 0.581 seconds
[2026-05-08T22:10:30.544+0000] {processor.py:161} INFO - Started process (PID=6027) to work on /opt/airflow/dags/dag_job_intelligent .py
[2026-05-08T22:10:30.546+0000] {processor.py:830} INFO - Processing file /opt/airflow/dags/dag_job_intelligent .py for tasks to queue
[2026-05-08T22:10:30.556+0000] {logging_mixin.py:188} INFO - [2026-05-08T22:10:30.555+0000] {dagbag.py:545} INFO - Filling up the DagBag from /opt/airflow/dags/dag_job_intelligent .py
[2026-05-08T22:10:30.635+0000] {processor.py:840} INFO - DAG(s) 'job_intelligent_pipeline' retrieved from /opt/airflow/dags/dag_job_intelligent .py
[2026-05-08T22:10:30.714+0000] {logging_mixin.py:188} INFO - [2026-05-08T22:10:30.714+0000] {dag.py:3096} INFO - Sync 1 DAGs
[2026-05-08T22:10:30.769+0000] {logging_mixin.py:188} INFO - [2026-05-08T22:10:30.768+0000] {dag.py:3954} INFO - Setting next_dagrun for job_intelligent_pipeline to 2026-05-08 06:00:00+00:00, run_after=2026-05-09 06:00:00+00:00
[2026-05-08T22:10:30.844+0000] {processor.py:183} INFO - Processing /opt/airflow/dags/dag_job_intelligent .py took 0.334 seconds
[2026-05-08T22:11:01.437+0000] {processor.py:161} INFO - Started process (PID=6035) to work on /opt/airflow/dags/dag_job_intelligent .py
[2026-05-08T22:11:01.438+0000] {processor.py:830} INFO - Processing file /opt/airflow/dags/dag_job_intelligent .py for tasks to queue
[2026-05-08T22:11:01.440+0000] {logging_mixin.py:188} INFO - [2026-05-08T22:11:01.440+0000] {dagbag.py:545} INFO - Filling up the DagBag from /opt/airflow/dags/dag_job_intelligent .py
[2026-05-08T22:11:01.521+0000] {processor.py:840} INFO - DAG(s) 'job_intelligent_pipeline' retrieved from /opt/airflow/dags/dag_job_intelligent .py
[2026-05-08T22:11:01.619+0000] {logging_mixin.py:188} INFO - [2026-05-08T22:11:01.617+0000] {dag.py:3096} INFO - Sync 1 DAGs
[2026-05-08T22:11:01.679+0000] {logging_mixin.py:188} INFO - [2026-05-08T22:11:01.678+0000] {dag.py:3954} INFO - Setting next_dagrun for job_intelligent_pipeline to 2026-05-08 06:00:00+00:00, run_after=2026-05-09 06:00:00+00:00
[2026-05-08T22:11:01.765+0000] {processor.py:183} INFO - Processing /opt/airflow/dags/dag_job_intelligent .py took 0.342 seconds
[2026-05-08T22:11:32.168+0000] {processor.py:161} INFO - Started process (PID=6050) to work on /opt/airflow/dags/dag_job_intelligent .py
[2026-05-08T22:11:32.170+0000] {processor.py:830} INFO - Processing file /opt/airflow/dags/dag_job_intelligent .py for tasks to queue
[2026-05-08T22:11:32.173+0000] {logging_mixin.py:188} INFO - [2026-05-08T22:11:32.172+0000] {dagbag.py:545} INFO - Filling up the DagBag from /opt/airflow/dags/dag_job_intelligent .py
[2026-05-08T22:11:32.306+0000] {processor.py:840} INFO - DAG(s) 'job_intelligent_pipeline' retrieved from /opt/airflow/dags/dag_job_intelligent .py
[2026-05-08T22:11:32.480+0000] {logging_mixin.py:188} INFO - [2026-05-08T22:11:32.479+0000] {dag.py:3096} INFO - Sync 1 DAGs
[2026-05-08T22:11:32.534+0000] {logging_mixin.py:188} INFO - [2026-05-08T22:11:32.534+0000] {dag.py:3954} INFO - Setting next_dagrun for job_intelligent_pipeline to 2026-05-08 06:00:00+00:00, run_after=2026-05-09 06:00:00+00:00
[2026-05-08T22:11:32.580+0000] {processor.py:183} INFO - Processing /opt/airflow/dags/dag_job_intelligent .py took 0.448 seconds
[2026-05-08T22:12:02.909+0000] {processor.py:161} INFO - Started process (PID=6058) to work on /opt/airflow/dags/dag_job_intelligent .py
[2026-05-08T22:12:02.912+0000] {processor.py:830} INFO - Processing file /opt/airflow/dags/dag_job_intelligent .py for tasks to queue
[2026-05-08T22:12:02.917+0000] {logging_mixin.py:188} INFO - [2026-05-08T22:12:02.916+0000] {dagbag.py:545} INFO - Filling up the DagBag from /opt/airflow/dags/dag_job_intelligent .py
[2026-05-08T22:12:02.985+0000] {processor.py:840} INFO - DAG(s) 'job_intelligent_pipeline' retrieved from /opt/airflow/dags/dag_job_intelligent .py
[2026-05-08T22:12:03.082+0000] {logging_mixin.py:188} INFO - [2026-05-08T22:12:03.082+0000] {dag.py:3096} INFO - Sync 1 DAGs
[2026-05-08T22:12:03.170+0000] {logging_mixin.py:188} INFO - [2026-05-08T22:12:03.170+0000] {dag.py:3954} INFO - Setting next_dagrun for job_intelligent_pipeline to 2026-05-08 06:00:00+00:00, run_after=2026-05-09 06:00:00+00:00
[2026-05-08T22:12:03.293+0000] {processor.py:183} INFO - Processing /opt/airflow/dags/dag_job_intelligent .py took 0.397 seconds
[2026-05-08T22:12:33.588+0000] {processor.py:161} INFO - Started process (PID=6073) to work on /opt/airflow/dags/dag_job_intelligent .py
[2026-05-08T22:12:33.590+0000] {processor.py:830} INFO - Processing file /opt/airflow/dags/dag_job_intelligent .py for tasks to queue
[2026-05-08T22:12:33.601+0000] {logging_mixin.py:188} INFO - [2026-05-08T22:12:33.600+0000] {dagbag.py:545} INFO - Filling up the DagBag from /opt/airflow/dags/dag_job_intelligent .py
[2026-05-08T22:12:33.854+0000] {processor.py:840} INFO - DAG(s) 'job_intelligent_pipeline' retrieved from /opt/airflow/dags/dag_job_intelligent .py
[2026-05-08T22:12:34.169+0000] {logging_mixin.py:188} INFO - [2026-05-08T22:12:34.168+0000] {dag.py:3096} INFO - Sync 1 DAGs
[2026-05-08T22:12:34.343+0000] {logging_mixin.py:188} INFO - [2026-05-08T22:12:34.342+0000] {dag.py:3954} INFO - Setting next_dagrun for job_intelligent_pipeline to 2026-05-08 06:00:00+00:00, run_after=2026-05-09 06:00:00+00:00
[2026-05-08T22:12:34.492+0000] {processor.py:183} INFO - Processing /opt/airflow/dags/dag_job_intelligent .py took 0.928 seconds
[2026-05-08T22:13:05.680+0000] {processor.py:161} INFO - Started process (PID=6081) to work on /opt/airflow/dags/dag_job_intelligent .py
[2026-05-08T22:13:05.696+0000] {processor.py:830} INFO - Processing file /opt/airflow/dags/dag_job_intelligent .py for tasks to queue
[2026-05-08T22:13:05.699+0000] {logging_mixin.py:188} INFO - [2026-05-08T22:13:05.698+0000] {dagbag.py:545} INFO - Filling up the DagBag from /opt/airflow/dags/dag_job_intelligent .py
[2026-05-08T22:13:05.794+0000] {processor.py:840} INFO - DAG(s) 'job_intelligent_pipeline' retrieved from /opt/airflow/dags/dag_job_intelligent .py
[2026-05-08T22:13:06.145+0000] {logging_mixin.py:188} INFO - [2026-05-08T22:13:06.144+0000] {dag.py:3096} INFO - Sync 1 DAGs
[2026-05-08T22:13:06.472+0000] {logging_mixin.py:188} INFO - [2026-05-08T22:13:06.472+0000] {dag.py:3954} INFO - Setting next_dagrun for job_intelligent_pipeline to 2026-05-08 06:00:00+00:00, run_after=2026-05-09 06:00:00+00:00
[2026-05-08T22:13:06.630+0000] {processor.py:183} INFO - Processing /opt/airflow/dags/dag_job_intelligent .py took 0.973 seconds
[2026-05-08T22:13:39.683+0000] {processor.py:161} INFO - Started process (PID=6095) to work on /opt/airflow/dags/dag_job_intelligent .py
[2026-05-08T22:13:39.765+0000] {processor.py:830} INFO - Processing file /opt/airflow/dags/dag_job_intelligent .py for tasks to queue
[2026-05-08T22:13:39.783+0000] {logging_mixin.py:188} INFO - [2026-05-08T22:13:39.782+0000] {dagbag.py:545} INFO - Filling up the DagBag from /opt/airflow/dags/dag_job_intelligent .py
[2026-05-08T22:13:40.312+0000] {processor.py:840} INFO - DAG(s) 'job_intelligent_pipeline' retrieved from /opt/airflow/dags/dag_job_intelligent .py
[2026-05-08T22:13:40.532+0000] {logging_mixin.py:188} INFO - [2026-05-08T22:13:40.532+0000] {dag.py:3096} INFO - Sync 1 DAGs
[2026-05-08T22:13:40.753+0000] {logging_mixin.py:188} INFO - [2026-05-08T22:13:40.742+0000] {dag.py:3954} INFO - Setting next_dagrun for job_intelligent_pipeline to 2026-05-08 06:00:00+00:00, run_after=2026-05-09 06:00:00+00:00
[2026-05-08T22:13:40.883+0000] {processor.py:183} INFO - Processing /opt/airflow/dags/dag_job_intelligent .py took 1.255 seconds
[2026-05-08T22:14:11.282+0000] {processor.py:161} INFO - Started process (PID=6103) to work on /opt/airflow/dags/dag_job_intelligent .py
[2026-05-08T22:14:11.287+0000] {processor.py:830} INFO - Processing file /opt/airflow/dags/dag_job_intelligent .py for tasks to queue
[2026-05-08T22:14:11.290+0000] {logging_mixin.py:188} INFO - [2026-05-08T22:14:11.289+0000] {dagbag.py:545} INFO - Filling up the DagBag from /opt/airflow/dags/dag_job_intelligent .py
[2026-05-08T22:14:11.390+0000] {processor.py:840} INFO - DAG(s) 'job_intelligent_pipeline' retrieved from /opt/airflow/dags/dag_job_intelligent .py
[2026-05-08T22:14:11.621+0000] {logging_mixin.py:188} INFO - [2026-05-08T22:14:11.620+0000] {dag.py:3096} INFO - Sync 1 DAGs
[2026-05-08T22:14:11.800+0000] {logging_mixin.py:188} INFO - [2026-05-08T22:14:11.800+0000] {dag.py:3954} INFO - Setting next_dagrun for job_intelligent_pipeline to 2026-05-08 06:00:00+00:00, run_after=2026-05-09 06:00:00+00:00
[2026-05-08T22:14:11.934+0000] {processor.py:183} INFO - Processing /opt/airflow/dags/dag_job_intelligent .py took 0.695 seconds
[2026-05-08T22:14:42.296+0000] {processor.py:161} INFO - Started process (PID=6117) to work on /opt/airflow/dags/dag_job_intelligent .py
[2026-05-08T22:14:42.298+0000] {processor.py:830} INFO - Processing file /opt/airflow/dags/dag_job_intelligent .py for tasks to queue
[2026-05-08T22:14:42.303+0000] {logging_mixin.py:188} INFO - [2026-05-08T22:14:42.302+0000] {dagbag.py:545} INFO - Filling up the DagBag from /opt/airflow/dags/dag_job_intelligent .py
[2026-05-08T22:14:42.474+0000] {processor.py:840} INFO - DAG(s) 'job_intelligent_pipeline' retrieved from /opt/airflow/dags/dag_job_intelligent .py
[2026-05-08T22:14:42.650+0000] {logging_mixin.py:188} INFO - [2026-05-08T22:14:42.649+0000] {dag.py:3096} INFO - Sync 1 DAGs
[2026-05-08T22:14:42.784+0000] {logging_mixin.py:188} INFO - [2026-05-08T22:14:42.783+0000] {dag.py:3954} INFO - Setting next_dagrun for job_intelligent_pipeline to 2026-05-08 06:00:00+00:00, run_after=2026-05-09 06:00:00+00:00
[2026-05-08T22:14:42.860+0000] {processor.py:183} INFO - Processing /opt/airflow/dags/dag_job_intelligent .py took 0.577 seconds
[2026-05-08T22:15:13.305+0000] {processor.py:161} INFO - Started process (PID=6126) to work on /opt/airflow/dags/dag_job_intelligent .py
[2026-05-08T22:15:13.311+0000] {processor.py:830} INFO - Processing file /opt/airflow/dags/dag_job_intelligent .py for tasks to queue
[2026-05-08T22:15:13.322+0000] {logging_mixin.py:188} INFO - [2026-05-08T22:15:13.321+0000] {dagbag.py:545} INFO - Filling up the DagBag from /opt/airflow/dags/dag_job_intelligent .py
[2026-05-08T22:15:13.569+0000] {processor.py:840} INFO - DAG(s) 'job_intelligent_pipeline' retrieved from /opt/airflow/dags/dag_job_intelligent .py
[2026-05-08T22:15:14.047+0000] {logging_mixin.py:188} INFO - [2026-05-08T22:15:14.047+0000] {dag.py:3096} INFO - Sync 1 DAGs
[2026-05-08T22:15:14.340+0000] {logging_mixin.py:188} INFO - [2026-05-08T22:15:14.339+0000] {dag.py:3954} INFO - Setting next_dagrun for job_intelligent_pipeline to 2026-05-08 06:00:00+00:00, run_after=2026-05-09 06:00:00+00:00
[2026-05-08T22:15:14.492+0000] {processor.py:183} INFO - Processing /opt/airflow/dags/dag_job_intelligent .py took 1.236 seconds
[2026-05-08T22:15:44.871+0000] {processor.py:161} INFO - Started process (PID=6140) to work on /opt/airflow/dags/dag_job_intelligent .py
[2026-05-08T22:15:44.878+0000] {processor.py:830} INFO - Processing file /opt/airflow/dags/dag_job_intelligent .py for tasks to queue
[2026-05-08T22:15:44.880+0000] {logging_mixin.py:188} INFO - [2026-05-08T22:15:44.879+0000] {dagbag.py:545} INFO - Filling up the DagBag from /opt/airflow/dags/dag_job_intelligent .py
[2026-05-08T22:15:44.927+0000] {processor.py:840} INFO - DAG(s) 'job_intelligent_pipeline' retrieved from /opt/airflow/dags/dag_job_intelligent .py
[2026-05-08T22:15:45.016+0000] {logging_mixin.py:188} INFO - [2026-05-08T22:15:45.016+0000] {dag.py:3096} INFO - Sync 1 DAGs
[2026-05-08T22:15:45.168+0000] {logging_mixin.py:188} INFO - [2026-05-08T22:15:45.164+0000] {dag.py:3954} INFO - Setting next_dagrun for job_intelligent_pipeline to 2026-05-08 06:00:00+00:00, run_after=2026-05-09 06:00:00+00:00
[2026-05-08T22:15:45.272+0000] {processor.py:183} INFO - Processing /opt/airflow/dags/dag_job_intelligent .py took 0.413 seconds
[2026-05-08T22:16:15.900+0000] {processor.py:161} INFO - Started process (PID=6149) to work on /opt/airflow/dags/dag_job_intelligent .py
[2026-05-08T22:16:15.914+0000] {processor.py:830} INFO - Processing file /opt/airflow/dags/dag_job_intelligent .py for tasks to queue
[2026-05-08T22:16:15.919+0000] {logging_mixin.py:188} INFO - [2026-05-08T22:16:15.918+0000] {dagbag.py:545} INFO - Filling up the DagBag from /opt/airflow/dags/dag_job_intelligent .py
[2026-05-08T22:16:16.120+0000] {processor.py:840} INFO - DAG(s) 'job_intelligent_pipeline' retrieved from /opt/airflow/dags/dag_job_intelligent .py
[2026-05-08T22:16:16.440+0000] {logging_mixin.py:188} INFO - [2026-05-08T22:16:16.439+0000] {dag.py:3096} INFO - Sync 1 DAGs
[2026-05-08T22:16:16.609+0000] {logging_mixin.py:188} INFO - [2026-05-08T22:16:16.608+0000] {dag.py:3954} INFO - Setting next_dagrun for job_intelligent_pipeline to 2026-05-08 06:00:00+00:00, run_after=2026-05-09 06:00:00+00:00
[2026-05-08T22:16:16.727+0000] {processor.py:183} INFO - Processing /opt/airflow/dags/dag_job_intelligent .py took 0.898 seconds
[2026-05-08T22:16:47.172+0000] {processor.py:161} INFO - Started process (PID=6163) to work on /opt/airflow/dags/dag_job_intelligent .py
[2026-05-08T22:16:47.186+0000] {processor.py:830} INFO - Processing file /opt/airflow/dags/dag_job_intelligent .py for tasks to queue
[2026-05-08T22:16:47.188+0000] {logging_mixin.py:188} INFO - [2026-05-08T22:16:47.188+0000] {dagbag.py:545} INFO - Filling up the DagBag from /opt/airflow/dags/dag_job_intelligent .py
[2026-05-08T22:16:47.337+0000] {processor.py:840} INFO - DAG(s) 'job_intelligent_pipeline' retrieved from /opt/airflow/dags/dag_job_intelligent .py
[2026-05-08T22:16:47.561+0000] {logging_mixin.py:188} INFO - [2026-05-08T22:16:47.560+0000] {dag.py:3096} INFO - Sync 1 DAGs
[2026-05-08T22:16:47.702+0000] {logging_mixin.py:188} INFO - [2026-05-08T22:16:47.701+0000] {dag.py:3954} INFO - Setting next_dagrun for job_intelligent_pipeline to 2026-05-08 06:00:00+00:00, run_after=2026-05-09 06:00:00+00:00
[2026-05-08T22:16:47.799+0000] {processor.py:183} INFO - Processing /opt/airflow/dags/dag_job_intelligent .py took 0.667 seconds
[2026-05-08T22:17:18.800+0000] {processor.py:161} INFO - Started process (PID=6177) to work on /opt/airflow/dags/dag_job_intelligent .py
[2026-05-08T22:17:18.804+0000] {processor.py:830} INFO - Processing file /opt/airflow/dags/dag_job_intelligent .py for tasks to queue
[2026-05-08T22:17:18.812+0000] {logging_mixin.py:188} INFO - [2026-05-08T22:17:18.811+0000] {dagbag.py:545} INFO - Filling up the DagBag from /opt/airflow/dags/dag_job_intelligent .py
[2026-05-08T22:17:19.043+0000] {processor.py:840} INFO - DAG(s) 'job_intelligent_pipeline' retrieved from /opt/airflow/dags/dag_job_intelligent .py
[2026-05-08T22:17:19.233+0000] {logging_mixin.py:188} INFO - [2026-05-08T22:17:19.232+0000] {dag.py:3096} INFO - Sync 1 DAGs
[2026-05-08T22:17:19.333+0000] {logging_mixin.py:188} INFO - [2026-05-08T22:17:19.332+0000] {dag.py:3954} INFO - Setting next_dagrun for job_intelligent_pipeline to 2026-05-08 06:00:00+00:00, run_after=2026-05-09 06:00:00+00:00
[2026-05-08T22:17:19.395+0000] {processor.py:183} INFO - Processing /opt/airflow/dags/dag_job_intelligent .py took 0.752 seconds
[2026-05-08T22:17:49.915+0000] {processor.py:161} INFO - Started process (PID=6184) to work on /opt/airflow/dags/dag_job_intelligent .py
[2026-05-08T22:17:49.917+0000] {processor.py:830} INFO - Processing file /opt/airflow/dags/dag_job_intelligent .py for tasks to queue
[2026-05-08T22:17:49.919+0000] {logging_mixin.py:188} INFO - [2026-05-08T22:17:49.918+0000] {dagbag.py:545} INFO - Filling up the DagBag from /opt/airflow/dags/dag_job_intelligent .py
[2026-05-08T22:17:49.975+0000] {processor.py:840} INFO - DAG(s) 'job_intelligent_pipeline' retrieved from /opt/airflow/dags/dag_job_intelligent .py
[2026-05-08T22:17:50.058+0000] {logging_mixin.py:188} INFO - [2026-05-08T22:17:50.057+0000] {dag.py:3096} INFO - Sync 1 DAGs
[2026-05-08T22:17:50.101+0000] {logging_mixin.py:188} INFO - [2026-05-08T22:17:50.101+0000] {dag.py:3954} INFO - Setting next_dagrun for job_intelligent_pipeline to 2026-05-08 06:00:00+00:00, run_after=2026-05-09 06:00:00+00:00
[2026-05-08T22:17:50.129+0000] {processor.py:183} INFO - Processing /opt/airflow/dags/dag_job_intelligent .py took 0.228 seconds
[2026-05-08T22:18:20.619+0000] {processor.py:161} INFO - Started process (PID=6198) to work on /opt/airflow/dags/dag_job_intelligent .py
[2026-05-08T22:18:20.622+0000] {processor.py:830} INFO - Processing file /opt/airflow/dags/dag_job_intelligent .py for tasks to queue
[2026-05-08T22:18:20.631+0000] {logging_mixin.py:188} INFO - [2026-05-08T22:18:20.629+0000] {dagbag.py:545} INFO - Filling up the DagBag from /opt/airflow/dags/dag_job_intelligent .py
[2026-05-08T22:18:20.754+0000] {processor.py:840} INFO - DAG(s) 'job_intelligent_pipeline' retrieved from /opt/airflow/dags/dag_job_intelligent .py
[2026-05-08T22:18:20.820+0000] {logging_mixin.py:188} INFO - [2026-05-08T22:18:20.820+0000] {dag.py:3096} INFO - Sync 1 DAGs
[2026-05-08T22:18:20.862+0000] {logging_mixin.py:188} INFO - [2026-05-08T22:18:20.861+0000] {dag.py:3954} INFO - Setting next_dagrun for job_intelligent_pipeline to 2026-05-08 06:00:00+00:00, run_after=2026-05-09 06:00:00+00:00
[2026-05-08T22:18:20.896+0000] {processor.py:183} INFO - Processing /opt/airflow/dags/dag_job_intelligent .py took 0.299 seconds
[2026-05-08T22:18:51.170+0000] {processor.py:161} INFO - Started process (PID=6207) to work on /opt/airflow/dags/dag_job_intelligent .py
[2026-05-08T22:18:51.172+0000] {processor.py:830} INFO - Processing file /opt/airflow/dags/dag_job_intelligent .py for tasks to queue
[2026-05-08T22:18:51.174+0000] {logging_mixin.py:188} INFO - [2026-05-08T22:18:51.173+0000] {dagbag.py:545} INFO - Filling up the DagBag from /opt/airflow/dags/dag_job_intelligent .py
[2026-05-08T22:18:51.219+0000] {processor.py:840} INFO - DAG(s) 'job_intelligent_pipeline' retrieved from /opt/airflow/dags/dag_job_intelligent .py
[2026-05-08T22:18:51.309+0000] {logging_mixin.py:188} INFO - [2026-05-08T22:18:51.309+0000] {dag.py:3096} INFO - Sync 1 DAGs
[2026-05-08T22:18:51.410+0000] {logging_mixin.py:188} INFO - [2026-05-08T22:18:51.410+0000] {dag.py:3954} INFO - Setting next_dagrun for job_intelligent_pipeline to 2026-05-08 06:00:00+00:00, run_after=2026-05-09 06:00:00+00:00
[2026-05-08T22:18:51.521+0000] {processor.py:183} INFO - Processing /opt/airflow/dags/dag_job_intelligent .py took 0.362 seconds
[2026-05-08T22:19:22.255+0000] {processor.py:161} INFO - Started process (PID=6222) to work on /opt/airflow/dags/dag_job_intelligent .py
[2026-05-08T22:19:22.264+0000] {processor.py:830} INFO - Processing file /opt/airflow/dags/dag_job_intelligent .py for tasks to queue
[2026-05-08T22:19:22.268+0000] {logging_mixin.py:188} INFO - [2026-05-08T22:19:22.267+0000] {dagbag.py:545} INFO - Filling up the DagBag from /opt/airflow/dags/dag_job_intelligent .py
[2026-05-08T22:19:22.316+0000] {processor.py:840} INFO - DAG(s) 'job_intelligent_pipeline' retrieved from /opt/airflow/dags/dag_job_intelligent .py
[2026-05-08T22:19:22.416+0000] {logging_mixin.py:188} INFO - [2026-05-08T22:19:22.414+0000] {dag.py:3096} INFO - Sync 1 DAGs
[2026-05-08T22:19:22.507+0000] {logging_mixin.py:188} INFO - [2026-05-08T22:19:22.506+0000] {dag.py:3954} INFO - Setting next_dagrun for job_intelligent_pipeline to 2026-05-08 06:00:00+00:00, run_after=2026-05-09 06:00:00+00:00
[2026-05-08T22:19:22.564+0000] {processor.py:183} INFO - Processing /opt/airflow/dags/dag_job_intelligent .py took 0.326 seconds
[2026-05-08T22:19:52.868+0000] {processor.py:161} INFO - Started process (PID=6230) to work on /opt/airflow/dags/dag_job_intelligent .py
[2026-05-08T22:19:52.870+0000] {processor.py:830} INFO - Processing file /opt/airflow/dags/dag_job_intelligent .py for tasks to queue
[2026-05-08T22:19:52.872+0000] {logging_mixin.py:188} INFO - [2026-05-08T22:19:52.871+0000] {dagbag.py:545} INFO - Filling up the DagBag from /opt/airflow/dags/dag_job_intelligent .py
[2026-05-08T22:19:52.925+0000] {processor.py:840} INFO - DAG(s) 'job_intelligent_pipeline' retrieved from /opt/airflow/dags/dag_job_intelligent .py
[2026-05-08T22:19:53.017+0000] {logging_mixin.py:188} INFO - [2026-05-08T22:19:53.017+0000] {dag.py:3096} INFO - Sync 1 DAGs
[2026-05-08T22:19:53.081+0000] {logging_mixin.py:188} INFO - [2026-05-08T22:19:53.080+0000] {dag.py:3954} INFO - Setting next_dagrun for job_intelligent_pipeline to 2026-05-08 06:00:00+00:00, run_after=2026-05-09 06:00:00+00:00
[2026-05-08T22:19:53.115+0000] {processor.py:183} INFO - Processing /opt/airflow/dags/dag_job_intelligent .py took 0.258 seconds
[2026-05-08T22:20:23.191+0000] {processor.py:161} INFO - Started process (PID=6246) to work on /opt/airflow/dags/dag_job_intelligent .py
[2026-05-08T22:20:23.193+0000] {processor.py:830} INFO - Processing file /opt/airflow/dags/dag_job_intelligent .py for tasks to queue
[2026-05-08T22:20:23.194+0000] {logging_mixin.py:188} INFO - [2026-05-08T22:20:23.194+0000] {dagbag.py:545} INFO - Filling up the DagBag from /opt/airflow/dags/dag_job_intelligent .py
[2026-05-08T22:20:23.231+0000] {processor.py:840} INFO - DAG(s) 'job_intelligent_pipeline' retrieved from /opt/airflow/dags/dag_job_intelligent .py
[2026-05-08T22:20:23.372+0000] {logging_mixin.py:188} INFO - [2026-05-08T22:20:23.371+0000] {dag.py:3096} INFO - Sync 1 DAGs
[2026-05-08T22:20:23.496+0000] {logging_mixin.py:188} INFO - [2026-05-08T22:20:23.496+0000] {dag.py:3954} INFO - Setting next_dagrun for job_intelligent_pipeline to 2026-05-08 06:00:00+00:00, run_after=2026-05-09 06:00:00+00:00
[2026-05-08T22:20:23.612+0000] {processor.py:183} INFO - Processing /opt/airflow/dags/dag_job_intelligent .py took 0.429 seconds
[2026-05-08T22:20:54.457+0000] {processor.py:161} INFO - Started process (PID=6255) to work on /opt/airflow/dags/dag_job_intelligent .py
[2026-05-08T22:20:54.460+0000] {processor.py:830} INFO - Processing file /opt/airflow/dags/dag_job_intelligent .py for tasks to queue
[2026-05-08T22:20:54.462+0000] {logging_mixin.py:188} INFO - [2026-05-08T22:20:54.462+0000] {dagbag.py:545} INFO - Filling up the DagBag from /opt/airflow/dags/dag_job_intelligent .py
[2026-05-08T22:20:54.601+0000] {processor.py:840} INFO - DAG(s) 'job_intelligent_pipeline' retrieved from /opt/airflow/dags/dag_job_intelligent .py
[2026-05-08T22:20:54.764+0000] {logging_mixin.py:188} INFO - [2026-05-08T22:20:54.763+0000] {dag.py:3096} INFO - Sync 1 DAGs
[2026-05-08T22:20:54.858+0000] {logging_mixin.py:188} INFO - [2026-05-08T22:20:54.856+0000] {dag.py:3954} INFO - Setting next_dagrun for job_intelligent_pipeline to 2026-05-08 06:00:00+00:00, run_after=2026-05-09 06:00:00+00:00
[2026-05-08T22:20:54.950+0000] {processor.py:183} INFO - Processing /opt/airflow/dags/dag_job_intelligent .py took 0.516 seconds
[2026-05-08T22:21:25.147+0000] {processor.py:161} INFO - Started process (PID=6269) to work on /opt/airflow/dags/dag_job_intelligent .py
[2026-05-08T22:21:25.149+0000] {processor.py:830} INFO - Processing file /opt/airflow/dags/dag_job_intelligent .py for tasks to queue
[2026-05-08T22:21:25.150+0000] {logging_mixin.py:188} INFO - [2026-05-08T22:21:25.150+0000] {dagbag.py:545} INFO - Filling up the DagBag from /opt/airflow/dags/dag_job_intelligent .py
[2026-05-08T22:21:25.185+0000] {processor.py:840} INFO - DAG(s) 'job_intelligent_pipeline' retrieved from /opt/airflow/dags/dag_job_intelligent .py
[2026-05-08T22:21:25.238+0000] {logging_mixin.py:188} INFO - [2026-05-08T22:21:25.237+0000] {dag.py:3096} INFO - Sync 1 DAGs
[2026-05-08T22:21:25.284+0000] {logging_mixin.py:188} INFO - [2026-05-08T22:21:25.284+0000] {dag.py:3954} INFO - Setting next_dagrun for job_intelligent_pipeline to 2026-05-08 06:00:00+00:00, run_after=2026-05-09 06:00:00+00:00
[2026-05-08T22:21:25.314+0000] {processor.py:183} INFO - Processing /opt/airflow/dags/dag_job_intelligent .py took 0.175 seconds
[2026-05-08T22:21:56.100+0000] {processor.py:161} INFO - Started process (PID=6277) to work on /opt/airflow/dags/dag_job_intelligent .py
[2026-05-08T22:21:56.103+0000] {processor.py:830} INFO - Processing file /opt/airflow/dags/dag_job_intelligent .py for tasks to queue
[2026-05-08T22:21:56.105+0000] {logging_mixin.py:188} INFO - [2026-05-08T22:21:56.104+0000] {dagbag.py:545} INFO - Filling up the DagBag from /opt/airflow/dags/dag_job_intelligent .py
[2026-05-08T22:21:56.289+0000] {processor.py:840} INFO - DAG(s) 'job_intelligent_pipeline' retrieved from /opt/airflow/dags/dag_job_intelligent .py
[2026-05-08T22:21:56.424+0000] {logging_mixin.py:188} INFO - [2026-05-08T22:21:56.424+0000] {dag.py:3096} INFO - Sync 1 DAGs
[2026-05-08T22:21:56.474+0000] {logging_mixin.py:188} INFO - [2026-05-08T22:21:56.473+0000] {dag.py:3954} INFO - Setting next_dagrun for job_intelligent_pipeline to 2026-05-08 06:00:00+00:00, run_after=2026-05-09 06:00:00+00:00
[2026-05-08T22:21:56.514+0000] {processor.py:183} INFO - Processing /opt/airflow/dags/dag_job_intelligent .py took 0.431 seconds
[2026-05-08T22:22:27.253+0000] {processor.py:161} INFO - Started process (PID=6291) to work on /opt/airflow/dags/dag_job_intelligent .py
[2026-05-08T22:22:27.255+0000] {processor.py:830} INFO - Processing file /opt/airflow/dags/dag_job_intelligent .py for tasks to queue
[2026-05-08T22:22:27.263+0000] {logging_mixin.py:188} INFO - [2026-05-08T22:22:27.262+0000] {dagbag.py:545} INFO - Filling up the DagBag from /opt/airflow/dags/dag_job_intelligent .py
[2026-05-08T22:22:27.313+0000] {processor.py:840} INFO - DAG(s) 'job_intelligent_pipeline' retrieved from /opt/airflow/dags/dag_job_intelligent .py
[2026-05-08T22:22:27.369+0000] {logging_mixin.py:188} INFO - [2026-05-08T22:22:27.368+0000] {dag.py:3096} INFO - Sync 1 DAGs
[2026-05-08T22:22:27.420+0000] {logging_mixin.py:188} INFO - [2026-05-08T22:22:27.420+0000] {dag.py:3954} INFO - Setting next_dagrun for job_intelligent_pipeline to 2026-05-08 06:00:00+00:00, run_after=2026-05-09 06:00:00+00:00
[2026-05-08T22:22:27.466+0000] {processor.py:183} INFO - Processing /opt/airflow/dags/dag_job_intelligent .py took 0.225 seconds
[2026-05-08T22:22:57.898+0000] {processor.py:161} INFO - Started process (PID=6299) to work on /opt/airflow/dags/dag_job_intelligent .py
[2026-05-08T22:22:57.902+0000] {processor.py:830} INFO - Processing file /opt/airflow/dags/dag_job_intelligent .py for tasks to queue
[2026-05-08T22:22:57.904+0000] {logging_mixin.py:188} INFO - [2026-05-08T22:22:57.904+0000] {dagbag.py:545} INFO - Filling up the DagBag from /opt/airflow/dags/dag_job_intelligent .py
[2026-05-08T22:22:57.938+0000] {processor.py:840} INFO - DAG(s) 'job_intelligent_pipeline' retrieved from /opt/airflow/dags/dag_job_intelligent .py
[2026-05-08T22:22:57.991+0000] {logging_mixin.py:188} INFO - [2026-05-08T22:22:57.991+0000] {dag.py:3096} INFO - Sync 1 DAGs
[2026-05-08T22:22:58.033+0000] {logging_mixin.py:188} INFO - [2026-05-08T22:22:58.031+0000] {dag.py:3954} INFO - Setting next_dagrun for job_intelligent_pipeline to 2026-05-08 06:00:00+00:00, run_after=2026-05-09 06:00:00+00:00
[2026-05-08T22:22:58.070+0000] {processor.py:183} INFO - Processing /opt/airflow/dags/dag_job_intelligent .py took 0.184 seconds
[2026-05-08T22:23:29.146+0000] {processor.py:161} INFO - Started process (PID=6313) to work on /opt/airflow/dags/dag_job_intelligent .py
[2026-05-08T22:23:29.149+0000] {processor.py:830} INFO - Processing file /opt/airflow/dags/dag_job_intelligent .py for tasks to queue
[2026-05-08T22:23:29.154+0000] {logging_mixin.py:188} INFO - [2026-05-08T22:23:29.153+0000] {dagbag.py:545} INFO - Filling up the DagBag from /opt/airflow/dags/dag_job_intelligent .py
[2026-05-08T22:23:29.292+0000] {processor.py:840} INFO - DAG(s) 'job_intelligent_pipeline' retrieved from /opt/airflow/dags/dag_job_intelligent .py
[2026-05-08T22:23:29.371+0000] {logging_mixin.py:188} INFO - [2026-05-08T22:23:29.371+0000] {dag.py:3096} INFO - Sync 1 DAGs
[2026-05-08T22:23:29.413+0000] {logging_mixin.py:188} INFO - [2026-05-08T22:23:29.413+0000] {dag.py:3954} INFO - Setting next_dagrun for job_intelligent_pipeline to 2026-05-08 06:00:00+00:00, run_after=2026-05-09 06:00:00+00:00
[2026-05-08T22:23:29.469+0000] {processor.py:183} INFO - Processing /opt/airflow/dags/dag_job_intelligent .py took 0.338 seconds
[2026-05-08T22:24:00.056+0000] {processor.py:161} INFO - Started process (PID=6321) to work on /opt/airflow/dags/dag_job_intelligent .py
[2026-05-08T22:24:00.063+0000] {processor.py:830} INFO - Processing file /opt/airflow/dags/dag_job_intelligent .py for tasks to queue
[2026-05-08T22:24:00.072+0000] {logging_mixin.py:188} INFO - [2026-05-08T22:24:00.065+0000] {dagbag.py:545} INFO - Filling up the DagBag from /opt/airflow/dags/dag_job_intelligent .py
[2026-05-08T22:24:00.182+0000] {processor.py:840} INFO - DAG(s) 'job_intelligent_pipeline' retrieved from /opt/airflow/dags/dag_job_intelligent .py
[2026-05-08T22:24:00.512+0000] {logging_mixin.py:188} INFO - [2026-05-08T22:24:00.498+0000] {dag.py:3096} INFO - Sync 1 DAGs
[2026-05-08T22:24:00.586+0000] {logging_mixin.py:188} INFO - [2026-05-08T22:24:00.585+0000] {dag.py:3954} INFO - Setting next_dagrun for job_intelligent_pipeline to 2026-05-08 06:00:00+00:00, run_after=2026-05-09 06:00:00+00:00
[2026-05-08T22:24:00.653+0000] {processor.py:183} INFO - Processing /opt/airflow/dags/dag_job_intelligent .py took 0.662 seconds
[2026-05-08T22:24:31.754+0000] {processor.py:161} INFO - Started process (PID=6335) to work on /opt/airflow/dags/dag_job_intelligent .py
[2026-05-08T22:24:31.767+0000] {processor.py:830} INFO - Processing file /opt/airflow/dags/dag_job_intelligent .py for tasks to queue
[2026-05-08T22:24:31.769+0000] {logging_mixin.py:188} INFO - [2026-05-08T22:24:31.769+0000] {dagbag.py:545} INFO - Filling up the DagBag from /opt/airflow/dags/dag_job_intelligent .py
[2026-05-08T22:24:31.969+0000] {processor.py:840} INFO - DAG(s) 'job_intelligent_pipeline' retrieved from /opt/airflow/dags/dag_job_intelligent .py
[2026-05-08T22:24:32.086+0000] {logging_mixin.py:188} INFO - [2026-05-08T22:24:32.085+0000] {dag.py:3096} INFO - Sync 1 DAGs
[2026-05-08T22:24:32.145+0000] {logging_mixin.py:188} INFO - [2026-05-08T22:24:32.144+0000] {dag.py:3954} INFO - Setting next_dagrun for job_intelligent_pipeline to 2026-05-08 06:00:00+00:00, run_after=2026-05-09 06:00:00+00:00
[2026-05-08T22:24:32.203+0000] {processor.py:183} INFO - Processing /opt/airflow/dags/dag_job_intelligent .py took 0.473 seconds
[2026-05-08T22:25:03.280+0000] {processor.py:161} INFO - Started process (PID=6349) to work on /opt/airflow/dags/dag_job_intelligent .py
[2026-05-08T22:25:03.282+0000] {processor.py:830} INFO - Processing file /opt/airflow/dags/dag_job_intelligent .py for tasks to queue
[2026-05-08T22:25:03.284+0000] {logging_mixin.py:188} INFO - [2026-05-08T22:25:03.283+0000] {dagbag.py:545} INFO - Filling up the DagBag from /opt/airflow/dags/dag_job_intelligent .py
[2026-05-08T22:25:03.636+0000] {processor.py:840} INFO - DAG(s) 'job_intelligent_pipeline' retrieved from /opt/airflow/dags/dag_job_intelligent .py
[2026-05-08T22:25:04.457+0000] {logging_mixin.py:188} INFO - [2026-05-08T22:25:04.454+0000] {dag.py:3096} INFO - Sync 1 DAGs
[2026-05-08T22:25:04.874+0000] {logging_mixin.py:188} INFO - [2026-05-08T22:25:04.859+0000] {dag.py:3954} INFO - Setting next_dagrun for job_intelligent_pipeline to 2026-05-08 06:00:00+00:00, run_after=2026-05-09 06:00:00+00:00
[2026-05-08T22:25:05.382+0000] {processor.py:183} INFO - Processing /opt/airflow/dags/dag_job_intelligent .py took 2.116 seconds
[2026-05-08T22:25:35.801+0000] {processor.py:161} INFO - Started process (PID=6357) to work on /opt/airflow/dags/dag_job_intelligent .py
[2026-05-08T22:25:35.802+0000] {processor.py:830} INFO - Processing file /opt/airflow/dags/dag_job_intelligent .py for tasks to queue
[2026-05-08T22:25:35.805+0000] {logging_mixin.py:188} INFO - [2026-05-08T22:25:35.804+0000] {dagbag.py:545} INFO - Filling up the DagBag from /opt/airflow/dags/dag_job_intelligent .py
[2026-05-08T22:25:35.904+0000] {processor.py:840} INFO - DAG(s) 'job_intelligent_pipeline' retrieved from /opt/airflow/dags/dag_job_intelligent .py
[2026-05-08T22:25:36.154+0000] {logging_mixin.py:188} INFO - [2026-05-08T22:25:36.154+0000] {dag.py:3096} INFO - Sync 1 DAGs
[2026-05-08T22:25:36.444+0000] {logging_mixin.py:188} INFO - [2026-05-08T22:25:36.444+0000] {dag.py:3954} INFO - Setting next_dagrun for job_intelligent_pipeline to 2026-05-08 06:00:00+00:00, run_after=2026-05-09 06:00:00+00:00
[2026-05-08T22:25:36.572+0000] {processor.py:183} INFO - Processing /opt/airflow/dags/dag_job_intelligent .py took 0.809 seconds
[2026-05-08T22:26:07.033+0000] {processor.py:161} INFO - Started process (PID=6371) to work on /opt/airflow/dags/dag_job_intelligent .py
[2026-05-08T22:26:07.037+0000] {processor.py:830} INFO - Processing file /opt/airflow/dags/dag_job_intelligent .py for tasks to queue
[2026-05-08T22:26:07.040+0000] {logging_mixin.py:188} INFO - [2026-05-08T22:26:07.040+0000] {dagbag.py:545} INFO - Filling up the DagBag from /opt/airflow/dags/dag_job_intelligent .py
[2026-05-08T22:26:07.142+0000] {processor.py:840} INFO - DAG(s) 'job_intelligent_pipeline' retrieved from /opt/airflow/dags/dag_job_intelligent .py
[2026-05-08T22:26:07.389+0000] {logging_mixin.py:188} INFO - [2026-05-08T22:26:07.388+0000] {dag.py:3096} INFO - Sync 1 DAGs
[2026-05-08T22:26:07.593+0000] {logging_mixin.py:188} INFO - [2026-05-08T22:26:07.592+0000] {dag.py:3954} INFO - Setting next_dagrun for job_intelligent_pipeline to 2026-05-08 06:00:00+00:00, run_after=2026-05-09 06:00:00+00:00
[2026-05-08T22:26:07.663+0000] {processor.py:183} INFO - Processing /opt/airflow/dags/dag_job_intelligent .py took 0.646 seconds
[2026-05-08T22:26:37.845+0000] {processor.py:161} INFO - Started process (PID=6379) to work on /opt/airflow/dags/dag_job_intelligent .py
[2026-05-08T22:26:37.847+0000] {processor.py:830} INFO - Processing file /opt/airflow/dags/dag_job_intelligent .py for tasks to queue
[2026-05-08T22:26:37.849+0000] {logging_mixin.py:188} INFO - [2026-05-08T22:26:37.848+0000] {dagbag.py:545} INFO - Filling up the DagBag from /opt/airflow/dags/dag_job_intelligent .py
[2026-05-08T22:26:37.892+0000] {processor.py:840} INFO - DAG(s) 'job_intelligent_pipeline' retrieved from /opt/airflow/dags/dag_job_intelligent .py
[2026-05-08T22:26:37.958+0000] {logging_mixin.py:188} INFO - [2026-05-08T22:26:37.957+0000] {dag.py:3096} INFO - Sync 1 DAGs
[2026-05-08T22:26:38.007+0000] {logging_mixin.py:188} INFO - [2026-05-08T22:26:38.006+0000] {dag.py:3954} INFO - Setting next_dagrun for job_intelligent_pipeline to 2026-05-08 06:00:00+00:00, run_after=2026-05-09 06:00:00+00:00
[2026-05-08T22:26:38.077+0000] {processor.py:183} INFO - Processing /opt/airflow/dags/dag_job_intelligent .py took 0.242 seconds
[2026-05-08T22:27:08.487+0000] {processor.py:161} INFO - Started process (PID=6393) to work on /opt/airflow/dags/dag_job_intelligent .py
[2026-05-08T22:27:08.488+0000] {processor.py:830} INFO - Processing file /opt/airflow/dags/dag_job_intelligent .py for tasks to queue
[2026-05-08T22:27:08.490+0000] {logging_mixin.py:188} INFO - [2026-05-08T22:27:08.489+0000] {dagbag.py:545} INFO - Filling up the DagBag from /opt/airflow/dags/dag_job_intelligent .py
[2026-05-08T22:27:08.531+0000] {processor.py:840} INFO - DAG(s) 'job_intelligent_pipeline' retrieved from /opt/airflow/dags/dag_job_intelligent .py
[2026-05-08T22:27:08.601+0000] {logging_mixin.py:188} INFO - [2026-05-08T22:27:08.600+0000] {dag.py:3096} INFO - Sync 1 DAGs
[2026-05-08T22:27:08.655+0000] {logging_mixin.py:188} INFO - [2026-05-08T22:27:08.654+0000] {dag.py:3954} INFO - Setting next_dagrun for job_intelligent_pipeline to 2026-05-08 06:00:00+00:00, run_after=2026-05-09 06:00:00+00:00
[2026-05-08T22:27:08.717+0000] {processor.py:183} INFO - Processing /opt/airflow/dags/dag_job_intelligent .py took 0.240 seconds
[2026-05-08T22:27:39.247+0000] {processor.py:161} INFO - Started process (PID=6401) to work on /opt/airflow/dags/dag_job_intelligent .py
[2026-05-08T22:27:39.251+0000] {processor.py:830} INFO - Processing file /opt/airflow/dags/dag_job_intelligent .py for tasks to queue
[2026-05-08T22:27:39.254+0000] {logging_mixin.py:188} INFO - [2026-05-08T22:27:39.253+0000] {dagbag.py:545} INFO - Filling up the DagBag from /opt/airflow/dags/dag_job_intelligent .py
[2026-05-08T22:27:39.363+0000] {processor.py:840} INFO - DAG(s) 'job_intelligent_pipeline' retrieved from /opt/airflow/dags/dag_job_intelligent .py
[2026-05-08T22:27:39.495+0000] {logging_mixin.py:188} INFO - [2026-05-08T22:27:39.493+0000] {dag.py:3096} INFO - Sync 1 DAGs
[2026-05-08T22:27:39.565+0000] {logging_mixin.py:188} INFO - [2026-05-08T22:27:39.564+0000] {dag.py:3954} INFO - Setting next_dagrun for job_intelligent_pipeline to 2026-05-08 06:00:00+00:00, run_after=2026-05-09 06:00:00+00:00
[2026-05-08T22:27:39.635+0000] {processor.py:183} INFO - Processing /opt/airflow/dags/dag_job_intelligent .py took 0.401 seconds
[2026-05-08T22:28:09.810+0000] {processor.py:161} INFO - Started process (PID=6414) to work on /opt/airflow/dags/dag_job_intelligent .py
[2026-05-08T22:28:09.812+0000] {processor.py:830} INFO - Processing file /opt/airflow/dags/dag_job_intelligent .py for tasks to queue
[2026-05-08T22:28:09.814+0000] {logging_mixin.py:188} INFO - [2026-05-08T22:28:09.813+0000] {dagbag.py:545} INFO - Filling up the DagBag from /opt/airflow/dags/dag_job_intelligent .py
[2026-05-08T22:28:09.860+0000] {processor.py:840} INFO - DAG(s) 'job_intelligent_pipeline' retrieved from /opt/airflow/dags/dag_job_intelligent .py
[2026-05-08T22:28:09.926+0000] {logging_mixin.py:188} INFO - [2026-05-08T22:28:09.926+0000] {dag.py:3096} INFO - Sync 1 DAGs
[2026-05-08T22:28:09.970+0000] {logging_mixin.py:188} INFO - [2026-05-08T22:28:09.970+0000] {dag.py:3954} INFO - Setting next_dagrun for job_intelligent_pipeline to 2026-05-08 06:00:00+00:00, run_after=2026-05-09 06:00:00+00:00
[2026-05-08T22:28:10.031+0000] {processor.py:183} INFO - Processing /opt/airflow/dags/dag_job_intelligent .py took 0.234 seconds
[2026-05-08T22:28:40.173+0000] {processor.py:161} INFO - Started process (PID=6422) to work on /opt/airflow/dags/dag_job_intelligent .py
[2026-05-08T22:28:40.174+0000] {processor.py:830} INFO - Processing file /opt/airflow/dags/dag_job_intelligent .py for tasks to queue
[2026-05-08T22:28:40.176+0000] {logging_mixin.py:188} INFO - [2026-05-08T22:28:40.175+0000] {dagbag.py:545} INFO - Filling up the DagBag from /opt/airflow/dags/dag_job_intelligent .py
[2026-05-08T22:28:40.215+0000] {processor.py:840} INFO - DAG(s) 'job_intelligent_pipeline' retrieved from /opt/airflow/dags/dag_job_intelligent .py
[2026-05-08T22:28:40.288+0000] {logging_mixin.py:188} INFO - [2026-05-08T22:28:40.288+0000] {dag.py:3096} INFO - Sync 1 DAGs
[2026-05-08T22:28:40.335+0000] {logging_mixin.py:188} INFO - [2026-05-08T22:28:40.334+0000] {dag.py:3954} INFO - Setting next_dagrun for job_intelligent_pipeline to 2026-05-08 06:00:00+00:00, run_after=2026-05-09 06:00:00+00:00
[2026-05-08T22:28:40.379+0000] {processor.py:183} INFO - Processing /opt/airflow/dags/dag_job_intelligent .py took 0.214 seconds
[2026-05-08T22:29:10.580+0000] {processor.py:161} INFO - Started process (PID=6436) to work on /opt/airflow/dags/dag_job_intelligent .py
[2026-05-08T22:29:10.587+0000] {processor.py:830} INFO - Processing file /opt/airflow/dags/dag_job_intelligent .py for tasks to queue
[2026-05-08T22:29:10.591+0000] {logging_mixin.py:188} INFO - [2026-05-08T22:29:10.590+0000] {dagbag.py:545} INFO - Filling up the DagBag from /opt/airflow/dags/dag_job_intelligent .py
[2026-05-08T22:29:10.633+0000] {processor.py:840} INFO - DAG(s) 'job_intelligent_pipeline' retrieved from /opt/airflow/dags/dag_job_intelligent .py
[2026-05-08T22:29:10.686+0000] {logging_mixin.py:188} INFO - [2026-05-08T22:29:10.685+0000] {dag.py:3096} INFO - Sync 1 DAGs
[2026-05-08T22:29:10.728+0000] {logging_mixin.py:188} INFO - [2026-05-08T22:29:10.728+0000] {dag.py:3954} INFO - Setting next_dagrun for job_intelligent_pipeline to 2026-05-08 06:00:00+00:00, run_after=2026-05-09 06:00:00+00:00
[2026-05-08T22:29:10.762+0000] {processor.py:183} INFO - Processing /opt/airflow/dags/dag_job_intelligent .py took 0.208 seconds
[2026-05-08T22:29:41.532+0000] {processor.py:161} INFO - Started process (PID=6445) to work on /opt/airflow/dags/dag_job_intelligent .py
[2026-05-08T22:29:41.533+0000] {processor.py:830} INFO - Processing file /opt/airflow/dags/dag_job_intelligent .py for tasks to queue
[2026-05-08T22:29:41.534+0000] {logging_mixin.py:188} INFO - [2026-05-08T22:29:41.534+0000] {dagbag.py:545} INFO - Filling up the DagBag from /opt/airflow/dags/dag_job_intelligent .py
[2026-05-08T22:29:41.572+0000] {processor.py:840} INFO - DAG(s) 'job_intelligent_pipeline' retrieved from /opt/airflow/dags/dag_job_intelligent .py
[2026-05-08T22:29:41.626+0000] {logging_mixin.py:188} INFO - [2026-05-08T22:29:41.626+0000] {dag.py:3096} INFO - Sync 1 DAGs
[2026-05-08T22:29:41.662+0000] {logging_mixin.py:188} INFO - [2026-05-08T22:29:41.662+0000] {dag.py:3954} INFO - Setting next_dagrun for job_intelligent_pipeline to 2026-05-08 06:00:00+00:00, run_after=2026-05-09 06:00:00+00:00
[2026-05-08T22:29:41.698+0000] {processor.py:183} INFO - Processing /opt/airflow/dags/dag_job_intelligent .py took 0.174 seconds
[2026-05-08T22:30:12.508+0000] {processor.py:161} INFO - Started process (PID=6458) to work on /opt/airflow/dags/dag_job_intelligent .py
[2026-05-08T22:30:12.510+0000] {processor.py:830} INFO - Processing file /opt/airflow/dags/dag_job_intelligent .py for tasks to queue
[2026-05-08T22:30:12.511+0000] {logging_mixin.py:188} INFO - [2026-05-08T22:30:12.511+0000] {dagbag.py:545} INFO - Filling up the DagBag from /opt/airflow/dags/dag_job_intelligent .py
[2026-05-08T22:30:12.548+0000] {processor.py:840} INFO - DAG(s) 'job_intelligent_pipeline' retrieved from /opt/airflow/dags/dag_job_intelligent .py
[2026-05-08T22:30:12.598+0000] {logging_mixin.py:188} INFO - [2026-05-08T22:30:12.598+0000] {dag.py:3096} INFO - Sync 1 DAGs
[2026-05-08T22:30:12.635+0000] {logging_mixin.py:188} INFO - [2026-05-08T22:30:12.635+0000] {dag.py:3954} INFO - Setting next_dagrun for job_intelligent_pipeline to 2026-05-08 06:00:00+00:00, run_after=2026-05-09 06:00:00+00:00
[2026-05-08T22:30:12.689+0000] {processor.py:183} INFO - Processing /opt/airflow/dags/dag_job_intelligent .py took 0.189 seconds
[2026-05-08T22:30:43.240+0000] {processor.py:161} INFO - Started process (PID=6467) to work on /opt/airflow/dags/dag_job_intelligent .py
[2026-05-08T22:30:43.241+0000] {processor.py:830} INFO - Processing file /opt/airflow/dags/dag_job_intelligent .py for tasks to queue
[2026-05-08T22:30:43.243+0000] {logging_mixin.py:188} INFO - [2026-05-08T22:30:43.243+0000] {dagbag.py:545} INFO - Filling up the DagBag from /opt/airflow/dags/dag_job_intelligent .py
[2026-05-08T22:30:43.274+0000] {processor.py:840} INFO - DAG(s) 'job_intelligent_pipeline' retrieved from /opt/airflow/dags/dag_job_intelligent .py
[2026-05-08T22:30:43.323+0000] {logging_mixin.py:188} INFO - [2026-05-08T22:30:43.322+0000] {dag.py:3096} INFO - Sync 1 DAGs
[2026-05-08T22:30:43.374+0000] {logging_mixin.py:188} INFO - [2026-05-08T22:30:43.373+0000] {dag.py:3954} INFO - Setting next_dagrun for job_intelligent_pipeline to 2026-05-08 06:00:00+00:00, run_after=2026-05-09 06:00:00+00:00
[2026-05-08T22:30:43.429+0000] {processor.py:183} INFO - Processing /opt/airflow/dags/dag_job_intelligent .py took 0.200 seconds
[2026-05-08T22:31:13.774+0000] {processor.py:161} INFO - Started process (PID=6481) to work on /opt/airflow/dags/dag_job_intelligent .py
[2026-05-08T22:31:13.777+0000] {processor.py:830} INFO - Processing file /opt/airflow/dags/dag_job_intelligent .py for tasks to queue
[2026-05-08T22:31:13.780+0000] {logging_mixin.py:188} INFO - [2026-05-08T22:31:13.779+0000] {dagbag.py:545} INFO - Filling up the DagBag from /opt/airflow/dags/dag_job_intelligent .py
[2026-05-08T22:31:13.863+0000] {processor.py:840} INFO - DAG(s) 'job_intelligent_pipeline' retrieved from /opt/airflow/dags/dag_job_intelligent .py
[2026-05-08T22:31:13.954+0000] {logging_mixin.py:188} INFO - [2026-05-08T22:31:13.953+0000] {dag.py:3096} INFO - Sync 1 DAGs
[2026-05-08T22:31:14.028+0000] {logging_mixin.py:188} INFO - [2026-05-08T22:31:14.027+0000] {dag.py:3954} INFO - Setting next_dagrun for job_intelligent_pipeline to 2026-05-08 06:00:00+00:00, run_after=2026-05-09 06:00:00+00:00
[2026-05-08T22:31:14.104+0000] {processor.py:183} INFO - Processing /opt/airflow/dags/dag_job_intelligent .py took 0.344 seconds
[2026-05-08T22:31:44.304+0000] {processor.py:161} INFO - Started process (PID=6490) to work on /opt/airflow/dags/dag_job_intelligent .py
[2026-05-08T22:31:44.307+0000] {processor.py:830} INFO - Processing file /opt/airflow/dags/dag_job_intelligent .py for tasks to queue
[2026-05-08T22:31:44.309+0000] {logging_mixin.py:188} INFO - [2026-05-08T22:31:44.308+0000] {dagbag.py:545} INFO - Filling up the DagBag from /opt/airflow/dags/dag_job_intelligent .py
[2026-05-08T22:31:44.385+0000] {processor.py:840} INFO - DAG(s) 'job_intelligent_pipeline' retrieved from /opt/airflow/dags/dag_job_intelligent .py
[2026-05-08T22:31:44.586+0000] {logging_mixin.py:188} INFO - [2026-05-08T22:31:44.585+0000] {dag.py:3096} INFO - Sync 1 DAGs
[2026-05-08T22:31:44.698+0000] {logging_mixin.py:188} INFO - [2026-05-08T22:31:44.698+0000] {dag.py:3954} INFO - Setting next_dagrun for job_intelligent_pipeline to 2026-05-08 06:00:00+00:00, run_after=2026-05-09 06:00:00+00:00
[2026-05-08T22:31:44.944+0000] {processor.py:183} INFO - Processing /opt/airflow/dags/dag_job_intelligent .py took 0.655 seconds
[2026-05-08T22:32:15.945+0000] {processor.py:161} INFO - Started process (PID=6505) to work on /opt/airflow/dags/dag_job_intelligent .py
[2026-05-08T22:32:15.946+0000] {processor.py:830} INFO - Processing file /opt/airflow/dags/dag_job_intelligent .py for tasks to queue
[2026-05-08T22:32:15.948+0000] {logging_mixin.py:188} INFO - [2026-05-08T22:32:15.947+0000] {dagbag.py:545} INFO - Filling up the DagBag from /opt/airflow/dags/dag_job_intelligent .py
[2026-05-08T22:32:15.979+0000] {processor.py:840} INFO - DAG(s) 'job_intelligent_pipeline' retrieved from /opt/airflow/dags/dag_job_intelligent .py
[2026-05-08T22:32:16.038+0000] {logging_mixin.py:188} INFO - [2026-05-08T22:32:16.037+0000] {dag.py:3096} INFO - Sync 1 DAGs
[2026-05-08T22:32:16.098+0000] {logging_mixin.py:188} INFO - [2026-05-08T22:32:16.097+0000] {dag.py:3954} INFO - Setting next_dagrun for job_intelligent_pipeline to 2026-05-08 06:00:00+00:00, run_after=2026-05-09 06:00:00+00:00
[2026-05-08T22:32:16.137+0000] {processor.py:183} INFO - Processing /opt/airflow/dags/dag_job_intelligent .py took 0.207 seconds
[2026-05-08T22:32:46.812+0000] {processor.py:161} INFO - Started process (PID=6513) to work on /opt/airflow/dags/dag_job_intelligent .py
[2026-05-08T22:32:46.816+0000] {processor.py:830} INFO - Processing file /opt/airflow/dags/dag_job_intelligent .py for tasks to queue
[2026-05-08T22:32:46.819+0000] {logging_mixin.py:188} INFO - [2026-05-08T22:32:46.818+0000] {dagbag.py:545} INFO - Filling up the DagBag from /opt/airflow/dags/dag_job_intelligent .py
[2026-05-08T22:32:46.878+0000] {processor.py:840} INFO - DAG(s) 'job_intelligent_pipeline' retrieved from /opt/airflow/dags/dag_job_intelligent .py
[2026-05-08T22:32:46.992+0000] {logging_mixin.py:188} INFO - [2026-05-08T22:32:46.991+0000] {dag.py:3096} INFO - Sync 1 DAGs
[2026-05-08T22:32:47.151+0000] {logging_mixin.py:188} INFO - [2026-05-08T22:32:47.150+0000] {dag.py:3954} INFO - Setting next_dagrun for job_intelligent_pipeline to 2026-05-08 06:00:00+00:00, run_after=2026-05-09 06:00:00+00:00
[2026-05-08T22:32:47.216+0000] {processor.py:183} INFO - Processing /opt/airflow/dags/dag_job_intelligent .py took 0.426 seconds
[2026-05-08T22:33:17.696+0000] {processor.py:161} INFO - Started process (PID=6529) to work on /opt/airflow/dags/dag_job_intelligent .py
[2026-05-08T22:33:17.722+0000] {processor.py:830} INFO - Processing file /opt/airflow/dags/dag_job_intelligent .py for tasks to queue
[2026-05-08T22:33:17.726+0000] {logging_mixin.py:188} INFO - [2026-05-08T22:33:17.725+0000] {dagbag.py:545} INFO - Filling up the DagBag from /opt/airflow/dags/dag_job_intelligent .py
[2026-05-08T22:33:17.818+0000] {processor.py:840} INFO - DAG(s) 'job_intelligent_pipeline' retrieved from /opt/airflow/dags/dag_job_intelligent .py
[2026-05-08T22:33:18.036+0000] {logging_mixin.py:188} INFO - [2026-05-08T22:33:18.036+0000] {dag.py:3096} INFO - Sync 1 DAGs
[2026-05-08T22:33:18.221+0000] {logging_mixin.py:188} INFO - [2026-05-08T22:33:18.221+0000] {dag.py:3954} INFO - Setting next_dagrun for job_intelligent_pipeline to 2026-05-08 06:00:00+00:00, run_after=2026-05-09 06:00:00+00:00
[2026-05-08T22:33:18.311+0000] {processor.py:183} INFO - Processing /opt/airflow/dags/dag_job_intelligent .py took 0.638 seconds
[2026-05-08T22:33:48.912+0000] {processor.py:161} INFO - Started process (PID=6542) to work on /opt/airflow/dags/dag_job_intelligent .py
[2026-05-08T22:33:48.914+0000] {processor.py:830} INFO - Processing file /opt/airflow/dags/dag_job_intelligent .py for tasks to queue
[2026-05-08T22:33:48.916+0000] {logging_mixin.py:188} INFO - [2026-05-08T22:33:48.915+0000] {dagbag.py:545} INFO - Filling up the DagBag from /opt/airflow/dags/dag_job_intelligent .py
[2026-05-08T22:33:49.024+0000] {processor.py:840} INFO - DAG(s) 'job_intelligent_pipeline' retrieved from /opt/airflow/dags/dag_job_intelligent .py
[2026-05-08T22:33:49.193+0000] {logging_mixin.py:188} INFO - [2026-05-08T22:33:49.193+0000] {dag.py:3096} INFO - Sync 1 DAGs
[2026-05-08T22:33:49.307+0000] {logging_mixin.py:188} INFO - [2026-05-08T22:33:49.306+0000] {dag.py:3954} INFO - Setting next_dagrun for job_intelligent_pipeline to 2026-05-08 06:00:00+00:00, run_after=2026-05-09 06:00:00+00:00
[2026-05-08T22:33:49.403+0000] {processor.py:183} INFO - Processing /opt/airflow/dags/dag_job_intelligent .py took 0.505 seconds
[2026-05-08T22:34:19.953+0000] {processor.py:161} INFO - Started process (PID=6549) to work on /opt/airflow/dags/dag_job_intelligent .py
[2026-05-08T22:34:19.959+0000] {processor.py:830} INFO - Processing file /opt/airflow/dags/dag_job_intelligent .py for tasks to queue
[2026-05-08T22:34:19.966+0000] {logging_mixin.py:188} INFO - [2026-05-08T22:34:19.961+0000] {dagbag.py:545} INFO - Filling up the DagBag from /opt/airflow/dags/dag_job_intelligent .py
[2026-05-08T22:34:20.129+0000] {processor.py:840} INFO - DAG(s) 'job_intelligent_pipeline' retrieved from /opt/airflow/dags/dag_job_intelligent .py
[2026-05-08T22:34:20.405+0000] {logging_mixin.py:188} INFO - [2026-05-08T22:34:20.404+0000] {dag.py:3096} INFO - Sync 1 DAGs
[2026-05-08T22:34:20.557+0000] {logging_mixin.py:188} INFO - [2026-05-08T22:34:20.555+0000] {dag.py:3954} INFO - Setting next_dagrun for job_intelligent_pipeline to 2026-05-08 06:00:00+00:00, run_after=2026-05-09 06:00:00+00:00
[2026-05-08T22:34:20.660+0000] {processor.py:183} INFO - Processing /opt/airflow/dags/dag_job_intelligent .py took 0.729 seconds
[2026-05-08T22:34:50.878+0000] {processor.py:161} INFO - Started process (PID=6566) to work on /opt/airflow/dags/dag_job_intelligent .py
[2026-05-08T22:34:50.879+0000] {processor.py:830} INFO - Processing file /opt/airflow/dags/dag_job_intelligent .py for tasks to queue
[2026-05-08T22:34:50.882+0000] {logging_mixin.py:188} INFO - [2026-05-08T22:34:50.881+0000] {dagbag.py:545} INFO - Filling up the DagBag from /opt/airflow/dags/dag_job_intelligent .py
[2026-05-08T22:34:50.955+0000] {processor.py:840} INFO - DAG(s) 'job_intelligent_pipeline' retrieved from /opt/airflow/dags/dag_job_intelligent .py
[2026-05-08T22:34:51.045+0000] {logging_mixin.py:188} INFO - [2026-05-08T22:34:51.034+0000] {dag.py:3096} INFO - Sync 1 DAGs
[2026-05-08T22:34:51.133+0000] {logging_mixin.py:188} INFO - [2026-05-08T22:34:51.132+0000] {dag.py:3954} INFO - Setting next_dagrun for job_intelligent_pipeline to 2026-05-08 06:00:00+00:00, run_after=2026-05-09 06:00:00+00:00
[2026-05-08T22:34:51.268+0000] {processor.py:183} INFO - Processing /opt/airflow/dags/dag_job_intelligent .py took 0.414 seconds
[2026-05-08T22:35:21.699+0000] {processor.py:161} INFO - Started process (PID=6574) to work on /opt/airflow/dags/dag_job_intelligent .py
[2026-05-08T22:35:21.702+0000] {processor.py:830} INFO - Processing file /opt/airflow/dags/dag_job_intelligent .py for tasks to queue
[2026-05-08T22:35:21.706+0000] {logging_mixin.py:188} INFO - [2026-05-08T22:35:21.705+0000] {dagbag.py:545} INFO - Filling up the DagBag from /opt/airflow/dags/dag_job_intelligent .py
[2026-05-08T22:35:21.832+0000] {processor.py:840} INFO - DAG(s) 'job_intelligent_pipeline' retrieved from /opt/airflow/dags/dag_job_intelligent .py
[2026-05-08T22:35:22.010+0000] {logging_mixin.py:188} INFO - [2026-05-08T22:35:22.007+0000] {dag.py:3096} INFO - Sync 1 DAGs
[2026-05-08T22:35:22.097+0000] {logging_mixin.py:188} INFO - [2026-05-08T22:35:22.096+0000] {dag.py:3954} INFO - Setting next_dagrun for job_intelligent_pipeline to 2026-05-08 06:00:00+00:00, run_after=2026-05-09 06:00:00+00:00
[2026-05-08T22:35:22.270+0000] {processor.py:183} INFO - Processing /opt/airflow/dags/dag_job_intelligent .py took 0.604 seconds
[2026-05-08T22:35:53.451+0000] {processor.py:161} INFO - Started process (PID=6588) to work on /opt/airflow/dags/dag_job_intelligent .py
[2026-05-08T22:35:53.462+0000] {processor.py:830} INFO - Processing file /opt/airflow/dags/dag_job_intelligent .py for tasks to queue
[2026-05-08T22:35:53.464+0000] {logging_mixin.py:188} INFO - [2026-05-08T22:35:53.464+0000] {dagbag.py:545} INFO - Filling up the DagBag from /opt/airflow/dags/dag_job_intelligent .py
[2026-05-08T22:35:53.565+0000] {processor.py:840} INFO - DAG(s) 'job_intelligent_pipeline' retrieved from /opt/airflow/dags/dag_job_intelligent .py
[2026-05-08T22:35:53.762+0000] {logging_mixin.py:188} INFO - [2026-05-08T22:35:53.761+0000] {dag.py:3096} INFO - Sync 1 DAGs
[2026-05-08T22:35:53.827+0000] {logging_mixin.py:188} INFO - [2026-05-08T22:35:53.826+0000] {dag.py:3954} INFO - Setting next_dagrun for job_intelligent_pipeline to 2026-05-08 06:00:00+00:00, run_after=2026-05-09 06:00:00+00:00
[2026-05-08T22:35:53.886+0000] {processor.py:183} INFO - Processing /opt/airflow/dags/dag_job_intelligent .py took 0.465 seconds
[2026-05-08T22:36:24.831+0000] {processor.py:161} INFO - Started process (PID=6596) to work on /opt/airflow/dags/dag_job_intelligent .py
[2026-05-08T22:36:24.834+0000] {processor.py:830} INFO - Processing file /opt/airflow/dags/dag_job_intelligent .py for tasks to queue
[2026-05-08T22:36:24.836+0000] {logging_mixin.py:188} INFO - [2026-05-08T22:36:24.835+0000] {dagbag.py:545} INFO - Filling up the DagBag from /opt/airflow/dags/dag_job_intelligent .py
[2026-05-08T22:36:24.922+0000] {processor.py:840} INFO - DAG(s) 'job_intelligent_pipeline' retrieved from /opt/airflow/dags/dag_job_intelligent .py
[2026-05-08T22:36:25.124+0000] {logging_mixin.py:188} INFO - [2026-05-08T22:36:25.124+0000] {dag.py:3096} INFO - Sync 1 DAGs
[2026-05-08T22:36:25.204+0000] {logging_mixin.py:188} INFO - [2026-05-08T22:36:25.203+0000] {dag.py:3954} INFO - Setting next_dagrun for job_intelligent_pipeline to 2026-05-08 06:00:00+00:00, run_after=2026-05-09 06:00:00+00:00
[2026-05-08T22:36:25.291+0000] {processor.py:183} INFO - Processing /opt/airflow/dags/dag_job_intelligent .py took 0.471 seconds
[2026-05-08T22:36:56.116+0000] {processor.py:161} INFO - Started process (PID=6610) to work on /opt/airflow/dags/dag_job_intelligent .py
[2026-05-08T22:36:56.127+0000] {processor.py:830} INFO - Processing file /opt/airflow/dags/dag_job_intelligent .py for tasks to queue
[2026-05-08T22:36:56.130+0000] {logging_mixin.py:188} INFO - [2026-05-08T22:36:56.129+0000] {dagbag.py:545} INFO - Filling up the DagBag from /opt/airflow/dags/dag_job_intelligent .py
[2026-05-08T22:36:56.338+0000] {processor.py:840} INFO - DAG(s) 'job_intelligent_pipeline' retrieved from /opt/airflow/dags/dag_job_intelligent .py
[2026-05-08T22:36:56.594+0000] {logging_mixin.py:188} INFO - [2026-05-08T22:36:56.593+0000] {dag.py:3096} INFO - Sync 1 DAGs
[2026-05-08T22:36:56.793+0000] {logging_mixin.py:188} INFO - [2026-05-08T22:36:56.764+0000] {dag.py:3954} INFO - Setting next_dagrun for job_intelligent_pipeline to 2026-05-08 06:00:00+00:00, run_after=2026-05-09 06:00:00+00:00
[2026-05-08T22:36:56.969+0000] {processor.py:183} INFO - Processing /opt/airflow/dags/dag_job_intelligent .py took 0.904 seconds
[2026-05-08T22:37:28.718+0000] {processor.py:161} INFO - Started process (PID=6617) to work on /opt/airflow/dags/dag_job_intelligent .py
[2026-05-08T22:37:28.743+0000] {processor.py:830} INFO - Processing file /opt/airflow/dags/dag_job_intelligent .py for tasks to queue
[2026-05-08T22:37:28.760+0000] {logging_mixin.py:188} INFO - [2026-05-08T22:37:28.759+0000] {dagbag.py:545} INFO - Filling up the DagBag from /opt/airflow/dags/dag_job_intelligent .py
[2026-05-08T22:37:28.992+0000] {processor.py:840} INFO - DAG(s) 'job_intelligent_pipeline' retrieved from /opt/airflow/dags/dag_job_intelligent .py
[2026-05-08T22:37:29.264+0000] {logging_mixin.py:188} INFO - [2026-05-08T22:37:29.264+0000] {dag.py:3096} INFO - Sync 1 DAGs
[2026-05-08T22:37:29.540+0000] {logging_mixin.py:188} INFO - [2026-05-08T22:37:29.539+0000] {dag.py:3954} INFO - Setting next_dagrun for job_intelligent_pipeline to 2026-05-08 06:00:00+00:00, run_after=2026-05-09 06:00:00+00:00
[2026-05-08T22:37:29.810+0000] {processor.py:183} INFO - Processing /opt/airflow/dags/dag_job_intelligent .py took 1.133 seconds
[2026-05-08T22:38:00.832+0000] {processor.py:161} INFO - Started process (PID=6630) to work on /opt/airflow/dags/dag_job_intelligent .py
[2026-05-08T22:38:00.877+0000] {processor.py:830} INFO - Processing file /opt/airflow/dags/dag_job_intelligent .py for tasks to queue
[2026-05-08T22:38:00.882+0000] {logging_mixin.py:188} INFO - [2026-05-08T22:38:00.881+0000] {dagbag.py:545} INFO - Filling up the DagBag from /opt/airflow/dags/dag_job_intelligent .py
[2026-05-08T22:38:01.038+0000] {processor.py:840} INFO - DAG(s) 'job_intelligent_pipeline' retrieved from /opt/airflow/dags/dag_job_intelligent .py
[2026-05-08T22:38:01.297+0000] {logging_mixin.py:188} INFO - [2026-05-08T22:38:01.296+0000] {dag.py:3096} INFO - Sync 1 DAGs
[2026-05-08T22:38:01.555+0000] {logging_mixin.py:188} INFO - [2026-05-08T22:38:01.542+0000] {dag.py:3954} INFO - Setting next_dagrun for job_intelligent_pipeline to 2026-05-08 06:00:00+00:00, run_after=2026-05-09 06:00:00+00:00
[2026-05-08T22:38:01.724+0000] {processor.py:183} INFO - Processing /opt/airflow/dags/dag_job_intelligent .py took 0.917 seconds
[2026-05-08T22:38:32.312+0000] {processor.py:161} INFO - Started process (PID=6639) to work on /opt/airflow/dags/dag_job_intelligent .py
[2026-05-08T22:38:32.313+0000] {processor.py:830} INFO - Processing file /opt/airflow/dags/dag_job_intelligent .py for tasks to queue
[2026-05-08T22:38:32.315+0000] {logging_mixin.py:188} INFO - [2026-05-08T22:38:32.314+0000] {dagbag.py:545} INFO - Filling up the DagBag from /opt/airflow/dags/dag_job_intelligent .py
[2026-05-08T22:38:32.376+0000] {processor.py:840} INFO - DAG(s) 'job_intelligent_pipeline' retrieved from /opt/airflow/dags/dag_job_intelligent .py
[2026-05-08T22:38:32.462+0000] {logging_mixin.py:188} INFO - [2026-05-08T22:38:32.462+0000] {dag.py:3096} INFO - Sync 1 DAGs
[2026-05-08T22:38:32.508+0000] {logging_mixin.py:188} INFO - [2026-05-08T22:38:32.507+0000] {dag.py:3954} INFO - Setting next_dagrun for job_intelligent_pipeline to 2026-05-08 06:00:00+00:00, run_after=2026-05-09 06:00:00+00:00
[2026-05-08T22:38:32.550+0000] {processor.py:183} INFO - Processing /opt/airflow/dags/dag_job_intelligent .py took 0.249 seconds
[2026-05-08T22:39:05.390+0000] {processor.py:161} INFO - Started process (PID=6654) to work on /opt/airflow/dags/dag_job_intelligent .py
[2026-05-08T22:39:05.405+0000] {processor.py:830} INFO - Processing file /opt/airflow/dags/dag_job_intelligent .py for tasks to queue
[2026-05-08T22:39:05.407+0000] {logging_mixin.py:188} INFO - [2026-05-08T22:39:05.406+0000] {dagbag.py:545} INFO - Filling up the DagBag from /opt/airflow/dags/dag_job_intelligent .py
[2026-05-08T22:39:05.555+0000] {processor.py:840} INFO - DAG(s) 'job_intelligent_pipeline' retrieved from /opt/airflow/dags/dag_job_intelligent .py
[2026-05-08T22:39:05.888+0000] {logging_mixin.py:188} INFO - [2026-05-08T22:39:05.888+0000] {dag.py:3096} INFO - Sync 1 DAGs
[2026-05-08T22:39:06.219+0000] {logging_mixin.py:188} INFO - [2026-05-08T22:39:06.218+0000] {dag.py:3954} INFO - Setting next_dagrun for job_intelligent_pipeline to 2026-05-08 06:00:00+00:00, run_after=2026-05-09 06:00:00+00:00
[2026-05-08T22:39:06.365+0000] {processor.py:183} INFO - Processing /opt/airflow/dags/dag_job_intelligent .py took 1.011 seconds
[2026-05-08T22:39:37.490+0000] {processor.py:161} INFO - Started process (PID=6669) to work on /opt/airflow/dags/dag_job_intelligent .py
[2026-05-08T22:39:37.500+0000] {processor.py:830} INFO - Processing file /opt/airflow/dags/dag_job_intelligent .py for tasks to queue
[2026-05-08T22:39:37.503+0000] {logging_mixin.py:188} INFO - [2026-05-08T22:39:37.502+0000] {dagbag.py:545} INFO - Filling up the DagBag from /opt/airflow/dags/dag_job_intelligent .py
[2026-05-08T22:39:37.595+0000] {processor.py:840} INFO - DAG(s) 'job_intelligent_pipeline' retrieved from /opt/airflow/dags/dag_job_intelligent .py
[2026-05-08T22:39:37.766+0000] {logging_mixin.py:188} INFO - [2026-05-08T22:39:37.765+0000] {dag.py:3096} INFO - Sync 1 DAGs
[2026-05-08T22:39:37.865+0000] {logging_mixin.py:188} INFO - [2026-05-08T22:39:37.864+0000] {dag.py:3954} INFO - Setting next_dagrun for job_intelligent_pipeline to 2026-05-08 06:00:00+00:00, run_after=2026-05-09 06:00:00+00:00
[2026-05-08T22:39:37.937+0000] {processor.py:183} INFO - Processing /opt/airflow/dags/dag_job_intelligent .py took 0.474 seconds
[2026-05-08T22:40:08.463+0000] {processor.py:161} INFO - Started process (PID=6677) to work on /opt/airflow/dags/dag_job_intelligent .py
[2026-05-08T22:40:08.487+0000] {processor.py:830} INFO - Processing file /opt/airflow/dags/dag_job_intelligent .py for tasks to queue
[2026-05-08T22:40:08.489+0000] {logging_mixin.py:188} INFO - [2026-05-08T22:40:08.488+0000] {dagbag.py:545} INFO - Filling up the DagBag from /opt/airflow/dags/dag_job_intelligent .py
[2026-05-08T22:40:08.665+0000] {processor.py:840} INFO - DAG(s) 'job_intelligent_pipeline' retrieved from /opt/airflow/dags/dag_job_intelligent .py
[2026-05-08T22:40:08.881+0000] {logging_mixin.py:188} INFO - [2026-05-08T22:40:08.881+0000] {dag.py:3096} INFO - Sync 1 DAGs
[2026-05-08T22:40:08.999+0000] {logging_mixin.py:188} INFO - [2026-05-08T22:40:08.998+0000] {dag.py:3954} INFO - Setting next_dagrun for job_intelligent_pipeline to 2026-05-08 06:00:00+00:00, run_after=2026-05-09 06:00:00+00:00
[2026-05-08T22:40:09.268+0000] {processor.py:183} INFO - Processing /opt/airflow/dags/dag_job_intelligent .py took 0.829 seconds
[2026-05-08T22:40:39.596+0000] {processor.py:161} INFO - Started process (PID=6690) to work on /opt/airflow/dags/dag_job_intelligent .py
[2026-05-08T22:40:39.598+0000] {processor.py:830} INFO - Processing file /opt/airflow/dags/dag_job_intelligent .py for tasks to queue
[2026-05-08T22:40:39.600+0000] {logging_mixin.py:188} INFO - [2026-05-08T22:40:39.599+0000] {dagbag.py:545} INFO - Filling up the DagBag from /opt/airflow/dags/dag_job_intelligent .py
[2026-05-08T22:40:39.655+0000] {processor.py:840} INFO - DAG(s) 'job_intelligent_pipeline' retrieved from /opt/airflow/dags/dag_job_intelligent .py
[2026-05-08T22:40:39.723+0000] {logging_mixin.py:188} INFO - [2026-05-08T22:40:39.722+0000] {dag.py:3096} INFO - Sync 1 DAGs
[2026-05-08T22:40:39.759+0000] {logging_mixin.py:188} INFO - [2026-05-08T22:40:39.759+0000] {dag.py:3954} INFO - Setting next_dagrun for job_intelligent_pipeline to 2026-05-08 06:00:00+00:00, run_after=2026-05-09 06:00:00+00:00
[2026-05-08T22:40:39.802+0000] {processor.py:183} INFO - Processing /opt/airflow/dags/dag_job_intelligent .py took 0.215 seconds
[2026-05-08T22:41:11.279+0000] {processor.py:161} INFO - Started process (PID=6698) to work on /opt/airflow/dags/dag_job_intelligent .py
[2026-05-08T22:41:11.317+0000] {processor.py:830} INFO - Processing file /opt/airflow/dags/dag_job_intelligent .py for tasks to queue
[2026-05-08T22:41:11.338+0000] {logging_mixin.py:188} INFO - [2026-05-08T22:41:11.337+0000] {dagbag.py:545} INFO - Filling up the DagBag from /opt/airflow/dags/dag_job_intelligent .py
[2026-05-08T22:41:11.511+0000] {processor.py:840} INFO - DAG(s) 'job_intelligent_pipeline' retrieved from /opt/airflow/dags/dag_job_intelligent .py
[2026-05-08T22:41:11.699+0000] {logging_mixin.py:188} INFO - [2026-05-08T22:41:11.698+0000] {dag.py:3096} INFO - Sync 1 DAGs
[2026-05-08T22:41:11.828+0000] {logging_mixin.py:188} INFO - [2026-05-08T22:41:11.827+0000] {dag.py:3954} INFO - Setting next_dagrun for job_intelligent_pipeline to 2026-05-08 06:00:00+00:00, run_after=2026-05-09 06:00:00+00:00
[2026-05-08T22:41:11.939+0000] {processor.py:183} INFO - Processing /opt/airflow/dags/dag_job_intelligent .py took 0.720 seconds
[2026-05-08T22:41:42.640+0000] {processor.py:161} INFO - Started process (PID=6712) to work on /opt/airflow/dags/dag_job_intelligent .py
[2026-05-08T22:41:42.683+0000] {processor.py:830} INFO - Processing file /opt/airflow/dags/dag_job_intelligent .py for tasks to queue
[2026-05-08T22:41:42.713+0000] {logging_mixin.py:188} INFO - [2026-05-08T22:41:42.712+0000] {dagbag.py:545} INFO - Filling up the DagBag from /opt/airflow/dags/dag_job_intelligent .py
[2026-05-08T22:41:42.848+0000] {processor.py:840} INFO - DAG(s) 'job_intelligent_pipeline' retrieved from /opt/airflow/dags/dag_job_intelligent .py
[2026-05-08T22:41:43.015+0000] {logging_mixin.py:188} INFO - [2026-05-08T22:41:43.012+0000] {dag.py:3096} INFO - Sync 1 DAGs
[2026-05-08T22:41:43.116+0000] {logging_mixin.py:188} INFO - [2026-05-08T22:41:43.116+0000] {dag.py:3954} INFO - Setting next_dagrun for job_intelligent_pipeline to 2026-05-08 06:00:00+00:00, run_after=2026-05-09 06:00:00+00:00
[2026-05-08T22:41:43.200+0000] {processor.py:183} INFO - Processing /opt/airflow/dags/dag_job_intelligent .py took 0.607 seconds
[2026-05-08T22:42:13.856+0000] {processor.py:161} INFO - Started process (PID=6720) to work on /opt/airflow/dags/dag_job_intelligent .py
[2026-05-08T22:42:13.858+0000] {processor.py:830} INFO - Processing file /opt/airflow/dags/dag_job_intelligent .py for tasks to queue
[2026-05-08T22:42:13.861+0000] {logging_mixin.py:188} INFO - [2026-05-08T22:42:13.860+0000] {dagbag.py:545} INFO - Filling up the DagBag from /opt/airflow/dags/dag_job_intelligent .py
[2026-05-08T22:42:13.906+0000] {processor.py:840} INFO - DAG(s) 'job_intelligent_pipeline' retrieved from /opt/airflow/dags/dag_job_intelligent .py
[2026-05-08T22:42:13.989+0000] {logging_mixin.py:188} INFO - [2026-05-08T22:42:13.988+0000] {dag.py:3096} INFO - Sync 1 DAGs
[2026-05-08T22:42:14.102+0000] {logging_mixin.py:188} INFO - [2026-05-08T22:42:14.101+0000] {dag.py:3954} INFO - Setting next_dagrun for job_intelligent_pipeline to 2026-05-08 06:00:00+00:00, run_after=2026-05-09 06:00:00+00:00
[2026-05-08T22:42:14.185+0000] {processor.py:183} INFO - Processing /opt/airflow/dags/dag_job_intelligent .py took 0.341 seconds
[2026-05-08T22:42:44.540+0000] {processor.py:161} INFO - Started process (PID=6733) to work on /opt/airflow/dags/dag_job_intelligent .py
[2026-05-08T22:42:44.542+0000] {processor.py:830} INFO - Processing file /opt/airflow/dags/dag_job_intelligent .py for tasks to queue
[2026-05-08T22:42:44.545+0000] {logging_mixin.py:188} INFO - [2026-05-08T22:42:44.544+0000] {dagbag.py:545} INFO - Filling up the DagBag from /opt/airflow/dags/dag_job_intelligent .py
[2026-05-08T22:42:44.617+0000] {processor.py:840} INFO - DAG(s) 'job_intelligent_pipeline' retrieved from /opt/airflow/dags/dag_job_intelligent .py
[2026-05-08T22:42:44.809+0000] {logging_mixin.py:188} INFO - [2026-05-08T22:42:44.808+0000] {dag.py:3096} INFO - Sync 1 DAGs
[2026-05-08T22:42:44.973+0000] {logging_mixin.py:188} INFO - [2026-05-08T22:42:44.973+0000] {dag.py:3954} INFO - Setting next_dagrun for job_intelligent_pipeline to 2026-05-08 06:00:00+00:00, run_after=2026-05-09 06:00:00+00:00
[2026-05-08T22:42:45.068+0000] {processor.py:183} INFO - Processing /opt/airflow/dags/dag_job_intelligent .py took 0.562 seconds
[2026-05-08T22:43:15.322+0000] {processor.py:161} INFO - Started process (PID=6741) to work on /opt/airflow/dags/dag_job_intelligent .py
[2026-05-08T22:43:15.325+0000] {processor.py:830} INFO - Processing file /opt/airflow/dags/dag_job_intelligent .py for tasks to queue
[2026-05-08T22:43:15.327+0000] {logging_mixin.py:188} INFO - [2026-05-08T22:43:15.327+0000] {dagbag.py:545} INFO - Filling up the DagBag from /opt/airflow/dags/dag_job_intelligent .py
[2026-05-08T22:43:15.390+0000] {processor.py:840} INFO - DAG(s) 'job_intelligent_pipeline' retrieved from /opt/airflow/dags/dag_job_intelligent .py
[2026-05-08T22:43:15.458+0000] {logging_mixin.py:188} INFO - [2026-05-08T22:43:15.458+0000] {dag.py:3096} INFO - Sync 1 DAGs
[2026-05-08T22:43:15.519+0000] {logging_mixin.py:188} INFO - [2026-05-08T22:43:15.518+0000] {dag.py:3954} INFO - Setting next_dagrun for job_intelligent_pipeline to 2026-05-08 06:00:00+00:00, run_after=2026-05-09 06:00:00+00:00
[2026-05-08T22:43:15.565+0000] {processor.py:183} INFO - Processing /opt/airflow/dags/dag_job_intelligent .py took 0.264 seconds
[2026-05-08T22:43:46.437+0000] {processor.py:161} INFO - Started process (PID=6757) to work on /opt/airflow/dags/dag_job_intelligent .py
[2026-05-08T22:43:46.441+0000] {processor.py:830} INFO - Processing file /opt/airflow/dags/dag_job_intelligent .py for tasks to queue
[2026-05-08T22:43:46.445+0000] {logging_mixin.py:188} INFO - [2026-05-08T22:43:46.444+0000] {dagbag.py:545} INFO - Filling up the DagBag from /opt/airflow/dags/dag_job_intelligent .py
[2026-05-08T22:43:46.673+0000] {processor.py:840} INFO - DAG(s) 'job_intelligent_pipeline' retrieved from /opt/airflow/dags/dag_job_intelligent .py
[2026-05-08T22:43:46.985+0000] {logging_mixin.py:188} INFO - [2026-05-08T22:43:46.973+0000] {dag.py:3096} INFO - Sync 1 DAGs
[2026-05-08T22:43:47.225+0000] {logging_mixin.py:188} INFO - [2026-05-08T22:43:47.214+0000] {dag.py:3954} INFO - Setting next_dagrun for job_intelligent_pipeline to 2026-05-08 06:00:00+00:00, run_after=2026-05-09 06:00:00+00:00
[2026-05-08T22:43:47.440+0000] {processor.py:183} INFO - Processing /opt/airflow/dags/dag_job_intelligent .py took 1.034 seconds
[2026-05-08T22:44:17.835+0000] {processor.py:161} INFO - Started process (PID=6765) to work on /opt/airflow/dags/dag_job_intelligent .py
[2026-05-08T22:44:17.837+0000] {processor.py:830} INFO - Processing file /opt/airflow/dags/dag_job_intelligent .py for tasks to queue
[2026-05-08T22:44:17.841+0000] {logging_mixin.py:188} INFO - [2026-05-08T22:44:17.839+0000] {dagbag.py:545} INFO - Filling up the DagBag from /opt/airflow/dags/dag_job_intelligent .py
[2026-05-08T22:44:17.886+0000] {processor.py:840} INFO - DAG(s) 'job_intelligent_pipeline' retrieved from /opt/airflow/dags/dag_job_intelligent .py
[2026-05-08T22:44:17.965+0000] {logging_mixin.py:188} INFO - [2026-05-08T22:44:17.964+0000] {dag.py:3096} INFO - Sync 1 DAGs
[2026-05-08T22:44:18.020+0000] {logging_mixin.py:188} INFO - [2026-05-08T22:44:18.019+0000] {dag.py:3954} INFO - Setting next_dagrun for job_intelligent_pipeline to 2026-05-08 06:00:00+00:00, run_after=2026-05-09 06:00:00+00:00
[2026-05-08T22:44:18.121+0000] {processor.py:183} INFO - Processing /opt/airflow/dags/dag_job_intelligent .py took 0.297 seconds
[2026-05-08T22:44:48.723+0000] {processor.py:161} INFO - Started process (PID=6781) to work on /opt/airflow/dags/dag_job_intelligent .py
[2026-05-08T22:44:48.725+0000] {processor.py:830} INFO - Processing file /opt/airflow/dags/dag_job_intelligent .py for tasks to queue
[2026-05-08T22:44:48.727+0000] {logging_mixin.py:188} INFO - [2026-05-08T22:44:48.726+0000] {dagbag.py:545} INFO - Filling up the DagBag from /opt/airflow/dags/dag_job_intelligent .py
[2026-05-08T22:44:48.768+0000] {processor.py:840} INFO - DAG(s) 'job_intelligent_pipeline' retrieved from /opt/airflow/dags/dag_job_intelligent .py
[2026-05-08T22:44:48.828+0000] {logging_mixin.py:188} INFO - [2026-05-08T22:44:48.828+0000] {dag.py:3096} INFO - Sync 1 DAGs
[2026-05-08T22:44:48.894+0000] {logging_mixin.py:188} INFO - [2026-05-08T22:44:48.893+0000] {dag.py:3954} INFO - Setting next_dagrun for job_intelligent_pipeline to 2026-05-08 06:00:00+00:00, run_after=2026-05-09 06:00:00+00:00
[2026-05-08T22:44:49.005+0000] {processor.py:183} INFO - Processing /opt/airflow/dags/dag_job_intelligent .py took 0.304 seconds
[2026-05-08T22:45:19.726+0000] {processor.py:161} INFO - Started process (PID=6797) to work on /opt/airflow/dags/dag_job_intelligent .py
[2026-05-08T22:45:19.736+0000] {processor.py:830} INFO - Processing file /opt/airflow/dags/dag_job_intelligent .py for tasks to queue
[2026-05-08T22:45:19.738+0000] {logging_mixin.py:188} INFO - [2026-05-08T22:45:19.738+0000] {dagbag.py:545} INFO - Filling up the DagBag from /opt/airflow/dags/dag_job_intelligent .py
[2026-05-08T22:45:19.821+0000] {processor.py:840} INFO - DAG(s) 'job_intelligent_pipeline' retrieved from /opt/airflow/dags/dag_job_intelligent .py
[2026-05-08T22:45:19.945+0000] {logging_mixin.py:188} INFO - [2026-05-08T22:45:19.944+0000] {dag.py:3096} INFO - Sync 1 DAGs
[2026-05-08T22:45:20.021+0000] {logging_mixin.py:188} INFO - [2026-05-08T22:45:20.021+0000] {dag.py:3954} INFO - Setting next_dagrun for job_intelligent_pipeline to 2026-05-08 06:00:00+00:00, run_after=2026-05-09 06:00:00+00:00
[2026-05-08T22:45:20.073+0000] {processor.py:183} INFO - Processing /opt/airflow/dags/dag_job_intelligent .py took 0.385 seconds
[2026-05-08T22:45:50.421+0000] {processor.py:161} INFO - Started process (PID=6805) to work on /opt/airflow/dags/dag_job_intelligent .py
[2026-05-08T22:45:50.425+0000] {processor.py:830} INFO - Processing file /opt/airflow/dags/dag_job_intelligent .py for tasks to queue
[2026-05-08T22:45:50.428+0000] {logging_mixin.py:188} INFO - [2026-05-08T22:45:50.427+0000] {dagbag.py:545} INFO - Filling up the DagBag from /opt/airflow/dags/dag_job_intelligent .py
[2026-05-08T22:45:50.488+0000] {processor.py:840} INFO - DAG(s) 'job_intelligent_pipeline' retrieved from /opt/airflow/dags/dag_job_intelligent .py
[2026-05-08T22:45:50.578+0000] {logging_mixin.py:188} INFO - [2026-05-08T22:45:50.578+0000] {dag.py:3096} INFO - Sync 1 DAGs
[2026-05-08T22:45:50.633+0000] {logging_mixin.py:188} INFO - [2026-05-08T22:45:50.633+0000] {dag.py:3954} INFO - Setting next_dagrun for job_intelligent_pipeline to 2026-05-08 06:00:00+00:00, run_after=2026-05-09 06:00:00+00:00
[2026-05-08T22:45:50.688+0000] {processor.py:183} INFO - Processing /opt/airflow/dags/dag_job_intelligent .py took 0.297 seconds
[2026-05-08T22:46:21.487+0000] {processor.py:161} INFO - Started process (PID=6819) to work on /opt/airflow/dags/dag_job_intelligent .py
[2026-05-08T22:46:21.489+0000] {processor.py:830} INFO - Processing file /opt/airflow/dags/dag_job_intelligent .py for tasks to queue
[2026-05-08T22:46:21.491+0000] {logging_mixin.py:188} INFO - [2026-05-08T22:46:21.491+0000] {dagbag.py:545} INFO - Filling up the DagBag from /opt/airflow/dags/dag_job_intelligent .py
[2026-05-08T22:46:21.551+0000] {processor.py:840} INFO - DAG(s) 'job_intelligent_pipeline' retrieved from /opt/airflow/dags/dag_job_intelligent .py
[2026-05-08T22:46:21.645+0000] {logging_mixin.py:188} INFO - [2026-05-08T22:46:21.645+0000] {dag.py:3096} INFO - Sync 1 DAGs
[2026-05-08T22:46:21.693+0000] {logging_mixin.py:188} INFO - [2026-05-08T22:46:21.693+0000] {dag.py:3954} INFO - Setting next_dagrun for job_intelligent_pipeline to 2026-05-08 06:00:00+00:00, run_after=2026-05-09 06:00:00+00:00
[2026-05-08T22:46:21.745+0000] {processor.py:183} INFO - Processing /opt/airflow/dags/dag_job_intelligent .py took 0.267 seconds
[2026-05-08T22:46:52.061+0000] {processor.py:161} INFO - Started process (PID=6827) to work on /opt/airflow/dags/dag_job_intelligent .py
[2026-05-08T22:46:52.072+0000] {processor.py:830} INFO - Processing file /opt/airflow/dags/dag_job_intelligent .py for tasks to queue
[2026-05-08T22:46:52.123+0000] {logging_mixin.py:188} INFO - [2026-05-08T22:46:52.122+0000] {dagbag.py:545} INFO - Filling up the DagBag from /opt/airflow/dags/dag_job_intelligent .py
[2026-05-08T22:46:52.280+0000] {processor.py:840} INFO - DAG(s) 'job_intelligent_pipeline' retrieved from /opt/airflow/dags/dag_job_intelligent .py
[2026-05-08T22:46:52.567+0000] {logging_mixin.py:188} INFO - [2026-05-08T22:46:52.566+0000] {dag.py:3096} INFO - Sync 1 DAGs
[2026-05-08T22:46:52.664+0000] {logging_mixin.py:188} INFO - [2026-05-08T22:46:52.664+0000] {dag.py:3954} INFO - Setting next_dagrun for job_intelligent_pipeline to 2026-05-08 06:00:00+00:00, run_after=2026-05-09 06:00:00+00:00
[2026-05-08T22:46:52.706+0000] {processor.py:183} INFO - Processing /opt/airflow/dags/dag_job_intelligent .py took 0.668 seconds
[2026-05-08T22:47:23.596+0000] {processor.py:161} INFO - Started process (PID=6841) to work on /opt/airflow/dags/dag_job_intelligent .py
[2026-05-08T22:47:23.601+0000] {processor.py:830} INFO - Processing file /opt/airflow/dags/dag_job_intelligent .py for tasks to queue
[2026-05-08T22:47:23.603+0000] {logging_mixin.py:188} INFO - [2026-05-08T22:47:23.602+0000] {dagbag.py:545} INFO - Filling up the DagBag from /opt/airflow/dags/dag_job_intelligent .py
[2026-05-08T22:47:23.674+0000] {processor.py:840} INFO - DAG(s) 'job_intelligent_pipeline' retrieved from /opt/airflow/dags/dag_job_intelligent .py
[2026-05-08T22:47:23.754+0000] {logging_mixin.py:188} INFO - [2026-05-08T22:47:23.754+0000] {dag.py:3096} INFO - Sync 1 DAGs
[2026-05-08T22:47:23.798+0000] {logging_mixin.py:188} INFO - [2026-05-08T22:47:23.798+0000] {dag.py:3954} INFO - Setting next_dagrun for job_intelligent_pipeline to 2026-05-08 06:00:00+00:00, run_after=2026-05-09 06:00:00+00:00
[2026-05-08T22:47:23.843+0000] {processor.py:183} INFO - Processing /opt/airflow/dags/dag_job_intelligent .py took 0.267 seconds
[2026-05-08T22:47:56.225+0000] {processor.py:161} INFO - Started process (PID=6849) to work on /opt/airflow/dags/dag_job_intelligent .py
[2026-05-08T22:47:56.227+0000] {processor.py:830} INFO - Processing file /opt/airflow/dags/dag_job_intelligent .py for tasks to queue
[2026-05-08T22:47:56.238+0000] {logging_mixin.py:188} INFO - [2026-05-08T22:47:56.229+0000] {dagbag.py:545} INFO - Filling up the DagBag from /opt/airflow/dags/dag_job_intelligent .py
[2026-05-08T22:47:56.459+0000] {processor.py:840} INFO - DAG(s) 'job_intelligent_pipeline' retrieved from /opt/airflow/dags/dag_job_intelligent .py
[2026-05-08T22:47:56.734+0000] {logging_mixin.py:188} INFO - [2026-05-08T22:47:56.733+0000] {dag.py:3096} INFO - Sync 1 DAGs
[2026-05-08T22:47:56.914+0000] {logging_mixin.py:188} INFO - [2026-05-08T22:47:56.914+0000] {dag.py:3954} INFO - Setting next_dagrun for job_intelligent_pipeline to 2026-05-08 06:00:00+00:00, run_after=2026-05-09 06:00:00+00:00
[2026-05-08T22:47:57.031+0000] {processor.py:183} INFO - Processing /opt/airflow/dags/dag_job_intelligent .py took 0.833 seconds
[2026-05-08T22:48:27.333+0000] {processor.py:161} INFO - Started process (PID=6863) to work on /opt/airflow/dags/dag_job_intelligent .py
[2026-05-08T22:48:27.335+0000] {processor.py:830} INFO - Processing file /opt/airflow/dags/dag_job_intelligent .py for tasks to queue
[2026-05-08T22:48:27.337+0000] {logging_mixin.py:188} INFO - [2026-05-08T22:48:27.336+0000] {dagbag.py:545} INFO - Filling up the DagBag from /opt/airflow/dags/dag_job_intelligent .py
[2026-05-08T22:48:27.445+0000] {processor.py:840} INFO - DAG(s) 'job_intelligent_pipeline' retrieved from /opt/airflow/dags/dag_job_intelligent .py
[2026-05-08T22:48:27.752+0000] {logging_mixin.py:188} INFO - [2026-05-08T22:48:27.751+0000] {dag.py:3096} INFO - Sync 1 DAGs
[2026-05-08T22:48:27.883+0000] {logging_mixin.py:188} INFO - [2026-05-08T22:48:27.882+0000] {dag.py:3954} INFO - Setting next_dagrun for job_intelligent_pipeline to 2026-05-08 06:00:00+00:00, run_after=2026-05-09 06:00:00+00:00
[2026-05-08T22:48:27.967+0000] {processor.py:183} INFO - Processing /opt/airflow/dags/dag_job_intelligent .py took 0.652 seconds
[2026-05-08T22:48:58.319+0000] {processor.py:161} INFO - Started process (PID=6871) to work on /opt/airflow/dags/dag_job_intelligent .py
[2026-05-08T22:48:58.343+0000] {processor.py:830} INFO - Processing file /opt/airflow/dags/dag_job_intelligent .py for tasks to queue
[2026-05-08T22:48:58.359+0000] {logging_mixin.py:188} INFO - [2026-05-08T22:48:58.351+0000] {dagbag.py:545} INFO - Filling up the DagBag from /opt/airflow/dags/dag_job_intelligent .py
[2026-05-08T22:48:58.547+0000] {processor.py:840} INFO - DAG(s) 'job_intelligent_pipeline' retrieved from /opt/airflow/dags/dag_job_intelligent .py
[2026-05-08T22:48:58.691+0000] {logging_mixin.py:188} INFO - [2026-05-08T22:48:58.690+0000] {dag.py:3096} INFO - Sync 1 DAGs
[2026-05-08T22:48:58.802+0000] {logging_mixin.py:188} INFO - [2026-05-08T22:48:58.801+0000] {dag.py:3954} INFO - Setting next_dagrun for job_intelligent_pipeline to 2026-05-08 06:00:00+00:00, run_after=2026-05-09 06:00:00+00:00
[2026-05-08T22:48:58.868+0000] {processor.py:183} INFO - Processing /opt/airflow/dags/dag_job_intelligent .py took 0.567 seconds
[2026-05-08T22:49:29.002+0000] {processor.py:161} INFO - Started process (PID=6886) to work on /opt/airflow/dags/dag_job_intelligent .py
[2026-05-08T22:49:29.004+0000] {processor.py:830} INFO - Processing file /opt/airflow/dags/dag_job_intelligent .py for tasks to queue
[2026-05-08T22:49:29.006+0000] {logging_mixin.py:188} INFO - [2026-05-08T22:49:29.005+0000] {dagbag.py:545} INFO - Filling up the DagBag from /opt/airflow/dags/dag_job_intelligent .py
[2026-05-08T22:49:29.039+0000] {processor.py:840} INFO - DAG(s) 'job_intelligent_pipeline' retrieved from /opt/airflow/dags/dag_job_intelligent .py
[2026-05-08T22:49:29.100+0000] {logging_mixin.py:188} INFO - [2026-05-08T22:49:29.100+0000] {dag.py:3096} INFO - Sync 1 DAGs
[2026-05-08T22:49:29.149+0000] {logging_mixin.py:188} INFO - [2026-05-08T22:49:29.149+0000] {dag.py:3954} INFO - Setting next_dagrun for job_intelligent_pipeline to 2026-05-08 06:00:00+00:00, run_after=2026-05-09 06:00:00+00:00
[2026-05-08T22:49:29.197+0000] {processor.py:183} INFO - Processing /opt/airflow/dags/dag_job_intelligent .py took 0.203 seconds
[2026-05-08T22:50:02.437+0000] {processor.py:161} INFO - Started process (PID=6895) to work on /opt/airflow/dags/dag_job_intelligent .py
[2026-05-08T22:50:02.449+0000] {processor.py:830} INFO - Processing file /opt/airflow/dags/dag_job_intelligent .py for tasks to queue
[2026-05-08T22:50:02.559+0000] {logging_mixin.py:188} INFO - [2026-05-08T22:50:02.558+0000] {dagbag.py:545} INFO - Filling up the DagBag from /opt/airflow/dags/dag_job_intelligent .py
[2026-05-08T22:50:04.879+0000] {processor.py:840} INFO - DAG(s) 'job_intelligent_pipeline' retrieved from /opt/airflow/dags/dag_job_intelligent .py
[2026-05-08T22:50:05.121+0000] {logging_mixin.py:188} INFO - [2026-05-08T22:50:05.120+0000] {dag.py:3096} INFO - Sync 1 DAGs
[2026-05-08T22:50:05.856+0000] {logging_mixin.py:188} INFO - [2026-05-08T22:50:05.855+0000] {dag.py:3954} INFO - Setting next_dagrun for job_intelligent_pipeline to 2026-05-08 06:00:00+00:00, run_after=2026-05-09 06:00:00+00:00
[2026-05-08T22:50:06.302+0000] {processor.py:183} INFO - Processing /opt/airflow/dags/dag_job_intelligent .py took 3.901 seconds
[2026-05-08T22:50:37.013+0000] {processor.py:161} INFO - Started process (PID=6909) to work on /opt/airflow/dags/dag_job_intelligent .py
[2026-05-08T22:50:37.015+0000] {processor.py:830} INFO - Processing file /opt/airflow/dags/dag_job_intelligent .py for tasks to queue
[2026-05-08T22:50:37.018+0000] {logging_mixin.py:188} INFO - [2026-05-08T22:50:37.017+0000] {dagbag.py:545} INFO - Filling up the DagBag from /opt/airflow/dags/dag_job_intelligent .py
[2026-05-08T22:50:37.073+0000] {processor.py:840} INFO - DAG(s) 'job_intelligent_pipeline' retrieved from /opt/airflow/dags/dag_job_intelligent .py
[2026-05-08T22:50:37.148+0000] {logging_mixin.py:188} INFO - [2026-05-08T22:50:37.147+0000] {dag.py:3096} INFO - Sync 1 DAGs
[2026-05-08T22:50:37.217+0000] {logging_mixin.py:188} INFO - [2026-05-08T22:50:37.217+0000] {dag.py:3954} INFO - Setting next_dagrun for job_intelligent_pipeline to 2026-05-08 06:00:00+00:00, run_after=2026-05-09 06:00:00+00:00
[2026-05-08T22:50:37.283+0000] {processor.py:183} INFO - Processing /opt/airflow/dags/dag_job_intelligent .py took 0.282 seconds
[2026-05-08T22:51:07.904+0000] {processor.py:161} INFO - Started process (PID=6923) to work on /opt/airflow/dags/dag_job_intelligent .py
[2026-05-08T22:51:07.910+0000] {processor.py:830} INFO - Processing file /opt/airflow/dags/dag_job_intelligent .py for tasks to queue
[2026-05-08T22:51:07.917+0000] {logging_mixin.py:188} INFO - [2026-05-08T22:51:07.916+0000] {dagbag.py:545} INFO - Filling up the DagBag from /opt/airflow/dags/dag_job_intelligent .py
[2026-05-08T22:51:08.090+0000] {processor.py:840} INFO - DAG(s) 'job_intelligent_pipeline' retrieved from /opt/airflow/dags/dag_job_intelligent .py
[2026-05-08T22:51:08.269+0000] {logging_mixin.py:188} INFO - [2026-05-08T22:51:08.258+0000] {dag.py:3096} INFO - Sync 1 DAGs
[2026-05-08T22:51:08.379+0000] {logging_mixin.py:188} INFO - [2026-05-08T22:51:08.378+0000] {dag.py:3954} INFO - Setting next_dagrun for job_intelligent_pipeline to 2026-05-08 06:00:00+00:00, run_after=2026-05-09 06:00:00+00:00
[2026-05-08T22:51:08.457+0000] {processor.py:183} INFO - Processing /opt/airflow/dags/dag_job_intelligent .py took 0.568 seconds
[2026-05-08T22:51:38.600+0000] {processor.py:161} INFO - Started process (PID=6931) to work on /opt/airflow/dags/dag_job_intelligent .py
[2026-05-08T22:51:38.612+0000] {processor.py:830} INFO - Processing file /opt/airflow/dags/dag_job_intelligent .py for tasks to queue
[2026-05-08T22:51:38.615+0000] {logging_mixin.py:188} INFO - [2026-05-08T22:51:38.614+0000] {dagbag.py:545} INFO - Filling up the DagBag from /opt/airflow/dags/dag_job_intelligent .py
[2026-05-08T22:51:38.693+0000] {processor.py:840} INFO - DAG(s) 'job_intelligent_pipeline' retrieved from /opt/airflow/dags/dag_job_intelligent .py
[2026-05-08T22:51:38.876+0000] {logging_mixin.py:188} INFO - [2026-05-08T22:51:38.876+0000] {dag.py:3096} INFO - Sync 1 DAGs
[2026-05-08T22:51:38.980+0000] {logging_mixin.py:188} INFO - [2026-05-08T22:51:38.979+0000] {dag.py:3954} INFO - Setting next_dagrun for job_intelligent_pipeline to 2026-05-08 06:00:00+00:00, run_after=2026-05-09 06:00:00+00:00
[2026-05-08T22:51:39.141+0000] {processor.py:183} INFO - Processing /opt/airflow/dags/dag_job_intelligent .py took 0.581 seconds
[2026-05-08T22:52:12.368+0000] {processor.py:161} INFO - Started process (PID=6945) to work on /opt/airflow/dags/dag_job_intelligent .py
[2026-05-08T22:52:12.369+0000] {processor.py:830} INFO - Processing file /opt/airflow/dags/dag_job_intelligent .py for tasks to queue
[2026-05-08T22:52:12.381+0000] {logging_mixin.py:188} INFO - [2026-05-08T22:52:12.371+0000] {dagbag.py:545} INFO - Filling up the DagBag from /opt/airflow/dags/dag_job_intelligent .py
[2026-05-08T22:52:12.550+0000] {processor.py:840} INFO - DAG(s) 'job_intelligent_pipeline' retrieved from /opt/airflow/dags/dag_job_intelligent .py
[2026-05-08T22:52:12.807+0000] {logging_mixin.py:188} INFO - [2026-05-08T22:52:12.807+0000] {dag.py:3096} INFO - Sync 1 DAGs
[2026-05-08T22:52:13.020+0000] {logging_mixin.py:188} INFO - [2026-05-08T22:52:13.019+0000] {dag.py:3954} INFO - Setting next_dagrun for job_intelligent_pipeline to 2026-05-08 06:00:00+00:00, run_after=2026-05-09 06:00:00+00:00
[2026-05-08T22:52:13.316+0000] {processor.py:183} INFO - Processing /opt/airflow/dags/dag_job_intelligent .py took 0.985 seconds
[2026-05-08T22:52:43.977+0000] {processor.py:161} INFO - Started process (PID=6953) to work on /opt/airflow/dags/dag_job_intelligent .py
[2026-05-08T22:52:44.000+0000] {processor.py:830} INFO - Processing file /opt/airflow/dags/dag_job_intelligent .py for tasks to queue
[2026-05-08T22:52:44.004+0000] {logging_mixin.py:188} INFO - [2026-05-08T22:52:44.003+0000] {dagbag.py:545} INFO - Filling up the DagBag from /opt/airflow/dags/dag_job_intelligent .py
[2026-05-08T22:52:44.138+0000] {processor.py:840} INFO - DAG(s) 'job_intelligent_pipeline' retrieved from /opt/airflow/dags/dag_job_intelligent .py
[2026-05-08T22:52:44.340+0000] {logging_mixin.py:188} INFO - [2026-05-08T22:52:44.340+0000] {dag.py:3096} INFO - Sync 1 DAGs
[2026-05-08T22:52:44.523+0000] {logging_mixin.py:188} INFO - [2026-05-08T22:52:44.523+0000] {dag.py:3954} INFO - Setting next_dagrun for job_intelligent_pipeline to 2026-05-08 06:00:00+00:00, run_after=2026-05-09 06:00:00+00:00
[2026-05-08T22:52:44.832+0000] {processor.py:183} INFO - Processing /opt/airflow/dags/dag_job_intelligent .py took 0.879 seconds
[2026-05-08T22:53:15.834+0000] {processor.py:161} INFO - Started process (PID=6967) to work on /opt/airflow/dags/dag_job_intelligent .py
[2026-05-08T22:53:15.851+0000] {processor.py:830} INFO - Processing file /opt/airflow/dags/dag_job_intelligent .py for tasks to queue
[2026-05-08T22:53:15.868+0000] {logging_mixin.py:188} INFO - [2026-05-08T22:53:15.867+0000] {dagbag.py:545} INFO - Filling up the DagBag from /opt/airflow/dags/dag_job_intelligent .py
[2026-05-08T22:53:16.589+0000] {processor.py:840} INFO - DAG(s) 'job_intelligent_pipeline' retrieved from /opt/airflow/dags/dag_job_intelligent .py
[2026-05-08T22:53:16.845+0000] {logging_mixin.py:188} INFO - [2026-05-08T22:53:16.844+0000] {dag.py:3096} INFO - Sync 1 DAGs
[2026-05-08T22:53:17.009+0000] {logging_mixin.py:188} INFO - [2026-05-08T22:53:16.996+0000] {dag.py:3954} INFO - Setting next_dagrun for job_intelligent_pipeline to 2026-05-08 06:00:00+00:00, run_after=2026-05-09 06:00:00+00:00
[2026-05-08T22:53:17.170+0000] {processor.py:183} INFO - Processing /opt/airflow/dags/dag_job_intelligent .py took 1.415 seconds
[2026-05-08T22:53:48.273+0000] {processor.py:161} INFO - Started process (PID=6980) to work on /opt/airflow/dags/dag_job_intelligent .py
[2026-05-08T22:53:48.282+0000] {processor.py:830} INFO - Processing file /opt/airflow/dags/dag_job_intelligent .py for tasks to queue
[2026-05-08T22:53:48.285+0000] {logging_mixin.py:188} INFO - [2026-05-08T22:53:48.284+0000] {dagbag.py:545} INFO - Filling up the DagBag from /opt/airflow/dags/dag_job_intelligent .py
[2026-05-08T22:53:48.423+0000] {processor.py:840} INFO - DAG(s) 'job_intelligent_pipeline' retrieved from /opt/airflow/dags/dag_job_intelligent .py
[2026-05-08T22:53:48.616+0000] {logging_mixin.py:188} INFO - [2026-05-08T22:53:48.608+0000] {dag.py:3096} INFO - Sync 1 DAGs
[2026-05-08T22:53:48.762+0000] {logging_mixin.py:188} INFO - [2026-05-08T22:53:48.762+0000] {dag.py:3954} INFO - Setting next_dagrun for job_intelligent_pipeline to 2026-05-08 06:00:00+00:00, run_after=2026-05-09 06:00:00+00:00
[2026-05-08T22:53:48.897+0000] {processor.py:183} INFO - Processing /opt/airflow/dags/dag_job_intelligent .py took 0.654 seconds
[2026-05-08T22:54:19.598+0000] {processor.py:161} INFO - Started process (PID=6988) to work on /opt/airflow/dags/dag_job_intelligent .py
[2026-05-08T22:54:19.609+0000] {processor.py:830} INFO - Processing file /opt/airflow/dags/dag_job_intelligent .py for tasks to queue
[2026-05-08T22:54:19.615+0000] {logging_mixin.py:188} INFO - [2026-05-08T22:54:19.614+0000] {dagbag.py:545} INFO - Filling up the DagBag from /opt/airflow/dags/dag_job_intelligent .py
[2026-05-08T22:54:20.185+0000] {processor.py:840} INFO - DAG(s) 'job_intelligent_pipeline' retrieved from /opt/airflow/dags/dag_job_intelligent .py
[2026-05-08T22:54:20.453+0000] {logging_mixin.py:188} INFO - [2026-05-08T22:54:20.453+0000] {dag.py:3096} INFO - Sync 1 DAGs
[2026-05-08T22:54:20.694+0000] {logging_mixin.py:188} INFO - [2026-05-08T22:54:20.693+0000] {dag.py:3954} INFO - Setting next_dagrun for job_intelligent_pipeline to 2026-05-08 06:00:00+00:00, run_after=2026-05-09 06:00:00+00:00
[2026-05-08T22:54:21.004+0000] {processor.py:183} INFO - Processing /opt/airflow/dags/dag_job_intelligent .py took 1.432 seconds
[2026-05-08T22:54:53.315+0000] {processor.py:161} INFO - Started process (PID=7004) to work on /opt/airflow/dags/dag_job_intelligent .py
[2026-05-08T22:54:53.317+0000] {processor.py:830} INFO - Processing file /opt/airflow/dags/dag_job_intelligent .py for tasks to queue
[2026-05-08T22:54:53.328+0000] {logging_mixin.py:188} INFO - [2026-05-08T22:54:53.327+0000] {dagbag.py:545} INFO - Filling up the DagBag from /opt/airflow/dags/dag_job_intelligent .py
[2026-05-08T22:54:53.552+0000] {processor.py:840} INFO - DAG(s) 'job_intelligent_pipeline' retrieved from /opt/airflow/dags/dag_job_intelligent .py
[2026-05-08T22:54:54.336+0000] {logging_mixin.py:188} INFO - [2026-05-08T22:54:54.335+0000] {dag.py:3096} INFO - Sync 1 DAGs
[2026-05-08T22:54:54.605+0000] {logging_mixin.py:188} INFO - [2026-05-08T22:54:54.598+0000] {dag.py:3954} INFO - Setting next_dagrun for job_intelligent_pipeline to 2026-05-08 06:00:00+00:00, run_after=2026-05-09 06:00:00+00:00
[2026-05-08T22:54:54.712+0000] {processor.py:183} INFO - Processing /opt/airflow/dags/dag_job_intelligent .py took 1.434 seconds
[2026-05-08T22:55:26.989+0000] {processor.py:161} INFO - Started process (PID=7012) to work on /opt/airflow/dags/dag_job_intelligent .py
[2026-05-08T22:55:27.165+0000] {processor.py:830} INFO - Processing file /opt/airflow/dags/dag_job_intelligent .py for tasks to queue
[2026-05-08T22:55:27.197+0000] {logging_mixin.py:188} INFO - [2026-05-08T22:55:27.196+0000] {dagbag.py:545} INFO - Filling up the DagBag from /opt/airflow/dags/dag_job_intelligent .py
[2026-05-08T22:55:27.598+0000] {processor.py:840} INFO - DAG(s) 'job_intelligent_pipeline' retrieved from /opt/airflow/dags/dag_job_intelligent .py
[2026-05-08T22:55:27.915+0000] {logging_mixin.py:188} INFO - [2026-05-08T22:55:27.915+0000] {dag.py:3096} INFO - Sync 1 DAGs
[2026-05-08T22:55:28.112+0000] {logging_mixin.py:188} INFO - [2026-05-08T22:55:28.110+0000] {dag.py:3954} INFO - Setting next_dagrun for job_intelligent_pipeline to 2026-05-08 06:00:00+00:00, run_after=2026-05-09 06:00:00+00:00
[2026-05-08T22:55:28.296+0000] {processor.py:183} INFO - Processing /opt/airflow/dags/dag_job_intelligent .py took 1.356 seconds
[2026-05-08T22:56:01.752+0000] {processor.py:161} INFO - Started process (PID=7025) to work on /opt/airflow/dags/dag_job_intelligent .py
[2026-05-08T22:56:01.761+0000] {processor.py:830} INFO - Processing file /opt/airflow/dags/dag_job_intelligent .py for tasks to queue
[2026-05-08T22:56:01.770+0000] {logging_mixin.py:188} INFO - [2026-05-08T22:56:01.769+0000] {dagbag.py:545} INFO - Filling up the DagBag from /opt/airflow/dags/dag_job_intelligent .py
[2026-05-08T22:56:02.508+0000] {processor.py:840} INFO - DAG(s) 'job_intelligent_pipeline' retrieved from /opt/airflow/dags/dag_job_intelligent .py
[2026-05-08T22:56:02.939+0000] {logging_mixin.py:188} INFO - [2026-05-08T22:56:02.938+0000] {dag.py:3096} INFO - Sync 1 DAGs
[2026-05-08T22:56:03.135+0000] {logging_mixin.py:188} INFO - [2026-05-08T22:56:03.135+0000] {dag.py:3954} INFO - Setting next_dagrun for job_intelligent_pipeline to 2026-05-08 06:00:00+00:00, run_after=2026-05-09 06:00:00+00:00
[2026-05-08T22:56:03.234+0000] {processor.py:183} INFO - Processing /opt/airflow/dags/dag_job_intelligent .py took 1.560 seconds
[2026-05-08T22:56:34.387+0000] {processor.py:161} INFO - Started process (PID=7038) to work on /opt/airflow/dags/dag_job_intelligent .py
[2026-05-08T22:56:34.405+0000] {processor.py:830} INFO - Processing file /opt/airflow/dags/dag_job_intelligent .py for tasks to queue
[2026-05-08T22:56:34.423+0000] {logging_mixin.py:188} INFO - [2026-05-08T22:56:34.422+0000] {dagbag.py:545} INFO - Filling up the DagBag from /opt/airflow/dags/dag_job_intelligent .py
[2026-05-08T22:56:34.550+0000] {processor.py:840} INFO - DAG(s) 'job_intelligent_pipeline' retrieved from /opt/airflow/dags/dag_job_intelligent .py
[2026-05-08T22:56:34.813+0000] {logging_mixin.py:188} INFO - [2026-05-08T22:56:34.812+0000] {dag.py:3096} INFO - Sync 1 DAGs
[2026-05-08T22:56:35.053+0000] {logging_mixin.py:188} INFO - [2026-05-08T22:56:35.053+0000] {dag.py:3954} INFO - Setting next_dagrun for job_intelligent_pipeline to 2026-05-08 06:00:00+00:00, run_after=2026-05-09 06:00:00+00:00
[2026-05-08T22:56:35.257+0000] {processor.py:183} INFO - Processing /opt/airflow/dags/dag_job_intelligent .py took 0.928 seconds
[2026-05-08T22:57:05.958+0000] {processor.py:161} INFO - Started process (PID=7046) to work on /opt/airflow/dags/dag_job_intelligent .py
[2026-05-08T22:57:05.960+0000] {processor.py:830} INFO - Processing file /opt/airflow/dags/dag_job_intelligent .py for tasks to queue
[2026-05-08T22:57:05.963+0000] {logging_mixin.py:188} INFO - [2026-05-08T22:57:05.962+0000] {dagbag.py:545} INFO - Filling up the DagBag from /opt/airflow/dags/dag_job_intelligent .py
[2026-05-08T22:57:06.042+0000] {processor.py:840} INFO - DAG(s) 'job_intelligent_pipeline' retrieved from /opt/airflow/dags/dag_job_intelligent .py
[2026-05-08T22:57:06.106+0000] {logging_mixin.py:188} INFO - [2026-05-08T22:57:06.106+0000] {dag.py:3096} INFO - Sync 1 DAGs
[2026-05-08T22:57:06.145+0000] {logging_mixin.py:188} INFO - [2026-05-08T22:57:06.144+0000] {dag.py:3954} INFO - Setting next_dagrun for job_intelligent_pipeline to 2026-05-08 06:00:00+00:00, run_after=2026-05-09 06:00:00+00:00
[2026-05-08T22:57:06.282+0000] {processor.py:183} INFO - Processing /opt/airflow/dags/dag_job_intelligent .py took 0.336 seconds
[2026-05-08T22:57:36.818+0000] {processor.py:161} INFO - Started process (PID=7060) to work on /opt/airflow/dags/dag_job_intelligent .py
[2026-05-08T22:57:36.819+0000] {processor.py:830} INFO - Processing file /opt/airflow/dags/dag_job_intelligent .py for tasks to queue
[2026-05-08T22:57:36.822+0000] {logging_mixin.py:188} INFO - [2026-05-08T22:57:36.821+0000] {dagbag.py:545} INFO - Filling up the DagBag from /opt/airflow/dags/dag_job_intelligent .py
[2026-05-08T22:57:36.926+0000] {processor.py:840} INFO - DAG(s) 'job_intelligent_pipeline' retrieved from /opt/airflow/dags/dag_job_intelligent .py
[2026-05-08T22:57:37.123+0000] {logging_mixin.py:188} INFO - [2026-05-08T22:57:37.123+0000] {dag.py:3096} INFO - Sync 1 DAGs
[2026-05-08T22:57:37.196+0000] {logging_mixin.py:188} INFO - [2026-05-08T22:57:37.195+0000] {dag.py:3954} INFO - Setting next_dagrun for job_intelligent_pipeline to 2026-05-08 06:00:00+00:00, run_after=2026-05-09 06:00:00+00:00
[2026-05-08T22:57:37.279+0000] {processor.py:183} INFO - Processing /opt/airflow/dags/dag_job_intelligent .py took 0.481 seconds
[2026-05-08T22:58:07.509+0000] {processor.py:161} INFO - Started process (PID=7068) to work on /opt/airflow/dags/dag_job_intelligent .py
[2026-05-08T22:58:07.511+0000] {processor.py:830} INFO - Processing file /opt/airflow/dags/dag_job_intelligent .py for tasks to queue
[2026-05-08T22:58:07.512+0000] {logging_mixin.py:188} INFO - [2026-05-08T22:58:07.512+0000] {dagbag.py:545} INFO - Filling up the DagBag from /opt/airflow/dags/dag_job_intelligent .py
[2026-05-08T22:58:07.552+0000] {processor.py:840} INFO - DAG(s) 'job_intelligent_pipeline' retrieved from /opt/airflow/dags/dag_job_intelligent .py
[2026-05-08T22:58:07.637+0000] {logging_mixin.py:188} INFO - [2026-05-08T22:58:07.636+0000] {dag.py:3096} INFO - Sync 1 DAGs
[2026-05-08T22:58:07.703+0000] {logging_mixin.py:188} INFO - [2026-05-08T22:58:07.702+0000] {dag.py:3954} INFO - Setting next_dagrun for job_intelligent_pipeline to 2026-05-08 06:00:00+00:00, run_after=2026-05-09 06:00:00+00:00
[2026-05-08T22:58:07.751+0000] {processor.py:183} INFO - Processing /opt/airflow/dags/dag_job_intelligent .py took 0.253 seconds
[2026-05-08T22:58:38.668+0000] {processor.py:161} INFO - Started process (PID=7081) to work on /opt/airflow/dags/dag_job_intelligent .py
[2026-05-08T22:58:38.670+0000] {processor.py:830} INFO - Processing file /opt/airflow/dags/dag_job_intelligent .py for tasks to queue
[2026-05-08T22:58:38.673+0000] {logging_mixin.py:188} INFO - [2026-05-08T22:58:38.672+0000] {dagbag.py:545} INFO - Filling up the DagBag from /opt/airflow/dags/dag_job_intelligent .py
[2026-05-08T22:58:38.867+0000] {processor.py:840} INFO - DAG(s) 'job_intelligent_pipeline' retrieved from /opt/airflow/dags/dag_job_intelligent .py
[2026-05-08T22:58:39.148+0000] {logging_mixin.py:188} INFO - [2026-05-08T22:58:39.147+0000] {dag.py:3096} INFO - Sync 1 DAGs
[2026-05-08T22:58:39.330+0000] {logging_mixin.py:188} INFO - [2026-05-08T22:58:39.330+0000] {dag.py:3954} INFO - Setting next_dagrun for job_intelligent_pipeline to 2026-05-08 06:00:00+00:00, run_after=2026-05-09 06:00:00+00:00
[2026-05-08T22:58:39.451+0000] {processor.py:183} INFO - Processing /opt/airflow/dags/dag_job_intelligent .py took 0.816 seconds
[2026-05-08T22:59:09.979+0000] {processor.py:161} INFO - Started process (PID=7089) to work on /opt/airflow/dags/dag_job_intelligent .py
[2026-05-08T22:59:09.988+0000] {processor.py:830} INFO - Processing file /opt/airflow/dags/dag_job_intelligent .py for tasks to queue
[2026-05-08T22:59:09.994+0000] {logging_mixin.py:188} INFO - [2026-05-08T22:59:09.993+0000] {dagbag.py:545} INFO - Filling up the DagBag from /opt/airflow/dags/dag_job_intelligent .py
[2026-05-08T22:59:10.312+0000] {processor.py:840} INFO - DAG(s) 'job_intelligent_pipeline' retrieved from /opt/airflow/dags/dag_job_intelligent .py
[2026-05-08T22:59:10.664+0000] {logging_mixin.py:188} INFO - [2026-05-08T22:59:10.663+0000] {dag.py:3096} INFO - Sync 1 DAGs
[2026-05-08T22:59:10.927+0000] {logging_mixin.py:188} INFO - [2026-05-08T22:59:10.927+0000] {dag.py:3954} INFO - Setting next_dagrun for job_intelligent_pipeline to 2026-05-08 06:00:00+00:00, run_after=2026-05-09 06:00:00+00:00
[2026-05-08T22:59:11.091+0000] {processor.py:183} INFO - Processing /opt/airflow/dags/dag_job_intelligent .py took 1.155 seconds
[2026-05-08T22:59:48.736+0000] {processor.py:161} INFO - Started process (PID=7103) to work on /opt/airflow/dags/dag_job_intelligent .py
[2026-05-08T22:59:48.814+0000] {processor.py:830} INFO - Processing file /opt/airflow/dags/dag_job_intelligent .py for tasks to queue
[2026-05-08T22:59:48.831+0000] {logging_mixin.py:188} INFO - [2026-05-08T22:59:48.830+0000] {dagbag.py:545} INFO - Filling up the DagBag from /opt/airflow/dags/dag_job_intelligent .py
[2026-05-08T22:59:49.344+0000] {processor.py:840} INFO - DAG(s) 'job_intelligent_pipeline' retrieved from /opt/airflow/dags/dag_job_intelligent .py
[2026-05-08T22:59:49.793+0000] {logging_mixin.py:188} INFO - [2026-05-08T22:59:49.792+0000] {dag.py:3096} INFO - Sync 1 DAGs
[2026-05-08T22:59:50.018+0000] {logging_mixin.py:188} INFO - [2026-05-08T22:59:50.006+0000] {dag.py:3954} INFO - Setting next_dagrun for job_intelligent_pipeline to 2026-05-08 06:00:00+00:00, run_after=2026-05-09 06:00:00+00:00
[2026-05-08T22:59:50.218+0000] {processor.py:183} INFO - Processing /opt/airflow/dags/dag_job_intelligent .py took 1.563 seconds
[2026-05-08T23:00:20.871+0000] {processor.py:161} INFO - Started process (PID=7117) to work on /opt/airflow/dags/dag_job_intelligent .py
[2026-05-08T23:00:20.882+0000] {processor.py:830} INFO - Processing file /opt/airflow/dags/dag_job_intelligent .py for tasks to queue
[2026-05-08T23:00:20.885+0000] {logging_mixin.py:188} INFO - [2026-05-08T23:00:20.884+0000] {dagbag.py:545} INFO - Filling up the DagBag from /opt/airflow/dags/dag_job_intelligent .py
[2026-05-08T23:00:20.965+0000] {processor.py:840} INFO - DAG(s) 'job_intelligent_pipeline' retrieved from /opt/airflow/dags/dag_job_intelligent .py
[2026-05-08T23:00:21.089+0000] {logging_mixin.py:188} INFO - [2026-05-08T23:00:21.088+0000] {dag.py:3096} INFO - Sync 1 DAGs
[2026-05-08T23:00:21.160+0000] {logging_mixin.py:188} INFO - [2026-05-08T23:00:21.159+0000] {dag.py:3954} INFO - Setting next_dagrun for job_intelligent_pipeline to 2026-05-08 06:00:00+00:00, run_after=2026-05-09 06:00:00+00:00
[2026-05-08T23:00:21.207+0000] {processor.py:183} INFO - Processing /opt/airflow/dags/dag_job_intelligent .py took 0.378 seconds
[2026-05-08T23:00:52.370+0000] {processor.py:161} INFO - Started process (PID=7125) to work on /opt/airflow/dags/dag_job_intelligent .py
[2026-05-08T23:00:52.372+0000] {processor.py:830} INFO - Processing file /opt/airflow/dags/dag_job_intelligent .py for tasks to queue
[2026-05-08T23:00:52.374+0000] {logging_mixin.py:188} INFO - [2026-05-08T23:00:52.373+0000] {dagbag.py:545} INFO - Filling up the DagBag from /opt/airflow/dags/dag_job_intelligent .py
[2026-05-08T23:00:52.414+0000] {processor.py:840} INFO - DAG(s) 'job_intelligent_pipeline' retrieved from /opt/airflow/dags/dag_job_intelligent .py
[2026-05-08T23:00:52.498+0000] {logging_mixin.py:188} INFO - [2026-05-08T23:00:52.497+0000] {dag.py:3096} INFO - Sync 1 DAGs
[2026-05-08T23:00:52.567+0000] {logging_mixin.py:188} INFO - [2026-05-08T23:00:52.567+0000] {dag.py:3954} INFO - Setting next_dagrun for job_intelligent_pipeline to 2026-05-08 06:00:00+00:00, run_after=2026-05-09 06:00:00+00:00
[2026-05-08T23:00:52.617+0000] {processor.py:183} INFO - Processing /opt/airflow/dags/dag_job_intelligent .py took 0.266 seconds
[2026-05-08T23:01:22.823+0000] {processor.py:161} INFO - Started process (PID=7139) to work on /opt/airflow/dags/dag_job_intelligent .py
[2026-05-08T23:01:22.825+0000] {processor.py:830} INFO - Processing file /opt/airflow/dags/dag_job_intelligent .py for tasks to queue
[2026-05-08T23:01:22.827+0000] {logging_mixin.py:188} INFO - [2026-05-08T23:01:22.827+0000] {dagbag.py:545} INFO - Filling up the DagBag from /opt/airflow/dags/dag_job_intelligent .py
[2026-05-08T23:01:22.873+0000] {processor.py:840} INFO - DAG(s) 'job_intelligent_pipeline' retrieved from /opt/airflow/dags/dag_job_intelligent .py
[2026-05-08T23:01:22.935+0000] {logging_mixin.py:188} INFO - [2026-05-08T23:01:22.935+0000] {dag.py:3096} INFO - Sync 1 DAGs
[2026-05-08T23:01:23.014+0000] {logging_mixin.py:188} INFO - [2026-05-08T23:01:23.013+0000] {dag.py:3954} INFO - Setting next_dagrun for job_intelligent_pipeline to 2026-05-08 06:00:00+00:00, run_after=2026-05-09 06:00:00+00:00
[2026-05-08T23:01:23.070+0000] {processor.py:183} INFO - Processing /opt/airflow/dags/dag_job_intelligent .py took 0.259 seconds
[2026-05-08T23:01:53.534+0000] {processor.py:161} INFO - Started process (PID=7147) to work on /opt/airflow/dags/dag_job_intelligent .py
[2026-05-08T23:01:53.535+0000] {processor.py:830} INFO - Processing file /opt/airflow/dags/dag_job_intelligent .py for tasks to queue
[2026-05-08T23:01:53.537+0000] {logging_mixin.py:188} INFO - [2026-05-08T23:01:53.537+0000] {dagbag.py:545} INFO - Filling up the DagBag from /opt/airflow/dags/dag_job_intelligent .py
[2026-05-08T23:01:53.582+0000] {processor.py:840} INFO - DAG(s) 'job_intelligent_pipeline' retrieved from /opt/airflow/dags/dag_job_intelligent .py
[2026-05-08T23:01:53.637+0000] {logging_mixin.py:188} INFO - [2026-05-08T23:01:53.637+0000] {dag.py:3096} INFO - Sync 1 DAGs
[2026-05-08T23:01:53.679+0000] {logging_mixin.py:188} INFO - [2026-05-08T23:01:53.678+0000] {dag.py:3954} INFO - Setting next_dagrun for job_intelligent_pipeline to 2026-05-08 06:00:00+00:00, run_after=2026-05-09 06:00:00+00:00
[2026-05-08T23:01:53.708+0000] {processor.py:183} INFO - Processing /opt/airflow/dags/dag_job_intelligent .py took 0.183 seconds
[2026-05-08T23:02:24.238+0000] {processor.py:161} INFO - Started process (PID=7161) to work on /opt/airflow/dags/dag_job_intelligent .py
[2026-05-08T23:02:24.240+0000] {processor.py:830} INFO - Processing file /opt/airflow/dags/dag_job_intelligent .py for tasks to queue
[2026-05-08T23:02:24.247+0000] {logging_mixin.py:188} INFO - [2026-05-08T23:02:24.247+0000] {dagbag.py:545} INFO - Filling up the DagBag from /opt/airflow/dags/dag_job_intelligent .py
[2026-05-08T23:02:24.302+0000] {processor.py:840} INFO - DAG(s) 'job_intelligent_pipeline' retrieved from /opt/airflow/dags/dag_job_intelligent .py
[2026-05-08T23:02:24.397+0000] {logging_mixin.py:188} INFO - [2026-05-08T23:02:24.396+0000] {dag.py:3096} INFO - Sync 1 DAGs
[2026-05-08T23:02:24.443+0000] {logging_mixin.py:188} INFO - [2026-05-08T23:02:24.442+0000] {dag.py:3954} INFO - Setting next_dagrun for job_intelligent_pipeline to 2026-05-08 06:00:00+00:00, run_after=2026-05-09 06:00:00+00:00
[2026-05-08T23:02:24.501+0000] {processor.py:183} INFO - Processing /opt/airflow/dags/dag_job_intelligent .py took 0.282 seconds
[2026-05-08T23:02:55.220+0000] {processor.py:161} INFO - Started process (PID=7173) to work on /opt/airflow/dags/dag_job_intelligent .py
[2026-05-08T23:02:55.222+0000] {processor.py:830} INFO - Processing file /opt/airflow/dags/dag_job_intelligent .py for tasks to queue
[2026-05-08T23:02:55.233+0000] {logging_mixin.py:188} INFO - [2026-05-08T23:02:55.232+0000] {dagbag.py:545} INFO - Filling up the DagBag from /opt/airflow/dags/dag_job_intelligent .py
[2026-05-08T23:02:55.313+0000] {processor.py:840} INFO - DAG(s) 'job_intelligent_pipeline' retrieved from /opt/airflow/dags/dag_job_intelligent .py
[2026-05-08T23:02:55.463+0000] {logging_mixin.py:188} INFO - [2026-05-08T23:02:55.463+0000] {dag.py:3096} INFO - Sync 1 DAGs
[2026-05-08T23:02:55.546+0000] {logging_mixin.py:188} INFO - [2026-05-08T23:02:55.546+0000] {dag.py:3954} INFO - Setting next_dagrun for job_intelligent_pipeline to 2026-05-08 06:00:00+00:00, run_after=2026-05-09 06:00:00+00:00
[2026-05-08T23:02:55.602+0000] {processor.py:183} INFO - Processing /opt/airflow/dags/dag_job_intelligent .py took 0.405 seconds
[2026-05-08T23:03:26.480+0000] {processor.py:161} INFO - Started process (PID=7181) to work on /opt/airflow/dags/dag_job_intelligent .py
[2026-05-08T23:03:26.482+0000] {processor.py:830} INFO - Processing file /opt/airflow/dags/dag_job_intelligent .py for tasks to queue
[2026-05-08T23:03:26.485+0000] {logging_mixin.py:188} INFO - [2026-05-08T23:03:26.484+0000] {dagbag.py:545} INFO - Filling up the DagBag from /opt/airflow/dags/dag_job_intelligent .py
[2026-05-08T23:03:26.598+0000] {processor.py:840} INFO - DAG(s) 'job_intelligent_pipeline' retrieved from /opt/airflow/dags/dag_job_intelligent .py
[2026-05-08T23:03:26.742+0000] {logging_mixin.py:188} INFO - [2026-05-08T23:03:26.742+0000] {dag.py:3096} INFO - Sync 1 DAGs
[2026-05-08T23:03:26.800+0000] {logging_mixin.py:188} INFO - [2026-05-08T23:03:26.799+0000] {dag.py:3954} INFO - Setting next_dagrun for job_intelligent_pipeline to 2026-05-08 06:00:00+00:00, run_after=2026-05-09 06:00:00+00:00
[2026-05-08T23:03:26.847+0000] {processor.py:183} INFO - Processing /opt/airflow/dags/dag_job_intelligent .py took 0.390 seconds
[2026-05-08T23:03:57.484+0000] {processor.py:161} INFO - Started process (PID=7195) to work on /opt/airflow/dags/dag_job_intelligent .py
[2026-05-08T23:03:57.485+0000] {processor.py:830} INFO - Processing file /opt/airflow/dags/dag_job_intelligent .py for tasks to queue
[2026-05-08T23:03:57.487+0000] {logging_mixin.py:188} INFO - [2026-05-08T23:03:57.487+0000] {dagbag.py:545} INFO - Filling up the DagBag from /opt/airflow/dags/dag_job_intelligent .py
[2026-05-08T23:03:57.536+0000] {processor.py:840} INFO - DAG(s) 'job_intelligent_pipeline' retrieved from /opt/airflow/dags/dag_job_intelligent .py
[2026-05-08T23:03:57.601+0000] {logging_mixin.py:188} INFO - [2026-05-08T23:03:57.601+0000] {dag.py:3096} INFO - Sync 1 DAGs
[2026-05-08T23:03:57.653+0000] {logging_mixin.py:188} INFO - [2026-05-08T23:03:57.653+0000] {dag.py:3954} INFO - Setting next_dagrun for job_intelligent_pipeline to 2026-05-08 06:00:00+00:00, run_after=2026-05-09 06:00:00+00:00
[2026-05-08T23:03:57.696+0000] {processor.py:183} INFO - Processing /opt/airflow/dags/dag_job_intelligent .py took 0.222 seconds
[2026-05-08T23:04:29.475+0000] {processor.py:161} INFO - Started process (PID=7204) to work on /opt/airflow/dags/dag_job_intelligent .py
[2026-05-08T23:04:29.478+0000] {processor.py:830} INFO - Processing file /opt/airflow/dags/dag_job_intelligent .py for tasks to queue
[2026-05-08T23:04:29.480+0000] {logging_mixin.py:188} INFO - [2026-05-08T23:04:29.479+0000] {dagbag.py:545} INFO - Filling up the DagBag from /opt/airflow/dags/dag_job_intelligent .py
[2026-05-08T23:04:29.719+0000] {processor.py:840} INFO - DAG(s) 'job_intelligent_pipeline' retrieved from /opt/airflow/dags/dag_job_intelligent .py
[2026-05-08T23:04:30.023+0000] {logging_mixin.py:188} INFO - [2026-05-08T23:04:30.022+0000] {dag.py:3096} INFO - Sync 1 DAGs
[2026-05-08T23:04:30.411+0000] {logging_mixin.py:188} INFO - [2026-05-08T23:04:30.410+0000] {dag.py:3954} INFO - Setting next_dagrun for job_intelligent_pipeline to 2026-05-08 06:00:00+00:00, run_after=2026-05-09 06:00:00+00:00
[2026-05-08T23:04:30.811+0000] {processor.py:183} INFO - Processing /opt/airflow/dags/dag_job_intelligent .py took 1.380 seconds
[2026-05-08T23:05:01.181+0000] {processor.py:161} INFO - Started process (PID=7217) to work on /opt/airflow/dags/dag_job_intelligent .py
[2026-05-08T23:05:01.183+0000] {processor.py:830} INFO - Processing file /opt/airflow/dags/dag_job_intelligent .py for tasks to queue
[2026-05-08T23:05:01.199+0000] {logging_mixin.py:188} INFO - [2026-05-08T23:05:01.198+0000] {dagbag.py:545} INFO - Filling up the DagBag from /opt/airflow/dags/dag_job_intelligent .py
[2026-05-08T23:05:01.335+0000] {processor.py:840} INFO - DAG(s) 'job_intelligent_pipeline' retrieved from /opt/airflow/dags/dag_job_intelligent .py
[2026-05-08T23:05:01.489+0000] {logging_mixin.py:188} INFO - [2026-05-08T23:05:01.488+0000] {dag.py:3096} INFO - Sync 1 DAGs
[2026-05-08T23:05:01.622+0000] {logging_mixin.py:188} INFO - [2026-05-08T23:05:01.622+0000] {dag.py:3954} INFO - Setting next_dagrun for job_intelligent_pipeline to 2026-05-08 06:00:00+00:00, run_after=2026-05-09 06:00:00+00:00
[2026-05-08T23:05:01.714+0000] {processor.py:183} INFO - Processing /opt/airflow/dags/dag_job_intelligent .py took 0.557 seconds
[2026-05-08T23:05:32.767+0000] {processor.py:161} INFO - Started process (PID=7225) to work on /opt/airflow/dags/dag_job_intelligent .py
[2026-05-08T23:05:32.770+0000] {processor.py:830} INFO - Processing file /opt/airflow/dags/dag_job_intelligent .py for tasks to queue
[2026-05-08T23:05:32.773+0000] {logging_mixin.py:188} INFO - [2026-05-08T23:05:32.772+0000] {dagbag.py:545} INFO - Filling up the DagBag from /opt/airflow/dags/dag_job_intelligent .py
[2026-05-08T23:05:32.817+0000] {processor.py:840} INFO - DAG(s) 'job_intelligent_pipeline' retrieved from /opt/airflow/dags/dag_job_intelligent .py
[2026-05-08T23:05:32.916+0000] {logging_mixin.py:188} INFO - [2026-05-08T23:05:32.916+0000] {dag.py:3096} INFO - Sync 1 DAGs
[2026-05-08T23:05:32.967+0000] {logging_mixin.py:188} INFO - [2026-05-08T23:05:32.966+0000] {dag.py:3954} INFO - Setting next_dagrun for job_intelligent_pipeline to 2026-05-08 06:00:00+00:00, run_after=2026-05-09 06:00:00+00:00
[2026-05-08T23:05:33.021+0000] {processor.py:183} INFO - Processing /opt/airflow/dags/dag_job_intelligent .py took 0.269 seconds
[2026-05-08T23:06:03.603+0000] {processor.py:161} INFO - Started process (PID=7239) to work on /opt/airflow/dags/dag_job_intelligent .py
[2026-05-08T23:06:03.614+0000] {processor.py:830} INFO - Processing file /opt/airflow/dags/dag_job_intelligent .py for tasks to queue
[2026-05-08T23:06:03.634+0000] {logging_mixin.py:188} INFO - [2026-05-08T23:06:03.631+0000] {dagbag.py:545} INFO - Filling up the DagBag from /opt/airflow/dags/dag_job_intelligent .py
[2026-05-08T23:06:03.738+0000] {processor.py:840} INFO - DAG(s) 'job_intelligent_pipeline' retrieved from /opt/airflow/dags/dag_job_intelligent .py
[2026-05-08T23:06:03.817+0000] {logging_mixin.py:188} INFO - [2026-05-08T23:06:03.816+0000] {dag.py:3096} INFO - Sync 1 DAGs
[2026-05-08T23:06:03.859+0000] {logging_mixin.py:188} INFO - [2026-05-08T23:06:03.859+0000] {dag.py:3954} INFO - Setting next_dagrun for job_intelligent_pipeline to 2026-05-08 06:00:00+00:00, run_after=2026-05-09 06:00:00+00:00
[2026-05-08T23:06:03.897+0000] {processor.py:183} INFO - Processing /opt/airflow/dags/dag_job_intelligent .py took 0.322 seconds
[2026-05-08T23:06:34.583+0000] {processor.py:161} INFO - Started process (PID=7247) to work on /opt/airflow/dags/dag_job_intelligent .py
[2026-05-08T23:06:34.585+0000] {processor.py:830} INFO - Processing file /opt/airflow/dags/dag_job_intelligent .py for tasks to queue
[2026-05-08T23:06:34.587+0000] {logging_mixin.py:188} INFO - [2026-05-08T23:06:34.586+0000] {dagbag.py:545} INFO - Filling up the DagBag from /opt/airflow/dags/dag_job_intelligent .py
[2026-05-08T23:06:34.629+0000] {processor.py:840} INFO - DAG(s) 'job_intelligent_pipeline' retrieved from /opt/airflow/dags/dag_job_intelligent .py
[2026-05-08T23:06:34.732+0000] {logging_mixin.py:188} INFO - [2026-05-08T23:06:34.732+0000] {dag.py:3096} INFO - Sync 1 DAGs
[2026-05-08T23:06:34.825+0000] {logging_mixin.py:188} INFO - [2026-05-08T23:06:34.824+0000] {dag.py:3954} INFO - Setting next_dagrun for job_intelligent_pipeline to 2026-05-08 06:00:00+00:00, run_after=2026-05-09 06:00:00+00:00
[2026-05-08T23:06:34.892+0000] {processor.py:183} INFO - Processing /opt/airflow/dags/dag_job_intelligent .py took 0.320 seconds
[2026-05-08T23:07:12.090+0000] {processor.py:161} INFO - Started process (PID=7262) to work on /opt/airflow/dags/dag_job_intelligent .py
[2026-05-08T23:07:12.136+0000] {processor.py:830} INFO - Processing file /opt/airflow/dags/dag_job_intelligent .py for tasks to queue
[2026-05-08T23:07:12.154+0000] {logging_mixin.py:188} INFO - [2026-05-08T23:07:12.153+0000] {dagbag.py:545} INFO - Filling up the DagBag from /opt/airflow/dags/dag_job_intelligent .py
[2026-05-08T23:07:12.700+0000] {processor.py:840} INFO - DAG(s) 'job_intelligent_pipeline' retrieved from /opt/airflow/dags/dag_job_intelligent .py
[2026-05-08T23:07:13.356+0000] {logging_mixin.py:188} INFO - [2026-05-08T23:07:13.343+0000] {dag.py:3096} INFO - Sync 1 DAGs
[2026-05-08T23:07:13.956+0000] {logging_mixin.py:188} INFO - [2026-05-08T23:07:13.955+0000] {dag.py:3954} INFO - Setting next_dagrun for job_intelligent_pipeline to 2026-05-08 06:00:00+00:00, run_after=2026-05-09 06:00:00+00:00
[2026-05-08T23:07:14.422+0000] {processor.py:183} INFO - Processing /opt/airflow/dags/dag_job_intelligent .py took 2.413 seconds
[2026-05-08T23:07:23.739+0000] {processor.py:161} INFO - Started process (PID=7270) to work on /opt/airflow/dags/dag_job_intelligent .py
[2026-05-08T23:07:23.767+0000] {processor.py:830} INFO - Processing file /opt/airflow/dags/dag_job_intelligent .py for tasks to queue
[2026-05-08T23:07:23.770+0000] {logging_mixin.py:188} INFO - [2026-05-08T23:07:23.769+0000] {dagbag.py:545} INFO - Filling up the DagBag from /opt/airflow/dags/dag_job_intelligent .py
[2026-05-08T23:07:23.929+0000] {processor.py:840} INFO - DAG(s) 'job_intelligent_pipeline' retrieved from /opt/airflow/dags/dag_job_intelligent .py
[2026-05-08T23:07:24.952+0000] {logging_mixin.py:188} INFO - [2026-05-08T23:07:24.952+0000] {dag.py:3096} INFO - Sync 1 DAGs
[2026-05-08T23:07:25.030+0000] {logging_mixin.py:188} INFO - [2026-05-08T23:07:25.029+0000] {dag.py:3954} INFO - Setting next_dagrun for job_intelligent_pipeline to 2026-05-08 06:00:00+00:00, run_after=2026-05-09 06:00:00+00:00
[2026-05-08T23:07:25.278+0000] {processor.py:183} INFO - Processing /opt/airflow/dags/dag_job_intelligent .py took 1.573 seconds
[2026-05-08T23:07:55.626+0000] {processor.py:161} INFO - Started process (PID=7278) to work on /opt/airflow/dags/dag_job_intelligent .py
[2026-05-08T23:07:55.628+0000] {processor.py:830} INFO - Processing file /opt/airflow/dags/dag_job_intelligent .py for tasks to queue
[2026-05-08T23:07:55.631+0000] {logging_mixin.py:188} INFO - [2026-05-08T23:07:55.629+0000] {dagbag.py:545} INFO - Filling up the DagBag from /opt/airflow/dags/dag_job_intelligent .py
[2026-05-08T23:07:55.848+0000] {processor.py:840} INFO - DAG(s) 'job_intelligent_pipeline' retrieved from /opt/airflow/dags/dag_job_intelligent .py
[2026-05-08T23:07:55.934+0000] {logging_mixin.py:188} INFO - [2026-05-08T23:07:55.933+0000] {dag.py:3096} INFO - Sync 1 DAGs
[2026-05-08T23:07:56.021+0000] {logging_mixin.py:188} INFO - [2026-05-08T23:07:56.020+0000] {dag.py:3954} INFO - Setting next_dagrun for job_intelligent_pipeline to 2026-05-08 06:00:00+00:00, run_after=2026-05-09 06:00:00+00:00
[2026-05-08T23:07:56.116+0000] {processor.py:183} INFO - Processing /opt/airflow/dags/dag_job_intelligent .py took 0.503 seconds
[2026-05-08T23:08:26.670+0000] {processor.py:161} INFO - Started process (PID=7293) to work on /opt/airflow/dags/dag_job_intelligent .py
[2026-05-08T23:08:26.672+0000] {processor.py:830} INFO - Processing file /opt/airflow/dags/dag_job_intelligent .py for tasks to queue
[2026-05-08T23:08:26.676+0000] {logging_mixin.py:188} INFO - [2026-05-08T23:08:26.675+0000] {dagbag.py:545} INFO - Filling up the DagBag from /opt/airflow/dags/dag_job_intelligent .py
[2026-05-08T23:08:26.824+0000] {processor.py:840} INFO - DAG(s) 'job_intelligent_pipeline' retrieved from /opt/airflow/dags/dag_job_intelligent .py
[2026-05-08T23:08:27.019+0000] {logging_mixin.py:188} INFO - [2026-05-08T23:08:27.019+0000] {dag.py:3096} INFO - Sync 1 DAGs
[2026-05-08T23:08:27.152+0000] {logging_mixin.py:188} INFO - [2026-05-08T23:08:27.152+0000] {dag.py:3954} INFO - Setting next_dagrun for job_intelligent_pipeline to 2026-05-08 06:00:00+00:00, run_after=2026-05-09 06:00:00+00:00
[2026-05-08T23:08:27.269+0000] {processor.py:183} INFO - Processing /opt/airflow/dags/dag_job_intelligent .py took 0.614 seconds
[2026-05-08T23:08:57.878+0000] {processor.py:161} INFO - Started process (PID=7301) to work on /opt/airflow/dags/dag_job_intelligent .py
[2026-05-08T23:08:57.880+0000] {processor.py:830} INFO - Processing file /opt/airflow/dags/dag_job_intelligent .py for tasks to queue
[2026-05-08T23:08:57.883+0000] {logging_mixin.py:188} INFO - [2026-05-08T23:08:57.881+0000] {dagbag.py:545} INFO - Filling up the DagBag from /opt/airflow/dags/dag_job_intelligent .py
[2026-05-08T23:08:57.931+0000] {processor.py:840} INFO - DAG(s) 'job_intelligent_pipeline' retrieved from /opt/airflow/dags/dag_job_intelligent .py
[2026-05-08T23:08:58.027+0000] {logging_mixin.py:188} INFO - [2026-05-08T23:08:58.026+0000] {dag.py:3096} INFO - Sync 1 DAGs
[2026-05-08T23:08:58.215+0000] {logging_mixin.py:188} INFO - [2026-05-08T23:08:58.214+0000] {dag.py:3954} INFO - Setting next_dagrun for job_intelligent_pipeline to 2026-05-08 06:00:00+00:00, run_after=2026-05-09 06:00:00+00:00
[2026-05-08T23:08:58.338+0000] {processor.py:183} INFO - Processing /opt/airflow/dags/dag_job_intelligent .py took 0.470 seconds
[2026-05-08T23:09:28.486+0000] {processor.py:161} INFO - Started process (PID=7315) to work on /opt/airflow/dags/dag_job_intelligent .py
[2026-05-08T23:09:28.488+0000] {processor.py:830} INFO - Processing file /opt/airflow/dags/dag_job_intelligent .py for tasks to queue
[2026-05-08T23:09:28.494+0000] {logging_mixin.py:188} INFO - [2026-05-08T23:09:28.491+0000] {dagbag.py:545} INFO - Filling up the DagBag from /opt/airflow/dags/dag_job_intelligent .py
[2026-05-08T23:09:28.537+0000] {processor.py:840} INFO - DAG(s) 'job_intelligent_pipeline' retrieved from /opt/airflow/dags/dag_job_intelligent .py
[2026-05-08T23:09:28.602+0000] {logging_mixin.py:188} INFO - [2026-05-08T23:09:28.601+0000] {dag.py:3096} INFO - Sync 1 DAGs
[2026-05-08T23:09:28.644+0000] {logging_mixin.py:188} INFO - [2026-05-08T23:09:28.642+0000] {dag.py:3954} INFO - Setting next_dagrun for job_intelligent_pipeline to 2026-05-08 06:00:00+00:00, run_after=2026-05-09 06:00:00+00:00
[2026-05-08T23:09:28.710+0000] {processor.py:183} INFO - Processing /opt/airflow/dags/dag_job_intelligent .py took 0.235 seconds
[2026-05-08T23:09:59.144+0000] {processor.py:161} INFO - Started process (PID=7323) to work on /opt/airflow/dags/dag_job_intelligent .py
[2026-05-08T23:09:59.146+0000] {processor.py:830} INFO - Processing file /opt/airflow/dags/dag_job_intelligent .py for tasks to queue
[2026-05-08T23:09:59.148+0000] {logging_mixin.py:188} INFO - [2026-05-08T23:09:59.148+0000] {dagbag.py:545} INFO - Filling up the DagBag from /opt/airflow/dags/dag_job_intelligent .py
[2026-05-08T23:09:59.191+0000] {processor.py:840} INFO - DAG(s) 'job_intelligent_pipeline' retrieved from /opt/airflow/dags/dag_job_intelligent .py
[2026-05-08T23:09:59.258+0000] {logging_mixin.py:188} INFO - [2026-05-08T23:09:59.257+0000] {dag.py:3096} INFO - Sync 1 DAGs
[2026-05-08T23:09:59.315+0000] {logging_mixin.py:188} INFO - [2026-05-08T23:09:59.314+0000] {dag.py:3954} INFO - Setting next_dagrun for job_intelligent_pipeline to 2026-05-08 06:00:00+00:00, run_after=2026-05-09 06:00:00+00:00
[2026-05-08T23:09:59.405+0000] {processor.py:183} INFO - Processing /opt/airflow/dags/dag_job_intelligent .py took 0.275 seconds
[2026-05-08T23:10:25.097+0000] {processor.py:161} INFO - Started process (PID=7338) to work on /opt/airflow/dags/dag_job_intelligent .py
[2026-05-08T23:10:25.099+0000] {processor.py:830} INFO - Processing file /opt/airflow/dags/dag_job_intelligent .py for tasks to queue
[2026-05-08T23:10:25.100+0000] {logging_mixin.py:188} INFO - [2026-05-08T23:10:25.100+0000] {dagbag.py:545} INFO - Filling up the DagBag from /opt/airflow/dags/dag_job_intelligent .py
[2026-05-08T23:10:25.252+0000] {processor.py:840} INFO - DAG(s) 'job_intelligent_pipeline' retrieved from /opt/airflow/dags/dag_job_intelligent .py
[2026-05-08T23:10:25.685+0000] {logging_mixin.py:188} INFO - [2026-05-08T23:10:25.684+0000] {dag.py:3096} INFO - Sync 1 DAGs
[2026-05-08T23:10:25.718+0000] {logging_mixin.py:188} INFO - [2026-05-08T23:10:25.717+0000] {dag.py:3118} INFO - Creating ORM DAG for job_intelligent_pipeline
[2026-05-08T23:10:25.746+0000] {logging_mixin.py:188} INFO - [2026-05-08T23:10:25.746+0000] {dag.py:3954} INFO - Setting next_dagrun for job_intelligent_pipeline to 2026-05-07 06:00:00+00:00, run_after=2026-05-08 06:00:00+00:00
[2026-05-08T23:10:25.806+0000] {processor.py:183} INFO - Processing /opt/airflow/dags/dag_job_intelligent .py took 0.721 seconds
[2026-05-08T23:10:56.803+0000] {processor.py:161} INFO - Started process (PID=7345) to work on /opt/airflow/dags/dag_job_intelligent .py
[2026-05-08T23:10:56.807+0000] {processor.py:830} INFO - Processing file /opt/airflow/dags/dag_job_intelligent .py for tasks to queue
[2026-05-08T23:10:56.810+0000] {logging_mixin.py:188} INFO - [2026-05-08T23:10:56.809+0000] {dagbag.py:545} INFO - Filling up the DagBag from /opt/airflow/dags/dag_job_intelligent .py
[2026-05-08T23:10:56.911+0000] {processor.py:840} INFO - DAG(s) 'job_intelligent_pipeline' retrieved from /opt/airflow/dags/dag_job_intelligent .py
[2026-05-08T23:10:57.128+0000] {logging_mixin.py:188} INFO - [2026-05-08T23:10:57.127+0000] {dag.py:3096} INFO - Sync 1 DAGs
[2026-05-08T23:10:57.284+0000] {logging_mixin.py:188} INFO - [2026-05-08T23:10:57.283+0000] {dag.py:3954} INFO - Setting next_dagrun for job_intelligent_pipeline to 2026-05-07 06:00:00+00:00, run_after=2026-05-08 06:00:00+00:00
[2026-05-08T23:10:57.436+0000] {processor.py:183} INFO - Processing /opt/airflow/dags/dag_job_intelligent .py took 0.655 seconds
[2026-05-08T23:11:27.877+0000] {processor.py:161} INFO - Started process (PID=7359) to work on /opt/airflow/dags/dag_job_intelligent .py
[2026-05-08T23:11:27.881+0000] {processor.py:830} INFO - Processing file /opt/airflow/dags/dag_job_intelligent .py for tasks to queue
[2026-05-08T23:11:27.883+0000] {logging_mixin.py:188} INFO - [2026-05-08T23:11:27.882+0000] {dagbag.py:545} INFO - Filling up the DagBag from /opt/airflow/dags/dag_job_intelligent .py
[2026-05-08T23:11:27.946+0000] {processor.py:840} INFO - DAG(s) 'job_intelligent_pipeline' retrieved from /opt/airflow/dags/dag_job_intelligent .py
[2026-05-08T23:11:28.090+0000] {logging_mixin.py:188} INFO - [2026-05-08T23:11:28.090+0000] {dag.py:3096} INFO - Sync 1 DAGs
[2026-05-08T23:11:28.129+0000] {logging_mixin.py:188} INFO - [2026-05-08T23:11:28.129+0000] {dag.py:3954} INFO - Setting next_dagrun for job_intelligent_pipeline to 2026-05-07 06:00:00+00:00, run_after=2026-05-08 06:00:00+00:00
[2026-05-08T23:11:28.166+0000] {processor.py:183} INFO - Processing /opt/airflow/dags/dag_job_intelligent .py took 0.299 seconds
[2026-05-08T23:11:59.019+0000] {processor.py:161} INFO - Started process (PID=7367) to work on /opt/airflow/dags/dag_job_intelligent .py
[2026-05-08T23:11:59.041+0000] {processor.py:830} INFO - Processing file /opt/airflow/dags/dag_job_intelligent .py for tasks to queue
[2026-05-08T23:11:59.043+0000] {logging_mixin.py:188} INFO - [2026-05-08T23:11:59.043+0000] {dagbag.py:545} INFO - Filling up the DagBag from /opt/airflow/dags/dag_job_intelligent .py
[2026-05-08T23:11:59.134+0000] {processor.py:840} INFO - DAG(s) 'job_intelligent_pipeline' retrieved from /opt/airflow/dags/dag_job_intelligent .py
[2026-05-08T23:11:59.311+0000] {logging_mixin.py:188} INFO - [2026-05-08T23:11:59.311+0000] {dag.py:3096} INFO - Sync 1 DAGs
[2026-05-08T23:11:59.368+0000] {logging_mixin.py:188} INFO - [2026-05-08T23:11:59.367+0000] {dag.py:3954} INFO - Setting next_dagrun for job_intelligent_pipeline to 2026-05-07 06:00:00+00:00, run_after=2026-05-08 06:00:00+00:00
[2026-05-08T23:11:59.420+0000] {processor.py:183} INFO - Processing /opt/airflow/dags/dag_job_intelligent .py took 0.413 seconds
[2026-05-08T23:12:29.809+0000] {processor.py:161} INFO - Started process (PID=7387) to work on /opt/airflow/dags/dag_job_intelligent .py
[2026-05-08T23:12:29.811+0000] {processor.py:830} INFO - Processing file /opt/airflow/dags/dag_job_intelligent .py for tasks to queue
[2026-05-08T23:12:29.813+0000] {logging_mixin.py:188} INFO - [2026-05-08T23:12:29.812+0000] {dagbag.py:545} INFO - Filling up the DagBag from /opt/airflow/dags/dag_job_intelligent .py
[2026-05-08T23:12:29.870+0000] {processor.py:840} INFO - DAG(s) 'job_intelligent_pipeline' retrieved from /opt/airflow/dags/dag_job_intelligent .py
[2026-05-08T23:12:29.966+0000] {logging_mixin.py:188} INFO - [2026-05-08T23:12:29.966+0000] {dag.py:3096} INFO - Sync 1 DAGs
[2026-05-08T23:12:30.077+0000] {processor.py:183} INFO - Processing /opt/airflow/dags/dag_job_intelligent .py took 0.282 seconds
[2026-05-08T23:13:00.664+0000] {processor.py:161} INFO - Started process (PID=7396) to work on /opt/airflow/dags/dag_job_intelligent .py
[2026-05-08T23:13:00.666+0000] {processor.py:830} INFO - Processing file /opt/airflow/dags/dag_job_intelligent .py for tasks to queue
[2026-05-08T23:13:00.668+0000] {logging_mixin.py:188} INFO - [2026-05-08T23:13:00.668+0000] {dagbag.py:545} INFO - Filling up the DagBag from /opt/airflow/dags/dag_job_intelligent .py
[2026-05-08T23:13:00.804+0000] {processor.py:840} INFO - DAG(s) 'job_intelligent_pipeline' retrieved from /opt/airflow/dags/dag_job_intelligent .py
[2026-05-08T23:13:00.933+0000] {logging_mixin.py:188} INFO - [2026-05-08T23:13:00.933+0000] {dag.py:3096} INFO - Sync 1 DAGs
[2026-05-08T23:13:01.010+0000] {processor.py:183} INFO - Processing /opt/airflow/dags/dag_job_intelligent .py took 0.364 seconds
[2026-05-08T23:13:31.332+0000] {processor.py:161} INFO - Started process (PID=7409) to work on /opt/airflow/dags/dag_job_intelligent .py
[2026-05-08T23:13:31.333+0000] {processor.py:830} INFO - Processing file /opt/airflow/dags/dag_job_intelligent .py for tasks to queue
[2026-05-08T23:13:31.335+0000] {logging_mixin.py:188} INFO - [2026-05-08T23:13:31.334+0000] {dagbag.py:545} INFO - Filling up the DagBag from /opt/airflow/dags/dag_job_intelligent .py
[2026-05-08T23:13:31.371+0000] {processor.py:840} INFO - DAG(s) 'job_intelligent_pipeline' retrieved from /opt/airflow/dags/dag_job_intelligent .py
[2026-05-08T23:13:31.432+0000] {logging_mixin.py:188} INFO - [2026-05-08T23:13:31.432+0000] {dag.py:3096} INFO - Sync 1 DAGs
[2026-05-08T23:13:31.487+0000] {processor.py:183} INFO - Processing /opt/airflow/dags/dag_job_intelligent .py took 0.168 seconds
[2026-05-08T23:14:01.963+0000] {processor.py:161} INFO - Started process (PID=7417) to work on /opt/airflow/dags/dag_job_intelligent .py
[2026-05-08T23:14:01.964+0000] {processor.py:830} INFO - Processing file /opt/airflow/dags/dag_job_intelligent .py for tasks to queue
[2026-05-08T23:14:01.966+0000] {logging_mixin.py:188} INFO - [2026-05-08T23:14:01.965+0000] {dagbag.py:545} INFO - Filling up the DagBag from /opt/airflow/dags/dag_job_intelligent .py
[2026-05-08T23:14:02.005+0000] {processor.py:840} INFO - DAG(s) 'job_intelligent_pipeline' retrieved from /opt/airflow/dags/dag_job_intelligent .py
[2026-05-08T23:14:02.070+0000] {logging_mixin.py:188} INFO - [2026-05-08T23:14:02.069+0000] {dag.py:3096} INFO - Sync 1 DAGs
[2026-05-08T23:14:02.131+0000] {processor.py:183} INFO - Processing /opt/airflow/dags/dag_job_intelligent .py took 0.176 seconds
[2026-05-08T23:14:32.696+0000] {processor.py:161} INFO - Started process (PID=7431) to work on /opt/airflow/dags/dag_job_intelligent .py
[2026-05-08T23:14:32.707+0000] {processor.py:830} INFO - Processing file /opt/airflow/dags/dag_job_intelligent .py for tasks to queue
[2026-05-08T23:14:32.710+0000] {logging_mixin.py:188} INFO - [2026-05-08T23:14:32.709+0000] {dagbag.py:545} INFO - Filling up the DagBag from /opt/airflow/dags/dag_job_intelligent .py
[2026-05-08T23:14:32.766+0000] {processor.py:840} INFO - DAG(s) 'job_intelligent_pipeline' retrieved from /opt/airflow/dags/dag_job_intelligent .py
[2026-05-08T23:14:32.833+0000] {logging_mixin.py:188} INFO - [2026-05-08T23:14:32.833+0000] {dag.py:3096} INFO - Sync 1 DAGs
[2026-05-08T23:14:32.974+0000] {processor.py:183} INFO - Processing /opt/airflow/dags/dag_job_intelligent .py took 0.289 seconds
[2026-05-08T23:15:03.175+0000] {processor.py:161} INFO - Started process (PID=7446) to work on /opt/airflow/dags/dag_job_intelligent .py
[2026-05-08T23:15:03.177+0000] {processor.py:830} INFO - Processing file /opt/airflow/dags/dag_job_intelligent .py for tasks to queue
[2026-05-08T23:15:03.178+0000] {logging_mixin.py:188} INFO - [2026-05-08T23:15:03.178+0000] {dagbag.py:545} INFO - Filling up the DagBag from /opt/airflow/dags/dag_job_intelligent .py
[2026-05-08T23:15:03.279+0000] {processor.py:840} INFO - DAG(s) 'job_intelligent_pipeline' retrieved from /opt/airflow/dags/dag_job_intelligent .py
[2026-05-08T23:15:03.343+0000] {logging_mixin.py:188} INFO - [2026-05-08T23:15:03.342+0000] {dag.py:3096} INFO - Sync 1 DAGs
[2026-05-08T23:15:03.406+0000] {processor.py:183} INFO - Processing /opt/airflow/dags/dag_job_intelligent .py took 0.244 seconds
[2026-05-08T23:15:34.008+0000] {processor.py:161} INFO - Started process (PID=7454) to work on /opt/airflow/dags/dag_job_intelligent .py
[2026-05-08T23:15:34.010+0000] {processor.py:830} INFO - Processing file /opt/airflow/dags/dag_job_intelligent .py for tasks to queue
[2026-05-08T23:15:34.011+0000] {logging_mixin.py:188} INFO - [2026-05-08T23:15:34.011+0000] {dagbag.py:545} INFO - Filling up the DagBag from /opt/airflow/dags/dag_job_intelligent .py
[2026-05-08T23:15:34.127+0000] {processor.py:840} INFO - DAG(s) 'job_intelligent_pipeline' retrieved from /opt/airflow/dags/dag_job_intelligent .py
[2026-05-08T23:15:34.379+0000] {logging_mixin.py:188} INFO - [2026-05-08T23:15:34.378+0000] {dag.py:3096} INFO - Sync 1 DAGs
[2026-05-08T23:15:34.683+0000] {processor.py:183} INFO - Processing /opt/airflow/dags/dag_job_intelligent .py took 0.690 seconds
[2026-05-08T23:16:04.912+0000] {processor.py:161} INFO - Started process (PID=7468) to work on /opt/airflow/dags/dag_job_intelligent .py
[2026-05-08T23:16:04.915+0000] {processor.py:830} INFO - Processing file /opt/airflow/dags/dag_job_intelligent .py for tasks to queue
[2026-05-08T23:16:04.917+0000] {logging_mixin.py:188} INFO - [2026-05-08T23:16:04.916+0000] {dagbag.py:545} INFO - Filling up the DagBag from /opt/airflow/dags/dag_job_intelligent .py
[2026-05-08T23:16:04.969+0000] {processor.py:840} INFO - DAG(s) 'job_intelligent_pipeline' retrieved from /opt/airflow/dags/dag_job_intelligent .py
[2026-05-08T23:16:05.119+0000] {logging_mixin.py:188} INFO - [2026-05-08T23:16:05.118+0000] {dag.py:3096} INFO - Sync 1 DAGs
[2026-05-08T23:16:05.336+0000] {processor.py:183} INFO - Processing /opt/airflow/dags/dag_job_intelligent .py took 0.437 seconds
[2026-05-08T23:16:35.793+0000] {processor.py:161} INFO - Started process (PID=7476) to work on /opt/airflow/dags/dag_job_intelligent .py
[2026-05-08T23:16:35.795+0000] {processor.py:830} INFO - Processing file /opt/airflow/dags/dag_job_intelligent .py for tasks to queue
[2026-05-08T23:16:35.796+0000] {logging_mixin.py:188} INFO - [2026-05-08T23:16:35.796+0000] {dagbag.py:545} INFO - Filling up the DagBag from /opt/airflow/dags/dag_job_intelligent .py
[2026-05-08T23:16:35.834+0000] {processor.py:840} INFO - DAG(s) 'job_intelligent_pipeline' retrieved from /opt/airflow/dags/dag_job_intelligent .py
[2026-05-08T23:16:35.905+0000] {logging_mixin.py:188} INFO - [2026-05-08T23:16:35.903+0000] {dag.py:3096} INFO - Sync 1 DAGs
[2026-05-08T23:16:35.987+0000] {processor.py:183} INFO - Processing /opt/airflow/dags/dag_job_intelligent .py took 0.203 seconds
[2026-05-08T23:17:06.458+0000] {processor.py:161} INFO - Started process (PID=7491) to work on /opt/airflow/dags/dag_job_intelligent .py
[2026-05-08T23:17:06.460+0000] {processor.py:830} INFO - Processing file /opt/airflow/dags/dag_job_intelligent .py for tasks to queue
[2026-05-08T23:17:06.462+0000] {logging_mixin.py:188} INFO - [2026-05-08T23:17:06.461+0000] {dagbag.py:545} INFO - Filling up the DagBag from /opt/airflow/dags/dag_job_intelligent .py
[2026-05-08T23:17:06.510+0000] {processor.py:840} INFO - DAG(s) 'job_intelligent_pipeline' retrieved from /opt/airflow/dags/dag_job_intelligent .py
[2026-05-08T23:17:06.569+0000] {logging_mixin.py:188} INFO - [2026-05-08T23:17:06.568+0000] {dag.py:3096} INFO - Sync 1 DAGs
[2026-05-08T23:17:06.711+0000] {processor.py:183} INFO - Processing /opt/airflow/dags/dag_job_intelligent .py took 0.265 seconds
[2026-05-08T23:17:37.281+0000] {processor.py:161} INFO - Started process (PID=7498) to work on /opt/airflow/dags/dag_job_intelligent .py
[2026-05-08T23:17:37.282+0000] {processor.py:830} INFO - Processing file /opt/airflow/dags/dag_job_intelligent .py for tasks to queue
[2026-05-08T23:17:37.284+0000] {logging_mixin.py:188} INFO - [2026-05-08T23:17:37.283+0000] {dagbag.py:545} INFO - Filling up the DagBag from /opt/airflow/dags/dag_job_intelligent .py
[2026-05-08T23:17:37.321+0000] {processor.py:840} INFO - DAG(s) 'job_intelligent_pipeline' retrieved from /opt/airflow/dags/dag_job_intelligent .py
[2026-05-08T23:17:37.371+0000] {logging_mixin.py:188} INFO - [2026-05-08T23:17:37.371+0000] {dag.py:3096} INFO - Sync 1 DAGs
[2026-05-08T23:17:37.441+0000] {processor.py:183} INFO - Processing /opt/airflow/dags/dag_job_intelligent .py took 0.169 seconds
[2026-05-08T23:18:07.892+0000] {processor.py:161} INFO - Started process (PID=7513) to work on /opt/airflow/dags/dag_job_intelligent .py
[2026-05-08T23:18:07.893+0000] {processor.py:830} INFO - Processing file /opt/airflow/dags/dag_job_intelligent .py for tasks to queue
[2026-05-08T23:18:07.895+0000] {logging_mixin.py:188} INFO - [2026-05-08T23:18:07.894+0000] {dagbag.py:545} INFO - Filling up the DagBag from /opt/airflow/dags/dag_job_intelligent .py
[2026-05-08T23:18:07.937+0000] {processor.py:840} INFO - DAG(s) 'job_intelligent_pipeline' retrieved from /opt/airflow/dags/dag_job_intelligent .py
[2026-05-08T23:18:08.005+0000] {logging_mixin.py:188} INFO - [2026-05-08T23:18:08.005+0000] {dag.py:3096} INFO - Sync 1 DAGs
[2026-05-08T23:18:08.105+0000] {processor.py:183} INFO - Processing /opt/airflow/dags/dag_job_intelligent .py took 0.222 seconds
[2026-05-08T23:18:38.386+0000] {processor.py:161} INFO - Started process (PID=7521) to work on /opt/airflow/dags/dag_job_intelligent .py
[2026-05-08T23:18:38.387+0000] {processor.py:830} INFO - Processing file /opt/airflow/dags/dag_job_intelligent .py for tasks to queue
[2026-05-08T23:18:38.389+0000] {logging_mixin.py:188} INFO - [2026-05-08T23:18:38.389+0000] {dagbag.py:545} INFO - Filling up the DagBag from /opt/airflow/dags/dag_job_intelligent .py
[2026-05-08T23:18:38.428+0000] {processor.py:840} INFO - DAG(s) 'job_intelligent_pipeline' retrieved from /opt/airflow/dags/dag_job_intelligent .py
[2026-05-08T23:18:38.479+0000] {logging_mixin.py:188} INFO - [2026-05-08T23:18:38.478+0000] {dag.py:3096} INFO - Sync 1 DAGs
[2026-05-08T23:18:38.630+0000] {processor.py:183} INFO - Processing /opt/airflow/dags/dag_job_intelligent .py took 0.256 seconds
[2026-05-08T23:19:09.178+0000] {processor.py:161} INFO - Started process (PID=7536) to work on /opt/airflow/dags/dag_job_intelligent .py
[2026-05-08T23:19:09.180+0000] {processor.py:830} INFO - Processing file /opt/airflow/dags/dag_job_intelligent .py for tasks to queue
[2026-05-08T23:19:09.183+0000] {logging_mixin.py:188} INFO - [2026-05-08T23:19:09.182+0000] {dagbag.py:545} INFO - Filling up the DagBag from /opt/airflow/dags/dag_job_intelligent .py
[2026-05-08T23:19:09.230+0000] {processor.py:840} INFO - DAG(s) 'job_intelligent_pipeline' retrieved from /opt/airflow/dags/dag_job_intelligent .py
[2026-05-08T23:19:09.312+0000] {logging_mixin.py:188} INFO - [2026-05-08T23:19:09.311+0000] {dag.py:3096} INFO - Sync 1 DAGs
[2026-05-08T23:19:09.382+0000] {processor.py:183} INFO - Processing /opt/airflow/dags/dag_job_intelligent .py took 0.215 seconds
[2026-05-08T23:19:40.108+0000] {processor.py:161} INFO - Started process (PID=7545) to work on /opt/airflow/dags/dag_job_intelligent .py
[2026-05-08T23:19:40.110+0000] {processor.py:830} INFO - Processing file /opt/airflow/dags/dag_job_intelligent .py for tasks to queue
[2026-05-08T23:19:40.112+0000] {logging_mixin.py:188} INFO - [2026-05-08T23:19:40.111+0000] {dagbag.py:545} INFO - Filling up the DagBag from /opt/airflow/dags/dag_job_intelligent .py
[2026-05-08T23:19:40.155+0000] {processor.py:840} INFO - DAG(s) 'job_intelligent_pipeline' retrieved from /opt/airflow/dags/dag_job_intelligent .py
[2026-05-08T23:19:40.224+0000] {logging_mixin.py:188} INFO - [2026-05-08T23:19:40.224+0000] {dag.py:3096} INFO - Sync 1 DAGs
[2026-05-08T23:19:40.327+0000] {processor.py:183} INFO - Processing /opt/airflow/dags/dag_job_intelligent .py took 0.234 seconds
[2026-05-08T23:20:10.592+0000] {processor.py:161} INFO - Started process (PID=7561) to work on /opt/airflow/dags/dag_job_intelligent .py
[2026-05-08T23:20:10.597+0000] {processor.py:830} INFO - Processing file /opt/airflow/dags/dag_job_intelligent .py for tasks to queue
[2026-05-08T23:20:10.602+0000] {logging_mixin.py:188} INFO - [2026-05-08T23:20:10.600+0000] {dagbag.py:545} INFO - Filling up the DagBag from /opt/airflow/dags/dag_job_intelligent .py
[2026-05-08T23:20:10.711+0000] {processor.py:840} INFO - DAG(s) 'job_intelligent_pipeline' retrieved from /opt/airflow/dags/dag_job_intelligent .py
[2026-05-08T23:20:11.039+0000] {logging_mixin.py:188} INFO - [2026-05-08T23:20:11.039+0000] {dag.py:3096} INFO - Sync 1 DAGs
[2026-05-08T23:20:11.457+0000] {processor.py:183} INFO - Processing /opt/airflow/dags/dag_job_intelligent .py took 0.903 seconds
[2026-05-08T23:20:41.986+0000] {processor.py:161} INFO - Started process (PID=7568) to work on /opt/airflow/dags/dag_job_intelligent .py
[2026-05-08T23:20:41.989+0000] {processor.py:830} INFO - Processing file /opt/airflow/dags/dag_job_intelligent .py for tasks to queue
[2026-05-08T23:20:41.991+0000] {logging_mixin.py:188} INFO - [2026-05-08T23:20:41.990+0000] {dagbag.py:545} INFO - Filling up the DagBag from /opt/airflow/dags/dag_job_intelligent .py
[2026-05-08T23:20:42.085+0000] {processor.py:840} INFO - DAG(s) 'job_intelligent_pipeline' retrieved from /opt/airflow/dags/dag_job_intelligent .py
[2026-05-08T23:20:42.205+0000] {logging_mixin.py:188} INFO - [2026-05-08T23:20:42.205+0000] {dag.py:3096} INFO - Sync 1 DAGs
[2026-05-08T23:20:42.307+0000] {processor.py:183} INFO - Processing /opt/airflow/dags/dag_job_intelligent .py took 0.335 seconds
[2026-05-08T23:21:12.936+0000] {processor.py:161} INFO - Started process (PID=7582) to work on /opt/airflow/dags/dag_job_intelligent .py
[2026-05-08T23:21:12.938+0000] {processor.py:830} INFO - Processing file /opt/airflow/dags/dag_job_intelligent .py for tasks to queue
[2026-05-08T23:21:12.940+0000] {logging_mixin.py:188} INFO - [2026-05-08T23:21:12.939+0000] {dagbag.py:545} INFO - Filling up the DagBag from /opt/airflow/dags/dag_job_intelligent .py
[2026-05-08T23:21:13.004+0000] {processor.py:840} INFO - DAG(s) 'job_intelligent_pipeline' retrieved from /opt/airflow/dags/dag_job_intelligent .py
[2026-05-08T23:21:13.077+0000] {logging_mixin.py:188} INFO - [2026-05-08T23:21:13.076+0000] {dag.py:3096} INFO - Sync 1 DAGs
[2026-05-08T23:21:13.172+0000] {processor.py:183} INFO - Processing /opt/airflow/dags/dag_job_intelligent .py took 0.255 seconds
[2026-05-08T23:21:43.765+0000] {processor.py:161} INFO - Started process (PID=7590) to work on /opt/airflow/dags/dag_job_intelligent .py
[2026-05-08T23:21:43.767+0000] {processor.py:830} INFO - Processing file /opt/airflow/dags/dag_job_intelligent .py for tasks to queue
[2026-05-08T23:21:43.769+0000] {logging_mixin.py:188} INFO - [2026-05-08T23:21:43.769+0000] {dagbag.py:545} INFO - Filling up the DagBag from /opt/airflow/dags/dag_job_intelligent .py
[2026-05-08T23:21:43.822+0000] {processor.py:840} INFO - DAG(s) 'job_intelligent_pipeline' retrieved from /opt/airflow/dags/dag_job_intelligent .py
[2026-05-08T23:21:43.894+0000] {logging_mixin.py:188} INFO - [2026-05-08T23:21:43.894+0000] {dag.py:3096} INFO - Sync 1 DAGs
[2026-05-08T23:21:43.970+0000] {processor.py:183} INFO - Processing /opt/airflow/dags/dag_job_intelligent .py took 0.217 seconds
[2026-05-08T23:22:14.459+0000] {processor.py:161} INFO - Started process (PID=7605) to work on /opt/airflow/dags/dag_job_intelligent .py
[2026-05-08T23:22:14.462+0000] {processor.py:830} INFO - Processing file /opt/airflow/dags/dag_job_intelligent .py for tasks to queue
[2026-05-08T23:22:14.464+0000] {logging_mixin.py:188} INFO - [2026-05-08T23:22:14.463+0000] {dagbag.py:545} INFO - Filling up the DagBag from /opt/airflow/dags/dag_job_intelligent .py
[2026-05-08T23:22:14.526+0000] {processor.py:840} INFO - DAG(s) 'job_intelligent_pipeline' retrieved from /opt/airflow/dags/dag_job_intelligent .py
[2026-05-08T23:22:14.626+0000] {logging_mixin.py:188} INFO - [2026-05-08T23:22:14.625+0000] {dag.py:3096} INFO - Sync 1 DAGs
[2026-05-08T23:22:14.749+0000] {processor.py:183} INFO - Processing /opt/airflow/dags/dag_job_intelligent .py took 0.305 seconds
[2026-05-08T23:22:45.301+0000] {processor.py:161} INFO - Started process (PID=7614) to work on /opt/airflow/dags/dag_job_intelligent .py
[2026-05-08T23:22:45.305+0000] {processor.py:830} INFO - Processing file /opt/airflow/dags/dag_job_intelligent .py for tasks to queue
[2026-05-08T23:22:45.309+0000] {logging_mixin.py:188} INFO - [2026-05-08T23:22:45.308+0000] {dagbag.py:545} INFO - Filling up the DagBag from /opt/airflow/dags/dag_job_intelligent .py
[2026-05-08T23:22:45.345+0000] {processor.py:840} INFO - DAG(s) 'job_intelligent_pipeline' retrieved from /opt/airflow/dags/dag_job_intelligent .py
[2026-05-08T23:22:45.404+0000] {logging_mixin.py:188} INFO - [2026-05-08T23:22:45.403+0000] {dag.py:3096} INFO - Sync 1 DAGs
[2026-05-08T23:22:45.543+0000] {processor.py:183} INFO - Processing /opt/airflow/dags/dag_job_intelligent .py took 0.263 seconds
[2026-05-08T23:23:15.863+0000] {processor.py:161} INFO - Started process (PID=7628) to work on /opt/airflow/dags/dag_job_intelligent .py
[2026-05-08T23:23:15.865+0000] {processor.py:830} INFO - Processing file /opt/airflow/dags/dag_job_intelligent .py for tasks to queue
[2026-05-08T23:23:15.867+0000] {logging_mixin.py:188} INFO - [2026-05-08T23:23:15.867+0000] {dagbag.py:545} INFO - Filling up the DagBag from /opt/airflow/dags/dag_job_intelligent .py
[2026-05-08T23:23:15.923+0000] {processor.py:840} INFO - DAG(s) 'job_intelligent_pipeline' retrieved from /opt/airflow/dags/dag_job_intelligent .py
[2026-05-08T23:23:16.079+0000] {logging_mixin.py:188} INFO - [2026-05-08T23:23:16.078+0000] {dag.py:3096} INFO - Sync 1 DAGs
[2026-05-08T23:23:16.183+0000] {processor.py:183} INFO - Processing /opt/airflow/dags/dag_job_intelligent .py took 0.335 seconds
[2026-05-08T23:23:46.490+0000] {processor.py:161} INFO - Started process (PID=7641) to work on /opt/airflow/dags/dag_job_intelligent .py
[2026-05-08T23:23:46.492+0000] {processor.py:830} INFO - Processing file /opt/airflow/dags/dag_job_intelligent .py for tasks to queue
[2026-05-08T23:23:46.497+0000] {logging_mixin.py:188} INFO - [2026-05-08T23:23:46.496+0000] {dagbag.py:545} INFO - Filling up the DagBag from /opt/airflow/dags/dag_job_intelligent .py
[2026-05-08T23:23:46.566+0000] {processor.py:840} INFO - DAG(s) 'job_intelligent_pipeline' retrieved from /opt/airflow/dags/dag_job_intelligent .py
[2026-05-08T23:23:46.838+0000] {logging_mixin.py:188} INFO - [2026-05-08T23:23:46.838+0000] {dag.py:3096} INFO - Sync 1 DAGs
[2026-05-08T23:23:47.092+0000] {processor.py:183} INFO - Processing /opt/airflow/dags/dag_job_intelligent .py took 0.619 seconds
[2026-05-08T23:24:17.208+0000] {processor.py:161} INFO - Started process (PID=7655) to work on /opt/airflow/dags/dag_job_intelligent .py
[2026-05-08T23:24:17.210+0000] {processor.py:830} INFO - Processing file /opt/airflow/dags/dag_job_intelligent .py for tasks to queue
[2026-05-08T23:24:17.212+0000] {logging_mixin.py:188} INFO - [2026-05-08T23:24:17.211+0000] {dagbag.py:545} INFO - Filling up the DagBag from /opt/airflow/dags/dag_job_intelligent .py
[2026-05-08T23:24:17.259+0000] {processor.py:840} INFO - DAG(s) 'job_intelligent_pipeline' retrieved from /opt/airflow/dags/dag_job_intelligent .py
[2026-05-08T23:24:17.361+0000] {logging_mixin.py:188} INFO - [2026-05-08T23:24:17.361+0000] {dag.py:3096} INFO - Sync 1 DAGs
[2026-05-08T23:24:17.450+0000] {processor.py:183} INFO - Processing /opt/airflow/dags/dag_job_intelligent .py took 0.252 seconds
[2026-05-08T23:24:47.784+0000] {processor.py:161} INFO - Started process (PID=7663) to work on /opt/airflow/dags/dag_job_intelligent .py
[2026-05-08T23:24:47.786+0000] {processor.py:830} INFO - Processing file /opt/airflow/dags/dag_job_intelligent .py for tasks to queue
[2026-05-08T23:24:47.794+0000] {logging_mixin.py:188} INFO - [2026-05-08T23:24:47.793+0000] {dagbag.py:545} INFO - Filling up the DagBag from /opt/airflow/dags/dag_job_intelligent .py
[2026-05-08T23:24:47.861+0000] {processor.py:840} INFO - DAG(s) 'job_intelligent_pipeline' retrieved from /opt/airflow/dags/dag_job_intelligent .py
[2026-05-08T23:24:47.962+0000] {logging_mixin.py:188} INFO - [2026-05-08T23:24:47.961+0000] {dag.py:3096} INFO - Sync 1 DAGs
[2026-05-08T23:24:48.194+0000] {processor.py:183} INFO - Processing /opt/airflow/dags/dag_job_intelligent .py took 0.422 seconds
[2026-05-08T23:25:18.756+0000] {processor.py:161} INFO - Started process (PID=7677) to work on /opt/airflow/dags/dag_job_intelligent .py
[2026-05-08T23:25:18.758+0000] {processor.py:830} INFO - Processing file /opt/airflow/dags/dag_job_intelligent .py for tasks to queue
[2026-05-08T23:25:18.760+0000] {logging_mixin.py:188} INFO - [2026-05-08T23:25:18.759+0000] {dagbag.py:545} INFO - Filling up the DagBag from /opt/airflow/dags/dag_job_intelligent .py
[2026-05-08T23:25:18.827+0000] {processor.py:840} INFO - DAG(s) 'job_intelligent_pipeline' retrieved from /opt/airflow/dags/dag_job_intelligent .py
[2026-05-08T23:25:18.909+0000] {logging_mixin.py:188} INFO - [2026-05-08T23:25:18.909+0000] {dag.py:3096} INFO - Sync 1 DAGs
[2026-05-08T23:25:18.994+0000] {processor.py:183} INFO - Processing /opt/airflow/dags/dag_job_intelligent .py took 0.258 seconds
[2026-05-08T23:25:49.207+0000] {processor.py:161} INFO - Started process (PID=7689) to work on /opt/airflow/dags/dag_job_intelligent .py
[2026-05-08T23:25:49.209+0000] {processor.py:830} INFO - Processing file /opt/airflow/dags/dag_job_intelligent .py for tasks to queue
[2026-05-08T23:25:49.212+0000] {logging_mixin.py:188} INFO - [2026-05-08T23:25:49.212+0000] {dagbag.py:545} INFO - Filling up the DagBag from /opt/airflow/dags/dag_job_intelligent .py
[2026-05-08T23:25:49.261+0000] {processor.py:840} INFO - DAG(s) 'job_intelligent_pipeline' retrieved from /opt/airflow/dags/dag_job_intelligent .py
[2026-05-08T23:25:49.367+0000] {logging_mixin.py:188} INFO - [2026-05-08T23:25:49.366+0000] {dag.py:3096} INFO - Sync 1 DAGs
[2026-05-08T23:25:49.545+0000] {processor.py:183} INFO - Processing /opt/airflow/dags/dag_job_intelligent .py took 0.351 seconds
[2026-05-08T23:26:20.204+0000] {processor.py:161} INFO - Started process (PID=7697) to work on /opt/airflow/dags/dag_job_intelligent .py
[2026-05-08T23:26:20.208+0000] {processor.py:830} INFO - Processing file /opt/airflow/dags/dag_job_intelligent .py for tasks to queue
[2026-05-08T23:26:20.211+0000] {logging_mixin.py:188} INFO - [2026-05-08T23:26:20.211+0000] {dagbag.py:545} INFO - Filling up the DagBag from /opt/airflow/dags/dag_job_intelligent .py
[2026-05-08T23:26:20.320+0000] {processor.py:840} INFO - DAG(s) 'job_intelligent_pipeline' retrieved from /opt/airflow/dags/dag_job_intelligent .py
[2026-05-08T23:26:20.429+0000] {logging_mixin.py:188} INFO - [2026-05-08T23:26:20.429+0000] {dag.py:3096} INFO - Sync 1 DAGs
[2026-05-08T23:26:20.609+0000] {processor.py:183} INFO - Processing /opt/airflow/dags/dag_job_intelligent .py took 0.447 seconds
[2026-05-08T23:26:51.945+0000] {processor.py:161} INFO - Started process (PID=7712) to work on /opt/airflow/dags/dag_job_intelligent .py
[2026-05-08T23:26:51.965+0000] {processor.py:830} INFO - Processing file /opt/airflow/dags/dag_job_intelligent .py for tasks to queue
[2026-05-08T23:26:51.994+0000] {logging_mixin.py:188} INFO - [2026-05-08T23:26:51.975+0000] {dagbag.py:545} INFO - Filling up the DagBag from /opt/airflow/dags/dag_job_intelligent .py
[2026-05-08T23:26:52.332+0000] {processor.py:840} INFO - DAG(s) 'job_intelligent_pipeline' retrieved from /opt/airflow/dags/dag_job_intelligent .py
[2026-05-08T23:26:52.561+0000] {logging_mixin.py:188} INFO - [2026-05-08T23:26:52.560+0000] {dag.py:3096} INFO - Sync 1 DAGs
[2026-05-08T23:26:52.964+0000] {processor.py:183} INFO - Processing /opt/airflow/dags/dag_job_intelligent .py took 1.118 seconds
[2026-05-08T23:27:23.228+0000] {processor.py:161} INFO - Started process (PID=7720) to work on /opt/airflow/dags/dag_job_intelligent .py
[2026-05-08T23:27:23.233+0000] {processor.py:830} INFO - Processing file /opt/airflow/dags/dag_job_intelligent .py for tasks to queue
[2026-05-08T23:27:23.241+0000] {logging_mixin.py:188} INFO - [2026-05-08T23:27:23.234+0000] {dagbag.py:545} INFO - Filling up the DagBag from /opt/airflow/dags/dag_job_intelligent .py
[2026-05-08T23:27:23.333+0000] {processor.py:840} INFO - DAG(s) 'job_intelligent_pipeline' retrieved from /opt/airflow/dags/dag_job_intelligent .py
[2026-05-08T23:27:23.478+0000] {logging_mixin.py:188} INFO - [2026-05-08T23:27:23.477+0000] {dag.py:3096} INFO - Sync 1 DAGs
[2026-05-08T23:27:23.706+0000] {processor.py:183} INFO - Processing /opt/airflow/dags/dag_job_intelligent .py took 0.501 seconds
[2026-05-08T23:27:54.734+0000] {processor.py:161} INFO - Started process (PID=7734) to work on /opt/airflow/dags/dag_job_intelligent .py
[2026-05-08T23:27:54.736+0000] {processor.py:830} INFO - Processing file /opt/airflow/dags/dag_job_intelligent .py for tasks to queue
[2026-05-08T23:27:54.739+0000] {logging_mixin.py:188} INFO - [2026-05-08T23:27:54.738+0000] {dagbag.py:545} INFO - Filling up the DagBag from /opt/airflow/dags/dag_job_intelligent .py
[2026-05-08T23:27:54.846+0000] {processor.py:840} INFO - DAG(s) 'job_intelligent_pipeline' retrieved from /opt/airflow/dags/dag_job_intelligent .py
[2026-05-08T23:27:55.072+0000] {logging_mixin.py:188} INFO - [2026-05-08T23:27:55.060+0000] {dag.py:3096} INFO - Sync 1 DAGs
[2026-05-08T23:27:55.364+0000] {processor.py:183} INFO - Processing /opt/airflow/dags/dag_job_intelligent .py took 0.657 seconds
[2026-05-08T23:28:25.776+0000] {processor.py:161} INFO - Started process (PID=7742) to work on /opt/airflow/dags/dag_job_intelligent .py
[2026-05-08T23:28:25.778+0000] {processor.py:830} INFO - Processing file /opt/airflow/dags/dag_job_intelligent .py for tasks to queue
[2026-05-08T23:28:25.782+0000] {logging_mixin.py:188} INFO - [2026-05-08T23:28:25.781+0000] {dagbag.py:545} INFO - Filling up the DagBag from /opt/airflow/dags/dag_job_intelligent .py
[2026-05-08T23:28:25.832+0000] {processor.py:840} INFO - DAG(s) 'job_intelligent_pipeline' retrieved from /opt/airflow/dags/dag_job_intelligent .py
[2026-05-08T23:28:25.915+0000] {logging_mixin.py:188} INFO - [2026-05-08T23:28:25.915+0000] {dag.py:3096} INFO - Sync 1 DAGs
[2026-05-08T23:28:26.216+0000] {processor.py:183} INFO - Processing /opt/airflow/dags/dag_job_intelligent .py took 0.464 seconds
[2026-05-08T23:28:56.943+0000] {processor.py:161} INFO - Started process (PID=7755) to work on /opt/airflow/dags/dag_job_intelligent .py
[2026-05-08T23:28:56.957+0000] {processor.py:830} INFO - Processing file /opt/airflow/dags/dag_job_intelligent .py for tasks to queue
[2026-05-08T23:28:56.977+0000] {logging_mixin.py:188} INFO - [2026-05-08T23:28:56.964+0000] {dagbag.py:545} INFO - Filling up the DagBag from /opt/airflow/dags/dag_job_intelligent .py
[2026-05-08T23:28:57.324+0000] {processor.py:840} INFO - DAG(s) 'job_intelligent_pipeline' retrieved from /opt/airflow/dags/dag_job_intelligent .py
[2026-05-08T23:28:57.700+0000] {logging_mixin.py:188} INFO - [2026-05-08T23:28:57.700+0000] {dag.py:3096} INFO - Sync 1 DAGs
[2026-05-08T23:28:58.158+0000] {processor.py:183} INFO - Processing /opt/airflow/dags/dag_job_intelligent .py took 1.276 seconds
[2026-05-08T23:29:28.531+0000] {processor.py:161} INFO - Started process (PID=7764) to work on /opt/airflow/dags/dag_job_intelligent .py
[2026-05-08T23:29:28.533+0000] {processor.py:830} INFO - Processing file /opt/airflow/dags/dag_job_intelligent .py for tasks to queue
[2026-05-08T23:29:28.535+0000] {logging_mixin.py:188} INFO - [2026-05-08T23:29:28.534+0000] {dagbag.py:545} INFO - Filling up the DagBag from /opt/airflow/dags/dag_job_intelligent .py
[2026-05-08T23:29:28.579+0000] {processor.py:840} INFO - DAG(s) 'job_intelligent_pipeline' retrieved from /opt/airflow/dags/dag_job_intelligent .py
[2026-05-08T23:29:28.642+0000] {logging_mixin.py:188} INFO - [2026-05-08T23:29:28.641+0000] {dag.py:3096} INFO - Sync 1 DAGs
[2026-05-08T23:29:28.767+0000] {processor.py:183} INFO - Processing /opt/airflow/dags/dag_job_intelligent .py took 0.249 seconds
[2026-05-08T23:29:58.953+0000] {processor.py:161} INFO - Started process (PID=7778) to work on /opt/airflow/dags/dag_job_intelligent .py
[2026-05-08T23:29:58.955+0000] {processor.py:830} INFO - Processing file /opt/airflow/dags/dag_job_intelligent .py for tasks to queue
[2026-05-08T23:29:58.957+0000] {logging_mixin.py:188} INFO - [2026-05-08T23:29:58.956+0000] {dagbag.py:545} INFO - Filling up the DagBag from /opt/airflow/dags/dag_job_intelligent .py
[2026-05-08T23:29:59.055+0000] {processor.py:840} INFO - DAG(s) 'job_intelligent_pipeline' retrieved from /opt/airflow/dags/dag_job_intelligent .py
[2026-05-08T23:29:59.163+0000] {logging_mixin.py:188} INFO - [2026-05-08T23:29:59.163+0000] {dag.py:3096} INFO - Sync 1 DAGs
[2026-05-08T23:29:59.284+0000] {processor.py:183} INFO - Processing /opt/airflow/dags/dag_job_intelligent .py took 0.346 seconds
[2026-05-08T23:30:31.473+0000] {processor.py:161} INFO - Started process (PID=7787) to work on /opt/airflow/dags/dag_job_intelligent .py
[2026-05-08T23:30:31.481+0000] {processor.py:830} INFO - Processing file /opt/airflow/dags/dag_job_intelligent .py for tasks to queue
[2026-05-08T23:30:31.487+0000] {logging_mixin.py:188} INFO - [2026-05-08T23:30:31.486+0000] {dagbag.py:545} INFO - Filling up the DagBag from /opt/airflow/dags/dag_job_intelligent .py
[2026-05-08T23:30:31.699+0000] {processor.py:840} INFO - DAG(s) 'job_intelligent_pipeline' retrieved from /opt/airflow/dags/dag_job_intelligent .py
[2026-05-08T23:30:32.125+0000] {logging_mixin.py:188} INFO - [2026-05-08T23:30:32.124+0000] {dag.py:3096} INFO - Sync 1 DAGs
[2026-05-08T23:30:32.812+0000] {processor.py:183} INFO - Processing /opt/airflow/dags/dag_job_intelligent .py took 1.370 seconds
[2026-05-08T23:31:03.229+0000] {processor.py:161} INFO - Started process (PID=7800) to work on /opt/airflow/dags/dag_job_intelligent .py
[2026-05-08T23:31:03.236+0000] {processor.py:830} INFO - Processing file /opt/airflow/dags/dag_job_intelligent .py for tasks to queue
[2026-05-08T23:31:03.243+0000] {logging_mixin.py:188} INFO - [2026-05-08T23:31:03.242+0000] {dagbag.py:545} INFO - Filling up the DagBag from /opt/airflow/dags/dag_job_intelligent .py
[2026-05-08T23:31:03.327+0000] {processor.py:840} INFO - DAG(s) 'job_intelligent_pipeline' retrieved from /opt/airflow/dags/dag_job_intelligent .py
[2026-05-08T23:31:03.557+0000] {logging_mixin.py:188} INFO - [2026-05-08T23:31:03.556+0000] {dag.py:3096} INFO - Sync 1 DAGs
[2026-05-08T23:31:03.733+0000] {processor.py:183} INFO - Processing /opt/airflow/dags/dag_job_intelligent .py took 0.520 seconds
[2026-05-08T23:31:34.066+0000] {processor.py:161} INFO - Started process (PID=7815) to work on /opt/airflow/dags/dag_job_intelligent .py
[2026-05-08T23:31:34.073+0000] {processor.py:830} INFO - Processing file /opt/airflow/dags/dag_job_intelligent .py for tasks to queue
[2026-05-08T23:31:34.078+0000] {logging_mixin.py:188} INFO - [2026-05-08T23:31:34.077+0000] {dagbag.py:545} INFO - Filling up the DagBag from /opt/airflow/dags/dag_job_intelligent .py
[2026-05-08T23:31:34.162+0000] {processor.py:840} INFO - DAG(s) 'job_intelligent_pipeline' retrieved from /opt/airflow/dags/dag_job_intelligent .py
[2026-05-08T23:31:34.258+0000] {logging_mixin.py:188} INFO - [2026-05-08T23:31:34.257+0000] {dag.py:3096} INFO - Sync 1 DAGs
[2026-05-08T23:31:34.330+0000] {processor.py:183} INFO - Processing /opt/airflow/dags/dag_job_intelligent .py took 0.287 seconds
[2026-05-08T23:32:04.874+0000] {processor.py:161} INFO - Started process (PID=7823) to work on /opt/airflow/dags/dag_job_intelligent .py
[2026-05-08T23:32:04.876+0000] {processor.py:830} INFO - Processing file /opt/airflow/dags/dag_job_intelligent .py for tasks to queue
[2026-05-08T23:32:04.887+0000] {logging_mixin.py:188} INFO - [2026-05-08T23:32:04.886+0000] {dagbag.py:545} INFO - Filling up the DagBag from /opt/airflow/dags/dag_job_intelligent .py
[2026-05-08T23:32:05.031+0000] {processor.py:840} INFO - DAG(s) 'job_intelligent_pipeline' retrieved from /opt/airflow/dags/dag_job_intelligent .py
[2026-05-08T23:32:05.271+0000] {logging_mixin.py:188} INFO - [2026-05-08T23:32:05.270+0000] {dag.py:3096} INFO - Sync 1 DAGs
[2026-05-08T23:32:05.588+0000] {processor.py:183} INFO - Processing /opt/airflow/dags/dag_job_intelligent .py took 0.748 seconds
[2026-05-08T23:32:36.222+0000] {processor.py:161} INFO - Started process (PID=7837) to work on /opt/airflow/dags/dag_job_intelligent .py
[2026-05-08T23:32:36.228+0000] {processor.py:830} INFO - Processing file /opt/airflow/dags/dag_job_intelligent .py for tasks to queue
[2026-05-08T23:32:36.230+0000] {logging_mixin.py:188} INFO - [2026-05-08T23:32:36.230+0000] {dagbag.py:545} INFO - Filling up the DagBag from /opt/airflow/dags/dag_job_intelligent .py
[2026-05-08T23:32:36.353+0000] {processor.py:840} INFO - DAG(s) 'job_intelligent_pipeline' retrieved from /opt/airflow/dags/dag_job_intelligent .py
[2026-05-08T23:32:36.524+0000] {logging_mixin.py:188} INFO - [2026-05-08T23:32:36.524+0000] {dag.py:3096} INFO - Sync 1 DAGs
[2026-05-08T23:32:36.637+0000] {processor.py:183} INFO - Processing /opt/airflow/dags/dag_job_intelligent .py took 0.439 seconds
[2026-05-08T23:33:07.808+0000] {processor.py:161} INFO - Started process (PID=7845) to work on /opt/airflow/dags/dag_job_intelligent .py
[2026-05-08T23:33:07.811+0000] {processor.py:830} INFO - Processing file /opt/airflow/dags/dag_job_intelligent .py for tasks to queue
[2026-05-08T23:33:07.821+0000] {logging_mixin.py:188} INFO - [2026-05-08T23:33:07.820+0000] {dagbag.py:545} INFO - Filling up the DagBag from /opt/airflow/dags/dag_job_intelligent .py
[2026-05-08T23:33:07.947+0000] {processor.py:840} INFO - DAG(s) 'job_intelligent_pipeline' retrieved from /opt/airflow/dags/dag_job_intelligent .py
[2026-05-08T23:33:08.188+0000] {logging_mixin.py:188} INFO - [2026-05-08T23:33:08.188+0000] {dag.py:3096} INFO - Sync 1 DAGs
[2026-05-08T23:33:08.390+0000] {processor.py:183} INFO - Processing /opt/airflow/dags/dag_job_intelligent .py took 0.605 seconds
[2026-05-08T23:33:38.568+0000] {processor.py:161} INFO - Started process (PID=7858) to work on /opt/airflow/dags/dag_job_intelligent .py
[2026-05-08T23:33:38.570+0000] {processor.py:830} INFO - Processing file /opt/airflow/dags/dag_job_intelligent .py for tasks to queue
[2026-05-08T23:33:38.572+0000] {logging_mixin.py:188} INFO - [2026-05-08T23:33:38.571+0000] {dagbag.py:545} INFO - Filling up the DagBag from /opt/airflow/dags/dag_job_intelligent .py
[2026-05-08T23:33:38.617+0000] {processor.py:840} INFO - DAG(s) 'job_intelligent_pipeline' retrieved from /opt/airflow/dags/dag_job_intelligent .py
[2026-05-08T23:33:38.677+0000] {logging_mixin.py:188} INFO - [2026-05-08T23:33:38.677+0000] {dag.py:3096} INFO - Sync 1 DAGs
[2026-05-08T23:33:38.747+0000] {processor.py:183} INFO - Processing /opt/airflow/dags/dag_job_intelligent .py took 0.201 seconds
[2026-05-08T23:34:09.343+0000] {processor.py:161} INFO - Started process (PID=7865) to work on /opt/airflow/dags/dag_job_intelligent .py
[2026-05-08T23:34:09.344+0000] {processor.py:830} INFO - Processing file /opt/airflow/dags/dag_job_intelligent .py for tasks to queue
[2026-05-08T23:34:09.347+0000] {logging_mixin.py:188} INFO - [2026-05-08T23:34:09.346+0000] {dagbag.py:545} INFO - Filling up the DagBag from /opt/airflow/dags/dag_job_intelligent .py
[2026-05-08T23:34:09.394+0000] {processor.py:840} INFO - DAG(s) 'job_intelligent_pipeline' retrieved from /opt/airflow/dags/dag_job_intelligent .py
[2026-05-08T23:34:09.462+0000] {logging_mixin.py:188} INFO - [2026-05-08T23:34:09.461+0000] {dag.py:3096} INFO - Sync 1 DAGs
[2026-05-08T23:34:09.658+0000] {processor.py:183} INFO - Processing /opt/airflow/dags/dag_job_intelligent .py took 0.334 seconds
[2026-05-08T23:34:40.149+0000] {processor.py:161} INFO - Started process (PID=7880) to work on /opt/airflow/dags/dag_job_intelligent .py
[2026-05-08T23:34:40.151+0000] {processor.py:830} INFO - Processing file /opt/airflow/dags/dag_job_intelligent .py for tasks to queue
[2026-05-08T23:34:40.153+0000] {logging_mixin.py:188} INFO - [2026-05-08T23:34:40.152+0000] {dagbag.py:545} INFO - Filling up the DagBag from /opt/airflow/dags/dag_job_intelligent .py
[2026-05-08T23:34:40.219+0000] {processor.py:840} INFO - DAG(s) 'job_intelligent_pipeline' retrieved from /opt/airflow/dags/dag_job_intelligent .py
[2026-05-08T23:34:40.323+0000] {logging_mixin.py:188} INFO - [2026-05-08T23:34:40.323+0000] {dag.py:3096} INFO - Sync 1 DAGs
[2026-05-08T23:34:40.415+0000] {processor.py:183} INFO - Processing /opt/airflow/dags/dag_job_intelligent .py took 0.281 seconds
[2026-05-08T23:35:10.881+0000] {processor.py:161} INFO - Started process (PID=7888) to work on /opt/airflow/dags/dag_job_intelligent .py
[2026-05-08T23:35:10.887+0000] {processor.py:830} INFO - Processing file /opt/airflow/dags/dag_job_intelligent .py for tasks to queue
[2026-05-08T23:35:10.890+0000] {logging_mixin.py:188} INFO - [2026-05-08T23:35:10.889+0000] {dagbag.py:545} INFO - Filling up the DagBag from /opt/airflow/dags/dag_job_intelligent .py
[2026-05-08T23:35:11.061+0000] {processor.py:840} INFO - DAG(s) 'job_intelligent_pipeline' retrieved from /opt/airflow/dags/dag_job_intelligent .py
[2026-05-08T23:35:11.294+0000] {logging_mixin.py:188} INFO - [2026-05-08T23:35:11.293+0000] {dag.py:3096} INFO - Sync 1 DAGs
[2026-05-08T23:35:11.535+0000] {logging_mixin.py:188} INFO - [2026-05-08T23:35:11.534+0000] {dag.py:3954} INFO - Setting next_dagrun for job_intelligent_pipeline to 2026-05-08 06:00:00+00:00, run_after=2026-05-09 06:00:00+00:00
[2026-05-08T23:35:11.828+0000] {processor.py:183} INFO - Processing /opt/airflow/dags/dag_job_intelligent .py took 1.008 seconds
[2026-05-08T23:35:42.815+0000] {processor.py:161} INFO - Started process (PID=7902) to work on /opt/airflow/dags/dag_job_intelligent .py
[2026-05-08T23:35:42.817+0000] {processor.py:830} INFO - Processing file /opt/airflow/dags/dag_job_intelligent .py for tasks to queue
[2026-05-08T23:35:42.820+0000] {logging_mixin.py:188} INFO - [2026-05-08T23:35:42.819+0000] {dagbag.py:545} INFO - Filling up the DagBag from /opt/airflow/dags/dag_job_intelligent .py
[2026-05-08T23:35:42.891+0000] {processor.py:840} INFO - DAG(s) 'job_intelligent_pipeline' retrieved from /opt/airflow/dags/dag_job_intelligent .py
[2026-05-08T23:35:42.973+0000] {logging_mixin.py:188} INFO - [2026-05-08T23:35:42.972+0000] {dag.py:3096} INFO - Sync 1 DAGs
[2026-05-08T23:35:43.042+0000] {logging_mixin.py:188} INFO - [2026-05-08T23:35:43.042+0000] {dag.py:3954} INFO - Setting next_dagrun for job_intelligent_pipeline to 2026-05-08 06:00:00+00:00, run_after=2026-05-09 06:00:00+00:00
[2026-05-08T23:35:43.108+0000] {processor.py:183} INFO - Processing /opt/airflow/dags/dag_job_intelligent .py took 0.313 seconds
[2026-05-08T23:36:13.592+0000] {processor.py:161} INFO - Started process (PID=7910) to work on /opt/airflow/dags/dag_job_intelligent .py
[2026-05-08T23:36:13.594+0000] {processor.py:830} INFO - Processing file /opt/airflow/dags/dag_job_intelligent .py for tasks to queue
[2026-05-08T23:36:13.597+0000] {logging_mixin.py:188} INFO - [2026-05-08T23:36:13.596+0000] {dagbag.py:545} INFO - Filling up the DagBag from /opt/airflow/dags/dag_job_intelligent .py
[2026-05-08T23:36:13.653+0000] {processor.py:840} INFO - DAG(s) 'job_intelligent_pipeline' retrieved from /opt/airflow/dags/dag_job_intelligent .py
[2026-05-08T23:36:13.734+0000] {logging_mixin.py:188} INFO - [2026-05-08T23:36:13.734+0000] {dag.py:3096} INFO - Sync 1 DAGs
[2026-05-08T23:36:13.781+0000] {logging_mixin.py:188} INFO - [2026-05-08T23:36:13.780+0000] {dag.py:3954} INFO - Setting next_dagrun for job_intelligent_pipeline to 2026-05-08 06:00:00+00:00, run_after=2026-05-09 06:00:00+00:00
[2026-05-08T23:36:13.819+0000] {processor.py:183} INFO - Processing /opt/airflow/dags/dag_job_intelligent .py took 0.237 seconds
[2026-05-08T23:36:44.049+0000] {processor.py:161} INFO - Started process (PID=7924) to work on /opt/airflow/dags/dag_job_intelligent .py
[2026-05-08T23:36:44.051+0000] {processor.py:830} INFO - Processing file /opt/airflow/dags/dag_job_intelligent .py for tasks to queue
[2026-05-08T23:36:44.053+0000] {logging_mixin.py:188} INFO - [2026-05-08T23:36:44.053+0000] {dagbag.py:545} INFO - Filling up the DagBag from /opt/airflow/dags/dag_job_intelligent .py
[2026-05-08T23:36:44.109+0000] {processor.py:840} INFO - DAG(s) 'job_intelligent_pipeline' retrieved from /opt/airflow/dags/dag_job_intelligent .py
[2026-05-08T23:36:44.200+0000] {logging_mixin.py:188} INFO - [2026-05-08T23:36:44.199+0000] {dag.py:3096} INFO - Sync 1 DAGs
[2026-05-08T23:36:44.285+0000] {logging_mixin.py:188} INFO - [2026-05-08T23:36:44.284+0000] {dag.py:3954} INFO - Setting next_dagrun for job_intelligent_pipeline to 2026-05-08 06:00:00+00:00, run_after=2026-05-09 06:00:00+00:00
[2026-05-08T23:36:44.331+0000] {processor.py:183} INFO - Processing /opt/airflow/dags/dag_job_intelligent .py took 0.297 seconds
[2026-05-08T23:37:14.776+0000] {processor.py:161} INFO - Started process (PID=7933) to work on /opt/airflow/dags/dag_job_intelligent .py
[2026-05-08T23:37:14.778+0000] {processor.py:830} INFO - Processing file /opt/airflow/dags/dag_job_intelligent .py for tasks to queue
[2026-05-08T23:37:14.780+0000] {logging_mixin.py:188} INFO - [2026-05-08T23:37:14.780+0000] {dagbag.py:545} INFO - Filling up the DagBag from /opt/airflow/dags/dag_job_intelligent .py
[2026-05-08T23:37:14.822+0000] {processor.py:840} INFO - DAG(s) 'job_intelligent_pipeline' retrieved from /opt/airflow/dags/dag_job_intelligent .py
[2026-05-08T23:37:14.886+0000] {logging_mixin.py:188} INFO - [2026-05-08T23:37:14.885+0000] {dag.py:3096} INFO - Sync 1 DAGs
[2026-05-08T23:37:14.927+0000] {logging_mixin.py:188} INFO - [2026-05-08T23:37:14.926+0000] {dag.py:3954} INFO - Setting next_dagrun for job_intelligent_pipeline to 2026-05-08 06:00:00+00:00, run_after=2026-05-09 06:00:00+00:00
[2026-05-08T23:37:14.957+0000] {processor.py:183} INFO - Processing /opt/airflow/dags/dag_job_intelligent .py took 0.193 seconds
[2026-05-08T23:37:45.907+0000] {processor.py:161} INFO - Started process (PID=7947) to work on /opt/airflow/dags/dag_job_intelligent .py
[2026-05-08T23:37:45.923+0000] {processor.py:830} INFO - Processing file /opt/airflow/dags/dag_job_intelligent .py for tasks to queue
[2026-05-08T23:37:45.960+0000] {logging_mixin.py:188} INFO - [2026-05-08T23:37:45.952+0000] {dagbag.py:545} INFO - Filling up the DagBag from /opt/airflow/dags/dag_job_intelligent .py
[2026-05-08T23:37:46.250+0000] {processor.py:840} INFO - DAG(s) 'job_intelligent_pipeline' retrieved from /opt/airflow/dags/dag_job_intelligent .py
[2026-05-08T23:37:46.512+0000] {logging_mixin.py:188} INFO - [2026-05-08T23:37:46.512+0000] {dag.py:3096} INFO - Sync 1 DAGs
[2026-05-08T23:37:46.609+0000] {logging_mixin.py:188} INFO - [2026-05-08T23:37:46.609+0000] {dag.py:3954} INFO - Setting next_dagrun for job_intelligent_pipeline to 2026-05-08 06:00:00+00:00, run_after=2026-05-09 06:00:00+00:00
[2026-05-08T23:37:46.678+0000] {processor.py:183} INFO - Processing /opt/airflow/dags/dag_job_intelligent .py took 0.794 seconds
[2026-05-08T23:38:17.161+0000] {processor.py:161} INFO - Started process (PID=7961) to work on /opt/airflow/dags/dag_job_intelligent .py
[2026-05-08T23:38:17.163+0000] {processor.py:830} INFO - Processing file /opt/airflow/dags/dag_job_intelligent .py for tasks to queue
[2026-05-08T23:38:17.165+0000] {logging_mixin.py:188} INFO - [2026-05-08T23:38:17.164+0000] {dagbag.py:545} INFO - Filling up the DagBag from /opt/airflow/dags/dag_job_intelligent .py
[2026-05-08T23:38:17.284+0000] {processor.py:840} INFO - DAG(s) 'job_intelligent_pipeline' retrieved from /opt/airflow/dags/dag_job_intelligent .py
[2026-05-08T23:38:17.443+0000] {logging_mixin.py:188} INFO - [2026-05-08T23:38:17.442+0000] {dag.py:3096} INFO - Sync 1 DAGs
[2026-05-08T23:38:17.527+0000] {logging_mixin.py:188} INFO - [2026-05-08T23:38:17.526+0000] {dag.py:3954} INFO - Setting next_dagrun for job_intelligent_pipeline to 2026-05-08 06:00:00+00:00, run_after=2026-05-09 06:00:00+00:00
[2026-05-08T23:38:17.634+0000] {processor.py:183} INFO - Processing /opt/airflow/dags/dag_job_intelligent .py took 0.501 seconds
[2026-05-08T23:38:49.108+0000] {processor.py:161} INFO - Started process (PID=7969) to work on /opt/airflow/dags/dag_job_intelligent .py
[2026-05-08T23:38:49.111+0000] {processor.py:830} INFO - Processing file /opt/airflow/dags/dag_job_intelligent .py for tasks to queue
[2026-05-08T23:38:49.118+0000] {logging_mixin.py:188} INFO - [2026-05-08T23:38:49.117+0000] {dagbag.py:545} INFO - Filling up the DagBag from /opt/airflow/dags/dag_job_intelligent .py
[2026-05-08T23:38:49.259+0000] {processor.py:840} INFO - DAG(s) 'job_intelligent_pipeline' retrieved from /opt/airflow/dags/dag_job_intelligent .py
[2026-05-08T23:38:49.535+0000] {logging_mixin.py:188} INFO - [2026-05-08T23:38:49.535+0000] {dag.py:3096} INFO - Sync 1 DAGs
[2026-05-08T23:38:49.812+0000] {logging_mixin.py:188} INFO - [2026-05-08T23:38:49.811+0000] {dag.py:3954} INFO - Setting next_dagrun for job_intelligent_pipeline to 2026-05-08 06:00:00+00:00, run_after=2026-05-09 06:00:00+00:00
[2026-05-08T23:38:50.049+0000] {processor.py:183} INFO - Processing /opt/airflow/dags/dag_job_intelligent .py took 1.039 seconds
[2026-05-08T23:39:20.517+0000] {processor.py:161} INFO - Started process (PID=7983) to work on /opt/airflow/dags/dag_job_intelligent .py
[2026-05-08T23:39:20.520+0000] {processor.py:830} INFO - Processing file /opt/airflow/dags/dag_job_intelligent .py for tasks to queue
[2026-05-08T23:39:20.527+0000] {logging_mixin.py:188} INFO - [2026-05-08T23:39:20.526+0000] {dagbag.py:545} INFO - Filling up the DagBag from /opt/airflow/dags/dag_job_intelligent .py
[2026-05-08T23:39:20.617+0000] {processor.py:840} INFO - DAG(s) 'job_intelligent_pipeline' retrieved from /opt/airflow/dags/dag_job_intelligent .py
[2026-05-08T23:39:20.715+0000] {logging_mixin.py:188} INFO - [2026-05-08T23:39:20.714+0000] {dag.py:3096} INFO - Sync 1 DAGs
[2026-05-08T23:39:20.769+0000] {logging_mixin.py:188} INFO - [2026-05-08T23:39:20.768+0000] {dag.py:3954} INFO - Setting next_dagrun for job_intelligent_pipeline to 2026-05-08 06:00:00+00:00, run_after=2026-05-09 06:00:00+00:00
[2026-05-08T23:39:20.868+0000] {processor.py:183} INFO - Processing /opt/airflow/dags/dag_job_intelligent .py took 0.373 seconds
[2026-05-08T23:39:51.574+0000] {processor.py:161} INFO - Started process (PID=7991) to work on /opt/airflow/dags/dag_job_intelligent .py
[2026-05-08T23:39:51.590+0000] {processor.py:830} INFO - Processing file /opt/airflow/dags/dag_job_intelligent .py for tasks to queue
[2026-05-08T23:39:51.593+0000] {logging_mixin.py:188} INFO - [2026-05-08T23:39:51.592+0000] {dagbag.py:545} INFO - Filling up the DagBag from /opt/airflow/dags/dag_job_intelligent .py
[2026-05-08T23:39:51.800+0000] {processor.py:840} INFO - DAG(s) 'job_intelligent_pipeline' retrieved from /opt/airflow/dags/dag_job_intelligent .py
[2026-05-08T23:39:52.016+0000] {logging_mixin.py:188} INFO - [2026-05-08T23:39:52.014+0000] {dag.py:3096} INFO - Sync 1 DAGs
[2026-05-08T23:39:52.334+0000] {logging_mixin.py:188} INFO - [2026-05-08T23:39:52.291+0000] {dag.py:3954} INFO - Setting next_dagrun for job_intelligent_pipeline to 2026-05-08 06:00:00+00:00, run_after=2026-05-09 06:00:00+00:00
[2026-05-08T23:39:52.513+0000] {processor.py:183} INFO - Processing /opt/airflow/dags/dag_job_intelligent .py took 1.009 seconds
[2026-05-08T23:40:23.053+0000] {processor.py:161} INFO - Started process (PID=8005) to work on /opt/airflow/dags/dag_job_intelligent .py
[2026-05-08T23:40:23.066+0000] {processor.py:830} INFO - Processing file /opt/airflow/dags/dag_job_intelligent .py for tasks to queue
[2026-05-08T23:40:23.072+0000] {logging_mixin.py:188} INFO - [2026-05-08T23:40:23.072+0000] {dagbag.py:545} INFO - Filling up the DagBag from /opt/airflow/dags/dag_job_intelligent .py
[2026-05-08T23:40:23.136+0000] {processor.py:840} INFO - DAG(s) 'job_intelligent_pipeline' retrieved from /opt/airflow/dags/dag_job_intelligent .py
[2026-05-08T23:40:23.221+0000] {logging_mixin.py:188} INFO - [2026-05-08T23:40:23.220+0000] {dag.py:3096} INFO - Sync 1 DAGs
[2026-05-08T23:40:23.328+0000] {logging_mixin.py:188} INFO - [2026-05-08T23:40:23.328+0000] {dag.py:3954} INFO - Setting next_dagrun for job_intelligent_pipeline to 2026-05-08 06:00:00+00:00, run_after=2026-05-09 06:00:00+00:00
[2026-05-08T23:40:23.402+0000] {processor.py:183} INFO - Processing /opt/airflow/dags/dag_job_intelligent .py took 0.372 seconds
[2026-05-08T23:40:53.605+0000] {processor.py:161} INFO - Started process (PID=8013) to work on /opt/airflow/dags/dag_job_intelligent .py
[2026-05-08T23:40:53.607+0000] {processor.py:830} INFO - Processing file /opt/airflow/dags/dag_job_intelligent .py for tasks to queue
[2026-05-08T23:40:53.610+0000] {logging_mixin.py:188} INFO - [2026-05-08T23:40:53.609+0000] {dagbag.py:545} INFO - Filling up the DagBag from /opt/airflow/dags/dag_job_intelligent .py
[2026-05-08T23:40:53.685+0000] {processor.py:840} INFO - DAG(s) 'job_intelligent_pipeline' retrieved from /opt/airflow/dags/dag_job_intelligent .py
[2026-05-08T23:40:53.827+0000] {logging_mixin.py:188} INFO - [2026-05-08T23:40:53.826+0000] {dag.py:3096} INFO - Sync 1 DAGs
[2026-05-08T23:40:53.888+0000] {logging_mixin.py:188} INFO - [2026-05-08T23:40:53.888+0000] {dag.py:3954} INFO - Setting next_dagrun for job_intelligent_pipeline to 2026-05-08 06:00:00+00:00, run_after=2026-05-09 06:00:00+00:00
[2026-05-08T23:40:53.925+0000] {processor.py:183} INFO - Processing /opt/airflow/dags/dag_job_intelligent .py took 0.339 seconds
[2026-05-08T23:41:24.886+0000] {processor.py:161} INFO - Started process (PID=8026) to work on /opt/airflow/dags/dag_job_intelligent .py
[2026-05-08T23:41:24.888+0000] {processor.py:830} INFO - Processing file /opt/airflow/dags/dag_job_intelligent .py for tasks to queue
[2026-05-08T23:41:24.890+0000] {logging_mixin.py:188} INFO - [2026-05-08T23:41:24.889+0000] {dagbag.py:545} INFO - Filling up the DagBag from /opt/airflow/dags/dag_job_intelligent .py
[2026-05-08T23:41:24.999+0000] {processor.py:840} INFO - DAG(s) 'job_intelligent_pipeline' retrieved from /opt/airflow/dags/dag_job_intelligent .py
[2026-05-08T23:41:25.186+0000] {logging_mixin.py:188} INFO - [2026-05-08T23:41:25.185+0000] {dag.py:3096} INFO - Sync 1 DAGs
[2026-05-08T23:41:25.264+0000] {logging_mixin.py:188} INFO - [2026-05-08T23:41:25.263+0000] {dag.py:3954} INFO - Setting next_dagrun for job_intelligent_pipeline to 2026-05-08 06:00:00+00:00, run_after=2026-05-09 06:00:00+00:00
[2026-05-08T23:41:25.329+0000] {processor.py:183} INFO - Processing /opt/airflow/dags/dag_job_intelligent .py took 0.459 seconds
[2026-05-08T23:41:55.944+0000] {processor.py:161} INFO - Started process (PID=8034) to work on /opt/airflow/dags/dag_job_intelligent .py
[2026-05-08T23:41:55.948+0000] {processor.py:830} INFO - Processing file /opt/airflow/dags/dag_job_intelligent .py for tasks to queue
[2026-05-08T23:41:55.951+0000] {logging_mixin.py:188} INFO - [2026-05-08T23:41:55.950+0000] {dagbag.py:545} INFO - Filling up the DagBag from /opt/airflow/dags/dag_job_intelligent .py
[2026-05-08T23:41:56.098+0000] {processor.py:840} INFO - DAG(s) 'job_intelligent_pipeline' retrieved from /opt/airflow/dags/dag_job_intelligent .py
[2026-05-08T23:41:56.415+0000] {logging_mixin.py:188} INFO - [2026-05-08T23:41:56.415+0000] {dag.py:3096} INFO - Sync 1 DAGs
[2026-05-08T23:41:56.613+0000] {logging_mixin.py:188} INFO - [2026-05-08T23:41:56.612+0000] {dag.py:3954} INFO - Setting next_dagrun for job_intelligent_pipeline to 2026-05-08 06:00:00+00:00, run_after=2026-05-09 06:00:00+00:00
[2026-05-08T23:41:56.672+0000] {processor.py:183} INFO - Processing /opt/airflow/dags/dag_job_intelligent .py took 0.750 seconds
[2026-05-08T23:42:27.811+0000] {processor.py:161} INFO - Started process (PID=8048) to work on /opt/airflow/dags/dag_job_intelligent .py
[2026-05-08T23:42:27.826+0000] {processor.py:830} INFO - Processing file /opt/airflow/dags/dag_job_intelligent .py for tasks to queue
[2026-05-08T23:42:27.828+0000] {logging_mixin.py:188} INFO - [2026-05-08T23:42:27.828+0000] {dagbag.py:545} INFO - Filling up the DagBag from /opt/airflow/dags/dag_job_intelligent .py
[2026-05-08T23:42:27.939+0000] {processor.py:840} INFO - DAG(s) 'job_intelligent_pipeline' retrieved from /opt/airflow/dags/dag_job_intelligent .py
[2026-05-08T23:42:28.026+0000] {logging_mixin.py:188} INFO - [2026-05-08T23:42:28.025+0000] {dag.py:3096} INFO - Sync 1 DAGs
[2026-05-08T23:42:28.114+0000] {logging_mixin.py:188} INFO - [2026-05-08T23:42:28.113+0000] {dag.py:3954} INFO - Setting next_dagrun for job_intelligent_pipeline to 2026-05-08 06:00:00+00:00, run_after=2026-05-09 06:00:00+00:00
[2026-05-08T23:42:28.198+0000] {processor.py:183} INFO - Processing /opt/airflow/dags/dag_job_intelligent .py took 0.426 seconds
[2026-05-08T23:42:58.473+0000] {processor.py:161} INFO - Started process (PID=8056) to work on /opt/airflow/dags/dag_job_intelligent .py
[2026-05-08T23:42:58.476+0000] {processor.py:830} INFO - Processing file /opt/airflow/dags/dag_job_intelligent .py for tasks to queue
[2026-05-08T23:42:58.479+0000] {logging_mixin.py:188} INFO - [2026-05-08T23:42:58.478+0000] {dagbag.py:545} INFO - Filling up the DagBag from /opt/airflow/dags/dag_job_intelligent .py
[2026-05-08T23:42:58.596+0000] {processor.py:840} INFO - DAG(s) 'job_intelligent_pipeline' retrieved from /opt/airflow/dags/dag_job_intelligent .py
[2026-05-08T23:42:58.714+0000] {logging_mixin.py:188} INFO - [2026-05-08T23:42:58.714+0000] {dag.py:3096} INFO - Sync 1 DAGs
[2026-05-08T23:42:58.756+0000] {logging_mixin.py:188} INFO - [2026-05-08T23:42:58.756+0000] {dag.py:3954} INFO - Setting next_dagrun for job_intelligent_pipeline to 2026-05-08 06:00:00+00:00, run_after=2026-05-09 06:00:00+00:00
[2026-05-08T23:42:58.789+0000] {processor.py:183} INFO - Processing /opt/airflow/dags/dag_job_intelligent .py took 0.331 seconds
[2026-05-08T23:43:29.194+0000] {processor.py:161} INFO - Started process (PID=8070) to work on /opt/airflow/dags/dag_job_intelligent .py
[2026-05-08T23:43:29.198+0000] {processor.py:830} INFO - Processing file /opt/airflow/dags/dag_job_intelligent .py for tasks to queue
[2026-05-08T23:43:29.200+0000] {logging_mixin.py:188} INFO - [2026-05-08T23:43:29.199+0000] {dagbag.py:545} INFO - Filling up the DagBag from /opt/airflow/dags/dag_job_intelligent .py
[2026-05-08T23:43:29.296+0000] {processor.py:840} INFO - DAG(s) 'job_intelligent_pipeline' retrieved from /opt/airflow/dags/dag_job_intelligent .py
[2026-05-08T23:43:29.448+0000] {logging_mixin.py:188} INFO - [2026-05-08T23:43:29.447+0000] {dag.py:3096} INFO - Sync 1 DAGs
[2026-05-08T23:43:29.506+0000] {logging_mixin.py:188} INFO - [2026-05-08T23:43:29.505+0000] {dag.py:3954} INFO - Setting next_dagrun for job_intelligent_pipeline to 2026-05-08 06:00:00+00:00, run_after=2026-05-09 06:00:00+00:00
[2026-05-08T23:43:29.653+0000] {processor.py:183} INFO - Processing /opt/airflow/dags/dag_job_intelligent .py took 0.477 seconds
[2026-05-08T23:44:00.202+0000] {processor.py:161} INFO - Started process (PID=8078) to work on /opt/airflow/dags/dag_job_intelligent .py
[2026-05-08T23:44:00.212+0000] {processor.py:830} INFO - Processing file /opt/airflow/dags/dag_job_intelligent .py for tasks to queue
[2026-05-08T23:44:00.229+0000] {logging_mixin.py:188} INFO - [2026-05-08T23:44:00.228+0000] {dagbag.py:545} INFO - Filling up the DagBag from /opt/airflow/dags/dag_job_intelligent .py
[2026-05-08T23:44:00.520+0000] {processor.py:840} INFO - DAG(s) 'job_intelligent_pipeline' retrieved from /opt/airflow/dags/dag_job_intelligent .py
[2026-05-08T23:44:00.656+0000] {logging_mixin.py:188} INFO - [2026-05-08T23:44:00.655+0000] {dag.py:3096} INFO - Sync 1 DAGs
[2026-05-08T23:44:00.779+0000] {logging_mixin.py:188} INFO - [2026-05-08T23:44:00.778+0000] {dag.py:3954} INFO - Setting next_dagrun for job_intelligent_pipeline to 2026-05-08 06:00:00+00:00, run_after=2026-05-09 06:00:00+00:00
[2026-05-08T23:44:00.861+0000] {processor.py:183} INFO - Processing /opt/airflow/dags/dag_job_intelligent .py took 0.683 seconds
[2026-05-08T23:44:31.498+0000] {processor.py:161} INFO - Started process (PID=8091) to work on /opt/airflow/dags/dag_job_intelligent .py
[2026-05-08T23:44:31.499+0000] {processor.py:830} INFO - Processing file /opt/airflow/dags/dag_job_intelligent .py for tasks to queue
[2026-05-08T23:44:31.501+0000] {logging_mixin.py:188} INFO - [2026-05-08T23:44:31.500+0000] {dagbag.py:545} INFO - Filling up the DagBag from /opt/airflow/dags/dag_job_intelligent .py
[2026-05-08T23:44:31.553+0000] {processor.py:840} INFO - DAG(s) 'job_intelligent_pipeline' retrieved from /opt/airflow/dags/dag_job_intelligent .py
[2026-05-08T23:44:31.775+0000] {logging_mixin.py:188} INFO - [2026-05-08T23:44:31.774+0000] {dag.py:3096} INFO - Sync 1 DAGs
[2026-05-08T23:44:31.967+0000] {logging_mixin.py:188} INFO - [2026-05-08T23:44:31.956+0000] {dag.py:3954} INFO - Setting next_dagrun for job_intelligent_pipeline to 2026-05-08 06:00:00+00:00, run_after=2026-05-09 06:00:00+00:00
[2026-05-08T23:44:32.083+0000] {processor.py:183} INFO - Processing /opt/airflow/dags/dag_job_intelligent .py took 0.601 seconds
[2026-05-08T23:45:02.716+0000] {processor.py:161} INFO - Started process (PID=8105) to work on /opt/airflow/dags/dag_job_intelligent .py
[2026-05-08T23:45:02.718+0000] {processor.py:830} INFO - Processing file /opt/airflow/dags/dag_job_intelligent .py for tasks to queue
[2026-05-08T23:45:02.719+0000] {logging_mixin.py:188} INFO - [2026-05-08T23:45:02.719+0000] {dagbag.py:545} INFO - Filling up the DagBag from /opt/airflow/dags/dag_job_intelligent .py
[2026-05-08T23:45:02.758+0000] {processor.py:840} INFO - DAG(s) 'job_intelligent_pipeline' retrieved from /opt/airflow/dags/dag_job_intelligent .py
[2026-05-08T23:45:02.825+0000] {logging_mixin.py:188} INFO - [2026-05-08T23:45:02.825+0000] {dag.py:3096} INFO - Sync 1 DAGs
[2026-05-08T23:45:02.882+0000] {logging_mixin.py:188} INFO - [2026-05-08T23:45:02.882+0000] {dag.py:3954} INFO - Setting next_dagrun for job_intelligent_pipeline to 2026-05-08 06:00:00+00:00, run_after=2026-05-09 06:00:00+00:00
[2026-05-08T23:45:02.948+0000] {processor.py:183} INFO - Processing /opt/airflow/dags/dag_job_intelligent .py took 0.247 seconds
[2026-05-08T23:45:33.253+0000] {processor.py:161} INFO - Started process (PID=8112) to work on /opt/airflow/dags/dag_job_intelligent .py
[2026-05-08T23:45:33.257+0000] {processor.py:830} INFO - Processing file /opt/airflow/dags/dag_job_intelligent .py for tasks to queue
[2026-05-08T23:45:33.262+0000] {logging_mixin.py:188} INFO - [2026-05-08T23:45:33.261+0000] {dagbag.py:545} INFO - Filling up the DagBag from /opt/airflow/dags/dag_job_intelligent .py
[2026-05-08T23:45:33.327+0000] {processor.py:840} INFO - DAG(s) 'job_intelligent_pipeline' retrieved from /opt/airflow/dags/dag_job_intelligent .py
[2026-05-08T23:45:33.454+0000] {logging_mixin.py:188} INFO - [2026-05-08T23:45:33.454+0000] {dag.py:3096} INFO - Sync 1 DAGs
[2026-05-08T23:45:33.563+0000] {logging_mixin.py:188} INFO - [2026-05-08T23:45:33.558+0000] {dag.py:3954} INFO - Setting next_dagrun for job_intelligent_pipeline to 2026-05-08 06:00:00+00:00, run_after=2026-05-09 06:00:00+00:00
[2026-05-08T23:45:33.771+0000] {processor.py:183} INFO - Processing /opt/airflow/dags/dag_job_intelligent .py took 0.538 seconds
[2026-05-08T23:46:03.941+0000] {processor.py:161} INFO - Started process (PID=8127) to work on /opt/airflow/dags/dag_job_intelligent .py
[2026-05-08T23:46:03.943+0000] {processor.py:830} INFO - Processing file /opt/airflow/dags/dag_job_intelligent .py for tasks to queue
[2026-05-08T23:46:03.945+0000] {logging_mixin.py:188} INFO - [2026-05-08T23:46:03.945+0000] {dagbag.py:545} INFO - Filling up the DagBag from /opt/airflow/dags/dag_job_intelligent .py
[2026-05-08T23:46:04.028+0000] {processor.py:840} INFO - DAG(s) 'job_intelligent_pipeline' retrieved from /opt/airflow/dags/dag_job_intelligent .py
[2026-05-08T23:46:04.184+0000] {logging_mixin.py:188} INFO - [2026-05-08T23:46:04.183+0000] {dag.py:3096} INFO - Sync 1 DAGs
[2026-05-08T23:46:04.278+0000] {logging_mixin.py:188} INFO - [2026-05-08T23:46:04.278+0000] {dag.py:3954} INFO - Setting next_dagrun for job_intelligent_pipeline to 2026-05-08 06:00:00+00:00, run_after=2026-05-09 06:00:00+00:00
[2026-05-08T23:46:04.339+0000] {processor.py:183} INFO - Processing /opt/airflow/dags/dag_job_intelligent .py took 0.410 seconds
[2026-05-08T23:46:35.186+0000] {processor.py:161} INFO - Started process (PID=8135) to work on /opt/airflow/dags/dag_job_intelligent .py
[2026-05-08T23:46:35.188+0000] {processor.py:830} INFO - Processing file /opt/airflow/dags/dag_job_intelligent .py for tasks to queue
[2026-05-08T23:46:35.190+0000] {logging_mixin.py:188} INFO - [2026-05-08T23:46:35.190+0000] {dagbag.py:545} INFO - Filling up the DagBag from /opt/airflow/dags/dag_job_intelligent .py
[2026-05-08T23:46:35.255+0000] {processor.py:840} INFO - DAG(s) 'job_intelligent_pipeline' retrieved from /opt/airflow/dags/dag_job_intelligent .py
[2026-05-08T23:46:35.406+0000] {logging_mixin.py:188} INFO - [2026-05-08T23:46:35.405+0000] {dag.py:3096} INFO - Sync 1 DAGs
[2026-05-08T23:46:35.546+0000] {logging_mixin.py:188} INFO - [2026-05-08T23:46:35.546+0000] {dag.py:3954} INFO - Setting next_dagrun for job_intelligent_pipeline to 2026-05-08 06:00:00+00:00, run_after=2026-05-09 06:00:00+00:00
[2026-05-08T23:46:35.716+0000] {processor.py:183} INFO - Processing /opt/airflow/dags/dag_job_intelligent .py took 0.543 seconds
[2026-05-08T23:47:06.871+0000] {processor.py:161} INFO - Started process (PID=8147) to work on /opt/airflow/dags/dag_job_intelligent .py
[2026-05-08T23:47:06.887+0000] {processor.py:830} INFO - Processing file /opt/airflow/dags/dag_job_intelligent .py for tasks to queue
[2026-05-08T23:47:06.904+0000] {logging_mixin.py:188} INFO - [2026-05-08T23:47:06.903+0000] {dagbag.py:545} INFO - Filling up the DagBag from /opt/airflow/dags/dag_job_intelligent .py
[2026-05-08T23:47:07.292+0000] {processor.py:840} INFO - DAG(s) 'job_intelligent_pipeline' retrieved from /opt/airflow/dags/dag_job_intelligent .py
[2026-05-08T23:47:07.614+0000] {logging_mixin.py:188} INFO - [2026-05-08T23:47:07.614+0000] {dag.py:3096} INFO - Sync 1 DAGs
[2026-05-08T23:47:07.852+0000] {logging_mixin.py:188} INFO - [2026-05-08T23:47:07.852+0000] {dag.py:3954} INFO - Setting next_dagrun for job_intelligent_pipeline to 2026-05-08 06:00:00+00:00, run_after=2026-05-09 06:00:00+00:00
[2026-05-08T23:47:08.266+0000] {processor.py:183} INFO - Processing /opt/airflow/dags/dag_job_intelligent .py took 1.518 seconds
[2026-05-08T23:47:41.011+0000] {processor.py:161} INFO - Started process (PID=8155) to work on /opt/airflow/dags/dag_job_intelligent .py
[2026-05-08T23:47:41.027+0000] {processor.py:830} INFO - Processing file /opt/airflow/dags/dag_job_intelligent .py for tasks to queue
[2026-05-08T23:47:41.045+0000] {logging_mixin.py:188} INFO - [2026-05-08T23:47:41.043+0000] {dagbag.py:545} INFO - Filling up the DagBag from /opt/airflow/dags/dag_job_intelligent .py
[2026-05-08T23:47:42.133+0000] {processor.py:840} INFO - DAG(s) 'job_intelligent_pipeline' retrieved from /opt/airflow/dags/dag_job_intelligent .py
[2026-05-08T23:47:42.611+0000] {logging_mixin.py:188} INFO - [2026-05-08T23:47:42.610+0000] {dag.py:3096} INFO - Sync 1 DAGs
[2026-05-08T23:47:43.171+0000] {logging_mixin.py:188} INFO - [2026-05-08T23:47:43.171+0000] {dag.py:3954} INFO - Setting next_dagrun for job_intelligent_pipeline to 2026-05-08 06:00:00+00:00, run_after=2026-05-09 06:00:00+00:00
[2026-05-08T23:47:43.420+0000] {processor.py:183} INFO - Processing /opt/airflow/dags/dag_job_intelligent .py took 2.435 seconds
[2026-05-08T23:48:14.403+0000] {processor.py:161} INFO - Started process (PID=8169) to work on /opt/airflow/dags/dag_job_intelligent .py
[2026-05-08T23:48:14.405+0000] {processor.py:830} INFO - Processing file /opt/airflow/dags/dag_job_intelligent .py for tasks to queue
[2026-05-08T23:48:14.411+0000] {logging_mixin.py:188} INFO - [2026-05-08T23:48:14.410+0000] {dagbag.py:545} INFO - Filling up the DagBag from /opt/airflow/dags/dag_job_intelligent .py
[2026-05-08T23:48:14.489+0000] {processor.py:840} INFO - DAG(s) 'job_intelligent_pipeline' retrieved from /opt/airflow/dags/dag_job_intelligent .py
[2026-05-08T23:48:14.607+0000] {logging_mixin.py:188} INFO - [2026-05-08T23:48:14.607+0000] {dag.py:3096} INFO - Sync 1 DAGs
[2026-05-08T23:48:14.710+0000] {logging_mixin.py:188} INFO - [2026-05-08T23:48:14.710+0000] {dag.py:3954} INFO - Setting next_dagrun for job_intelligent_pipeline to 2026-05-08 06:00:00+00:00, run_after=2026-05-09 06:00:00+00:00
[2026-05-08T23:48:14.763+0000] {processor.py:183} INFO - Processing /opt/airflow/dags/dag_job_intelligent .py took 0.395 seconds
[2026-05-08T23:48:44.930+0000] {processor.py:161} INFO - Started process (PID=8177) to work on /opt/airflow/dags/dag_job_intelligent .py
[2026-05-08T23:48:44.941+0000] {processor.py:830} INFO - Processing file /opt/airflow/dags/dag_job_intelligent .py for tasks to queue
[2026-05-08T23:48:44.944+0000] {logging_mixin.py:188} INFO - [2026-05-08T23:48:44.944+0000] {dagbag.py:545} INFO - Filling up the DagBag from /opt/airflow/dags/dag_job_intelligent .py
[2026-05-08T23:48:45.128+0000] {processor.py:840} INFO - DAG(s) 'job_intelligent_pipeline' retrieved from /opt/airflow/dags/dag_job_intelligent .py
[2026-05-08T23:48:45.398+0000] {logging_mixin.py:188} INFO - [2026-05-08T23:48:45.398+0000] {dag.py:3096} INFO - Sync 1 DAGs
[2026-05-08T23:48:45.563+0000] {logging_mixin.py:188} INFO - [2026-05-08T23:48:45.562+0000] {dag.py:3954} INFO - Setting next_dagrun for job_intelligent_pipeline to 2026-05-08 06:00:00+00:00, run_after=2026-05-09 06:00:00+00:00
[2026-05-08T23:48:45.704+0000] {processor.py:183} INFO - Processing /opt/airflow/dags/dag_job_intelligent .py took 0.791 seconds
[2026-05-08T23:49:16.697+0000] {processor.py:161} INFO - Started process (PID=8191) to work on /opt/airflow/dags/dag_job_intelligent .py
[2026-05-08T23:49:16.701+0000] {processor.py:830} INFO - Processing file /opt/airflow/dags/dag_job_intelligent .py for tasks to queue
[2026-05-08T23:49:16.705+0000] {logging_mixin.py:188} INFO - [2026-05-08T23:49:16.704+0000] {dagbag.py:545} INFO - Filling up the DagBag from /opt/airflow/dags/dag_job_intelligent .py
[2026-05-08T23:49:16.953+0000] {processor.py:840} INFO - DAG(s) 'job_intelligent_pipeline' retrieved from /opt/airflow/dags/dag_job_intelligent .py
[2026-05-08T23:49:17.121+0000] {logging_mixin.py:188} INFO - [2026-05-08T23:49:17.120+0000] {dag.py:3096} INFO - Sync 1 DAGs
[2026-05-08T23:49:17.221+0000] {logging_mixin.py:188} INFO - [2026-05-08T23:49:17.220+0000] {dag.py:3954} INFO - Setting next_dagrun for job_intelligent_pipeline to 2026-05-08 06:00:00+00:00, run_after=2026-05-09 06:00:00+00:00
[2026-05-08T23:49:17.382+0000] {processor.py:183} INFO - Processing /opt/airflow/dags/dag_job_intelligent .py took 0.709 seconds
[2026-05-08T23:49:48.043+0000] {processor.py:161} INFO - Started process (PID=8205) to work on /opt/airflow/dags/dag_job_intelligent .py
[2026-05-08T23:49:48.048+0000] {processor.py:830} INFO - Processing file /opt/airflow/dags/dag_job_intelligent .py for tasks to queue
[2026-05-08T23:49:48.052+0000] {logging_mixin.py:188} INFO - [2026-05-08T23:49:48.051+0000] {dagbag.py:545} INFO - Filling up the DagBag from /opt/airflow/dags/dag_job_intelligent .py
[2026-05-08T23:49:48.154+0000] {processor.py:840} INFO - DAG(s) 'job_intelligent_pipeline' retrieved from /opt/airflow/dags/dag_job_intelligent .py
[2026-05-08T23:49:48.273+0000] {logging_mixin.py:188} INFO - [2026-05-08T23:49:48.273+0000] {dag.py:3096} INFO - Sync 1 DAGs
[2026-05-08T23:49:48.353+0000] {logging_mixin.py:188} INFO - [2026-05-08T23:49:48.352+0000] {dag.py:3954} INFO - Setting next_dagrun for job_intelligent_pipeline to 2026-05-08 06:00:00+00:00, run_after=2026-05-09 06:00:00+00:00
[2026-05-08T23:49:48.409+0000] {processor.py:183} INFO - Processing /opt/airflow/dags/dag_job_intelligent .py took 0.385 seconds
[2026-05-08T23:50:19.229+0000] {processor.py:161} INFO - Started process (PID=8213) to work on /opt/airflow/dags/dag_job_intelligent .py
[2026-05-08T23:50:19.231+0000] {processor.py:830} INFO - Processing file /opt/airflow/dags/dag_job_intelligent .py for tasks to queue
[2026-05-08T23:50:19.243+0000] {logging_mixin.py:188} INFO - [2026-05-08T23:50:19.243+0000] {dagbag.py:545} INFO - Filling up the DagBag from /opt/airflow/dags/dag_job_intelligent .py
[2026-05-08T23:50:19.329+0000] {processor.py:840} INFO - DAG(s) 'job_intelligent_pipeline' retrieved from /opt/airflow/dags/dag_job_intelligent .py
[2026-05-08T23:50:19.432+0000] {logging_mixin.py:188} INFO - [2026-05-08T23:50:19.432+0000] {dag.py:3096} INFO - Sync 1 DAGs
[2026-05-08T23:50:19.532+0000] {logging_mixin.py:188} INFO - [2026-05-08T23:50:19.532+0000] {dag.py:3954} INFO - Setting next_dagrun for job_intelligent_pipeline to 2026-05-08 06:00:00+00:00, run_after=2026-05-09 06:00:00+00:00
[2026-05-08T23:50:19.676+0000] {processor.py:183} INFO - Processing /opt/airflow/dags/dag_job_intelligent .py took 0.471 seconds
[2026-05-08T23:50:50.112+0000] {processor.py:161} INFO - Started process (PID=8227) to work on /opt/airflow/dags/dag_job_intelligent .py
[2026-05-08T23:50:50.140+0000] {processor.py:830} INFO - Processing file /opt/airflow/dags/dag_job_intelligent .py for tasks to queue
[2026-05-08T23:50:50.160+0000] {logging_mixin.py:188} INFO - [2026-05-08T23:50:50.159+0000] {dagbag.py:545} INFO - Filling up the DagBag from /opt/airflow/dags/dag_job_intelligent .py
[2026-05-08T23:50:50.416+0000] {processor.py:840} INFO - DAG(s) 'job_intelligent_pipeline' retrieved from /opt/airflow/dags/dag_job_intelligent .py
[2026-05-08T23:50:50.530+0000] {logging_mixin.py:188} INFO - [2026-05-08T23:50:50.529+0000] {dag.py:3096} INFO - Sync 1 DAGs
[2026-05-08T23:50:50.606+0000] {logging_mixin.py:188} INFO - [2026-05-08T23:50:50.605+0000] {dag.py:3954} INFO - Setting next_dagrun for job_intelligent_pipeline to 2026-05-08 06:00:00+00:00, run_after=2026-05-09 06:00:00+00:00
[2026-05-08T23:50:50.690+0000] {processor.py:183} INFO - Processing /opt/airflow/dags/dag_job_intelligent .py took 0.602 seconds
[2026-05-08T23:51:21.312+0000] {processor.py:161} INFO - Started process (PID=8235) to work on /opt/airflow/dags/dag_job_intelligent .py
[2026-05-08T23:51:21.324+0000] {processor.py:830} INFO - Processing file /opt/airflow/dags/dag_job_intelligent .py for tasks to queue
[2026-05-08T23:51:21.326+0000] {logging_mixin.py:188} INFO - [2026-05-08T23:51:21.325+0000] {dagbag.py:545} INFO - Filling up the DagBag from /opt/airflow/dags/dag_job_intelligent .py
[2026-05-08T23:51:21.435+0000] {processor.py:840} INFO - DAG(s) 'job_intelligent_pipeline' retrieved from /opt/airflow/dags/dag_job_intelligent .py
[2026-05-08T23:51:21.722+0000] {logging_mixin.py:188} INFO - [2026-05-08T23:51:21.721+0000] {dag.py:3096} INFO - Sync 1 DAGs
[2026-05-08T23:51:21.820+0000] {logging_mixin.py:188} INFO - [2026-05-08T23:51:21.819+0000] {dag.py:3954} INFO - Setting next_dagrun for job_intelligent_pipeline to 2026-05-08 06:00:00+00:00, run_after=2026-05-09 06:00:00+00:00
[2026-05-08T23:51:21.940+0000] {processor.py:183} INFO - Processing /opt/airflow/dags/dag_job_intelligent .py took 0.681 seconds
[2026-05-08T23:51:52.324+0000] {processor.py:161} INFO - Started process (PID=8249) to work on /opt/airflow/dags/dag_job_intelligent .py
[2026-05-08T23:51:52.326+0000] {processor.py:830} INFO - Processing file /opt/airflow/dags/dag_job_intelligent .py for tasks to queue
[2026-05-08T23:51:52.327+0000] {logging_mixin.py:188} INFO - [2026-05-08T23:51:52.327+0000] {dagbag.py:545} INFO - Filling up the DagBag from /opt/airflow/dags/dag_job_intelligent .py
[2026-05-08T23:51:52.366+0000] {processor.py:840} INFO - DAG(s) 'job_intelligent_pipeline' retrieved from /opt/airflow/dags/dag_job_intelligent .py
[2026-05-08T23:51:52.457+0000] {logging_mixin.py:188} INFO - [2026-05-08T23:51:52.456+0000] {dag.py:3096} INFO - Sync 1 DAGs
[2026-05-08T23:51:52.538+0000] {logging_mixin.py:188} INFO - [2026-05-08T23:51:52.537+0000] {dag.py:3954} INFO - Setting next_dagrun for job_intelligent_pipeline to 2026-05-08 06:00:00+00:00, run_after=2026-05-09 06:00:00+00:00
[2026-05-08T23:51:52.580+0000] {processor.py:183} INFO - Processing /opt/airflow/dags/dag_job_intelligent .py took 0.268 seconds
[2026-05-08T23:52:23.577+0000] {processor.py:161} INFO - Started process (PID=8257) to work on /opt/airflow/dags/dag_job_intelligent .py
[2026-05-08T23:52:23.580+0000] {processor.py:830} INFO - Processing file /opt/airflow/dags/dag_job_intelligent .py for tasks to queue
[2026-05-08T23:52:23.589+0000] {logging_mixin.py:188} INFO - [2026-05-08T23:52:23.588+0000] {dagbag.py:545} INFO - Filling up the DagBag from /opt/airflow/dags/dag_job_intelligent .py
[2026-05-08T23:52:23.717+0000] {processor.py:840} INFO - DAG(s) 'job_intelligent_pipeline' retrieved from /opt/airflow/dags/dag_job_intelligent .py
[2026-05-08T23:52:23.869+0000] {logging_mixin.py:188} INFO - [2026-05-08T23:52:23.869+0000] {dag.py:3096} INFO - Sync 1 DAGs
[2026-05-08T23:52:23.931+0000] {logging_mixin.py:188} INFO - [2026-05-08T23:52:23.930+0000] {dag.py:3954} INFO - Setting next_dagrun for job_intelligent_pipeline to 2026-05-08 06:00:00+00:00, run_after=2026-05-09 06:00:00+00:00
[2026-05-08T23:52:23.983+0000] {processor.py:183} INFO - Processing /opt/airflow/dags/dag_job_intelligent .py took 0.428 seconds
[2026-05-08T23:52:54.156+0000] {processor.py:161} INFO - Started process (PID=8270) to work on /opt/airflow/dags/dag_job_intelligent .py
[2026-05-08T23:52:54.158+0000] {processor.py:830} INFO - Processing file /opt/airflow/dags/dag_job_intelligent .py for tasks to queue
[2026-05-08T23:52:54.160+0000] {logging_mixin.py:188} INFO - [2026-05-08T23:52:54.159+0000] {dagbag.py:545} INFO - Filling up the DagBag from /opt/airflow/dags/dag_job_intelligent .py
[2026-05-08T23:52:54.203+0000] {processor.py:840} INFO - DAG(s) 'job_intelligent_pipeline' retrieved from /opt/airflow/dags/dag_job_intelligent .py
[2026-05-08T23:52:54.309+0000] {logging_mixin.py:188} INFO - [2026-05-08T23:52:54.303+0000] {dag.py:3096} INFO - Sync 1 DAGs
[2026-05-08T23:52:54.436+0000] {logging_mixin.py:188} INFO - [2026-05-08T23:52:54.435+0000] {dag.py:3954} INFO - Setting next_dagrun for job_intelligent_pipeline to 2026-05-08 06:00:00+00:00, run_after=2026-05-09 06:00:00+00:00
[2026-05-08T23:52:54.577+0000] {processor.py:183} INFO - Processing /opt/airflow/dags/dag_job_intelligent .py took 0.436 seconds
[2026-05-08T23:53:25.374+0000] {processor.py:161} INFO - Started process (PID=8278) to work on /opt/airflow/dags/dag_job_intelligent .py
[2026-05-08T23:53:25.376+0000] {processor.py:830} INFO - Processing file /opt/airflow/dags/dag_job_intelligent .py for tasks to queue
[2026-05-08T23:53:25.382+0000] {logging_mixin.py:188} INFO - [2026-05-08T23:53:25.382+0000] {dagbag.py:545} INFO - Filling up the DagBag from /opt/airflow/dags/dag_job_intelligent .py
[2026-05-08T23:53:25.445+0000] {processor.py:840} INFO - DAG(s) 'job_intelligent_pipeline' retrieved from /opt/airflow/dags/dag_job_intelligent .py
[2026-05-08T23:53:25.587+0000] {logging_mixin.py:188} INFO - [2026-05-08T23:53:25.587+0000] {dag.py:3096} INFO - Sync 1 DAGs
[2026-05-08T23:53:25.652+0000] {logging_mixin.py:188} INFO - [2026-05-08T23:53:25.651+0000] {dag.py:3954} INFO - Setting next_dagrun for job_intelligent_pipeline to 2026-05-08 06:00:00+00:00, run_after=2026-05-09 06:00:00+00:00
[2026-05-08T23:53:25.835+0000] {processor.py:183} INFO - Processing /opt/airflow/dags/dag_job_intelligent .py took 0.479 seconds
[2026-05-08T23:53:56.280+0000] {processor.py:161} INFO - Started process (PID=8292) to work on /opt/airflow/dags/dag_job_intelligent .py
[2026-05-08T23:53:56.296+0000] {processor.py:830} INFO - Processing file /opt/airflow/dags/dag_job_intelligent .py for tasks to queue
[2026-05-08T23:53:56.299+0000] {logging_mixin.py:188} INFO - [2026-05-08T23:53:56.298+0000] {dagbag.py:545} INFO - Filling up the DagBag from /opt/airflow/dags/dag_job_intelligent .py
[2026-05-08T23:53:56.488+0000] {processor.py:840} INFO - DAG(s) 'job_intelligent_pipeline' retrieved from /opt/airflow/dags/dag_job_intelligent .py
[2026-05-08T23:53:56.635+0000] {logging_mixin.py:188} INFO - [2026-05-08T23:53:56.634+0000] {dag.py:3096} INFO - Sync 1 DAGs
[2026-05-08T23:53:56.893+0000] {logging_mixin.py:188} INFO - [2026-05-08T23:53:56.884+0000] {dag.py:3954} INFO - Setting next_dagrun for job_intelligent_pipeline to 2026-05-08 06:00:00+00:00, run_after=2026-05-09 06:00:00+00:00
[2026-05-08T23:53:57.055+0000] {processor.py:183} INFO - Processing /opt/airflow/dags/dag_job_intelligent .py took 0.803 seconds
[2026-05-08T23:54:27.841+0000] {processor.py:161} INFO - Started process (PID=8301) to work on /opt/airflow/dags/dag_job_intelligent .py
[2026-05-08T23:54:27.859+0000] {processor.py:830} INFO - Processing file /opt/airflow/dags/dag_job_intelligent .py for tasks to queue
[2026-05-08T23:54:27.862+0000] {logging_mixin.py:188} INFO - [2026-05-08T23:54:27.861+0000] {dagbag.py:545} INFO - Filling up the DagBag from /opt/airflow/dags/dag_job_intelligent .py
[2026-05-08T23:54:28.500+0000] {processor.py:840} INFO - DAG(s) 'job_intelligent_pipeline' retrieved from /opt/airflow/dags/dag_job_intelligent .py
[2026-05-08T23:54:28.779+0000] {logging_mixin.py:188} INFO - [2026-05-08T23:54:28.778+0000] {dag.py:3096} INFO - Sync 1 DAGs
[2026-05-08T23:54:29.036+0000] {logging_mixin.py:188} INFO - [2026-05-08T23:54:29.036+0000] {dag.py:3954} INFO - Setting next_dagrun for job_intelligent_pipeline to 2026-05-08 06:00:00+00:00, run_after=2026-05-09 06:00:00+00:00
[2026-05-08T23:54:29.123+0000] {processor.py:183} INFO - Processing /opt/airflow/dags/dag_job_intelligent .py took 1.442 seconds
[2026-05-08T23:54:59.361+0000] {processor.py:161} INFO - Started process (PID=8316) to work on /opt/airflow/dags/dag_job_intelligent .py
[2026-05-08T23:54:59.363+0000] {processor.py:830} INFO - Processing file /opt/airflow/dags/dag_job_intelligent .py for tasks to queue
[2026-05-08T23:54:59.365+0000] {logging_mixin.py:188} INFO - [2026-05-08T23:54:59.365+0000] {dagbag.py:545} INFO - Filling up the DagBag from /opt/airflow/dags/dag_job_intelligent .py
[2026-05-08T23:54:59.414+0000] {processor.py:840} INFO - DAG(s) 'job_intelligent_pipeline' retrieved from /opt/airflow/dags/dag_job_intelligent .py
[2026-05-08T23:54:59.547+0000] {logging_mixin.py:188} INFO - [2026-05-08T23:54:59.546+0000] {dag.py:3096} INFO - Sync 1 DAGs
[2026-05-08T23:54:59.639+0000] {logging_mixin.py:188} INFO - [2026-05-08T23:54:59.638+0000] {dag.py:3954} INFO - Setting next_dagrun for job_intelligent_pipeline to 2026-05-08 06:00:00+00:00, run_after=2026-05-09 06:00:00+00:00
[2026-05-08T23:54:59.710+0000] {processor.py:183} INFO - Processing /opt/airflow/dags/dag_job_intelligent .py took 0.361 seconds
[2026-05-08T23:55:29.872+0000] {processor.py:161} INFO - Started process (PID=8323) to work on /opt/airflow/dags/dag_job_intelligent .py
[2026-05-08T23:55:29.879+0000] {processor.py:830} INFO - Processing file /opt/airflow/dags/dag_job_intelligent .py for tasks to queue
[2026-05-08T23:55:29.888+0000] {logging_mixin.py:188} INFO - [2026-05-08T23:55:29.887+0000] {dagbag.py:545} INFO - Filling up the DagBag from /opt/airflow/dags/dag_job_intelligent .py
[2026-05-08T23:55:29.939+0000] {processor.py:840} INFO - DAG(s) 'job_intelligent_pipeline' retrieved from /opt/airflow/dags/dag_job_intelligent .py
[2026-05-08T23:55:30.014+0000] {logging_mixin.py:188} INFO - [2026-05-08T23:55:30.014+0000] {dag.py:3096} INFO - Sync 1 DAGs
[2026-05-08T23:55:30.106+0000] {logging_mixin.py:188} INFO - [2026-05-08T23:55:30.105+0000] {dag.py:3954} INFO - Setting next_dagrun for job_intelligent_pipeline to 2026-05-08 06:00:00+00:00, run_after=2026-05-09 06:00:00+00:00
[2026-05-08T23:55:30.176+0000] {processor.py:183} INFO - Processing /opt/airflow/dags/dag_job_intelligent .py took 0.343 seconds
[2026-05-08T23:56:01.254+0000] {processor.py:161} INFO - Started process (PID=8337) to work on /opt/airflow/dags/dag_job_intelligent .py
[2026-05-08T23:56:01.257+0000] {processor.py:830} INFO - Processing file /opt/airflow/dags/dag_job_intelligent .py for tasks to queue
[2026-05-08T23:56:01.269+0000] {logging_mixin.py:188} INFO - [2026-05-08T23:56:01.269+0000] {dagbag.py:545} INFO - Filling up the DagBag from /opt/airflow/dags/dag_job_intelligent .py
[2026-05-08T23:56:01.569+0000] {processor.py:840} INFO - DAG(s) 'job_intelligent_pipeline' retrieved from /opt/airflow/dags/dag_job_intelligent .py
[2026-05-08T23:56:01.833+0000] {logging_mixin.py:188} INFO - [2026-05-08T23:56:01.828+0000] {dag.py:3096} INFO - Sync 1 DAGs
[2026-05-08T23:56:02.299+0000] {logging_mixin.py:188} INFO - [2026-05-08T23:56:02.299+0000] {dag.py:3954} INFO - Setting next_dagrun for job_intelligent_pipeline to 2026-05-08 06:00:00+00:00, run_after=2026-05-09 06:00:00+00:00
[2026-05-08T23:56:02.539+0000] {processor.py:183} INFO - Processing /opt/airflow/dags/dag_job_intelligent .py took 1.328 seconds
[2026-05-08T23:56:33.278+0000] {processor.py:161} INFO - Started process (PID=8351) to work on /opt/airflow/dags/dag_job_intelligent .py
[2026-05-08T23:56:33.282+0000] {processor.py:830} INFO - Processing file /opt/airflow/dags/dag_job_intelligent .py for tasks to queue
[2026-05-08T23:56:33.286+0000] {logging_mixin.py:188} INFO - [2026-05-08T23:56:33.285+0000] {dagbag.py:545} INFO - Filling up the DagBag from /opt/airflow/dags/dag_job_intelligent .py
[2026-05-08T23:56:33.369+0000] {processor.py:840} INFO - DAG(s) 'job_intelligent_pipeline' retrieved from /opt/airflow/dags/dag_job_intelligent .py
[2026-05-08T23:56:33.457+0000] {logging_mixin.py:188} INFO - [2026-05-08T23:56:33.457+0000] {dag.py:3096} INFO - Sync 1 DAGs
[2026-05-08T23:56:33.548+0000] {logging_mixin.py:188} INFO - [2026-05-08T23:56:33.546+0000] {dag.py:3954} INFO - Setting next_dagrun for job_intelligent_pipeline to 2026-05-08 06:00:00+00:00, run_after=2026-05-09 06:00:00+00:00
[2026-05-08T23:56:33.646+0000] {processor.py:183} INFO - Processing /opt/airflow/dags/dag_job_intelligent .py took 0.394 seconds
[2026-05-08T23:56:57.981+0000] {processor.py:161} INFO - Started process (PID=8359) to work on /opt/airflow/dags/dag_job_intelligent .py
[2026-05-08T23:56:58.009+0000] {processor.py:830} INFO - Processing file /opt/airflow/dags/dag_job_intelligent .py for tasks to queue
[2026-05-08T23:56:58.026+0000] {logging_mixin.py:188} INFO - [2026-05-08T23:56:58.025+0000] {dagbag.py:545} INFO - Filling up the DagBag from /opt/airflow/dags/dag_job_intelligent .py
[2026-05-08T23:57:00.912+0000] {processor.py:840} INFO - DAG(s) 'job_intelligent_pipeline' retrieved from /opt/airflow/dags/dag_job_intelligent .py
[2026-05-08T23:57:02.496+0000] {logging_mixin.py:188} INFO - [2026-05-08T23:57:02.496+0000] {dag.py:3096} INFO - Sync 1 DAGs
[2026-05-08T23:57:02.760+0000] {logging_mixin.py:188} INFO - [2026-05-08T23:57:02.759+0000] {dag.py:3954} INFO - Setting next_dagrun for job_intelligent_pipeline to 2026-05-08 06:00:00+00:00, run_after=2026-05-09 06:00:00+00:00
[2026-05-08T23:57:03.081+0000] {processor.py:183} INFO - Processing /opt/airflow/dags/dag_job_intelligent .py took 5.146 seconds
[2026-05-08T23:57:33.537+0000] {processor.py:161} INFO - Started process (PID=8372) to work on /opt/airflow/dags/dag_job_intelligent .py
[2026-05-08T23:57:33.564+0000] {processor.py:830} INFO - Processing file /opt/airflow/dags/dag_job_intelligent .py for tasks to queue
[2026-05-08T23:57:33.581+0000] {logging_mixin.py:188} INFO - [2026-05-08T23:57:33.580+0000] {dagbag.py:545} INFO - Filling up the DagBag from /opt/airflow/dags/dag_job_intelligent .py
[2026-05-08T23:57:33.835+0000] {processor.py:840} INFO - DAG(s) 'job_intelligent_pipeline' retrieved from /opt/airflow/dags/dag_job_intelligent .py
[2026-05-08T23:57:34.473+0000] {logging_mixin.py:188} INFO - [2026-05-08T23:57:34.473+0000] {dag.py:3096} INFO - Sync 1 DAGs
[2026-05-08T23:57:34.872+0000] {processor.py:183} INFO - Processing /opt/airflow/dags/dag_job_intelligent .py took 1.388 seconds
[2026-05-08T23:58:05.163+0000] {processor.py:161} INFO - Started process (PID=8385) to work on /opt/airflow/dags/dag_job_intelligent .py
[2026-05-08T23:58:05.165+0000] {processor.py:830} INFO - Processing file /opt/airflow/dags/dag_job_intelligent .py for tasks to queue
[2026-05-08T23:58:05.167+0000] {logging_mixin.py:188} INFO - [2026-05-08T23:58:05.167+0000] {dagbag.py:545} INFO - Filling up the DagBag from /opt/airflow/dags/dag_job_intelligent .py
[2026-05-08T23:58:05.219+0000] {processor.py:840} INFO - DAG(s) 'job_intelligent_pipeline' retrieved from /opt/airflow/dags/dag_job_intelligent .py
[2026-05-08T23:58:05.322+0000] {logging_mixin.py:188} INFO - [2026-05-08T23:58:05.322+0000] {dag.py:3096} INFO - Sync 1 DAGs
[2026-05-08T23:58:05.413+0000] {processor.py:183} INFO - Processing /opt/airflow/dags/dag_job_intelligent .py took 0.279 seconds
[2026-05-08T23:58:35.852+0000] {processor.py:161} INFO - Started process (PID=8399) to work on /opt/airflow/dags/dag_job_intelligent .py
[2026-05-08T23:58:35.853+0000] {processor.py:830} INFO - Processing file /opt/airflow/dags/dag_job_intelligent .py for tasks to queue
[2026-05-08T23:58:35.855+0000] {logging_mixin.py:188} INFO - [2026-05-08T23:58:35.855+0000] {dagbag.py:545} INFO - Filling up the DagBag from /opt/airflow/dags/dag_job_intelligent .py
[2026-05-08T23:58:35.909+0000] {processor.py:840} INFO - DAG(s) 'job_intelligent_pipeline' retrieved from /opt/airflow/dags/dag_job_intelligent .py
[2026-05-08T23:58:36.023+0000] {logging_mixin.py:188} INFO - [2026-05-08T23:58:36.022+0000] {dag.py:3096} INFO - Sync 1 DAGs
[2026-05-08T23:58:36.169+0000] {processor.py:183} INFO - Processing /opt/airflow/dags/dag_job_intelligent .py took 0.327 seconds
[2026-05-08T23:59:06.928+0000] {processor.py:161} INFO - Started process (PID=8406) to work on /opt/airflow/dags/dag_job_intelligent .py
[2026-05-08T23:59:06.929+0000] {processor.py:830} INFO - Processing file /opt/airflow/dags/dag_job_intelligent .py for tasks to queue
[2026-05-08T23:59:06.931+0000] {logging_mixin.py:188} INFO - [2026-05-08T23:59:06.930+0000] {dagbag.py:545} INFO - Filling up the DagBag from /opt/airflow/dags/dag_job_intelligent .py
[2026-05-08T23:59:06.991+0000] {processor.py:840} INFO - DAG(s) 'job_intelligent_pipeline' retrieved from /opt/airflow/dags/dag_job_intelligent .py
[2026-05-08T23:59:07.171+0000] {logging_mixin.py:188} INFO - [2026-05-08T23:59:07.171+0000] {dag.py:3096} INFO - Sync 1 DAGs
[2026-05-08T23:59:07.255+0000] {processor.py:183} INFO - Processing /opt/airflow/dags/dag_job_intelligent .py took 0.337 seconds
[2026-05-08T23:59:37.932+0000] {processor.py:161} INFO - Started process (PID=8420) to work on /opt/airflow/dags/dag_job_intelligent .py
[2026-05-08T23:59:37.935+0000] {processor.py:830} INFO - Processing file /opt/airflow/dags/dag_job_intelligent .py for tasks to queue
[2026-05-08T23:59:37.937+0000] {logging_mixin.py:188} INFO - [2026-05-08T23:59:37.936+0000] {dagbag.py:545} INFO - Filling up the DagBag from /opt/airflow/dags/dag_job_intelligent .py
[2026-05-08T23:59:37.996+0000] {processor.py:840} INFO - DAG(s) 'job_intelligent_pipeline' retrieved from /opt/airflow/dags/dag_job_intelligent .py
[2026-05-08T23:59:38.109+0000] {logging_mixin.py:188} INFO - [2026-05-08T23:59:38.109+0000] {dag.py:3096} INFO - Sync 1 DAGs
[2026-05-08T23:59:38.278+0000] {processor.py:183} INFO - Processing /opt/airflow/dags/dag_job_intelligent .py took 0.366 seconds
