[2026-04-29T18:21:35.361+0000] {processor.py:161} INFO - Started process (PID=71) to work on /opt/airflow/dags/dag_job_intelligent.py
[2026-04-29T18:21:35.363+0000] {processor.py:830} INFO - Processing file /opt/airflow/dags/dag_job_intelligent.py for tasks to queue
[2026-04-29T18:21:35.370+0000] {logging_mixin.py:188} INFO - [2026-04-29T18:21:35.366+0000] {dagbag.py:545} INFO - Filling up the DagBag from /opt/airflow/dags/dag_job_intelligent.py
[2026-04-29T18:21:35.453+0000] {processor.py:840} INFO - DAG(s) 'job_intelligent_pipeline' retrieved from /opt/airflow/dags/dag_job_intelligent.py
[2026-04-29T18:21:36.210+0000] {logging_mixin.py:188} INFO - [2026-04-29T18:21:36.209+0000] {dag.py:3096} INFO - Sync 1 DAGs
[2026-04-29T18:21:36.388+0000] {processor.py:183} INFO - Processing /opt/airflow/dags/dag_job_intelligent.py took 1.041 seconds
[2026-04-29T18:22:06.936+0000] {processor.py:161} INFO - Started process (PID=84) to work on /opt/airflow/dags/dag_job_intelligent.py
[2026-04-29T18:22:06.943+0000] {processor.py:830} INFO - Processing file /opt/airflow/dags/dag_job_intelligent.py for tasks to queue
[2026-04-29T18:22:06.952+0000] {logging_mixin.py:188} INFO - [2026-04-29T18:22:06.951+0000] {dagbag.py:545} INFO - Filling up the DagBag from /opt/airflow/dags/dag_job_intelligent.py
[2026-04-29T18:22:07.022+0000] {processor.py:840} INFO - DAG(s) 'job_intelligent_pipeline' retrieved from /opt/airflow/dags/dag_job_intelligent.py
[2026-04-29T18:22:07.250+0000] {logging_mixin.py:188} INFO - [2026-04-29T18:22:07.249+0000] {dag.py:3096} INFO - Sync 1 DAGs
[2026-04-29T18:22:07.517+0000] {processor.py:183} INFO - Processing /opt/airflow/dags/dag_job_intelligent.py took 0.607 seconds
[2026-04-29T18:22:38.011+0000] {processor.py:161} INFO - Started process (PID=98) to work on /opt/airflow/dags/dag_job_intelligent.py
[2026-04-29T18:22:38.013+0000] {processor.py:830} INFO - Processing file /opt/airflow/dags/dag_job_intelligent.py for tasks to queue
[2026-04-29T18:22:38.017+0000] {logging_mixin.py:188} INFO - [2026-04-29T18:22:38.016+0000] {dagbag.py:545} INFO - Filling up the DagBag from /opt/airflow/dags/dag_job_intelligent.py
[2026-04-29T18:22:38.064+0000] {processor.py:840} INFO - DAG(s) 'job_intelligent_pipeline' retrieved from /opt/airflow/dags/dag_job_intelligent.py
[2026-04-29T18:22:38.185+0000] {logging_mixin.py:188} INFO - [2026-04-29T18:22:38.184+0000] {dag.py:3096} INFO - Sync 1 DAGs
[2026-04-29T18:22:38.387+0000] {processor.py:183} INFO - Processing /opt/airflow/dags/dag_job_intelligent.py took 0.391 seconds
[2026-04-29T18:23:08.865+0000] {processor.py:161} INFO - Started process (PID=106) to work on /opt/airflow/dags/dag_job_intelligent.py
[2026-04-29T18:23:08.867+0000] {processor.py:830} INFO - Processing file /opt/airflow/dags/dag_job_intelligent.py for tasks to queue
[2026-04-29T18:23:08.871+0000] {logging_mixin.py:188} INFO - [2026-04-29T18:23:08.870+0000] {dagbag.py:545} INFO - Filling up the DagBag from /opt/airflow/dags/dag_job_intelligent.py
[2026-04-29T18:23:08.928+0000] {processor.py:840} INFO - DAG(s) 'job_intelligent_pipeline' retrieved from /opt/airflow/dags/dag_job_intelligent.py
[2026-04-29T18:23:09.013+0000] {logging_mixin.py:188} INFO - [2026-04-29T18:23:09.013+0000] {dag.py:3096} INFO - Sync 1 DAGs
[2026-04-29T18:23:09.118+0000] {processor.py:183} INFO - Processing /opt/airflow/dags/dag_job_intelligent.py took 0.269 seconds
[2026-04-29T18:23:39.624+0000] {processor.py:161} INFO - Started process (PID=121) to work on /opt/airflow/dags/dag_job_intelligent.py
[2026-04-29T18:23:39.625+0000] {processor.py:830} INFO - Processing file /opt/airflow/dags/dag_job_intelligent.py for tasks to queue
[2026-04-29T18:23:39.628+0000] {logging_mixin.py:188} INFO - [2026-04-29T18:23:39.628+0000] {dagbag.py:545} INFO - Filling up the DagBag from /opt/airflow/dags/dag_job_intelligent.py
[2026-04-29T18:23:39.671+0000] {processor.py:840} INFO - DAG(s) 'job_intelligent_pipeline' retrieved from /opt/airflow/dags/dag_job_intelligent.py
[2026-04-29T18:23:39.741+0000] {logging_mixin.py:188} INFO - [2026-04-29T18:23:39.741+0000] {dag.py:3096} INFO - Sync 1 DAGs
[2026-04-29T18:23:39.813+0000] {processor.py:183} INFO - Processing /opt/airflow/dags/dag_job_intelligent.py took 0.199 seconds
[2026-04-29T18:24:10.028+0000] {processor.py:161} INFO - Started process (PID=130) to work on /opt/airflow/dags/dag_job_intelligent.py
[2026-04-29T18:24:10.029+0000] {processor.py:830} INFO - Processing file /opt/airflow/dags/dag_job_intelligent.py for tasks to queue
[2026-04-29T18:24:10.033+0000] {logging_mixin.py:188} INFO - [2026-04-29T18:24:10.032+0000] {dagbag.py:545} INFO - Filling up the DagBag from /opt/airflow/dags/dag_job_intelligent.py
[2026-04-29T18:24:10.071+0000] {processor.py:840} INFO - DAG(s) 'job_intelligent_pipeline' retrieved from /opt/airflow/dags/dag_job_intelligent.py
[2026-04-29T18:24:10.147+0000] {logging_mixin.py:188} INFO - [2026-04-29T18:24:10.146+0000] {dag.py:3096} INFO - Sync 1 DAGs
[2026-04-29T18:24:10.289+0000] {processor.py:183} INFO - Processing /opt/airflow/dags/dag_job_intelligent.py took 0.273 seconds
[2026-04-29T18:24:40.619+0000] {processor.py:161} INFO - Started process (PID=144) to work on /opt/airflow/dags/dag_job_intelligent.py
[2026-04-29T18:24:40.621+0000] {processor.py:830} INFO - Processing file /opt/airflow/dags/dag_job_intelligent.py for tasks to queue
[2026-04-29T18:24:40.624+0000] {logging_mixin.py:188} INFO - [2026-04-29T18:24:40.624+0000] {dagbag.py:545} INFO - Filling up the DagBag from /opt/airflow/dags/dag_job_intelligent.py
[2026-04-29T18:24:40.669+0000] {processor.py:840} INFO - DAG(s) 'job_intelligent_pipeline' retrieved from /opt/airflow/dags/dag_job_intelligent.py
[2026-04-29T18:24:40.748+0000] {logging_mixin.py:188} INFO - [2026-04-29T18:24:40.747+0000] {dag.py:3096} INFO - Sync 1 DAGs
[2026-04-29T18:24:40.816+0000] {processor.py:183} INFO - Processing /opt/airflow/dags/dag_job_intelligent.py took 0.211 seconds
[2026-04-29T18:25:11.109+0000] {processor.py:161} INFO - Started process (PID=152) to work on /opt/airflow/dags/dag_job_intelligent.py
[2026-04-29T18:25:11.111+0000] {processor.py:830} INFO - Processing file /opt/airflow/dags/dag_job_intelligent.py for tasks to queue
[2026-04-29T18:25:11.114+0000] {logging_mixin.py:188} INFO - [2026-04-29T18:25:11.114+0000] {dagbag.py:545} INFO - Filling up the DagBag from /opt/airflow/dags/dag_job_intelligent.py
[2026-04-29T18:25:11.166+0000] {processor.py:840} INFO - DAG(s) 'job_intelligent_pipeline' retrieved from /opt/airflow/dags/dag_job_intelligent.py
[2026-04-29T18:25:11.249+0000] {logging_mixin.py:188} INFO - [2026-04-29T18:25:11.248+0000] {dag.py:3096} INFO - Sync 1 DAGs
[2026-04-29T18:25:11.392+0000] {processor.py:183} INFO - Processing /opt/airflow/dags/dag_job_intelligent.py took 0.301 seconds
[2026-04-29T18:25:41.638+0000] {processor.py:161} INFO - Started process (PID=166) to work on /opt/airflow/dags/dag_job_intelligent.py
[2026-04-29T18:25:41.649+0000] {processor.py:830} INFO - Processing file /opt/airflow/dags/dag_job_intelligent.py for tasks to queue
[2026-04-29T18:25:41.655+0000] {logging_mixin.py:188} INFO - [2026-04-29T18:25:41.654+0000] {dagbag.py:545} INFO - Filling up the DagBag from /opt/airflow/dags/dag_job_intelligent.py
[2026-04-29T18:25:41.704+0000] {processor.py:840} INFO - DAG(s) 'job_intelligent_pipeline' retrieved from /opt/airflow/dags/dag_job_intelligent.py
[2026-04-29T18:25:41.786+0000] {logging_mixin.py:188} INFO - [2026-04-29T18:25:41.786+0000] {dag.py:3096} INFO - Sync 1 DAGs
[2026-04-29T18:25:41.877+0000] {processor.py:183} INFO - Processing /opt/airflow/dags/dag_job_intelligent.py took 0.266 seconds
[2026-04-29T18:26:12.268+0000] {processor.py:161} INFO - Started process (PID=175) to work on /opt/airflow/dags/dag_job_intelligent.py
[2026-04-29T18:26:12.276+0000] {processor.py:830} INFO - Processing file /opt/airflow/dags/dag_job_intelligent.py for tasks to queue
[2026-04-29T18:26:12.290+0000] {logging_mixin.py:188} INFO - [2026-04-29T18:26:12.289+0000] {dagbag.py:545} INFO - Filling up the DagBag from /opt/airflow/dags/dag_job_intelligent.py
[2026-04-29T18:26:12.382+0000] {processor.py:840} INFO - DAG(s) 'job_intelligent_pipeline' retrieved from /opt/airflow/dags/dag_job_intelligent.py
[2026-04-29T18:26:12.574+0000] {logging_mixin.py:188} INFO - [2026-04-29T18:26:12.573+0000] {dag.py:3096} INFO - Sync 1 DAGs
[2026-04-29T18:26:12.767+0000] {processor.py:183} INFO - Processing /opt/airflow/dags/dag_job_intelligent.py took 0.523 seconds
[2026-04-29T18:26:43.195+0000] {processor.py:161} INFO - Started process (PID=188) to work on /opt/airflow/dags/dag_job_intelligent.py
[2026-04-29T18:26:43.197+0000] {processor.py:830} INFO - Processing file /opt/airflow/dags/dag_job_intelligent.py for tasks to queue
[2026-04-29T18:26:43.201+0000] {logging_mixin.py:188} INFO - [2026-04-29T18:26:43.200+0000] {dagbag.py:545} INFO - Filling up the DagBag from /opt/airflow/dags/dag_job_intelligent.py
[2026-04-29T18:26:43.248+0000] {processor.py:840} INFO - DAG(s) 'job_intelligent_pipeline' retrieved from /opt/airflow/dags/dag_job_intelligent.py
[2026-04-29T18:26:43.324+0000] {logging_mixin.py:188} INFO - [2026-04-29T18:26:43.323+0000] {dag.py:3096} INFO - Sync 1 DAGs
[2026-04-29T18:26:43.404+0000] {processor.py:183} INFO - Processing /opt/airflow/dags/dag_job_intelligent.py took 0.223 seconds
[2026-04-29T18:27:13.610+0000] {processor.py:161} INFO - Started process (PID=196) to work on /opt/airflow/dags/dag_job_intelligent.py
[2026-04-29T18:27:13.612+0000] {processor.py:830} INFO - Processing file /opt/airflow/dags/dag_job_intelligent.py for tasks to queue
[2026-04-29T18:27:13.616+0000] {logging_mixin.py:188} INFO - [2026-04-29T18:27:13.615+0000] {dagbag.py:545} INFO - Filling up the DagBag from /opt/airflow/dags/dag_job_intelligent.py
[2026-04-29T18:27:13.654+0000] {processor.py:840} INFO - DAG(s) 'job_intelligent_pipeline' retrieved from /opt/airflow/dags/dag_job_intelligent.py
[2026-04-29T18:27:13.710+0000] {logging_mixin.py:188} INFO - [2026-04-29T18:27:13.710+0000] {dag.py:3096} INFO - Sync 1 DAGs
[2026-04-29T18:27:13.793+0000] {processor.py:183} INFO - Processing /opt/airflow/dags/dag_job_intelligent.py took 0.193 seconds
[2026-04-29T18:27:44.242+0000] {processor.py:161} INFO - Started process (PID=210) to work on /opt/airflow/dags/dag_job_intelligent.py
[2026-04-29T18:27:44.244+0000] {processor.py:830} INFO - Processing file /opt/airflow/dags/dag_job_intelligent.py for tasks to queue
[2026-04-29T18:27:44.248+0000] {logging_mixin.py:188} INFO - [2026-04-29T18:27:44.247+0000] {dagbag.py:545} INFO - Filling up the DagBag from /opt/airflow/dags/dag_job_intelligent.py
[2026-04-29T18:27:44.290+0000] {processor.py:840} INFO - DAG(s) 'job_intelligent_pipeline' retrieved from /opt/airflow/dags/dag_job_intelligent.py
[2026-04-29T18:27:44.362+0000] {logging_mixin.py:188} INFO - [2026-04-29T18:27:44.361+0000] {dag.py:3096} INFO - Sync 1 DAGs
[2026-04-29T18:27:44.440+0000] {processor.py:183} INFO - Processing /opt/airflow/dags/dag_job_intelligent.py took 0.209 seconds
[2026-04-29T18:28:14.666+0000] {processor.py:161} INFO - Started process (PID=219) to work on /opt/airflow/dags/dag_job_intelligent.py
[2026-04-29T18:28:14.667+0000] {processor.py:830} INFO - Processing file /opt/airflow/dags/dag_job_intelligent.py for tasks to queue
[2026-04-29T18:28:14.671+0000] {logging_mixin.py:188} INFO - [2026-04-29T18:28:14.670+0000] {dagbag.py:545} INFO - Filling up the DagBag from /opt/airflow/dags/dag_job_intelligent.py
[2026-04-29T18:28:14.715+0000] {processor.py:840} INFO - DAG(s) 'job_intelligent_pipeline' retrieved from /opt/airflow/dags/dag_job_intelligent.py
[2026-04-29T18:28:14.790+0000] {logging_mixin.py:188} INFO - [2026-04-29T18:28:14.790+0000] {dag.py:3096} INFO - Sync 1 DAGs
[2026-04-29T18:28:14.883+0000] {processor.py:183} INFO - Processing /opt/airflow/dags/dag_job_intelligent.py took 0.231 seconds
[2026-04-29T18:28:45.274+0000] {processor.py:161} INFO - Started process (PID=233) to work on /opt/airflow/dags/dag_job_intelligent.py
[2026-04-29T18:28:45.276+0000] {processor.py:830} INFO - Processing file /opt/airflow/dags/dag_job_intelligent.py for tasks to queue
[2026-04-29T18:28:45.278+0000] {logging_mixin.py:188} INFO - [2026-04-29T18:28:45.278+0000] {dagbag.py:545} INFO - Filling up the DagBag from /opt/airflow/dags/dag_job_intelligent.py
[2026-04-29T18:28:45.315+0000] {processor.py:840} INFO - DAG(s) 'job_intelligent_pipeline' retrieved from /opt/airflow/dags/dag_job_intelligent.py
[2026-04-29T18:28:45.374+0000] {logging_mixin.py:188} INFO - [2026-04-29T18:28:45.373+0000] {dag.py:3096} INFO - Sync 1 DAGs
[2026-04-29T18:28:45.444+0000] {processor.py:183} INFO - Processing /opt/airflow/dags/dag_job_intelligent.py took 0.182 seconds
[2026-04-29T18:29:15.676+0000] {processor.py:161} INFO - Started process (PID=241) to work on /opt/airflow/dags/dag_job_intelligent.py
[2026-04-29T18:29:15.678+0000] {processor.py:830} INFO - Processing file /opt/airflow/dags/dag_job_intelligent.py for tasks to queue
[2026-04-29T18:29:15.681+0000] {logging_mixin.py:188} INFO - [2026-04-29T18:29:15.680+0000] {dagbag.py:545} INFO - Filling up the DagBag from /opt/airflow/dags/dag_job_intelligent.py
[2026-04-29T18:29:15.720+0000] {processor.py:840} INFO - DAG(s) 'job_intelligent_pipeline' retrieved from /opt/airflow/dags/dag_job_intelligent.py
[2026-04-29T18:29:15.778+0000] {logging_mixin.py:188} INFO - [2026-04-29T18:29:15.777+0000] {dag.py:3096} INFO - Sync 1 DAGs
[2026-04-29T18:29:15.855+0000] {processor.py:183} INFO - Processing /opt/airflow/dags/dag_job_intelligent.py took 0.189 seconds
[2026-04-29T18:29:46.346+0000] {processor.py:161} INFO - Started process (PID=255) to work on /opt/airflow/dags/dag_job_intelligent.py
[2026-04-29T18:29:46.348+0000] {processor.py:830} INFO - Processing file /opt/airflow/dags/dag_job_intelligent.py for tasks to queue
[2026-04-29T18:29:46.350+0000] {logging_mixin.py:188} INFO - [2026-04-29T18:29:46.350+0000] {dagbag.py:545} INFO - Filling up the DagBag from /opt/airflow/dags/dag_job_intelligent.py
[2026-04-29T18:29:46.386+0000] {processor.py:840} INFO - DAG(s) 'job_intelligent_pipeline' retrieved from /opt/airflow/dags/dag_job_intelligent.py
[2026-04-29T18:29:46.441+0000] {logging_mixin.py:188} INFO - [2026-04-29T18:29:46.441+0000] {dag.py:3096} INFO - Sync 1 DAGs
[2026-04-29T18:29:46.524+0000] {processor.py:183} INFO - Processing /opt/airflow/dags/dag_job_intelligent.py took 0.188 seconds
[2026-04-29T18:30:16.795+0000] {processor.py:161} INFO - Started process (PID=263) to work on /opt/airflow/dags/dag_job_intelligent.py
[2026-04-29T18:30:16.797+0000] {processor.py:830} INFO - Processing file /opt/airflow/dags/dag_job_intelligent.py for tasks to queue
[2026-04-29T18:30:16.800+0000] {logging_mixin.py:188} INFO - [2026-04-29T18:30:16.800+0000] {dagbag.py:545} INFO - Filling up the DagBag from /opt/airflow/dags/dag_job_intelligent.py
[2026-04-29T18:30:16.873+0000] {processor.py:840} INFO - DAG(s) 'job_intelligent_pipeline' retrieved from /opt/airflow/dags/dag_job_intelligent.py
[2026-04-29T18:30:17.018+0000] {logging_mixin.py:188} INFO - [2026-04-29T18:30:17.017+0000] {dag.py:3096} INFO - Sync 1 DAGs
[2026-04-29T18:30:17.133+0000] {processor.py:183} INFO - Processing /opt/airflow/dags/dag_job_intelligent.py took 0.350 seconds
[2026-04-29T18:30:47.327+0000] {processor.py:161} INFO - Started process (PID=277) to work on /opt/airflow/dags/dag_job_intelligent.py
[2026-04-29T18:30:47.329+0000] {processor.py:830} INFO - Processing file /opt/airflow/dags/dag_job_intelligent.py for tasks to queue
[2026-04-29T18:30:47.334+0000] {logging_mixin.py:188} INFO - [2026-04-29T18:30:47.333+0000] {dagbag.py:545} INFO - Filling up the DagBag from /opt/airflow/dags/dag_job_intelligent.py
[2026-04-29T18:30:47.376+0000] {processor.py:840} INFO - DAG(s) 'job_intelligent_pipeline' retrieved from /opt/airflow/dags/dag_job_intelligent.py
[2026-04-29T18:30:47.445+0000] {logging_mixin.py:188} INFO - [2026-04-29T18:30:47.444+0000] {dag.py:3096} INFO - Sync 1 DAGs
[2026-04-29T18:30:47.535+0000] {processor.py:183} INFO - Processing /opt/airflow/dags/dag_job_intelligent.py took 0.219 seconds
[2026-04-29T18:31:17.972+0000] {processor.py:161} INFO - Started process (PID=291) to work on /opt/airflow/dags/dag_job_intelligent.py
[2026-04-29T18:31:17.973+0000] {processor.py:830} INFO - Processing file /opt/airflow/dags/dag_job_intelligent.py for tasks to queue
[2026-04-29T18:31:17.976+0000] {logging_mixin.py:188} INFO - [2026-04-29T18:31:17.975+0000] {dagbag.py:545} INFO - Filling up the DagBag from /opt/airflow/dags/dag_job_intelligent.py
[2026-04-29T18:31:18.015+0000] {processor.py:840} INFO - DAG(s) 'job_intelligent_pipeline' retrieved from /opt/airflow/dags/dag_job_intelligent.py
[2026-04-29T18:31:18.078+0000] {logging_mixin.py:188} INFO - [2026-04-29T18:31:18.077+0000] {dag.py:3096} INFO - Sync 1 DAGs
[2026-04-29T18:31:18.157+0000] {processor.py:183} INFO - Processing /opt/airflow/dags/dag_job_intelligent.py took 0.198 seconds
[2026-04-29T18:31:48.494+0000] {processor.py:161} INFO - Started process (PID=299) to work on /opt/airflow/dags/dag_job_intelligent.py
[2026-04-29T18:31:48.495+0000] {processor.py:830} INFO - Processing file /opt/airflow/dags/dag_job_intelligent.py for tasks to queue
[2026-04-29T18:31:48.498+0000] {logging_mixin.py:188} INFO - [2026-04-29T18:31:48.497+0000] {dagbag.py:545} INFO - Filling up the DagBag from /opt/airflow/dags/dag_job_intelligent.py
[2026-04-29T18:31:48.584+0000] {processor.py:840} INFO - DAG(s) 'job_intelligent_pipeline' retrieved from /opt/airflow/dags/dag_job_intelligent.py
[2026-04-29T18:31:48.677+0000] {logging_mixin.py:188} INFO - [2026-04-29T18:31:48.677+0000] {dag.py:3096} INFO - Sync 1 DAGs
[2026-04-29T18:31:48.766+0000] {processor.py:183} INFO - Processing /opt/airflow/dags/dag_job_intelligent.py took 0.284 seconds
[2026-04-29T18:32:18.914+0000] {processor.py:161} INFO - Started process (PID=313) to work on /opt/airflow/dags/dag_job_intelligent.py
[2026-04-29T18:32:18.915+0000] {processor.py:830} INFO - Processing file /opt/airflow/dags/dag_job_intelligent.py for tasks to queue
[2026-04-29T18:32:18.918+0000] {logging_mixin.py:188} INFO - [2026-04-29T18:32:18.917+0000] {dagbag.py:545} INFO - Filling up the DagBag from /opt/airflow/dags/dag_job_intelligent.py
[2026-04-29T18:32:18.971+0000] {processor.py:840} INFO - DAG(s) 'job_intelligent_pipeline' retrieved from /opt/airflow/dags/dag_job_intelligent.py
[2026-04-29T18:32:19.038+0000] {logging_mixin.py:188} INFO - [2026-04-29T18:32:19.037+0000] {dag.py:3096} INFO - Sync 1 DAGs
[2026-04-29T18:32:19.149+0000] {processor.py:183} INFO - Processing /opt/airflow/dags/dag_job_intelligent.py took 0.245 seconds
[2026-04-29T18:32:49.606+0000] {processor.py:161} INFO - Started process (PID=321) to work on /opt/airflow/dags/dag_job_intelligent.py
[2026-04-29T18:32:49.611+0000] {processor.py:830} INFO - Processing file /opt/airflow/dags/dag_job_intelligent.py for tasks to queue
[2026-04-29T18:32:49.617+0000] {logging_mixin.py:188} INFO - [2026-04-29T18:32:49.616+0000] {dagbag.py:545} INFO - Filling up the DagBag from /opt/airflow/dags/dag_job_intelligent.py
[2026-04-29T18:32:49.699+0000] {processor.py:840} INFO - DAG(s) 'job_intelligent_pipeline' retrieved from /opt/airflow/dags/dag_job_intelligent.py
[2026-04-29T18:32:49.895+0000] {logging_mixin.py:188} INFO - [2026-04-29T18:32:49.895+0000] {dag.py:3096} INFO - Sync 1 DAGs
[2026-04-29T18:32:49.987+0000] {processor.py:183} INFO - Processing /opt/airflow/dags/dag_job_intelligent.py took 0.413 seconds
[2026-04-29T18:33:20.368+0000] {processor.py:161} INFO - Started process (PID=335) to work on /opt/airflow/dags/dag_job_intelligent.py
[2026-04-29T18:33:20.370+0000] {processor.py:830} INFO - Processing file /opt/airflow/dags/dag_job_intelligent.py for tasks to queue
[2026-04-29T18:33:20.374+0000] {logging_mixin.py:188} INFO - [2026-04-29T18:33:20.373+0000] {dagbag.py:545} INFO - Filling up the DagBag from /opt/airflow/dags/dag_job_intelligent.py
[2026-04-29T18:33:20.512+0000] {processor.py:840} INFO - DAG(s) 'job_intelligent_pipeline' retrieved from /opt/airflow/dags/dag_job_intelligent.py
[2026-04-29T18:33:20.694+0000] {logging_mixin.py:188} INFO - [2026-04-29T18:33:20.694+0000] {dag.py:3096} INFO - Sync 1 DAGs
[2026-04-29T18:33:20.896+0000] {processor.py:183} INFO - Processing /opt/airflow/dags/dag_job_intelligent.py took 0.543 seconds
[2026-04-29T18:33:51.315+0000] {processor.py:161} INFO - Started process (PID=342) to work on /opt/airflow/dags/dag_job_intelligent.py
[2026-04-29T18:33:51.316+0000] {processor.py:830} INFO - Processing file /opt/airflow/dags/dag_job_intelligent.py for tasks to queue
[2026-04-29T18:33:51.319+0000] {logging_mixin.py:188} INFO - [2026-04-29T18:33:51.318+0000] {dagbag.py:545} INFO - Filling up the DagBag from /opt/airflow/dags/dag_job_intelligent.py
[2026-04-29T18:33:51.357+0000] {processor.py:840} INFO - DAG(s) 'job_intelligent_pipeline' retrieved from /opt/airflow/dags/dag_job_intelligent.py
[2026-04-29T18:33:51.416+0000] {logging_mixin.py:188} INFO - [2026-04-29T18:33:51.415+0000] {dag.py:3096} INFO - Sync 1 DAGs
[2026-04-29T18:33:51.491+0000] {processor.py:183} INFO - Processing /opt/airflow/dags/dag_job_intelligent.py took 0.187 seconds
[2026-04-29T18:34:22.719+0000] {processor.py:161} INFO - Started process (PID=357) to work on /opt/airflow/dags/dag_job_intelligent.py
[2026-04-29T18:34:22.878+0000] {processor.py:830} INFO - Processing file /opt/airflow/dags/dag_job_intelligent.py for tasks to queue
[2026-04-29T18:34:22.906+0000] {logging_mixin.py:188} INFO - [2026-04-29T18:34:22.905+0000] {dagbag.py:545} INFO - Filling up the DagBag from /opt/airflow/dags/dag_job_intelligent.py
[2026-04-29T18:34:24.126+0000] {processor.py:840} INFO - DAG(s) 'job_intelligent_pipeline' retrieved from /opt/airflow/dags/dag_job_intelligent.py
[2026-04-29T18:34:24.430+0000] {logging_mixin.py:188} INFO - [2026-04-29T18:34:24.420+0000] {dag.py:3096} INFO - Sync 1 DAGs
[2026-04-29T18:34:25.259+0000] {processor.py:183} INFO - Processing /opt/airflow/dags/dag_job_intelligent.py took 2.564 seconds
[2026-04-29T18:34:56.000+0000] {processor.py:161} INFO - Started process (PID=365) to work on /opt/airflow/dags/dag_job_intelligent.py
[2026-04-29T18:34:56.003+0000] {processor.py:830} INFO - Processing file /opt/airflow/dags/dag_job_intelligent.py for tasks to queue
[2026-04-29T18:34:56.007+0000] {logging_mixin.py:188} INFO - [2026-04-29T18:34:56.006+0000] {dagbag.py:545} INFO - Filling up the DagBag from /opt/airflow/dags/dag_job_intelligent.py
[2026-04-29T18:34:56.110+0000] {processor.py:840} INFO - DAG(s) 'job_intelligent_pipeline' retrieved from /opt/airflow/dags/dag_job_intelligent.py
[2026-04-29T18:34:56.351+0000] {logging_mixin.py:188} INFO - [2026-04-29T18:34:56.351+0000] {dag.py:3096} INFO - Sync 1 DAGs
[2026-04-29T18:34:56.589+0000] {processor.py:183} INFO - Processing /opt/airflow/dags/dag_job_intelligent.py took 0.628 seconds
[2026-04-29T18:35:27.099+0000] {processor.py:161} INFO - Started process (PID=379) to work on /opt/airflow/dags/dag_job_intelligent.py
[2026-04-29T18:35:27.101+0000] {processor.py:830} INFO - Processing file /opt/airflow/dags/dag_job_intelligent.py for tasks to queue
[2026-04-29T18:35:27.106+0000] {logging_mixin.py:188} INFO - [2026-04-29T18:35:27.105+0000] {dagbag.py:545} INFO - Filling up the DagBag from /opt/airflow/dags/dag_job_intelligent.py
[2026-04-29T18:35:27.162+0000] {processor.py:840} INFO - DAG(s) 'job_intelligent_pipeline' retrieved from /opt/airflow/dags/dag_job_intelligent.py
[2026-04-29T18:35:27.258+0000] {logging_mixin.py:188} INFO - [2026-04-29T18:35:27.258+0000] {dag.py:3096} INFO - Sync 1 DAGs
[2026-04-29T18:35:27.383+0000] {processor.py:183} INFO - Processing /opt/airflow/dags/dag_job_intelligent.py took 0.317 seconds
[2026-04-29T18:35:58.594+0000] {processor.py:161} INFO - Started process (PID=387) to work on /opt/airflow/dags/dag_job_intelligent.py
[2026-04-29T18:35:58.599+0000] {processor.py:830} INFO - Processing file /opt/airflow/dags/dag_job_intelligent.py for tasks to queue
[2026-04-29T18:35:58.610+0000] {logging_mixin.py:188} INFO - [2026-04-29T18:35:58.610+0000] {dagbag.py:545} INFO - Filling up the DagBag from /opt/airflow/dags/dag_job_intelligent.py
[2026-04-29T18:35:58.730+0000] {processor.py:840} INFO - DAG(s) 'job_intelligent_pipeline' retrieved from /opt/airflow/dags/dag_job_intelligent.py
[2026-04-29T18:35:59.240+0000] {logging_mixin.py:188} INFO - [2026-04-29T18:35:59.239+0000] {dag.py:3096} INFO - Sync 1 DAGs
[2026-04-29T18:35:59.625+0000] {processor.py:183} INFO - Processing /opt/airflow/dags/dag_job_intelligent.py took 1.171 seconds
[2026-04-29T18:36:29.983+0000] {processor.py:161} INFO - Started process (PID=401) to work on /opt/airflow/dags/dag_job_intelligent.py
[2026-04-29T18:36:29.986+0000] {processor.py:830} INFO - Processing file /opt/airflow/dags/dag_job_intelligent.py for tasks to queue
[2026-04-29T18:36:29.990+0000] {logging_mixin.py:188} INFO - [2026-04-29T18:36:29.989+0000] {dagbag.py:545} INFO - Filling up the DagBag from /opt/airflow/dags/dag_job_intelligent.py
[2026-04-29T18:36:30.039+0000] {processor.py:840} INFO - DAG(s) 'job_intelligent_pipeline' retrieved from /opt/airflow/dags/dag_job_intelligent.py
[2026-04-29T18:36:30.134+0000] {logging_mixin.py:188} INFO - [2026-04-29T18:36:30.133+0000] {dag.py:3096} INFO - Sync 1 DAGs
[2026-04-29T18:36:30.253+0000] {processor.py:183} INFO - Processing /opt/airflow/dags/dag_job_intelligent.py took 0.284 seconds
[2026-04-29T18:37:02.368+0000] {processor.py:161} INFO - Started process (PID=409) to work on /opt/airflow/dags/dag_job_intelligent.py
[2026-04-29T18:37:02.380+0000] {processor.py:830} INFO - Processing file /opt/airflow/dags/dag_job_intelligent.py for tasks to queue
[2026-04-29T18:37:02.396+0000] {logging_mixin.py:188} INFO - [2026-04-29T18:37:02.393+0000] {dagbag.py:545} INFO - Filling up the DagBag from /opt/airflow/dags/dag_job_intelligent.py
[2026-04-29T18:37:04.183+0000] {processor.py:840} INFO - DAG(s) 'job_intelligent_pipeline' retrieved from /opt/airflow/dags/dag_job_intelligent.py
[2026-04-29T18:37:04.514+0000] {logging_mixin.py:188} INFO - [2026-04-29T18:37:04.514+0000] {dag.py:3096} INFO - Sync 1 DAGs
[2026-04-29T18:37:05.075+0000] {processor.py:183} INFO - Processing /opt/airflow/dags/dag_job_intelligent.py took 2.731 seconds
[2026-04-29T18:37:37.198+0000] {processor.py:161} INFO - Started process (PID=423) to work on /opt/airflow/dags/dag_job_intelligent.py
[2026-04-29T18:37:37.212+0000] {processor.py:830} INFO - Processing file /opt/airflow/dags/dag_job_intelligent.py for tasks to queue
[2026-04-29T18:37:37.260+0000] {logging_mixin.py:188} INFO - [2026-04-29T18:37:37.259+0000] {dagbag.py:545} INFO - Filling up the DagBag from /opt/airflow/dags/dag_job_intelligent.py
[2026-04-29T18:37:38.558+0000] {processor.py:840} INFO - DAG(s) 'job_intelligent_pipeline' retrieved from /opt/airflow/dags/dag_job_intelligent.py
[2026-04-29T18:37:38.986+0000] {logging_mixin.py:188} INFO - [2026-04-29T18:37:38.975+0000] {dag.py:3096} INFO - Sync 1 DAGs
[2026-04-29T18:37:39.488+0000] {processor.py:183} INFO - Processing /opt/airflow/dags/dag_job_intelligent.py took 2.316 seconds
[2026-04-29T18:38:10.537+0000] {processor.py:161} INFO - Started process (PID=438) to work on /opt/airflow/dags/dag_job_intelligent.py
[2026-04-29T18:38:10.576+0000] {processor.py:830} INFO - Processing file /opt/airflow/dags/dag_job_intelligent.py for tasks to queue
[2026-04-29T18:38:10.606+0000] {logging_mixin.py:188} INFO - [2026-04-29T18:38:10.605+0000] {dagbag.py:545} INFO - Filling up the DagBag from /opt/airflow/dags/dag_job_intelligent.py
[2026-04-29T18:38:10.870+0000] {processor.py:840} INFO - DAG(s) 'job_intelligent_pipeline' retrieved from /opt/airflow/dags/dag_job_intelligent.py
[2026-04-29T18:38:11.130+0000] {logging_mixin.py:188} INFO - [2026-04-29T18:38:11.118+0000] {dag.py:3096} INFO - Sync 1 DAGs
[2026-04-29T18:38:11.580+0000] {processor.py:183} INFO - Processing /opt/airflow/dags/dag_job_intelligent.py took 1.164 seconds
[2026-04-29T18:38:42.088+0000] {processor.py:161} INFO - Started process (PID=446) to work on /opt/airflow/dags/dag_job_intelligent.py
[2026-04-29T18:38:42.104+0000] {processor.py:830} INFO - Processing file /opt/airflow/dags/dag_job_intelligent.py for tasks to queue
[2026-04-29T18:38:42.114+0000] {logging_mixin.py:188} INFO - [2026-04-29T18:38:42.113+0000] {dagbag.py:545} INFO - Filling up the DagBag from /opt/airflow/dags/dag_job_intelligent.py
[2026-04-29T18:38:42.246+0000] {processor.py:840} INFO - DAG(s) 'job_intelligent_pipeline' retrieved from /opt/airflow/dags/dag_job_intelligent.py
[2026-04-29T18:38:42.425+0000] {logging_mixin.py:188} INFO - [2026-04-29T18:38:42.424+0000] {dag.py:3096} INFO - Sync 1 DAGs
[2026-04-29T18:38:42.647+0000] {processor.py:183} INFO - Processing /opt/airflow/dags/dag_job_intelligent.py took 0.584 seconds
[2026-04-29T18:39:13.273+0000] {processor.py:161} INFO - Started process (PID=460) to work on /opt/airflow/dags/dag_job_intelligent.py
[2026-04-29T18:39:13.275+0000] {processor.py:830} INFO - Processing file /opt/airflow/dags/dag_job_intelligent.py for tasks to queue
[2026-04-29T18:39:13.278+0000] {logging_mixin.py:188} INFO - [2026-04-29T18:39:13.278+0000] {dagbag.py:545} INFO - Filling up the DagBag from /opt/airflow/dags/dag_job_intelligent.py
[2026-04-29T18:39:13.360+0000] {processor.py:840} INFO - DAG(s) 'job_intelligent_pipeline' retrieved from /opt/airflow/dags/dag_job_intelligent.py
[2026-04-29T18:39:13.563+0000] {logging_mixin.py:188} INFO - [2026-04-29T18:39:13.554+0000] {dag.py:3096} INFO - Sync 1 DAGs
[2026-04-29T18:39:13.714+0000] {processor.py:183} INFO - Processing /opt/airflow/dags/dag_job_intelligent.py took 0.462 seconds
[2026-04-29T18:39:43.862+0000] {processor.py:161} INFO - Started process (PID=469) to work on /opt/airflow/dags/dag_job_intelligent.py
[2026-04-29T18:39:43.864+0000] {processor.py:830} INFO - Processing file /opt/airflow/dags/dag_job_intelligent.py for tasks to queue
[2026-04-29T18:39:43.873+0000] {logging_mixin.py:188} INFO - [2026-04-29T18:39:43.870+0000] {dagbag.py:545} INFO - Filling up the DagBag from /opt/airflow/dags/dag_job_intelligent.py
[2026-04-29T18:39:43.974+0000] {processor.py:840} INFO - DAG(s) 'job_intelligent_pipeline' retrieved from /opt/airflow/dags/dag_job_intelligent.py
[2026-04-29T18:39:44.082+0000] {logging_mixin.py:188} INFO - [2026-04-29T18:39:44.082+0000] {dag.py:3096} INFO - Sync 1 DAGs
[2026-04-29T18:39:44.172+0000] {processor.py:183} INFO - Processing /opt/airflow/dags/dag_job_intelligent.py took 0.323 seconds
[2026-04-29T18:40:14.589+0000] {processor.py:161} INFO - Started process (PID=483) to work on /opt/airflow/dags/dag_job_intelligent.py
[2026-04-29T18:40:14.596+0000] {processor.py:830} INFO - Processing file /opt/airflow/dags/dag_job_intelligent.py for tasks to queue
[2026-04-29T18:40:14.602+0000] {logging_mixin.py:188} INFO - [2026-04-29T18:40:14.601+0000] {dagbag.py:545} INFO - Filling up the DagBag from /opt/airflow/dags/dag_job_intelligent.py
[2026-04-29T18:40:14.840+0000] {processor.py:840} INFO - DAG(s) 'job_intelligent_pipeline' retrieved from /opt/airflow/dags/dag_job_intelligent.py
[2026-04-29T18:40:15.115+0000] {logging_mixin.py:188} INFO - [2026-04-29T18:40:15.105+0000] {dag.py:3096} INFO - Sync 1 DAGs
[2026-04-29T18:40:15.333+0000] {processor.py:183} INFO - Processing /opt/airflow/dags/dag_job_intelligent.py took 0.780 seconds
[2026-04-29T18:40:46.100+0000] {processor.py:161} INFO - Started process (PID=491) to work on /opt/airflow/dags/dag_job_intelligent.py
[2026-04-29T18:40:46.103+0000] {processor.py:830} INFO - Processing file /opt/airflow/dags/dag_job_intelligent.py for tasks to queue
[2026-04-29T18:40:46.107+0000] {logging_mixin.py:188} INFO - [2026-04-29T18:40:46.107+0000] {dagbag.py:545} INFO - Filling up the DagBag from /opt/airflow/dags/dag_job_intelligent.py
[2026-04-29T18:40:46.153+0000] {processor.py:840} INFO - DAG(s) 'job_intelligent_pipeline' retrieved from /opt/airflow/dags/dag_job_intelligent.py
[2026-04-29T18:40:46.234+0000] {logging_mixin.py:188} INFO - [2026-04-29T18:40:46.234+0000] {dag.py:3096} INFO - Sync 1 DAGs
[2026-04-29T18:40:46.395+0000] {processor.py:183} INFO - Processing /opt/airflow/dags/dag_job_intelligent.py took 0.307 seconds
[2026-04-29T18:41:16.669+0000] {processor.py:161} INFO - Started process (PID=506) to work on /opt/airflow/dags/dag_job_intelligent.py
[2026-04-29T18:41:16.684+0000] {processor.py:830} INFO - Processing file /opt/airflow/dags/dag_job_intelligent.py for tasks to queue
[2026-04-29T18:41:16.688+0000] {logging_mixin.py:188} INFO - [2026-04-29T18:41:16.687+0000] {dagbag.py:545} INFO - Filling up the DagBag from /opt/airflow/dags/dag_job_intelligent.py
[2026-04-29T18:41:16.784+0000] {processor.py:840} INFO - DAG(s) 'job_intelligent_pipeline' retrieved from /opt/airflow/dags/dag_job_intelligent.py
[2026-04-29T18:41:17.016+0000] {logging_mixin.py:188} INFO - [2026-04-29T18:41:17.016+0000] {dag.py:3096} INFO - Sync 1 DAGs
[2026-04-29T18:41:17.442+0000] {processor.py:183} INFO - Processing /opt/airflow/dags/dag_job_intelligent.py took 0.798 seconds
[2026-04-29T18:41:48.619+0000] {processor.py:161} INFO - Started process (PID=520) to work on /opt/airflow/dags/dag_job_intelligent.py
[2026-04-29T18:41:48.864+0000] {processor.py:830} INFO - Processing file /opt/airflow/dags/dag_job_intelligent.py for tasks to queue
[2026-04-29T18:41:48.959+0000] {logging_mixin.py:188} INFO - [2026-04-29T18:41:48.959+0000] {dagbag.py:545} INFO - Filling up the DagBag from /opt/airflow/dags/dag_job_intelligent.py
[2026-04-29T18:41:49.945+0000] {processor.py:840} INFO - DAG(s) 'job_intelligent_pipeline' retrieved from /opt/airflow/dags/dag_job_intelligent.py
[2026-04-29T18:41:50.243+0000] {logging_mixin.py:188} INFO - [2026-04-29T18:41:50.243+0000] {dag.py:3096} INFO - Sync 1 DAGs
[2026-04-29T18:41:50.722+0000] {processor.py:183} INFO - Processing /opt/airflow/dags/dag_job_intelligent.py took 2.171 seconds
[2026-04-29T18:42:21.769+0000] {processor.py:161} INFO - Started process (PID=528) to work on /opt/airflow/dags/dag_job_intelligent.py
[2026-04-29T18:42:21.771+0000] {processor.py:830} INFO - Processing file /opt/airflow/dags/dag_job_intelligent.py for tasks to queue
[2026-04-29T18:42:21.774+0000] {logging_mixin.py:188} INFO - [2026-04-29T18:42:21.774+0000] {dagbag.py:545} INFO - Filling up the DagBag from /opt/airflow/dags/dag_job_intelligent.py
[2026-04-29T18:42:21.813+0000] {processor.py:840} INFO - DAG(s) 'job_intelligent_pipeline' retrieved from /opt/airflow/dags/dag_job_intelligent.py
[2026-04-29T18:42:21.884+0000] {logging_mixin.py:188} INFO - [2026-04-29T18:42:21.883+0000] {dag.py:3096} INFO - Sync 1 DAGs
[2026-04-29T18:42:21.997+0000] {processor.py:183} INFO - Processing /opt/airflow/dags/dag_job_intelligent.py took 0.239 seconds
[2026-04-29T18:42:52.225+0000] {processor.py:161} INFO - Started process (PID=541) to work on /opt/airflow/dags/dag_job_intelligent.py
[2026-04-29T18:42:52.227+0000] {processor.py:830} INFO - Processing file /opt/airflow/dags/dag_job_intelligent.py for tasks to queue
[2026-04-29T18:42:52.232+0000] {logging_mixin.py:188} INFO - [2026-04-29T18:42:52.231+0000] {dagbag.py:545} INFO - Filling up the DagBag from /opt/airflow/dags/dag_job_intelligent.py
[2026-04-29T18:42:52.292+0000] {processor.py:840} INFO - DAG(s) 'job_intelligent_pipeline' retrieved from /opt/airflow/dags/dag_job_intelligent.py
[2026-04-29T18:42:52.392+0000] {logging_mixin.py:188} INFO - [2026-04-29T18:42:52.392+0000] {dag.py:3096} INFO - Sync 1 DAGs
[2026-04-29T18:42:52.554+0000] {processor.py:183} INFO - Processing /opt/airflow/dags/dag_job_intelligent.py took 0.350 seconds
[2026-04-29T18:43:23.279+0000] {processor.py:161} INFO - Started process (PID=549) to work on /opt/airflow/dags/dag_job_intelligent.py
[2026-04-29T18:43:23.281+0000] {processor.py:830} INFO - Processing file /opt/airflow/dags/dag_job_intelligent.py for tasks to queue
[2026-04-29T18:43:23.286+0000] {logging_mixin.py:188} INFO - [2026-04-29T18:43:23.285+0000] {dagbag.py:545} INFO - Filling up the DagBag from /opt/airflow/dags/dag_job_intelligent.py
[2026-04-29T18:43:23.338+0000] {processor.py:840} INFO - DAG(s) 'job_intelligent_pipeline' retrieved from /opt/airflow/dags/dag_job_intelligent.py
[2026-04-29T18:43:23.441+0000] {logging_mixin.py:188} INFO - [2026-04-29T18:43:23.440+0000] {dag.py:3096} INFO - Sync 1 DAGs
[2026-04-29T18:43:23.580+0000] {processor.py:183} INFO - Processing /opt/airflow/dags/dag_job_intelligent.py took 0.318 seconds
[2026-04-29T18:43:54.376+0000] {processor.py:161} INFO - Started process (PID=563) to work on /opt/airflow/dags/dag_job_intelligent.py
[2026-04-29T18:43:54.378+0000] {processor.py:830} INFO - Processing file /opt/airflow/dags/dag_job_intelligent.py for tasks to queue
[2026-04-29T18:43:54.381+0000] {logging_mixin.py:188} INFO - [2026-04-29T18:43:54.381+0000] {dagbag.py:545} INFO - Filling up the DagBag from /opt/airflow/dags/dag_job_intelligent.py
[2026-04-29T18:43:54.494+0000] {processor.py:840} INFO - DAG(s) 'job_intelligent_pipeline' retrieved from /opt/airflow/dags/dag_job_intelligent.py
[2026-04-29T18:43:54.648+0000] {logging_mixin.py:188} INFO - [2026-04-29T18:43:54.647+0000] {dag.py:3096} INFO - Sync 1 DAGs
[2026-04-29T18:43:54.831+0000] {processor.py:183} INFO - Processing /opt/airflow/dags/dag_job_intelligent.py took 0.504 seconds
[2026-04-29T18:44:25.338+0000] {processor.py:161} INFO - Started process (PID=571) to work on /opt/airflow/dags/dag_job_intelligent.py
[2026-04-29T18:44:25.355+0000] {processor.py:830} INFO - Processing file /opt/airflow/dags/dag_job_intelligent.py for tasks to queue
[2026-04-29T18:44:25.368+0000] {logging_mixin.py:188} INFO - [2026-04-29T18:44:25.367+0000] {dagbag.py:545} INFO - Filling up the DagBag from /opt/airflow/dags/dag_job_intelligent.py
[2026-04-29T18:44:25.674+0000] {processor.py:840} INFO - DAG(s) 'job_intelligent_pipeline' retrieved from /opt/airflow/dags/dag_job_intelligent.py
[2026-04-29T18:44:25.956+0000] {logging_mixin.py:188} INFO - [2026-04-29T18:44:25.956+0000] {dag.py:3096} INFO - Sync 1 DAGs
[2026-04-29T18:44:26.251+0000] {processor.py:183} INFO - Processing /opt/airflow/dags/dag_job_intelligent.py took 0.964 seconds
[2026-04-29T18:44:57.183+0000] {processor.py:161} INFO - Started process (PID=586) to work on /opt/airflow/dags/dag_job_intelligent.py
[2026-04-29T18:44:57.194+0000] {processor.py:830} INFO - Processing file /opt/airflow/dags/dag_job_intelligent.py for tasks to queue
[2026-04-29T18:44:57.262+0000] {logging_mixin.py:188} INFO - [2026-04-29T18:44:57.261+0000] {dagbag.py:545} INFO - Filling up the DagBag from /opt/airflow/dags/dag_job_intelligent.py
[2026-04-29T18:44:59.452+0000] {processor.py:840} INFO - DAG(s) 'job_intelligent_pipeline' retrieved from /opt/airflow/dags/dag_job_intelligent.py
[2026-04-29T18:45:00.047+0000] {logging_mixin.py:188} INFO - [2026-04-29T18:45:00.046+0000] {dag.py:3096} INFO - Sync 1 DAGs
[2026-04-29T18:45:00.275+0000] {processor.py:183} INFO - Processing /opt/airflow/dags/dag_job_intelligent.py took 3.204 seconds
[2026-04-29T18:45:30.875+0000] {processor.py:161} INFO - Started process (PID=593) to work on /opt/airflow/dags/dag_job_intelligent.py
[2026-04-29T18:45:30.877+0000] {processor.py:830} INFO - Processing file /opt/airflow/dags/dag_job_intelligent.py for tasks to queue
[2026-04-29T18:45:30.881+0000] {logging_mixin.py:188} INFO - [2026-04-29T18:45:30.880+0000] {dagbag.py:545} INFO - Filling up the DagBag from /opt/airflow/dags/dag_job_intelligent.py
[2026-04-29T18:45:30.981+0000] {processor.py:840} INFO - DAG(s) 'job_intelligent_pipeline' retrieved from /opt/airflow/dags/dag_job_intelligent.py
[2026-04-29T18:45:31.219+0000] {logging_mixin.py:188} INFO - [2026-04-29T18:45:31.218+0000] {dag.py:3096} INFO - Sync 1 DAGs
[2026-04-29T18:45:31.416+0000] {processor.py:183} INFO - Processing /opt/airflow/dags/dag_job_intelligent.py took 0.559 seconds
[2026-04-29T18:46:07.127+0000] {processor.py:161} INFO - Started process (PID=606) to work on /opt/airflow/dags/dag_job_intelligent.py
[2026-04-29T18:46:07.219+0000] {processor.py:830} INFO - Processing file /opt/airflow/dags/dag_job_intelligent.py for tasks to queue
[2026-04-29T18:46:07.406+0000] {logging_mixin.py:188} INFO - [2026-04-29T18:46:07.405+0000] {dagbag.py:545} INFO - Filling up the DagBag from /opt/airflow/dags/dag_job_intelligent.py
[2026-04-29T18:46:10.467+0000] {processor.py:840} INFO - DAG(s) 'job_intelligent_pipeline' retrieved from /opt/airflow/dags/dag_job_intelligent.py
[2026-04-29T18:46:11.054+0000] {logging_mixin.py:188} INFO - [2026-04-29T18:46:11.054+0000] {dag.py:3096} INFO - Sync 1 DAGs
[2026-04-29T18:46:11.704+0000] {processor.py:183} INFO - Processing /opt/airflow/dags/dag_job_intelligent.py took 4.646 seconds
[2026-04-29T18:46:42.149+0000] {processor.py:161} INFO - Started process (PID=619) to work on /opt/airflow/dags/dag_job_intelligent.py
[2026-04-29T18:46:42.152+0000] {processor.py:830} INFO - Processing file /opt/airflow/dags/dag_job_intelligent.py for tasks to queue
[2026-04-29T18:46:42.157+0000] {logging_mixin.py:188} INFO - [2026-04-29T18:46:42.156+0000] {dagbag.py:545} INFO - Filling up the DagBag from /opt/airflow/dags/dag_job_intelligent.py
[2026-04-29T18:46:42.247+0000] {processor.py:840} INFO - DAG(s) 'job_intelligent_pipeline' retrieved from /opt/airflow/dags/dag_job_intelligent.py
[2026-04-29T18:46:42.459+0000] {logging_mixin.py:188} INFO - [2026-04-29T18:46:42.458+0000] {dag.py:3096} INFO - Sync 1 DAGs
[2026-04-29T18:46:42.587+0000] {processor.py:183} INFO - Processing /opt/airflow/dags/dag_job_intelligent.py took 0.457 seconds
[2026-04-29T18:47:13.879+0000] {processor.py:161} INFO - Started process (PID=633) to work on /opt/airflow/dags/dag_job_intelligent.py
[2026-04-29T18:47:13.885+0000] {processor.py:830} INFO - Processing file /opt/airflow/dags/dag_job_intelligent.py for tasks to queue
[2026-04-29T18:47:13.896+0000] {logging_mixin.py:188} INFO - [2026-04-29T18:47:13.895+0000] {dagbag.py:545} INFO - Filling up the DagBag from /opt/airflow/dags/dag_job_intelligent.py
[2026-04-29T18:47:14.264+0000] {processor.py:840} INFO - DAG(s) 'job_intelligent_pipeline' retrieved from /opt/airflow/dags/dag_job_intelligent.py
[2026-04-29T18:47:14.567+0000] {logging_mixin.py:188} INFO - [2026-04-29T18:47:14.566+0000] {dag.py:3096} INFO - Sync 1 DAGs
[2026-04-29T18:47:14.956+0000] {processor.py:183} INFO - Processing /opt/airflow/dags/dag_job_intelligent.py took 1.114 seconds
[2026-04-29T18:47:45.936+0000] {processor.py:161} INFO - Started process (PID=641) to work on /opt/airflow/dags/dag_job_intelligent.py
[2026-04-29T18:47:45.988+0000] {processor.py:830} INFO - Processing file /opt/airflow/dags/dag_job_intelligent.py for tasks to queue
[2026-04-29T18:47:46.004+0000] {logging_mixin.py:188} INFO - [2026-04-29T18:47:46.003+0000] {dagbag.py:545} INFO - Filling up the DagBag from /opt/airflow/dags/dag_job_intelligent.py
[2026-04-29T18:47:46.096+0000] {processor.py:840} INFO - DAG(s) 'job_intelligent_pipeline' retrieved from /opt/airflow/dags/dag_job_intelligent.py
[2026-04-29T18:47:46.155+0000] {logging_mixin.py:188} INFO - [2026-04-29T18:47:46.155+0000] {dag.py:3096} INFO - Sync 1 DAGs
[2026-04-29T18:47:46.229+0000] {processor.py:183} INFO - Processing /opt/airflow/dags/dag_job_intelligent.py took 0.325 seconds
[2026-04-29T18:48:16.353+0000] {processor.py:161} INFO - Started process (PID=655) to work on /opt/airflow/dags/dag_job_intelligent.py
[2026-04-29T18:48:16.357+0000] {processor.py:830} INFO - Processing file /opt/airflow/dags/dag_job_intelligent.py for tasks to queue
[2026-04-29T18:48:16.361+0000] {logging_mixin.py:188} INFO - [2026-04-29T18:48:16.360+0000] {dagbag.py:545} INFO - Filling up the DagBag from /opt/airflow/dags/dag_job_intelligent.py
[2026-04-29T18:48:16.427+0000] {processor.py:840} INFO - DAG(s) 'job_intelligent_pipeline' retrieved from /opt/airflow/dags/dag_job_intelligent.py
[2026-04-29T18:48:16.570+0000] {logging_mixin.py:188} INFO - [2026-04-29T18:48:16.569+0000] {dag.py:3096} INFO - Sync 1 DAGs
[2026-04-29T18:48:16.712+0000] {processor.py:183} INFO - Processing /opt/airflow/dags/dag_job_intelligent.py took 0.377 seconds
[2026-04-29T18:48:46.896+0000] {processor.py:161} INFO - Started process (PID=663) to work on /opt/airflow/dags/dag_job_intelligent.py
[2026-04-29T18:48:46.898+0000] {processor.py:830} INFO - Processing file /opt/airflow/dags/dag_job_intelligent.py for tasks to queue
[2026-04-29T18:48:46.902+0000] {logging_mixin.py:188} INFO - [2026-04-29T18:48:46.901+0000] {dagbag.py:545} INFO - Filling up the DagBag from /opt/airflow/dags/dag_job_intelligent.py
[2026-04-29T18:48:46.957+0000] {processor.py:840} INFO - DAG(s) 'job_intelligent_pipeline' retrieved from /opt/airflow/dags/dag_job_intelligent.py
[2026-04-29T18:48:47.080+0000] {logging_mixin.py:188} INFO - [2026-04-29T18:48:47.080+0000] {dag.py:3096} INFO - Sync 1 DAGs
[2026-04-29T18:48:47.243+0000] {processor.py:183} INFO - Processing /opt/airflow/dags/dag_job_intelligent.py took 0.361 seconds
[2026-04-29T18:49:17.734+0000] {processor.py:161} INFO - Started process (PID=676) to work on /opt/airflow/dags/dag_job_intelligent.py
[2026-04-29T18:49:17.735+0000] {processor.py:830} INFO - Processing file /opt/airflow/dags/dag_job_intelligent.py for tasks to queue
[2026-04-29T18:49:17.740+0000] {logging_mixin.py:188} INFO - [2026-04-29T18:49:17.739+0000] {dagbag.py:545} INFO - Filling up the DagBag from /opt/airflow/dags/dag_job_intelligent.py
[2026-04-29T18:49:17.785+0000] {processor.py:840} INFO - DAG(s) 'job_intelligent_pipeline' retrieved from /opt/airflow/dags/dag_job_intelligent.py
[2026-04-29T18:49:17.858+0000] {logging_mixin.py:188} INFO - [2026-04-29T18:49:17.858+0000] {dag.py:3096} INFO - Sync 1 DAGs
[2026-04-29T18:49:17.943+0000] {processor.py:183} INFO - Processing /opt/airflow/dags/dag_job_intelligent.py took 0.227 seconds
[2026-04-29T18:49:48.235+0000] {processor.py:161} INFO - Started process (PID=683) to work on /opt/airflow/dags/dag_job_intelligent.py
[2026-04-29T18:49:48.238+0000] {processor.py:830} INFO - Processing file /opt/airflow/dags/dag_job_intelligent.py for tasks to queue
[2026-04-29T18:49:48.242+0000] {logging_mixin.py:188} INFO - [2026-04-29T18:49:48.241+0000] {dagbag.py:545} INFO - Filling up the DagBag from /opt/airflow/dags/dag_job_intelligent.py
[2026-04-29T18:49:48.283+0000] {processor.py:840} INFO - DAG(s) 'job_intelligent_pipeline' retrieved from /opt/airflow/dags/dag_job_intelligent.py
[2026-04-29T18:49:48.387+0000] {logging_mixin.py:188} INFO - [2026-04-29T18:49:48.387+0000] {dag.py:3096} INFO - Sync 1 DAGs
[2026-04-29T18:49:48.554+0000] {processor.py:183} INFO - Processing /opt/airflow/dags/dag_job_intelligent.py took 0.330 seconds
[2026-04-29T18:50:19.015+0000] {processor.py:161} INFO - Started process (PID=697) to work on /opt/airflow/dags/dag_job_intelligent.py
[2026-04-29T18:50:19.017+0000] {processor.py:830} INFO - Processing file /opt/airflow/dags/dag_job_intelligent.py for tasks to queue
[2026-04-29T18:50:19.024+0000] {logging_mixin.py:188} INFO - [2026-04-29T18:50:19.024+0000] {dagbag.py:545} INFO - Filling up the DagBag from /opt/airflow/dags/dag_job_intelligent.py
[2026-04-29T18:50:19.120+0000] {processor.py:840} INFO - DAG(s) 'job_intelligent_pipeline' retrieved from /opt/airflow/dags/dag_job_intelligent.py
[2026-04-29T18:50:19.330+0000] {logging_mixin.py:188} INFO - [2026-04-29T18:50:19.329+0000] {dag.py:3096} INFO - Sync 1 DAGs
[2026-04-29T18:50:19.769+0000] {processor.py:183} INFO - Processing /opt/airflow/dags/dag_job_intelligent.py took 0.776 seconds
[2026-04-29T18:50:50.198+0000] {processor.py:161} INFO - Started process (PID=705) to work on /opt/airflow/dags/dag_job_intelligent.py
[2026-04-29T18:50:50.199+0000] {processor.py:830} INFO - Processing file /opt/airflow/dags/dag_job_intelligent.py for tasks to queue
[2026-04-29T18:50:50.202+0000] {logging_mixin.py:188} INFO - [2026-04-29T18:50:50.202+0000] {dagbag.py:545} INFO - Filling up the DagBag from /opt/airflow/dags/dag_job_intelligent.py
[2026-04-29T18:50:50.235+0000] {processor.py:840} INFO - DAG(s) 'job_intelligent_pipeline' retrieved from /opt/airflow/dags/dag_job_intelligent.py
[2026-04-29T18:50:50.312+0000] {logging_mixin.py:188} INFO - [2026-04-29T18:50:50.312+0000] {dag.py:3096} INFO - Sync 1 DAGs
[2026-04-29T18:50:50.383+0000] {processor.py:183} INFO - Processing /opt/airflow/dags/dag_job_intelligent.py took 0.194 seconds
[2026-04-29T18:51:20.742+0000] {processor.py:161} INFO - Started process (PID=719) to work on /opt/airflow/dags/dag_job_intelligent.py
[2026-04-29T18:51:20.743+0000] {processor.py:830} INFO - Processing file /opt/airflow/dags/dag_job_intelligent.py for tasks to queue
[2026-04-29T18:51:20.749+0000] {logging_mixin.py:188} INFO - [2026-04-29T18:51:20.748+0000] {dagbag.py:545} INFO - Filling up the DagBag from /opt/airflow/dags/dag_job_intelligent.py
[2026-04-29T18:51:20.990+0000] {processor.py:840} INFO - DAG(s) 'job_intelligent_pipeline' retrieved from /opt/airflow/dags/dag_job_intelligent.py
[2026-04-29T18:51:21.195+0000] {logging_mixin.py:188} INFO - [2026-04-29T18:51:21.194+0000] {dag.py:3096} INFO - Sync 1 DAGs
[2026-04-29T18:51:21.425+0000] {processor.py:183} INFO - Processing /opt/airflow/dags/dag_job_intelligent.py took 0.710 seconds
[2026-04-29T18:51:52.054+0000] {processor.py:161} INFO - Started process (PID=727) to work on /opt/airflow/dags/dag_job_intelligent.py
[2026-04-29T18:51:52.062+0000] {processor.py:830} INFO - Processing file /opt/airflow/dags/dag_job_intelligent.py for tasks to queue
[2026-04-29T18:51:52.070+0000] {logging_mixin.py:188} INFO - [2026-04-29T18:51:52.069+0000] {dagbag.py:545} INFO - Filling up the DagBag from /opt/airflow/dags/dag_job_intelligent.py
[2026-04-29T18:51:52.208+0000] {processor.py:840} INFO - DAG(s) 'job_intelligent_pipeline' retrieved from /opt/airflow/dags/dag_job_intelligent.py
[2026-04-29T18:51:52.503+0000] {logging_mixin.py:188} INFO - [2026-04-29T18:51:52.502+0000] {dag.py:3096} INFO - Sync 1 DAGs
[2026-04-29T18:51:53.152+0000] {processor.py:183} INFO - Processing /opt/airflow/dags/dag_job_intelligent.py took 1.119 seconds
[2026-04-29T18:52:24.016+0000] {processor.py:161} INFO - Started process (PID=741) to work on /opt/airflow/dags/dag_job_intelligent.py
[2026-04-29T18:52:24.019+0000] {processor.py:830} INFO - Processing file /opt/airflow/dags/dag_job_intelligent.py for tasks to queue
[2026-04-29T18:52:24.030+0000] {logging_mixin.py:188} INFO - [2026-04-29T18:52:24.029+0000] {dagbag.py:545} INFO - Filling up the DagBag from /opt/airflow/dags/dag_job_intelligent.py
[2026-04-29T18:52:24.077+0000] {processor.py:840} INFO - DAG(s) 'job_intelligent_pipeline' retrieved from /opt/airflow/dags/dag_job_intelligent.py
[2026-04-29T18:52:24.142+0000] {logging_mixin.py:188} INFO - [2026-04-29T18:52:24.141+0000] {dag.py:3096} INFO - Sync 1 DAGs
[2026-04-29T18:52:24.236+0000] {processor.py:183} INFO - Processing /opt/airflow/dags/dag_job_intelligent.py took 0.235 seconds
[2026-04-29T18:52:54.353+0000] {processor.py:161} INFO - Started process (PID=749) to work on /opt/airflow/dags/dag_job_intelligent.py
[2026-04-29T18:52:54.355+0000] {processor.py:830} INFO - Processing file /opt/airflow/dags/dag_job_intelligent.py for tasks to queue
[2026-04-29T18:52:54.359+0000] {logging_mixin.py:188} INFO - [2026-04-29T18:52:54.358+0000] {dagbag.py:545} INFO - Filling up the DagBag from /opt/airflow/dags/dag_job_intelligent.py
[2026-04-29T18:52:54.407+0000] {processor.py:840} INFO - DAG(s) 'job_intelligent_pipeline' retrieved from /opt/airflow/dags/dag_job_intelligent.py
[2026-04-29T18:52:54.517+0000] {logging_mixin.py:188} INFO - [2026-04-29T18:52:54.516+0000] {dag.py:3096} INFO - Sync 1 DAGs
[2026-04-29T18:52:54.651+0000] {processor.py:183} INFO - Processing /opt/airflow/dags/dag_job_intelligent.py took 0.310 seconds
[2026-04-29T18:53:25.455+0000] {processor.py:161} INFO - Started process (PID=763) to work on /opt/airflow/dags/dag_job_intelligent.py
[2026-04-29T18:53:25.458+0000] {processor.py:830} INFO - Processing file /opt/airflow/dags/dag_job_intelligent.py for tasks to queue
[2026-04-29T18:53:25.463+0000] {logging_mixin.py:188} INFO - [2026-04-29T18:53:25.462+0000] {dagbag.py:545} INFO - Filling up the DagBag from /opt/airflow/dags/dag_job_intelligent.py
[2026-04-29T18:53:25.528+0000] {processor.py:840} INFO - DAG(s) 'job_intelligent_pipeline' retrieved from /opt/airflow/dags/dag_job_intelligent.py
[2026-04-29T18:53:25.649+0000] {logging_mixin.py:188} INFO - [2026-04-29T18:53:25.648+0000] {dag.py:3096} INFO - Sync 1 DAGs
[2026-04-29T18:53:25.772+0000] {processor.py:183} INFO - Processing /opt/airflow/dags/dag_job_intelligent.py took 0.332 seconds
[2026-04-29T18:53:56.315+0000] {processor.py:161} INFO - Started process (PID=772) to work on /opt/airflow/dags/dag_job_intelligent.py
[2026-04-29T18:53:56.317+0000] {processor.py:830} INFO - Processing file /opt/airflow/dags/dag_job_intelligent.py for tasks to queue
[2026-04-29T18:53:56.323+0000] {logging_mixin.py:188} INFO - [2026-04-29T18:53:56.321+0000] {dagbag.py:545} INFO - Filling up the DagBag from /opt/airflow/dags/dag_job_intelligent.py
[2026-04-29T18:53:56.374+0000] {processor.py:840} INFO - DAG(s) 'job_intelligent_pipeline' retrieved from /opt/airflow/dags/dag_job_intelligent.py
[2026-04-29T18:53:56.447+0000] {logging_mixin.py:188} INFO - [2026-04-29T18:53:56.447+0000] {dag.py:3096} INFO - Sync 1 DAGs
[2026-04-29T18:53:56.542+0000] {processor.py:183} INFO - Processing /opt/airflow/dags/dag_job_intelligent.py took 0.237 seconds
[2026-04-29T18:54:27.204+0000] {processor.py:161} INFO - Started process (PID=785) to work on /opt/airflow/dags/dag_job_intelligent.py
[2026-04-29T18:54:27.206+0000] {processor.py:830} INFO - Processing file /opt/airflow/dags/dag_job_intelligent.py for tasks to queue
[2026-04-29T18:54:27.209+0000] {logging_mixin.py:188} INFO - [2026-04-29T18:54:27.209+0000] {dagbag.py:545} INFO - Filling up the DagBag from /opt/airflow/dags/dag_job_intelligent.py
[2026-04-29T18:54:27.252+0000] {processor.py:840} INFO - DAG(s) 'job_intelligent_pipeline' retrieved from /opt/airflow/dags/dag_job_intelligent.py
[2026-04-29T18:54:27.309+0000] {logging_mixin.py:188} INFO - [2026-04-29T18:54:27.308+0000] {dag.py:3096} INFO - Sync 1 DAGs
[2026-04-29T18:54:27.370+0000] {processor.py:183} INFO - Processing /opt/airflow/dags/dag_job_intelligent.py took 0.181 seconds
[2026-04-29T18:54:57.868+0000] {processor.py:161} INFO - Started process (PID=794) to work on /opt/airflow/dags/dag_job_intelligent.py
[2026-04-29T18:54:57.873+0000] {processor.py:830} INFO - Processing file /opt/airflow/dags/dag_job_intelligent.py for tasks to queue
[2026-04-29T18:54:57.876+0000] {logging_mixin.py:188} INFO - [2026-04-29T18:54:57.876+0000] {dagbag.py:545} INFO - Filling up the DagBag from /opt/airflow/dags/dag_job_intelligent.py
[2026-04-29T18:54:57.934+0000] {processor.py:840} INFO - DAG(s) 'job_intelligent_pipeline' retrieved from /opt/airflow/dags/dag_job_intelligent.py
[2026-04-29T18:54:58.058+0000] {logging_mixin.py:188} INFO - [2026-04-29T18:54:58.057+0000] {dag.py:3096} INFO - Sync 1 DAGs
[2026-04-29T18:54:58.139+0000] {processor.py:183} INFO - Processing /opt/airflow/dags/dag_job_intelligent.py took 0.281 seconds
[2026-04-29T18:55:28.762+0000] {processor.py:161} INFO - Started process (PID=809) to work on /opt/airflow/dags/dag_job_intelligent.py
[2026-04-29T18:55:28.764+0000] {processor.py:830} INFO - Processing file /opt/airflow/dags/dag_job_intelligent.py for tasks to queue
[2026-04-29T18:55:28.767+0000] {logging_mixin.py:188} INFO - [2026-04-29T18:55:28.766+0000] {dagbag.py:545} INFO - Filling up the DagBag from /opt/airflow/dags/dag_job_intelligent.py
[2026-04-29T18:55:28.809+0000] {processor.py:840} INFO - DAG(s) 'job_intelligent_pipeline' retrieved from /opt/airflow/dags/dag_job_intelligent.py
[2026-04-29T18:55:28.886+0000] {logging_mixin.py:188} INFO - [2026-04-29T18:55:28.885+0000] {dag.py:3096} INFO - Sync 1 DAGs
[2026-04-29T18:55:28.975+0000] {processor.py:183} INFO - Processing /opt/airflow/dags/dag_job_intelligent.py took 0.225 seconds
[2026-04-29T18:55:59.690+0000] {processor.py:161} INFO - Started process (PID=817) to work on /opt/airflow/dags/dag_job_intelligent.py
[2026-04-29T18:55:59.699+0000] {processor.py:830} INFO - Processing file /opt/airflow/dags/dag_job_intelligent.py for tasks to queue
[2026-04-29T18:55:59.712+0000] {logging_mixin.py:188} INFO - [2026-04-29T18:55:59.711+0000] {dagbag.py:545} INFO - Filling up the DagBag from /opt/airflow/dags/dag_job_intelligent.py
[2026-04-29T18:55:59.834+0000] {processor.py:840} INFO - DAG(s) 'job_intelligent_pipeline' retrieved from /opt/airflow/dags/dag_job_intelligent.py
[2026-04-29T18:55:59.923+0000] {logging_mixin.py:188} INFO - [2026-04-29T18:55:59.923+0000] {dag.py:3096} INFO - Sync 1 DAGs
[2026-04-29T18:55:59.993+0000] {processor.py:183} INFO - Processing /opt/airflow/dags/dag_job_intelligent.py took 0.345 seconds
[2026-04-29T18:56:30.154+0000] {processor.py:161} INFO - Started process (PID=831) to work on /opt/airflow/dags/dag_job_intelligent.py
[2026-04-29T18:56:30.156+0000] {processor.py:830} INFO - Processing file /opt/airflow/dags/dag_job_intelligent.py for tasks to queue
[2026-04-29T18:56:30.159+0000] {logging_mixin.py:188} INFO - [2026-04-29T18:56:30.158+0000] {dagbag.py:545} INFO - Filling up the DagBag from /opt/airflow/dags/dag_job_intelligent.py
[2026-04-29T18:56:30.205+0000] {processor.py:840} INFO - DAG(s) 'job_intelligent_pipeline' retrieved from /opt/airflow/dags/dag_job_intelligent.py
[2026-04-29T18:56:30.297+0000] {logging_mixin.py:188} INFO - [2026-04-29T18:56:30.296+0000] {dag.py:3096} INFO - Sync 1 DAGs
[2026-04-29T18:56:30.368+0000] {processor.py:183} INFO - Processing /opt/airflow/dags/dag_job_intelligent.py took 0.226 seconds
[2026-04-29T18:57:01.012+0000] {processor.py:161} INFO - Started process (PID=844) to work on /opt/airflow/dags/dag_job_intelligent.py
[2026-04-29T18:57:01.026+0000] {processor.py:830} INFO - Processing file /opt/airflow/dags/dag_job_intelligent.py for tasks to queue
[2026-04-29T18:57:01.039+0000] {logging_mixin.py:188} INFO - [2026-04-29T18:57:01.029+0000] {dagbag.py:545} INFO - Filling up the DagBag from /opt/airflow/dags/dag_job_intelligent.py
[2026-04-29T18:57:01.090+0000] {processor.py:840} INFO - DAG(s) 'job_intelligent_pipeline' retrieved from /opt/airflow/dags/dag_job_intelligent.py
[2026-04-29T18:57:01.198+0000] {logging_mixin.py:188} INFO - [2026-04-29T18:57:01.197+0000] {dag.py:3096} INFO - Sync 1 DAGs
[2026-04-29T18:57:01.357+0000] {processor.py:183} INFO - Processing /opt/airflow/dags/dag_job_intelligent.py took 0.380 seconds
[2026-04-29T18:57:31.679+0000] {processor.py:161} INFO - Started process (PID=852) to work on /opt/airflow/dags/dag_job_intelligent.py
[2026-04-29T18:57:31.693+0000] {processor.py:830} INFO - Processing file /opt/airflow/dags/dag_job_intelligent.py for tasks to queue
[2026-04-29T18:57:31.697+0000] {logging_mixin.py:188} INFO - [2026-04-29T18:57:31.697+0000] {dagbag.py:545} INFO - Filling up the DagBag from /opt/airflow/dags/dag_job_intelligent.py
[2026-04-29T18:57:31.870+0000] {processor.py:840} INFO - DAG(s) 'job_intelligent_pipeline' retrieved from /opt/airflow/dags/dag_job_intelligent.py
[2026-04-29T18:57:32.121+0000] {logging_mixin.py:188} INFO - [2026-04-29T18:57:32.121+0000] {dag.py:3096} INFO - Sync 1 DAGs
[2026-04-29T18:57:32.400+0000] {processor.py:183} INFO - Processing /opt/airflow/dags/dag_job_intelligent.py took 0.754 seconds
[2026-04-29T18:58:03.225+0000] {processor.py:161} INFO - Started process (PID=867) to work on /opt/airflow/dags/dag_job_intelligent.py
[2026-04-29T18:58:03.228+0000] {processor.py:830} INFO - Processing file /opt/airflow/dags/dag_job_intelligent.py for tasks to queue
[2026-04-29T18:58:03.231+0000] {logging_mixin.py:188} INFO - [2026-04-29T18:58:03.230+0000] {dagbag.py:545} INFO - Filling up the DagBag from /opt/airflow/dags/dag_job_intelligent.py
[2026-04-29T18:58:03.274+0000] {processor.py:840} INFO - DAG(s) 'job_intelligent_pipeline' retrieved from /opt/airflow/dags/dag_job_intelligent.py
[2026-04-29T18:58:03.344+0000] {logging_mixin.py:188} INFO - [2026-04-29T18:58:03.344+0000] {dag.py:3096} INFO - Sync 1 DAGs
[2026-04-29T18:58:03.553+0000] {processor.py:183} INFO - Processing /opt/airflow/dags/dag_job_intelligent.py took 0.341 seconds
[2026-04-29T18:58:34.185+0000] {processor.py:161} INFO - Started process (PID=875) to work on /opt/airflow/dags/dag_job_intelligent.py
[2026-04-29T18:58:34.186+0000] {processor.py:830} INFO - Processing file /opt/airflow/dags/dag_job_intelligent.py for tasks to queue
[2026-04-29T18:58:34.189+0000] {logging_mixin.py:188} INFO - [2026-04-29T18:58:34.189+0000] {dagbag.py:545} INFO - Filling up the DagBag from /opt/airflow/dags/dag_job_intelligent.py
[2026-04-29T18:58:34.230+0000] {processor.py:840} INFO - DAG(s) 'job_intelligent_pipeline' retrieved from /opt/airflow/dags/dag_job_intelligent.py
[2026-04-29T18:58:34.296+0000] {logging_mixin.py:188} INFO - [2026-04-29T18:58:34.295+0000] {dag.py:3096} INFO - Sync 1 DAGs
[2026-04-29T18:58:34.367+0000] {processor.py:183} INFO - Processing /opt/airflow/dags/dag_job_intelligent.py took 0.193 seconds
[2026-04-29T18:59:04.870+0000] {processor.py:161} INFO - Started process (PID=888) to work on /opt/airflow/dags/dag_job_intelligent.py
[2026-04-29T18:59:04.879+0000] {processor.py:830} INFO - Processing file /opt/airflow/dags/dag_job_intelligent.py for tasks to queue
[2026-04-29T18:59:04.883+0000] {logging_mixin.py:188} INFO - [2026-04-29T18:59:04.882+0000] {dagbag.py:545} INFO - Filling up the DagBag from /opt/airflow/dags/dag_job_intelligent.py
[2026-04-29T18:59:04.930+0000] {processor.py:840} INFO - DAG(s) 'job_intelligent_pipeline' retrieved from /opt/airflow/dags/dag_job_intelligent.py
[2026-04-29T18:59:05.013+0000] {logging_mixin.py:188} INFO - [2026-04-29T18:59:05.012+0000] {dag.py:3096} INFO - Sync 1 DAGs
[2026-04-29T18:59:05.121+0000] {processor.py:183} INFO - Processing /opt/airflow/dags/dag_job_intelligent.py took 0.266 seconds
[2026-04-29T18:59:35.462+0000] {processor.py:161} INFO - Started process (PID=896) to work on /opt/airflow/dags/dag_job_intelligent.py
[2026-04-29T18:59:35.465+0000] {processor.py:830} INFO - Processing file /opt/airflow/dags/dag_job_intelligent.py for tasks to queue
[2026-04-29T18:59:35.469+0000] {logging_mixin.py:188} INFO - [2026-04-29T18:59:35.468+0000] {dagbag.py:545} INFO - Filling up the DagBag from /opt/airflow/dags/dag_job_intelligent.py
[2026-04-29T18:59:35.530+0000] {processor.py:840} INFO - DAG(s) 'job_intelligent_pipeline' retrieved from /opt/airflow/dags/dag_job_intelligent.py
[2026-04-29T18:59:35.673+0000] {logging_mixin.py:188} INFO - [2026-04-29T18:59:35.672+0000] {dag.py:3096} INFO - Sync 1 DAGs
[2026-04-29T18:59:35.828+0000] {processor.py:183} INFO - Processing /opt/airflow/dags/dag_job_intelligent.py took 0.392 seconds
[2026-04-29T19:00:06.059+0000] {processor.py:161} INFO - Started process (PID=909) to work on /opt/airflow/dags/dag_job_intelligent.py
[2026-04-29T19:00:06.061+0000] {processor.py:830} INFO - Processing file /opt/airflow/dags/dag_job_intelligent.py for tasks to queue
[2026-04-29T19:00:06.063+0000] {logging_mixin.py:188} INFO - [2026-04-29T19:00:06.063+0000] {dagbag.py:545} INFO - Filling up the DagBag from /opt/airflow/dags/dag_job_intelligent.py
[2026-04-29T19:00:06.093+0000] {processor.py:840} INFO - DAG(s) 'job_intelligent_pipeline' retrieved from /opt/airflow/dags/dag_job_intelligent.py
[2026-04-29T19:00:06.184+0000] {logging_mixin.py:188} INFO - [2026-04-29T19:00:06.184+0000] {dag.py:3096} INFO - Sync 1 DAGs
[2026-04-29T19:00:06.304+0000] {processor.py:183} INFO - Processing /opt/airflow/dags/dag_job_intelligent.py took 0.253 seconds
[2026-04-29T19:00:36.524+0000] {processor.py:161} INFO - Started process (PID=916) to work on /opt/airflow/dags/dag_job_intelligent.py
[2026-04-29T19:00:36.526+0000] {processor.py:830} INFO - Processing file /opt/airflow/dags/dag_job_intelligent.py for tasks to queue
[2026-04-29T19:00:36.529+0000] {logging_mixin.py:188} INFO - [2026-04-29T19:00:36.528+0000] {dagbag.py:545} INFO - Filling up the DagBag from /opt/airflow/dags/dag_job_intelligent.py
[2026-04-29T19:00:36.568+0000] {processor.py:840} INFO - DAG(s) 'job_intelligent_pipeline' retrieved from /opt/airflow/dags/dag_job_intelligent.py
[2026-04-29T19:00:36.636+0000] {logging_mixin.py:188} INFO - [2026-04-29T19:00:36.635+0000] {dag.py:3096} INFO - Sync 1 DAGs
[2026-04-29T19:00:36.738+0000] {processor.py:183} INFO - Processing /opt/airflow/dags/dag_job_intelligent.py took 0.227 seconds
[2026-04-29T19:01:06.994+0000] {processor.py:161} INFO - Started process (PID=931) to work on /opt/airflow/dags/dag_job_intelligent.py
[2026-04-29T19:01:06.995+0000] {processor.py:830} INFO - Processing file /opt/airflow/dags/dag_job_intelligent.py for tasks to queue
[2026-04-29T19:01:06.998+0000] {logging_mixin.py:188} INFO - [2026-04-29T19:01:06.998+0000] {dagbag.py:545} INFO - Filling up the DagBag from /opt/airflow/dags/dag_job_intelligent.py
[2026-04-29T19:01:07.030+0000] {processor.py:840} INFO - DAG(s) 'job_intelligent_pipeline' retrieved from /opt/airflow/dags/dag_job_intelligent.py
[2026-04-29T19:01:07.105+0000] {logging_mixin.py:188} INFO - [2026-04-29T19:01:07.105+0000] {dag.py:3096} INFO - Sync 1 DAGs
[2026-04-29T19:01:07.189+0000] {processor.py:183} INFO - Processing /opt/airflow/dags/dag_job_intelligent.py took 0.203 seconds
[2026-04-29T19:01:37.580+0000] {processor.py:161} INFO - Started process (PID=939) to work on /opt/airflow/dags/dag_job_intelligent.py
[2026-04-29T19:01:37.582+0000] {processor.py:830} INFO - Processing file /opt/airflow/dags/dag_job_intelligent.py for tasks to queue
[2026-04-29T19:01:37.584+0000] {logging_mixin.py:188} INFO - [2026-04-29T19:01:37.584+0000] {dagbag.py:545} INFO - Filling up the DagBag from /opt/airflow/dags/dag_job_intelligent.py
[2026-04-29T19:01:37.621+0000] {processor.py:840} INFO - DAG(s) 'job_intelligent_pipeline' retrieved from /opt/airflow/dags/dag_job_intelligent.py
[2026-04-29T19:01:37.693+0000] {logging_mixin.py:188} INFO - [2026-04-29T19:01:37.692+0000] {dag.py:3096} INFO - Sync 1 DAGs
[2026-04-29T19:01:37.805+0000] {processor.py:183} INFO - Processing /opt/airflow/dags/dag_job_intelligent.py took 0.233 seconds
[2026-04-29T19:02:08.428+0000] {processor.py:161} INFO - Started process (PID=954) to work on /opt/airflow/dags/dag_job_intelligent.py
[2026-04-29T19:02:08.429+0000] {processor.py:830} INFO - Processing file /opt/airflow/dags/dag_job_intelligent.py for tasks to queue
[2026-04-29T19:02:08.433+0000] {logging_mixin.py:188} INFO - [2026-04-29T19:02:08.432+0000] {dagbag.py:545} INFO - Filling up the DagBag from /opt/airflow/dags/dag_job_intelligent.py
[2026-04-29T19:02:08.529+0000] {processor.py:840} INFO - DAG(s) 'job_intelligent_pipeline' retrieved from /opt/airflow/dags/dag_job_intelligent.py
[2026-04-29T19:02:08.698+0000] {logging_mixin.py:188} INFO - [2026-04-29T19:02:08.697+0000] {dag.py:3096} INFO - Sync 1 DAGs
[2026-04-29T19:02:08.862+0000] {processor.py:183} INFO - Processing /opt/airflow/dags/dag_job_intelligent.py took 0.443 seconds
[2026-04-29T19:02:39.515+0000] {processor.py:161} INFO - Started process (PID=962) to work on /opt/airflow/dags/dag_job_intelligent.py
[2026-04-29T19:02:39.517+0000] {processor.py:830} INFO - Processing file /opt/airflow/dags/dag_job_intelligent.py for tasks to queue
[2026-04-29T19:02:39.521+0000] {logging_mixin.py:188} INFO - [2026-04-29T19:02:39.520+0000] {dagbag.py:545} INFO - Filling up the DagBag from /opt/airflow/dags/dag_job_intelligent.py
[2026-04-29T19:02:39.579+0000] {processor.py:840} INFO - DAG(s) 'job_intelligent_pipeline' retrieved from /opt/airflow/dags/dag_job_intelligent.py
[2026-04-29T19:02:39.677+0000] {logging_mixin.py:188} INFO - [2026-04-29T19:02:39.676+0000] {dag.py:3096} INFO - Sync 1 DAGs
[2026-04-29T19:02:39.915+0000] {processor.py:183} INFO - Processing /opt/airflow/dags/dag_job_intelligent.py took 0.412 seconds
[2026-04-29T19:03:10.551+0000] {processor.py:161} INFO - Started process (PID=976) to work on /opt/airflow/dags/dag_job_intelligent.py
[2026-04-29T19:03:10.556+0000] {processor.py:830} INFO - Processing file /opt/airflow/dags/dag_job_intelligent.py for tasks to queue
[2026-04-29T19:03:10.568+0000] {logging_mixin.py:188} INFO - [2026-04-29T19:03:10.567+0000] {dagbag.py:545} INFO - Filling up the DagBag from /opt/airflow/dags/dag_job_intelligent.py
[2026-04-29T19:03:10.702+0000] {processor.py:840} INFO - DAG(s) 'job_intelligent_pipeline' retrieved from /opt/airflow/dags/dag_job_intelligent.py
[2026-04-29T19:03:10.918+0000] {logging_mixin.py:188} INFO - [2026-04-29T19:03:10.917+0000] {dag.py:3096} INFO - Sync 1 DAGs
[2026-04-29T19:03:11.051+0000] {processor.py:183} INFO - Processing /opt/airflow/dags/dag_job_intelligent.py took 0.528 seconds
[2026-04-29T19:03:41.875+0000] {processor.py:161} INFO - Started process (PID=984) to work on /opt/airflow/dags/dag_job_intelligent.py
[2026-04-29T19:03:41.883+0000] {processor.py:830} INFO - Processing file /opt/airflow/dags/dag_job_intelligent.py for tasks to queue
[2026-04-29T19:03:41.891+0000] {logging_mixin.py:188} INFO - [2026-04-29T19:03:41.890+0000] {dagbag.py:545} INFO - Filling up the DagBag from /opt/airflow/dags/dag_job_intelligent.py
[2026-04-29T19:03:41.945+0000] {processor.py:840} INFO - DAG(s) 'job_intelligent_pipeline' retrieved from /opt/airflow/dags/dag_job_intelligent.py
[2026-04-29T19:03:42.208+0000] {logging_mixin.py:188} INFO - [2026-04-29T19:03:42.207+0000] {dag.py:3096} INFO - Sync 1 DAGs
[2026-04-29T19:03:42.520+0000] {processor.py:183} INFO - Processing /opt/airflow/dags/dag_job_intelligent.py took 0.673 seconds
[2026-04-29T19:04:13.419+0000] {processor.py:161} INFO - Started process (PID=998) to work on /opt/airflow/dags/dag_job_intelligent.py
[2026-04-29T19:04:13.429+0000] {processor.py:830} INFO - Processing file /opt/airflow/dags/dag_job_intelligent.py for tasks to queue
[2026-04-29T19:04:13.447+0000] {logging_mixin.py:188} INFO - [2026-04-29T19:04:13.446+0000] {dagbag.py:545} INFO - Filling up the DagBag from /opt/airflow/dags/dag_job_intelligent.py
[2026-04-29T19:04:13.609+0000] {processor.py:840} INFO - DAG(s) 'job_intelligent_pipeline' retrieved from /opt/airflow/dags/dag_job_intelligent.py
[2026-04-29T19:04:13.810+0000] {logging_mixin.py:188} INFO - [2026-04-29T19:04:13.809+0000] {dag.py:3096} INFO - Sync 1 DAGs
[2026-04-29T19:04:13.925+0000] {processor.py:183} INFO - Processing /opt/airflow/dags/dag_job_intelligent.py took 0.540 seconds
[2026-04-29T19:04:44.126+0000] {processor.py:161} INFO - Started process (PID=1013) to work on /opt/airflow/dags/dag_job_intelligent.py
[2026-04-29T19:04:44.128+0000] {processor.py:830} INFO - Processing file /opt/airflow/dags/dag_job_intelligent.py for tasks to queue
[2026-04-29T19:04:44.131+0000] {logging_mixin.py:188} INFO - [2026-04-29T19:04:44.130+0000] {dagbag.py:545} INFO - Filling up the DagBag from /opt/airflow/dags/dag_job_intelligent.py
[2026-04-29T19:04:44.174+0000] {processor.py:840} INFO - DAG(s) 'job_intelligent_pipeline' retrieved from /opt/airflow/dags/dag_job_intelligent.py
[2026-04-29T19:04:44.257+0000] {logging_mixin.py:188} INFO - [2026-04-29T19:04:44.256+0000] {dag.py:3096} INFO - Sync 1 DAGs
[2026-04-29T19:04:44.393+0000] {processor.py:183} INFO - Processing /opt/airflow/dags/dag_job_intelligent.py took 0.279 seconds
[2026-04-29T19:05:14.879+0000] {processor.py:161} INFO - Started process (PID=1021) to work on /opt/airflow/dags/dag_job_intelligent.py
[2026-04-29T19:05:14.880+0000] {processor.py:830} INFO - Processing file /opt/airflow/dags/dag_job_intelligent.py for tasks to queue
[2026-04-29T19:05:14.883+0000] {logging_mixin.py:188} INFO - [2026-04-29T19:05:14.883+0000] {dagbag.py:545} INFO - Filling up the DagBag from /opt/airflow/dags/dag_job_intelligent.py
[2026-04-29T19:05:14.922+0000] {processor.py:840} INFO - DAG(s) 'job_intelligent_pipeline' retrieved from /opt/airflow/dags/dag_job_intelligent.py
[2026-04-29T19:05:14.989+0000] {logging_mixin.py:188} INFO - [2026-04-29T19:05:14.989+0000] {dag.py:3096} INFO - Sync 1 DAGs
[2026-04-29T19:05:15.070+0000] {processor.py:183} INFO - Processing /opt/airflow/dags/dag_job_intelligent.py took 0.200 seconds
[2026-04-29T19:05:45.649+0000] {processor.py:161} INFO - Started process (PID=1034) to work on /opt/airflow/dags/dag_job_intelligent.py
[2026-04-29T19:05:45.651+0000] {processor.py:830} INFO - Processing file /opt/airflow/dags/dag_job_intelligent.py for tasks to queue
[2026-04-29T19:05:45.655+0000] {logging_mixin.py:188} INFO - [2026-04-29T19:05:45.654+0000] {dagbag.py:545} INFO - Filling up the DagBag from /opt/airflow/dags/dag_job_intelligent.py
[2026-04-29T19:05:45.753+0000] {processor.py:840} INFO - DAG(s) 'job_intelligent_pipeline' retrieved from /opt/airflow/dags/dag_job_intelligent.py
[2026-04-29T19:05:45.909+0000] {logging_mixin.py:188} INFO - [2026-04-29T19:05:45.907+0000] {dag.py:3096} INFO - Sync 1 DAGs
[2026-04-29T19:05:46.210+0000] {processor.py:183} INFO - Processing /opt/airflow/dags/dag_job_intelligent.py took 0.576 seconds
[2026-04-29T19:06:16.762+0000] {processor.py:161} INFO - Started process (PID=1041) to work on /opt/airflow/dags/dag_job_intelligent.py
[2026-04-29T19:06:16.766+0000] {processor.py:830} INFO - Processing file /opt/airflow/dags/dag_job_intelligent.py for tasks to queue
[2026-04-29T19:06:16.771+0000] {logging_mixin.py:188} INFO - [2026-04-29T19:06:16.770+0000] {dagbag.py:545} INFO - Filling up the DagBag from /opt/airflow/dags/dag_job_intelligent.py
[2026-04-29T19:06:16.834+0000] {processor.py:840} INFO - DAG(s) 'job_intelligent_pipeline' retrieved from /opt/airflow/dags/dag_job_intelligent.py
[2026-04-29T19:06:16.911+0000] {logging_mixin.py:188} INFO - [2026-04-29T19:06:16.911+0000] {dag.py:3096} INFO - Sync 1 DAGs
[2026-04-29T19:06:16.981+0000] {processor.py:183} INFO - Processing /opt/airflow/dags/dag_job_intelligent.py took 0.228 seconds
[2026-04-29T19:06:47.481+0000] {processor.py:161} INFO - Started process (PID=1055) to work on /opt/airflow/dags/dag_job_intelligent.py
[2026-04-29T19:06:47.483+0000] {processor.py:830} INFO - Processing file /opt/airflow/dags/dag_job_intelligent.py for tasks to queue
[2026-04-29T19:06:47.487+0000] {logging_mixin.py:188} INFO - [2026-04-29T19:06:47.486+0000] {dagbag.py:545} INFO - Filling up the DagBag from /opt/airflow/dags/dag_job_intelligent.py
[2026-04-29T19:06:47.530+0000] {processor.py:840} INFO - DAG(s) 'job_intelligent_pipeline' retrieved from /opt/airflow/dags/dag_job_intelligent.py
[2026-04-29T19:06:47.581+0000] {logging_mixin.py:188} INFO - [2026-04-29T19:06:47.580+0000] {dag.py:3096} INFO - Sync 1 DAGs
[2026-04-29T19:06:47.657+0000] {processor.py:183} INFO - Processing /opt/airflow/dags/dag_job_intelligent.py took 0.188 seconds
[2026-04-29T19:07:18.202+0000] {processor.py:161} INFO - Started process (PID=1062) to work on /opt/airflow/dags/dag_job_intelligent.py
[2026-04-29T19:07:18.204+0000] {processor.py:830} INFO - Processing file /opt/airflow/dags/dag_job_intelligent.py for tasks to queue
[2026-04-29T19:07:18.208+0000] {logging_mixin.py:188} INFO - [2026-04-29T19:07:18.208+0000] {dagbag.py:545} INFO - Filling up the DagBag from /opt/airflow/dags/dag_job_intelligent.py
[2026-04-29T19:07:18.252+0000] {processor.py:840} INFO - DAG(s) 'job_intelligent_pipeline' retrieved from /opt/airflow/dags/dag_job_intelligent.py
[2026-04-29T19:07:18.325+0000] {logging_mixin.py:188} INFO - [2026-04-29T19:07:18.325+0000] {dag.py:3096} INFO - Sync 1 DAGs
[2026-04-29T19:07:18.393+0000] {processor.py:183} INFO - Processing /opt/airflow/dags/dag_job_intelligent.py took 0.201 seconds
[2026-04-29T19:07:48.928+0000] {processor.py:161} INFO - Started process (PID=1076) to work on /opt/airflow/dags/dag_job_intelligent.py
[2026-04-29T19:07:48.930+0000] {processor.py:830} INFO - Processing file /opt/airflow/dags/dag_job_intelligent.py for tasks to queue
[2026-04-29T19:07:48.934+0000] {logging_mixin.py:188} INFO - [2026-04-29T19:07:48.933+0000] {dagbag.py:545} INFO - Filling up the DagBag from /opt/airflow/dags/dag_job_intelligent.py
[2026-04-29T19:07:48.991+0000] {processor.py:840} INFO - DAG(s) 'job_intelligent_pipeline' retrieved from /opt/airflow/dags/dag_job_intelligent.py
[2026-04-29T19:07:49.075+0000] {logging_mixin.py:188} INFO - [2026-04-29T19:07:49.075+0000] {dag.py:3096} INFO - Sync 1 DAGs
[2026-04-29T19:07:49.171+0000] {processor.py:183} INFO - Processing /opt/airflow/dags/dag_job_intelligent.py took 0.257 seconds
[2026-04-29T19:08:19.735+0000] {processor.py:161} INFO - Started process (PID=1084) to work on /opt/airflow/dags/dag_job_intelligent.py
[2026-04-29T19:08:19.737+0000] {processor.py:830} INFO - Processing file /opt/airflow/dags/dag_job_intelligent.py for tasks to queue
[2026-04-29T19:08:19.739+0000] {logging_mixin.py:188} INFO - [2026-04-29T19:08:19.739+0000] {dagbag.py:545} INFO - Filling up the DagBag from /opt/airflow/dags/dag_job_intelligent.py
[2026-04-29T19:08:19.770+0000] {processor.py:840} INFO - DAG(s) 'job_intelligent_pipeline' retrieved from /opt/airflow/dags/dag_job_intelligent.py
[2026-04-29T19:08:19.823+0000] {logging_mixin.py:188} INFO - [2026-04-29T19:08:19.823+0000] {dag.py:3096} INFO - Sync 1 DAGs
[2026-04-29T19:08:19.901+0000] {processor.py:183} INFO - Processing /opt/airflow/dags/dag_job_intelligent.py took 0.174 seconds
[2026-04-29T19:08:50.340+0000] {processor.py:161} INFO - Started process (PID=1098) to work on /opt/airflow/dags/dag_job_intelligent.py
[2026-04-29T19:08:50.343+0000] {processor.py:830} INFO - Processing file /opt/airflow/dags/dag_job_intelligent.py for tasks to queue
[2026-04-29T19:08:50.346+0000] {logging_mixin.py:188} INFO - [2026-04-29T19:08:50.345+0000] {dagbag.py:545} INFO - Filling up the DagBag from /opt/airflow/dags/dag_job_intelligent.py
[2026-04-29T19:08:50.393+0000] {processor.py:840} INFO - DAG(s) 'job_intelligent_pipeline' retrieved from /opt/airflow/dags/dag_job_intelligent.py
[2026-04-29T19:08:50.495+0000] {logging_mixin.py:188} INFO - [2026-04-29T19:08:50.494+0000] {dag.py:3096} INFO - Sync 1 DAGs
[2026-04-29T19:08:50.604+0000] {processor.py:183} INFO - Processing /opt/airflow/dags/dag_job_intelligent.py took 0.284 seconds
[2026-04-29T19:09:21.105+0000] {processor.py:161} INFO - Started process (PID=1106) to work on /opt/airflow/dags/dag_job_intelligent.py
[2026-04-29T19:09:21.106+0000] {processor.py:830} INFO - Processing file /opt/airflow/dags/dag_job_intelligent.py for tasks to queue
[2026-04-29T19:09:21.110+0000] {logging_mixin.py:188} INFO - [2026-04-29T19:09:21.110+0000] {dagbag.py:545} INFO - Filling up the DagBag from /opt/airflow/dags/dag_job_intelligent.py
[2026-04-29T19:09:21.170+0000] {processor.py:840} INFO - DAG(s) 'job_intelligent_pipeline' retrieved from /opt/airflow/dags/dag_job_intelligent.py
[2026-04-29T19:09:21.252+0000] {logging_mixin.py:188} INFO - [2026-04-29T19:09:21.249+0000] {dag.py:3096} INFO - Sync 1 DAGs
[2026-04-29T19:09:21.390+0000] {processor.py:183} INFO - Processing /opt/airflow/dags/dag_job_intelligent.py took 0.300 seconds
[2026-04-29T19:09:52.174+0000] {processor.py:161} INFO - Started process (PID=1120) to work on /opt/airflow/dags/dag_job_intelligent.py
[2026-04-29T19:09:52.179+0000] {processor.py:830} INFO - Processing file /opt/airflow/dags/dag_job_intelligent.py for tasks to queue
[2026-04-29T19:09:52.190+0000] {logging_mixin.py:188} INFO - [2026-04-29T19:09:52.189+0000] {dagbag.py:545} INFO - Filling up the DagBag from /opt/airflow/dags/dag_job_intelligent.py
[2026-04-29T19:09:52.310+0000] {processor.py:840} INFO - DAG(s) 'job_intelligent_pipeline' retrieved from /opt/airflow/dags/dag_job_intelligent.py
[2026-04-29T19:09:52.630+0000] {logging_mixin.py:188} INFO - [2026-04-29T19:09:52.630+0000] {dag.py:3096} INFO - Sync 1 DAGs
[2026-04-29T19:09:53.138+0000] {processor.py:183} INFO - Processing /opt/airflow/dags/dag_job_intelligent.py took 1.080 seconds
[2026-04-29T19:10:23.624+0000] {processor.py:161} INFO - Started process (PID=1128) to work on /opt/airflow/dags/dag_job_intelligent.py
[2026-04-29T19:10:23.626+0000] {processor.py:830} INFO - Processing file /opt/airflow/dags/dag_job_intelligent.py for tasks to queue
[2026-04-29T19:10:23.629+0000] {logging_mixin.py:188} INFO - [2026-04-29T19:10:23.628+0000] {dagbag.py:545} INFO - Filling up the DagBag from /opt/airflow/dags/dag_job_intelligent.py
[2026-04-29T19:10:23.674+0000] {processor.py:840} INFO - DAG(s) 'job_intelligent_pipeline' retrieved from /opt/airflow/dags/dag_job_intelligent.py
[2026-04-29T19:10:23.782+0000] {logging_mixin.py:188} INFO - [2026-04-29T19:10:23.781+0000] {dag.py:3096} INFO - Sync 1 DAGs
[2026-04-29T19:10:23.907+0000] {processor.py:183} INFO - Processing /opt/airflow/dags/dag_job_intelligent.py took 0.299 seconds
[2026-04-29T19:10:54.450+0000] {processor.py:161} INFO - Started process (PID=1143) to work on /opt/airflow/dags/dag_job_intelligent.py
[2026-04-29T19:10:54.452+0000] {processor.py:830} INFO - Processing file /opt/airflow/dags/dag_job_intelligent.py for tasks to queue
[2026-04-29T19:10:54.456+0000] {logging_mixin.py:188} INFO - [2026-04-29T19:10:54.455+0000] {dagbag.py:545} INFO - Filling up the DagBag from /opt/airflow/dags/dag_job_intelligent.py
[2026-04-29T19:10:54.506+0000] {processor.py:840} INFO - DAG(s) 'job_intelligent_pipeline' retrieved from /opt/airflow/dags/dag_job_intelligent.py
[2026-04-29T19:10:54.611+0000] {logging_mixin.py:188} INFO - [2026-04-29T19:10:54.610+0000] {dag.py:3096} INFO - Sync 1 DAGs
[2026-04-29T19:10:54.730+0000] {processor.py:183} INFO - Processing /opt/airflow/dags/dag_job_intelligent.py took 0.292 seconds
[2026-04-29T19:11:25.075+0000] {processor.py:161} INFO - Started process (PID=1152) to work on /opt/airflow/dags/dag_job_intelligent.py
[2026-04-29T19:11:25.077+0000] {processor.py:830} INFO - Processing file /opt/airflow/dags/dag_job_intelligent.py for tasks to queue
[2026-04-29T19:11:25.080+0000] {logging_mixin.py:188} INFO - [2026-04-29T19:11:25.079+0000] {dagbag.py:545} INFO - Filling up the DagBag from /opt/airflow/dags/dag_job_intelligent.py
[2026-04-29T19:11:25.109+0000] {processor.py:840} INFO - DAG(s) 'job_intelligent_pipeline' retrieved from /opt/airflow/dags/dag_job_intelligent.py
[2026-04-29T19:11:25.163+0000] {logging_mixin.py:188} INFO - [2026-04-29T19:11:25.162+0000] {dag.py:3096} INFO - Sync 1 DAGs
[2026-04-29T19:11:25.228+0000] {processor.py:183} INFO - Processing /opt/airflow/dags/dag_job_intelligent.py took 0.163 seconds
[2026-04-29T19:11:55.828+0000] {processor.py:161} INFO - Started process (PID=1166) to work on /opt/airflow/dags/dag_job_intelligent.py
[2026-04-29T19:11:55.830+0000] {processor.py:830} INFO - Processing file /opt/airflow/dags/dag_job_intelligent.py for tasks to queue
[2026-04-29T19:11:55.833+0000] {logging_mixin.py:188} INFO - [2026-04-29T19:11:55.832+0000] {dagbag.py:545} INFO - Filling up the DagBag from /opt/airflow/dags/dag_job_intelligent.py
[2026-04-29T19:11:55.891+0000] {processor.py:840} INFO - DAG(s) 'job_intelligent_pipeline' retrieved from /opt/airflow/dags/dag_job_intelligent.py
[2026-04-29T19:11:55.998+0000] {logging_mixin.py:188} INFO - [2026-04-29T19:11:55.997+0000] {dag.py:3096} INFO - Sync 1 DAGs
[2026-04-29T19:11:56.143+0000] {processor.py:183} INFO - Processing /opt/airflow/dags/dag_job_intelligent.py took 0.331 seconds
[2026-04-29T19:12:26.654+0000] {processor.py:161} INFO - Started process (PID=1174) to work on /opt/airflow/dags/dag_job_intelligent.py
[2026-04-29T19:12:26.656+0000] {processor.py:830} INFO - Processing file /opt/airflow/dags/dag_job_intelligent.py for tasks to queue
[2026-04-29T19:12:26.660+0000] {logging_mixin.py:188} INFO - [2026-04-29T19:12:26.659+0000] {dagbag.py:545} INFO - Filling up the DagBag from /opt/airflow/dags/dag_job_intelligent.py
[2026-04-29T19:12:26.727+0000] {processor.py:840} INFO - DAG(s) 'job_intelligent_pipeline' retrieved from /opt/airflow/dags/dag_job_intelligent.py
[2026-04-29T19:12:26.780+0000] {logging_mixin.py:188} INFO - [2026-04-29T19:12:26.779+0000] {dag.py:3096} INFO - Sync 1 DAGs
[2026-04-29T19:12:26.845+0000] {processor.py:183} INFO - Processing /opt/airflow/dags/dag_job_intelligent.py took 0.208 seconds
[2026-04-29T19:12:57.318+0000] {processor.py:161} INFO - Started process (PID=1187) to work on /opt/airflow/dags/dag_job_intelligent.py
[2026-04-29T19:12:57.320+0000] {processor.py:830} INFO - Processing file /opt/airflow/dags/dag_job_intelligent.py for tasks to queue
[2026-04-29T19:12:57.323+0000] {logging_mixin.py:188} INFO - [2026-04-29T19:12:57.322+0000] {dagbag.py:545} INFO - Filling up the DagBag from /opt/airflow/dags/dag_job_intelligent.py
[2026-04-29T19:12:57.353+0000] {processor.py:840} INFO - DAG(s) 'job_intelligent_pipeline' retrieved from /opt/airflow/dags/dag_job_intelligent.py
[2026-04-29T19:12:57.426+0000] {logging_mixin.py:188} INFO - [2026-04-29T19:12:57.425+0000] {dag.py:3096} INFO - Sync 1 DAGs
[2026-04-29T19:12:57.517+0000] {processor.py:183} INFO - Processing /opt/airflow/dags/dag_job_intelligent.py took 0.207 seconds
[2026-04-29T19:13:28.098+0000] {processor.py:161} INFO - Started process (PID=1203) to work on /opt/airflow/dags/dag_job_intelligent.py
[2026-04-29T19:13:28.101+0000] {processor.py:830} INFO - Processing file /opt/airflow/dags/dag_job_intelligent.py for tasks to queue
[2026-04-29T19:13:28.107+0000] {logging_mixin.py:188} INFO - [2026-04-29T19:13:28.105+0000] {dagbag.py:545} INFO - Filling up the DagBag from /opt/airflow/dags/dag_job_intelligent.py
[2026-04-29T19:13:28.179+0000] {processor.py:840} INFO - DAG(s) 'job_intelligent_pipeline' retrieved from /opt/airflow/dags/dag_job_intelligent.py
[2026-04-29T19:13:28.309+0000] {logging_mixin.py:188} INFO - [2026-04-29T19:13:28.309+0000] {dag.py:3096} INFO - Sync 1 DAGs
[2026-04-29T19:13:28.503+0000] {processor.py:183} INFO - Processing /opt/airflow/dags/dag_job_intelligent.py took 0.422 seconds
[2026-04-29T19:13:59.263+0000] {processor.py:161} INFO - Started process (PID=1211) to work on /opt/airflow/dags/dag_job_intelligent.py
[2026-04-29T19:13:59.265+0000] {processor.py:830} INFO - Processing file /opt/airflow/dags/dag_job_intelligent.py for tasks to queue
[2026-04-29T19:13:59.270+0000] {logging_mixin.py:188} INFO - [2026-04-29T19:13:59.269+0000] {dagbag.py:545} INFO - Filling up the DagBag from /opt/airflow/dags/dag_job_intelligent.py
[2026-04-29T19:13:59.324+0000] {processor.py:840} INFO - DAG(s) 'job_intelligent_pipeline' retrieved from /opt/airflow/dags/dag_job_intelligent.py
[2026-04-29T19:13:59.417+0000] {logging_mixin.py:188} INFO - [2026-04-29T19:13:59.417+0000] {dag.py:3096} INFO - Sync 1 DAGs
[2026-04-29T19:13:59.528+0000] {processor.py:183} INFO - Processing /opt/airflow/dags/dag_job_intelligent.py took 0.285 seconds
[2026-04-29T19:14:29.999+0000] {processor.py:161} INFO - Started process (PID=1226) to work on /opt/airflow/dags/dag_job_intelligent.py
[2026-04-29T19:14:30.001+0000] {processor.py:830} INFO - Processing file /opt/airflow/dags/dag_job_intelligent.py for tasks to queue
[2026-04-29T19:14:30.005+0000] {logging_mixin.py:188} INFO - [2026-04-29T19:14:30.004+0000] {dagbag.py:545} INFO - Filling up the DagBag from /opt/airflow/dags/dag_job_intelligent.py
[2026-04-29T19:14:30.057+0000] {processor.py:840} INFO - DAG(s) 'job_intelligent_pipeline' retrieved from /opt/airflow/dags/dag_job_intelligent.py
[2026-04-29T19:14:30.123+0000] {logging_mixin.py:188} INFO - [2026-04-29T19:14:30.122+0000] {dag.py:3096} INFO - Sync 1 DAGs
[2026-04-29T19:14:30.198+0000] {processor.py:183} INFO - Processing /opt/airflow/dags/dag_job_intelligent.py took 0.214 seconds
[2026-04-29T19:15:00.846+0000] {processor.py:161} INFO - Started process (PID=1233) to work on /opt/airflow/dags/dag_job_intelligent.py
[2026-04-29T19:15:00.849+0000] {processor.py:830} INFO - Processing file /opt/airflow/dags/dag_job_intelligent.py for tasks to queue
[2026-04-29T19:15:00.864+0000] {logging_mixin.py:188} INFO - [2026-04-29T19:15:00.863+0000] {dagbag.py:545} INFO - Filling up the DagBag from /opt/airflow/dags/dag_job_intelligent.py
[2026-04-29T19:15:00.920+0000] {processor.py:840} INFO - DAG(s) 'job_intelligent_pipeline' retrieved from /opt/airflow/dags/dag_job_intelligent.py
[2026-04-29T19:15:01.018+0000] {logging_mixin.py:188} INFO - [2026-04-29T19:15:01.017+0000] {dag.py:3096} INFO - Sync 1 DAGs
[2026-04-29T19:15:01.162+0000] {processor.py:183} INFO - Processing /opt/airflow/dags/dag_job_intelligent.py took 0.340 seconds
[2026-04-29T19:15:31.706+0000] {processor.py:161} INFO - Started process (PID=1247) to work on /opt/airflow/dags/dag_job_intelligent.py
[2026-04-29T19:15:31.708+0000] {processor.py:830} INFO - Processing file /opt/airflow/dags/dag_job_intelligent.py for tasks to queue
[2026-04-29T19:15:31.712+0000] {logging_mixin.py:188} INFO - [2026-04-29T19:15:31.711+0000] {dagbag.py:545} INFO - Filling up the DagBag from /opt/airflow/dags/dag_job_intelligent.py
[2026-04-29T19:15:31.766+0000] {processor.py:840} INFO - DAG(s) 'job_intelligent_pipeline' retrieved from /opt/airflow/dags/dag_job_intelligent.py
[2026-04-29T19:15:31.894+0000] {logging_mixin.py:188} INFO - [2026-04-29T19:15:31.894+0000] {dag.py:3096} INFO - Sync 1 DAGs
[2026-04-29T19:15:31.989+0000] {processor.py:183} INFO - Processing /opt/airflow/dags/dag_job_intelligent.py took 0.297 seconds
[2026-04-29T19:16:02.466+0000] {processor.py:161} INFO - Started process (PID=1255) to work on /opt/airflow/dags/dag_job_intelligent.py
[2026-04-29T19:16:02.468+0000] {processor.py:830} INFO - Processing file /opt/airflow/dags/dag_job_intelligent.py for tasks to queue
[2026-04-29T19:16:02.473+0000] {logging_mixin.py:188} INFO - [2026-04-29T19:16:02.471+0000] {dagbag.py:545} INFO - Filling up the DagBag from /opt/airflow/dags/dag_job_intelligent.py
[2026-04-29T19:16:02.504+0000] {processor.py:840} INFO - DAG(s) 'job_intelligent_pipeline' retrieved from /opt/airflow/dags/dag_job_intelligent.py
[2026-04-29T19:16:02.554+0000] {logging_mixin.py:188} INFO - [2026-04-29T19:16:02.554+0000] {dag.py:3096} INFO - Sync 1 DAGs
[2026-04-29T19:16:02.643+0000] {processor.py:183} INFO - Processing /opt/airflow/dags/dag_job_intelligent.py took 0.189 seconds
[2026-04-29T19:16:33.022+0000] {processor.py:161} INFO - Started process (PID=1270) to work on /opt/airflow/dags/dag_job_intelligent.py
[2026-04-29T19:16:33.024+0000] {processor.py:830} INFO - Processing file /opt/airflow/dags/dag_job_intelligent.py for tasks to queue
[2026-04-29T19:16:33.029+0000] {logging_mixin.py:188} INFO - [2026-04-29T19:16:33.028+0000] {dagbag.py:545} INFO - Filling up the DagBag from /opt/airflow/dags/dag_job_intelligent.py
[2026-04-29T19:16:33.091+0000] {processor.py:840} INFO - DAG(s) 'job_intelligent_pipeline' retrieved from /opt/airflow/dags/dag_job_intelligent.py
[2026-04-29T19:16:33.214+0000] {logging_mixin.py:188} INFO - [2026-04-29T19:16:33.213+0000] {dag.py:3096} INFO - Sync 1 DAGs
[2026-04-29T19:16:33.353+0000] {processor.py:183} INFO - Processing /opt/airflow/dags/dag_job_intelligent.py took 0.350 seconds
[2026-04-29T19:17:03.541+0000] {processor.py:161} INFO - Started process (PID=1278) to work on /opt/airflow/dags/dag_job_intelligent.py
[2026-04-29T19:17:03.553+0000] {processor.py:830} INFO - Processing file /opt/airflow/dags/dag_job_intelligent.py for tasks to queue
[2026-04-29T19:17:03.557+0000] {logging_mixin.py:188} INFO - [2026-04-29T19:17:03.556+0000] {dagbag.py:545} INFO - Filling up the DagBag from /opt/airflow/dags/dag_job_intelligent.py
[2026-04-29T19:17:03.623+0000] {processor.py:840} INFO - DAG(s) 'job_intelligent_pipeline' retrieved from /opt/airflow/dags/dag_job_intelligent.py
[2026-04-29T19:17:03.702+0000] {logging_mixin.py:188} INFO - [2026-04-29T19:17:03.701+0000] {dag.py:3096} INFO - Sync 1 DAGs
[2026-04-29T19:17:03.883+0000] {processor.py:183} INFO - Processing /opt/airflow/dags/dag_job_intelligent.py took 0.367 seconds
[2026-04-29T19:17:34.575+0000] {processor.py:161} INFO - Started process (PID=1292) to work on /opt/airflow/dags/dag_job_intelligent.py
[2026-04-29T19:17:34.576+0000] {processor.py:830} INFO - Processing file /opt/airflow/dags/dag_job_intelligent.py for tasks to queue
[2026-04-29T19:17:34.579+0000] {logging_mixin.py:188} INFO - [2026-04-29T19:17:34.579+0000] {dagbag.py:545} INFO - Filling up the DagBag from /opt/airflow/dags/dag_job_intelligent.py
[2026-04-29T19:17:34.617+0000] {processor.py:840} INFO - DAG(s) 'job_intelligent_pipeline' retrieved from /opt/airflow/dags/dag_job_intelligent.py
[2026-04-29T19:17:34.679+0000] {logging_mixin.py:188} INFO - [2026-04-29T19:17:34.679+0000] {dag.py:3096} INFO - Sync 1 DAGs
[2026-04-29T19:17:34.861+0000] {processor.py:183} INFO - Processing /opt/airflow/dags/dag_job_intelligent.py took 0.299 seconds
[2026-04-29T19:18:05.447+0000] {processor.py:161} INFO - Started process (PID=1300) to work on /opt/airflow/dags/dag_job_intelligent.py
[2026-04-29T19:18:05.450+0000] {processor.py:830} INFO - Processing file /opt/airflow/dags/dag_job_intelligent.py for tasks to queue
[2026-04-29T19:18:05.459+0000] {logging_mixin.py:188} INFO - [2026-04-29T19:18:05.457+0000] {dagbag.py:545} INFO - Filling up the DagBag from /opt/airflow/dags/dag_job_intelligent.py
[2026-04-29T19:18:05.534+0000] {processor.py:840} INFO - DAG(s) 'job_intelligent_pipeline' retrieved from /opt/airflow/dags/dag_job_intelligent.py
[2026-04-29T19:18:05.613+0000] {logging_mixin.py:188} INFO - [2026-04-29T19:18:05.613+0000] {dag.py:3096} INFO - Sync 1 DAGs
[2026-04-29T19:18:05.739+0000] {processor.py:183} INFO - Processing /opt/airflow/dags/dag_job_intelligent.py took 0.309 seconds
[2026-04-29T19:18:36.357+0000] {processor.py:161} INFO - Started process (PID=1315) to work on /opt/airflow/dags/dag_job_intelligent.py
[2026-04-29T19:18:36.359+0000] {processor.py:830} INFO - Processing file /opt/airflow/dags/dag_job_intelligent.py for tasks to queue
[2026-04-29T19:18:36.361+0000] {logging_mixin.py:188} INFO - [2026-04-29T19:18:36.361+0000] {dagbag.py:545} INFO - Filling up the DagBag from /opt/airflow/dags/dag_job_intelligent.py
[2026-04-29T19:18:36.394+0000] {processor.py:840} INFO - DAG(s) 'job_intelligent_pipeline' retrieved from /opt/airflow/dags/dag_job_intelligent.py
[2026-04-29T19:18:36.475+0000] {logging_mixin.py:188} INFO - [2026-04-29T19:18:36.475+0000] {dag.py:3096} INFO - Sync 1 DAGs
[2026-04-29T19:18:36.625+0000] {processor.py:183} INFO - Processing /opt/airflow/dags/dag_job_intelligent.py took 0.276 seconds
[2026-04-29T19:19:06.950+0000] {processor.py:161} INFO - Started process (PID=1323) to work on /opt/airflow/dags/dag_job_intelligent.py
[2026-04-29T19:19:06.953+0000] {processor.py:830} INFO - Processing file /opt/airflow/dags/dag_job_intelligent.py for tasks to queue
[2026-04-29T19:19:06.958+0000] {logging_mixin.py:188} INFO - [2026-04-29T19:19:06.957+0000] {dagbag.py:545} INFO - Filling up the DagBag from /opt/airflow/dags/dag_job_intelligent.py
[2026-04-29T19:19:07.026+0000] {processor.py:840} INFO - DAG(s) 'job_intelligent_pipeline' retrieved from /opt/airflow/dags/dag_job_intelligent.py
[2026-04-29T19:19:07.118+0000] {logging_mixin.py:188} INFO - [2026-04-29T19:19:07.117+0000] {dag.py:3096} INFO - Sync 1 DAGs
[2026-04-29T19:19:07.195+0000] {processor.py:183} INFO - Processing /opt/airflow/dags/dag_job_intelligent.py took 0.270 seconds
[2026-04-29T19:19:37.866+0000] {processor.py:161} INFO - Started process (PID=1336) to work on /opt/airflow/dags/dag_job_intelligent.py
[2026-04-29T19:19:37.868+0000] {processor.py:830} INFO - Processing file /opt/airflow/dags/dag_job_intelligent.py for tasks to queue
[2026-04-29T19:19:37.871+0000] {logging_mixin.py:188} INFO - [2026-04-29T19:19:37.871+0000] {dagbag.py:545} INFO - Filling up the DagBag from /opt/airflow/dags/dag_job_intelligent.py
[2026-04-29T19:19:37.908+0000] {processor.py:840} INFO - DAG(s) 'job_intelligent_pipeline' retrieved from /opt/airflow/dags/dag_job_intelligent.py
[2026-04-29T19:19:38.070+0000] {logging_mixin.py:188} INFO - [2026-04-29T19:19:38.069+0000] {dag.py:3096} INFO - Sync 1 DAGs
[2026-04-29T19:19:38.292+0000] {processor.py:183} INFO - Processing /opt/airflow/dags/dag_job_intelligent.py took 0.440 seconds
[2026-04-29T19:20:08.595+0000] {processor.py:161} INFO - Started process (PID=1345) to work on /opt/airflow/dags/dag_job_intelligent.py
[2026-04-29T19:20:08.602+0000] {processor.py:830} INFO - Processing file /opt/airflow/dags/dag_job_intelligent.py for tasks to queue
[2026-04-29T19:20:08.611+0000] {logging_mixin.py:188} INFO - [2026-04-29T19:20:08.610+0000] {dagbag.py:545} INFO - Filling up the DagBag from /opt/airflow/dags/dag_job_intelligent.py
[2026-04-29T19:20:08.698+0000] {processor.py:840} INFO - DAG(s) 'job_intelligent_pipeline' retrieved from /opt/airflow/dags/dag_job_intelligent.py
[2026-04-29T19:20:08.821+0000] {logging_mixin.py:188} INFO - [2026-04-29T19:20:08.820+0000] {dag.py:3096} INFO - Sync 1 DAGs
[2026-04-29T19:20:08.969+0000] {processor.py:183} INFO - Processing /opt/airflow/dags/dag_job_intelligent.py took 0.414 seconds
[2026-04-29T19:20:39.543+0000] {processor.py:161} INFO - Started process (PID=1359) to work on /opt/airflow/dags/dag_job_intelligent.py
[2026-04-29T19:20:39.545+0000] {processor.py:830} INFO - Processing file /opt/airflow/dags/dag_job_intelligent.py for tasks to queue
[2026-04-29T19:20:39.547+0000] {logging_mixin.py:188} INFO - [2026-04-29T19:20:39.547+0000] {dagbag.py:545} INFO - Filling up the DagBag from /opt/airflow/dags/dag_job_intelligent.py
[2026-04-29T19:20:39.581+0000] {processor.py:840} INFO - DAG(s) 'job_intelligent_pipeline' retrieved from /opt/airflow/dags/dag_job_intelligent.py
[2026-04-29T19:20:39.646+0000] {logging_mixin.py:188} INFO - [2026-04-29T19:20:39.646+0000] {dag.py:3096} INFO - Sync 1 DAGs
[2026-04-29T19:20:39.732+0000] {processor.py:183} INFO - Processing /opt/airflow/dags/dag_job_intelligent.py took 0.197 seconds
[2026-04-29T19:21:10.225+0000] {processor.py:161} INFO - Started process (PID=1368) to work on /opt/airflow/dags/dag_job_intelligent.py
[2026-04-29T19:21:10.226+0000] {processor.py:830} INFO - Processing file /opt/airflow/dags/dag_job_intelligent.py for tasks to queue
[2026-04-29T19:21:10.231+0000] {logging_mixin.py:188} INFO - [2026-04-29T19:21:10.230+0000] {dagbag.py:545} INFO - Filling up the DagBag from /opt/airflow/dags/dag_job_intelligent.py
[2026-04-29T19:21:10.292+0000] {processor.py:840} INFO - DAG(s) 'job_intelligent_pipeline' retrieved from /opt/airflow/dags/dag_job_intelligent.py
[2026-04-29T19:21:10.374+0000] {logging_mixin.py:188} INFO - [2026-04-29T19:21:10.374+0000] {dag.py:3096} INFO - Sync 1 DAGs
[2026-04-29T19:21:10.444+0000] {processor.py:183} INFO - Processing /opt/airflow/dags/dag_job_intelligent.py took 0.241 seconds
[2026-04-29T19:21:41.056+0000] {processor.py:161} INFO - Started process (PID=1382) to work on /opt/airflow/dags/dag_job_intelligent.py
[2026-04-29T19:21:41.057+0000] {processor.py:830} INFO - Processing file /opt/airflow/dags/dag_job_intelligent.py for tasks to queue
[2026-04-29T19:21:41.061+0000] {logging_mixin.py:188} INFO - [2026-04-29T19:21:41.060+0000] {dagbag.py:545} INFO - Filling up the DagBag from /opt/airflow/dags/dag_job_intelligent.py
[2026-04-29T19:21:41.090+0000] {processor.py:840} INFO - DAG(s) 'job_intelligent_pipeline' retrieved from /opt/airflow/dags/dag_job_intelligent.py
[2026-04-29T19:21:41.143+0000] {logging_mixin.py:188} INFO - [2026-04-29T19:21:41.142+0000] {dag.py:3096} INFO - Sync 1 DAGs
[2026-04-29T19:21:41.239+0000] {processor.py:183} INFO - Processing /opt/airflow/dags/dag_job_intelligent.py took 0.190 seconds
[2026-04-29T19:22:11.767+0000] {processor.py:161} INFO - Started process (PID=1390) to work on /opt/airflow/dags/dag_job_intelligent.py
[2026-04-29T19:22:11.770+0000] {processor.py:830} INFO - Processing file /opt/airflow/dags/dag_job_intelligent.py for tasks to queue
[2026-04-29T19:22:11.776+0000] {logging_mixin.py:188} INFO - [2026-04-29T19:22:11.775+0000] {dagbag.py:545} INFO - Filling up the DagBag from /opt/airflow/dags/dag_job_intelligent.py
[2026-04-29T19:22:11.838+0000] {processor.py:840} INFO - DAG(s) 'job_intelligent_pipeline' retrieved from /opt/airflow/dags/dag_job_intelligent.py
[2026-04-29T19:22:11.903+0000] {logging_mixin.py:188} INFO - [2026-04-29T19:22:11.902+0000] {dag.py:3096} INFO - Sync 1 DAGs
[2026-04-29T19:22:11.967+0000] {processor.py:183} INFO - Processing /opt/airflow/dags/dag_job_intelligent.py took 0.221 seconds
[2026-04-29T19:22:42.511+0000] {processor.py:161} INFO - Started process (PID=1405) to work on /opt/airflow/dags/dag_job_intelligent.py
[2026-04-29T19:22:42.512+0000] {processor.py:830} INFO - Processing file /opt/airflow/dags/dag_job_intelligent.py for tasks to queue
[2026-04-29T19:22:42.515+0000] {logging_mixin.py:188} INFO - [2026-04-29T19:22:42.514+0000] {dagbag.py:545} INFO - Filling up the DagBag from /opt/airflow/dags/dag_job_intelligent.py
[2026-04-29T19:22:42.553+0000] {processor.py:840} INFO - DAG(s) 'job_intelligent_pipeline' retrieved from /opt/airflow/dags/dag_job_intelligent.py
[2026-04-29T19:22:42.610+0000] {logging_mixin.py:188} INFO - [2026-04-29T19:22:42.609+0000] {dag.py:3096} INFO - Sync 1 DAGs
[2026-04-29T19:22:42.725+0000] {processor.py:183} INFO - Processing /opt/airflow/dags/dag_job_intelligent.py took 0.226 seconds
[2026-04-29T19:23:13.103+0000] {processor.py:161} INFO - Started process (PID=1418) to work on /opt/airflow/dags/dag_job_intelligent.py
[2026-04-29T19:23:13.105+0000] {processor.py:830} INFO - Processing file /opt/airflow/dags/dag_job_intelligent.py for tasks to queue
[2026-04-29T19:23:13.110+0000] {logging_mixin.py:188} INFO - [2026-04-29T19:23:13.110+0000] {dagbag.py:545} INFO - Filling up the DagBag from /opt/airflow/dags/dag_job_intelligent.py
[2026-04-29T19:23:13.166+0000] {processor.py:840} INFO - DAG(s) 'job_intelligent_pipeline' retrieved from /opt/airflow/dags/dag_job_intelligent.py
[2026-04-29T19:23:13.309+0000] {logging_mixin.py:188} INFO - [2026-04-29T19:23:13.308+0000] {dag.py:3096} INFO - Sync 1 DAGs
[2026-04-29T19:23:13.403+0000] {processor.py:183} INFO - Processing /opt/airflow/dags/dag_job_intelligent.py took 0.315 seconds
[2026-04-29T19:23:44.121+0000] {processor.py:161} INFO - Started process (PID=1426) to work on /opt/airflow/dags/dag_job_intelligent.py
[2026-04-29T19:23:44.125+0000] {processor.py:830} INFO - Processing file /opt/airflow/dags/dag_job_intelligent.py for tasks to queue
[2026-04-29T19:23:44.131+0000] {logging_mixin.py:188} INFO - [2026-04-29T19:23:44.129+0000] {dagbag.py:545} INFO - Filling up the DagBag from /opt/airflow/dags/dag_job_intelligent.py
[2026-04-29T19:23:44.200+0000] {processor.py:840} INFO - DAG(s) 'job_intelligent_pipeline' retrieved from /opt/airflow/dags/dag_job_intelligent.py
[2026-04-29T19:23:44.282+0000] {logging_mixin.py:188} INFO - [2026-04-29T19:23:44.282+0000] {dag.py:3096} INFO - Sync 1 DAGs
[2026-04-29T19:23:44.419+0000] {processor.py:183} INFO - Processing /opt/airflow/dags/dag_job_intelligent.py took 0.320 seconds
[2026-04-29T19:24:15.029+0000] {processor.py:161} INFO - Started process (PID=1441) to work on /opt/airflow/dags/dag_job_intelligent.py
[2026-04-29T19:24:15.031+0000] {processor.py:830} INFO - Processing file /opt/airflow/dags/dag_job_intelligent.py for tasks to queue
[2026-04-29T19:24:15.038+0000] {logging_mixin.py:188} INFO - [2026-04-29T19:24:15.036+0000] {dagbag.py:545} INFO - Filling up the DagBag from /opt/airflow/dags/dag_job_intelligent.py
[2026-04-29T19:24:15.115+0000] {processor.py:840} INFO - DAG(s) 'job_intelligent_pipeline' retrieved from /opt/airflow/dags/dag_job_intelligent.py
[2026-04-29T19:24:15.204+0000] {logging_mixin.py:188} INFO - [2026-04-29T19:24:15.204+0000] {dag.py:3096} INFO - Sync 1 DAGs
[2026-04-29T19:24:15.283+0000] {processor.py:183} INFO - Processing /opt/airflow/dags/dag_job_intelligent.py took 0.277 seconds
[2026-04-29T19:24:45.783+0000] {processor.py:161} INFO - Started process (PID=1448) to work on /opt/airflow/dags/dag_job_intelligent.py
[2026-04-29T19:24:45.785+0000] {processor.py:830} INFO - Processing file /opt/airflow/dags/dag_job_intelligent.py for tasks to queue
[2026-04-29T19:24:45.789+0000] {logging_mixin.py:188} INFO - [2026-04-29T19:24:45.788+0000] {dagbag.py:545} INFO - Filling up the DagBag from /opt/airflow/dags/dag_job_intelligent.py
[2026-04-29T19:24:45.828+0000] {processor.py:840} INFO - DAG(s) 'job_intelligent_pipeline' retrieved from /opt/airflow/dags/dag_job_intelligent.py
[2026-04-29T19:24:45.904+0000] {logging_mixin.py:188} INFO - [2026-04-29T19:24:45.903+0000] {dag.py:3096} INFO - Sync 1 DAGs
[2026-04-29T19:24:46.063+0000] {processor.py:183} INFO - Processing /opt/airflow/dags/dag_job_intelligent.py took 0.295 seconds
[2026-04-29T19:25:16.581+0000] {processor.py:161} INFO - Started process (PID=1463) to work on /opt/airflow/dags/dag_job_intelligent.py
[2026-04-29T19:25:16.584+0000] {processor.py:830} INFO - Processing file /opt/airflow/dags/dag_job_intelligent.py for tasks to queue
[2026-04-29T19:25:16.587+0000] {logging_mixin.py:188} INFO - [2026-04-29T19:25:16.587+0000] {dagbag.py:545} INFO - Filling up the DagBag from /opt/airflow/dags/dag_job_intelligent.py
[2026-04-29T19:25:16.631+0000] {processor.py:840} INFO - DAG(s) 'job_intelligent_pipeline' retrieved from /opt/airflow/dags/dag_job_intelligent.py
[2026-04-29T19:25:16.693+0000] {logging_mixin.py:188} INFO - [2026-04-29T19:25:16.692+0000] {dag.py:3096} INFO - Sync 1 DAGs
[2026-04-29T19:25:16.771+0000] {processor.py:183} INFO - Processing /opt/airflow/dags/dag_job_intelligent.py took 0.201 seconds
[2026-04-29T19:25:47.294+0000] {processor.py:161} INFO - Started process (PID=1470) to work on /opt/airflow/dags/dag_job_intelligent.py
[2026-04-29T19:25:47.296+0000] {processor.py:830} INFO - Processing file /opt/airflow/dags/dag_job_intelligent.py for tasks to queue
[2026-04-29T19:25:47.300+0000] {logging_mixin.py:188} INFO - [2026-04-29T19:25:47.299+0000] {dagbag.py:545} INFO - Filling up the DagBag from /opt/airflow/dags/dag_job_intelligent.py
[2026-04-29T19:25:47.349+0000] {processor.py:840} INFO - DAG(s) 'job_intelligent_pipeline' retrieved from /opt/airflow/dags/dag_job_intelligent.py
[2026-04-29T19:25:47.467+0000] {logging_mixin.py:188} INFO - [2026-04-29T19:25:47.466+0000] {dag.py:3096} INFO - Sync 1 DAGs
[2026-04-29T19:25:47.660+0000] {processor.py:183} INFO - Processing /opt/airflow/dags/dag_job_intelligent.py took 0.378 seconds
[2026-04-29T19:26:18.287+0000] {processor.py:161} INFO - Started process (PID=1485) to work on /opt/airflow/dags/dag_job_intelligent.py
[2026-04-29T19:26:18.291+0000] {processor.py:830} INFO - Processing file /opt/airflow/dags/dag_job_intelligent.py for tasks to queue
[2026-04-29T19:26:18.295+0000] {logging_mixin.py:188} INFO - [2026-04-29T19:26:18.295+0000] {dagbag.py:545} INFO - Filling up the DagBag from /opt/airflow/dags/dag_job_intelligent.py
[2026-04-29T19:26:18.357+0000] {processor.py:840} INFO - DAG(s) 'job_intelligent_pipeline' retrieved from /opt/airflow/dags/dag_job_intelligent.py
[2026-04-29T19:26:18.423+0000] {logging_mixin.py:188} INFO - [2026-04-29T19:26:18.423+0000] {dag.py:3096} INFO - Sync 1 DAGs
[2026-04-29T19:26:18.619+0000] {processor.py:183} INFO - Processing /opt/airflow/dags/dag_job_intelligent.py took 0.354 seconds
[2026-04-29T19:26:49.221+0000] {processor.py:161} INFO - Started process (PID=1493) to work on /opt/airflow/dags/dag_job_intelligent.py
[2026-04-29T19:26:49.222+0000] {processor.py:830} INFO - Processing file /opt/airflow/dags/dag_job_intelligent.py for tasks to queue
[2026-04-29T19:26:49.226+0000] {logging_mixin.py:188} INFO - [2026-04-29T19:26:49.225+0000] {dagbag.py:545} INFO - Filling up the DagBag from /opt/airflow/dags/dag_job_intelligent.py
[2026-04-29T19:26:49.259+0000] {processor.py:840} INFO - DAG(s) 'job_intelligent_pipeline' retrieved from /opt/airflow/dags/dag_job_intelligent.py
[2026-04-29T19:26:49.321+0000] {logging_mixin.py:188} INFO - [2026-04-29T19:26:49.321+0000] {dag.py:3096} INFO - Sync 1 DAGs
[2026-04-29T19:26:49.427+0000] {processor.py:183} INFO - Processing /opt/airflow/dags/dag_job_intelligent.py took 0.215 seconds
[2026-04-29T19:27:19.951+0000] {processor.py:161} INFO - Started process (PID=1506) to work on /opt/airflow/dags/dag_job_intelligent.py
[2026-04-29T19:27:19.953+0000] {processor.py:830} INFO - Processing file /opt/airflow/dags/dag_job_intelligent.py for tasks to queue
[2026-04-29T19:27:19.959+0000] {logging_mixin.py:188} INFO - [2026-04-29T19:27:19.958+0000] {dagbag.py:545} INFO - Filling up the DagBag from /opt/airflow/dags/dag_job_intelligent.py
[2026-04-29T19:27:20.013+0000] {processor.py:840} INFO - DAG(s) 'job_intelligent_pipeline' retrieved from /opt/airflow/dags/dag_job_intelligent.py
[2026-04-29T19:27:20.086+0000] {logging_mixin.py:188} INFO - [2026-04-29T19:27:20.086+0000] {dag.py:3096} INFO - Sync 1 DAGs
[2026-04-29T19:27:20.209+0000] {processor.py:183} INFO - Processing /opt/airflow/dags/dag_job_intelligent.py took 0.275 seconds
[2026-04-29T19:27:50.805+0000] {processor.py:161} INFO - Started process (PID=1515) to work on /opt/airflow/dags/dag_job_intelligent.py
[2026-04-29T19:27:50.808+0000] {processor.py:830} INFO - Processing file /opt/airflow/dags/dag_job_intelligent.py for tasks to queue
[2026-04-29T19:27:50.811+0000] {logging_mixin.py:188} INFO - [2026-04-29T19:27:50.810+0000] {dagbag.py:545} INFO - Filling up the DagBag from /opt/airflow/dags/dag_job_intelligent.py
[2026-04-29T19:27:50.870+0000] {processor.py:840} INFO - DAG(s) 'job_intelligent_pipeline' retrieved from /opt/airflow/dags/dag_job_intelligent.py
[2026-04-29T19:27:50.996+0000] {logging_mixin.py:188} INFO - [2026-04-29T19:27:50.990+0000] {dag.py:3096} INFO - Sync 1 DAGs
[2026-04-29T19:27:51.200+0000] {processor.py:183} INFO - Processing /opt/airflow/dags/dag_job_intelligent.py took 0.420 seconds
[2026-04-29T19:28:21.364+0000] {processor.py:161} INFO - Started process (PID=1528) to work on /opt/airflow/dags/dag_job_intelligent.py
[2026-04-29T19:28:21.365+0000] {processor.py:830} INFO - Processing file /opt/airflow/dags/dag_job_intelligent.py for tasks to queue
[2026-04-29T19:28:21.368+0000] {logging_mixin.py:188} INFO - [2026-04-29T19:28:21.368+0000] {dagbag.py:545} INFO - Filling up the DagBag from /opt/airflow/dags/dag_job_intelligent.py
[2026-04-29T19:28:21.413+0000] {processor.py:840} INFO - DAG(s) 'job_intelligent_pipeline' retrieved from /opt/airflow/dags/dag_job_intelligent.py
[2026-04-29T19:28:21.471+0000] {logging_mixin.py:188} INFO - [2026-04-29T19:28:21.470+0000] {dag.py:3096} INFO - Sync 1 DAGs
[2026-04-29T19:28:21.551+0000] {processor.py:183} INFO - Processing /opt/airflow/dags/dag_job_intelligent.py took 0.195 seconds
[2026-04-29T19:28:52.048+0000] {processor.py:161} INFO - Started process (PID=1537) to work on /opt/airflow/dags/dag_job_intelligent.py
[2026-04-29T19:28:52.050+0000] {processor.py:830} INFO - Processing file /opt/airflow/dags/dag_job_intelligent.py for tasks to queue
[2026-04-29T19:28:52.053+0000] {logging_mixin.py:188} INFO - [2026-04-29T19:28:52.052+0000] {dagbag.py:545} INFO - Filling up the DagBag from /opt/airflow/dags/dag_job_intelligent.py
[2026-04-29T19:28:52.099+0000] {processor.py:840} INFO - DAG(s) 'job_intelligent_pipeline' retrieved from /opt/airflow/dags/dag_job_intelligent.py
[2026-04-29T19:28:52.178+0000] {logging_mixin.py:188} INFO - [2026-04-29T19:28:52.177+0000] {dag.py:3096} INFO - Sync 1 DAGs
[2026-04-29T19:28:52.277+0000] {processor.py:183} INFO - Processing /opt/airflow/dags/dag_job_intelligent.py took 0.243 seconds
[2026-04-29T19:29:23.001+0000] {processor.py:161} INFO - Started process (PID=1549) to work on /opt/airflow/dags/dag_job_intelligent.py
[2026-04-29T19:29:23.002+0000] {processor.py:830} INFO - Processing file /opt/airflow/dags/dag_job_intelligent.py for tasks to queue
[2026-04-29T19:29:23.005+0000] {logging_mixin.py:188} INFO - [2026-04-29T19:29:23.004+0000] {dagbag.py:545} INFO - Filling up the DagBag from /opt/airflow/dags/dag_job_intelligent.py
[2026-04-29T19:29:23.046+0000] {processor.py:840} INFO - DAG(s) 'job_intelligent_pipeline' retrieved from /opt/airflow/dags/dag_job_intelligent.py
[2026-04-29T19:29:23.113+0000] {logging_mixin.py:188} INFO - [2026-04-29T19:29:23.112+0000] {dag.py:3096} INFO - Sync 1 DAGs
[2026-04-29T19:29:23.199+0000] {processor.py:183} INFO - Processing /opt/airflow/dags/dag_job_intelligent.py took 0.207 seconds
[2026-04-29T19:29:53.734+0000] {processor.py:161} INFO - Started process (PID=1557) to work on /opt/airflow/dags/dag_job_intelligent.py
[2026-04-29T19:29:53.737+0000] {processor.py:830} INFO - Processing file /opt/airflow/dags/dag_job_intelligent.py for tasks to queue
[2026-04-29T19:29:53.741+0000] {logging_mixin.py:188} INFO - [2026-04-29T19:29:53.741+0000] {dagbag.py:545} INFO - Filling up the DagBag from /opt/airflow/dags/dag_job_intelligent.py
[2026-04-29T19:29:53.802+0000] {processor.py:840} INFO - DAG(s) 'job_intelligent_pipeline' retrieved from /opt/airflow/dags/dag_job_intelligent.py
[2026-04-29T19:29:53.906+0000] {logging_mixin.py:188} INFO - [2026-04-29T19:29:53.905+0000] {dag.py:3096} INFO - Sync 1 DAGs
[2026-04-29T19:29:53.983+0000] {processor.py:183} INFO - Processing /opt/airflow/dags/dag_job_intelligent.py took 0.267 seconds
[2026-04-29T19:30:24.518+0000] {processor.py:161} INFO - Started process (PID=1571) to work on /opt/airflow/dags/dag_job_intelligent.py
[2026-04-29T19:30:24.520+0000] {processor.py:830} INFO - Processing file /opt/airflow/dags/dag_job_intelligent.py for tasks to queue
[2026-04-29T19:30:24.524+0000] {logging_mixin.py:188} INFO - [2026-04-29T19:30:24.523+0000] {dagbag.py:545} INFO - Filling up the DagBag from /opt/airflow/dags/dag_job_intelligent.py
[2026-04-29T19:30:24.572+0000] {processor.py:840} INFO - DAG(s) 'job_intelligent_pipeline' retrieved from /opt/airflow/dags/dag_job_intelligent.py
[2026-04-29T19:30:24.626+0000] {logging_mixin.py:188} INFO - [2026-04-29T19:30:24.626+0000] {dag.py:3096} INFO - Sync 1 DAGs
[2026-04-29T19:30:24.703+0000] {processor.py:183} INFO - Processing /opt/airflow/dags/dag_job_intelligent.py took 0.197 seconds
[2026-04-29T19:30:55.302+0000] {processor.py:161} INFO - Started process (PID=1579) to work on /opt/airflow/dags/dag_job_intelligent.py
[2026-04-29T19:30:55.304+0000] {processor.py:830} INFO - Processing file /opt/airflow/dags/dag_job_intelligent.py for tasks to queue
[2026-04-29T19:30:55.307+0000] {logging_mixin.py:188} INFO - [2026-04-29T19:30:55.306+0000] {dagbag.py:545} INFO - Filling up the DagBag from /opt/airflow/dags/dag_job_intelligent.py
[2026-04-29T19:30:55.337+0000] {processor.py:840} INFO - DAG(s) 'job_intelligent_pipeline' retrieved from /opt/airflow/dags/dag_job_intelligent.py
[2026-04-29T19:30:55.390+0000] {logging_mixin.py:188} INFO - [2026-04-29T19:30:55.389+0000] {dag.py:3096} INFO - Sync 1 DAGs
[2026-04-29T19:30:55.480+0000] {processor.py:183} INFO - Processing /opt/airflow/dags/dag_job_intelligent.py took 0.193 seconds
[2026-04-29T19:31:26.110+0000] {processor.py:161} INFO - Started process (PID=1594) to work on /opt/airflow/dags/dag_job_intelligent.py
[2026-04-29T19:31:26.112+0000] {processor.py:830} INFO - Processing file /opt/airflow/dags/dag_job_intelligent.py for tasks to queue
[2026-04-29T19:31:26.116+0000] {logging_mixin.py:188} INFO - [2026-04-29T19:31:26.115+0000] {dagbag.py:545} INFO - Filling up the DagBag from /opt/airflow/dags/dag_job_intelligent.py
[2026-04-29T19:31:26.163+0000] {processor.py:840} INFO - DAG(s) 'job_intelligent_pipeline' retrieved from /opt/airflow/dags/dag_job_intelligent.py
[2026-04-29T19:31:26.283+0000] {logging_mixin.py:188} INFO - [2026-04-29T19:31:26.282+0000] {dag.py:3096} INFO - Sync 1 DAGs
[2026-04-29T19:31:26.372+0000] {processor.py:183} INFO - Processing /opt/airflow/dags/dag_job_intelligent.py took 0.275 seconds
[2026-04-29T19:31:56.961+0000] {processor.py:161} INFO - Started process (PID=1602) to work on /opt/airflow/dags/dag_job_intelligent.py
[2026-04-29T19:31:56.962+0000] {processor.py:830} INFO - Processing file /opt/airflow/dags/dag_job_intelligent.py for tasks to queue
[2026-04-29T19:31:56.965+0000] {logging_mixin.py:188} INFO - [2026-04-29T19:31:56.965+0000] {dagbag.py:545} INFO - Filling up the DagBag from /opt/airflow/dags/dag_job_intelligent.py
[2026-04-29T19:31:56.996+0000] {processor.py:840} INFO - DAG(s) 'job_intelligent_pipeline' retrieved from /opt/airflow/dags/dag_job_intelligent.py
[2026-04-29T19:31:57.048+0000] {logging_mixin.py:188} INFO - [2026-04-29T19:31:57.047+0000] {dag.py:3096} INFO - Sync 1 DAGs
[2026-04-29T19:31:57.152+0000] {processor.py:183} INFO - Processing /opt/airflow/dags/dag_job_intelligent.py took 0.201 seconds
[2026-04-29T19:32:27.645+0000] {processor.py:161} INFO - Started process (PID=1615) to work on /opt/airflow/dags/dag_job_intelligent.py
[2026-04-29T19:32:27.648+0000] {processor.py:830} INFO - Processing file /opt/airflow/dags/dag_job_intelligent.py for tasks to queue
[2026-04-29T19:32:27.653+0000] {logging_mixin.py:188} INFO - [2026-04-29T19:32:27.652+0000] {dagbag.py:545} INFO - Filling up the DagBag from /opt/airflow/dags/dag_job_intelligent.py
[2026-04-29T19:32:27.724+0000] {processor.py:840} INFO - DAG(s) 'job_intelligent_pipeline' retrieved from /opt/airflow/dags/dag_job_intelligent.py
[2026-04-29T19:32:27.805+0000] {logging_mixin.py:188} INFO - [2026-04-29T19:32:27.804+0000] {dag.py:3096} INFO - Sync 1 DAGs
[2026-04-29T19:32:27.901+0000] {processor.py:183} INFO - Processing /opt/airflow/dags/dag_job_intelligent.py took 0.268 seconds
[2026-04-29T19:32:58.474+0000] {processor.py:161} INFO - Started process (PID=1628) to work on /opt/airflow/dags/dag_job_intelligent.py
[2026-04-29T19:32:58.476+0000] {processor.py:830} INFO - Processing file /opt/airflow/dags/dag_job_intelligent.py for tasks to queue
[2026-04-29T19:32:58.479+0000] {logging_mixin.py:188} INFO - [2026-04-29T19:32:58.478+0000] {dagbag.py:545} INFO - Filling up the DagBag from /opt/airflow/dags/dag_job_intelligent.py
[2026-04-29T19:32:58.517+0000] {processor.py:840} INFO - DAG(s) 'job_intelligent_pipeline' retrieved from /opt/airflow/dags/dag_job_intelligent.py
[2026-04-29T19:32:58.583+0000] {logging_mixin.py:188} INFO - [2026-04-29T19:32:58.582+0000] {dag.py:3096} INFO - Sync 1 DAGs
[2026-04-29T19:32:58.721+0000] {processor.py:183} INFO - Processing /opt/airflow/dags/dag_job_intelligent.py took 0.258 seconds
[2026-04-29T19:33:29.215+0000] {processor.py:161} INFO - Started process (PID=1636) to work on /opt/airflow/dags/dag_job_intelligent.py
[2026-04-29T19:33:29.217+0000] {processor.py:830} INFO - Processing file /opt/airflow/dags/dag_job_intelligent.py for tasks to queue
[2026-04-29T19:33:29.220+0000] {logging_mixin.py:188} INFO - [2026-04-29T19:33:29.219+0000] {dagbag.py:545} INFO - Filling up the DagBag from /opt/airflow/dags/dag_job_intelligent.py
[2026-04-29T19:33:29.265+0000] {processor.py:840} INFO - DAG(s) 'job_intelligent_pipeline' retrieved from /opt/airflow/dags/dag_job_intelligent.py
[2026-04-29T19:33:29.364+0000] {logging_mixin.py:188} INFO - [2026-04-29T19:33:29.363+0000] {dag.py:3096} INFO - Sync 1 DAGs
[2026-04-29T19:33:29.500+0000] {processor.py:183} INFO - Processing /opt/airflow/dags/dag_job_intelligent.py took 0.297 seconds
[2026-04-29T19:34:00.167+0000] {processor.py:161} INFO - Started process (PID=1650) to work on /opt/airflow/dags/dag_job_intelligent.py
[2026-04-29T19:34:00.169+0000] {processor.py:830} INFO - Processing file /opt/airflow/dags/dag_job_intelligent.py for tasks to queue
[2026-04-29T19:34:00.173+0000] {logging_mixin.py:188} INFO - [2026-04-29T19:34:00.173+0000] {dagbag.py:545} INFO - Filling up the DagBag from /opt/airflow/dags/dag_job_intelligent.py
[2026-04-29T19:34:00.223+0000] {processor.py:840} INFO - DAG(s) 'job_intelligent_pipeline' retrieved from /opt/airflow/dags/dag_job_intelligent.py
[2026-04-29T19:34:00.314+0000] {logging_mixin.py:188} INFO - [2026-04-29T19:34:00.314+0000] {dag.py:3096} INFO - Sync 1 DAGs
[2026-04-29T19:34:00.439+0000] {processor.py:183} INFO - Processing /opt/airflow/dags/dag_job_intelligent.py took 0.288 seconds
[2026-04-29T19:34:30.690+0000] {processor.py:161} INFO - Started process (PID=1658) to work on /opt/airflow/dags/dag_job_intelligent.py
[2026-04-29T19:34:30.691+0000] {processor.py:830} INFO - Processing file /opt/airflow/dags/dag_job_intelligent.py for tasks to queue
[2026-04-29T19:34:30.694+0000] {logging_mixin.py:188} INFO - [2026-04-29T19:34:30.693+0000] {dagbag.py:545} INFO - Filling up the DagBag from /opt/airflow/dags/dag_job_intelligent.py
[2026-04-29T19:34:30.733+0000] {processor.py:840} INFO - DAG(s) 'job_intelligent_pipeline' retrieved from /opt/airflow/dags/dag_job_intelligent.py
[2026-04-29T19:34:30.798+0000] {logging_mixin.py:188} INFO - [2026-04-29T19:34:30.797+0000] {dag.py:3096} INFO - Sync 1 DAGs
[2026-04-29T19:34:30.909+0000] {processor.py:183} INFO - Processing /opt/airflow/dags/dag_job_intelligent.py took 0.228 seconds
[2026-04-29T19:35:01.355+0000] {processor.py:161} INFO - Started process (PID=1673) to work on /opt/airflow/dags/dag_job_intelligent.py
[2026-04-29T19:35:01.358+0000] {processor.py:830} INFO - Processing file /opt/airflow/dags/dag_job_intelligent.py for tasks to queue
[2026-04-29T19:35:01.364+0000] {logging_mixin.py:188} INFO - [2026-04-29T19:35:01.363+0000] {dagbag.py:545} INFO - Filling up the DagBag from /opt/airflow/dags/dag_job_intelligent.py
[2026-04-29T19:35:01.413+0000] {processor.py:840} INFO - DAG(s) 'job_intelligent_pipeline' retrieved from /opt/airflow/dags/dag_job_intelligent.py
[2026-04-29T19:35:01.501+0000] {logging_mixin.py:188} INFO - [2026-04-29T19:35:01.500+0000] {dag.py:3096} INFO - Sync 1 DAGs
[2026-04-29T19:35:01.618+0000] {processor.py:183} INFO - Processing /opt/airflow/dags/dag_job_intelligent.py took 0.271 seconds
[2026-04-29T19:35:31.768+0000] {processor.py:161} INFO - Started process (PID=1681) to work on /opt/airflow/dags/dag_job_intelligent.py
[2026-04-29T19:35:31.769+0000] {processor.py:830} INFO - Processing file /opt/airflow/dags/dag_job_intelligent.py for tasks to queue
[2026-04-29T19:35:31.772+0000] {logging_mixin.py:188} INFO - [2026-04-29T19:35:31.771+0000] {dagbag.py:545} INFO - Filling up the DagBag from /opt/airflow/dags/dag_job_intelligent.py
[2026-04-29T19:35:31.823+0000] {processor.py:840} INFO - DAG(s) 'job_intelligent_pipeline' retrieved from /opt/airflow/dags/dag_job_intelligent.py
[2026-04-29T19:35:31.896+0000] {logging_mixin.py:188} INFO - [2026-04-29T19:35:31.895+0000] {dag.py:3096} INFO - Sync 1 DAGs
[2026-04-29T19:35:31.991+0000] {processor.py:183} INFO - Processing /opt/airflow/dags/dag_job_intelligent.py took 0.233 seconds
[2026-04-29T19:36:02.420+0000] {processor.py:161} INFO - Started process (PID=1694) to work on /opt/airflow/dags/dag_job_intelligent.py
[2026-04-29T19:36:02.422+0000] {processor.py:830} INFO - Processing file /opt/airflow/dags/dag_job_intelligent.py for tasks to queue
[2026-04-29T19:36:02.424+0000] {logging_mixin.py:188} INFO - [2026-04-29T19:36:02.424+0000] {dagbag.py:545} INFO - Filling up the DagBag from /opt/airflow/dags/dag_job_intelligent.py
[2026-04-29T19:36:02.465+0000] {processor.py:840} INFO - DAG(s) 'job_intelligent_pipeline' retrieved from /opt/airflow/dags/dag_job_intelligent.py
[2026-04-29T19:36:02.522+0000] {logging_mixin.py:188} INFO - [2026-04-29T19:36:02.522+0000] {dag.py:3096} INFO - Sync 1 DAGs
[2026-04-29T19:36:02.611+0000] {processor.py:183} INFO - Processing /opt/airflow/dags/dag_job_intelligent.py took 0.200 seconds
[2026-04-29T19:36:33.032+0000] {processor.py:161} INFO - Started process (PID=1701) to work on /opt/airflow/dags/dag_job_intelligent.py
[2026-04-29T19:36:33.035+0000] {processor.py:830} INFO - Processing file /opt/airflow/dags/dag_job_intelligent.py for tasks to queue
[2026-04-29T19:36:33.039+0000] {logging_mixin.py:188} INFO - [2026-04-29T19:36:33.038+0000] {dagbag.py:545} INFO - Filling up the DagBag from /opt/airflow/dags/dag_job_intelligent.py
[2026-04-29T19:36:33.115+0000] {processor.py:840} INFO - DAG(s) 'job_intelligent_pipeline' retrieved from /opt/airflow/dags/dag_job_intelligent.py
[2026-04-29T19:36:33.197+0000] {logging_mixin.py:188} INFO - [2026-04-29T19:36:33.197+0000] {dag.py:3096} INFO - Sync 1 DAGs
[2026-04-29T19:36:33.276+0000] {processor.py:183} INFO - Processing /opt/airflow/dags/dag_job_intelligent.py took 0.261 seconds
[2026-04-29T19:37:03.694+0000] {processor.py:161} INFO - Started process (PID=1715) to work on /opt/airflow/dags/dag_job_intelligent.py
[2026-04-29T19:37:03.696+0000] {processor.py:830} INFO - Processing file /opt/airflow/dags/dag_job_intelligent.py for tasks to queue
[2026-04-29T19:37:03.700+0000] {logging_mixin.py:188} INFO - [2026-04-29T19:37:03.699+0000] {dagbag.py:545} INFO - Filling up the DagBag from /opt/airflow/dags/dag_job_intelligent.py
[2026-04-29T19:37:03.743+0000] {processor.py:840} INFO - DAG(s) 'job_intelligent_pipeline' retrieved from /opt/airflow/dags/dag_job_intelligent.py
[2026-04-29T19:37:03.801+0000] {logging_mixin.py:188} INFO - [2026-04-29T19:37:03.801+0000] {dag.py:3096} INFO - Sync 1 DAGs
[2026-04-29T19:37:03.886+0000] {processor.py:183} INFO - Processing /opt/airflow/dags/dag_job_intelligent.py took 0.203 seconds
[2026-04-29T19:37:34.338+0000] {processor.py:161} INFO - Started process (PID=1723) to work on /opt/airflow/dags/dag_job_intelligent.py
[2026-04-29T19:37:34.340+0000] {processor.py:830} INFO - Processing file /opt/airflow/dags/dag_job_intelligent.py for tasks to queue
[2026-04-29T19:37:34.344+0000] {logging_mixin.py:188} INFO - [2026-04-29T19:37:34.343+0000] {dagbag.py:545} INFO - Filling up the DagBag from /opt/airflow/dags/dag_job_intelligent.py
[2026-04-29T19:37:34.386+0000] {processor.py:840} INFO - DAG(s) 'job_intelligent_pipeline' retrieved from /opt/airflow/dags/dag_job_intelligent.py
[2026-04-29T19:37:34.486+0000] {logging_mixin.py:188} INFO - [2026-04-29T19:37:34.485+0000] {dag.py:3096} INFO - Sync 1 DAGs
[2026-04-29T19:37:34.576+0000] {processor.py:183} INFO - Processing /opt/airflow/dags/dag_job_intelligent.py took 0.252 seconds
[2026-04-29T19:38:05.150+0000] {processor.py:161} INFO - Started process (PID=1738) to work on /opt/airflow/dags/dag_job_intelligent.py
[2026-04-29T19:38:05.151+0000] {processor.py:830} INFO - Processing file /opt/airflow/dags/dag_job_intelligent.py for tasks to queue
[2026-04-29T19:38:05.155+0000] {logging_mixin.py:188} INFO - [2026-04-29T19:38:05.154+0000] {dagbag.py:545} INFO - Filling up the DagBag from /opt/airflow/dags/dag_job_intelligent.py
[2026-04-29T19:38:05.192+0000] {processor.py:840} INFO - DAG(s) 'job_intelligent_pipeline' retrieved from /opt/airflow/dags/dag_job_intelligent.py
[2026-04-29T19:38:05.275+0000] {logging_mixin.py:188} INFO - [2026-04-29T19:38:05.274+0000] {dag.py:3096} INFO - Sync 1 DAGs
[2026-04-29T19:38:05.379+0000] {processor.py:183} INFO - Processing /opt/airflow/dags/dag_job_intelligent.py took 0.239 seconds
[2026-04-29T19:38:35.752+0000] {processor.py:161} INFO - Started process (PID=1746) to work on /opt/airflow/dags/dag_job_intelligent.py
[2026-04-29T19:38:35.755+0000] {processor.py:830} INFO - Processing file /opt/airflow/dags/dag_job_intelligent.py for tasks to queue
[2026-04-29T19:38:35.764+0000] {logging_mixin.py:188} INFO - [2026-04-29T19:38:35.763+0000] {dagbag.py:545} INFO - Filling up the DagBag from /opt/airflow/dags/dag_job_intelligent.py
[2026-04-29T19:38:35.897+0000] {processor.py:840} INFO - DAG(s) 'job_intelligent_pipeline' retrieved from /opt/airflow/dags/dag_job_intelligent.py
[2026-04-29T19:38:36.150+0000] {logging_mixin.py:188} INFO - [2026-04-29T19:38:36.149+0000] {dag.py:3096} INFO - Sync 1 DAGs
[2026-04-29T19:38:36.292+0000] {processor.py:183} INFO - Processing /opt/airflow/dags/dag_job_intelligent.py took 0.555 seconds
[2026-04-29T19:39:06.925+0000] {processor.py:161} INFO - Started process (PID=1759) to work on /opt/airflow/dags/dag_job_intelligent.py
[2026-04-29T19:39:06.929+0000] {processor.py:830} INFO - Processing file /opt/airflow/dags/dag_job_intelligent.py for tasks to queue
[2026-04-29T19:39:06.948+0000] {logging_mixin.py:188} INFO - [2026-04-29T19:39:06.948+0000] {dagbag.py:545} INFO - Filling up the DagBag from /opt/airflow/dags/dag_job_intelligent.py
[2026-04-29T19:39:07.077+0000] {processor.py:840} INFO - DAG(s) 'job_intelligent_pipeline' retrieved from /opt/airflow/dags/dag_job_intelligent.py
[2026-04-29T19:39:07.257+0000] {logging_mixin.py:188} INFO - [2026-04-29T19:39:07.255+0000] {dag.py:3096} INFO - Sync 1 DAGs
[2026-04-29T19:39:07.378+0000] {processor.py:183} INFO - Processing /opt/airflow/dags/dag_job_intelligent.py took 0.493 seconds
[2026-04-29T19:39:37.847+0000] {processor.py:161} INFO - Started process (PID=1767) to work on /opt/airflow/dags/dag_job_intelligent.py
[2026-04-29T19:39:37.849+0000] {processor.py:830} INFO - Processing file /opt/airflow/dags/dag_job_intelligent.py for tasks to queue
[2026-04-29T19:39:37.853+0000] {logging_mixin.py:188} INFO - [2026-04-29T19:39:37.852+0000] {dagbag.py:545} INFO - Filling up the DagBag from /opt/airflow/dags/dag_job_intelligent.py
[2026-04-29T19:39:37.901+0000] {processor.py:840} INFO - DAG(s) 'job_intelligent_pipeline' retrieved from /opt/airflow/dags/dag_job_intelligent.py
[2026-04-29T19:39:38.020+0000] {logging_mixin.py:188} INFO - [2026-04-29T19:39:38.009+0000] {dag.py:3096} INFO - Sync 1 DAGs
[2026-04-29T19:39:38.166+0000] {processor.py:183} INFO - Processing /opt/airflow/dags/dag_job_intelligent.py took 0.332 seconds
[2026-04-29T19:40:08.392+0000] {processor.py:161} INFO - Started process (PID=1782) to work on /opt/airflow/dags/dag_job_intelligent.py
[2026-04-29T19:40:08.405+0000] {processor.py:830} INFO - Processing file /opt/airflow/dags/dag_job_intelligent.py for tasks to queue
[2026-04-29T19:40:08.409+0000] {logging_mixin.py:188} INFO - [2026-04-29T19:40:08.408+0000] {dagbag.py:545} INFO - Filling up the DagBag from /opt/airflow/dags/dag_job_intelligent.py
[2026-04-29T19:40:08.597+0000] {processor.py:840} INFO - DAG(s) 'job_intelligent_pipeline' retrieved from /opt/airflow/dags/dag_job_intelligent.py
[2026-04-29T19:40:08.803+0000] {logging_mixin.py:188} INFO - [2026-04-29T19:40:08.802+0000] {dag.py:3096} INFO - Sync 1 DAGs
[2026-04-29T19:40:09.007+0000] {processor.py:183} INFO - Processing /opt/airflow/dags/dag_job_intelligent.py took 0.638 seconds
[2026-04-29T19:40:39.612+0000] {processor.py:161} INFO - Started process (PID=1790) to work on /opt/airflow/dags/dag_job_intelligent.py
[2026-04-29T19:40:39.613+0000] {processor.py:830} INFO - Processing file /opt/airflow/dags/dag_job_intelligent.py for tasks to queue
[2026-04-29T19:40:39.617+0000] {logging_mixin.py:188} INFO - [2026-04-29T19:40:39.616+0000] {dagbag.py:545} INFO - Filling up the DagBag from /opt/airflow/dags/dag_job_intelligent.py
[2026-04-29T19:40:39.655+0000] {processor.py:840} INFO - DAG(s) 'job_intelligent_pipeline' retrieved from /opt/airflow/dags/dag_job_intelligent.py
[2026-04-29T19:40:39.782+0000] {logging_mixin.py:188} INFO - [2026-04-29T19:40:39.781+0000] {dag.py:3096} INFO - Sync 1 DAGs
[2026-04-29T19:40:39.890+0000] {processor.py:183} INFO - Processing /opt/airflow/dags/dag_job_intelligent.py took 0.289 seconds
[2026-04-29T19:41:10.209+0000] {processor.py:161} INFO - Started process (PID=1804) to work on /opt/airflow/dags/dag_job_intelligent.py
[2026-04-29T19:41:10.211+0000] {processor.py:830} INFO - Processing file /opt/airflow/dags/dag_job_intelligent.py for tasks to queue
[2026-04-29T19:41:10.215+0000] {logging_mixin.py:188} INFO - [2026-04-29T19:41:10.214+0000] {dagbag.py:545} INFO - Filling up the DagBag from /opt/airflow/dags/dag_job_intelligent.py
[2026-04-29T19:41:10.280+0000] {processor.py:840} INFO - DAG(s) 'job_intelligent_pipeline' retrieved from /opt/airflow/dags/dag_job_intelligent.py
[2026-04-29T19:41:10.381+0000] {logging_mixin.py:188} INFO - [2026-04-29T19:41:10.380+0000] {dag.py:3096} INFO - Sync 1 DAGs
[2026-04-29T19:41:10.532+0000] {processor.py:183} INFO - Processing /opt/airflow/dags/dag_job_intelligent.py took 0.338 seconds
[2026-04-29T19:41:40.646+0000] {processor.py:161} INFO - Started process (PID=1812) to work on /opt/airflow/dags/dag_job_intelligent.py
[2026-04-29T19:41:40.647+0000] {processor.py:830} INFO - Processing file /opt/airflow/dags/dag_job_intelligent.py for tasks to queue
[2026-04-29T19:41:40.650+0000] {logging_mixin.py:188} INFO - [2026-04-29T19:41:40.650+0000] {dagbag.py:545} INFO - Filling up the DagBag from /opt/airflow/dags/dag_job_intelligent.py
[2026-04-29T19:41:40.683+0000] {processor.py:840} INFO - DAG(s) 'job_intelligent_pipeline' retrieved from /opt/airflow/dags/dag_job_intelligent.py
[2026-04-29T19:41:40.737+0000] {logging_mixin.py:188} INFO - [2026-04-29T19:41:40.736+0000] {dag.py:3096} INFO - Sync 1 DAGs
[2026-04-29T19:41:40.872+0000] {processor.py:183} INFO - Processing /opt/airflow/dags/dag_job_intelligent.py took 0.233 seconds
[2026-04-29T19:42:11.563+0000] {processor.py:161} INFO - Started process (PID=1825) to work on /opt/airflow/dags/dag_job_intelligent.py
[2026-04-29T19:42:11.564+0000] {processor.py:830} INFO - Processing file /opt/airflow/dags/dag_job_intelligent.py for tasks to queue
[2026-04-29T19:42:11.567+0000] {logging_mixin.py:188} INFO - [2026-04-29T19:42:11.567+0000] {dagbag.py:545} INFO - Filling up the DagBag from /opt/airflow/dags/dag_job_intelligent.py
[2026-04-29T19:42:11.624+0000] {processor.py:840} INFO - DAG(s) 'job_intelligent_pipeline' retrieved from /opt/airflow/dags/dag_job_intelligent.py
[2026-04-29T19:42:11.693+0000] {logging_mixin.py:188} INFO - [2026-04-29T19:42:11.692+0000] {dag.py:3096} INFO - Sync 1 DAGs
[2026-04-29T19:42:11.860+0000] {processor.py:183} INFO - Processing /opt/airflow/dags/dag_job_intelligent.py took 0.307 seconds
[2026-04-29T19:42:42.482+0000] {processor.py:161} INFO - Started process (PID=1840) to work on /opt/airflow/dags/dag_job_intelligent.py
[2026-04-29T19:42:42.484+0000] {processor.py:830} INFO - Processing file /opt/airflow/dags/dag_job_intelligent.py for tasks to queue
[2026-04-29T19:42:42.486+0000] {logging_mixin.py:188} INFO - [2026-04-29T19:42:42.486+0000] {dagbag.py:545} INFO - Filling up the DagBag from /opt/airflow/dags/dag_job_intelligent.py
[2026-04-29T19:42:42.524+0000] {processor.py:840} INFO - DAG(s) 'job_intelligent_pipeline' retrieved from /opt/airflow/dags/dag_job_intelligent.py
[2026-04-29T19:42:42.627+0000] {logging_mixin.py:188} INFO - [2026-04-29T19:42:42.626+0000] {dag.py:3096} INFO - Sync 1 DAGs
[2026-04-29T19:42:42.751+0000] {processor.py:183} INFO - Processing /opt/airflow/dags/dag_job_intelligent.py took 0.278 seconds
[2026-04-29T19:43:13.335+0000] {processor.py:161} INFO - Started process (PID=1848) to work on /opt/airflow/dags/dag_job_intelligent.py
[2026-04-29T19:43:13.337+0000] {processor.py:830} INFO - Processing file /opt/airflow/dags/dag_job_intelligent.py for tasks to queue
[2026-04-29T19:43:13.340+0000] {logging_mixin.py:188} INFO - [2026-04-29T19:43:13.339+0000] {dagbag.py:545} INFO - Filling up the DagBag from /opt/airflow/dags/dag_job_intelligent.py
[2026-04-29T19:43:13.407+0000] {processor.py:840} INFO - DAG(s) 'job_intelligent_pipeline' retrieved from /opt/airflow/dags/dag_job_intelligent.py
[2026-04-29T19:43:13.516+0000] {logging_mixin.py:188} INFO - [2026-04-29T19:43:13.516+0000] {dag.py:3096} INFO - Sync 1 DAGs
[2026-04-29T19:43:13.732+0000] {processor.py:183} INFO - Processing /opt/airflow/dags/dag_job_intelligent.py took 0.409 seconds
[2026-04-29T19:43:44.092+0000] {processor.py:161} INFO - Started process (PID=1862) to work on /opt/airflow/dags/dag_job_intelligent.py
[2026-04-29T19:43:44.094+0000] {processor.py:830} INFO - Processing file /opt/airflow/dags/dag_job_intelligent.py for tasks to queue
[2026-04-29T19:43:44.097+0000] {logging_mixin.py:188} INFO - [2026-04-29T19:43:44.096+0000] {dagbag.py:545} INFO - Filling up the DagBag from /opt/airflow/dags/dag_job_intelligent.py
[2026-04-29T19:43:44.137+0000] {processor.py:840} INFO - DAG(s) 'job_intelligent_pipeline' retrieved from /opt/airflow/dags/dag_job_intelligent.py
[2026-04-29T19:43:44.205+0000] {logging_mixin.py:188} INFO - [2026-04-29T19:43:44.205+0000] {dag.py:3096} INFO - Sync 1 DAGs
[2026-04-29T19:43:44.361+0000] {processor.py:183} INFO - Processing /opt/airflow/dags/dag_job_intelligent.py took 0.278 seconds
[2026-04-29T19:44:15.376+0000] {processor.py:161} INFO - Started process (PID=1870) to work on /opt/airflow/dags/dag_job_intelligent.py
[2026-04-29T19:44:15.392+0000] {processor.py:830} INFO - Processing file /opt/airflow/dags/dag_job_intelligent.py for tasks to queue
[2026-04-29T19:44:15.409+0000] {logging_mixin.py:188} INFO - [2026-04-29T19:44:15.407+0000] {dagbag.py:545} INFO - Filling up the DagBag from /opt/airflow/dags/dag_job_intelligent.py
[2026-04-29T19:44:15.641+0000] {processor.py:840} INFO - DAG(s) 'job_intelligent_pipeline' retrieved from /opt/airflow/dags/dag_job_intelligent.py
[2026-04-29T19:44:15.885+0000] {logging_mixin.py:188} INFO - [2026-04-29T19:44:15.884+0000] {dag.py:3096} INFO - Sync 1 DAGs
[2026-04-29T19:44:16.221+0000] {processor.py:183} INFO - Processing /opt/airflow/dags/dag_job_intelligent.py took 0.902 seconds
[2026-04-29T19:44:46.769+0000] {processor.py:161} INFO - Started process (PID=1885) to work on /opt/airflow/dags/dag_job_intelligent.py
[2026-04-29T19:44:46.771+0000] {processor.py:830} INFO - Processing file /opt/airflow/dags/dag_job_intelligent.py for tasks to queue
[2026-04-29T19:44:46.774+0000] {logging_mixin.py:188} INFO - [2026-04-29T19:44:46.773+0000] {dagbag.py:545} INFO - Filling up the DagBag from /opt/airflow/dags/dag_job_intelligent.py
[2026-04-29T19:44:46.812+0000] {processor.py:840} INFO - DAG(s) 'job_intelligent_pipeline' retrieved from /opt/airflow/dags/dag_job_intelligent.py
[2026-04-29T19:44:46.878+0000] {logging_mixin.py:188} INFO - [2026-04-29T19:44:46.878+0000] {dag.py:3096} INFO - Sync 1 DAGs
[2026-04-29T19:44:46.995+0000] {processor.py:183} INFO - Processing /opt/airflow/dags/dag_job_intelligent.py took 0.235 seconds
[2026-04-29T19:45:17.501+0000] {processor.py:161} INFO - Started process (PID=1894) to work on /opt/airflow/dags/dag_job_intelligent.py
[2026-04-29T19:45:17.503+0000] {processor.py:830} INFO - Processing file /opt/airflow/dags/dag_job_intelligent.py for tasks to queue
[2026-04-29T19:45:17.508+0000] {logging_mixin.py:188} INFO - [2026-04-29T19:45:17.508+0000] {dagbag.py:545} INFO - Filling up the DagBag from /opt/airflow/dags/dag_job_intelligent.py
[2026-04-29T19:45:17.551+0000] {processor.py:840} INFO - DAG(s) 'job_intelligent_pipeline' retrieved from /opt/airflow/dags/dag_job_intelligent.py
[2026-04-29T19:45:17.676+0000] {logging_mixin.py:188} INFO - [2026-04-29T19:45:17.675+0000] {dag.py:3096} INFO - Sync 1 DAGs
[2026-04-29T19:45:17.877+0000] {processor.py:183} INFO - Processing /opt/airflow/dags/dag_job_intelligent.py took 0.392 seconds
[2026-04-29T19:45:48.042+0000] {processor.py:161} INFO - Started process (PID=1910) to work on /opt/airflow/dags/dag_job_intelligent.py
[2026-04-29T19:45:48.047+0000] {processor.py:830} INFO - Processing file /opt/airflow/dags/dag_job_intelligent.py for tasks to queue
[2026-04-29T19:45:48.061+0000] {logging_mixin.py:188} INFO - [2026-04-29T19:45:48.053+0000] {dagbag.py:545} INFO - Filling up the DagBag from /opt/airflow/dags/dag_job_intelligent.py
[2026-04-29T19:45:48.166+0000] {processor.py:840} INFO - DAG(s) 'job_intelligent_pipeline' retrieved from /opt/airflow/dags/dag_job_intelligent.py
[2026-04-29T19:45:48.246+0000] {logging_mixin.py:188} INFO - [2026-04-29T19:45:48.246+0000] {dag.py:3096} INFO - Sync 1 DAGs
[2026-04-29T19:45:48.349+0000] {processor.py:183} INFO - Processing /opt/airflow/dags/dag_job_intelligent.py took 0.340 seconds
[2026-04-29T19:46:18.828+0000] {processor.py:161} INFO - Started process (PID=1917) to work on /opt/airflow/dags/dag_job_intelligent.py
[2026-04-29T19:46:18.830+0000] {processor.py:830} INFO - Processing file /opt/airflow/dags/dag_job_intelligent.py for tasks to queue
[2026-04-29T19:46:18.833+0000] {logging_mixin.py:188} INFO - [2026-04-29T19:46:18.832+0000] {dagbag.py:545} INFO - Filling up the DagBag from /opt/airflow/dags/dag_job_intelligent.py
[2026-04-29T19:46:18.878+0000] {processor.py:840} INFO - DAG(s) 'job_intelligent_pipeline' retrieved from /opt/airflow/dags/dag_job_intelligent.py
[2026-04-29T19:46:18.959+0000] {logging_mixin.py:188} INFO - [2026-04-29T19:46:18.958+0000] {dag.py:3096} INFO - Sync 1 DAGs
[2026-04-29T19:46:19.042+0000] {processor.py:183} INFO - Processing /opt/airflow/dags/dag_job_intelligent.py took 0.224 seconds
[2026-04-29T19:46:49.534+0000] {processor.py:161} INFO - Started process (PID=1931) to work on /opt/airflow/dags/dag_job_intelligent.py
[2026-04-29T19:46:49.536+0000] {processor.py:830} INFO - Processing file /opt/airflow/dags/dag_job_intelligent.py for tasks to queue
[2026-04-29T19:46:49.538+0000] {logging_mixin.py:188} INFO - [2026-04-29T19:46:49.538+0000] {dagbag.py:545} INFO - Filling up the DagBag from /opt/airflow/dags/dag_job_intelligent.py
[2026-04-29T19:46:49.567+0000] {processor.py:840} INFO - DAG(s) 'job_intelligent_pipeline' retrieved from /opt/airflow/dags/dag_job_intelligent.py
[2026-04-29T19:46:49.617+0000] {logging_mixin.py:188} INFO - [2026-04-29T19:46:49.617+0000] {dag.py:3096} INFO - Sync 1 DAGs
[2026-04-29T19:46:49.775+0000] {processor.py:183} INFO - Processing /opt/airflow/dags/dag_job_intelligent.py took 0.249 seconds
[2026-04-29T19:47:19.968+0000] {processor.py:161} INFO - Started process (PID=1938) to work on /opt/airflow/dags/dag_job_intelligent.py
[2026-04-29T19:47:19.970+0000] {processor.py:830} INFO - Processing file /opt/airflow/dags/dag_job_intelligent.py for tasks to queue
[2026-04-29T19:47:19.972+0000] {logging_mixin.py:188} INFO - [2026-04-29T19:47:19.972+0000] {dagbag.py:545} INFO - Filling up the DagBag from /opt/airflow/dags/dag_job_intelligent.py
[2026-04-29T19:47:20.007+0000] {processor.py:840} INFO - DAG(s) 'job_intelligent_pipeline' retrieved from /opt/airflow/dags/dag_job_intelligent.py
[2026-04-29T19:47:20.060+0000] {logging_mixin.py:188} INFO - [2026-04-29T19:47:20.059+0000] {dag.py:3096} INFO - Sync 1 DAGs
[2026-04-29T19:47:20.276+0000] {processor.py:183} INFO - Processing /opt/airflow/dags/dag_job_intelligent.py took 0.316 seconds
[2026-04-29T19:47:50.666+0000] {processor.py:161} INFO - Started process (PID=1952) to work on /opt/airflow/dags/dag_job_intelligent.py
[2026-04-29T19:47:50.668+0000] {processor.py:830} INFO - Processing file /opt/airflow/dags/dag_job_intelligent.py for tasks to queue
[2026-04-29T19:47:50.672+0000] {logging_mixin.py:188} INFO - [2026-04-29T19:47:50.671+0000] {dagbag.py:545} INFO - Filling up the DagBag from /opt/airflow/dags/dag_job_intelligent.py
[2026-04-29T19:47:50.736+0000] {processor.py:840} INFO - DAG(s) 'job_intelligent_pipeline' retrieved from /opt/airflow/dags/dag_job_intelligent.py
[2026-04-29T19:47:50.800+0000] {logging_mixin.py:188} INFO - [2026-04-29T19:47:50.800+0000] {dag.py:3096} INFO - Sync 1 DAGs
[2026-04-29T19:47:50.874+0000] {processor.py:183} INFO - Processing /opt/airflow/dags/dag_job_intelligent.py took 0.220 seconds
[2026-04-29T19:48:21.360+0000] {processor.py:161} INFO - Started process (PID=1960) to work on /opt/airflow/dags/dag_job_intelligent.py
[2026-04-29T19:48:21.361+0000] {processor.py:830} INFO - Processing file /opt/airflow/dags/dag_job_intelligent.py for tasks to queue
[2026-04-29T19:48:21.365+0000] {logging_mixin.py:188} INFO - [2026-04-29T19:48:21.364+0000] {dagbag.py:545} INFO - Filling up the DagBag from /opt/airflow/dags/dag_job_intelligent.py
[2026-04-29T19:48:21.413+0000] {processor.py:840} INFO - DAG(s) 'job_intelligent_pipeline' retrieved from /opt/airflow/dags/dag_job_intelligent.py
[2026-04-29T19:48:21.480+0000] {logging_mixin.py:188} INFO - [2026-04-29T19:48:21.479+0000] {dag.py:3096} INFO - Sync 1 DAGs
[2026-04-29T19:48:21.564+0000] {processor.py:183} INFO - Processing /opt/airflow/dags/dag_job_intelligent.py took 0.215 seconds
[2026-04-29T19:48:51.918+0000] {processor.py:161} INFO - Started process (PID=1975) to work on /opt/airflow/dags/dag_job_intelligent.py
[2026-04-29T19:48:51.920+0000] {processor.py:830} INFO - Processing file /opt/airflow/dags/dag_job_intelligent.py for tasks to queue
[2026-04-29T19:48:51.924+0000] {logging_mixin.py:188} INFO - [2026-04-29T19:48:51.923+0000] {dagbag.py:545} INFO - Filling up the DagBag from /opt/airflow/dags/dag_job_intelligent.py
[2026-04-29T19:48:51.971+0000] {processor.py:840} INFO - DAG(s) 'job_intelligent_pipeline' retrieved from /opt/airflow/dags/dag_job_intelligent.py
[2026-04-29T19:48:52.091+0000] {logging_mixin.py:188} INFO - [2026-04-29T19:48:52.090+0000] {dag.py:3096} INFO - Sync 1 DAGs
[2026-04-29T19:48:52.218+0000] {processor.py:183} INFO - Processing /opt/airflow/dags/dag_job_intelligent.py took 0.315 seconds
[2026-04-29T19:49:22.723+0000] {processor.py:161} INFO - Started process (PID=1983) to work on /opt/airflow/dags/dag_job_intelligent.py
[2026-04-29T19:49:22.725+0000] {processor.py:830} INFO - Processing file /opt/airflow/dags/dag_job_intelligent.py for tasks to queue
[2026-04-29T19:49:22.729+0000] {logging_mixin.py:188} INFO - [2026-04-29T19:49:22.728+0000] {dagbag.py:545} INFO - Filling up the DagBag from /opt/airflow/dags/dag_job_intelligent.py
[2026-04-29T19:49:22.785+0000] {processor.py:840} INFO - DAG(s) 'job_intelligent_pipeline' retrieved from /opt/airflow/dags/dag_job_intelligent.py
[2026-04-29T19:49:22.863+0000] {logging_mixin.py:188} INFO - [2026-04-29T19:49:22.862+0000] {dag.py:3096} INFO - Sync 1 DAGs
[2026-04-29T19:49:23.196+0000] {processor.py:183} INFO - Processing /opt/airflow/dags/dag_job_intelligent.py took 0.484 seconds
[2026-04-29T19:49:53.666+0000] {processor.py:161} INFO - Started process (PID=1997) to work on /opt/airflow/dags/dag_job_intelligent.py
[2026-04-29T19:49:53.668+0000] {processor.py:830} INFO - Processing file /opt/airflow/dags/dag_job_intelligent.py for tasks to queue
[2026-04-29T19:49:53.671+0000] {logging_mixin.py:188} INFO - [2026-04-29T19:49:53.671+0000] {dagbag.py:545} INFO - Filling up the DagBag from /opt/airflow/dags/dag_job_intelligent.py
[2026-04-29T19:49:53.725+0000] {processor.py:840} INFO - DAG(s) 'job_intelligent_pipeline' retrieved from /opt/airflow/dags/dag_job_intelligent.py
[2026-04-29T19:49:53.887+0000] {logging_mixin.py:188} INFO - [2026-04-29T19:49:53.886+0000] {dag.py:3096} INFO - Sync 1 DAGs
[2026-04-29T19:49:53.983+0000] {processor.py:183} INFO - Processing /opt/airflow/dags/dag_job_intelligent.py took 0.332 seconds
[2026-04-29T19:50:24.220+0000] {processor.py:161} INFO - Started process (PID=2005) to work on /opt/airflow/dags/dag_job_intelligent.py
[2026-04-29T19:50:24.228+0000] {processor.py:830} INFO - Processing file /opt/airflow/dags/dag_job_intelligent.py for tasks to queue
[2026-04-29T19:50:24.233+0000] {logging_mixin.py:188} INFO - [2026-04-29T19:50:24.232+0000] {dagbag.py:545} INFO - Filling up the DagBag from /opt/airflow/dags/dag_job_intelligent.py
[2026-04-29T19:50:24.282+0000] {processor.py:840} INFO - DAG(s) 'job_intelligent_pipeline' retrieved from /opt/airflow/dags/dag_job_intelligent.py
[2026-04-29T19:50:24.333+0000] {logging_mixin.py:188} INFO - [2026-04-29T19:50:24.333+0000] {dag.py:3096} INFO - Sync 1 DAGs
[2026-04-29T19:50:24.417+0000] {processor.py:183} INFO - Processing /opt/airflow/dags/dag_job_intelligent.py took 0.221 seconds
[2026-04-29T19:50:54.951+0000] {processor.py:161} INFO - Started process (PID=2018) to work on /opt/airflow/dags/dag_job_intelligent.py
[2026-04-29T19:50:54.974+0000] {processor.py:830} INFO - Processing file /opt/airflow/dags/dag_job_intelligent.py for tasks to queue
[2026-04-29T19:50:54.981+0000] {logging_mixin.py:188} INFO - [2026-04-29T19:50:54.980+0000] {dagbag.py:545} INFO - Filling up the DagBag from /opt/airflow/dags/dag_job_intelligent.py
[2026-04-29T19:50:55.074+0000] {processor.py:840} INFO - DAG(s) 'job_intelligent_pipeline' retrieved from /opt/airflow/dags/dag_job_intelligent.py
[2026-04-29T19:50:55.171+0000] {logging_mixin.py:188} INFO - [2026-04-29T19:50:55.170+0000] {dag.py:3096} INFO - Sync 1 DAGs
[2026-04-29T19:50:55.242+0000] {processor.py:183} INFO - Processing /opt/airflow/dags/dag_job_intelligent.py took 0.306 seconds
[2026-04-29T19:51:25.425+0000] {processor.py:161} INFO - Started process (PID=2025) to work on /opt/airflow/dags/dag_job_intelligent.py
[2026-04-29T19:51:25.426+0000] {processor.py:830} INFO - Processing file /opt/airflow/dags/dag_job_intelligent.py for tasks to queue
[2026-04-29T19:51:25.429+0000] {logging_mixin.py:188} INFO - [2026-04-29T19:51:25.428+0000] {dagbag.py:545} INFO - Filling up the DagBag from /opt/airflow/dags/dag_job_intelligent.py
[2026-04-29T19:51:25.479+0000] {processor.py:840} INFO - DAG(s) 'job_intelligent_pipeline' retrieved from /opt/airflow/dags/dag_job_intelligent.py
[2026-04-29T19:51:25.568+0000] {logging_mixin.py:188} INFO - [2026-04-29T19:51:25.567+0000] {dag.py:3096} INFO - Sync 1 DAGs
[2026-04-29T19:51:25.704+0000] {processor.py:183} INFO - Processing /opt/airflow/dags/dag_job_intelligent.py took 0.288 seconds
[2026-04-29T19:51:56.023+0000] {processor.py:161} INFO - Started process (PID=2039) to work on /opt/airflow/dags/dag_job_intelligent.py
[2026-04-29T19:51:56.024+0000] {processor.py:830} INFO - Processing file /opt/airflow/dags/dag_job_intelligent.py for tasks to queue
[2026-04-29T19:51:56.027+0000] {logging_mixin.py:188} INFO - [2026-04-29T19:51:56.026+0000] {dagbag.py:545} INFO - Filling up the DagBag from /opt/airflow/dags/dag_job_intelligent.py
[2026-04-29T19:51:56.059+0000] {processor.py:840} INFO - DAG(s) 'job_intelligent_pipeline' retrieved from /opt/airflow/dags/dag_job_intelligent.py
[2026-04-29T19:51:56.123+0000] {logging_mixin.py:188} INFO - [2026-04-29T19:51:56.123+0000] {dag.py:3096} INFO - Sync 1 DAGs
[2026-04-29T19:51:56.207+0000] {processor.py:183} INFO - Processing /opt/airflow/dags/dag_job_intelligent.py took 0.192 seconds
[2026-04-29T19:52:26.673+0000] {processor.py:161} INFO - Started process (PID=2053) to work on /opt/airflow/dags/dag_job_intelligent.py
[2026-04-29T19:52:26.675+0000] {processor.py:830} INFO - Processing file /opt/airflow/dags/dag_job_intelligent.py for tasks to queue
[2026-04-29T19:52:26.678+0000] {logging_mixin.py:188} INFO - [2026-04-29T19:52:26.677+0000] {dagbag.py:545} INFO - Filling up the DagBag from /opt/airflow/dags/dag_job_intelligent.py
[2026-04-29T19:52:26.713+0000] {processor.py:840} INFO - DAG(s) 'job_intelligent_pipeline' retrieved from /opt/airflow/dags/dag_job_intelligent.py
[2026-04-29T19:52:26.769+0000] {logging_mixin.py:188} INFO - [2026-04-29T19:52:26.768+0000] {dag.py:3096} INFO - Sync 1 DAGs
[2026-04-29T19:52:26.841+0000] {processor.py:183} INFO - Processing /opt/airflow/dags/dag_job_intelligent.py took 0.178 seconds
[2026-04-29T19:52:57.572+0000] {processor.py:161} INFO - Started process (PID=2061) to work on /opt/airflow/dags/dag_job_intelligent.py
[2026-04-29T19:52:57.574+0000] {processor.py:830} INFO - Processing file /opt/airflow/dags/dag_job_intelligent.py for tasks to queue
[2026-04-29T19:52:57.579+0000] {logging_mixin.py:188} INFO - [2026-04-29T19:52:57.578+0000] {dagbag.py:545} INFO - Filling up the DagBag from /opt/airflow/dags/dag_job_intelligent.py
[2026-04-29T19:52:57.791+0000] {processor.py:840} INFO - DAG(s) 'job_intelligent_pipeline' retrieved from /opt/airflow/dags/dag_job_intelligent.py
[2026-04-29T19:52:58.273+0000] {logging_mixin.py:188} INFO - [2026-04-29T19:52:58.272+0000] {dag.py:3096} INFO - Sync 1 DAGs
[2026-04-29T19:52:58.567+0000] {processor.py:183} INFO - Processing /opt/airflow/dags/dag_job_intelligent.py took 1.030 seconds
[2026-04-29T19:53:29.652+0000] {processor.py:161} INFO - Started process (PID=2074) to work on /opt/airflow/dags/dag_job_intelligent.py
[2026-04-29T19:53:29.708+0000] {processor.py:830} INFO - Processing file /opt/airflow/dags/dag_job_intelligent.py for tasks to queue
[2026-04-29T19:53:29.742+0000] {logging_mixin.py:188} INFO - [2026-04-29T19:53:29.742+0000] {dagbag.py:545} INFO - Filling up the DagBag from /opt/airflow/dags/dag_job_intelligent.py
[2026-04-29T19:53:29.895+0000] {processor.py:840} INFO - DAG(s) 'job_intelligent_pipeline' retrieved from /opt/airflow/dags/dag_job_intelligent.py
[2026-04-29T19:53:30.129+0000] {logging_mixin.py:188} INFO - [2026-04-29T19:53:30.128+0000] {dag.py:3096} INFO - Sync 1 DAGs
[2026-04-29T19:53:30.268+0000] {processor.py:183} INFO - Processing /opt/airflow/dags/dag_job_intelligent.py took 0.690 seconds
[2026-04-29T19:54:00.556+0000] {processor.py:161} INFO - Started process (PID=2082) to work on /opt/airflow/dags/dag_job_intelligent.py
[2026-04-29T19:54:00.558+0000] {processor.py:830} INFO - Processing file /opt/airflow/dags/dag_job_intelligent.py for tasks to queue
[2026-04-29T19:54:00.564+0000] {logging_mixin.py:188} INFO - [2026-04-29T19:54:00.563+0000] {dagbag.py:545} INFO - Filling up the DagBag from /opt/airflow/dags/dag_job_intelligent.py
[2026-04-29T19:54:00.632+0000] {processor.py:840} INFO - DAG(s) 'job_intelligent_pipeline' retrieved from /opt/airflow/dags/dag_job_intelligent.py
[2026-04-29T19:54:00.734+0000] {logging_mixin.py:188} INFO - [2026-04-29T19:54:00.733+0000] {dag.py:3096} INFO - Sync 1 DAGs
[2026-04-29T19:54:01.386+0000] {processor.py:183} INFO - Processing /opt/airflow/dags/dag_job_intelligent.py took 0.845 seconds
[2026-04-29T19:54:32.043+0000] {processor.py:161} INFO - Started process (PID=2095) to work on /opt/airflow/dags/dag_job_intelligent.py
[2026-04-29T19:54:32.046+0000] {processor.py:830} INFO - Processing file /opt/airflow/dags/dag_job_intelligent.py for tasks to queue
[2026-04-29T19:54:32.054+0000] {logging_mixin.py:188} INFO - [2026-04-29T19:54:32.053+0000] {dagbag.py:545} INFO - Filling up the DagBag from /opt/airflow/dags/dag_job_intelligent.py
[2026-04-29T19:54:32.137+0000] {processor.py:840} INFO - DAG(s) 'job_intelligent_pipeline' retrieved from /opt/airflow/dags/dag_job_intelligent.py
[2026-04-29T19:54:32.299+0000] {logging_mixin.py:188} INFO - [2026-04-29T19:54:32.298+0000] {dag.py:3096} INFO - Sync 1 DAGs
[2026-04-29T19:54:32.993+0000] {processor.py:183} INFO - Processing /opt/airflow/dags/dag_job_intelligent.py took 0.990 seconds
[2026-04-29T19:55:03.449+0000] {processor.py:161} INFO - Started process (PID=2103) to work on /opt/airflow/dags/dag_job_intelligent.py
[2026-04-29T19:55:03.452+0000] {processor.py:830} INFO - Processing file /opt/airflow/dags/dag_job_intelligent.py for tasks to queue
[2026-04-29T19:55:03.458+0000] {logging_mixin.py:188} INFO - [2026-04-29T19:55:03.458+0000] {dagbag.py:545} INFO - Filling up the DagBag from /opt/airflow/dags/dag_job_intelligent.py
[2026-04-29T19:55:03.513+0000] {processor.py:840} INFO - DAG(s) 'job_intelligent_pipeline' retrieved from /opt/airflow/dags/dag_job_intelligent.py
[2026-04-29T19:55:03.600+0000] {logging_mixin.py:188} INFO - [2026-04-29T19:55:03.599+0000] {dag.py:3096} INFO - Sync 1 DAGs
[2026-04-29T19:55:03.670+0000] {processor.py:183} INFO - Processing /opt/airflow/dags/dag_job_intelligent.py took 0.241 seconds
[2026-04-29T19:55:34.206+0000] {processor.py:161} INFO - Started process (PID=2117) to work on /opt/airflow/dags/dag_job_intelligent.py
[2026-04-29T19:55:34.208+0000] {processor.py:830} INFO - Processing file /opt/airflow/dags/dag_job_intelligent.py for tasks to queue
[2026-04-29T19:55:34.211+0000] {logging_mixin.py:188} INFO - [2026-04-29T19:55:34.210+0000] {dagbag.py:545} INFO - Filling up the DagBag from /opt/airflow/dags/dag_job_intelligent.py
[2026-04-29T19:55:34.246+0000] {processor.py:840} INFO - DAG(s) 'job_intelligent_pipeline' retrieved from /opt/airflow/dags/dag_job_intelligent.py
[2026-04-29T19:55:34.306+0000] {logging_mixin.py:188} INFO - [2026-04-29T19:55:34.305+0000] {dag.py:3096} INFO - Sync 1 DAGs
[2026-04-29T19:55:34.387+0000] {processor.py:183} INFO - Processing /opt/airflow/dags/dag_job_intelligent.py took 0.189 seconds
[2026-04-29T19:56:04.775+0000] {processor.py:161} INFO - Started process (PID=2126) to work on /opt/airflow/dags/dag_job_intelligent.py
[2026-04-29T19:56:04.776+0000] {processor.py:830} INFO - Processing file /opt/airflow/dags/dag_job_intelligent.py for tasks to queue
[2026-04-29T19:56:04.780+0000] {logging_mixin.py:188} INFO - [2026-04-29T19:56:04.779+0000] {dagbag.py:545} INFO - Filling up the DagBag from /opt/airflow/dags/dag_job_intelligent.py
[2026-04-29T19:56:04.816+0000] {processor.py:840} INFO - DAG(s) 'job_intelligent_pipeline' retrieved from /opt/airflow/dags/dag_job_intelligent.py
[2026-04-29T19:56:04.889+0000] {logging_mixin.py:188} INFO - [2026-04-29T19:56:04.888+0000] {dag.py:3096} INFO - Sync 1 DAGs
[2026-04-29T19:56:05.263+0000] {processor.py:183} INFO - Processing /opt/airflow/dags/dag_job_intelligent.py took 0.497 seconds
[2026-04-29T19:56:35.527+0000] {processor.py:161} INFO - Started process (PID=2140) to work on /opt/airflow/dags/dag_job_intelligent.py
[2026-04-29T19:56:35.528+0000] {processor.py:830} INFO - Processing file /opt/airflow/dags/dag_job_intelligent.py for tasks to queue
[2026-04-29T19:56:35.532+0000] {logging_mixin.py:188} INFO - [2026-04-29T19:56:35.531+0000] {dagbag.py:545} INFO - Filling up the DagBag from /opt/airflow/dags/dag_job_intelligent.py
[2026-04-29T19:56:35.590+0000] {processor.py:840} INFO - DAG(s) 'job_intelligent_pipeline' retrieved from /opt/airflow/dags/dag_job_intelligent.py
[2026-04-29T19:56:35.658+0000] {logging_mixin.py:188} INFO - [2026-04-29T19:56:35.657+0000] {dag.py:3096} INFO - Sync 1 DAGs
[2026-04-29T19:56:35.868+0000] {processor.py:183} INFO - Processing /opt/airflow/dags/dag_job_intelligent.py took 0.358 seconds
[2026-04-29T19:57:06.387+0000] {processor.py:161} INFO - Started process (PID=2148) to work on /opt/airflow/dags/dag_job_intelligent.py
[2026-04-29T19:57:06.389+0000] {processor.py:830} INFO - Processing file /opt/airflow/dags/dag_job_intelligent.py for tasks to queue
[2026-04-29T19:57:06.392+0000] {logging_mixin.py:188} INFO - [2026-04-29T19:57:06.391+0000] {dagbag.py:545} INFO - Filling up the DagBag from /opt/airflow/dags/dag_job_intelligent.py
[2026-04-29T19:57:06.435+0000] {processor.py:840} INFO - DAG(s) 'job_intelligent_pipeline' retrieved from /opt/airflow/dags/dag_job_intelligent.py
[2026-04-29T19:57:06.534+0000] {logging_mixin.py:188} INFO - [2026-04-29T19:57:06.534+0000] {dag.py:3096} INFO - Sync 1 DAGs
[2026-04-29T19:57:06.663+0000] {processor.py:183} INFO - Processing /opt/airflow/dags/dag_job_intelligent.py took 0.289 seconds
[2026-04-29T19:57:37.333+0000] {processor.py:161} INFO - Started process (PID=2163) to work on /opt/airflow/dags/dag_job_intelligent.py
[2026-04-29T19:57:37.335+0000] {processor.py:830} INFO - Processing file /opt/airflow/dags/dag_job_intelligent.py for tasks to queue
[2026-04-29T19:57:37.338+0000] {logging_mixin.py:188} INFO - [2026-04-29T19:57:37.337+0000] {dagbag.py:545} INFO - Filling up the DagBag from /opt/airflow/dags/dag_job_intelligent.py
[2026-04-29T19:57:37.601+0000] {processor.py:840} INFO - DAG(s) 'job_intelligent_pipeline' retrieved from /opt/airflow/dags/dag_job_intelligent.py
[2026-04-29T19:57:37.735+0000] {logging_mixin.py:188} INFO - [2026-04-29T19:57:37.733+0000] {dag.py:3096} INFO - Sync 1 DAGs
[2026-04-29T19:57:37.912+0000] {processor.py:183} INFO - Processing /opt/airflow/dags/dag_job_intelligent.py took 0.593 seconds
[2026-04-29T19:58:08.809+0000] {processor.py:161} INFO - Started process (PID=2171) to work on /opt/airflow/dags/dag_job_intelligent.py
[2026-04-29T19:58:08.811+0000] {processor.py:830} INFO - Processing file /opt/airflow/dags/dag_job_intelligent.py for tasks to queue
[2026-04-29T19:58:08.816+0000] {logging_mixin.py:188} INFO - [2026-04-29T19:58:08.815+0000] {dagbag.py:545} INFO - Filling up the DagBag from /opt/airflow/dags/dag_job_intelligent.py
[2026-04-29T19:58:08.905+0000] {processor.py:840} INFO - DAG(s) 'job_intelligent_pipeline' retrieved from /opt/airflow/dags/dag_job_intelligent.py
[2026-04-29T19:58:09.124+0000] {logging_mixin.py:188} INFO - [2026-04-29T19:58:09.123+0000] {dag.py:3096} INFO - Sync 1 DAGs
[2026-04-29T19:58:09.354+0000] {processor.py:183} INFO - Processing /opt/airflow/dags/dag_job_intelligent.py took 0.576 seconds
[2026-04-29T19:58:40.228+0000] {processor.py:161} INFO - Started process (PID=2186) to work on /opt/airflow/dags/dag_job_intelligent.py
[2026-04-29T19:58:40.230+0000] {processor.py:830} INFO - Processing file /opt/airflow/dags/dag_job_intelligent.py for tasks to queue
[2026-04-29T19:58:40.233+0000] {logging_mixin.py:188} INFO - [2026-04-29T19:58:40.232+0000] {dagbag.py:545} INFO - Filling up the DagBag from /opt/airflow/dags/dag_job_intelligent.py
[2026-04-29T19:58:40.269+0000] {processor.py:840} INFO - DAG(s) 'job_intelligent_pipeline' retrieved from /opt/airflow/dags/dag_job_intelligent.py
[2026-04-29T19:58:40.320+0000] {logging_mixin.py:188} INFO - [2026-04-29T19:58:40.320+0000] {dag.py:3096} INFO - Sync 1 DAGs
[2026-04-29T19:58:40.390+0000] {processor.py:183} INFO - Processing /opt/airflow/dags/dag_job_intelligent.py took 0.173 seconds
[2026-04-29T19:59:10.831+0000] {processor.py:161} INFO - Started process (PID=2201) to work on /opt/airflow/dags/dag_job_intelligent.py
[2026-04-29T19:59:10.832+0000] {processor.py:830} INFO - Processing file /opt/airflow/dags/dag_job_intelligent.py for tasks to queue
[2026-04-29T19:59:10.835+0000] {logging_mixin.py:188} INFO - [2026-04-29T19:59:10.834+0000] {dagbag.py:545} INFO - Filling up the DagBag from /opt/airflow/dags/dag_job_intelligent.py
[2026-04-29T19:59:10.869+0000] {processor.py:840} INFO - DAG(s) 'job_intelligent_pipeline' retrieved from /opt/airflow/dags/dag_job_intelligent.py
[2026-04-29T19:59:10.932+0000] {logging_mixin.py:188} INFO - [2026-04-29T19:59:10.931+0000] {dag.py:3096} INFO - Sync 1 DAGs
[2026-04-29T19:59:11.018+0000] {processor.py:183} INFO - Processing /opt/airflow/dags/dag_job_intelligent.py took 0.198 seconds
[2026-04-29T19:59:41.424+0000] {processor.py:161} INFO - Started process (PID=2209) to work on /opt/airflow/dags/dag_job_intelligent.py
[2026-04-29T19:59:41.426+0000] {processor.py:830} INFO - Processing file /opt/airflow/dags/dag_job_intelligent.py for tasks to queue
[2026-04-29T19:59:41.430+0000] {logging_mixin.py:188} INFO - [2026-04-29T19:59:41.430+0000] {dagbag.py:545} INFO - Filling up the DagBag from /opt/airflow/dags/dag_job_intelligent.py
[2026-04-29T19:59:41.481+0000] {processor.py:840} INFO - DAG(s) 'job_intelligent_pipeline' retrieved from /opt/airflow/dags/dag_job_intelligent.py
[2026-04-29T19:59:41.623+0000] {logging_mixin.py:188} INFO - [2026-04-29T19:59:41.623+0000] {dag.py:3096} INFO - Sync 1 DAGs
[2026-04-29T19:59:41.724+0000] {processor.py:183} INFO - Processing /opt/airflow/dags/dag_job_intelligent.py took 0.314 seconds
[2026-04-29T20:00:11.910+0000] {processor.py:161} INFO - Started process (PID=2223) to work on /opt/airflow/dags/dag_job_intelligent.py
[2026-04-29T20:00:11.912+0000] {processor.py:830} INFO - Processing file /opt/airflow/dags/dag_job_intelligent.py for tasks to queue
[2026-04-29T20:00:11.916+0000] {logging_mixin.py:188} INFO - [2026-04-29T20:00:11.915+0000] {dagbag.py:545} INFO - Filling up the DagBag from /opt/airflow/dags/dag_job_intelligent.py
[2026-04-29T20:00:11.983+0000] {processor.py:840} INFO - DAG(s) 'job_intelligent_pipeline' retrieved from /opt/airflow/dags/dag_job_intelligent.py
[2026-04-29T20:00:12.133+0000] {logging_mixin.py:188} INFO - [2026-04-29T20:00:12.132+0000] {dag.py:3096} INFO - Sync 1 DAGs
[2026-04-29T20:00:12.304+0000] {processor.py:183} INFO - Processing /opt/airflow/dags/dag_job_intelligent.py took 0.407 seconds
[2026-04-29T20:00:42.803+0000] {processor.py:161} INFO - Started process (PID=2231) to work on /opt/airflow/dags/dag_job_intelligent.py
[2026-04-29T20:00:42.805+0000] {processor.py:830} INFO - Processing file /opt/airflow/dags/dag_job_intelligent.py for tasks to queue
[2026-04-29T20:00:42.809+0000] {logging_mixin.py:188} INFO - [2026-04-29T20:00:42.808+0000] {dagbag.py:545} INFO - Filling up the DagBag from /opt/airflow/dags/dag_job_intelligent.py
[2026-04-29T20:00:42.889+0000] {processor.py:840} INFO - DAG(s) 'job_intelligent_pipeline' retrieved from /opt/airflow/dags/dag_job_intelligent.py
[2026-04-29T20:00:43.053+0000] {logging_mixin.py:188} INFO - [2026-04-29T20:00:43.052+0000] {dag.py:3096} INFO - Sync 1 DAGs
[2026-04-29T20:00:43.133+0000] {processor.py:183} INFO - Processing /opt/airflow/dags/dag_job_intelligent.py took 0.342 seconds
[2026-04-29T20:01:13.251+0000] {processor.py:161} INFO - Started process (PID=2246) to work on /opt/airflow/dags/dag_job_intelligent.py
[2026-04-29T20:01:13.252+0000] {processor.py:830} INFO - Processing file /opt/airflow/dags/dag_job_intelligent.py for tasks to queue
[2026-04-29T20:01:13.257+0000] {logging_mixin.py:188} INFO - [2026-04-29T20:01:13.256+0000] {dagbag.py:545} INFO - Filling up the DagBag from /opt/airflow/dags/dag_job_intelligent.py
[2026-04-29T20:01:13.293+0000] {processor.py:840} INFO - DAG(s) 'job_intelligent_pipeline' retrieved from /opt/airflow/dags/dag_job_intelligent.py
[2026-04-29T20:01:13.360+0000] {logging_mixin.py:188} INFO - [2026-04-29T20:01:13.360+0000] {dag.py:3096} INFO - Sync 1 DAGs
[2026-04-29T20:01:13.432+0000] {processor.py:183} INFO - Processing /opt/airflow/dags/dag_job_intelligent.py took 0.193 seconds
[2026-04-29T20:01:43.904+0000] {processor.py:161} INFO - Started process (PID=2255) to work on /opt/airflow/dags/dag_job_intelligent.py
[2026-04-29T20:01:43.906+0000] {processor.py:830} INFO - Processing file /opt/airflow/dags/dag_job_intelligent.py for tasks to queue
[2026-04-29T20:01:43.917+0000] {logging_mixin.py:188} INFO - [2026-04-29T20:01:43.915+0000] {dagbag.py:545} INFO - Filling up the DagBag from /opt/airflow/dags/dag_job_intelligent.py
[2026-04-29T20:01:43.964+0000] {processor.py:840} INFO - DAG(s) 'job_intelligent_pipeline' retrieved from /opt/airflow/dags/dag_job_intelligent.py
[2026-04-29T20:01:44.019+0000] {logging_mixin.py:188} INFO - [2026-04-29T20:01:44.019+0000] {dag.py:3096} INFO - Sync 1 DAGs
[2026-04-29T20:01:44.085+0000] {processor.py:183} INFO - Processing /opt/airflow/dags/dag_job_intelligent.py took 0.203 seconds
[2026-04-29T20:02:14.466+0000] {processor.py:161} INFO - Started process (PID=2269) to work on /opt/airflow/dags/dag_job_intelligent.py
[2026-04-29T20:02:14.468+0000] {processor.py:830} INFO - Processing file /opt/airflow/dags/dag_job_intelligent.py for tasks to queue
[2026-04-29T20:02:14.473+0000] {logging_mixin.py:188} INFO - [2026-04-29T20:02:14.473+0000] {dagbag.py:545} INFO - Filling up the DagBag from /opt/airflow/dags/dag_job_intelligent.py
[2026-04-29T20:02:14.540+0000] {processor.py:840} INFO - DAG(s) 'job_intelligent_pipeline' retrieved from /opt/airflow/dags/dag_job_intelligent.py
[2026-04-29T20:02:14.637+0000] {logging_mixin.py:188} INFO - [2026-04-29T20:02:14.636+0000] {dag.py:3096} INFO - Sync 1 DAGs
[2026-04-29T20:02:14.716+0000] {processor.py:183} INFO - Processing /opt/airflow/dags/dag_job_intelligent.py took 0.275 seconds
[2026-04-29T20:02:45.462+0000] {processor.py:161} INFO - Started process (PID=2277) to work on /opt/airflow/dags/dag_job_intelligent.py
[2026-04-29T20:02:45.465+0000] {processor.py:830} INFO - Processing file /opt/airflow/dags/dag_job_intelligent.py for tasks to queue
[2026-04-29T20:02:45.469+0000] {logging_mixin.py:188} INFO - [2026-04-29T20:02:45.468+0000] {dagbag.py:545} INFO - Filling up the DagBag from /opt/airflow/dags/dag_job_intelligent.py
[2026-04-29T20:02:45.522+0000] {processor.py:840} INFO - DAG(s) 'job_intelligent_pipeline' retrieved from /opt/airflow/dags/dag_job_intelligent.py
[2026-04-29T20:02:45.591+0000] {logging_mixin.py:188} INFO - [2026-04-29T20:02:45.591+0000] {dag.py:3096} INFO - Sync 1 DAGs
[2026-04-29T20:02:45.726+0000] {processor.py:183} INFO - Processing /opt/airflow/dags/dag_job_intelligent.py took 0.277 seconds
[2026-04-29T20:03:16.257+0000] {processor.py:161} INFO - Started process (PID=2291) to work on /opt/airflow/dags/dag_job_intelligent.py
[2026-04-29T20:03:16.260+0000] {processor.py:830} INFO - Processing file /opt/airflow/dags/dag_job_intelligent.py for tasks to queue
[2026-04-29T20:03:16.274+0000] {logging_mixin.py:188} INFO - [2026-04-29T20:03:16.273+0000] {dagbag.py:545} INFO - Filling up the DagBag from /opt/airflow/dags/dag_job_intelligent.py
[2026-04-29T20:03:16.429+0000] {processor.py:840} INFO - DAG(s) 'job_intelligent_pipeline' retrieved from /opt/airflow/dags/dag_job_intelligent.py
[2026-04-29T20:03:16.639+0000] {logging_mixin.py:188} INFO - [2026-04-29T20:03:16.639+0000] {dag.py:3096} INFO - Sync 1 DAGs
[2026-04-29T20:03:16.884+0000] {processor.py:183} INFO - Processing /opt/airflow/dags/dag_job_intelligent.py took 0.678 seconds
[2026-04-29T20:03:47.236+0000] {processor.py:161} INFO - Started process (PID=2299) to work on /opt/airflow/dags/dag_job_intelligent.py
[2026-04-29T20:03:47.239+0000] {processor.py:830} INFO - Processing file /opt/airflow/dags/dag_job_intelligent.py for tasks to queue
[2026-04-29T20:03:47.242+0000] {logging_mixin.py:188} INFO - [2026-04-29T20:03:47.241+0000] {dagbag.py:545} INFO - Filling up the DagBag from /opt/airflow/dags/dag_job_intelligent.py
[2026-04-29T20:03:47.329+0000] {processor.py:840} INFO - DAG(s) 'job_intelligent_pipeline' retrieved from /opt/airflow/dags/dag_job_intelligent.py
[2026-04-29T20:03:47.454+0000] {logging_mixin.py:188} INFO - [2026-04-29T20:03:47.454+0000] {dag.py:3096} INFO - Sync 1 DAGs
[2026-04-29T20:03:47.593+0000] {processor.py:183} INFO - Processing /opt/airflow/dags/dag_job_intelligent.py took 0.370 seconds
[2026-04-29T20:04:18.284+0000] {processor.py:161} INFO - Started process (PID=2319) to work on /opt/airflow/dags/dag_job_intelligent.py
[2026-04-29T20:04:18.289+0000] {processor.py:830} INFO - Processing file /opt/airflow/dags/dag_job_intelligent.py for tasks to queue
[2026-04-29T20:04:18.300+0000] {logging_mixin.py:188} INFO - [2026-04-29T20:04:18.299+0000] {dagbag.py:545} INFO - Filling up the DagBag from /opt/airflow/dags/dag_job_intelligent.py
[2026-04-29T20:04:18.515+0000] {processor.py:840} INFO - DAG(s) 'job_intelligent_pipeline' retrieved from /opt/airflow/dags/dag_job_intelligent.py
[2026-04-29T20:04:18.615+0000] {logging_mixin.py:188} INFO - [2026-04-29T20:04:18.615+0000] {dag.py:3096} INFO - Sync 1 DAGs
[2026-04-29T20:04:18.794+0000] {processor.py:183} INFO - Processing /opt/airflow/dags/dag_job_intelligent.py took 0.557 seconds
[2026-04-29T20:04:50.097+0000] {processor.py:161} INFO - Started process (PID=2339) to work on /opt/airflow/dags/dag_job_intelligent.py
[2026-04-29T20:04:50.101+0000] {processor.py:830} INFO - Processing file /opt/airflow/dags/dag_job_intelligent.py for tasks to queue
[2026-04-29T20:04:50.114+0000] {logging_mixin.py:188} INFO - [2026-04-29T20:04:50.113+0000] {dagbag.py:545} INFO - Filling up the DagBag from /opt/airflow/dags/dag_job_intelligent.py
[2026-04-29T20:04:50.195+0000] {processor.py:840} INFO - DAG(s) 'job_intelligent_pipeline' retrieved from /opt/airflow/dags/dag_job_intelligent.py
[2026-04-29T20:04:50.332+0000] {logging_mixin.py:188} INFO - [2026-04-29T20:04:50.331+0000] {dag.py:3096} INFO - Sync 1 DAGs
[2026-04-29T20:04:50.441+0000] {processor.py:183} INFO - Processing /opt/airflow/dags/dag_job_intelligent.py took 0.407 seconds
[2026-04-29T20:05:20.750+0000] {processor.py:161} INFO - Started process (PID=2353) to work on /opt/airflow/dags/dag_job_intelligent.py
[2026-04-29T20:05:20.752+0000] {processor.py:830} INFO - Processing file /opt/airflow/dags/dag_job_intelligent.py for tasks to queue
[2026-04-29T20:05:20.758+0000] {logging_mixin.py:188} INFO - [2026-04-29T20:05:20.756+0000] {dagbag.py:545} INFO - Filling up the DagBag from /opt/airflow/dags/dag_job_intelligent.py
[2026-04-29T20:05:20.805+0000] {processor.py:840} INFO - DAG(s) 'job_intelligent_pipeline' retrieved from /opt/airflow/dags/dag_job_intelligent.py
[2026-04-29T20:05:20.939+0000] {logging_mixin.py:188} INFO - [2026-04-29T20:05:20.939+0000] {dag.py:3096} INFO - Sync 1 DAGs
[2026-04-29T20:05:21.187+0000] {processor.py:183} INFO - Processing /opt/airflow/dags/dag_job_intelligent.py took 0.453 seconds
[2026-04-29T20:05:52.230+0000] {processor.py:161} INFO - Started process (PID=2368) to work on /opt/airflow/dags/dag_job_intelligent.py
[2026-04-29T20:05:52.237+0000] {processor.py:830} INFO - Processing file /opt/airflow/dags/dag_job_intelligent.py for tasks to queue
[2026-04-29T20:05:52.244+0000] {logging_mixin.py:188} INFO - [2026-04-29T20:05:52.243+0000] {dagbag.py:545} INFO - Filling up the DagBag from /opt/airflow/dags/dag_job_intelligent.py
[2026-04-29T20:05:52.355+0000] {processor.py:840} INFO - DAG(s) 'job_intelligent_pipeline' retrieved from /opt/airflow/dags/dag_job_intelligent.py
[2026-04-29T20:05:52.553+0000] {logging_mixin.py:188} INFO - [2026-04-29T20:05:52.553+0000] {dag.py:3096} INFO - Sync 1 DAGs
[2026-04-29T20:05:52.837+0000] {processor.py:183} INFO - Processing /opt/airflow/dags/dag_job_intelligent.py took 0.628 seconds
[2026-04-29T20:06:23.299+0000] {processor.py:161} INFO - Started process (PID=2382) to work on /opt/airflow/dags/dag_job_intelligent.py
[2026-04-29T20:06:23.313+0000] {processor.py:830} INFO - Processing file /opt/airflow/dags/dag_job_intelligent.py for tasks to queue
[2026-04-29T20:06:23.359+0000] {logging_mixin.py:188} INFO - [2026-04-29T20:06:23.343+0000] {dagbag.py:545} INFO - Filling up the DagBag from /opt/airflow/dags/dag_job_intelligent.py
[2026-04-29T20:06:23.595+0000] {processor.py:840} INFO - DAG(s) 'job_intelligent_pipeline' retrieved from /opt/airflow/dags/dag_job_intelligent.py
[2026-04-29T20:06:23.782+0000] {logging_mixin.py:188} INFO - [2026-04-29T20:06:23.781+0000] {dag.py:3096} INFO - Sync 1 DAGs
[2026-04-29T20:06:24.180+0000] {processor.py:183} INFO - Processing /opt/airflow/dags/dag_job_intelligent.py took 0.922 seconds
[2026-04-29T20:06:54.920+0000] {processor.py:161} INFO - Started process (PID=2396) to work on /opt/airflow/dags/dag_job_intelligent.py
[2026-04-29T20:06:54.922+0000] {processor.py:830} INFO - Processing file /opt/airflow/dags/dag_job_intelligent.py for tasks to queue
[2026-04-29T20:06:54.937+0000] {logging_mixin.py:188} INFO - [2026-04-29T20:06:54.925+0000] {dagbag.py:545} INFO - Filling up the DagBag from /opt/airflow/dags/dag_job_intelligent.py
[2026-04-29T20:06:54.998+0000] {processor.py:840} INFO - DAG(s) 'job_intelligent_pipeline' retrieved from /opt/airflow/dags/dag_job_intelligent.py
[2026-04-29T20:06:55.094+0000] {logging_mixin.py:188} INFO - [2026-04-29T20:06:55.093+0000] {dag.py:3096} INFO - Sync 1 DAGs
[2026-04-29T20:06:55.279+0000] {processor.py:183} INFO - Processing /opt/airflow/dags/dag_job_intelligent.py took 0.389 seconds
[2026-04-29T20:07:25.688+0000] {processor.py:161} INFO - Started process (PID=2410) to work on /opt/airflow/dags/dag_job_intelligent.py
[2026-04-29T20:07:25.690+0000] {processor.py:830} INFO - Processing file /opt/airflow/dags/dag_job_intelligent.py for tasks to queue
[2026-04-29T20:07:25.693+0000] {logging_mixin.py:188} INFO - [2026-04-29T20:07:25.693+0000] {dagbag.py:545} INFO - Filling up the DagBag from /opt/airflow/dags/dag_job_intelligent.py
[2026-04-29T20:07:25.811+0000] {processor.py:840} INFO - DAG(s) 'job_intelligent_pipeline' retrieved from /opt/airflow/dags/dag_job_intelligent.py
[2026-04-29T20:07:26.215+0000] {logging_mixin.py:188} INFO - [2026-04-29T20:07:26.214+0000] {dag.py:3096} INFO - Sync 1 DAGs
[2026-04-29T20:07:26.655+0000] {processor.py:183} INFO - Processing /opt/airflow/dags/dag_job_intelligent.py took 1.009 seconds
[2026-04-29T20:07:57.864+0000] {processor.py:161} INFO - Started process (PID=2425) to work on /opt/airflow/dags/dag_job_intelligent.py
[2026-04-29T20:07:57.866+0000] {processor.py:830} INFO - Processing file /opt/airflow/dags/dag_job_intelligent.py for tasks to queue
[2026-04-29T20:07:57.870+0000] {logging_mixin.py:188} INFO - [2026-04-29T20:07:57.869+0000] {dagbag.py:545} INFO - Filling up the DagBag from /opt/airflow/dags/dag_job_intelligent.py
[2026-04-29T20:07:58.035+0000] {processor.py:840} INFO - DAG(s) 'job_intelligent_pipeline' retrieved from /opt/airflow/dags/dag_job_intelligent.py
[2026-04-29T20:07:58.343+0000] {logging_mixin.py:188} INFO - [2026-04-29T20:07:58.332+0000] {dag.py:3096} INFO - Sync 1 DAGs
[2026-04-29T20:07:59.015+0000] {processor.py:183} INFO - Processing /opt/airflow/dags/dag_job_intelligent.py took 1.188 seconds
[2026-04-29T20:08:29.172+0000] {processor.py:161} INFO - Started process (PID=2433) to work on /opt/airflow/dags/dag_job_intelligent.py
[2026-04-29T20:08:29.174+0000] {processor.py:830} INFO - Processing file /opt/airflow/dags/dag_job_intelligent.py for tasks to queue
[2026-04-29T20:08:29.183+0000] {logging_mixin.py:188} INFO - [2026-04-29T20:08:29.182+0000] {dagbag.py:545} INFO - Filling up the DagBag from /opt/airflow/dags/dag_job_intelligent.py
[2026-04-29T20:08:29.223+0000] {processor.py:840} INFO - DAG(s) 'job_intelligent_pipeline' retrieved from /opt/airflow/dags/dag_job_intelligent.py
[2026-04-29T20:08:29.351+0000] {logging_mixin.py:188} INFO - [2026-04-29T20:08:29.351+0000] {dag.py:3096} INFO - Sync 1 DAGs
[2026-04-29T20:08:29.626+0000] {processor.py:183} INFO - Processing /opt/airflow/dags/dag_job_intelligent.py took 0.470 seconds
[2026-04-29T20:08:59.918+0000] {processor.py:161} INFO - Started process (PID=2446) to work on /opt/airflow/dags/dag_job_intelligent.py
[2026-04-29T20:08:59.919+0000] {processor.py:830} INFO - Processing file /opt/airflow/dags/dag_job_intelligent.py for tasks to queue
[2026-04-29T20:08:59.923+0000] {logging_mixin.py:188} INFO - [2026-04-29T20:08:59.923+0000] {dagbag.py:545} INFO - Filling up the DagBag from /opt/airflow/dags/dag_job_intelligent.py
[2026-04-29T20:08:59.967+0000] {processor.py:840} INFO - DAG(s) 'job_intelligent_pipeline' retrieved from /opt/airflow/dags/dag_job_intelligent.py
[2026-04-29T20:09:00.090+0000] {logging_mixin.py:188} INFO - [2026-04-29T20:09:00.090+0000] {dag.py:3096} INFO - Sync 1 DAGs
[2026-04-29T20:09:00.218+0000] {processor.py:183} INFO - Processing /opt/airflow/dags/dag_job_intelligent.py took 0.311 seconds
[2026-04-29T20:09:30.646+0000] {processor.py:161} INFO - Started process (PID=2454) to work on /opt/airflow/dags/dag_job_intelligent.py
[2026-04-29T20:09:30.654+0000] {processor.py:830} INFO - Processing file /opt/airflow/dags/dag_job_intelligent.py for tasks to queue
[2026-04-29T20:09:30.662+0000] {logging_mixin.py:188} INFO - [2026-04-29T20:09:30.661+0000] {dagbag.py:545} INFO - Filling up the DagBag from /opt/airflow/dags/dag_job_intelligent.py
[2026-04-29T20:09:30.719+0000] {processor.py:840} INFO - DAG(s) 'job_intelligent_pipeline' retrieved from /opt/airflow/dags/dag_job_intelligent.py
[2026-04-29T20:09:30.809+0000] {logging_mixin.py:188} INFO - [2026-04-29T20:09:30.808+0000] {dag.py:3096} INFO - Sync 1 DAGs
[2026-04-29T20:09:30.965+0000] {processor.py:183} INFO - Processing /opt/airflow/dags/dag_job_intelligent.py took 0.341 seconds
[2026-04-29T20:10:02.368+0000] {processor.py:161} INFO - Started process (PID=2468) to work on /opt/airflow/dags/dag_job_intelligent.py
[2026-04-29T20:10:02.371+0000] {processor.py:830} INFO - Processing file /opt/airflow/dags/dag_job_intelligent.py for tasks to queue
[2026-04-29T20:10:02.375+0000] {logging_mixin.py:188} INFO - [2026-04-29T20:10:02.375+0000] {dagbag.py:545} INFO - Filling up the DagBag from /opt/airflow/dags/dag_job_intelligent.py
[2026-04-29T20:10:02.870+0000] {processor.py:840} INFO - DAG(s) 'job_intelligent_pipeline' retrieved from /opt/airflow/dags/dag_job_intelligent.py
[2026-04-29T20:10:03.058+0000] {logging_mixin.py:188} INFO - [2026-04-29T20:10:03.058+0000] {dag.py:3096} INFO - Sync 1 DAGs
[2026-04-29T20:10:03.431+0000] {processor.py:183} INFO - Processing /opt/airflow/dags/dag_job_intelligent.py took 1.088 seconds
[2026-04-29T20:10:35.679+0000] {processor.py:161} INFO - Started process (PID=2476) to work on /opt/airflow/dags/dag_job_intelligent.py
[2026-04-29T20:10:35.768+0000] {processor.py:830} INFO - Processing file /opt/airflow/dags/dag_job_intelligent.py for tasks to queue
[2026-04-29T20:10:35.818+0000] {logging_mixin.py:188} INFO - [2026-04-29T20:10:35.817+0000] {dagbag.py:545} INFO - Filling up the DagBag from /opt/airflow/dags/dag_job_intelligent.py
[2026-04-29T20:10:36.182+0000] {processor.py:840} INFO - DAG(s) 'job_intelligent_pipeline' retrieved from /opt/airflow/dags/dag_job_intelligent.py
[2026-04-29T20:10:36.381+0000] {logging_mixin.py:188} INFO - [2026-04-29T20:10:36.380+0000] {dag.py:3096} INFO - Sync 1 DAGs
[2026-04-29T20:10:36.734+0000] {processor.py:183} INFO - Processing /opt/airflow/dags/dag_job_intelligent.py took 1.088 seconds
[2026-04-29T20:11:08.370+0000] {processor.py:161} INFO - Started process (PID=2490) to work on /opt/airflow/dags/dag_job_intelligent.py
[2026-04-29T20:11:08.398+0000] {processor.py:830} INFO - Processing file /opt/airflow/dags/dag_job_intelligent.py for tasks to queue
[2026-04-29T20:11:08.435+0000] {logging_mixin.py:188} INFO - [2026-04-29T20:11:08.434+0000] {dagbag.py:545} INFO - Filling up the DagBag from /opt/airflow/dags/dag_job_intelligent.py
[2026-04-29T20:11:11.470+0000] {processor.py:840} INFO - DAG(s) 'job_intelligent_pipeline' retrieved from /opt/airflow/dags/dag_job_intelligent.py
[2026-04-29T20:11:12.203+0000] {logging_mixin.py:188} INFO - [2026-04-29T20:11:12.202+0000] {dag.py:3096} INFO - Sync 1 DAGs
[2026-04-29T20:11:12.718+0000] {processor.py:183} INFO - Processing /opt/airflow/dags/dag_job_intelligent.py took 4.382 seconds
[2026-04-29T20:11:42.931+0000] {processor.py:161} INFO - Started process (PID=2513) to work on /opt/airflow/dags/dag_job_intelligent.py
[2026-04-29T20:11:42.933+0000] {processor.py:830} INFO - Processing file /opt/airflow/dags/dag_job_intelligent.py for tasks to queue
[2026-04-29T20:11:42.936+0000] {logging_mixin.py:188} INFO - [2026-04-29T20:11:42.935+0000] {dagbag.py:545} INFO - Filling up the DagBag from /opt/airflow/dags/dag_job_intelligent.py
[2026-04-29T20:11:42.980+0000] {processor.py:840} INFO - DAG(s) 'job_intelligent_pipeline' retrieved from /opt/airflow/dags/dag_job_intelligent.py
[2026-04-29T20:11:43.089+0000] {logging_mixin.py:188} INFO - [2026-04-29T20:11:43.088+0000] {dag.py:3096} INFO - Sync 1 DAGs
[2026-04-29T20:11:43.225+0000] {processor.py:183} INFO - Processing /opt/airflow/dags/dag_job_intelligent.py took 0.310 seconds
[2026-04-29T20:12:13.549+0000] {processor.py:161} INFO - Started process (PID=2520) to work on /opt/airflow/dags/dag_job_intelligent.py
[2026-04-29T20:12:13.556+0000] {processor.py:830} INFO - Processing file /opt/airflow/dags/dag_job_intelligent.py for tasks to queue
[2026-04-29T20:12:13.596+0000] {logging_mixin.py:188} INFO - [2026-04-29T20:12:13.567+0000] {dagbag.py:545} INFO - Filling up the DagBag from /opt/airflow/dags/dag_job_intelligent.py
[2026-04-29T20:12:13.989+0000] {processor.py:840} INFO - DAG(s) 'job_intelligent_pipeline' retrieved from /opt/airflow/dags/dag_job_intelligent.py
[2026-04-29T20:12:14.373+0000] {logging_mixin.py:188} INFO - [2026-04-29T20:12:14.372+0000] {dag.py:3096} INFO - Sync 1 DAGs
[2026-04-29T20:12:14.985+0000] {processor.py:183} INFO - Processing /opt/airflow/dags/dag_job_intelligent.py took 1.517 seconds
[2026-04-29T20:12:45.557+0000] {processor.py:161} INFO - Started process (PID=2534) to work on /opt/airflow/dags/dag_job_intelligent.py
[2026-04-29T20:12:45.559+0000] {processor.py:830} INFO - Processing file /opt/airflow/dags/dag_job_intelligent.py for tasks to queue
[2026-04-29T20:12:45.568+0000] {logging_mixin.py:188} INFO - [2026-04-29T20:12:45.567+0000] {dagbag.py:545} INFO - Filling up the DagBag from /opt/airflow/dags/dag_job_intelligent.py
[2026-04-29T20:12:45.617+0000] {processor.py:840} INFO - DAG(s) 'job_intelligent_pipeline' retrieved from /opt/airflow/dags/dag_job_intelligent.py
[2026-04-29T20:12:45.722+0000] {logging_mixin.py:188} INFO - [2026-04-29T20:12:45.721+0000] {dag.py:3096} INFO - Sync 1 DAGs
[2026-04-29T20:12:45.959+0000] {processor.py:183} INFO - Processing /opt/airflow/dags/dag_job_intelligent.py took 0.420 seconds
[2026-04-29T20:13:17.936+0000] {processor.py:161} INFO - Started process (PID=2542) to work on /opt/airflow/dags/dag_job_intelligent.py
[2026-04-29T20:13:17.943+0000] {processor.py:830} INFO - Processing file /opt/airflow/dags/dag_job_intelligent.py for tasks to queue
[2026-04-29T20:13:17.949+0000] {logging_mixin.py:188} INFO - [2026-04-29T20:13:17.947+0000] {dagbag.py:545} INFO - Filling up the DagBag from /opt/airflow/dags/dag_job_intelligent.py
[2026-04-29T20:13:18.188+0000] {processor.py:840} INFO - DAG(s) 'job_intelligent_pipeline' retrieved from /opt/airflow/dags/dag_job_intelligent.py
[2026-04-29T20:13:18.426+0000] {logging_mixin.py:188} INFO - [2026-04-29T20:13:18.426+0000] {dag.py:3096} INFO - Sync 1 DAGs
[2026-04-29T20:13:18.918+0000] {processor.py:183} INFO - Processing /opt/airflow/dags/dag_job_intelligent.py took 1.057 seconds
[2026-04-29T20:13:49.185+0000] {processor.py:161} INFO - Started process (PID=2556) to work on /opt/airflow/dags/dag_job_intelligent.py
[2026-04-29T20:13:49.187+0000] {processor.py:830} INFO - Processing file /opt/airflow/dags/dag_job_intelligent.py for tasks to queue
[2026-04-29T20:13:49.191+0000] {logging_mixin.py:188} INFO - [2026-04-29T20:13:49.190+0000] {dagbag.py:545} INFO - Filling up the DagBag from /opt/airflow/dags/dag_job_intelligent.py
[2026-04-29T20:13:49.277+0000] {processor.py:840} INFO - DAG(s) 'job_intelligent_pipeline' retrieved from /opt/airflow/dags/dag_job_intelligent.py
[2026-04-29T20:13:49.372+0000] {logging_mixin.py:188} INFO - [2026-04-29T20:13:49.371+0000] {dag.py:3096} INFO - Sync 1 DAGs
[2026-04-29T20:13:49.462+0000] {processor.py:183} INFO - Processing /opt/airflow/dags/dag_job_intelligent.py took 0.297 seconds
[2026-04-29T20:14:19.994+0000] {processor.py:161} INFO - Started process (PID=2564) to work on /opt/airflow/dags/dag_job_intelligent.py
[2026-04-29T20:14:19.996+0000] {processor.py:830} INFO - Processing file /opt/airflow/dags/dag_job_intelligent.py for tasks to queue
[2026-04-29T20:14:20.001+0000] {logging_mixin.py:188} INFO - [2026-04-29T20:14:20.000+0000] {dagbag.py:545} INFO - Filling up the DagBag from /opt/airflow/dags/dag_job_intelligent.py
[2026-04-29T20:14:20.047+0000] {processor.py:840} INFO - DAG(s) 'job_intelligent_pipeline' retrieved from /opt/airflow/dags/dag_job_intelligent.py
[2026-04-29T20:14:20.136+0000] {logging_mixin.py:188} INFO - [2026-04-29T20:14:20.135+0000] {dag.py:3096} INFO - Sync 1 DAGs
[2026-04-29T20:14:20.215+0000] {processor.py:183} INFO - Processing /opt/airflow/dags/dag_job_intelligent.py took 0.237 seconds
[2026-04-29T20:14:50.683+0000] {processor.py:161} INFO - Started process (PID=2579) to work on /opt/airflow/dags/dag_job_intelligent.py
[2026-04-29T20:14:50.685+0000] {processor.py:830} INFO - Processing file /opt/airflow/dags/dag_job_intelligent.py for tasks to queue
[2026-04-29T20:14:50.689+0000] {logging_mixin.py:188} INFO - [2026-04-29T20:14:50.688+0000] {dagbag.py:545} INFO - Filling up the DagBag from /opt/airflow/dags/dag_job_intelligent.py
[2026-04-29T20:14:50.752+0000] {processor.py:840} INFO - DAG(s) 'job_intelligent_pipeline' retrieved from /opt/airflow/dags/dag_job_intelligent.py
[2026-04-29T20:14:50.839+0000] {logging_mixin.py:188} INFO - [2026-04-29T20:14:50.839+0000] {dag.py:3096} INFO - Sync 1 DAGs
[2026-04-29T20:14:50.917+0000] {processor.py:183} INFO - Processing /opt/airflow/dags/dag_job_intelligent.py took 0.251 seconds
[2026-04-29T20:15:21.173+0000] {processor.py:161} INFO - Started process (PID=2587) to work on /opt/airflow/dags/dag_job_intelligent.py
[2026-04-29T20:15:21.183+0000] {processor.py:830} INFO - Processing file /opt/airflow/dags/dag_job_intelligent.py for tasks to queue
[2026-04-29T20:15:21.190+0000] {logging_mixin.py:188} INFO - [2026-04-29T20:15:21.190+0000] {dagbag.py:545} INFO - Filling up the DagBag from /opt/airflow/dags/dag_job_intelligent.py
[2026-04-29T20:15:21.302+0000] {processor.py:840} INFO - DAG(s) 'job_intelligent_pipeline' retrieved from /opt/airflow/dags/dag_job_intelligent.py
[2026-04-29T20:15:21.748+0000] {logging_mixin.py:188} INFO - [2026-04-29T20:15:21.747+0000] {dag.py:3096} INFO - Sync 1 DAGs
[2026-04-29T20:15:21.929+0000] {processor.py:183} INFO - Processing /opt/airflow/dags/dag_job_intelligent.py took 0.806 seconds
[2026-04-29T20:15:52.590+0000] {processor.py:161} INFO - Started process (PID=2603) to work on /opt/airflow/dags/dag_job_intelligent.py
[2026-04-29T20:15:52.592+0000] {processor.py:830} INFO - Processing file /opt/airflow/dags/dag_job_intelligent.py for tasks to queue
[2026-04-29T20:15:52.595+0000] {logging_mixin.py:188} INFO - [2026-04-29T20:15:52.594+0000] {dagbag.py:545} INFO - Filling up the DagBag from /opt/airflow/dags/dag_job_intelligent.py
[2026-04-29T20:15:52.636+0000] {processor.py:840} INFO - DAG(s) 'job_intelligent_pipeline' retrieved from /opt/airflow/dags/dag_job_intelligent.py
[2026-04-29T20:15:52.703+0000] {logging_mixin.py:188} INFO - [2026-04-29T20:15:52.702+0000] {dag.py:3096} INFO - Sync 1 DAGs
[2026-04-29T20:15:52.790+0000] {processor.py:183} INFO - Processing /opt/airflow/dags/dag_job_intelligent.py took 0.214 seconds
[2026-04-29T20:16:23.123+0000] {processor.py:161} INFO - Started process (PID=2617) to work on /opt/airflow/dags/dag_job_intelligent.py
[2026-04-29T20:16:23.125+0000] {processor.py:830} INFO - Processing file /opt/airflow/dags/dag_job_intelligent.py for tasks to queue
[2026-04-29T20:16:23.130+0000] {logging_mixin.py:188} INFO - [2026-04-29T20:16:23.129+0000] {dagbag.py:545} INFO - Filling up the DagBag from /opt/airflow/dags/dag_job_intelligent.py
[2026-04-29T20:16:23.177+0000] {processor.py:840} INFO - DAG(s) 'job_intelligent_pipeline' retrieved from /opt/airflow/dags/dag_job_intelligent.py
[2026-04-29T20:16:23.291+0000] {logging_mixin.py:188} INFO - [2026-04-29T20:16:23.291+0000] {dag.py:3096} INFO - Sync 1 DAGs
[2026-04-29T20:16:23.528+0000] {processor.py:183} INFO - Processing /opt/airflow/dags/dag_job_intelligent.py took 0.419 seconds
[2026-04-29T20:16:54.426+0000] {processor.py:161} INFO - Started process (PID=2625) to work on /opt/airflow/dags/dag_job_intelligent.py
[2026-04-29T20:16:54.428+0000] {processor.py:830} INFO - Processing file /opt/airflow/dags/dag_job_intelligent.py for tasks to queue
[2026-04-29T20:16:54.432+0000] {logging_mixin.py:188} INFO - [2026-04-29T20:16:54.431+0000] {dagbag.py:545} INFO - Filling up the DagBag from /opt/airflow/dags/dag_job_intelligent.py
[2026-04-29T20:16:54.480+0000] {processor.py:840} INFO - DAG(s) 'job_intelligent_pipeline' retrieved from /opt/airflow/dags/dag_job_intelligent.py
[2026-04-29T20:16:54.545+0000] {logging_mixin.py:188} INFO - [2026-04-29T20:16:54.545+0000] {dag.py:3096} INFO - Sync 1 DAGs
[2026-04-29T20:16:54.623+0000] {processor.py:183} INFO - Processing /opt/airflow/dags/dag_job_intelligent.py took 0.211 seconds
[2026-04-29T20:17:25.368+0000] {processor.py:161} INFO - Started process (PID=2639) to work on /opt/airflow/dags/dag_job_intelligent.py
[2026-04-29T20:17:25.371+0000] {processor.py:830} INFO - Processing file /opt/airflow/dags/dag_job_intelligent.py for tasks to queue
[2026-04-29T20:17:25.377+0000] {logging_mixin.py:188} INFO - [2026-04-29T20:17:25.376+0000] {dagbag.py:545} INFO - Filling up the DagBag from /opt/airflow/dags/dag_job_intelligent.py
[2026-04-29T20:17:25.442+0000] {processor.py:840} INFO - DAG(s) 'job_intelligent_pipeline' retrieved from /opt/airflow/dags/dag_job_intelligent.py
[2026-04-29T20:17:25.645+0000] {logging_mixin.py:188} INFO - [2026-04-29T20:17:25.644+0000] {dag.py:3096} INFO - Sync 1 DAGs
[2026-04-29T20:17:25.799+0000] {processor.py:183} INFO - Processing /opt/airflow/dags/dag_job_intelligent.py took 0.444 seconds
[2026-04-29T20:17:56.644+0000] {processor.py:161} INFO - Started process (PID=2646) to work on /opt/airflow/dags/dag_job_intelligent.py
[2026-04-29T20:17:56.650+0000] {processor.py:830} INFO - Processing file /opt/airflow/dags/dag_job_intelligent.py for tasks to queue
[2026-04-29T20:17:56.677+0000] {logging_mixin.py:188} INFO - [2026-04-29T20:17:56.676+0000] {dagbag.py:545} INFO - Filling up the DagBag from /opt/airflow/dags/dag_job_intelligent.py
[2026-04-29T20:17:56.820+0000] {processor.py:840} INFO - DAG(s) 'job_intelligent_pipeline' retrieved from /opt/airflow/dags/dag_job_intelligent.py
[2026-04-29T20:17:57.073+0000] {logging_mixin.py:188} INFO - [2026-04-29T20:17:57.073+0000] {dag.py:3096} INFO - Sync 1 DAGs
[2026-04-29T20:17:57.427+0000] {processor.py:183} INFO - Processing /opt/airflow/dags/dag_job_intelligent.py took 0.836 seconds
[2026-04-29T20:18:28.252+0000] {processor.py:161} INFO - Started process (PID=2659) to work on /opt/airflow/dags/dag_job_intelligent.py
[2026-04-29T20:18:28.254+0000] {processor.py:830} INFO - Processing file /opt/airflow/dags/dag_job_intelligent.py for tasks to queue
[2026-04-29T20:18:28.258+0000] {logging_mixin.py:188} INFO - [2026-04-29T20:18:28.258+0000] {dagbag.py:545} INFO - Filling up the DagBag from /opt/airflow/dags/dag_job_intelligent.py
[2026-04-29T20:18:28.301+0000] {processor.py:840} INFO - DAG(s) 'job_intelligent_pipeline' retrieved from /opt/airflow/dags/dag_job_intelligent.py
[2026-04-29T20:18:28.368+0000] {logging_mixin.py:188} INFO - [2026-04-29T20:18:28.367+0000] {dag.py:3096} INFO - Sync 1 DAGs
[2026-04-29T20:18:28.520+0000] {processor.py:183} INFO - Processing /opt/airflow/dags/dag_job_intelligent.py took 0.283 seconds
[2026-04-29T20:18:59.222+0000] {processor.py:161} INFO - Started process (PID=2667) to work on /opt/airflow/dags/dag_job_intelligent.py
[2026-04-29T20:18:59.225+0000] {processor.py:830} INFO - Processing file /opt/airflow/dags/dag_job_intelligent.py for tasks to queue
[2026-04-29T20:18:59.229+0000] {logging_mixin.py:188} INFO - [2026-04-29T20:18:59.228+0000] {dagbag.py:545} INFO - Filling up the DagBag from /opt/airflow/dags/dag_job_intelligent.py
[2026-04-29T20:18:59.276+0000] {processor.py:840} INFO - DAG(s) 'job_intelligent_pipeline' retrieved from /opt/airflow/dags/dag_job_intelligent.py
[2026-04-29T20:18:59.399+0000] {logging_mixin.py:188} INFO - [2026-04-29T20:18:59.398+0000] {dag.py:3096} INFO - Sync 1 DAGs
[2026-04-29T20:18:59.533+0000] {processor.py:183} INFO - Processing /opt/airflow/dags/dag_job_intelligent.py took 0.326 seconds
[2026-04-29T20:19:30.467+0000] {processor.py:161} INFO - Started process (PID=2681) to work on /opt/airflow/dags/dag_job_intelligent.py
[2026-04-29T20:19:30.495+0000] {processor.py:830} INFO - Processing file /opt/airflow/dags/dag_job_intelligent.py for tasks to queue
[2026-04-29T20:19:30.502+0000] {logging_mixin.py:188} INFO - [2026-04-29T20:19:30.501+0000] {dagbag.py:545} INFO - Filling up the DagBag from /opt/airflow/dags/dag_job_intelligent.py
[2026-04-29T20:19:30.687+0000] {processor.py:840} INFO - DAG(s) 'job_intelligent_pipeline' retrieved from /opt/airflow/dags/dag_job_intelligent.py
[2026-04-29T20:19:30.814+0000] {logging_mixin.py:188} INFO - [2026-04-29T20:19:30.814+0000] {dag.py:3096} INFO - Sync 1 DAGs
[2026-04-29T20:19:30.976+0000] {processor.py:183} INFO - Processing /opt/airflow/dags/dag_job_intelligent.py took 0.539 seconds
[2026-04-29T20:20:01.526+0000] {processor.py:161} INFO - Started process (PID=2690) to work on /opt/airflow/dags/dag_job_intelligent.py
[2026-04-29T20:20:01.543+0000] {processor.py:830} INFO - Processing file /opt/airflow/dags/dag_job_intelligent.py for tasks to queue
[2026-04-29T20:20:01.562+0000] {logging_mixin.py:188} INFO - [2026-04-29T20:20:01.561+0000] {dagbag.py:545} INFO - Filling up the DagBag from /opt/airflow/dags/dag_job_intelligent.py
[2026-04-29T20:20:01.721+0000] {processor.py:840} INFO - DAG(s) 'job_intelligent_pipeline' retrieved from /opt/airflow/dags/dag_job_intelligent.py
[2026-04-29T20:20:01.841+0000] {logging_mixin.py:188} INFO - [2026-04-29T20:20:01.841+0000] {dag.py:3096} INFO - Sync 1 DAGs
[2026-04-29T20:20:02.275+0000] {processor.py:183} INFO - Processing /opt/airflow/dags/dag_job_intelligent.py took 0.802 seconds
[2026-04-29T20:20:33.182+0000] {processor.py:161} INFO - Started process (PID=2704) to work on /opt/airflow/dags/dag_job_intelligent.py
[2026-04-29T20:20:33.184+0000] {processor.py:830} INFO - Processing file /opt/airflow/dags/dag_job_intelligent.py for tasks to queue
[2026-04-29T20:20:33.190+0000] {logging_mixin.py:188} INFO - [2026-04-29T20:20:33.189+0000] {dagbag.py:545} INFO - Filling up the DagBag from /opt/airflow/dags/dag_job_intelligent.py
[2026-04-29T20:20:33.296+0000] {processor.py:840} INFO - DAG(s) 'job_intelligent_pipeline' retrieved from /opt/airflow/dags/dag_job_intelligent.py
[2026-04-29T20:20:33.575+0000] {logging_mixin.py:188} INFO - [2026-04-29T20:20:33.575+0000] {dag.py:3096} INFO - Sync 1 DAGs
[2026-04-29T20:20:34.016+0000] {processor.py:183} INFO - Processing /opt/airflow/dags/dag_job_intelligent.py took 0.852 seconds
[2026-04-29T20:21:05.039+0000] {processor.py:161} INFO - Started process (PID=2712) to work on /opt/airflow/dags/dag_job_intelligent.py
[2026-04-29T20:21:05.041+0000] {processor.py:830} INFO - Processing file /opt/airflow/dags/dag_job_intelligent.py for tasks to queue
[2026-04-29T20:21:05.046+0000] {logging_mixin.py:188} INFO - [2026-04-29T20:21:05.043+0000] {dagbag.py:545} INFO - Filling up the DagBag from /opt/airflow/dags/dag_job_intelligent.py
[2026-04-29T20:21:05.134+0000] {processor.py:840} INFO - DAG(s) 'job_intelligent_pipeline' retrieved from /opt/airflow/dags/dag_job_intelligent.py
[2026-04-29T20:21:05.314+0000] {logging_mixin.py:188} INFO - [2026-04-29T20:21:05.313+0000] {dag.py:3096} INFO - Sync 1 DAGs
[2026-04-29T20:21:05.765+0000] {processor.py:183} INFO - Processing /opt/airflow/dags/dag_job_intelligent.py took 0.741 seconds
[2026-04-29T20:21:36.775+0000] {processor.py:161} INFO - Started process (PID=2726) to work on /opt/airflow/dags/dag_job_intelligent.py
[2026-04-29T20:21:36.778+0000] {processor.py:830} INFO - Processing file /opt/airflow/dags/dag_job_intelligent.py for tasks to queue
[2026-04-29T20:21:36.782+0000] {logging_mixin.py:188} INFO - [2026-04-29T20:21:36.781+0000] {dagbag.py:545} INFO - Filling up the DagBag from /opt/airflow/dags/dag_job_intelligent.py
[2026-04-29T20:21:36.848+0000] {processor.py:840} INFO - DAG(s) 'job_intelligent_pipeline' retrieved from /opt/airflow/dags/dag_job_intelligent.py
[2026-04-29T20:21:37.028+0000] {logging_mixin.py:188} INFO - [2026-04-29T20:21:37.027+0000] {dag.py:3096} INFO - Sync 1 DAGs
[2026-04-29T20:21:37.171+0000] {processor.py:183} INFO - Processing /opt/airflow/dags/dag_job_intelligent.py took 0.414 seconds
[2026-04-29T20:22:07.548+0000] {processor.py:161} INFO - Started process (PID=2740) to work on /opt/airflow/dags/dag_job_intelligent.py
[2026-04-29T20:22:07.576+0000] {processor.py:830} INFO - Processing file /opt/airflow/dags/dag_job_intelligent.py for tasks to queue
[2026-04-29T20:22:07.582+0000] {logging_mixin.py:188} INFO - [2026-04-29T20:22:07.581+0000] {dagbag.py:545} INFO - Filling up the DagBag from /opt/airflow/dags/dag_job_intelligent.py
[2026-04-29T20:22:07.742+0000] {processor.py:840} INFO - DAG(s) 'job_intelligent_pipeline' retrieved from /opt/airflow/dags/dag_job_intelligent.py
[2026-04-29T20:22:07.978+0000] {logging_mixin.py:188} INFO - [2026-04-29T20:22:07.977+0000] {dag.py:3096} INFO - Sync 1 DAGs
[2026-04-29T20:22:08.187+0000] {processor.py:183} INFO - Processing /opt/airflow/dags/dag_job_intelligent.py took 0.663 seconds
[2026-04-29T20:22:39.391+0000] {processor.py:161} INFO - Started process (PID=2749) to work on /opt/airflow/dags/dag_job_intelligent.py
[2026-04-29T20:22:39.395+0000] {processor.py:830} INFO - Processing file /opt/airflow/dags/dag_job_intelligent.py for tasks to queue
[2026-04-29T20:22:39.401+0000] {logging_mixin.py:188} INFO - [2026-04-29T20:22:39.401+0000] {dagbag.py:545} INFO - Filling up the DagBag from /opt/airflow/dags/dag_job_intelligent.py
[2026-04-29T20:22:39.638+0000] {processor.py:840} INFO - DAG(s) 'job_intelligent_pipeline' retrieved from /opt/airflow/dags/dag_job_intelligent.py
[2026-04-29T20:22:39.911+0000] {logging_mixin.py:188} INFO - [2026-04-29T20:22:39.910+0000] {dag.py:3096} INFO - Sync 1 DAGs
[2026-04-29T20:22:40.302+0000] {processor.py:183} INFO - Processing /opt/airflow/dags/dag_job_intelligent.py took 0.932 seconds
[2026-04-29T20:23:10.654+0000] {processor.py:161} INFO - Started process (PID=2764) to work on /opt/airflow/dags/dag_job_intelligent.py
[2026-04-29T20:23:10.657+0000] {processor.py:830} INFO - Processing file /opt/airflow/dags/dag_job_intelligent.py for tasks to queue
[2026-04-29T20:23:10.673+0000] {logging_mixin.py:188} INFO - [2026-04-29T20:23:10.672+0000] {dagbag.py:545} INFO - Filling up the DagBag from /opt/airflow/dags/dag_job_intelligent.py
[2026-04-29T20:23:10.854+0000] {processor.py:840} INFO - DAG(s) 'job_intelligent_pipeline' retrieved from /opt/airflow/dags/dag_job_intelligent.py
[2026-04-29T20:23:11.035+0000] {logging_mixin.py:188} INFO - [2026-04-29T20:23:11.034+0000] {dag.py:3096} INFO - Sync 1 DAGs
[2026-04-29T20:23:11.180+0000] {processor.py:183} INFO - Processing /opt/airflow/dags/dag_job_intelligent.py took 0.573 seconds
[2026-04-29T20:23:41.818+0000] {processor.py:161} INFO - Started process (PID=2772) to work on /opt/airflow/dags/dag_job_intelligent.py
[2026-04-29T20:23:41.822+0000] {processor.py:830} INFO - Processing file /opt/airflow/dags/dag_job_intelligent.py for tasks to queue
[2026-04-29T20:23:41.827+0000] {logging_mixin.py:188} INFO - [2026-04-29T20:23:41.826+0000] {dagbag.py:545} INFO - Filling up the DagBag from /opt/airflow/dags/dag_job_intelligent.py
[2026-04-29T20:23:41.871+0000] {processor.py:840} INFO - DAG(s) 'job_intelligent_pipeline' retrieved from /opt/airflow/dags/dag_job_intelligent.py
[2026-04-29T20:23:41.939+0000] {logging_mixin.py:188} INFO - [2026-04-29T20:23:41.939+0000] {dag.py:3096} INFO - Sync 1 DAGs
[2026-04-29T20:23:42.025+0000] {processor.py:183} INFO - Processing /opt/airflow/dags/dag_job_intelligent.py took 0.225 seconds
[2026-04-29T20:24:12.355+0000] {processor.py:161} INFO - Started process (PID=2786) to work on /opt/airflow/dags/dag_job_intelligent.py
[2026-04-29T20:24:12.357+0000] {processor.py:830} INFO - Processing file /opt/airflow/dags/dag_job_intelligent.py for tasks to queue
[2026-04-29T20:24:12.360+0000] {logging_mixin.py:188} INFO - [2026-04-29T20:24:12.360+0000] {dagbag.py:545} INFO - Filling up the DagBag from /opt/airflow/dags/dag_job_intelligent.py
[2026-04-29T20:24:12.393+0000] {processor.py:840} INFO - DAG(s) 'job_intelligent_pipeline' retrieved from /opt/airflow/dags/dag_job_intelligent.py
[2026-04-29T20:24:12.450+0000] {logging_mixin.py:188} INFO - [2026-04-29T20:24:12.449+0000] {dag.py:3096} INFO - Sync 1 DAGs
[2026-04-29T20:24:12.519+0000] {processor.py:183} INFO - Processing /opt/airflow/dags/dag_job_intelligent.py took 0.176 seconds
[2026-04-29T20:24:42.978+0000] {processor.py:161} INFO - Started process (PID=2794) to work on /opt/airflow/dags/dag_job_intelligent.py
[2026-04-29T20:24:42.981+0000] {processor.py:830} INFO - Processing file /opt/airflow/dags/dag_job_intelligent.py for tasks to queue
[2026-04-29T20:24:42.986+0000] {logging_mixin.py:188} INFO - [2026-04-29T20:24:42.985+0000] {dagbag.py:545} INFO - Filling up the DagBag from /opt/airflow/dags/dag_job_intelligent.py
[2026-04-29T20:24:43.060+0000] {processor.py:840} INFO - DAG(s) 'job_intelligent_pipeline' retrieved from /opt/airflow/dags/dag_job_intelligent.py
[2026-04-29T20:24:43.251+0000] {logging_mixin.py:188} INFO - [2026-04-29T20:24:43.250+0000] {dag.py:3096} INFO - Sync 1 DAGs
[2026-04-29T20:24:43.387+0000] {processor.py:183} INFO - Processing /opt/airflow/dags/dag_job_intelligent.py took 0.427 seconds
[2026-04-29T20:25:14.437+0000] {processor.py:161} INFO - Started process (PID=2808) to work on /opt/airflow/dags/dag_job_intelligent.py
[2026-04-29T20:25:14.439+0000] {processor.py:830} INFO - Processing file /opt/airflow/dags/dag_job_intelligent.py for tasks to queue
[2026-04-29T20:25:14.455+0000] {logging_mixin.py:188} INFO - [2026-04-29T20:25:14.454+0000] {dagbag.py:545} INFO - Filling up the DagBag from /opt/airflow/dags/dag_job_intelligent.py
[2026-04-29T20:25:14.651+0000] {processor.py:840} INFO - DAG(s) 'job_intelligent_pipeline' retrieved from /opt/airflow/dags/dag_job_intelligent.py
[2026-04-29T20:25:14.920+0000] {logging_mixin.py:188} INFO - [2026-04-29T20:25:14.919+0000] {dag.py:3096} INFO - Sync 1 DAGs
[2026-04-29T20:25:15.077+0000] {processor.py:183} INFO - Processing /opt/airflow/dags/dag_job_intelligent.py took 0.674 seconds
[2026-04-29T20:25:45.167+0000] {processor.py:161} INFO - Started process (PID=2816) to work on /opt/airflow/dags/dag_job_intelligent.py
[2026-04-29T20:25:45.169+0000] {processor.py:830} INFO - Processing file /opt/airflow/dags/dag_job_intelligent.py for tasks to queue
[2026-04-29T20:25:45.172+0000] {logging_mixin.py:188} INFO - [2026-04-29T20:25:45.171+0000] {dagbag.py:545} INFO - Filling up the DagBag from /opt/airflow/dags/dag_job_intelligent.py
[2026-04-29T20:25:45.217+0000] {processor.py:840} INFO - DAG(s) 'job_intelligent_pipeline' retrieved from /opt/airflow/dags/dag_job_intelligent.py
[2026-04-29T20:25:45.311+0000] {logging_mixin.py:188} INFO - [2026-04-29T20:25:45.311+0000] {dag.py:3096} INFO - Sync 1 DAGs
[2026-04-29T20:25:45.553+0000] {processor.py:183} INFO - Processing /opt/airflow/dags/dag_job_intelligent.py took 0.397 seconds
[2026-04-29T20:26:16.250+0000] {processor.py:161} INFO - Started process (PID=2832) to work on /opt/airflow/dags/dag_job_intelligent.py
[2026-04-29T20:26:16.258+0000] {processor.py:830} INFO - Processing file /opt/airflow/dags/dag_job_intelligent.py for tasks to queue
[2026-04-29T20:26:16.264+0000] {logging_mixin.py:188} INFO - [2026-04-29T20:26:16.263+0000] {dagbag.py:545} INFO - Filling up the DagBag from /opt/airflow/dags/dag_job_intelligent.py
[2026-04-29T20:26:16.383+0000] {processor.py:840} INFO - DAG(s) 'job_intelligent_pipeline' retrieved from /opt/airflow/dags/dag_job_intelligent.py
[2026-04-29T20:26:16.482+0000] {logging_mixin.py:188} INFO - [2026-04-29T20:26:16.482+0000] {dag.py:3096} INFO - Sync 1 DAGs
[2026-04-29T20:26:16.722+0000] {processor.py:183} INFO - Processing /opt/airflow/dags/dag_job_intelligent.py took 0.507 seconds
[2026-04-29T20:26:47.302+0000] {processor.py:161} INFO - Started process (PID=2840) to work on /opt/airflow/dags/dag_job_intelligent.py
[2026-04-29T20:26:47.306+0000] {processor.py:830} INFO - Processing file /opt/airflow/dags/dag_job_intelligent.py for tasks to queue
[2026-04-29T20:26:47.311+0000] {logging_mixin.py:188} INFO - [2026-04-29T20:26:47.310+0000] {dagbag.py:545} INFO - Filling up the DagBag from /opt/airflow/dags/dag_job_intelligent.py
[2026-04-29T20:26:47.351+0000] {processor.py:840} INFO - DAG(s) 'job_intelligent_pipeline' retrieved from /opt/airflow/dags/dag_job_intelligent.py
[2026-04-29T20:26:47.433+0000] {logging_mixin.py:188} INFO - [2026-04-29T20:26:47.432+0000] {dag.py:3096} INFO - Sync 1 DAGs
[2026-04-29T20:26:47.575+0000] {processor.py:183} INFO - Processing /opt/airflow/dags/dag_job_intelligent.py took 0.292 seconds
[2026-04-29T20:27:18.189+0000] {processor.py:161} INFO - Started process (PID=2854) to work on /opt/airflow/dags/dag_job_intelligent.py
[2026-04-29T20:27:18.191+0000] {processor.py:830} INFO - Processing file /opt/airflow/dags/dag_job_intelligent.py for tasks to queue
[2026-04-29T20:27:18.195+0000] {logging_mixin.py:188} INFO - [2026-04-29T20:27:18.194+0000] {dagbag.py:545} INFO - Filling up the DagBag from /opt/airflow/dags/dag_job_intelligent.py
[2026-04-29T20:27:18.227+0000] {processor.py:840} INFO - DAG(s) 'job_intelligent_pipeline' retrieved from /opt/airflow/dags/dag_job_intelligent.py
[2026-04-29T20:27:18.284+0000] {logging_mixin.py:188} INFO - [2026-04-29T20:27:18.284+0000] {dag.py:3096} INFO - Sync 1 DAGs
[2026-04-29T20:27:18.353+0000] {processor.py:183} INFO - Processing /opt/airflow/dags/dag_job_intelligent.py took 0.172 seconds
[2026-04-29T20:27:48.429+0000] {processor.py:161} INFO - Started process (PID=2862) to work on /opt/airflow/dags/dag_job_intelligent.py
[2026-04-29T20:27:48.431+0000] {processor.py:830} INFO - Processing file /opt/airflow/dags/dag_job_intelligent.py for tasks to queue
[2026-04-29T20:27:48.434+0000] {logging_mixin.py:188} INFO - [2026-04-29T20:27:48.433+0000] {dagbag.py:545} INFO - Filling up the DagBag from /opt/airflow/dags/dag_job_intelligent.py
[2026-04-29T20:27:48.468+0000] {processor.py:840} INFO - DAG(s) 'job_intelligent_pipeline' retrieved from /opt/airflow/dags/dag_job_intelligent.py
[2026-04-29T20:27:48.546+0000] {logging_mixin.py:188} INFO - [2026-04-29T20:27:48.545+0000] {dag.py:3096} INFO - Sync 1 DAGs
[2026-04-29T20:27:48.636+0000] {processor.py:183} INFO - Processing /opt/airflow/dags/dag_job_intelligent.py took 0.217 seconds
[2026-04-29T20:28:19.440+0000] {processor.py:161} INFO - Started process (PID=2877) to work on /opt/airflow/dags/dag_job_intelligent.py
[2026-04-29T20:28:19.442+0000] {processor.py:830} INFO - Processing file /opt/airflow/dags/dag_job_intelligent.py for tasks to queue
[2026-04-29T20:28:19.445+0000] {logging_mixin.py:188} INFO - [2026-04-29T20:28:19.444+0000] {dagbag.py:545} INFO - Filling up the DagBag from /opt/airflow/dags/dag_job_intelligent.py
[2026-04-29T20:28:19.493+0000] {processor.py:840} INFO - DAG(s) 'job_intelligent_pipeline' retrieved from /opt/airflow/dags/dag_job_intelligent.py
[2026-04-29T20:28:19.570+0000] {logging_mixin.py:188} INFO - [2026-04-29T20:28:19.570+0000] {dag.py:3096} INFO - Sync 1 DAGs
[2026-04-29T20:28:19.659+0000] {processor.py:183} INFO - Processing /opt/airflow/dags/dag_job_intelligent.py took 0.229 seconds
[2026-04-29T20:28:49.880+0000] {processor.py:161} INFO - Started process (PID=2885) to work on /opt/airflow/dags/dag_job_intelligent.py
[2026-04-29T20:28:49.882+0000] {processor.py:830} INFO - Processing file /opt/airflow/dags/dag_job_intelligent.py for tasks to queue
[2026-04-29T20:28:49.888+0000] {logging_mixin.py:188} INFO - [2026-04-29T20:28:49.887+0000] {dagbag.py:545} INFO - Filling up the DagBag from /opt/airflow/dags/dag_job_intelligent.py
[2026-04-29T20:28:49.933+0000] {processor.py:840} INFO - DAG(s) 'job_intelligent_pipeline' retrieved from /opt/airflow/dags/dag_job_intelligent.py
[2026-04-29T20:28:49.993+0000] {logging_mixin.py:188} INFO - [2026-04-29T20:28:49.993+0000] {dag.py:3096} INFO - Sync 1 DAGs
[2026-04-29T20:28:50.090+0000] {processor.py:183} INFO - Processing /opt/airflow/dags/dag_job_intelligent.py took 0.227 seconds
[2026-04-29T20:29:20.290+0000] {processor.py:161} INFO - Started process (PID=2901) to work on /opt/airflow/dags/dag_job_intelligent.py
[2026-04-29T20:29:20.292+0000] {processor.py:830} INFO - Processing file /opt/airflow/dags/dag_job_intelligent.py for tasks to queue
[2026-04-29T20:29:20.294+0000] {logging_mixin.py:188} INFO - [2026-04-29T20:29:20.294+0000] {dagbag.py:545} INFO - Filling up the DagBag from /opt/airflow/dags/dag_job_intelligent.py
[2026-04-29T20:29:20.326+0000] {processor.py:840} INFO - DAG(s) 'job_intelligent_pipeline' retrieved from /opt/airflow/dags/dag_job_intelligent.py
[2026-04-29T20:29:20.376+0000] {logging_mixin.py:188} INFO - [2026-04-29T20:29:20.376+0000] {dag.py:3096} INFO - Sync 1 DAGs
[2026-04-29T20:29:20.448+0000] {processor.py:183} INFO - Processing /opt/airflow/dags/dag_job_intelligent.py took 0.171 seconds
[2026-04-29T20:30:28.985+0000] {processor.py:161} INFO - Started process (PID=59) to work on /opt/airflow/dags/dag_job_intelligent.py
[2026-04-29T20:30:28.988+0000] {processor.py:830} INFO - Processing file /opt/airflow/dags/dag_job_intelligent.py for tasks to queue
[2026-04-29T20:30:29.005+0000] {logging_mixin.py:188} INFO - [2026-04-29T20:30:29.004+0000] {dagbag.py:545} INFO - Filling up the DagBag from /opt/airflow/dags/dag_job_intelligent.py
[2026-04-29T20:30:29.145+0000] {processor.py:840} INFO - DAG(s) 'job_intelligent_pipeline' retrieved from /opt/airflow/dags/dag_job_intelligent.py
[2026-04-29T20:30:29.616+0000] {logging_mixin.py:188} INFO - [2026-04-29T20:30:29.615+0000] {dag.py:3096} INFO - Sync 1 DAGs
[2026-04-29T20:30:30.038+0000] {processor.py:183} INFO - Processing /opt/airflow/dags/dag_job_intelligent.py took 1.123 seconds
[2026-04-29T20:31:00.575+0000] {processor.py:161} INFO - Started process (PID=73) to work on /opt/airflow/dags/dag_job_intelligent.py
[2026-04-29T20:31:00.576+0000] {processor.py:830} INFO - Processing file /opt/airflow/dags/dag_job_intelligent.py for tasks to queue
[2026-04-29T20:31:00.580+0000] {logging_mixin.py:188} INFO - [2026-04-29T20:31:00.580+0000] {dagbag.py:545} INFO - Filling up the DagBag from /opt/airflow/dags/dag_job_intelligent.py
[2026-04-29T20:31:00.617+0000] {processor.py:840} INFO - DAG(s) 'job_intelligent_pipeline' retrieved from /opt/airflow/dags/dag_job_intelligent.py
[2026-04-29T20:31:00.680+0000] {logging_mixin.py:188} INFO - [2026-04-29T20:31:00.679+0000] {dag.py:3096} INFO - Sync 1 DAGs
[2026-04-29T20:31:00.754+0000] {processor.py:183} INFO - Processing /opt/airflow/dags/dag_job_intelligent.py took 0.193 seconds
[2026-04-29T20:31:31.149+0000] {processor.py:161} INFO - Started process (PID=87) to work on /opt/airflow/dags/dag_job_intelligent.py
[2026-04-29T20:31:31.152+0000] {processor.py:830} INFO - Processing file /opt/airflow/dags/dag_job_intelligent.py for tasks to queue
[2026-04-29T20:31:31.155+0000] {logging_mixin.py:188} INFO - [2026-04-29T20:31:31.155+0000] {dagbag.py:545} INFO - Filling up the DagBag from /opt/airflow/dags/dag_job_intelligent.py
[2026-04-29T20:31:31.196+0000] {processor.py:840} INFO - DAG(s) 'job_intelligent_pipeline' retrieved from /opt/airflow/dags/dag_job_intelligent.py
[2026-04-29T20:31:31.287+0000] {logging_mixin.py:188} INFO - [2026-04-29T20:31:31.287+0000] {dag.py:3096} INFO - Sync 1 DAGs
[2026-04-29T20:31:31.405+0000] {processor.py:183} INFO - Processing /opt/airflow/dags/dag_job_intelligent.py took 0.270 seconds
[2026-04-29T20:32:01.809+0000] {processor.py:161} INFO - Started process (PID=95) to work on /opt/airflow/dags/dag_job_intelligent.py
[2026-04-29T20:32:01.811+0000] {processor.py:830} INFO - Processing file /opt/airflow/dags/dag_job_intelligent.py for tasks to queue
[2026-04-29T20:32:01.817+0000] {logging_mixin.py:188} INFO - [2026-04-29T20:32:01.816+0000] {dagbag.py:545} INFO - Filling up the DagBag from /opt/airflow/dags/dag_job_intelligent.py
[2026-04-29T20:32:01.872+0000] {processor.py:840} INFO - DAG(s) 'job_intelligent_pipeline' retrieved from /opt/airflow/dags/dag_job_intelligent.py
[2026-04-29T20:32:01.943+0000] {logging_mixin.py:188} INFO - [2026-04-29T20:32:01.943+0000] {dag.py:3096} INFO - Sync 1 DAGs
[2026-04-29T20:32:02.047+0000] {processor.py:183} INFO - Processing /opt/airflow/dags/dag_job_intelligent.py took 0.257 seconds
[2026-04-29T20:32:32.429+0000] {processor.py:161} INFO - Started process (PID=111) to work on /opt/airflow/dags/dag_job_intelligent.py
[2026-04-29T20:32:32.434+0000] {processor.py:830} INFO - Processing file /opt/airflow/dags/dag_job_intelligent.py for tasks to queue
[2026-04-29T20:32:32.438+0000] {logging_mixin.py:188} INFO - [2026-04-29T20:32:32.437+0000] {dagbag.py:545} INFO - Filling up the DagBag from /opt/airflow/dags/dag_job_intelligent.py
[2026-04-29T20:32:32.744+0000] {processor.py:840} INFO - DAG(s) 'job_intelligent_pipeline' retrieved from /opt/airflow/dags/dag_job_intelligent.py
[2026-04-29T20:32:32.849+0000] {logging_mixin.py:188} INFO - [2026-04-29T20:32:32.848+0000] {dag.py:3096} INFO - Sync 1 DAGs
[2026-04-29T20:32:33.030+0000] {processor.py:183} INFO - Processing /opt/airflow/dags/dag_job_intelligent.py took 0.625 seconds
[2026-04-29T20:33:04.071+0000] {processor.py:161} INFO - Started process (PID=117) to work on /opt/airflow/dags/dag_job_intelligent.py
[2026-04-29T20:33:04.083+0000] {processor.py:830} INFO - Processing file /opt/airflow/dags/dag_job_intelligent.py for tasks to queue
[2026-04-29T20:33:04.087+0000] {logging_mixin.py:188} INFO - [2026-04-29T20:33:04.087+0000] {dagbag.py:545} INFO - Filling up the DagBag from /opt/airflow/dags/dag_job_intelligent.py
[2026-04-29T20:33:04.149+0000] {processor.py:840} INFO - DAG(s) 'job_intelligent_pipeline' retrieved from /opt/airflow/dags/dag_job_intelligent.py
[2026-04-29T20:33:04.258+0000] {logging_mixin.py:188} INFO - [2026-04-29T20:33:04.257+0000] {dag.py:3096} INFO - Sync 1 DAGs
[2026-04-29T20:33:04.483+0000] {processor.py:183} INFO - Processing /opt/airflow/dags/dag_job_intelligent.py took 0.448 seconds
[2026-04-29T20:33:35.256+0000] {processor.py:161} INFO - Started process (PID=132) to work on /opt/airflow/dags/dag_job_intelligent.py
[2026-04-29T20:33:35.257+0000] {processor.py:830} INFO - Processing file /opt/airflow/dags/dag_job_intelligent.py for tasks to queue
[2026-04-29T20:33:35.264+0000] {logging_mixin.py:188} INFO - [2026-04-29T20:33:35.263+0000] {dagbag.py:545} INFO - Filling up the DagBag from /opt/airflow/dags/dag_job_intelligent.py
[2026-04-29T20:33:35.325+0000] {processor.py:840} INFO - DAG(s) 'job_intelligent_pipeline' retrieved from /opt/airflow/dags/dag_job_intelligent.py
[2026-04-29T20:33:35.432+0000] {logging_mixin.py:188} INFO - [2026-04-29T20:33:35.431+0000] {dag.py:3096} INFO - Sync 1 DAGs
[2026-04-29T20:33:35.515+0000] {processor.py:183} INFO - Processing /opt/airflow/dags/dag_job_intelligent.py took 0.274 seconds
[2026-04-29T20:34:06.544+0000] {processor.py:161} INFO - Started process (PID=140) to work on /opt/airflow/dags/dag_job_intelligent.py
[2026-04-29T20:34:06.545+0000] {processor.py:830} INFO - Processing file /opt/airflow/dags/dag_job_intelligent.py for tasks to queue
[2026-04-29T20:34:06.549+0000] {logging_mixin.py:188} INFO - [2026-04-29T20:34:06.548+0000] {dagbag.py:545} INFO - Filling up the DagBag from /opt/airflow/dags/dag_job_intelligent.py
[2026-04-29T20:34:06.588+0000] {processor.py:840} INFO - DAG(s) 'job_intelligent_pipeline' retrieved from /opt/airflow/dags/dag_job_intelligent.py
[2026-04-29T20:34:06.648+0000] {logging_mixin.py:188} INFO - [2026-04-29T20:34:06.648+0000] {dag.py:3096} INFO - Sync 1 DAGs
[2026-04-29T20:34:06.881+0000] {processor.py:183} INFO - Processing /opt/airflow/dags/dag_job_intelligent.py took 0.348 seconds
[2026-04-29T20:34:37.519+0000] {processor.py:161} INFO - Started process (PID=153) to work on /opt/airflow/dags/dag_job_intelligent.py
[2026-04-29T20:34:37.521+0000] {processor.py:830} INFO - Processing file /opt/airflow/dags/dag_job_intelligent.py for tasks to queue
[2026-04-29T20:34:37.524+0000] {logging_mixin.py:188} INFO - [2026-04-29T20:34:37.523+0000] {dagbag.py:545} INFO - Filling up the DagBag from /opt/airflow/dags/dag_job_intelligent.py
[2026-04-29T20:34:37.577+0000] {processor.py:840} INFO - DAG(s) 'job_intelligent_pipeline' retrieved from /opt/airflow/dags/dag_job_intelligent.py
[2026-04-29T20:34:37.665+0000] {logging_mixin.py:188} INFO - [2026-04-29T20:34:37.664+0000] {dag.py:3096} INFO - Sync 1 DAGs
[2026-04-29T20:34:37.851+0000] {processor.py:183} INFO - Processing /opt/airflow/dags/dag_job_intelligent.py took 0.346 seconds
[2026-04-29T20:35:08.875+0000] {processor.py:161} INFO - Started process (PID=161) to work on /opt/airflow/dags/dag_job_intelligent.py
[2026-04-29T20:35:08.877+0000] {processor.py:830} INFO - Processing file /opt/airflow/dags/dag_job_intelligent.py for tasks to queue
[2026-04-29T20:35:08.886+0000] {logging_mixin.py:188} INFO - [2026-04-29T20:35:08.885+0000] {dagbag.py:545} INFO - Filling up the DagBag from /opt/airflow/dags/dag_job_intelligent.py
[2026-04-29T20:35:09.134+0000] {processor.py:840} INFO - DAG(s) 'job_intelligent_pipeline' retrieved from /opt/airflow/dags/dag_job_intelligent.py
[2026-04-29T20:35:09.487+0000] {logging_mixin.py:188} INFO - [2026-04-29T20:35:09.486+0000] {dag.py:3096} INFO - Sync 1 DAGs
[2026-04-29T20:35:09.902+0000] {processor.py:183} INFO - Processing /opt/airflow/dags/dag_job_intelligent.py took 1.043 seconds
[2026-04-29T20:35:41.697+0000] {processor.py:161} INFO - Started process (PID=176) to work on /opt/airflow/dags/dag_job_intelligent.py
[2026-04-29T20:35:41.714+0000] {processor.py:830} INFO - Processing file /opt/airflow/dags/dag_job_intelligent.py for tasks to queue
[2026-04-29T20:35:41.731+0000] {logging_mixin.py:188} INFO - [2026-04-29T20:35:41.730+0000] {dagbag.py:545} INFO - Filling up the DagBag from /opt/airflow/dags/dag_job_intelligent.py
[2026-04-29T20:35:42.001+0000] {processor.py:840} INFO - DAG(s) 'job_intelligent_pipeline' retrieved from /opt/airflow/dags/dag_job_intelligent.py
[2026-04-29T20:35:42.636+0000] {logging_mixin.py:188} INFO - [2026-04-29T20:35:42.636+0000] {dag.py:3096} INFO - Sync 1 DAGs
[2026-04-29T20:35:43.122+0000] {processor.py:183} INFO - Processing /opt/airflow/dags/dag_job_intelligent.py took 1.470 seconds
[2026-04-29T20:36:13.713+0000] {processor.py:161} INFO - Started process (PID=184) to work on /opt/airflow/dags/dag_job_intelligent.py
[2026-04-29T20:36:13.715+0000] {processor.py:830} INFO - Processing file /opt/airflow/dags/dag_job_intelligent.py for tasks to queue
[2026-04-29T20:36:13.719+0000] {logging_mixin.py:188} INFO - [2026-04-29T20:36:13.719+0000] {dagbag.py:545} INFO - Filling up the DagBag from /opt/airflow/dags/dag_job_intelligent.py
[2026-04-29T20:36:13.766+0000] {processor.py:840} INFO - DAG(s) 'job_intelligent_pipeline' retrieved from /opt/airflow/dags/dag_job_intelligent.py
[2026-04-29T20:36:13.809+0000] {logging_mixin.py:188} INFO - [2026-04-29T20:36:13.807+0000] {dag.py:3096} INFO - Sync 1 DAGs
[2026-04-29T20:36:13.954+0000] {processor.py:183} INFO - Processing /opt/airflow/dags/dag_job_intelligent.py took 0.257 seconds
[2026-04-29T20:36:44.404+0000] {processor.py:161} INFO - Started process (PID=198) to work on /opt/airflow/dags/dag_job_intelligent.py
[2026-04-29T20:36:44.406+0000] {processor.py:830} INFO - Processing file /opt/airflow/dags/dag_job_intelligent.py for tasks to queue
[2026-04-29T20:36:44.410+0000] {logging_mixin.py:188} INFO - [2026-04-29T20:36:44.409+0000] {dagbag.py:545} INFO - Filling up the DagBag from /opt/airflow/dags/dag_job_intelligent.py
[2026-04-29T20:36:44.454+0000] {processor.py:840} INFO - DAG(s) 'job_intelligent_pipeline' retrieved from /opt/airflow/dags/dag_job_intelligent.py
[2026-04-29T20:36:44.789+0000] {logging_mixin.py:188} INFO - [2026-04-29T20:36:44.788+0000] {dag.py:3096} INFO - Sync 1 DAGs
[2026-04-29T20:36:44.880+0000] {processor.py:183} INFO - Processing /opt/airflow/dags/dag_job_intelligent.py took 0.491 seconds
[2026-04-29T20:37:15.750+0000] {processor.py:161} INFO - Started process (PID=213) to work on /opt/airflow/dags/dag_job_intelligent.py
[2026-04-29T20:37:15.772+0000] {processor.py:830} INFO - Processing file /opt/airflow/dags/dag_job_intelligent.py for tasks to queue
[2026-04-29T20:37:15.782+0000] {logging_mixin.py:188} INFO - [2026-04-29T20:37:15.781+0000] {dagbag.py:545} INFO - Filling up the DagBag from /opt/airflow/dags/dag_job_intelligent.py
[2026-04-29T20:37:16.259+0000] {processor.py:840} INFO - DAG(s) 'job_intelligent_pipeline' retrieved from /opt/airflow/dags/dag_job_intelligent.py
[2026-04-29T20:37:16.560+0000] {logging_mixin.py:188} INFO - [2026-04-29T20:37:16.559+0000] {dag.py:3096} INFO - Sync 1 DAGs
[2026-04-29T20:37:16.817+0000] {processor.py:183} INFO - Processing /opt/airflow/dags/dag_job_intelligent.py took 1.102 seconds
[2026-04-29T20:37:47.236+0000] {processor.py:161} INFO - Started process (PID=221) to work on /opt/airflow/dags/dag_job_intelligent.py
[2026-04-29T20:37:47.239+0000] {processor.py:830} INFO - Processing file /opt/airflow/dags/dag_job_intelligent.py for tasks to queue
[2026-04-29T20:37:47.248+0000] {logging_mixin.py:188} INFO - [2026-04-29T20:37:47.247+0000] {dagbag.py:545} INFO - Filling up the DagBag from /opt/airflow/dags/dag_job_intelligent.py
[2026-04-29T20:37:47.294+0000] {processor.py:840} INFO - DAG(s) 'job_intelligent_pipeline' retrieved from /opt/airflow/dags/dag_job_intelligent.py
[2026-04-29T20:37:47.367+0000] {logging_mixin.py:188} INFO - [2026-04-29T20:37:47.367+0000] {dag.py:3096} INFO - Sync 1 DAGs
[2026-04-29T20:37:47.472+0000] {processor.py:183} INFO - Processing /opt/airflow/dags/dag_job_intelligent.py took 0.252 seconds
[2026-04-29T20:38:17.907+0000] {processor.py:161} INFO - Started process (PID=235) to work on /opt/airflow/dags/dag_job_intelligent.py
[2026-04-29T20:38:17.908+0000] {processor.py:830} INFO - Processing file /opt/airflow/dags/dag_job_intelligent.py for tasks to queue
[2026-04-29T20:38:17.912+0000] {logging_mixin.py:188} INFO - [2026-04-29T20:38:17.911+0000] {dagbag.py:545} INFO - Filling up the DagBag from /opt/airflow/dags/dag_job_intelligent.py
[2026-04-29T20:38:17.956+0000] {processor.py:840} INFO - DAG(s) 'job_intelligent_pipeline' retrieved from /opt/airflow/dags/dag_job_intelligent.py
[2026-04-29T20:38:18.028+0000] {logging_mixin.py:188} INFO - [2026-04-29T20:38:18.027+0000] {dag.py:3096} INFO - Sync 1 DAGs
[2026-04-29T20:38:18.154+0000] {processor.py:183} INFO - Processing /opt/airflow/dags/dag_job_intelligent.py took 0.261 seconds
[2026-04-29T20:38:49.096+0000] {processor.py:161} INFO - Started process (PID=243) to work on /opt/airflow/dags/dag_job_intelligent.py
[2026-04-29T20:38:49.099+0000] {processor.py:830} INFO - Processing file /opt/airflow/dags/dag_job_intelligent.py for tasks to queue
[2026-04-29T20:38:49.103+0000] {logging_mixin.py:188} INFO - [2026-04-29T20:38:49.102+0000] {dagbag.py:545} INFO - Filling up the DagBag from /opt/airflow/dags/dag_job_intelligent.py
[2026-04-29T20:38:49.161+0000] {processor.py:840} INFO - DAG(s) 'job_intelligent_pipeline' retrieved from /opt/airflow/dags/dag_job_intelligent.py
[2026-04-29T20:38:49.457+0000] {logging_mixin.py:188} INFO - [2026-04-29T20:38:49.456+0000] {dag.py:3096} INFO - Sync 1 DAGs
[2026-04-29T20:38:49.820+0000] {processor.py:183} INFO - Processing /opt/airflow/dags/dag_job_intelligent.py took 0.739 seconds
[2026-04-29T20:39:23.219+0000] {processor.py:161} INFO - Started process (PID=256) to work on /opt/airflow/dags/dag_job_intelligent.py
[2026-04-29T20:39:23.230+0000] {processor.py:830} INFO - Processing file /opt/airflow/dags/dag_job_intelligent.py for tasks to queue
[2026-04-29T20:39:23.237+0000] {logging_mixin.py:188} INFO - [2026-04-29T20:39:23.237+0000] {dagbag.py:545} INFO - Filling up the DagBag from /opt/airflow/dags/dag_job_intelligent.py
[2026-04-29T20:39:23.598+0000] {processor.py:840} INFO - DAG(s) 'job_intelligent_pipeline' retrieved from /opt/airflow/dags/dag_job_intelligent.py
[2026-04-29T20:39:23.920+0000] {logging_mixin.py:188} INFO - [2026-04-29T20:39:23.919+0000] {dag.py:3096} INFO - Sync 1 DAGs
[2026-04-29T20:39:24.772+0000] {processor.py:183} INFO - Processing /opt/airflow/dags/dag_job_intelligent.py took 1.583 seconds
[2026-04-29T20:39:55.066+0000] {processor.py:161} INFO - Started process (PID=264) to work on /opt/airflow/dags/dag_job_intelligent.py
[2026-04-29T20:39:55.080+0000] {processor.py:830} INFO - Processing file /opt/airflow/dags/dag_job_intelligent.py for tasks to queue
[2026-04-29T20:39:55.094+0000] {logging_mixin.py:188} INFO - [2026-04-29T20:39:55.093+0000] {dagbag.py:545} INFO - Filling up the DagBag from /opt/airflow/dags/dag_job_intelligent.py
[2026-04-29T20:39:55.280+0000] {processor.py:840} INFO - DAG(s) 'job_intelligent_pipeline' retrieved from /opt/airflow/dags/dag_job_intelligent.py
[2026-04-29T20:39:55.527+0000] {logging_mixin.py:188} INFO - [2026-04-29T20:39:55.525+0000] {dag.py:3096} INFO - Sync 1 DAGs
[2026-04-29T20:39:56.000+0000] {processor.py:183} INFO - Processing /opt/airflow/dags/dag_job_intelligent.py took 0.975 seconds
[2026-04-29T20:40:26.720+0000] {processor.py:161} INFO - Started process (PID=279) to work on /opt/airflow/dags/dag_job_intelligent.py
[2026-04-29T20:40:26.722+0000] {processor.py:830} INFO - Processing file /opt/airflow/dags/dag_job_intelligent.py for tasks to queue
[2026-04-29T20:40:26.727+0000] {logging_mixin.py:188} INFO - [2026-04-29T20:40:26.726+0000] {dagbag.py:545} INFO - Filling up the DagBag from /opt/airflow/dags/dag_job_intelligent.py
[2026-04-29T20:40:28.047+0000] {processor.py:840} INFO - DAG(s) 'job_intelligent_pipeline' retrieved from /opt/airflow/dags/dag_job_intelligent.py
[2026-04-29T20:40:28.428+0000] {logging_mixin.py:188} INFO - [2026-04-29T20:40:28.424+0000] {dag.py:3096} INFO - Sync 1 DAGs
[2026-04-29T20:40:28.576+0000] {processor.py:183} INFO - Processing /opt/airflow/dags/dag_job_intelligent.py took 1.892 seconds
[2026-04-29T20:40:59.691+0000] {processor.py:161} INFO - Started process (PID=293) to work on /opt/airflow/dags/dag_job_intelligent.py
[2026-04-29T20:40:59.703+0000] {processor.py:830} INFO - Processing file /opt/airflow/dags/dag_job_intelligent.py for tasks to queue
[2026-04-29T20:40:59.708+0000] {logging_mixin.py:188} INFO - [2026-04-29T20:40:59.706+0000] {dagbag.py:545} INFO - Filling up the DagBag from /opt/airflow/dags/dag_job_intelligent.py
[2026-04-29T20:41:00.092+0000] {processor.py:840} INFO - DAG(s) 'job_intelligent_pipeline' retrieved from /opt/airflow/dags/dag_job_intelligent.py
[2026-04-29T20:41:00.414+0000] {logging_mixin.py:188} INFO - [2026-04-29T20:41:00.414+0000] {dag.py:3096} INFO - Sync 1 DAGs
[2026-04-29T20:41:01.294+0000] {processor.py:183} INFO - Processing /opt/airflow/dags/dag_job_intelligent.py took 1.618 seconds
[2026-04-29T20:41:31.916+0000] {processor.py:161} INFO - Started process (PID=301) to work on /opt/airflow/dags/dag_job_intelligent.py
[2026-04-29T20:41:31.972+0000] {processor.py:830} INFO - Processing file /opt/airflow/dags/dag_job_intelligent.py for tasks to queue
[2026-04-29T20:41:32.024+0000] {logging_mixin.py:188} INFO - [2026-04-29T20:41:32.023+0000] {dagbag.py:545} INFO - Filling up the DagBag from /opt/airflow/dags/dag_job_intelligent.py
[2026-04-29T20:41:32.459+0000] {processor.py:840} INFO - DAG(s) 'job_intelligent_pipeline' retrieved from /opt/airflow/dags/dag_job_intelligent.py
[2026-04-29T20:41:32.755+0000] {logging_mixin.py:188} INFO - [2026-04-29T20:41:32.754+0000] {dag.py:3096} INFO - Sync 1 DAGs
[2026-04-29T20:41:33.267+0000] {processor.py:183} INFO - Processing /opt/airflow/dags/dag_job_intelligent.py took 1.408 seconds
[2026-04-29T20:42:03.649+0000] {processor.py:161} INFO - Started process (PID=319) to work on /opt/airflow/dags/dag_job_intelligent.py
[2026-04-29T20:42:03.657+0000] {processor.py:830} INFO - Processing file /opt/airflow/dags/dag_job_intelligent.py for tasks to queue
[2026-04-29T20:42:03.661+0000] {logging_mixin.py:188} INFO - [2026-04-29T20:42:03.661+0000] {dagbag.py:545} INFO - Filling up the DagBag from /opt/airflow/dags/dag_job_intelligent.py
[2026-04-29T20:42:03.719+0000] {processor.py:840} INFO - DAG(s) 'job_intelligent_pipeline' retrieved from /opt/airflow/dags/dag_job_intelligent.py
[2026-04-29T20:42:03.983+0000] {logging_mixin.py:188} INFO - [2026-04-29T20:42:03.982+0000] {dag.py:3096} INFO - Sync 1 DAGs
[2026-04-29T20:42:04.463+0000] {processor.py:183} INFO - Processing /opt/airflow/dags/dag_job_intelligent.py took 0.829 seconds
[2026-04-29T20:42:35.532+0000] {processor.py:161} INFO - Started process (PID=326) to work on /opt/airflow/dags/dag_job_intelligent.py
[2026-04-29T20:42:35.534+0000] {processor.py:830} INFO - Processing file /opt/airflow/dags/dag_job_intelligent.py for tasks to queue
[2026-04-29T20:42:35.539+0000] {logging_mixin.py:188} INFO - [2026-04-29T20:42:35.538+0000] {dagbag.py:545} INFO - Filling up the DagBag from /opt/airflow/dags/dag_job_intelligent.py
[2026-04-29T20:42:35.706+0000] {processor.py:840} INFO - DAG(s) 'job_intelligent_pipeline' retrieved from /opt/airflow/dags/dag_job_intelligent.py
[2026-04-29T20:42:35.926+0000] {logging_mixin.py:188} INFO - [2026-04-29T20:42:35.926+0000] {dag.py:3096} INFO - Sync 1 DAGs
[2026-04-29T20:42:36.242+0000] {processor.py:183} INFO - Processing /opt/airflow/dags/dag_job_intelligent.py took 0.738 seconds
[2026-04-29T20:43:06.554+0000] {processor.py:161} INFO - Started process (PID=339) to work on /opt/airflow/dags/dag_job_intelligent.py
[2026-04-29T20:43:06.608+0000] {processor.py:830} INFO - Processing file /opt/airflow/dags/dag_job_intelligent.py for tasks to queue
[2026-04-29T20:43:06.687+0000] {logging_mixin.py:188} INFO - [2026-04-29T20:43:06.685+0000] {dagbag.py:545} INFO - Filling up the DagBag from /opt/airflow/dags/dag_job_intelligent.py
[2026-04-29T20:43:06.952+0000] {processor.py:840} INFO - DAG(s) 'job_intelligent_pipeline' retrieved from /opt/airflow/dags/dag_job_intelligent.py
[2026-04-29T20:43:07.283+0000] {logging_mixin.py:188} INFO - [2026-04-29T20:43:07.282+0000] {dag.py:3096} INFO - Sync 1 DAGs
[2026-04-29T20:43:07.896+0000] {processor.py:183} INFO - Processing /opt/airflow/dags/dag_job_intelligent.py took 1.381 seconds
[2026-04-29T20:43:39.138+0000] {processor.py:161} INFO - Started process (PID=347) to work on /opt/airflow/dags/dag_job_intelligent.py
[2026-04-29T20:43:39.147+0000] {processor.py:830} INFO - Processing file /opt/airflow/dags/dag_job_intelligent.py for tasks to queue
[2026-04-29T20:43:39.183+0000] {logging_mixin.py:188} INFO - [2026-04-29T20:43:39.182+0000] {dagbag.py:545} INFO - Filling up the DagBag from /opt/airflow/dags/dag_job_intelligent.py
[2026-04-29T20:43:40.077+0000] {processor.py:840} INFO - DAG(s) 'job_intelligent_pipeline' retrieved from /opt/airflow/dags/dag_job_intelligent.py
[2026-04-29T20:43:40.351+0000] {logging_mixin.py:188} INFO - [2026-04-29T20:43:40.350+0000] {dag.py:3096} INFO - Sync 1 DAGs
[2026-04-29T20:43:40.720+0000] {processor.py:183} INFO - Processing /opt/airflow/dags/dag_job_intelligent.py took 1.660 seconds
[2026-04-29T20:44:12.399+0000] {processor.py:161} INFO - Started process (PID=361) to work on /opt/airflow/dags/dag_job_intelligent.py
[2026-04-29T20:44:12.416+0000] {processor.py:830} INFO - Processing file /opt/airflow/dags/dag_job_intelligent.py for tasks to queue
[2026-04-29T20:44:12.465+0000] {logging_mixin.py:188} INFO - [2026-04-29T20:44:12.464+0000] {dagbag.py:545} INFO - Filling up the DagBag from /opt/airflow/dags/dag_job_intelligent.py
[2026-04-29T20:44:13.008+0000] {processor.py:840} INFO - DAG(s) 'job_intelligent_pipeline' retrieved from /opt/airflow/dags/dag_job_intelligent.py
[2026-04-29T20:44:13.299+0000] {logging_mixin.py:188} INFO - [2026-04-29T20:44:13.298+0000] {dag.py:3096} INFO - Sync 1 DAGs
[2026-04-29T20:44:13.872+0000] {processor.py:183} INFO - Processing /opt/airflow/dags/dag_job_intelligent.py took 1.615 seconds
[2026-04-29T20:44:45.390+0000] {processor.py:161} INFO - Started process (PID=375) to work on /opt/airflow/dags/dag_job_intelligent.py
[2026-04-29T20:44:45.392+0000] {processor.py:830} INFO - Processing file /opt/airflow/dags/dag_job_intelligent.py for tasks to queue
[2026-04-29T20:44:45.413+0000] {logging_mixin.py:188} INFO - [2026-04-29T20:44:45.402+0000] {dagbag.py:545} INFO - Filling up the DagBag from /opt/airflow/dags/dag_job_intelligent.py
[2026-04-29T20:44:45.667+0000] {processor.py:840} INFO - DAG(s) 'job_intelligent_pipeline' retrieved from /opt/airflow/dags/dag_job_intelligent.py
[2026-04-29T20:44:46.132+0000] {logging_mixin.py:188} INFO - [2026-04-29T20:44:46.131+0000] {dag.py:3096} INFO - Sync 1 DAGs
[2026-04-29T20:44:46.542+0000] {processor.py:183} INFO - Processing /opt/airflow/dags/dag_job_intelligent.py took 1.182 seconds
[2026-04-29T20:45:17.265+0000] {processor.py:161} INFO - Started process (PID=383) to work on /opt/airflow/dags/dag_job_intelligent.py
[2026-04-29T20:45:17.278+0000] {processor.py:830} INFO - Processing file /opt/airflow/dags/dag_job_intelligent.py for tasks to queue
[2026-04-29T20:45:17.311+0000] {logging_mixin.py:188} INFO - [2026-04-29T20:45:17.309+0000] {dagbag.py:545} INFO - Filling up the DagBag from /opt/airflow/dags/dag_job_intelligent.py
[2026-04-29T20:45:17.981+0000] {processor.py:840} INFO - DAG(s) 'job_intelligent_pipeline' retrieved from /opt/airflow/dags/dag_job_intelligent.py
[2026-04-29T20:45:18.212+0000] {logging_mixin.py:188} INFO - [2026-04-29T20:45:18.212+0000] {dag.py:3096} INFO - Sync 1 DAGs
[2026-04-29T20:45:18.465+0000] {processor.py:183} INFO - Processing /opt/airflow/dags/dag_job_intelligent.py took 1.238 seconds
[2026-04-29T20:45:48.932+0000] {processor.py:161} INFO - Started process (PID=398) to work on /opt/airflow/dags/dag_job_intelligent.py
[2026-04-29T20:45:48.957+0000] {processor.py:830} INFO - Processing file /opt/airflow/dags/dag_job_intelligent.py for tasks to queue
[2026-04-29T20:45:49.047+0000] {logging_mixin.py:188} INFO - [2026-04-29T20:45:49.046+0000] {dagbag.py:545} INFO - Filling up the DagBag from /opt/airflow/dags/dag_job_intelligent.py
[2026-04-29T20:45:49.182+0000] {processor.py:840} INFO - DAG(s) 'job_intelligent_pipeline' retrieved from /opt/airflow/dags/dag_job_intelligent.py
[2026-04-29T20:45:49.317+0000] {logging_mixin.py:188} INFO - [2026-04-29T20:45:49.316+0000] {dag.py:3096} INFO - Sync 1 DAGs
[2026-04-29T20:45:49.465+0000] {processor.py:183} INFO - Processing /opt/airflow/dags/dag_job_intelligent.py took 0.554 seconds
[2026-04-29T20:46:20.681+0000] {processor.py:161} INFO - Started process (PID=406) to work on /opt/airflow/dags/dag_job_intelligent.py
[2026-04-29T20:46:20.689+0000] {processor.py:830} INFO - Processing file /opt/airflow/dags/dag_job_intelligent.py for tasks to queue
[2026-04-29T20:46:20.693+0000] {logging_mixin.py:188} INFO - [2026-04-29T20:46:20.692+0000] {dagbag.py:545} INFO - Filling up the DagBag from /opt/airflow/dags/dag_job_intelligent.py
[2026-04-29T20:46:21.113+0000] {processor.py:840} INFO - DAG(s) 'job_intelligent_pipeline' retrieved from /opt/airflow/dags/dag_job_intelligent.py
[2026-04-29T20:46:21.340+0000] {logging_mixin.py:188} INFO - [2026-04-29T20:46:21.332+0000] {dag.py:3096} INFO - Sync 1 DAGs
[2026-04-29T20:46:21.739+0000] {processor.py:183} INFO - Processing /opt/airflow/dags/dag_job_intelligent.py took 1.102 seconds
[2026-04-29T20:46:52.027+0000] {processor.py:161} INFO - Started process (PID=420) to work on /opt/airflow/dags/dag_job_intelligent.py
[2026-04-29T20:46:52.028+0000] {processor.py:830} INFO - Processing file /opt/airflow/dags/dag_job_intelligent.py for tasks to queue
[2026-04-29T20:46:52.031+0000] {logging_mixin.py:188} INFO - [2026-04-29T20:46:52.031+0000] {dagbag.py:545} INFO - Filling up the DagBag from /opt/airflow/dags/dag_job_intelligent.py
[2026-04-29T20:46:52.083+0000] {processor.py:840} INFO - DAG(s) 'job_intelligent_pipeline' retrieved from /opt/airflow/dags/dag_job_intelligent.py
[2026-04-29T20:46:52.286+0000] {logging_mixin.py:188} INFO - [2026-04-29T20:46:52.286+0000] {dag.py:3096} INFO - Sync 1 DAGs
[2026-04-29T20:46:52.675+0000] {processor.py:183} INFO - Processing /opt/airflow/dags/dag_job_intelligent.py took 0.662 seconds
[2026-04-29T20:47:23.508+0000] {processor.py:161} INFO - Started process (PID=428) to work on /opt/airflow/dags/dag_job_intelligent.py
[2026-04-29T20:47:23.510+0000] {processor.py:830} INFO - Processing file /opt/airflow/dags/dag_job_intelligent.py for tasks to queue
[2026-04-29T20:47:23.522+0000] {logging_mixin.py:188} INFO - [2026-04-29T20:47:23.520+0000] {dagbag.py:545} INFO - Filling up the DagBag from /opt/airflow/dags/dag_job_intelligent.py
[2026-04-29T20:47:23.619+0000] {processor.py:840} INFO - DAG(s) 'job_intelligent_pipeline' retrieved from /opt/airflow/dags/dag_job_intelligent.py
[2026-04-29T20:47:23.752+0000] {logging_mixin.py:188} INFO - [2026-04-29T20:47:23.751+0000] {dag.py:3096} INFO - Sync 1 DAGs
[2026-04-29T20:47:23.855+0000] {processor.py:183} INFO - Processing /opt/airflow/dags/dag_job_intelligent.py took 0.372 seconds
[2026-04-29T20:47:54.205+0000] {processor.py:161} INFO - Started process (PID=442) to work on /opt/airflow/dags/dag_job_intelligent.py
[2026-04-29T20:47:54.207+0000] {processor.py:830} INFO - Processing file /opt/airflow/dags/dag_job_intelligent.py for tasks to queue
[2026-04-29T20:47:54.210+0000] {logging_mixin.py:188} INFO - [2026-04-29T20:47:54.210+0000] {dagbag.py:545} INFO - Filling up the DagBag from /opt/airflow/dags/dag_job_intelligent.py
[2026-04-29T20:47:54.273+0000] {processor.py:840} INFO - DAG(s) 'job_intelligent_pipeline' retrieved from /opt/airflow/dags/dag_job_intelligent.py
[2026-04-29T20:47:54.342+0000] {logging_mixin.py:188} INFO - [2026-04-29T20:47:54.342+0000] {dag.py:3096} INFO - Sync 1 DAGs
[2026-04-29T20:47:54.449+0000] {processor.py:183} INFO - Processing /opt/airflow/dags/dag_job_intelligent.py took 0.264 seconds
[2026-04-29T20:48:24.957+0000] {processor.py:161} INFO - Started process (PID=450) to work on /opt/airflow/dags/dag_job_intelligent.py
[2026-04-29T20:48:24.958+0000] {processor.py:830} INFO - Processing file /opt/airflow/dags/dag_job_intelligent.py for tasks to queue
[2026-04-29T20:48:24.961+0000] {logging_mixin.py:188} INFO - [2026-04-29T20:48:24.961+0000] {dagbag.py:545} INFO - Filling up the DagBag from /opt/airflow/dags/dag_job_intelligent.py
[2026-04-29T20:48:25.018+0000] {processor.py:840} INFO - DAG(s) 'job_intelligent_pipeline' retrieved from /opt/airflow/dags/dag_job_intelligent.py
[2026-04-29T20:48:25.178+0000] {logging_mixin.py:188} INFO - [2026-04-29T20:48:25.177+0000] {dag.py:3096} INFO - Sync 1 DAGs
[2026-04-29T20:48:25.276+0000] {processor.py:183} INFO - Processing /opt/airflow/dags/dag_job_intelligent.py took 0.331 seconds
[2026-04-29T20:48:55.843+0000] {processor.py:161} INFO - Started process (PID=464) to work on /opt/airflow/dags/dag_job_intelligent.py
[2026-04-29T20:48:55.845+0000] {processor.py:830} INFO - Processing file /opt/airflow/dags/dag_job_intelligent.py for tasks to queue
[2026-04-29T20:48:55.857+0000] {logging_mixin.py:188} INFO - [2026-04-29T20:48:55.856+0000] {dagbag.py:545} INFO - Filling up the DagBag from /opt/airflow/dags/dag_job_intelligent.py
[2026-04-29T20:48:55.942+0000] {processor.py:840} INFO - DAG(s) 'job_intelligent_pipeline' retrieved from /opt/airflow/dags/dag_job_intelligent.py
[2026-04-29T20:48:56.161+0000] {logging_mixin.py:188} INFO - [2026-04-29T20:48:56.161+0000] {dag.py:3096} INFO - Sync 1 DAGs
[2026-04-29T20:48:56.710+0000] {processor.py:183} INFO - Processing /opt/airflow/dags/dag_job_intelligent.py took 0.895 seconds
[2026-04-29T20:49:27.049+0000] {processor.py:161} INFO - Started process (PID=473) to work on /opt/airflow/dags/dag_job_intelligent.py
[2026-04-29T20:49:27.051+0000] {processor.py:830} INFO - Processing file /opt/airflow/dags/dag_job_intelligent.py for tasks to queue
[2026-04-29T20:49:27.067+0000] {logging_mixin.py:188} INFO - [2026-04-29T20:49:27.066+0000] {dagbag.py:545} INFO - Filling up the DagBag from /opt/airflow/dags/dag_job_intelligent.py
[2026-04-29T20:49:27.158+0000] {processor.py:840} INFO - DAG(s) 'job_intelligent_pipeline' retrieved from /opt/airflow/dags/dag_job_intelligent.py
[2026-04-29T20:49:27.294+0000] {logging_mixin.py:188} INFO - [2026-04-29T20:49:27.293+0000] {dag.py:3096} INFO - Sync 1 DAGs
[2026-04-29T20:49:27.493+0000] {processor.py:183} INFO - Processing /opt/airflow/dags/dag_job_intelligent.py took 0.463 seconds
[2026-04-29T20:49:58.246+0000] {processor.py:161} INFO - Started process (PID=486) to work on /opt/airflow/dags/dag_job_intelligent.py
[2026-04-29T20:49:58.248+0000] {processor.py:830} INFO - Processing file /opt/airflow/dags/dag_job_intelligent.py for tasks to queue
[2026-04-29T20:49:58.253+0000] {logging_mixin.py:188} INFO - [2026-04-29T20:49:58.252+0000] {dagbag.py:545} INFO - Filling up the DagBag from /opt/airflow/dags/dag_job_intelligent.py
[2026-04-29T20:49:58.335+0000] {processor.py:840} INFO - DAG(s) 'job_intelligent_pipeline' retrieved from /opt/airflow/dags/dag_job_intelligent.py
[2026-04-29T20:49:58.445+0000] {logging_mixin.py:188} INFO - [2026-04-29T20:49:58.445+0000] {dag.py:3096} INFO - Sync 1 DAGs
[2026-04-29T20:49:58.622+0000] {processor.py:183} INFO - Processing /opt/airflow/dags/dag_job_intelligent.py took 0.408 seconds
[2026-04-29T20:50:29.150+0000] {processor.py:161} INFO - Started process (PID=501) to work on /opt/airflow/dags/dag_job_intelligent.py
[2026-04-29T20:50:29.152+0000] {processor.py:830} INFO - Processing file /opt/airflow/dags/dag_job_intelligent.py for tasks to queue
[2026-04-29T20:50:29.155+0000] {logging_mixin.py:188} INFO - [2026-04-29T20:50:29.154+0000] {dagbag.py:545} INFO - Filling up the DagBag from /opt/airflow/dags/dag_job_intelligent.py
[2026-04-29T20:50:29.197+0000] {processor.py:840} INFO - DAG(s) 'job_intelligent_pipeline' retrieved from /opt/airflow/dags/dag_job_intelligent.py
[2026-04-29T20:50:29.299+0000] {logging_mixin.py:188} INFO - [2026-04-29T20:50:29.298+0000] {dag.py:3096} INFO - Sync 1 DAGs
[2026-04-29T20:50:29.434+0000] {processor.py:183} INFO - Processing /opt/airflow/dags/dag_job_intelligent.py took 0.296 seconds
[2026-04-29T20:50:59.778+0000] {processor.py:161} INFO - Started process (PID=508) to work on /opt/airflow/dags/dag_job_intelligent.py
[2026-04-29T20:50:59.787+0000] {processor.py:830} INFO - Processing file /opt/airflow/dags/dag_job_intelligent.py for tasks to queue
[2026-04-29T20:50:59.792+0000] {logging_mixin.py:188} INFO - [2026-04-29T20:50:59.791+0000] {dagbag.py:545} INFO - Filling up the DagBag from /opt/airflow/dags/dag_job_intelligent.py
[2026-04-29T20:50:59.867+0000] {processor.py:840} INFO - DAG(s) 'job_intelligent_pipeline' retrieved from /opt/airflow/dags/dag_job_intelligent.py
[2026-04-29T20:50:59.973+0000] {logging_mixin.py:188} INFO - [2026-04-29T20:50:59.972+0000] {dag.py:3096} INFO - Sync 1 DAGs
[2026-04-29T20:51:00.148+0000] {processor.py:183} INFO - Processing /opt/airflow/dags/dag_job_intelligent.py took 0.392 seconds
[2026-04-29T20:51:30.350+0000] {processor.py:161} INFO - Started process (PID=521) to work on /opt/airflow/dags/dag_job_intelligent.py
[2026-04-29T20:51:30.353+0000] {processor.py:830} INFO - Processing file /opt/airflow/dags/dag_job_intelligent.py for tasks to queue
[2026-04-29T20:51:30.357+0000] {logging_mixin.py:188} INFO - [2026-04-29T20:51:30.356+0000] {dagbag.py:545} INFO - Filling up the DagBag from /opt/airflow/dags/dag_job_intelligent.py
[2026-04-29T20:51:30.394+0000] {processor.py:840} INFO - DAG(s) 'job_intelligent_pipeline' retrieved from /opt/airflow/dags/dag_job_intelligent.py
[2026-04-29T20:51:30.477+0000] {logging_mixin.py:188} INFO - [2026-04-29T20:51:30.477+0000] {dag.py:3096} INFO - Sync 1 DAGs
[2026-04-29T20:51:30.572+0000] {processor.py:183} INFO - Processing /opt/airflow/dags/dag_job_intelligent.py took 0.234 seconds
[2026-04-29T20:52:00.730+0000] {processor.py:161} INFO - Started process (PID=530) to work on /opt/airflow/dags/dag_job_intelligent.py
[2026-04-29T20:52:00.732+0000] {processor.py:830} INFO - Processing file /opt/airflow/dags/dag_job_intelligent.py for tasks to queue
[2026-04-29T20:52:00.735+0000] {logging_mixin.py:188} INFO - [2026-04-29T20:52:00.734+0000] {dagbag.py:545} INFO - Filling up the DagBag from /opt/airflow/dags/dag_job_intelligent.py
[2026-04-29T20:52:00.773+0000] {processor.py:840} INFO - DAG(s) 'job_intelligent_pipeline' retrieved from /opt/airflow/dags/dag_job_intelligent.py
[2026-04-29T20:52:00.866+0000] {logging_mixin.py:188} INFO - [2026-04-29T20:52:00.866+0000] {dag.py:3096} INFO - Sync 1 DAGs
[2026-04-29T20:52:00.992+0000] {processor.py:183} INFO - Processing /opt/airflow/dags/dag_job_intelligent.py took 0.273 seconds
[2026-04-29T20:52:31.545+0000] {processor.py:161} INFO - Started process (PID=545) to work on /opt/airflow/dags/dag_job_intelligent.py
[2026-04-29T20:52:31.553+0000] {processor.py:830} INFO - Processing file /opt/airflow/dags/dag_job_intelligent.py for tasks to queue
[2026-04-29T20:52:31.599+0000] {logging_mixin.py:188} INFO - [2026-04-29T20:52:31.598+0000] {dagbag.py:545} INFO - Filling up the DagBag from /opt/airflow/dags/dag_job_intelligent.py
[2026-04-29T20:52:31.856+0000] {processor.py:840} INFO - DAG(s) 'job_intelligent_pipeline' retrieved from /opt/airflow/dags/dag_job_intelligent.py
[2026-04-29T20:52:32.269+0000] {logging_mixin.py:188} INFO - [2026-04-29T20:52:32.268+0000] {dag.py:3096} INFO - Sync 1 DAGs
[2026-04-29T20:52:32.703+0000] {processor.py:183} INFO - Processing /opt/airflow/dags/dag_job_intelligent.py took 1.261 seconds
[2026-04-29T20:53:03.432+0000] {processor.py:161} INFO - Started process (PID=553) to work on /opt/airflow/dags/dag_job_intelligent.py
[2026-04-29T20:53:03.434+0000] {processor.py:830} INFO - Processing file /opt/airflow/dags/dag_job_intelligent.py for tasks to queue
[2026-04-29T20:53:03.436+0000] {logging_mixin.py:188} INFO - [2026-04-29T20:53:03.436+0000] {dagbag.py:545} INFO - Filling up the DagBag from /opt/airflow/dags/dag_job_intelligent.py
[2026-04-29T20:53:03.489+0000] {processor.py:840} INFO - DAG(s) 'job_intelligent_pipeline' retrieved from /opt/airflow/dags/dag_job_intelligent.py
[2026-04-29T20:53:03.558+0000] {logging_mixin.py:188} INFO - [2026-04-29T20:53:03.557+0000] {dag.py:3096} INFO - Sync 1 DAGs
[2026-04-29T20:53:03.636+0000] {processor.py:183} INFO - Processing /opt/airflow/dags/dag_job_intelligent.py took 0.215 seconds
[2026-04-29T20:53:34.619+0000] {processor.py:161} INFO - Started process (PID=573) to work on /opt/airflow/dags/dag_job_intelligent.py
[2026-04-29T20:53:34.623+0000] {processor.py:830} INFO - Processing file /opt/airflow/dags/dag_job_intelligent.py for tasks to queue
[2026-04-29T20:53:34.637+0000] {logging_mixin.py:188} INFO - [2026-04-29T20:53:34.636+0000] {dagbag.py:545} INFO - Filling up the DagBag from /opt/airflow/dags/dag_job_intelligent.py
[2026-04-29T20:53:35.119+0000] {processor.py:840} INFO - DAG(s) 'job_intelligent_pipeline' retrieved from /opt/airflow/dags/dag_job_intelligent.py
[2026-04-29T20:53:35.434+0000] {logging_mixin.py:188} INFO - [2026-04-29T20:53:35.433+0000] {dag.py:3096} INFO - Sync 1 DAGs
[2026-04-29T20:53:35.760+0000] {processor.py:183} INFO - Processing /opt/airflow/dags/dag_job_intelligent.py took 1.166 seconds
[2026-04-29T20:54:06.662+0000] {processor.py:161} INFO - Started process (PID=582) to work on /opt/airflow/dags/dag_job_intelligent.py
[2026-04-29T20:54:06.666+0000] {processor.py:830} INFO - Processing file /opt/airflow/dags/dag_job_intelligent.py for tasks to queue
[2026-04-29T20:54:06.680+0000] {logging_mixin.py:188} INFO - [2026-04-29T20:54:06.678+0000] {dagbag.py:545} INFO - Filling up the DagBag from /opt/airflow/dags/dag_job_intelligent.py
[2026-04-29T20:54:06.996+0000] {processor.py:840} INFO - DAG(s) 'job_intelligent_pipeline' retrieved from /opt/airflow/dags/dag_job_intelligent.py
[2026-04-29T20:54:07.258+0000] {logging_mixin.py:188} INFO - [2026-04-29T20:54:07.257+0000] {dag.py:3096} INFO - Sync 1 DAGs
[2026-04-29T20:54:07.397+0000] {processor.py:183} INFO - Processing /opt/airflow/dags/dag_job_intelligent.py took 0.777 seconds
[2026-04-29T20:54:37.531+0000] {processor.py:161} INFO - Started process (PID=595) to work on /opt/airflow/dags/dag_job_intelligent.py
[2026-04-29T20:54:37.532+0000] {processor.py:830} INFO - Processing file /opt/airflow/dags/dag_job_intelligent.py for tasks to queue
[2026-04-29T20:54:37.536+0000] {logging_mixin.py:188} INFO - [2026-04-29T20:54:37.535+0000] {dagbag.py:545} INFO - Filling up the DagBag from /opt/airflow/dags/dag_job_intelligent.py
[2026-04-29T20:54:37.610+0000] {processor.py:840} INFO - DAG(s) 'job_intelligent_pipeline' retrieved from /opt/airflow/dags/dag_job_intelligent.py
[2026-04-29T20:54:37.794+0000] {logging_mixin.py:188} INFO - [2026-04-29T20:54:37.793+0000] {dag.py:3096} INFO - Sync 1 DAGs
[2026-04-29T20:54:37.931+0000] {processor.py:183} INFO - Processing /opt/airflow/dags/dag_job_intelligent.py took 0.416 seconds
[2026-04-29T20:55:08.520+0000] {processor.py:161} INFO - Started process (PID=603) to work on /opt/airflow/dags/dag_job_intelligent.py
[2026-04-29T20:55:08.538+0000] {processor.py:830} INFO - Processing file /opt/airflow/dags/dag_job_intelligent.py for tasks to queue
[2026-04-29T20:55:08.543+0000] {logging_mixin.py:188} INFO - [2026-04-29T20:55:08.541+0000] {dagbag.py:545} INFO - Filling up the DagBag from /opt/airflow/dags/dag_job_intelligent.py
[2026-04-29T20:55:08.620+0000] {processor.py:840} INFO - DAG(s) 'job_intelligent_pipeline' retrieved from /opt/airflow/dags/dag_job_intelligent.py
[2026-04-29T20:55:08.759+0000] {logging_mixin.py:188} INFO - [2026-04-29T20:55:08.758+0000] {dag.py:3096} INFO - Sync 1 DAGs
[2026-04-29T20:55:08.952+0000] {processor.py:183} INFO - Processing /opt/airflow/dags/dag_job_intelligent.py took 0.455 seconds
[2026-04-29T20:55:39.481+0000] {processor.py:161} INFO - Started process (PID=618) to work on /opt/airflow/dags/dag_job_intelligent.py
[2026-04-29T20:55:39.484+0000] {processor.py:830} INFO - Processing file /opt/airflow/dags/dag_job_intelligent.py for tasks to queue
[2026-04-29T20:55:39.518+0000] {logging_mixin.py:188} INFO - [2026-04-29T20:55:39.512+0000] {dagbag.py:545} INFO - Filling up the DagBag from /opt/airflow/dags/dag_job_intelligent.py
[2026-04-29T20:55:39.799+0000] {processor.py:840} INFO - DAG(s) 'job_intelligent_pipeline' retrieved from /opt/airflow/dags/dag_job_intelligent.py
[2026-04-29T20:55:39.947+0000] {logging_mixin.py:188} INFO - [2026-04-29T20:55:39.946+0000] {dag.py:3096} INFO - Sync 1 DAGs
[2026-04-29T20:55:40.135+0000] {processor.py:183} INFO - Processing /opt/airflow/dags/dag_job_intelligent.py took 0.729 seconds
[2026-04-29T20:56:10.483+0000] {processor.py:161} INFO - Started process (PID=626) to work on /opt/airflow/dags/dag_job_intelligent.py
[2026-04-29T20:56:10.494+0000] {processor.py:830} INFO - Processing file /opt/airflow/dags/dag_job_intelligent.py for tasks to queue
[2026-04-29T20:56:10.565+0000] {logging_mixin.py:188} INFO - [2026-04-29T20:56:10.551+0000] {dagbag.py:545} INFO - Filling up the DagBag from /opt/airflow/dags/dag_job_intelligent.py
[2026-04-29T20:56:10.643+0000] {processor.py:840} INFO - DAG(s) 'job_intelligent_pipeline' retrieved from /opt/airflow/dags/dag_job_intelligent.py
[2026-04-29T20:56:10.900+0000] {logging_mixin.py:188} INFO - [2026-04-29T20:56:10.899+0000] {dag.py:3096} INFO - Sync 1 DAGs
[2026-04-29T20:56:11.183+0000] {processor.py:183} INFO - Processing /opt/airflow/dags/dag_job_intelligent.py took 0.815 seconds
[2026-04-29T20:56:41.905+0000] {processor.py:161} INFO - Started process (PID=640) to work on /opt/airflow/dags/dag_job_intelligent.py
[2026-04-29T20:56:41.938+0000] {processor.py:830} INFO - Processing file /opt/airflow/dags/dag_job_intelligent.py for tasks to queue
[2026-04-29T20:56:41.970+0000] {logging_mixin.py:188} INFO - [2026-04-29T20:56:41.969+0000] {dagbag.py:545} INFO - Filling up the DagBag from /opt/airflow/dags/dag_job_intelligent.py
[2026-04-29T20:56:42.283+0000] {processor.py:840} INFO - DAG(s) 'job_intelligent_pipeline' retrieved from /opt/airflow/dags/dag_job_intelligent.py
[2026-04-29T20:56:42.806+0000] {logging_mixin.py:188} INFO - [2026-04-29T20:56:42.805+0000] {dag.py:3096} INFO - Sync 1 DAGs
[2026-04-29T20:56:43.196+0000] {processor.py:183} INFO - Processing /opt/airflow/dags/dag_job_intelligent.py took 1.400 seconds
[2026-04-29T20:57:13.578+0000] {processor.py:161} INFO - Started process (PID=653) to work on /opt/airflow/dags/dag_job_intelligent.py
[2026-04-29T20:57:13.580+0000] {processor.py:830} INFO - Processing file /opt/airflow/dags/dag_job_intelligent.py for tasks to queue
[2026-04-29T20:57:13.584+0000] {logging_mixin.py:188} INFO - [2026-04-29T20:57:13.583+0000] {dagbag.py:545} INFO - Filling up the DagBag from /opt/airflow/dags/dag_job_intelligent.py
[2026-04-29T20:57:13.635+0000] {processor.py:840} INFO - DAG(s) 'job_intelligent_pipeline' retrieved from /opt/airflow/dags/dag_job_intelligent.py
[2026-04-29T20:57:13.719+0000] {logging_mixin.py:188} INFO - [2026-04-29T20:57:13.718+0000] {dag.py:3096} INFO - Sync 1 DAGs
[2026-04-29T20:57:13.813+0000] {processor.py:183} INFO - Processing /opt/airflow/dags/dag_job_intelligent.py took 0.251 seconds
[2026-04-29T20:57:44.656+0000] {processor.py:161} INFO - Started process (PID=662) to work on /opt/airflow/dags/dag_job_intelligent.py
[2026-04-29T20:57:44.668+0000] {processor.py:830} INFO - Processing file /opt/airflow/dags/dag_job_intelligent.py for tasks to queue
[2026-04-29T20:57:44.679+0000] {logging_mixin.py:188} INFO - [2026-04-29T20:57:44.678+0000] {dagbag.py:545} INFO - Filling up the DagBag from /opt/airflow/dags/dag_job_intelligent.py
[2026-04-29T20:57:44.773+0000] {processor.py:840} INFO - DAG(s) 'job_intelligent_pipeline' retrieved from /opt/airflow/dags/dag_job_intelligent.py
[2026-04-29T20:57:44.959+0000] {logging_mixin.py:188} INFO - [2026-04-29T20:57:44.958+0000] {dag.py:3096} INFO - Sync 1 DAGs
[2026-04-29T20:57:45.138+0000] {processor.py:183} INFO - Processing /opt/airflow/dags/dag_job_intelligent.py took 0.506 seconds
[2026-04-29T20:58:15.546+0000] {processor.py:161} INFO - Started process (PID=675) to work on /opt/airflow/dags/dag_job_intelligent.py
[2026-04-29T20:58:15.553+0000] {processor.py:830} INFO - Processing file /opt/airflow/dags/dag_job_intelligent.py for tasks to queue
[2026-04-29T20:58:15.557+0000] {logging_mixin.py:188} INFO - [2026-04-29T20:58:15.557+0000] {dagbag.py:545} INFO - Filling up the DagBag from /opt/airflow/dags/dag_job_intelligent.py
[2026-04-29T20:58:15.642+0000] {processor.py:840} INFO - DAG(s) 'job_intelligent_pipeline' retrieved from /opt/airflow/dags/dag_job_intelligent.py
[2026-04-29T20:58:15.787+0000] {logging_mixin.py:188} INFO - [2026-04-29T20:58:15.787+0000] {dag.py:3096} INFO - Sync 1 DAGs
[2026-04-29T20:58:16.079+0000] {processor.py:183} INFO - Processing /opt/airflow/dags/dag_job_intelligent.py took 0.552 seconds
[2026-04-29T20:58:47.283+0000] {processor.py:161} INFO - Started process (PID=682) to work on /opt/airflow/dags/dag_job_intelligent.py
[2026-04-29T20:58:47.288+0000] {processor.py:830} INFO - Processing file /opt/airflow/dags/dag_job_intelligent.py for tasks to queue
[2026-04-29T20:58:47.341+0000] {logging_mixin.py:188} INFO - [2026-04-29T20:58:47.341+0000] {dagbag.py:545} INFO - Filling up the DagBag from /opt/airflow/dags/dag_job_intelligent.py
[2026-04-29T20:58:47.549+0000] {processor.py:840} INFO - DAG(s) 'job_intelligent_pipeline' retrieved from /opt/airflow/dags/dag_job_intelligent.py
[2026-04-29T20:58:47.664+0000] {logging_mixin.py:188} INFO - [2026-04-29T20:58:47.664+0000] {dag.py:3096} INFO - Sync 1 DAGs
[2026-04-29T20:58:47.752+0000] {processor.py:183} INFO - Processing /opt/airflow/dags/dag_job_intelligent.py took 0.536 seconds
[2026-04-29T20:59:18.359+0000] {processor.py:161} INFO - Started process (PID=697) to work on /opt/airflow/dags/dag_job_intelligent.py
[2026-04-29T20:59:18.361+0000] {processor.py:830} INFO - Processing file /opt/airflow/dags/dag_job_intelligent.py for tasks to queue
[2026-04-29T20:59:18.364+0000] {logging_mixin.py:188} INFO - [2026-04-29T20:59:18.363+0000] {dagbag.py:545} INFO - Filling up the DagBag from /opt/airflow/dags/dag_job_intelligent.py
[2026-04-29T20:59:18.398+0000] {processor.py:840} INFO - DAG(s) 'job_intelligent_pipeline' retrieved from /opt/airflow/dags/dag_job_intelligent.py
[2026-04-29T20:59:18.461+0000] {logging_mixin.py:188} INFO - [2026-04-29T20:59:18.461+0000] {dag.py:3096} INFO - Sync 1 DAGs
[2026-04-29T20:59:18.531+0000] {processor.py:183} INFO - Processing /opt/airflow/dags/dag_job_intelligent.py took 0.188 seconds
[2026-04-29T20:59:49.384+0000] {processor.py:161} INFO - Started process (PID=706) to work on /opt/airflow/dags/dag_job_intelligent.py
[2026-04-29T20:59:49.388+0000] {processor.py:830} INFO - Processing file /opt/airflow/dags/dag_job_intelligent.py for tasks to queue
[2026-04-29T20:59:49.411+0000] {logging_mixin.py:188} INFO - [2026-04-29T20:59:49.410+0000] {dagbag.py:545} INFO - Filling up the DagBag from /opt/airflow/dags/dag_job_intelligent.py
[2026-04-29T20:59:49.849+0000] {processor.py:840} INFO - DAG(s) 'job_intelligent_pipeline' retrieved from /opt/airflow/dags/dag_job_intelligent.py
[2026-04-29T20:59:50.149+0000] {logging_mixin.py:188} INFO - [2026-04-29T20:59:50.149+0000] {dag.py:3096} INFO - Sync 1 DAGs
[2026-04-29T20:59:50.924+0000] {processor.py:183} INFO - Processing /opt/airflow/dags/dag_job_intelligent.py took 1.565 seconds
[2026-04-29T21:00:21.583+0000] {processor.py:161} INFO - Started process (PID=721) to work on /opt/airflow/dags/dag_job_intelligent.py
[2026-04-29T21:00:21.597+0000] {processor.py:830} INFO - Processing file /opt/airflow/dags/dag_job_intelligent.py for tasks to queue
[2026-04-29T21:00:21.603+0000] {logging_mixin.py:188} INFO - [2026-04-29T21:00:21.603+0000] {dagbag.py:545} INFO - Filling up the DagBag from /opt/airflow/dags/dag_job_intelligent.py
[2026-04-29T21:00:21.859+0000] {processor.py:840} INFO - DAG(s) 'job_intelligent_pipeline' retrieved from /opt/airflow/dags/dag_job_intelligent.py
[2026-04-29T21:00:22.429+0000] {logging_mixin.py:188} INFO - [2026-04-29T21:00:22.427+0000] {dag.py:3096} INFO - Sync 1 DAGs
[2026-04-29T21:00:23.362+0000] {processor.py:183} INFO - Processing /opt/airflow/dags/dag_job_intelligent.py took 1.843 seconds
[2026-04-29T21:00:54.156+0000] {processor.py:161} INFO - Started process (PID=729) to work on /opt/airflow/dags/dag_job_intelligent.py
[2026-04-29T21:00:54.163+0000] {processor.py:830} INFO - Processing file /opt/airflow/dags/dag_job_intelligent.py for tasks to queue
[2026-04-29T21:00:54.179+0000] {logging_mixin.py:188} INFO - [2026-04-29T21:00:54.168+0000] {dagbag.py:545} INFO - Filling up the DagBag from /opt/airflow/dags/dag_job_intelligent.py
[2026-04-29T21:00:54.393+0000] {processor.py:840} INFO - DAG(s) 'job_intelligent_pipeline' retrieved from /opt/airflow/dags/dag_job_intelligent.py
[2026-04-29T21:00:54.764+0000] {logging_mixin.py:188} INFO - [2026-04-29T21:00:54.763+0000] {dag.py:3096} INFO - Sync 1 DAGs
[2026-04-29T21:00:55.053+0000] {processor.py:183} INFO - Processing /opt/airflow/dags/dag_job_intelligent.py took 0.920 seconds
[2026-04-29T21:01:25.366+0000] {processor.py:161} INFO - Started process (PID=741) to work on /opt/airflow/dags/dag_job_intelligent.py
[2026-04-29T21:01:25.369+0000] {processor.py:830} INFO - Processing file /opt/airflow/dags/dag_job_intelligent.py for tasks to queue
[2026-04-29T21:01:25.384+0000] {logging_mixin.py:188} INFO - [2026-04-29T21:01:25.384+0000] {dagbag.py:545} INFO - Filling up the DagBag from /opt/airflow/dags/dag_job_intelligent.py
[2026-04-29T21:01:25.612+0000] {processor.py:840} INFO - DAG(s) 'job_intelligent_pipeline' retrieved from /opt/airflow/dags/dag_job_intelligent.py
[2026-04-29T21:01:26.091+0000] {logging_mixin.py:188} INFO - [2026-04-29T21:01:26.091+0000] {dag.py:3096} INFO - Sync 1 DAGs
[2026-04-29T21:01:26.363+0000] {processor.py:183} INFO - Processing /opt/airflow/dags/dag_job_intelligent.py took 1.048 seconds
[2026-04-29T21:01:57.345+0000] {processor.py:161} INFO - Started process (PID=749) to work on /opt/airflow/dags/dag_job_intelligent.py
[2026-04-29T21:01:57.350+0000] {processor.py:830} INFO - Processing file /opt/airflow/dags/dag_job_intelligent.py for tasks to queue
[2026-04-29T21:01:57.376+0000] {logging_mixin.py:188} INFO - [2026-04-29T21:01:57.376+0000] {dagbag.py:545} INFO - Filling up the DagBag from /opt/airflow/dags/dag_job_intelligent.py
[2026-04-29T21:01:57.652+0000] {processor.py:840} INFO - DAG(s) 'job_intelligent_pipeline' retrieved from /opt/airflow/dags/dag_job_intelligent.py
[2026-04-29T21:01:58.765+0000] {logging_mixin.py:188} INFO - [2026-04-29T21:01:58.763+0000] {dag.py:3096} INFO - Sync 1 DAGs
[2026-04-29T21:01:59.525+0000] {processor.py:183} INFO - Processing /opt/airflow/dags/dag_job_intelligent.py took 2.230 seconds
[2026-04-29T21:02:30.174+0000] {processor.py:161} INFO - Started process (PID=763) to work on /opt/airflow/dags/dag_job_intelligent.py
[2026-04-29T21:02:30.189+0000] {processor.py:830} INFO - Processing file /opt/airflow/dags/dag_job_intelligent.py for tasks to queue
[2026-04-29T21:02:30.211+0000] {logging_mixin.py:188} INFO - [2026-04-29T21:02:30.210+0000] {dagbag.py:545} INFO - Filling up the DagBag from /opt/airflow/dags/dag_job_intelligent.py
[2026-04-29T21:02:30.437+0000] {processor.py:840} INFO - DAG(s) 'job_intelligent_pipeline' retrieved from /opt/airflow/dags/dag_job_intelligent.py
[2026-04-29T21:02:30.843+0000] {logging_mixin.py:188} INFO - [2026-04-29T21:02:30.842+0000] {dag.py:3096} INFO - Sync 1 DAGs
[2026-04-29T21:02:31.309+0000] {processor.py:183} INFO - Processing /opt/airflow/dags/dag_job_intelligent.py took 1.179 seconds
[2026-04-29T21:03:01.770+0000] {processor.py:161} INFO - Started process (PID=777) to work on /opt/airflow/dags/dag_job_intelligent.py
[2026-04-29T21:03:01.780+0000] {processor.py:830} INFO - Processing file /opt/airflow/dags/dag_job_intelligent.py for tasks to queue
[2026-04-29T21:03:01.787+0000] {logging_mixin.py:188} INFO - [2026-04-29T21:03:01.787+0000] {dagbag.py:545} INFO - Filling up the DagBag from /opt/airflow/dags/dag_job_intelligent.py
[2026-04-29T21:03:01.914+0000] {processor.py:840} INFO - DAG(s) 'job_intelligent_pipeline' retrieved from /opt/airflow/dags/dag_job_intelligent.py
[2026-04-29T21:03:02.139+0000] {logging_mixin.py:188} INFO - [2026-04-29T21:03:02.138+0000] {dag.py:3096} INFO - Sync 1 DAGs
[2026-04-29T21:03:02.555+0000] {processor.py:183} INFO - Processing /opt/airflow/dags/dag_job_intelligent.py took 0.819 seconds
[2026-04-29T21:03:33.085+0000] {processor.py:161} INFO - Started process (PID=784) to work on /opt/airflow/dags/dag_job_intelligent.py
[2026-04-29T21:03:33.096+0000] {processor.py:830} INFO - Processing file /opt/airflow/dags/dag_job_intelligent.py for tasks to queue
[2026-04-29T21:03:33.114+0000] {logging_mixin.py:188} INFO - [2026-04-29T21:03:33.113+0000] {dagbag.py:545} INFO - Filling up the DagBag from /opt/airflow/dags/dag_job_intelligent.py
[2026-04-29T21:03:33.279+0000] {processor.py:840} INFO - DAG(s) 'job_intelligent_pipeline' retrieved from /opt/airflow/dags/dag_job_intelligent.py
[2026-04-29T21:03:33.532+0000] {logging_mixin.py:188} INFO - [2026-04-29T21:03:33.531+0000] {dag.py:3096} INFO - Sync 1 DAGs
[2026-04-29T21:03:33.768+0000] {processor.py:183} INFO - Processing /opt/airflow/dags/dag_job_intelligent.py took 0.716 seconds
[2026-04-29T21:04:04.765+0000] {processor.py:161} INFO - Started process (PID=798) to work on /opt/airflow/dags/dag_job_intelligent.py
[2026-04-29T21:04:04.767+0000] {processor.py:830} INFO - Processing file /opt/airflow/dags/dag_job_intelligent.py for tasks to queue
[2026-04-29T21:04:04.773+0000] {logging_mixin.py:188} INFO - [2026-04-29T21:04:04.772+0000] {dagbag.py:545} INFO - Filling up the DagBag from /opt/airflow/dags/dag_job_intelligent.py
[2026-04-29T21:04:04.868+0000] {processor.py:840} INFO - DAG(s) 'job_intelligent_pipeline' retrieved from /opt/airflow/dags/dag_job_intelligent.py
[2026-04-29T21:04:05.020+0000] {logging_mixin.py:188} INFO - [2026-04-29T21:04:05.020+0000] {dag.py:3096} INFO - Sync 1 DAGs
[2026-04-29T21:04:05.226+0000] {processor.py:183} INFO - Processing /opt/airflow/dags/dag_job_intelligent.py took 0.488 seconds
[2026-04-29T21:04:35.858+0000] {processor.py:161} INFO - Started process (PID=807) to work on /opt/airflow/dags/dag_job_intelligent.py
[2026-04-29T21:04:35.860+0000] {processor.py:830} INFO - Processing file /opt/airflow/dags/dag_job_intelligent.py for tasks to queue
[2026-04-29T21:04:35.869+0000] {logging_mixin.py:188} INFO - [2026-04-29T21:04:35.868+0000] {dagbag.py:545} INFO - Filling up the DagBag from /opt/airflow/dags/dag_job_intelligent.py
[2026-04-29T21:04:36.058+0000] {processor.py:840} INFO - DAG(s) 'job_intelligent_pipeline' retrieved from /opt/airflow/dags/dag_job_intelligent.py
[2026-04-29T21:04:36.406+0000] {logging_mixin.py:188} INFO - [2026-04-29T21:04:36.405+0000] {dag.py:3096} INFO - Sync 1 DAGs
[2026-04-29T21:04:36.712+0000] {processor.py:183} INFO - Processing /opt/airflow/dags/dag_job_intelligent.py took 0.876 seconds
[2026-04-29T21:05:07.765+0000] {processor.py:161} INFO - Started process (PID=821) to work on /opt/airflow/dags/dag_job_intelligent.py
[2026-04-29T21:05:07.789+0000] {processor.py:830} INFO - Processing file /opt/airflow/dags/dag_job_intelligent.py for tasks to queue
[2026-04-29T21:05:07.811+0000] {logging_mixin.py:188} INFO - [2026-04-29T21:05:07.810+0000] {dagbag.py:545} INFO - Filling up the DagBag from /opt/airflow/dags/dag_job_intelligent.py
[2026-04-29T21:05:08.257+0000] {processor.py:840} INFO - DAG(s) 'job_intelligent_pipeline' retrieved from /opt/airflow/dags/dag_job_intelligent.py
[2026-04-29T21:05:08.563+0000] {logging_mixin.py:188} INFO - [2026-04-29T21:05:08.562+0000] {dag.py:3096} INFO - Sync 1 DAGs
[2026-04-29T21:05:08.883+0000] {processor.py:183} INFO - Processing /opt/airflow/dags/dag_job_intelligent.py took 1.221 seconds
[2026-04-29T21:05:39.130+0000] {processor.py:161} INFO - Started process (PID=836) to work on /opt/airflow/dags/dag_job_intelligent.py
[2026-04-29T21:05:39.133+0000] {processor.py:830} INFO - Processing file /opt/airflow/dags/dag_job_intelligent.py for tasks to queue
[2026-04-29T21:05:39.147+0000] {logging_mixin.py:188} INFO - [2026-04-29T21:05:39.145+0000] {dagbag.py:545} INFO - Filling up the DagBag from /opt/airflow/dags/dag_job_intelligent.py
[2026-04-29T21:05:39.271+0000] {processor.py:840} INFO - DAG(s) 'job_intelligent_pipeline' retrieved from /opt/airflow/dags/dag_job_intelligent.py
[2026-04-29T21:05:39.361+0000] {logging_mixin.py:188} INFO - [2026-04-29T21:05:39.360+0000] {dag.py:3096} INFO - Sync 1 DAGs
[2026-04-29T21:05:39.463+0000] {processor.py:183} INFO - Processing /opt/airflow/dags/dag_job_intelligent.py took 0.354 seconds
[2026-04-29T21:06:10.330+0000] {processor.py:161} INFO - Started process (PID=848) to work on /opt/airflow/dags/dag_job_intelligent.py
[2026-04-29T21:06:10.333+0000] {processor.py:830} INFO - Processing file /opt/airflow/dags/dag_job_intelligent.py for tasks to queue
[2026-04-29T21:06:10.344+0000] {logging_mixin.py:188} INFO - [2026-04-29T21:06:10.340+0000] {dagbag.py:545} INFO - Filling up the DagBag from /opt/airflow/dags/dag_job_intelligent.py
[2026-04-29T21:06:10.499+0000] {processor.py:840} INFO - DAG(s) 'job_intelligent_pipeline' retrieved from /opt/airflow/dags/dag_job_intelligent.py
[2026-04-29T21:06:10.683+0000] {logging_mixin.py:188} INFO - [2026-04-29T21:06:10.683+0000] {dag.py:3096} INFO - Sync 1 DAGs
[2026-04-29T21:06:10.919+0000] {processor.py:183} INFO - Processing /opt/airflow/dags/dag_job_intelligent.py took 0.618 seconds
[2026-04-29T21:06:41.338+0000] {processor.py:161} INFO - Started process (PID=855) to work on /opt/airflow/dags/dag_job_intelligent.py
[2026-04-29T21:06:41.340+0000] {processor.py:830} INFO - Processing file /opt/airflow/dags/dag_job_intelligent.py for tasks to queue
[2026-04-29T21:06:41.343+0000] {logging_mixin.py:188} INFO - [2026-04-29T21:06:41.343+0000] {dagbag.py:545} INFO - Filling up the DagBag from /opt/airflow/dags/dag_job_intelligent.py
[2026-04-29T21:06:41.390+0000] {processor.py:840} INFO - DAG(s) 'job_intelligent_pipeline' retrieved from /opt/airflow/dags/dag_job_intelligent.py
[2026-04-29T21:06:41.654+0000] {logging_mixin.py:188} INFO - [2026-04-29T21:06:41.654+0000] {dag.py:3096} INFO - Sync 1 DAGs
[2026-04-29T21:06:41.899+0000] {processor.py:183} INFO - Processing /opt/airflow/dags/dag_job_intelligent.py took 0.576 seconds
[2026-04-29T21:07:12.535+0000] {processor.py:161} INFO - Started process (PID=869) to work on /opt/airflow/dags/dag_job_intelligent.py
[2026-04-29T21:07:12.537+0000] {processor.py:830} INFO - Processing file /opt/airflow/dags/dag_job_intelligent.py for tasks to queue
[2026-04-29T21:07:12.541+0000] {logging_mixin.py:188} INFO - [2026-04-29T21:07:12.540+0000] {dagbag.py:545} INFO - Filling up the DagBag from /opt/airflow/dags/dag_job_intelligent.py
[2026-04-29T21:07:12.590+0000] {processor.py:840} INFO - DAG(s) 'job_intelligent_pipeline' retrieved from /opt/airflow/dags/dag_job_intelligent.py
[2026-04-29T21:07:12.690+0000] {logging_mixin.py:188} INFO - [2026-04-29T21:07:12.690+0000] {dag.py:3096} INFO - Sync 1 DAGs
[2026-04-29T21:07:12.901+0000] {processor.py:183} INFO - Processing /opt/airflow/dags/dag_job_intelligent.py took 0.383 seconds
[2026-04-29T21:07:43.149+0000] {processor.py:161} INFO - Started process (PID=877) to work on /opt/airflow/dags/dag_job_intelligent.py
[2026-04-29T21:07:43.159+0000] {processor.py:830} INFO - Processing file /opt/airflow/dags/dag_job_intelligent.py for tasks to queue
[2026-04-29T21:07:43.163+0000] {logging_mixin.py:188} INFO - [2026-04-29T21:07:43.162+0000] {dagbag.py:545} INFO - Filling up the DagBag from /opt/airflow/dags/dag_job_intelligent.py
[2026-04-29T21:07:43.223+0000] {processor.py:840} INFO - DAG(s) 'job_intelligent_pipeline' retrieved from /opt/airflow/dags/dag_job_intelligent.py
[2026-04-29T21:07:43.370+0000] {logging_mixin.py:188} INFO - [2026-04-29T21:07:43.366+0000] {dag.py:3096} INFO - Sync 1 DAGs
[2026-04-29T21:07:43.514+0000] {processor.py:183} INFO - Processing /opt/airflow/dags/dag_job_intelligent.py took 0.385 seconds
[2026-04-29T21:08:14.591+0000] {processor.py:161} INFO - Started process (PID=891) to work on /opt/airflow/dags/dag_job_intelligent.py
[2026-04-29T21:08:14.597+0000] {processor.py:830} INFO - Processing file /opt/airflow/dags/dag_job_intelligent.py for tasks to queue
[2026-04-29T21:08:14.614+0000] {logging_mixin.py:188} INFO - [2026-04-29T21:08:14.602+0000] {dagbag.py:545} INFO - Filling up the DagBag from /opt/airflow/dags/dag_job_intelligent.py
[2026-04-29T21:08:15.130+0000] {processor.py:840} INFO - DAG(s) 'job_intelligent_pipeline' retrieved from /opt/airflow/dags/dag_job_intelligent.py
[2026-04-29T21:08:15.299+0000] {logging_mixin.py:188} INFO - [2026-04-29T21:08:15.298+0000] {dag.py:3096} INFO - Sync 1 DAGs
[2026-04-29T21:08:15.447+0000] {processor.py:183} INFO - Processing /opt/airflow/dags/dag_job_intelligent.py took 0.884 seconds
[2026-04-29T21:08:46.442+0000] {processor.py:161} INFO - Started process (PID=907) to work on /opt/airflow/dags/dag_job_intelligent.py
[2026-04-29T21:08:46.445+0000] {processor.py:830} INFO - Processing file /opt/airflow/dags/dag_job_intelligent.py for tasks to queue
[2026-04-29T21:08:46.450+0000] {logging_mixin.py:188} INFO - [2026-04-29T21:08:46.449+0000] {dagbag.py:545} INFO - Filling up the DagBag from /opt/airflow/dags/dag_job_intelligent.py
[2026-04-29T21:08:46.585+0000] {processor.py:840} INFO - DAG(s) 'job_intelligent_pipeline' retrieved from /opt/airflow/dags/dag_job_intelligent.py
[2026-04-29T21:08:46.689+0000] {logging_mixin.py:188} INFO - [2026-04-29T21:08:46.689+0000] {dag.py:3096} INFO - Sync 1 DAGs
[2026-04-29T21:08:46.919+0000] {processor.py:183} INFO - Processing /opt/airflow/dags/dag_job_intelligent.py took 0.498 seconds
[2026-04-29T21:09:17.486+0000] {processor.py:161} INFO - Started process (PID=915) to work on /opt/airflow/dags/dag_job_intelligent.py
[2026-04-29T21:09:17.487+0000] {processor.py:830} INFO - Processing file /opt/airflow/dags/dag_job_intelligent.py for tasks to queue
[2026-04-29T21:09:17.491+0000] {logging_mixin.py:188} INFO - [2026-04-29T21:09:17.490+0000] {dagbag.py:545} INFO - Filling up the DagBag from /opt/airflow/dags/dag_job_intelligent.py
[2026-04-29T21:09:17.562+0000] {processor.py:840} INFO - DAG(s) 'job_intelligent_pipeline' retrieved from /opt/airflow/dags/dag_job_intelligent.py
[2026-04-29T21:09:17.696+0000] {logging_mixin.py:188} INFO - [2026-04-29T21:09:17.695+0000] {dag.py:3096} INFO - Sync 1 DAGs
[2026-04-29T21:09:17.834+0000] {processor.py:183} INFO - Processing /opt/airflow/dags/dag_job_intelligent.py took 0.359 seconds
[2026-04-29T21:09:48.105+0000] {processor.py:161} INFO - Started process (PID=929) to work on /opt/airflow/dags/dag_job_intelligent.py
[2026-04-29T21:09:48.106+0000] {processor.py:830} INFO - Processing file /opt/airflow/dags/dag_job_intelligent.py for tasks to queue
[2026-04-29T21:09:48.109+0000] {logging_mixin.py:188} INFO - [2026-04-29T21:09:48.108+0000] {dagbag.py:545} INFO - Filling up the DagBag from /opt/airflow/dags/dag_job_intelligent.py
[2026-04-29T21:09:48.144+0000] {processor.py:840} INFO - DAG(s) 'job_intelligent_pipeline' retrieved from /opt/airflow/dags/dag_job_intelligent.py
[2026-04-29T21:09:48.254+0000] {logging_mixin.py:188} INFO - [2026-04-29T21:09:48.253+0000] {dag.py:3096} INFO - Sync 1 DAGs
[2026-04-29T21:09:48.430+0000] {processor.py:183} INFO - Processing /opt/airflow/dags/dag_job_intelligent.py took 0.335 seconds
[2026-04-29T21:10:18.739+0000] {processor.py:161} INFO - Started process (PID=936) to work on /opt/airflow/dags/dag_job_intelligent.py
[2026-04-29T21:10:18.742+0000] {processor.py:830} INFO - Processing file /opt/airflow/dags/dag_job_intelligent.py for tasks to queue
[2026-04-29T21:10:18.748+0000] {logging_mixin.py:188} INFO - [2026-04-29T21:10:18.747+0000] {dagbag.py:545} INFO - Filling up the DagBag from /opt/airflow/dags/dag_job_intelligent.py
[2026-04-29T21:10:18.798+0000] {processor.py:840} INFO - DAG(s) 'job_intelligent_pipeline' retrieved from /opt/airflow/dags/dag_job_intelligent.py
[2026-04-29T21:10:18.867+0000] {logging_mixin.py:188} INFO - [2026-04-29T21:10:18.867+0000] {dag.py:3096} INFO - Sync 1 DAGs
[2026-04-29T21:10:18.960+0000] {processor.py:183} INFO - Processing /opt/airflow/dags/dag_job_intelligent.py took 0.290 seconds
[2026-04-29T21:10:49.795+0000] {processor.py:161} INFO - Started process (PID=950) to work on /opt/airflow/dags/dag_job_intelligent.py
[2026-04-29T21:10:49.797+0000] {processor.py:830} INFO - Processing file /opt/airflow/dags/dag_job_intelligent.py for tasks to queue
[2026-04-29T21:10:49.800+0000] {logging_mixin.py:188} INFO - [2026-04-29T21:10:49.800+0000] {dagbag.py:545} INFO - Filling up the DagBag from /opt/airflow/dags/dag_job_intelligent.py
[2026-04-29T21:10:49.845+0000] {processor.py:840} INFO - DAG(s) 'job_intelligent_pipeline' retrieved from /opt/airflow/dags/dag_job_intelligent.py
[2026-04-29T21:10:49.916+0000] {logging_mixin.py:188} INFO - [2026-04-29T21:10:49.916+0000] {dag.py:3096} INFO - Sync 1 DAGs
[2026-04-29T21:10:50.069+0000] {processor.py:183} INFO - Processing /opt/airflow/dags/dag_job_intelligent.py took 0.286 seconds
[2026-04-29T21:11:20.550+0000] {processor.py:161} INFO - Started process (PID=958) to work on /opt/airflow/dags/dag_job_intelligent.py
[2026-04-29T21:11:20.551+0000] {processor.py:830} INFO - Processing file /opt/airflow/dags/dag_job_intelligent.py for tasks to queue
[2026-04-29T21:11:20.555+0000] {logging_mixin.py:188} INFO - [2026-04-29T21:11:20.554+0000] {dagbag.py:545} INFO - Filling up the DagBag from /opt/airflow/dags/dag_job_intelligent.py
[2026-04-29T21:11:20.600+0000] {processor.py:840} INFO - DAG(s) 'job_intelligent_pipeline' retrieved from /opt/airflow/dags/dag_job_intelligent.py
[2026-04-29T21:11:20.681+0000] {logging_mixin.py:188} INFO - [2026-04-29T21:11:20.680+0000] {dag.py:3096} INFO - Sync 1 DAGs
[2026-04-29T21:11:20.761+0000] {processor.py:183} INFO - Processing /opt/airflow/dags/dag_job_intelligent.py took 0.224 seconds
[2026-04-29T21:11:51.416+0000] {processor.py:161} INFO - Started process (PID=973) to work on /opt/airflow/dags/dag_job_intelligent.py
[2026-04-29T21:11:51.418+0000] {processor.py:830} INFO - Processing file /opt/airflow/dags/dag_job_intelligent.py for tasks to queue
[2026-04-29T21:11:51.423+0000] {logging_mixin.py:188} INFO - [2026-04-29T21:11:51.422+0000] {dagbag.py:545} INFO - Filling up the DagBag from /opt/airflow/dags/dag_job_intelligent.py
[2026-04-29T21:11:51.487+0000] {processor.py:840} INFO - DAG(s) 'job_intelligent_pipeline' retrieved from /opt/airflow/dags/dag_job_intelligent.py
[2026-04-29T21:11:51.616+0000] {logging_mixin.py:188} INFO - [2026-04-29T21:11:51.615+0000] {dag.py:3096} INFO - Sync 1 DAGs
[2026-04-29T21:11:51.806+0000] {processor.py:183} INFO - Processing /opt/airflow/dags/dag_job_intelligent.py took 0.411 seconds
[2026-04-29T21:12:22.154+0000] {processor.py:161} INFO - Started process (PID=981) to work on /opt/airflow/dags/dag_job_intelligent.py
[2026-04-29T21:12:22.156+0000] {processor.py:830} INFO - Processing file /opt/airflow/dags/dag_job_intelligent.py for tasks to queue
[2026-04-29T21:12:22.169+0000] {logging_mixin.py:188} INFO - [2026-04-29T21:12:22.168+0000] {dagbag.py:545} INFO - Filling up the DagBag from /opt/airflow/dags/dag_job_intelligent.py
[2026-04-29T21:12:22.253+0000] {processor.py:840} INFO - DAG(s) 'job_intelligent_pipeline' retrieved from /opt/airflow/dags/dag_job_intelligent.py
[2026-04-29T21:12:22.370+0000] {logging_mixin.py:188} INFO - [2026-04-29T21:12:22.369+0000] {dag.py:3096} INFO - Sync 1 DAGs
[2026-04-29T21:12:22.498+0000] {processor.py:183} INFO - Processing /opt/airflow/dags/dag_job_intelligent.py took 0.371 seconds
[2026-04-29T21:12:53.283+0000] {processor.py:161} INFO - Started process (PID=995) to work on /opt/airflow/dags/dag_job_intelligent.py
[2026-04-29T21:12:53.289+0000] {processor.py:830} INFO - Processing file /opt/airflow/dags/dag_job_intelligent.py for tasks to queue
[2026-04-29T21:12:53.297+0000] {logging_mixin.py:188} INFO - [2026-04-29T21:12:53.296+0000] {dagbag.py:545} INFO - Filling up the DagBag from /opt/airflow/dags/dag_job_intelligent.py
[2026-04-29T21:12:53.362+0000] {processor.py:840} INFO - DAG(s) 'job_intelligent_pipeline' retrieved from /opt/airflow/dags/dag_job_intelligent.py
[2026-04-29T21:12:53.464+0000] {logging_mixin.py:188} INFO - [2026-04-29T21:12:53.463+0000] {dag.py:3096} INFO - Sync 1 DAGs
[2026-04-29T21:12:53.626+0000] {processor.py:183} INFO - Processing /opt/airflow/dags/dag_job_intelligent.py took 0.368 seconds
[2026-04-29T21:13:24.162+0000] {processor.py:161} INFO - Started process (PID=1003) to work on /opt/airflow/dags/dag_job_intelligent.py
[2026-04-29T21:13:24.180+0000] {processor.py:830} INFO - Processing file /opt/airflow/dags/dag_job_intelligent.py for tasks to queue
[2026-04-29T21:13:24.221+0000] {logging_mixin.py:188} INFO - [2026-04-29T21:13:24.220+0000] {dagbag.py:545} INFO - Filling up the DagBag from /opt/airflow/dags/dag_job_intelligent.py
[2026-04-29T21:13:24.419+0000] {processor.py:840} INFO - DAG(s) 'job_intelligent_pipeline' retrieved from /opt/airflow/dags/dag_job_intelligent.py
[2026-04-29T21:13:24.556+0000] {logging_mixin.py:188} INFO - [2026-04-29T21:13:24.556+0000] {dag.py:3096} INFO - Sync 1 DAGs
[2026-04-29T21:13:24.695+0000] {processor.py:183} INFO - Processing /opt/airflow/dags/dag_job_intelligent.py took 0.603 seconds
[2026-04-29T21:13:55.554+0000] {processor.py:161} INFO - Started process (PID=1017) to work on /opt/airflow/dags/dag_job_intelligent.py
[2026-04-29T21:13:55.567+0000] {processor.py:830} INFO - Processing file /opt/airflow/dags/dag_job_intelligent.py for tasks to queue
[2026-04-29T21:13:55.571+0000] {logging_mixin.py:188} INFO - [2026-04-29T21:13:55.570+0000] {dagbag.py:545} INFO - Filling up the DagBag from /opt/airflow/dags/dag_job_intelligent.py
[2026-04-29T21:13:55.621+0000] {processor.py:840} INFO - DAG(s) 'job_intelligent_pipeline' retrieved from /opt/airflow/dags/dag_job_intelligent.py
[2026-04-29T21:13:55.754+0000] {logging_mixin.py:188} INFO - [2026-04-29T21:13:55.753+0000] {dag.py:3096} INFO - Sync 1 DAGs
[2026-04-29T21:13:55.951+0000] {processor.py:183} INFO - Processing /opt/airflow/dags/dag_job_intelligent.py took 0.426 seconds
[2026-04-29T21:14:26.499+0000] {processor.py:161} INFO - Started process (PID=1025) to work on /opt/airflow/dags/dag_job_intelligent.py
[2026-04-29T21:14:26.502+0000] {processor.py:830} INFO - Processing file /opt/airflow/dags/dag_job_intelligent.py for tasks to queue
[2026-04-29T21:14:26.529+0000] {logging_mixin.py:188} INFO - [2026-04-29T21:14:26.528+0000] {dagbag.py:545} INFO - Filling up the DagBag from /opt/airflow/dags/dag_job_intelligent.py
[2026-04-29T21:14:26.629+0000] {processor.py:840} INFO - DAG(s) 'job_intelligent_pipeline' retrieved from /opt/airflow/dags/dag_job_intelligent.py
[2026-04-29T21:14:26.737+0000] {logging_mixin.py:188} INFO - [2026-04-29T21:14:26.737+0000] {dag.py:3096} INFO - Sync 1 DAGs
[2026-04-29T21:14:26.959+0000] {processor.py:183} INFO - Processing /opt/airflow/dags/dag_job_intelligent.py took 0.491 seconds
[2026-04-29T21:14:58.026+0000] {processor.py:161} INFO - Started process (PID=1039) to work on /opt/airflow/dags/dag_job_intelligent.py
[2026-04-29T21:14:58.047+0000] {processor.py:830} INFO - Processing file /opt/airflow/dags/dag_job_intelligent.py for tasks to queue
[2026-04-29T21:14:58.061+0000] {logging_mixin.py:188} INFO - [2026-04-29T21:14:58.060+0000] {dagbag.py:545} INFO - Filling up the DagBag from /opt/airflow/dags/dag_job_intelligent.py
[2026-04-29T21:14:58.284+0000] {processor.py:840} INFO - DAG(s) 'job_intelligent_pipeline' retrieved from /opt/airflow/dags/dag_job_intelligent.py
[2026-04-29T21:14:58.533+0000] {logging_mixin.py:188} INFO - [2026-04-29T21:14:58.532+0000] {dag.py:3096} INFO - Sync 1 DAGs
[2026-04-29T21:14:58.830+0000] {processor.py:183} INFO - Processing /opt/airflow/dags/dag_job_intelligent.py took 0.846 seconds
[2026-04-29T21:15:30.174+0000] {processor.py:161} INFO - Started process (PID=1052) to work on /opt/airflow/dags/dag_job_intelligent.py
[2026-04-29T21:15:30.206+0000] {processor.py:830} INFO - Processing file /opt/airflow/dags/dag_job_intelligent.py for tasks to queue
[2026-04-29T21:15:30.215+0000] {logging_mixin.py:188} INFO - [2026-04-29T21:15:30.215+0000] {dagbag.py:545} INFO - Filling up the DagBag from /opt/airflow/dags/dag_job_intelligent.py
[2026-04-29T21:15:30.309+0000] {processor.py:840} INFO - DAG(s) 'job_intelligent_pipeline' retrieved from /opt/airflow/dags/dag_job_intelligent.py
[2026-04-29T21:15:30.655+0000] {logging_mixin.py:188} INFO - [2026-04-29T21:15:30.655+0000] {dag.py:3096} INFO - Sync 1 DAGs
[2026-04-29T21:15:30.831+0000] {processor.py:183} INFO - Processing /opt/airflow/dags/dag_job_intelligent.py took 0.695 seconds
[2026-04-29T21:16:01.204+0000] {processor.py:161} INFO - Started process (PID=1060) to work on /opt/airflow/dags/dag_job_intelligent.py
[2026-04-29T21:16:01.206+0000] {processor.py:830} INFO - Processing file /opt/airflow/dags/dag_job_intelligent.py for tasks to queue
[2026-04-29T21:16:01.212+0000] {logging_mixin.py:188} INFO - [2026-04-29T21:16:01.211+0000] {dagbag.py:545} INFO - Filling up the DagBag from /opt/airflow/dags/dag_job_intelligent.py
[2026-04-29T21:16:01.294+0000] {processor.py:840} INFO - DAG(s) 'job_intelligent_pipeline' retrieved from /opt/airflow/dags/dag_job_intelligent.py
[2026-04-29T21:16:01.385+0000] {logging_mixin.py:188} INFO - [2026-04-29T21:16:01.385+0000] {dag.py:3096} INFO - Sync 1 DAGs
[2026-04-29T21:16:01.466+0000] {processor.py:183} INFO - Processing /opt/airflow/dags/dag_job_intelligent.py took 0.295 seconds
[2026-04-29T21:16:32.237+0000] {processor.py:161} INFO - Started process (PID=1075) to work on /opt/airflow/dags/dag_job_intelligent.py
[2026-04-29T21:16:32.239+0000] {processor.py:830} INFO - Processing file /opt/airflow/dags/dag_job_intelligent.py for tasks to queue
[2026-04-29T21:16:32.243+0000] {logging_mixin.py:188} INFO - [2026-04-29T21:16:32.242+0000] {dagbag.py:545} INFO - Filling up the DagBag from /opt/airflow/dags/dag_job_intelligent.py
[2026-04-29T21:16:32.414+0000] {processor.py:840} INFO - DAG(s) 'job_intelligent_pipeline' retrieved from /opt/airflow/dags/dag_job_intelligent.py
[2026-04-29T21:16:32.601+0000] {logging_mixin.py:188} INFO - [2026-04-29T21:16:32.597+0000] {dag.py:3096} INFO - Sync 1 DAGs
[2026-04-29T21:16:32.774+0000] {processor.py:183} INFO - Processing /opt/airflow/dags/dag_job_intelligent.py took 0.552 seconds
[2026-04-29T21:17:03.589+0000] {processor.py:161} INFO - Started process (PID=1087) to work on /opt/airflow/dags/dag_job_intelligent.py
[2026-04-29T21:17:03.590+0000] {processor.py:830} INFO - Processing file /opt/airflow/dags/dag_job_intelligent.py for tasks to queue
[2026-04-29T21:17:03.593+0000] {logging_mixin.py:188} INFO - [2026-04-29T21:17:03.592+0000] {dagbag.py:545} INFO - Filling up the DagBag from /opt/airflow/dags/dag_job_intelligent.py
[2026-04-29T21:17:03.643+0000] {processor.py:840} INFO - DAG(s) 'job_intelligent_pipeline' retrieved from /opt/airflow/dags/dag_job_intelligent.py
[2026-04-29T21:17:03.715+0000] {logging_mixin.py:188} INFO - [2026-04-29T21:17:03.714+0000] {dag.py:3096} INFO - Sync 1 DAGs
[2026-04-29T21:17:03.854+0000] {processor.py:183} INFO - Processing /opt/airflow/dags/dag_job_intelligent.py took 0.283 seconds
[2026-04-29T21:17:34.750+0000] {processor.py:161} INFO - Started process (PID=1101) to work on /opt/airflow/dags/dag_job_intelligent.py
[2026-04-29T21:17:34.751+0000] {processor.py:830} INFO - Processing file /opt/airflow/dags/dag_job_intelligent.py for tasks to queue
[2026-04-29T21:17:34.759+0000] {logging_mixin.py:188} INFO - [2026-04-29T21:17:34.758+0000] {dagbag.py:545} INFO - Filling up the DagBag from /opt/airflow/dags/dag_job_intelligent.py
[2026-04-29T21:17:34.801+0000] {processor.py:840} INFO - DAG(s) 'job_intelligent_pipeline' retrieved from /opt/airflow/dags/dag_job_intelligent.py
[2026-04-29T21:17:34.875+0000] {logging_mixin.py:188} INFO - [2026-04-29T21:17:34.875+0000] {dag.py:3096} INFO - Sync 1 DAGs
[2026-04-29T21:17:35.000+0000] {processor.py:183} INFO - Processing /opt/airflow/dags/dag_job_intelligent.py took 0.278 seconds
[2026-04-29T21:18:05.478+0000] {processor.py:161} INFO - Started process (PID=1109) to work on /opt/airflow/dags/dag_job_intelligent.py
[2026-04-29T21:18:05.494+0000] {processor.py:830} INFO - Processing file /opt/airflow/dags/dag_job_intelligent.py for tasks to queue
[2026-04-29T21:18:05.509+0000] {logging_mixin.py:188} INFO - [2026-04-29T21:18:05.508+0000] {dagbag.py:545} INFO - Filling up the DagBag from /opt/airflow/dags/dag_job_intelligent.py
[2026-04-29T21:18:05.689+0000] {processor.py:840} INFO - DAG(s) 'job_intelligent_pipeline' retrieved from /opt/airflow/dags/dag_job_intelligent.py
[2026-04-29T21:18:06.037+0000] {logging_mixin.py:188} INFO - [2026-04-29T21:18:06.036+0000] {dag.py:3096} INFO - Sync 1 DAGs
[2026-04-29T21:18:06.242+0000] {processor.py:183} INFO - Processing /opt/airflow/dags/dag_job_intelligent.py took 0.810 seconds
[2026-04-29T21:18:37.088+0000] {processor.py:161} INFO - Started process (PID=1122) to work on /opt/airflow/dags/dag_job_intelligent.py
[2026-04-29T21:18:37.090+0000] {processor.py:830} INFO - Processing file /opt/airflow/dags/dag_job_intelligent.py for tasks to queue
[2026-04-29T21:18:37.104+0000] {logging_mixin.py:188} INFO - [2026-04-29T21:18:37.098+0000] {dagbag.py:545} INFO - Filling up the DagBag from /opt/airflow/dags/dag_job_intelligent.py
[2026-04-29T21:18:37.208+0000] {processor.py:840} INFO - DAG(s) 'job_intelligent_pipeline' retrieved from /opt/airflow/dags/dag_job_intelligent.py
[2026-04-29T21:18:37.457+0000] {logging_mixin.py:188} INFO - [2026-04-29T21:18:37.455+0000] {dag.py:3096} INFO - Sync 1 DAGs
[2026-04-29T21:18:37.729+0000] {processor.py:183} INFO - Processing /opt/airflow/dags/dag_job_intelligent.py took 0.676 seconds
[2026-04-29T21:19:08.513+0000] {processor.py:161} INFO - Started process (PID=1130) to work on /opt/airflow/dags/dag_job_intelligent.py
[2026-04-29T21:19:08.519+0000] {processor.py:830} INFO - Processing file /opt/airflow/dags/dag_job_intelligent.py for tasks to queue
[2026-04-29T21:19:08.525+0000] {logging_mixin.py:188} INFO - [2026-04-29T21:19:08.525+0000] {dagbag.py:545} INFO - Filling up the DagBag from /opt/airflow/dags/dag_job_intelligent.py
[2026-04-29T21:19:08.686+0000] {processor.py:840} INFO - DAG(s) 'job_intelligent_pipeline' retrieved from /opt/airflow/dags/dag_job_intelligent.py
[2026-04-29T21:19:09.042+0000] {logging_mixin.py:188} INFO - [2026-04-29T21:19:09.042+0000] {dag.py:3096} INFO - Sync 1 DAGs
[2026-04-29T21:19:09.449+0000] {processor.py:183} INFO - Processing /opt/airflow/dags/dag_job_intelligent.py took 0.956 seconds
[2026-04-29T21:19:40.352+0000] {processor.py:161} INFO - Started process (PID=1144) to work on /opt/airflow/dags/dag_job_intelligent.py
[2026-04-29T21:19:40.358+0000] {processor.py:830} INFO - Processing file /opt/airflow/dags/dag_job_intelligent.py for tasks to queue
[2026-04-29T21:19:40.369+0000] {logging_mixin.py:188} INFO - [2026-04-29T21:19:40.367+0000] {dagbag.py:545} INFO - Filling up the DagBag from /opt/airflow/dags/dag_job_intelligent.py
[2026-04-29T21:19:40.468+0000] {processor.py:840} INFO - DAG(s) 'job_intelligent_pipeline' retrieved from /opt/airflow/dags/dag_job_intelligent.py
[2026-04-29T21:19:40.667+0000] {logging_mixin.py:188} INFO - [2026-04-29T21:19:40.666+0000] {dag.py:3096} INFO - Sync 1 DAGs
[2026-04-29T21:19:40.875+0000] {processor.py:183} INFO - Processing /opt/airflow/dags/dag_job_intelligent.py took 0.563 seconds
[2026-04-29T21:20:11.167+0000] {processor.py:161} INFO - Started process (PID=1151) to work on /opt/airflow/dags/dag_job_intelligent.py
[2026-04-29T21:20:11.169+0000] {processor.py:830} INFO - Processing file /opt/airflow/dags/dag_job_intelligent.py for tasks to queue
[2026-04-29T21:20:11.182+0000] {logging_mixin.py:188} INFO - [2026-04-29T21:20:11.181+0000] {dagbag.py:545} INFO - Filling up the DagBag from /opt/airflow/dags/dag_job_intelligent.py
[2026-04-29T21:20:11.301+0000] {processor.py:840} INFO - DAG(s) 'job_intelligent_pipeline' retrieved from /opt/airflow/dags/dag_job_intelligent.py
[2026-04-29T21:20:11.624+0000] {logging_mixin.py:188} INFO - [2026-04-29T21:20:11.623+0000] {dag.py:3096} INFO - Sync 1 DAGs
[2026-04-29T21:20:11.948+0000] {processor.py:183} INFO - Processing /opt/airflow/dags/dag_job_intelligent.py took 0.802 seconds
[2026-04-29T21:20:42.232+0000] {processor.py:161} INFO - Started process (PID=1165) to work on /opt/airflow/dags/dag_job_intelligent.py
[2026-04-29T21:20:42.234+0000] {processor.py:830} INFO - Processing file /opt/airflow/dags/dag_job_intelligent.py for tasks to queue
[2026-04-29T21:20:42.238+0000] {logging_mixin.py:188} INFO - [2026-04-29T21:20:42.237+0000] {dagbag.py:545} INFO - Filling up the DagBag from /opt/airflow/dags/dag_job_intelligent.py
[2026-04-29T21:20:42.286+0000] {processor.py:840} INFO - DAG(s) 'job_intelligent_pipeline' retrieved from /opt/airflow/dags/dag_job_intelligent.py
[2026-04-29T21:20:42.405+0000] {logging_mixin.py:188} INFO - [2026-04-29T21:20:42.405+0000] {dag.py:3096} INFO - Sync 1 DAGs
[2026-04-29T21:20:42.560+0000] {processor.py:183} INFO - Processing /opt/airflow/dags/dag_job_intelligent.py took 0.357 seconds
[2026-04-29T21:21:13.284+0000] {processor.py:161} INFO - Started process (PID=1178) to work on /opt/airflow/dags/dag_job_intelligent.py
[2026-04-29T21:21:13.289+0000] {processor.py:830} INFO - Processing file /opt/airflow/dags/dag_job_intelligent.py for tasks to queue
[2026-04-29T21:21:13.297+0000] {logging_mixin.py:188} INFO - [2026-04-29T21:21:13.296+0000] {dagbag.py:545} INFO - Filling up the DagBag from /opt/airflow/dags/dag_job_intelligent.py
[2026-04-29T21:21:13.389+0000] {processor.py:840} INFO - DAG(s) 'job_intelligent_pipeline' retrieved from /opt/airflow/dags/dag_job_intelligent.py
[2026-04-29T21:21:13.566+0000] {logging_mixin.py:188} INFO - [2026-04-29T21:21:13.565+0000] {dag.py:3096} INFO - Sync 1 DAGs
[2026-04-29T21:21:13.746+0000] {processor.py:183} INFO - Processing /opt/airflow/dags/dag_job_intelligent.py took 0.482 seconds
[2026-04-29T21:21:43.921+0000] {processor.py:161} INFO - Started process (PID=1186) to work on /opt/airflow/dags/dag_job_intelligent.py
[2026-04-29T21:21:43.922+0000] {processor.py:830} INFO - Processing file /opt/airflow/dags/dag_job_intelligent.py for tasks to queue
[2026-04-29T21:21:43.926+0000] {logging_mixin.py:188} INFO - [2026-04-29T21:21:43.926+0000] {dagbag.py:545} INFO - Filling up the DagBag from /opt/airflow/dags/dag_job_intelligent.py
[2026-04-29T21:21:43.986+0000] {processor.py:840} INFO - DAG(s) 'job_intelligent_pipeline' retrieved from /opt/airflow/dags/dag_job_intelligent.py
[2026-04-29T21:21:44.191+0000] {logging_mixin.py:188} INFO - [2026-04-29T21:21:44.190+0000] {dag.py:3096} INFO - Sync 1 DAGs
[2026-04-29T21:21:44.694+0000] {processor.py:183} INFO - Processing /opt/airflow/dags/dag_job_intelligent.py took 0.787 seconds
[2026-04-29T21:22:15.247+0000] {processor.py:161} INFO - Started process (PID=1201) to work on /opt/airflow/dags/dag_job_intelligent.py
[2026-04-29T21:22:15.252+0000] {processor.py:830} INFO - Processing file /opt/airflow/dags/dag_job_intelligent.py for tasks to queue
[2026-04-29T21:22:15.261+0000] {logging_mixin.py:188} INFO - [2026-04-29T21:22:15.259+0000] {dagbag.py:545} INFO - Filling up the DagBag from /opt/airflow/dags/dag_job_intelligent.py
[2026-04-29T21:22:15.531+0000] {processor.py:840} INFO - DAG(s) 'job_intelligent_pipeline' retrieved from /opt/airflow/dags/dag_job_intelligent.py
[2026-04-29T21:22:15.861+0000] {logging_mixin.py:188} INFO - [2026-04-29T21:22:15.860+0000] {dag.py:3096} INFO - Sync 1 DAGs
[2026-04-29T21:22:16.095+0000] {processor.py:183} INFO - Processing /opt/airflow/dags/dag_job_intelligent.py took 0.865 seconds
[2026-04-29T21:22:47.000+0000] {processor.py:161} INFO - Started process (PID=1209) to work on /opt/airflow/dags/dag_job_intelligent.py
[2026-04-29T21:22:47.002+0000] {processor.py:830} INFO - Processing file /opt/airflow/dags/dag_job_intelligent.py for tasks to queue
[2026-04-29T21:22:47.010+0000] {logging_mixin.py:188} INFO - [2026-04-29T21:22:47.009+0000] {dagbag.py:545} INFO - Filling up the DagBag from /opt/airflow/dags/dag_job_intelligent.py
[2026-04-29T21:22:47.227+0000] {processor.py:840} INFO - DAG(s) 'job_intelligent_pipeline' retrieved from /opt/airflow/dags/dag_job_intelligent.py
[2026-04-29T21:22:47.439+0000] {logging_mixin.py:188} INFO - [2026-04-29T21:22:47.439+0000] {dag.py:3096} INFO - Sync 1 DAGs
[2026-04-29T21:22:47.580+0000] {processor.py:183} INFO - Processing /opt/airflow/dags/dag_job_intelligent.py took 0.602 seconds
[2026-04-29T21:23:18.832+0000] {processor.py:161} INFO - Started process (PID=1224) to work on /opt/airflow/dags/dag_job_intelligent.py
[2026-04-29T21:23:18.842+0000] {processor.py:830} INFO - Processing file /opt/airflow/dags/dag_job_intelligent.py for tasks to queue
[2026-04-29T21:23:18.847+0000] {logging_mixin.py:188} INFO - [2026-04-29T21:23:18.846+0000] {dagbag.py:545} INFO - Filling up the DagBag from /opt/airflow/dags/dag_job_intelligent.py
[2026-04-29T21:23:19.005+0000] {processor.py:840} INFO - DAG(s) 'job_intelligent_pipeline' retrieved from /opt/airflow/dags/dag_job_intelligent.py
[2026-04-29T21:23:19.252+0000] {logging_mixin.py:188} INFO - [2026-04-29T21:23:19.251+0000] {dag.py:3096} INFO - Sync 1 DAGs
[2026-04-29T21:23:19.634+0000] {processor.py:183} INFO - Processing /opt/airflow/dags/dag_job_intelligent.py took 0.855 seconds
[2026-04-29T21:23:50.515+0000] {processor.py:161} INFO - Started process (PID=1233) to work on /opt/airflow/dags/dag_job_intelligent.py
[2026-04-29T21:23:50.517+0000] {processor.py:830} INFO - Processing file /opt/airflow/dags/dag_job_intelligent.py for tasks to queue
[2026-04-29T21:23:50.521+0000] {logging_mixin.py:188} INFO - [2026-04-29T21:23:50.520+0000] {dagbag.py:545} INFO - Filling up the DagBag from /opt/airflow/dags/dag_job_intelligent.py
[2026-04-29T21:23:50.587+0000] {processor.py:840} INFO - DAG(s) 'job_intelligent_pipeline' retrieved from /opt/airflow/dags/dag_job_intelligent.py
[2026-04-29T21:23:50.666+0000] {logging_mixin.py:188} INFO - [2026-04-29T21:23:50.665+0000] {dag.py:3096} INFO - Sync 1 DAGs
[2026-04-29T21:23:50.761+0000] {processor.py:183} INFO - Processing /opt/airflow/dags/dag_job_intelligent.py took 0.290 seconds
[2026-04-29T21:24:21.385+0000] {processor.py:161} INFO - Started process (PID=1246) to work on /opt/airflow/dags/dag_job_intelligent.py
[2026-04-29T21:24:21.386+0000] {processor.py:830} INFO - Processing file /opt/airflow/dags/dag_job_intelligent.py for tasks to queue
[2026-04-29T21:24:21.390+0000] {logging_mixin.py:188} INFO - [2026-04-29T21:24:21.389+0000] {dagbag.py:545} INFO - Filling up the DagBag from /opt/airflow/dags/dag_job_intelligent.py
[2026-04-29T21:24:21.449+0000] {processor.py:840} INFO - DAG(s) 'job_intelligent_pipeline' retrieved from /opt/airflow/dags/dag_job_intelligent.py
[2026-04-29T21:24:21.523+0000] {logging_mixin.py:188} INFO - [2026-04-29T21:24:21.522+0000] {dag.py:3096} INFO - Sync 1 DAGs
[2026-04-29T21:24:21.599+0000] {processor.py:183} INFO - Processing /opt/airflow/dags/dag_job_intelligent.py took 0.234 seconds
[2026-04-29T21:24:52.214+0000] {processor.py:161} INFO - Started process (PID=1254) to work on /opt/airflow/dags/dag_job_intelligent.py
[2026-04-29T21:24:52.217+0000] {processor.py:830} INFO - Processing file /opt/airflow/dags/dag_job_intelligent.py for tasks to queue
[2026-04-29T21:24:52.222+0000] {logging_mixin.py:188} INFO - [2026-04-29T21:24:52.221+0000] {dagbag.py:545} INFO - Filling up the DagBag from /opt/airflow/dags/dag_job_intelligent.py
[2026-04-29T21:24:52.318+0000] {processor.py:840} INFO - DAG(s) 'job_intelligent_pipeline' retrieved from /opt/airflow/dags/dag_job_intelligent.py
[2026-04-29T21:24:52.445+0000] {logging_mixin.py:188} INFO - [2026-04-29T21:24:52.444+0000] {dag.py:3096} INFO - Sync 1 DAGs
[2026-04-29T21:24:52.568+0000] {processor.py:183} INFO - Processing /opt/airflow/dags/dag_job_intelligent.py took 0.375 seconds
[2026-04-29T21:25:23.363+0000] {processor.py:161} INFO - Started process (PID=1270) to work on /opt/airflow/dags/dag_job_intelligent.py
[2026-04-29T21:25:23.365+0000] {processor.py:830} INFO - Processing file /opt/airflow/dags/dag_job_intelligent.py for tasks to queue
[2026-04-29T21:25:23.372+0000] {logging_mixin.py:188} INFO - [2026-04-29T21:25:23.371+0000] {dagbag.py:545} INFO - Filling up the DagBag from /opt/airflow/dags/dag_job_intelligent.py
[2026-04-29T21:25:23.449+0000] {processor.py:840} INFO - DAG(s) 'job_intelligent_pipeline' retrieved from /opt/airflow/dags/dag_job_intelligent.py
[2026-04-29T21:25:23.627+0000] {logging_mixin.py:188} INFO - [2026-04-29T21:25:23.626+0000] {dag.py:3096} INFO - Sync 1 DAGs
[2026-04-29T21:25:23.935+0000] {processor.py:183} INFO - Processing /opt/airflow/dags/dag_job_intelligent.py took 0.599 seconds
[2026-04-29T21:25:54.594+0000] {processor.py:161} INFO - Started process (PID=1278) to work on /opt/airflow/dags/dag_job_intelligent.py
[2026-04-29T21:25:54.597+0000] {processor.py:830} INFO - Processing file /opt/airflow/dags/dag_job_intelligent.py for tasks to queue
[2026-04-29T21:25:54.604+0000] {logging_mixin.py:188} INFO - [2026-04-29T21:25:54.601+0000] {dagbag.py:545} INFO - Filling up the DagBag from /opt/airflow/dags/dag_job_intelligent.py
[2026-04-29T21:25:54.680+0000] {processor.py:840} INFO - DAG(s) 'job_intelligent_pipeline' retrieved from /opt/airflow/dags/dag_job_intelligent.py
[2026-04-29T21:25:54.878+0000] {logging_mixin.py:188} INFO - [2026-04-29T21:25:54.877+0000] {dag.py:3096} INFO - Sync 1 DAGs
[2026-04-29T21:25:54.997+0000] {processor.py:183} INFO - Processing /opt/airflow/dags/dag_job_intelligent.py took 0.453 seconds
[2026-04-29T21:26:25.260+0000] {processor.py:161} INFO - Started process (PID=1293) to work on /opt/airflow/dags/dag_job_intelligent.py
[2026-04-29T21:26:25.262+0000] {processor.py:830} INFO - Processing file /opt/airflow/dags/dag_job_intelligent.py for tasks to queue
[2026-04-29T21:26:25.267+0000] {logging_mixin.py:188} INFO - [2026-04-29T21:26:25.266+0000] {dagbag.py:545} INFO - Filling up the DagBag from /opt/airflow/dags/dag_job_intelligent.py
[2026-04-29T21:26:25.319+0000] {processor.py:840} INFO - DAG(s) 'job_intelligent_pipeline' retrieved from /opt/airflow/dags/dag_job_intelligent.py
[2026-04-29T21:26:25.507+0000] {logging_mixin.py:188} INFO - [2026-04-29T21:26:25.506+0000] {dag.py:3096} INFO - Sync 1 DAGs
[2026-04-29T21:26:25.682+0000] {processor.py:183} INFO - Processing /opt/airflow/dags/dag_job_intelligent.py took 0.439 seconds
[2026-04-29T21:26:56.542+0000] {processor.py:161} INFO - Started process (PID=1302) to work on /opt/airflow/dags/dag_job_intelligent.py
[2026-04-29T21:26:56.544+0000] {processor.py:830} INFO - Processing file /opt/airflow/dags/dag_job_intelligent.py for tasks to queue
[2026-04-29T21:26:56.547+0000] {logging_mixin.py:188} INFO - [2026-04-29T21:26:56.546+0000] {dagbag.py:545} INFO - Filling up the DagBag from /opt/airflow/dags/dag_job_intelligent.py
[2026-04-29T21:26:56.608+0000] {processor.py:840} INFO - DAG(s) 'job_intelligent_pipeline' retrieved from /opt/airflow/dags/dag_job_intelligent.py
[2026-04-29T21:26:56.770+0000] {logging_mixin.py:188} INFO - [2026-04-29T21:26:56.769+0000] {dag.py:3096} INFO - Sync 1 DAGs
[2026-04-29T21:26:57.220+0000] {processor.py:183} INFO - Processing /opt/airflow/dags/dag_job_intelligent.py took 0.689 seconds
[2026-04-29T21:27:27.965+0000] {processor.py:161} INFO - Started process (PID=1316) to work on /opt/airflow/dags/dag_job_intelligent.py
[2026-04-29T21:27:27.968+0000] {processor.py:830} INFO - Processing file /opt/airflow/dags/dag_job_intelligent.py for tasks to queue
[2026-04-29T21:27:27.988+0000] {logging_mixin.py:188} INFO - [2026-04-29T21:27:27.984+0000] {dagbag.py:545} INFO - Filling up the DagBag from /opt/airflow/dags/dag_job_intelligent.py
[2026-04-29T21:27:28.081+0000] {processor.py:840} INFO - DAG(s) 'job_intelligent_pipeline' retrieved from /opt/airflow/dags/dag_job_intelligent.py
[2026-04-29T21:27:28.143+0000] {logging_mixin.py:188} INFO - [2026-04-29T21:27:28.142+0000] {dag.py:3096} INFO - Sync 1 DAGs
[2026-04-29T21:27:28.246+0000] {processor.py:183} INFO - Processing /opt/airflow/dags/dag_job_intelligent.py took 0.299 seconds
[2026-04-29T21:27:58.530+0000] {processor.py:161} INFO - Started process (PID=1330) to work on /opt/airflow/dags/dag_job_intelligent.py
[2026-04-29T21:27:58.533+0000] {processor.py:830} INFO - Processing file /opt/airflow/dags/dag_job_intelligent.py for tasks to queue
[2026-04-29T21:27:58.541+0000] {logging_mixin.py:188} INFO - [2026-04-29T21:27:58.540+0000] {dagbag.py:545} INFO - Filling up the DagBag from /opt/airflow/dags/dag_job_intelligent.py
[2026-04-29T21:27:58.592+0000] {processor.py:840} INFO - DAG(s) 'job_intelligent_pipeline' retrieved from /opt/airflow/dags/dag_job_intelligent.py
[2026-04-29T21:27:58.720+0000] {logging_mixin.py:188} INFO - [2026-04-29T21:27:58.719+0000] {dag.py:3096} INFO - Sync 1 DAGs
[2026-04-29T21:27:58.855+0000] {processor.py:183} INFO - Processing /opt/airflow/dags/dag_job_intelligent.py took 0.345 seconds
[2026-04-29T21:28:29.507+0000] {processor.py:161} INFO - Started process (PID=1343) to work on /opt/airflow/dags/dag_job_intelligent.py
[2026-04-29T21:28:29.509+0000] {processor.py:830} INFO - Processing file /opt/airflow/dags/dag_job_intelligent.py for tasks to queue
[2026-04-29T21:28:29.514+0000] {logging_mixin.py:188} INFO - [2026-04-29T21:28:29.513+0000] {dagbag.py:545} INFO - Filling up the DagBag from /opt/airflow/dags/dag_job_intelligent.py
[2026-04-29T21:28:29.585+0000] {processor.py:840} INFO - DAG(s) 'job_intelligent_pipeline' retrieved from /opt/airflow/dags/dag_job_intelligent.py
[2026-04-29T21:28:29.690+0000] {logging_mixin.py:188} INFO - [2026-04-29T21:28:29.690+0000] {dag.py:3096} INFO - Sync 1 DAGs
[2026-04-29T21:28:29.793+0000] {processor.py:183} INFO - Processing /opt/airflow/dags/dag_job_intelligent.py took 0.300 seconds
[2026-04-29T21:29:00.677+0000] {processor.py:161} INFO - Started process (PID=1358) to work on /opt/airflow/dags/dag_job_intelligent.py
[2026-04-29T21:29:00.679+0000] {processor.py:830} INFO - Processing file /opt/airflow/dags/dag_job_intelligent.py for tasks to queue
[2026-04-29T21:29:00.684+0000] {logging_mixin.py:188} INFO - [2026-04-29T21:29:00.683+0000] {dagbag.py:545} INFO - Filling up the DagBag from /opt/airflow/dags/dag_job_intelligent.py
[2026-04-29T21:29:00.725+0000] {processor.py:840} INFO - DAG(s) 'job_intelligent_pipeline' retrieved from /opt/airflow/dags/dag_job_intelligent.py
[2026-04-29T21:29:00.821+0000] {logging_mixin.py:188} INFO - [2026-04-29T21:29:00.820+0000] {dag.py:3096} INFO - Sync 1 DAGs
[2026-04-29T21:29:00.969+0000] {processor.py:183} INFO - Processing /opt/airflow/dags/dag_job_intelligent.py took 0.306 seconds
[2026-04-29T21:29:31.873+0000] {processor.py:161} INFO - Started process (PID=1366) to work on /opt/airflow/dags/dag_job_intelligent.py
[2026-04-29T21:29:31.875+0000] {processor.py:830} INFO - Processing file /opt/airflow/dags/dag_job_intelligent.py for tasks to queue
[2026-04-29T21:29:31.880+0000] {logging_mixin.py:188} INFO - [2026-04-29T21:29:31.879+0000] {dagbag.py:545} INFO - Filling up the DagBag from /opt/airflow/dags/dag_job_intelligent.py
[2026-04-29T21:29:31.927+0000] {processor.py:840} INFO - DAG(s) 'job_intelligent_pipeline' retrieved from /opt/airflow/dags/dag_job_intelligent.py
[2026-04-29T21:29:31.998+0000] {logging_mixin.py:188} INFO - [2026-04-29T21:29:31.998+0000] {dag.py:3096} INFO - Sync 1 DAGs
[2026-04-29T21:29:32.139+0000] {processor.py:183} INFO - Processing /opt/airflow/dags/dag_job_intelligent.py took 0.279 seconds
[2026-04-29T21:30:02.677+0000] {processor.py:161} INFO - Started process (PID=1381) to work on /opt/airflow/dags/dag_job_intelligent.py
[2026-04-29T21:30:02.679+0000] {processor.py:830} INFO - Processing file /opt/airflow/dags/dag_job_intelligent.py for tasks to queue
[2026-04-29T21:30:02.683+0000] {logging_mixin.py:188} INFO - [2026-04-29T21:30:02.682+0000] {dagbag.py:545} INFO - Filling up the DagBag from /opt/airflow/dags/dag_job_intelligent.py
[2026-04-29T21:30:02.729+0000] {processor.py:840} INFO - DAG(s) 'job_intelligent_pipeline' retrieved from /opt/airflow/dags/dag_job_intelligent.py
[2026-04-29T21:30:02.805+0000] {logging_mixin.py:188} INFO - [2026-04-29T21:30:02.804+0000] {dag.py:3096} INFO - Sync 1 DAGs
[2026-04-29T21:30:02.938+0000] {processor.py:183} INFO - Processing /opt/airflow/dags/dag_job_intelligent.py took 0.273 seconds
[2026-04-29T21:30:33.269+0000] {processor.py:161} INFO - Started process (PID=1389) to work on /opt/airflow/dags/dag_job_intelligent.py
[2026-04-29T21:30:33.272+0000] {processor.py:830} INFO - Processing file /opt/airflow/dags/dag_job_intelligent.py for tasks to queue
[2026-04-29T21:30:33.279+0000] {logging_mixin.py:188} INFO - [2026-04-29T21:30:33.279+0000] {dagbag.py:545} INFO - Filling up the DagBag from /opt/airflow/dags/dag_job_intelligent.py
[2026-04-29T21:30:33.342+0000] {processor.py:840} INFO - DAG(s) 'job_intelligent_pipeline' retrieved from /opt/airflow/dags/dag_job_intelligent.py
[2026-04-29T21:30:33.461+0000] {logging_mixin.py:188} INFO - [2026-04-29T21:30:33.461+0000] {dag.py:3096} INFO - Sync 1 DAGs
[2026-04-29T21:30:33.599+0000] {processor.py:183} INFO - Processing /opt/airflow/dags/dag_job_intelligent.py took 0.348 seconds
[2026-04-29T21:31:03.870+0000] {processor.py:161} INFO - Started process (PID=1404) to work on /opt/airflow/dags/dag_job_intelligent.py
[2026-04-29T21:31:03.872+0000] {processor.py:830} INFO - Processing file /opt/airflow/dags/dag_job_intelligent.py for tasks to queue
[2026-04-29T21:31:03.876+0000] {logging_mixin.py:188} INFO - [2026-04-29T21:31:03.875+0000] {dagbag.py:545} INFO - Filling up the DagBag from /opt/airflow/dags/dag_job_intelligent.py
[2026-04-29T21:31:03.934+0000] {processor.py:840} INFO - DAG(s) 'job_intelligent_pipeline' retrieved from /opt/airflow/dags/dag_job_intelligent.py
[2026-04-29T21:31:04.099+0000] {logging_mixin.py:188} INFO - [2026-04-29T21:31:04.098+0000] {dag.py:3096} INFO - Sync 1 DAGs
[2026-04-29T21:31:04.259+0000] {processor.py:183} INFO - Processing /opt/airflow/dags/dag_job_intelligent.py took 0.405 seconds
[2026-04-29T21:31:34.436+0000] {processor.py:161} INFO - Started process (PID=1411) to work on /opt/airflow/dags/dag_job_intelligent.py
[2026-04-29T21:31:34.438+0000] {processor.py:830} INFO - Processing file /opt/airflow/dags/dag_job_intelligent.py for tasks to queue
[2026-04-29T21:31:34.442+0000] {logging_mixin.py:188} INFO - [2026-04-29T21:31:34.441+0000] {dagbag.py:545} INFO - Filling up the DagBag from /opt/airflow/dags/dag_job_intelligent.py
[2026-04-29T21:31:34.599+0000] {processor.py:840} INFO - DAG(s) 'job_intelligent_pipeline' retrieved from /opt/airflow/dags/dag_job_intelligent.py
[2026-04-29T21:31:34.755+0000] {logging_mixin.py:188} INFO - [2026-04-29T21:31:34.754+0000] {dag.py:3096} INFO - Sync 1 DAGs
[2026-04-29T21:31:34.950+0000] {processor.py:183} INFO - Processing /opt/airflow/dags/dag_job_intelligent.py took 0.532 seconds
[2026-04-29T21:32:05.152+0000] {processor.py:161} INFO - Started process (PID=1425) to work on /opt/airflow/dags/dag_job_intelligent.py
[2026-04-29T21:32:05.157+0000] {processor.py:830} INFO - Processing file /opt/airflow/dags/dag_job_intelligent.py for tasks to queue
[2026-04-29T21:32:05.161+0000] {logging_mixin.py:188} INFO - [2026-04-29T21:32:05.161+0000] {dagbag.py:545} INFO - Filling up the DagBag from /opt/airflow/dags/dag_job_intelligent.py
[2026-04-29T21:32:05.235+0000] {processor.py:840} INFO - DAG(s) 'job_intelligent_pipeline' retrieved from /opt/airflow/dags/dag_job_intelligent.py
[2026-04-29T21:32:05.365+0000] {logging_mixin.py:188} INFO - [2026-04-29T21:32:05.365+0000] {dag.py:3096} INFO - Sync 1 DAGs
[2026-04-29T21:32:05.475+0000] {processor.py:183} INFO - Processing /opt/airflow/dags/dag_job_intelligent.py took 0.339 seconds
[2026-04-29T21:32:35.725+0000] {processor.py:161} INFO - Started process (PID=1433) to work on /opt/airflow/dags/dag_job_intelligent.py
[2026-04-29T21:32:35.727+0000] {processor.py:830} INFO - Processing file /opt/airflow/dags/dag_job_intelligent.py for tasks to queue
[2026-04-29T21:32:35.730+0000] {logging_mixin.py:188} INFO - [2026-04-29T21:32:35.729+0000] {dagbag.py:545} INFO - Filling up the DagBag from /opt/airflow/dags/dag_job_intelligent.py
[2026-04-29T21:32:35.771+0000] {processor.py:840} INFO - DAG(s) 'job_intelligent_pipeline' retrieved from /opt/airflow/dags/dag_job_intelligent.py
[2026-04-29T21:32:35.856+0000] {logging_mixin.py:188} INFO - [2026-04-29T21:32:35.855+0000] {dag.py:3096} INFO - Sync 1 DAGs
[2026-04-29T21:32:36.093+0000] {processor.py:183} INFO - Processing /opt/airflow/dags/dag_job_intelligent.py took 0.382 seconds
[2026-04-29T21:33:06.641+0000] {processor.py:161} INFO - Started process (PID=1448) to work on /opt/airflow/dags/dag_job_intelligent.py
[2026-04-29T21:33:06.644+0000] {processor.py:830} INFO - Processing file /opt/airflow/dags/dag_job_intelligent.py for tasks to queue
[2026-04-29T21:33:06.648+0000] {logging_mixin.py:188} INFO - [2026-04-29T21:33:06.647+0000] {dagbag.py:545} INFO - Filling up the DagBag from /opt/airflow/dags/dag_job_intelligent.py
[2026-04-29T21:33:06.745+0000] {processor.py:840} INFO - DAG(s) 'job_intelligent_pipeline' retrieved from /opt/airflow/dags/dag_job_intelligent.py
[2026-04-29T21:33:06.933+0000] {logging_mixin.py:188} INFO - [2026-04-29T21:33:06.932+0000] {dag.py:3096} INFO - Sync 1 DAGs
[2026-04-29T21:33:07.142+0000] {processor.py:183} INFO - Processing /opt/airflow/dags/dag_job_intelligent.py took 0.523 seconds
[2026-04-29T21:33:37.451+0000] {processor.py:161} INFO - Started process (PID=1456) to work on /opt/airflow/dags/dag_job_intelligent.py
[2026-04-29T21:33:37.453+0000] {processor.py:830} INFO - Processing file /opt/airflow/dags/dag_job_intelligent.py for tasks to queue
[2026-04-29T21:33:37.456+0000] {logging_mixin.py:188} INFO - [2026-04-29T21:33:37.456+0000] {dagbag.py:545} INFO - Filling up the DagBag from /opt/airflow/dags/dag_job_intelligent.py
[2026-04-29T21:33:37.543+0000] {processor.py:840} INFO - DAG(s) 'job_intelligent_pipeline' retrieved from /opt/airflow/dags/dag_job_intelligent.py
[2026-04-29T21:33:37.697+0000] {logging_mixin.py:188} INFO - [2026-04-29T21:33:37.696+0000] {dag.py:3096} INFO - Sync 1 DAGs
[2026-04-29T21:33:37.891+0000] {processor.py:183} INFO - Processing /opt/airflow/dags/dag_job_intelligent.py took 0.455 seconds
[2026-04-29T21:34:08.349+0000] {processor.py:161} INFO - Started process (PID=1470) to work on /opt/airflow/dags/dag_job_intelligent.py
[2026-04-29T21:34:08.377+0000] {processor.py:830} INFO - Processing file /opt/airflow/dags/dag_job_intelligent.py for tasks to queue
[2026-04-29T21:34:08.382+0000] {logging_mixin.py:188} INFO - [2026-04-29T21:34:08.381+0000] {dagbag.py:545} INFO - Filling up the DagBag from /opt/airflow/dags/dag_job_intelligent.py
[2026-04-29T21:34:08.521+0000] {processor.py:840} INFO - DAG(s) 'job_intelligent_pipeline' retrieved from /opt/airflow/dags/dag_job_intelligent.py
[2026-04-29T21:34:08.669+0000] {logging_mixin.py:188} INFO - [2026-04-29T21:34:08.669+0000] {dag.py:3096} INFO - Sync 1 DAGs
[2026-04-29T21:34:08.773+0000] {processor.py:183} INFO - Processing /opt/airflow/dags/dag_job_intelligent.py took 0.450 seconds
[2026-04-29T21:34:39.383+0000] {processor.py:161} INFO - Started process (PID=1478) to work on /opt/airflow/dags/dag_job_intelligent.py
[2026-04-29T21:34:39.401+0000] {processor.py:830} INFO - Processing file /opt/airflow/dags/dag_job_intelligent.py for tasks to queue
[2026-04-29T21:34:39.422+0000] {logging_mixin.py:188} INFO - [2026-04-29T21:34:39.420+0000] {dagbag.py:545} INFO - Filling up the DagBag from /opt/airflow/dags/dag_job_intelligent.py
[2026-04-29T21:34:39.585+0000] {processor.py:840} INFO - DAG(s) 'job_intelligent_pipeline' retrieved from /opt/airflow/dags/dag_job_intelligent.py
[2026-04-29T21:34:39.772+0000] {logging_mixin.py:188} INFO - [2026-04-29T21:34:39.769+0000] {dag.py:3096} INFO - Sync 1 DAGs
[2026-04-29T21:34:39.916+0000] {processor.py:183} INFO - Processing /opt/airflow/dags/dag_job_intelligent.py took 0.568 seconds
[2026-04-29T21:35:10.417+0000] {processor.py:161} INFO - Started process (PID=1491) to work on /opt/airflow/dags/dag_job_intelligent.py
[2026-04-29T21:35:10.421+0000] {processor.py:830} INFO - Processing file /opt/airflow/dags/dag_job_intelligent.py for tasks to queue
[2026-04-29T21:35:10.428+0000] {logging_mixin.py:188} INFO - [2026-04-29T21:35:10.426+0000] {dagbag.py:545} INFO - Filling up the DagBag from /opt/airflow/dags/dag_job_intelligent.py
[2026-04-29T21:35:10.519+0000] {processor.py:840} INFO - DAG(s) 'job_intelligent_pipeline' retrieved from /opt/airflow/dags/dag_job_intelligent.py
[2026-04-29T21:35:10.809+0000] {logging_mixin.py:188} INFO - [2026-04-29T21:35:10.808+0000] {dag.py:3096} INFO - Sync 1 DAGs
[2026-04-29T21:35:11.029+0000] {processor.py:183} INFO - Processing /opt/airflow/dags/dag_job_intelligent.py took 0.659 seconds
[2026-04-29T21:35:41.737+0000] {processor.py:161} INFO - Started process (PID=1499) to work on /opt/airflow/dags/dag_job_intelligent.py
[2026-04-29T21:35:41.747+0000] {processor.py:830} INFO - Processing file /opt/airflow/dags/dag_job_intelligent.py for tasks to queue
[2026-04-29T21:35:41.752+0000] {logging_mixin.py:188} INFO - [2026-04-29T21:35:41.751+0000] {dagbag.py:545} INFO - Filling up the DagBag from /opt/airflow/dags/dag_job_intelligent.py
[2026-04-29T21:35:41.856+0000] {processor.py:840} INFO - DAG(s) 'job_intelligent_pipeline' retrieved from /opt/airflow/dags/dag_job_intelligent.py
[2026-04-29T21:35:42.034+0000] {logging_mixin.py:188} INFO - [2026-04-29T21:35:42.033+0000] {dag.py:3096} INFO - Sync 1 DAGs
[2026-04-29T21:35:42.189+0000] {processor.py:183} INFO - Processing /opt/airflow/dags/dag_job_intelligent.py took 0.489 seconds
[2026-04-29T21:36:12.811+0000] {processor.py:161} INFO - Started process (PID=1513) to work on /opt/airflow/dags/dag_job_intelligent.py
[2026-04-29T21:36:12.818+0000] {processor.py:830} INFO - Processing file /opt/airflow/dags/dag_job_intelligent.py for tasks to queue
[2026-04-29T21:36:12.824+0000] {logging_mixin.py:188} INFO - [2026-04-29T21:36:12.823+0000] {dagbag.py:545} INFO - Filling up the DagBag from /opt/airflow/dags/dag_job_intelligent.py
[2026-04-29T21:36:12.937+0000] {processor.py:840} INFO - DAG(s) 'job_intelligent_pipeline' retrieved from /opt/airflow/dags/dag_job_intelligent.py
[2026-04-29T21:36:13.129+0000] {logging_mixin.py:188} INFO - [2026-04-29T21:36:13.128+0000] {dag.py:3096} INFO - Sync 1 DAGs
[2026-04-29T21:36:13.641+0000] {processor.py:183} INFO - Processing /opt/airflow/dags/dag_job_intelligent.py took 0.856 seconds
[2026-04-29T21:36:44.244+0000] {processor.py:161} INFO - Started process (PID=1527) to work on /opt/airflow/dags/dag_job_intelligent.py
[2026-04-29T21:36:44.246+0000] {processor.py:830} INFO - Processing file /opt/airflow/dags/dag_job_intelligent.py for tasks to queue
[2026-04-29T21:36:44.257+0000] {logging_mixin.py:188} INFO - [2026-04-29T21:36:44.256+0000] {dagbag.py:545} INFO - Filling up the DagBag from /opt/airflow/dags/dag_job_intelligent.py
[2026-04-29T21:36:44.386+0000] {processor.py:840} INFO - DAG(s) 'job_intelligent_pipeline' retrieved from /opt/airflow/dags/dag_job_intelligent.py
[2026-04-29T21:36:44.569+0000] {logging_mixin.py:188} INFO - [2026-04-29T21:36:44.568+0000] {dag.py:3096} INFO - Sync 1 DAGs
[2026-04-29T21:36:44.741+0000] {processor.py:183} INFO - Processing /opt/airflow/dags/dag_job_intelligent.py took 0.562 seconds
[2026-04-29T21:37:15.290+0000] {processor.py:161} INFO - Started process (PID=1535) to work on /opt/airflow/dags/dag_job_intelligent.py
[2026-04-29T21:37:15.293+0000] {processor.py:830} INFO - Processing file /opt/airflow/dags/dag_job_intelligent.py for tasks to queue
[2026-04-29T21:37:15.298+0000] {logging_mixin.py:188} INFO - [2026-04-29T21:37:15.297+0000] {dagbag.py:545} INFO - Filling up the DagBag from /opt/airflow/dags/dag_job_intelligent.py
[2026-04-29T21:37:15.586+0000] {processor.py:840} INFO - DAG(s) 'job_intelligent_pipeline' retrieved from /opt/airflow/dags/dag_job_intelligent.py
[2026-04-29T21:37:15.767+0000] {logging_mixin.py:188} INFO - [2026-04-29T21:37:15.766+0000] {dag.py:3096} INFO - Sync 1 DAGs
[2026-04-29T21:37:15.859+0000] {processor.py:183} INFO - Processing /opt/airflow/dags/dag_job_intelligent.py took 0.603 seconds
[2026-04-29T21:37:46.800+0000] {processor.py:161} INFO - Started process (PID=1550) to work on /opt/airflow/dags/dag_job_intelligent.py
[2026-04-29T21:37:46.808+0000] {processor.py:830} INFO - Processing file /opt/airflow/dags/dag_job_intelligent.py for tasks to queue
[2026-04-29T21:37:46.889+0000] {logging_mixin.py:188} INFO - [2026-04-29T21:37:46.888+0000] {dagbag.py:545} INFO - Filling up the DagBag from /opt/airflow/dags/dag_job_intelligent.py
[2026-04-29T21:37:47.226+0000] {processor.py:840} INFO - DAG(s) 'job_intelligent_pipeline' retrieved from /opt/airflow/dags/dag_job_intelligent.py
[2026-04-29T21:37:47.448+0000] {logging_mixin.py:188} INFO - [2026-04-29T21:37:47.448+0000] {dag.py:3096} INFO - Sync 1 DAGs
[2026-04-29T21:37:47.842+0000] {processor.py:183} INFO - Processing /opt/airflow/dags/dag_job_intelligent.py took 1.092 seconds
[2026-04-29T21:38:18.554+0000] {processor.py:161} INFO - Started process (PID=1557) to work on /opt/airflow/dags/dag_job_intelligent.py
[2026-04-29T21:38:18.557+0000] {processor.py:830} INFO - Processing file /opt/airflow/dags/dag_job_intelligent.py for tasks to queue
[2026-04-29T21:38:18.561+0000] {logging_mixin.py:188} INFO - [2026-04-29T21:38:18.560+0000] {dagbag.py:545} INFO - Filling up the DagBag from /opt/airflow/dags/dag_job_intelligent.py
[2026-04-29T21:38:18.666+0000] {processor.py:840} INFO - DAG(s) 'job_intelligent_pipeline' retrieved from /opt/airflow/dags/dag_job_intelligent.py
[2026-04-29T21:38:18.960+0000] {logging_mixin.py:188} INFO - [2026-04-29T21:38:18.946+0000] {dag.py:3096} INFO - Sync 1 DAGs
[2026-04-29T21:38:19.195+0000] {processor.py:183} INFO - Processing /opt/airflow/dags/dag_job_intelligent.py took 0.672 seconds
[2026-04-29T21:38:50.358+0000] {processor.py:161} INFO - Started process (PID=1570) to work on /opt/airflow/dags/dag_job_intelligent.py
[2026-04-29T21:38:50.373+0000] {processor.py:830} INFO - Processing file /opt/airflow/dags/dag_job_intelligent.py for tasks to queue
[2026-04-29T21:38:50.438+0000] {logging_mixin.py:188} INFO - [2026-04-29T21:38:50.438+0000] {dagbag.py:545} INFO - Filling up the DagBag from /opt/airflow/dags/dag_job_intelligent.py
[2026-04-29T21:38:50.977+0000] {processor.py:840} INFO - DAG(s) 'job_intelligent_pipeline' retrieved from /opt/airflow/dags/dag_job_intelligent.py
[2026-04-29T21:38:51.233+0000] {logging_mixin.py:188} INFO - [2026-04-29T21:38:51.233+0000] {dag.py:3096} INFO - Sync 1 DAGs
[2026-04-29T21:38:51.978+0000] {processor.py:183} INFO - Processing /opt/airflow/dags/dag_job_intelligent.py took 1.694 seconds
[2026-04-29T21:39:24.198+0000] {processor.py:161} INFO - Started process (PID=1579) to work on /opt/airflow/dags/dag_job_intelligent.py
[2026-04-29T21:39:24.201+0000] {processor.py:830} INFO - Processing file /opt/airflow/dags/dag_job_intelligent.py for tasks to queue
[2026-04-29T21:39:24.219+0000] {logging_mixin.py:188} INFO - [2026-04-29T21:39:24.218+0000] {dagbag.py:545} INFO - Filling up the DagBag from /opt/airflow/dags/dag_job_intelligent.py
[2026-04-29T21:39:24.499+0000] {processor.py:840} INFO - DAG(s) 'job_intelligent_pipeline' retrieved from /opt/airflow/dags/dag_job_intelligent.py
[2026-04-29T21:39:25.166+0000] {logging_mixin.py:188} INFO - [2026-04-29T21:39:25.165+0000] {dag.py:3096} INFO - Sync 1 DAGs
[2026-04-29T21:39:25.877+0000] {processor.py:183} INFO - Processing /opt/airflow/dags/dag_job_intelligent.py took 1.758 seconds
[2026-04-29T21:39:56.203+0000] {processor.py:161} INFO - Started process (PID=1600) to work on /opt/airflow/dags/dag_job_intelligent.py
[2026-04-29T21:39:56.206+0000] {processor.py:830} INFO - Processing file /opt/airflow/dags/dag_job_intelligent.py for tasks to queue
[2026-04-29T21:39:56.210+0000] {logging_mixin.py:188} INFO - [2026-04-29T21:39:56.209+0000] {dagbag.py:545} INFO - Filling up the DagBag from /opt/airflow/dags/dag_job_intelligent.py
[2026-04-29T21:39:56.421+0000] {processor.py:840} INFO - DAG(s) 'job_intelligent_pipeline' retrieved from /opt/airflow/dags/dag_job_intelligent.py
[2026-04-29T21:39:56.967+0000] {logging_mixin.py:188} INFO - [2026-04-29T21:39:56.966+0000] {dag.py:3096} INFO - Sync 1 DAGs
[2026-04-29T21:39:57.362+0000] {processor.py:183} INFO - Processing /opt/airflow/dags/dag_job_intelligent.py took 1.147 seconds
[2026-04-29T21:40:27.782+0000] {processor.py:161} INFO - Started process (PID=1614) to work on /opt/airflow/dags/dag_job_intelligent.py
[2026-04-29T21:40:27.784+0000] {processor.py:830} INFO - Processing file /opt/airflow/dags/dag_job_intelligent.py for tasks to queue
[2026-04-29T21:40:27.789+0000] {logging_mixin.py:188} INFO - [2026-04-29T21:40:27.788+0000] {dagbag.py:545} INFO - Filling up the DagBag from /opt/airflow/dags/dag_job_intelligent.py
[2026-04-29T21:40:27.853+0000] {processor.py:840} INFO - DAG(s) 'job_intelligent_pipeline' retrieved from /opt/airflow/dags/dag_job_intelligent.py
[2026-04-29T21:40:27.999+0000] {logging_mixin.py:188} INFO - [2026-04-29T21:40:27.998+0000] {dag.py:3096} INFO - Sync 1 DAGs
[2026-04-29T21:40:28.285+0000] {processor.py:183} INFO - Processing /opt/airflow/dags/dag_job_intelligent.py took 0.527 seconds
[2026-04-29T21:40:58.417+0000] {processor.py:161} INFO - Started process (PID=1621) to work on /opt/airflow/dags/dag_job_intelligent.py
[2026-04-29T21:40:58.419+0000] {processor.py:830} INFO - Processing file /opt/airflow/dags/dag_job_intelligent.py for tasks to queue
[2026-04-29T21:40:58.423+0000] {logging_mixin.py:188} INFO - [2026-04-29T21:40:58.422+0000] {dagbag.py:545} INFO - Filling up the DagBag from /opt/airflow/dags/dag_job_intelligent.py
[2026-04-29T21:40:58.465+0000] {processor.py:840} INFO - DAG(s) 'job_intelligent_pipeline' retrieved from /opt/airflow/dags/dag_job_intelligent.py
[2026-04-29T21:40:58.550+0000] {logging_mixin.py:188} INFO - [2026-04-29T21:40:58.550+0000] {dag.py:3096} INFO - Sync 1 DAGs
[2026-04-29T21:40:58.888+0000] {processor.py:183} INFO - Processing /opt/airflow/dags/dag_job_intelligent.py took 0.485 seconds
[2026-04-29T21:41:29.843+0000] {processor.py:161} INFO - Started process (PID=1636) to work on /opt/airflow/dags/dag_job_intelligent.py
[2026-04-29T21:41:29.845+0000] {processor.py:830} INFO - Processing file /opt/airflow/dags/dag_job_intelligent.py for tasks to queue
[2026-04-29T21:41:29.849+0000] {logging_mixin.py:188} INFO - [2026-04-29T21:41:29.847+0000] {dagbag.py:545} INFO - Filling up the DagBag from /opt/airflow/dags/dag_job_intelligent.py
[2026-04-29T21:41:29.910+0000] {processor.py:840} INFO - DAG(s) 'job_intelligent_pipeline' retrieved from /opt/airflow/dags/dag_job_intelligent.py
[2026-04-29T21:41:30.034+0000] {logging_mixin.py:188} INFO - [2026-04-29T21:41:30.034+0000] {dag.py:3096} INFO - Sync 1 DAGs
[2026-04-29T21:41:30.174+0000] {processor.py:183} INFO - Processing /opt/airflow/dags/dag_job_intelligent.py took 0.343 seconds
[2026-04-29T21:42:00.471+0000] {processor.py:161} INFO - Started process (PID=1644) to work on /opt/airflow/dags/dag_job_intelligent.py
[2026-04-29T21:42:00.473+0000] {processor.py:830} INFO - Processing file /opt/airflow/dags/dag_job_intelligent.py for tasks to queue
[2026-04-29T21:42:00.478+0000] {logging_mixin.py:188} INFO - [2026-04-29T21:42:00.477+0000] {dagbag.py:545} INFO - Filling up the DagBag from /opt/airflow/dags/dag_job_intelligent.py
[2026-04-29T21:42:00.567+0000] {processor.py:840} INFO - DAG(s) 'job_intelligent_pipeline' retrieved from /opt/airflow/dags/dag_job_intelligent.py
[2026-04-29T21:42:00.691+0000] {logging_mixin.py:188} INFO - [2026-04-29T21:42:00.690+0000] {dag.py:3096} INFO - Sync 1 DAGs
[2026-04-29T21:42:00.865+0000] {processor.py:183} INFO - Processing /opt/airflow/dags/dag_job_intelligent.py took 0.418 seconds
[2026-04-29T21:42:31.369+0000] {processor.py:161} INFO - Started process (PID=1658) to work on /opt/airflow/dags/dag_job_intelligent.py
[2026-04-29T21:42:31.390+0000] {processor.py:830} INFO - Processing file /opt/airflow/dags/dag_job_intelligent.py for tasks to queue
[2026-04-29T21:42:31.407+0000] {logging_mixin.py:188} INFO - [2026-04-29T21:42:31.406+0000] {dagbag.py:545} INFO - Filling up the DagBag from /opt/airflow/dags/dag_job_intelligent.py
[2026-04-29T21:42:31.542+0000] {processor.py:840} INFO - DAG(s) 'job_intelligent_pipeline' retrieved from /opt/airflow/dags/dag_job_intelligent.py
[2026-04-29T21:42:31.722+0000] {logging_mixin.py:188} INFO - [2026-04-29T21:42:31.722+0000] {dag.py:3096} INFO - Sync 1 DAGs
[2026-04-29T21:42:32.119+0000] {processor.py:183} INFO - Processing /opt/airflow/dags/dag_job_intelligent.py took 0.773 seconds
[2026-04-29T21:43:02.498+0000] {processor.py:161} INFO - Started process (PID=1666) to work on /opt/airflow/dags/dag_job_intelligent.py
[2026-04-29T21:43:02.502+0000] {processor.py:830} INFO - Processing file /opt/airflow/dags/dag_job_intelligent.py for tasks to queue
[2026-04-29T21:43:02.514+0000] {logging_mixin.py:188} INFO - [2026-04-29T21:43:02.513+0000] {dagbag.py:545} INFO - Filling up the DagBag from /opt/airflow/dags/dag_job_intelligent.py
[2026-04-29T21:43:02.614+0000] {processor.py:840} INFO - DAG(s) 'job_intelligent_pipeline' retrieved from /opt/airflow/dags/dag_job_intelligent.py
[2026-04-29T21:43:02.687+0000] {logging_mixin.py:188} INFO - [2026-04-29T21:43:02.686+0000] {dag.py:3096} INFO - Sync 1 DAGs
[2026-04-29T21:43:02.797+0000] {processor.py:183} INFO - Processing /opt/airflow/dags/dag_job_intelligent.py took 0.320 seconds
[2026-04-29T21:43:33.255+0000] {processor.py:161} INFO - Started process (PID=1680) to work on /opt/airflow/dags/dag_job_intelligent.py
[2026-04-29T21:43:33.258+0000] {processor.py:830} INFO - Processing file /opt/airflow/dags/dag_job_intelligent.py for tasks to queue
[2026-04-29T21:43:33.263+0000] {logging_mixin.py:188} INFO - [2026-04-29T21:43:33.262+0000] {dagbag.py:545} INFO - Filling up the DagBag from /opt/airflow/dags/dag_job_intelligent.py
[2026-04-29T21:43:33.323+0000] {processor.py:840} INFO - DAG(s) 'job_intelligent_pipeline' retrieved from /opt/airflow/dags/dag_job_intelligent.py
[2026-04-29T21:43:33.419+0000] {logging_mixin.py:188} INFO - [2026-04-29T21:43:33.418+0000] {dag.py:3096} INFO - Sync 1 DAGs
[2026-04-29T21:43:33.832+0000] {processor.py:183} INFO - Processing /opt/airflow/dags/dag_job_intelligent.py took 0.591 seconds
[2026-04-29T21:44:04.252+0000] {processor.py:161} INFO - Started process (PID=1688) to work on /opt/airflow/dags/dag_job_intelligent.py
[2026-04-29T21:44:04.254+0000] {processor.py:830} INFO - Processing file /opt/airflow/dags/dag_job_intelligent.py for tasks to queue
[2026-04-29T21:44:04.259+0000] {logging_mixin.py:188} INFO - [2026-04-29T21:44:04.258+0000] {dagbag.py:545} INFO - Filling up the DagBag from /opt/airflow/dags/dag_job_intelligent.py
[2026-04-29T21:44:04.431+0000] {processor.py:840} INFO - DAG(s) 'job_intelligent_pipeline' retrieved from /opt/airflow/dags/dag_job_intelligent.py
[2026-04-29T21:44:04.696+0000] {logging_mixin.py:188} INFO - [2026-04-29T21:44:04.696+0000] {dag.py:3096} INFO - Sync 1 DAGs
[2026-04-29T21:44:05.517+0000] {processor.py:183} INFO - Processing /opt/airflow/dags/dag_job_intelligent.py took 1.280 seconds
[2026-04-29T21:44:36.224+0000] {processor.py:161} INFO - Started process (PID=1702) to work on /opt/airflow/dags/dag_job_intelligent.py
[2026-04-29T21:44:36.226+0000] {processor.py:830} INFO - Processing file /opt/airflow/dags/dag_job_intelligent.py for tasks to queue
[2026-04-29T21:44:36.241+0000] {logging_mixin.py:188} INFO - [2026-04-29T21:44:36.240+0000] {dagbag.py:545} INFO - Filling up the DagBag from /opt/airflow/dags/dag_job_intelligent.py
[2026-04-29T21:44:36.385+0000] {processor.py:840} INFO - DAG(s) 'job_intelligent_pipeline' retrieved from /opt/airflow/dags/dag_job_intelligent.py
[2026-04-29T21:44:36.690+0000] {logging_mixin.py:188} INFO - [2026-04-29T21:44:36.690+0000] {dag.py:3096} INFO - Sync 1 DAGs
[2026-04-29T21:44:37.378+0000] {processor.py:183} INFO - Processing /opt/airflow/dags/dag_job_intelligent.py took 1.205 seconds
[2026-04-29T21:45:07.919+0000] {processor.py:161} INFO - Started process (PID=1709) to work on /opt/airflow/dags/dag_job_intelligent.py
[2026-04-29T21:45:07.927+0000] {processor.py:830} INFO - Processing file /opt/airflow/dags/dag_job_intelligent.py for tasks to queue
[2026-04-29T21:45:07.935+0000] {logging_mixin.py:188} INFO - [2026-04-29T21:45:07.935+0000] {dagbag.py:545} INFO - Filling up the DagBag from /opt/airflow/dags/dag_job_intelligent.py
[2026-04-29T21:45:08.001+0000] {processor.py:840} INFO - DAG(s) 'job_intelligent_pipeline' retrieved from /opt/airflow/dags/dag_job_intelligent.py
[2026-04-29T21:45:08.135+0000] {logging_mixin.py:188} INFO - [2026-04-29T21:45:08.135+0000] {dag.py:3096} INFO - Sync 1 DAGs
[2026-04-29T21:45:08.258+0000] {processor.py:183} INFO - Processing /opt/airflow/dags/dag_job_intelligent.py took 0.378 seconds
[2026-04-29T21:45:38.550+0000] {processor.py:161} INFO - Started process (PID=1724) to work on /opt/airflow/dags/dag_job_intelligent.py
[2026-04-29T21:45:38.552+0000] {processor.py:830} INFO - Processing file /opt/airflow/dags/dag_job_intelligent.py for tasks to queue
[2026-04-29T21:45:38.561+0000] {logging_mixin.py:188} INFO - [2026-04-29T21:45:38.555+0000] {dagbag.py:545} INFO - Filling up the DagBag from /opt/airflow/dags/dag_job_intelligent.py
[2026-04-29T21:45:38.621+0000] {processor.py:840} INFO - DAG(s) 'job_intelligent_pipeline' retrieved from /opt/airflow/dags/dag_job_intelligent.py
[2026-04-29T21:45:38.717+0000] {logging_mixin.py:188} INFO - [2026-04-29T21:45:38.716+0000] {dag.py:3096} INFO - Sync 1 DAGs
[2026-04-29T21:45:38.861+0000] {processor.py:183} INFO - Processing /opt/airflow/dags/dag_job_intelligent.py took 0.326 seconds
[2026-04-29T21:46:09.062+0000] {processor.py:161} INFO - Started process (PID=1732) to work on /opt/airflow/dags/dag_job_intelligent.py
[2026-04-29T21:46:09.066+0000] {processor.py:830} INFO - Processing file /opt/airflow/dags/dag_job_intelligent.py for tasks to queue
[2026-04-29T21:46:09.073+0000] {logging_mixin.py:188} INFO - [2026-04-29T21:46:09.072+0000] {dagbag.py:545} INFO - Filling up the DagBag from /opt/airflow/dags/dag_job_intelligent.py
[2026-04-29T21:46:09.171+0000] {processor.py:840} INFO - DAG(s) 'job_intelligent_pipeline' retrieved from /opt/airflow/dags/dag_job_intelligent.py
[2026-04-29T21:46:09.329+0000] {logging_mixin.py:188} INFO - [2026-04-29T21:46:09.329+0000] {dag.py:3096} INFO - Sync 1 DAGs
[2026-04-29T21:46:10.229+0000] {processor.py:183} INFO - Processing /opt/airflow/dags/dag_job_intelligent.py took 1.191 seconds
[2026-04-29T21:46:40.985+0000] {processor.py:161} INFO - Started process (PID=1746) to work on /opt/airflow/dags/dag_job_intelligent.py
[2026-04-29T21:46:41.020+0000] {processor.py:830} INFO - Processing file /opt/airflow/dags/dag_job_intelligent.py for tasks to queue
[2026-04-29T21:46:41.055+0000] {logging_mixin.py:188} INFO - [2026-04-29T21:46:41.048+0000] {dagbag.py:545} INFO - Filling up the DagBag from /opt/airflow/dags/dag_job_intelligent.py
[2026-04-29T21:46:41.219+0000] {processor.py:840} INFO - DAG(s) 'job_intelligent_pipeline' retrieved from /opt/airflow/dags/dag_job_intelligent.py
[2026-04-29T21:46:41.945+0000] {logging_mixin.py:188} INFO - [2026-04-29T21:46:41.945+0000] {dag.py:3096} INFO - Sync 1 DAGs
[2026-04-29T21:46:42.303+0000] {processor.py:183} INFO - Processing /opt/airflow/dags/dag_job_intelligent.py took 1.402 seconds
[2026-04-29T21:47:13.401+0000] {processor.py:161} INFO - Started process (PID=1760) to work on /opt/airflow/dags/dag_job_intelligent.py
[2026-04-29T21:47:13.412+0000] {processor.py:830} INFO - Processing file /opt/airflow/dags/dag_job_intelligent.py for tasks to queue
[2026-04-29T21:47:13.417+0000] {logging_mixin.py:188} INFO - [2026-04-29T21:47:13.416+0000] {dagbag.py:545} INFO - Filling up the DagBag from /opt/airflow/dags/dag_job_intelligent.py
[2026-04-29T21:47:13.844+0000] {processor.py:840} INFO - DAG(s) 'job_intelligent_pipeline' retrieved from /opt/airflow/dags/dag_job_intelligent.py
[2026-04-29T21:47:13.925+0000] {logging_mixin.py:188} INFO - [2026-04-29T21:47:13.924+0000] {dag.py:3096} INFO - Sync 1 DAGs
[2026-04-29T21:47:14.057+0000] {processor.py:183} INFO - Processing /opt/airflow/dags/dag_job_intelligent.py took 0.674 seconds
[2026-04-29T21:47:44.252+0000] {processor.py:161} INFO - Started process (PID=1768) to work on /opt/airflow/dags/dag_job_intelligent.py
[2026-04-29T21:47:44.254+0000] {processor.py:830} INFO - Processing file /opt/airflow/dags/dag_job_intelligent.py for tasks to queue
[2026-04-29T21:47:44.260+0000] {logging_mixin.py:188} INFO - [2026-04-29T21:47:44.259+0000] {dagbag.py:545} INFO - Filling up the DagBag from /opt/airflow/dags/dag_job_intelligent.py
[2026-04-29T21:47:44.309+0000] {processor.py:840} INFO - DAG(s) 'job_intelligent_pipeline' retrieved from /opt/airflow/dags/dag_job_intelligent.py
[2026-04-29T21:47:44.415+0000] {logging_mixin.py:188} INFO - [2026-04-29T21:47:44.414+0000] {dag.py:3096} INFO - Sync 1 DAGs
[2026-04-29T21:47:44.517+0000] {processor.py:183} INFO - Processing /opt/airflow/dags/dag_job_intelligent.py took 0.279 seconds
[2026-04-29T21:48:15.537+0000] {processor.py:161} INFO - Started process (PID=1783) to work on /opt/airflow/dags/dag_job_intelligent.py
[2026-04-29T21:48:15.539+0000] {processor.py:830} INFO - Processing file /opt/airflow/dags/dag_job_intelligent.py for tasks to queue
[2026-04-29T21:48:15.543+0000] {logging_mixin.py:188} INFO - [2026-04-29T21:48:15.543+0000] {dagbag.py:545} INFO - Filling up the DagBag from /opt/airflow/dags/dag_job_intelligent.py
[2026-04-29T21:48:15.618+0000] {processor.py:840} INFO - DAG(s) 'job_intelligent_pipeline' retrieved from /opt/airflow/dags/dag_job_intelligent.py
[2026-04-29T21:48:15.746+0000] {logging_mixin.py:188} INFO - [2026-04-29T21:48:15.745+0000] {dag.py:3096} INFO - Sync 1 DAGs
[2026-04-29T21:48:15.895+0000] {processor.py:183} INFO - Processing /opt/airflow/dags/dag_job_intelligent.py took 0.375 seconds
[2026-04-29T21:48:51.299+0000] {processor.py:161} INFO - Started process (PID=1791) to work on /opt/airflow/dags/dag_job_intelligent.py
[2026-04-29T21:48:51.360+0000] {processor.py:830} INFO - Processing file /opt/airflow/dags/dag_job_intelligent.py for tasks to queue
[2026-04-29T21:48:51.376+0000] {logging_mixin.py:188} INFO - [2026-04-29T21:48:51.375+0000] {dagbag.py:545} INFO - Filling up the DagBag from /opt/airflow/dags/dag_job_intelligent.py
[2026-04-29T21:48:52.721+0000] {processor.py:840} INFO - DAG(s) 'job_intelligent_pipeline' retrieved from /opt/airflow/dags/dag_job_intelligent.py
[2026-04-29T21:48:53.163+0000] {logging_mixin.py:188} INFO - [2026-04-29T21:48:53.163+0000] {dag.py:3096} INFO - Sync 1 DAGs
[2026-04-29T21:48:54.049+0000] {processor.py:183} INFO - Processing /opt/airflow/dags/dag_job_intelligent.py took 2.817 seconds
[2026-04-29T21:49:28.536+0000] {processor.py:161} INFO - Started process (PID=1805) to work on /opt/airflow/dags/dag_job_intelligent.py
[2026-04-29T21:49:29.029+0000] {processor.py:830} INFO - Processing file /opt/airflow/dags/dag_job_intelligent.py for tasks to queue
[2026-04-29T21:49:29.491+0000] {logging_mixin.py:188} INFO - [2026-04-29T21:49:29.490+0000] {dagbag.py:545} INFO - Filling up the DagBag from /opt/airflow/dags/dag_job_intelligent.py
[2026-04-29T21:49:32.355+0000] {processor.py:840} INFO - DAG(s) 'job_intelligent_pipeline' retrieved from /opt/airflow/dags/dag_job_intelligent.py
[2026-04-29T21:49:32.664+0000] {logging_mixin.py:188} INFO - [2026-04-29T21:49:32.663+0000] {dag.py:3096} INFO - Sync 1 DAGs
[2026-04-29T21:49:33.439+0000] {processor.py:183} INFO - Processing /opt/airflow/dags/dag_job_intelligent.py took 4.967 seconds
[2026-04-29T21:50:06.647+0000] {processor.py:161} INFO - Started process (PID=1818) to work on /opt/airflow/dags/dag_job_intelligent.py
[2026-04-29T21:50:06.692+0000] {processor.py:830} INFO - Processing file /opt/airflow/dags/dag_job_intelligent.py for tasks to queue
[2026-04-29T21:50:06.744+0000] {logging_mixin.py:188} INFO - [2026-04-29T21:50:06.743+0000] {dagbag.py:545} INFO - Filling up the DagBag from /opt/airflow/dags/dag_job_intelligent.py
[2026-04-29T21:50:09.299+0000] {processor.py:840} INFO - DAG(s) 'job_intelligent_pipeline' retrieved from /opt/airflow/dags/dag_job_intelligent.py
[2026-04-29T21:50:09.851+0000] {logging_mixin.py:188} INFO - [2026-04-29T21:50:09.851+0000] {dag.py:3096} INFO - Sync 1 DAGs
[2026-04-29T21:50:10.765+0000] {processor.py:183} INFO - Processing /opt/airflow/dags/dag_job_intelligent.py took 4.387 seconds
[2026-04-29T21:50:41.576+0000] {processor.py:161} INFO - Started process (PID=1832) to work on /opt/airflow/dags/dag_job_intelligent.py
[2026-04-29T21:50:41.623+0000] {processor.py:830} INFO - Processing file /opt/airflow/dags/dag_job_intelligent.py for tasks to queue
[2026-04-29T21:50:41.672+0000] {logging_mixin.py:188} INFO - [2026-04-29T21:50:41.672+0000] {dagbag.py:545} INFO - Filling up the DagBag from /opt/airflow/dags/dag_job_intelligent.py
[2026-04-29T21:50:42.488+0000] {processor.py:840} INFO - DAG(s) 'job_intelligent_pipeline' retrieved from /opt/airflow/dags/dag_job_intelligent.py
[2026-04-29T21:50:43.216+0000] {logging_mixin.py:188} INFO - [2026-04-29T21:50:43.215+0000] {dag.py:3096} INFO - Sync 1 DAGs
[2026-04-29T21:50:44.182+0000] {processor.py:183} INFO - Processing /opt/airflow/dags/dag_job_intelligent.py took 2.677 seconds
[2026-04-29T21:51:15.010+0000] {processor.py:161} INFO - Started process (PID=1840) to work on /opt/airflow/dags/dag_job_intelligent.py
[2026-04-29T21:51:15.049+0000] {processor.py:830} INFO - Processing file /opt/airflow/dags/dag_job_intelligent.py for tasks to queue
[2026-04-29T21:51:15.096+0000] {logging_mixin.py:188} INFO - [2026-04-29T21:51:15.096+0000] {dagbag.py:545} INFO - Filling up the DagBag from /opt/airflow/dags/dag_job_intelligent.py
[2026-04-29T21:51:15.641+0000] {processor.py:840} INFO - DAG(s) 'job_intelligent_pipeline' retrieved from /opt/airflow/dags/dag_job_intelligent.py
[2026-04-29T21:51:16.800+0000] {logging_mixin.py:188} INFO - [2026-04-29T21:51:16.799+0000] {dag.py:3096} INFO - Sync 1 DAGs
[2026-04-29T21:51:17.483+0000] {processor.py:183} INFO - Processing /opt/airflow/dags/dag_job_intelligent.py took 2.636 seconds
[2026-04-29T21:51:48.084+0000] {processor.py:161} INFO - Started process (PID=1859) to work on /opt/airflow/dags/dag_job_intelligent.py
[2026-04-29T21:51:48.118+0000] {processor.py:830} INFO - Processing file /opt/airflow/dags/dag_job_intelligent.py for tasks to queue
[2026-04-29T21:51:48.134+0000] {logging_mixin.py:188} INFO - [2026-04-29T21:51:48.133+0000] {dagbag.py:545} INFO - Filling up the DagBag from /opt/airflow/dags/dag_job_intelligent.py
[2026-04-29T21:51:48.260+0000] {processor.py:840} INFO - DAG(s) 'job_intelligent_pipeline' retrieved from /opt/airflow/dags/dag_job_intelligent.py
[2026-04-29T21:51:48.722+0000] {logging_mixin.py:188} INFO - [2026-04-29T21:51:48.719+0000] {dag.py:3096} INFO - Sync 1 DAGs
[2026-04-29T21:51:49.029+0000] {processor.py:183} INFO - Processing /opt/airflow/dags/dag_job_intelligent.py took 1.040 seconds
[2026-04-29T21:52:19.535+0000] {processor.py:161} INFO - Started process (PID=1867) to work on /opt/airflow/dags/dag_job_intelligent.py
[2026-04-29T21:52:19.545+0000] {processor.py:830} INFO - Processing file /opt/airflow/dags/dag_job_intelligent.py for tasks to queue
[2026-04-29T21:52:19.551+0000] {logging_mixin.py:188} INFO - [2026-04-29T21:52:19.550+0000] {dagbag.py:545} INFO - Filling up the DagBag from /opt/airflow/dags/dag_job_intelligent.py
[2026-04-29T21:52:19.685+0000] {processor.py:840} INFO - DAG(s) 'job_intelligent_pipeline' retrieved from /opt/airflow/dags/dag_job_intelligent.py
[2026-04-29T21:52:19.835+0000] {logging_mixin.py:188} INFO - [2026-04-29T21:52:19.834+0000] {dag.py:3096} INFO - Sync 1 DAGs
[2026-04-29T21:52:19.994+0000] {processor.py:183} INFO - Processing /opt/airflow/dags/dag_job_intelligent.py took 0.504 seconds
[2026-04-29T21:52:50.121+0000] {processor.py:161} INFO - Started process (PID=1881) to work on /opt/airflow/dags/dag_job_intelligent.py
[2026-04-29T21:52:50.124+0000] {processor.py:830} INFO - Processing file /opt/airflow/dags/dag_job_intelligent.py for tasks to queue
[2026-04-29T21:52:50.129+0000] {logging_mixin.py:188} INFO - [2026-04-29T21:52:50.128+0000] {dagbag.py:545} INFO - Filling up the DagBag from /opt/airflow/dags/dag_job_intelligent.py
[2026-04-29T21:52:50.190+0000] {processor.py:840} INFO - DAG(s) 'job_intelligent_pipeline' retrieved from /opt/airflow/dags/dag_job_intelligent.py
[2026-04-29T21:52:50.364+0000] {logging_mixin.py:188} INFO - [2026-04-29T21:52:50.363+0000] {dag.py:3096} INFO - Sync 1 DAGs
[2026-04-29T21:52:50.590+0000] {processor.py:183} INFO - Processing /opt/airflow/dags/dag_job_intelligent.py took 0.486 seconds
[2026-04-29T21:53:24.087+0000] {processor.py:161} INFO - Started process (PID=1895) to work on /opt/airflow/dags/dag_job_intelligent.py
[2026-04-29T21:53:24.121+0000] {processor.py:830} INFO - Processing file /opt/airflow/dags/dag_job_intelligent.py for tasks to queue
[2026-04-29T21:53:24.187+0000] {logging_mixin.py:188} INFO - [2026-04-29T21:53:24.186+0000] {dagbag.py:545} INFO - Filling up the DagBag from /opt/airflow/dags/dag_job_intelligent.py
[2026-04-29T21:53:25.794+0000] {processor.py:840} INFO - DAG(s) 'job_intelligent_pipeline' retrieved from /opt/airflow/dags/dag_job_intelligent.py
[2026-04-29T21:53:26.123+0000] {logging_mixin.py:188} INFO - [2026-04-29T21:53:26.123+0000] {dag.py:3096} INFO - Sync 1 DAGs
[2026-04-29T21:53:27.476+0000] {processor.py:183} INFO - Processing /opt/airflow/dags/dag_job_intelligent.py took 3.460 seconds
[2026-04-29T21:53:59.035+0000] {processor.py:161} INFO - Started process (PID=1903) to work on /opt/airflow/dags/dag_job_intelligent.py
[2026-04-29T21:53:59.053+0000] {processor.py:830} INFO - Processing file /opt/airflow/dags/dag_job_intelligent.py for tasks to queue
[2026-04-29T21:53:59.076+0000] {logging_mixin.py:188} INFO - [2026-04-29T21:53:59.075+0000] {dagbag.py:545} INFO - Filling up the DagBag from /opt/airflow/dags/dag_job_intelligent.py
[2026-04-29T21:53:59.647+0000] {processor.py:840} INFO - DAG(s) 'job_intelligent_pipeline' retrieved from /opt/airflow/dags/dag_job_intelligent.py
[2026-04-29T21:54:00.019+0000] {logging_mixin.py:188} INFO - [2026-04-29T21:54:00.019+0000] {dag.py:3096} INFO - Sync 1 DAGs
[2026-04-29T21:54:00.579+0000] {processor.py:183} INFO - Processing /opt/airflow/dags/dag_job_intelligent.py took 1.592 seconds
[2026-04-29T21:54:31.462+0000] {processor.py:161} INFO - Started process (PID=1916) to work on /opt/airflow/dags/dag_job_intelligent.py
[2026-04-29T21:54:31.482+0000] {processor.py:830} INFO - Processing file /opt/airflow/dags/dag_job_intelligent.py for tasks to queue
[2026-04-29T21:54:31.536+0000] {logging_mixin.py:188} INFO - [2026-04-29T21:54:31.535+0000] {dagbag.py:545} INFO - Filling up the DagBag from /opt/airflow/dags/dag_job_intelligent.py
[2026-04-29T21:54:31.709+0000] {processor.py:840} INFO - DAG(s) 'job_intelligent_pipeline' retrieved from /opt/airflow/dags/dag_job_intelligent.py
[2026-04-29T21:54:31.965+0000] {logging_mixin.py:188} INFO - [2026-04-29T21:54:31.964+0000] {dag.py:3096} INFO - Sync 1 DAGs
[2026-04-29T21:54:32.169+0000] {processor.py:183} INFO - Processing /opt/airflow/dags/dag_job_intelligent.py took 0.782 seconds
[2026-04-29T21:55:02.448+0000] {processor.py:161} INFO - Started process (PID=1924) to work on /opt/airflow/dags/dag_job_intelligent.py
[2026-04-29T21:55:02.450+0000] {processor.py:830} INFO - Processing file /opt/airflow/dags/dag_job_intelligent.py for tasks to queue
[2026-04-29T21:55:02.453+0000] {logging_mixin.py:188} INFO - [2026-04-29T21:55:02.452+0000] {dagbag.py:545} INFO - Filling up the DagBag from /opt/airflow/dags/dag_job_intelligent.py
[2026-04-29T21:55:02.498+0000] {processor.py:840} INFO - DAG(s) 'job_intelligent_pipeline' retrieved from /opt/airflow/dags/dag_job_intelligent.py
[2026-04-29T21:55:02.578+0000] {logging_mixin.py:188} INFO - [2026-04-29T21:55:02.578+0000] {dag.py:3096} INFO - Sync 1 DAGs
[2026-04-29T21:55:02.693+0000] {processor.py:183} INFO - Processing /opt/airflow/dags/dag_job_intelligent.py took 0.258 seconds
[2026-04-29T21:55:32.956+0000] {processor.py:161} INFO - Started process (PID=1938) to work on /opt/airflow/dags/dag_job_intelligent.py
[2026-04-29T21:55:32.959+0000] {processor.py:830} INFO - Processing file /opt/airflow/dags/dag_job_intelligent.py for tasks to queue
[2026-04-29T21:55:32.966+0000] {logging_mixin.py:188} INFO - [2026-04-29T21:55:32.963+0000] {dagbag.py:545} INFO - Filling up the DagBag from /opt/airflow/dags/dag_job_intelligent.py
[2026-04-29T21:55:33.054+0000] {processor.py:840} INFO - DAG(s) 'job_intelligent_pipeline' retrieved from /opt/airflow/dags/dag_job_intelligent.py
[2026-04-29T21:55:33.123+0000] {logging_mixin.py:188} INFO - [2026-04-29T21:55:33.122+0000] {dag.py:3096} INFO - Sync 1 DAGs
[2026-04-29T21:55:33.242+0000] {processor.py:183} INFO - Processing /opt/airflow/dags/dag_job_intelligent.py took 0.318 seconds
[2026-04-29T21:56:03.718+0000] {processor.py:161} INFO - Started process (PID=1945) to work on /opt/airflow/dags/dag_job_intelligent.py
[2026-04-29T21:56:03.720+0000] {processor.py:830} INFO - Processing file /opt/airflow/dags/dag_job_intelligent.py for tasks to queue
[2026-04-29T21:56:03.727+0000] {logging_mixin.py:188} INFO - [2026-04-29T21:56:03.724+0000] {dagbag.py:545} INFO - Filling up the DagBag from /opt/airflow/dags/dag_job_intelligent.py
[2026-04-29T21:56:03.780+0000] {processor.py:840} INFO - DAG(s) 'job_intelligent_pipeline' retrieved from /opt/airflow/dags/dag_job_intelligent.py
[2026-04-29T21:56:03.855+0000] {logging_mixin.py:188} INFO - [2026-04-29T21:56:03.854+0000] {dag.py:3096} INFO - Sync 1 DAGs
[2026-04-29T21:56:03.942+0000] {processor.py:183} INFO - Processing /opt/airflow/dags/dag_job_intelligent.py took 0.240 seconds
[2026-04-29T21:56:34.705+0000] {processor.py:161} INFO - Started process (PID=1960) to work on /opt/airflow/dags/dag_job_intelligent.py
[2026-04-29T21:56:34.718+0000] {processor.py:830} INFO - Processing file /opt/airflow/dags/dag_job_intelligent.py for tasks to queue
[2026-04-29T21:56:34.735+0000] {logging_mixin.py:188} INFO - [2026-04-29T21:56:34.734+0000] {dagbag.py:545} INFO - Filling up the DagBag from /opt/airflow/dags/dag_job_intelligent.py
[2026-04-29T21:56:34.887+0000] {processor.py:840} INFO - DAG(s) 'job_intelligent_pipeline' retrieved from /opt/airflow/dags/dag_job_intelligent.py
[2026-04-29T21:56:35.006+0000] {logging_mixin.py:188} INFO - [2026-04-29T21:56:35.005+0000] {dag.py:3096} INFO - Sync 1 DAGs
[2026-04-29T21:56:35.142+0000] {processor.py:183} INFO - Processing /opt/airflow/dags/dag_job_intelligent.py took 0.465 seconds
[2026-04-29T21:57:05.745+0000] {processor.py:161} INFO - Started process (PID=1974) to work on /opt/airflow/dags/dag_job_intelligent.py
[2026-04-29T21:57:05.747+0000] {processor.py:830} INFO - Processing file /opt/airflow/dags/dag_job_intelligent.py for tasks to queue
[2026-04-29T21:57:05.830+0000] {logging_mixin.py:188} INFO - [2026-04-29T21:57:05.829+0000] {dagbag.py:545} INFO - Filling up the DagBag from /opt/airflow/dags/dag_job_intelligent.py
[2026-04-29T21:57:06.065+0000] {processor.py:840} INFO - DAG(s) 'job_intelligent_pipeline' retrieved from /opt/airflow/dags/dag_job_intelligent.py
[2026-04-29T21:57:06.222+0000] {logging_mixin.py:188} INFO - [2026-04-29T21:57:06.214+0000] {dag.py:3096} INFO - Sync 1 DAGs
[2026-04-29T21:57:06.442+0000] {processor.py:183} INFO - Processing /opt/airflow/dags/dag_job_intelligent.py took 0.731 seconds
[2026-04-29T21:57:37.158+0000] {processor.py:161} INFO - Started process (PID=1983) to work on /opt/airflow/dags/dag_job_intelligent.py
[2026-04-29T21:57:37.166+0000] {processor.py:830} INFO - Processing file /opt/airflow/dags/dag_job_intelligent.py for tasks to queue
[2026-04-29T21:57:37.207+0000] {logging_mixin.py:188} INFO - [2026-04-29T21:57:37.206+0000] {dagbag.py:545} INFO - Filling up the DagBag from /opt/airflow/dags/dag_job_intelligent.py
[2026-04-29T21:57:37.430+0000] {processor.py:840} INFO - DAG(s) 'job_intelligent_pipeline' retrieved from /opt/airflow/dags/dag_job_intelligent.py
[2026-04-29T21:57:37.613+0000] {logging_mixin.py:188} INFO - [2026-04-29T21:57:37.612+0000] {dag.py:3096} INFO - Sync 1 DAGs
[2026-04-29T21:57:37.910+0000] {processor.py:183} INFO - Processing /opt/airflow/dags/dag_job_intelligent.py took 0.776 seconds
[2026-04-29T21:58:10.821+0000] {processor.py:161} INFO - Started process (PID=1996) to work on /opt/airflow/dags/dag_job_intelligent.py
[2026-04-29T21:58:10.916+0000] {processor.py:830} INFO - Processing file /opt/airflow/dags/dag_job_intelligent.py for tasks to queue
[2026-04-29T21:58:10.997+0000] {logging_mixin.py:188} INFO - [2026-04-29T21:58:10.996+0000] {dagbag.py:545} INFO - Filling up the DagBag from /opt/airflow/dags/dag_job_intelligent.py
[2026-04-29T21:58:12.859+0000] {processor.py:840} INFO - DAG(s) 'job_intelligent_pipeline' retrieved from /opt/airflow/dags/dag_job_intelligent.py
[2026-04-29T21:58:13.861+0000] {logging_mixin.py:188} INFO - [2026-04-29T21:58:13.861+0000] {dag.py:3096} INFO - Sync 1 DAGs
[2026-04-29T21:58:14.710+0000] {processor.py:183} INFO - Processing /opt/airflow/dags/dag_job_intelligent.py took 4.003 seconds
[2026-04-29T21:58:45.336+0000] {processor.py:161} INFO - Started process (PID=2004) to work on /opt/airflow/dags/dag_job_intelligent.py
[2026-04-29T21:58:45.338+0000] {processor.py:830} INFO - Processing file /opt/airflow/dags/dag_job_intelligent.py for tasks to queue
[2026-04-29T21:58:45.354+0000] {logging_mixin.py:188} INFO - [2026-04-29T21:58:45.353+0000] {dagbag.py:545} INFO - Filling up the DagBag from /opt/airflow/dags/dag_job_intelligent.py
[2026-04-29T21:58:45.595+0000] {processor.py:840} INFO - DAG(s) 'job_intelligent_pipeline' retrieved from /opt/airflow/dags/dag_job_intelligent.py
[2026-04-29T21:58:45.914+0000] {logging_mixin.py:188} INFO - [2026-04-29T21:58:45.913+0000] {dag.py:3096} INFO - Sync 1 DAGs
[2026-04-29T21:58:47.135+0000] {processor.py:183} INFO - Processing /opt/airflow/dags/dag_job_intelligent.py took 1.817 seconds
[2026-04-29T21:59:19.152+0000] {processor.py:161} INFO - Started process (PID=2018) to work on /opt/airflow/dags/dag_job_intelligent.py
[2026-04-29T21:59:19.353+0000] {processor.py:830} INFO - Processing file /opt/airflow/dags/dag_job_intelligent.py for tasks to queue
[2026-04-29T21:59:19.483+0000] {logging_mixin.py:188} INFO - [2026-04-29T21:59:19.452+0000] {dagbag.py:545} INFO - Filling up the DagBag from /opt/airflow/dags/dag_job_intelligent.py
[2026-04-29T21:59:20.884+0000] {processor.py:840} INFO - DAG(s) 'job_intelligent_pipeline' retrieved from /opt/airflow/dags/dag_job_intelligent.py
[2026-04-29T21:59:21.332+0000] {logging_mixin.py:188} INFO - [2026-04-29T21:59:21.332+0000] {dag.py:3096} INFO - Sync 1 DAGs
[2026-04-29T21:59:21.983+0000] {processor.py:183} INFO - Processing /opt/airflow/dags/dag_job_intelligent.py took 2.883 seconds
[2026-04-29T21:59:55.321+0000] {processor.py:161} INFO - Started process (PID=2032) to work on /opt/airflow/dags/dag_job_intelligent.py
[2026-04-29T21:59:55.340+0000] {processor.py:830} INFO - Processing file /opt/airflow/dags/dag_job_intelligent.py for tasks to queue
[2026-04-29T21:59:55.369+0000] {logging_mixin.py:188} INFO - [2026-04-29T21:59:55.367+0000] {dagbag.py:545} INFO - Filling up the DagBag from /opt/airflow/dags/dag_job_intelligent.py
[2026-04-29T21:59:55.836+0000] {processor.py:840} INFO - DAG(s) 'job_intelligent_pipeline' retrieved from /opt/airflow/dags/dag_job_intelligent.py
[2026-04-29T21:59:56.669+0000] {logging_mixin.py:188} INFO - [2026-04-29T21:59:56.668+0000] {dag.py:3096} INFO - Sync 1 DAGs
[2026-04-29T21:59:58.191+0000] {processor.py:183} INFO - Processing /opt/airflow/dags/dag_job_intelligent.py took 2.918 seconds
[2026-04-29T22:00:30.603+0000] {processor.py:161} INFO - Started process (PID=2039) to work on /opt/airflow/dags/dag_job_intelligent.py
[2026-04-29T22:00:30.622+0000] {processor.py:830} INFO - Processing file /opt/airflow/dags/dag_job_intelligent.py for tasks to queue
[2026-04-29T22:00:30.656+0000] {logging_mixin.py:188} INFO - [2026-04-29T22:00:30.656+0000] {dagbag.py:545} INFO - Filling up the DagBag from /opt/airflow/dags/dag_job_intelligent.py
[2026-04-29T22:00:31.870+0000] {processor.py:840} INFO - DAG(s) 'job_intelligent_pipeline' retrieved from /opt/airflow/dags/dag_job_intelligent.py
[2026-04-29T22:00:32.772+0000] {logging_mixin.py:188} INFO - [2026-04-29T22:00:32.771+0000] {dag.py:3096} INFO - Sync 1 DAGs
[2026-04-29T22:00:34.698+0000] {processor.py:183} INFO - Processing /opt/airflow/dags/dag_job_intelligent.py took 4.185 seconds
[2026-04-29T22:01:06.566+0000] {processor.py:161} INFO - Started process (PID=2053) to work on /opt/airflow/dags/dag_job_intelligent.py
[2026-04-29T22:01:06.594+0000] {processor.py:830} INFO - Processing file /opt/airflow/dags/dag_job_intelligent.py for tasks to queue
[2026-04-29T22:01:06.612+0000] {logging_mixin.py:188} INFO - [2026-04-29T22:01:06.611+0000] {dagbag.py:545} INFO - Filling up the DagBag from /opt/airflow/dags/dag_job_intelligent.py
[2026-04-29T22:01:07.825+0000] {processor.py:840} INFO - DAG(s) 'job_intelligent_pipeline' retrieved from /opt/airflow/dags/dag_job_intelligent.py
[2026-04-29T22:01:08.579+0000] {logging_mixin.py:188} INFO - [2026-04-29T22:01:08.578+0000] {dag.py:3096} INFO - Sync 1 DAGs
[2026-04-29T22:01:09.341+0000] {processor.py:183} INFO - Processing /opt/airflow/dags/dag_job_intelligent.py took 2.857 seconds
[2026-04-29T22:01:41.309+0000] {processor.py:161} INFO - Started process (PID=2068) to work on /opt/airflow/dags/dag_job_intelligent.py
[2026-04-29T22:01:41.402+0000] {processor.py:830} INFO - Processing file /opt/airflow/dags/dag_job_intelligent.py for tasks to queue
[2026-04-29T22:01:41.451+0000] {logging_mixin.py:188} INFO - [2026-04-29T22:01:41.450+0000] {dagbag.py:545} INFO - Filling up the DagBag from /opt/airflow/dags/dag_job_intelligent.py
[2026-04-29T22:01:41.823+0000] {processor.py:840} INFO - DAG(s) 'job_intelligent_pipeline' retrieved from /opt/airflow/dags/dag_job_intelligent.py
[2026-04-29T22:01:42.132+0000] {logging_mixin.py:188} INFO - [2026-04-29T22:01:42.131+0000] {dag.py:3096} INFO - Sync 1 DAGs
[2026-04-29T22:01:43.736+0000] {processor.py:183} INFO - Processing /opt/airflow/dags/dag_job_intelligent.py took 2.542 seconds
[2026-04-29T22:02:15.685+0000] {processor.py:161} INFO - Started process (PID=2076) to work on /opt/airflow/dags/dag_job_intelligent.py
[2026-04-29T22:02:15.694+0000] {processor.py:830} INFO - Processing file /opt/airflow/dags/dag_job_intelligent.py for tasks to queue
[2026-04-29T22:02:15.804+0000] {logging_mixin.py:188} INFO - [2026-04-29T22:02:15.803+0000] {dagbag.py:545} INFO - Filling up the DagBag from /opt/airflow/dags/dag_job_intelligent.py
[2026-04-29T22:02:17.091+0000] {processor.py:840} INFO - DAG(s) 'job_intelligent_pipeline' retrieved from /opt/airflow/dags/dag_job_intelligent.py
[2026-04-29T22:02:19.050+0000] {logging_mixin.py:188} INFO - [2026-04-29T22:02:19.049+0000] {dag.py:3096} INFO - Sync 1 DAGs
[2026-04-29T22:02:20.058+0000] {processor.py:183} INFO - Processing /opt/airflow/dags/dag_job_intelligent.py took 4.545 seconds
[2026-04-29T22:02:51.616+0000] {processor.py:161} INFO - Started process (PID=2091) to work on /opt/airflow/dags/dag_job_intelligent.py
[2026-04-29T22:02:51.660+0000] {processor.py:830} INFO - Processing file /opt/airflow/dags/dag_job_intelligent.py for tasks to queue
[2026-04-29T22:02:51.710+0000] {logging_mixin.py:188} INFO - [2026-04-29T22:02:51.709+0000] {dagbag.py:545} INFO - Filling up the DagBag from /opt/airflow/dags/dag_job_intelligent.py
[2026-04-29T22:02:52.225+0000] {processor.py:840} INFO - DAG(s) 'job_intelligent_pipeline' retrieved from /opt/airflow/dags/dag_job_intelligent.py
[2026-04-29T22:02:53.436+0000] {logging_mixin.py:188} INFO - [2026-04-29T22:02:53.436+0000] {dag.py:3096} INFO - Sync 1 DAGs
[2026-04-29T22:02:54.733+0000] {processor.py:183} INFO - Processing /opt/airflow/dags/dag_job_intelligent.py took 3.185 seconds
[2026-04-29T22:03:31.970+0000] {processor.py:161} INFO - Started process (PID=2104) to work on /opt/airflow/dags/dag_job_intelligent.py
[2026-04-29T22:03:31.986+0000] {processor.py:830} INFO - Processing file /opt/airflow/dags/dag_job_intelligent.py for tasks to queue
[2026-04-29T22:03:32.003+0000] {logging_mixin.py:188} INFO - [2026-04-29T22:03:32.002+0000] {dagbag.py:545} INFO - Filling up the DagBag from /opt/airflow/dags/dag_job_intelligent.py
[2026-04-29T22:03:32.622+0000] {processor.py:840} INFO - DAG(s) 'job_intelligent_pipeline' retrieved from /opt/airflow/dags/dag_job_intelligent.py
[2026-04-29T22:03:33.123+0000] {logging_mixin.py:188} INFO - [2026-04-29T22:03:33.123+0000] {dag.py:3096} INFO - Sync 1 DAGs
[2026-04-29T22:03:34.044+0000] {processor.py:183} INFO - Processing /opt/airflow/dags/dag_job_intelligent.py took 2.200 seconds
[2026-04-29T22:04:05.553+0000] {processor.py:161} INFO - Started process (PID=2123) to work on /opt/airflow/dags/dag_job_intelligent.py
[2026-04-29T22:04:05.577+0000] {processor.py:830} INFO - Processing file /opt/airflow/dags/dag_job_intelligent.py for tasks to queue
[2026-04-29T22:04:05.609+0000] {logging_mixin.py:188} INFO - [2026-04-29T22:04:05.599+0000] {dagbag.py:545} INFO - Filling up the DagBag from /opt/airflow/dags/dag_job_intelligent.py
[2026-04-29T22:04:06.086+0000] {processor.py:840} INFO - DAG(s) 'job_intelligent_pipeline' retrieved from /opt/airflow/dags/dag_job_intelligent.py
[2026-04-29T22:04:06.640+0000] {logging_mixin.py:188} INFO - [2026-04-29T22:04:06.581+0000] {dag.py:3096} INFO - Sync 1 DAGs
[2026-04-29T22:04:07.778+0000] {processor.py:183} INFO - Processing /opt/airflow/dags/dag_job_intelligent.py took 2.536 seconds
[2026-04-29T22:04:38.563+0000] {processor.py:161} INFO - Started process (PID=2131) to work on /opt/airflow/dags/dag_job_intelligent.py
[2026-04-29T22:04:38.565+0000] {processor.py:830} INFO - Processing file /opt/airflow/dags/dag_job_intelligent.py for tasks to queue
[2026-04-29T22:04:38.572+0000] {logging_mixin.py:188} INFO - [2026-04-29T22:04:38.569+0000] {dagbag.py:545} INFO - Filling up the DagBag from /opt/airflow/dags/dag_job_intelligent.py
[2026-04-29T22:04:38.672+0000] {processor.py:840} INFO - DAG(s) 'job_intelligent_pipeline' retrieved from /opt/airflow/dags/dag_job_intelligent.py
[2026-04-29T22:04:38.870+0000] {logging_mixin.py:188} INFO - [2026-04-29T22:04:38.870+0000] {dag.py:3096} INFO - Sync 1 DAGs
[2026-04-29T22:04:39.407+0000] {processor.py:183} INFO - Processing /opt/airflow/dags/dag_job_intelligent.py took 0.864 seconds
[2026-04-29T22:05:11.351+0000] {processor.py:161} INFO - Started process (PID=2145) to work on /opt/airflow/dags/dag_job_intelligent.py
[2026-04-29T22:05:11.355+0000] {processor.py:830} INFO - Processing file /opt/airflow/dags/dag_job_intelligent.py for tasks to queue
[2026-04-29T22:05:11.373+0000] {logging_mixin.py:188} INFO - [2026-04-29T22:05:11.372+0000] {dagbag.py:545} INFO - Filling up the DagBag from /opt/airflow/dags/dag_job_intelligent.py
[2026-04-29T22:05:11.873+0000] {processor.py:840} INFO - DAG(s) 'job_intelligent_pipeline' retrieved from /opt/airflow/dags/dag_job_intelligent.py
[2026-04-29T22:05:12.815+0000] {logging_mixin.py:188} INFO - [2026-04-29T22:05:12.814+0000] {dag.py:3096} INFO - Sync 1 DAGs
[2026-04-29T22:05:13.709+0000] {processor.py:183} INFO - Processing /opt/airflow/dags/dag_job_intelligent.py took 2.457 seconds
[2026-04-29T22:05:44.292+0000] {processor.py:161} INFO - Started process (PID=2152) to work on /opt/airflow/dags/dag_job_intelligent.py
[2026-04-29T22:05:44.295+0000] {processor.py:830} INFO - Processing file /opt/airflow/dags/dag_job_intelligent.py for tasks to queue
[2026-04-29T22:05:44.299+0000] {logging_mixin.py:188} INFO - [2026-04-29T22:05:44.298+0000] {dagbag.py:545} INFO - Filling up the DagBag from /opt/airflow/dags/dag_job_intelligent.py
[2026-04-29T22:05:44.621+0000] {processor.py:840} INFO - DAG(s) 'job_intelligent_pipeline' retrieved from /opt/airflow/dags/dag_job_intelligent.py
[2026-04-29T22:05:44.813+0000] {logging_mixin.py:188} INFO - [2026-04-29T22:05:44.812+0000] {dag.py:3096} INFO - Sync 1 DAGs
[2026-04-29T22:05:45.092+0000] {processor.py:183} INFO - Processing /opt/airflow/dags/dag_job_intelligent.py took 0.821 seconds
[2026-04-29T22:06:15.502+0000] {processor.py:161} INFO - Started process (PID=2166) to work on /opt/airflow/dags/dag_job_intelligent.py
[2026-04-29T22:06:15.514+0000] {processor.py:830} INFO - Processing file /opt/airflow/dags/dag_job_intelligent.py for tasks to queue
[2026-04-29T22:06:15.518+0000] {logging_mixin.py:188} INFO - [2026-04-29T22:06:15.517+0000] {dagbag.py:545} INFO - Filling up the DagBag from /opt/airflow/dags/dag_job_intelligent.py
[2026-04-29T22:06:15.644+0000] {processor.py:840} INFO - DAG(s) 'job_intelligent_pipeline' retrieved from /opt/airflow/dags/dag_job_intelligent.py
[2026-04-29T22:06:15.914+0000] {logging_mixin.py:188} INFO - [2026-04-29T22:06:15.913+0000] {dag.py:3096} INFO - Sync 1 DAGs
[2026-04-29T22:06:16.460+0000] {processor.py:183} INFO - Processing /opt/airflow/dags/dag_job_intelligent.py took 0.986 seconds
[2026-04-29T22:06:47.116+0000] {processor.py:161} INFO - Started process (PID=2181) to work on /opt/airflow/dags/dag_job_intelligent.py
[2026-04-29T22:06:47.118+0000] {processor.py:830} INFO - Processing file /opt/airflow/dags/dag_job_intelligent.py for tasks to queue
[2026-04-29T22:06:47.121+0000] {logging_mixin.py:188} INFO - [2026-04-29T22:06:47.121+0000] {dagbag.py:545} INFO - Filling up the DagBag from /opt/airflow/dags/dag_job_intelligent.py
[2026-04-29T22:06:47.168+0000] {processor.py:840} INFO - DAG(s) 'job_intelligent_pipeline' retrieved from /opt/airflow/dags/dag_job_intelligent.py
[2026-04-29T22:06:47.248+0000] {logging_mixin.py:188} INFO - [2026-04-29T22:06:47.248+0000] {dag.py:3096} INFO - Sync 1 DAGs
[2026-04-29T22:06:47.358+0000] {processor.py:183} INFO - Processing /opt/airflow/dags/dag_job_intelligent.py took 0.253 seconds
[2026-04-29T22:07:17.653+0000] {processor.py:161} INFO - Started process (PID=2188) to work on /opt/airflow/dags/dag_job_intelligent.py
[2026-04-29T22:07:17.656+0000] {processor.py:830} INFO - Processing file /opt/airflow/dags/dag_job_intelligent.py for tasks to queue
[2026-04-29T22:07:17.662+0000] {logging_mixin.py:188} INFO - [2026-04-29T22:07:17.661+0000] {dagbag.py:545} INFO - Filling up the DagBag from /opt/airflow/dags/dag_job_intelligent.py
[2026-04-29T22:07:17.714+0000] {processor.py:840} INFO - DAG(s) 'job_intelligent_pipeline' retrieved from /opt/airflow/dags/dag_job_intelligent.py
[2026-04-29T22:07:17.807+0000] {logging_mixin.py:188} INFO - [2026-04-29T22:07:17.806+0000] {dag.py:3096} INFO - Sync 1 DAGs
[2026-04-29T22:07:18.048+0000] {processor.py:183} INFO - Processing /opt/airflow/dags/dag_job_intelligent.py took 0.417 seconds
[2026-04-29T22:07:49.195+0000] {processor.py:161} INFO - Started process (PID=2202) to work on /opt/airflow/dags/dag_job_intelligent.py
[2026-04-29T22:07:49.198+0000] {processor.py:830} INFO - Processing file /opt/airflow/dags/dag_job_intelligent.py for tasks to queue
[2026-04-29T22:07:49.203+0000] {logging_mixin.py:188} INFO - [2026-04-29T22:07:49.202+0000] {dagbag.py:545} INFO - Filling up the DagBag from /opt/airflow/dags/dag_job_intelligent.py
[2026-04-29T22:07:49.371+0000] {processor.py:840} INFO - DAG(s) 'job_intelligent_pipeline' retrieved from /opt/airflow/dags/dag_job_intelligent.py
[2026-04-29T22:07:49.574+0000] {logging_mixin.py:188} INFO - [2026-04-29T22:07:49.574+0000] {dag.py:3096} INFO - Sync 1 DAGs
[2026-04-29T22:07:49.718+0000] {processor.py:183} INFO - Processing /opt/airflow/dags/dag_job_intelligent.py took 0.558 seconds
[2026-04-29T22:08:20.618+0000] {processor.py:161} INFO - Started process (PID=2211) to work on /opt/airflow/dags/dag_job_intelligent.py
[2026-04-29T22:08:20.620+0000] {processor.py:830} INFO - Processing file /opt/airflow/dags/dag_job_intelligent.py for tasks to queue
[2026-04-29T22:08:20.624+0000] {logging_mixin.py:188} INFO - [2026-04-29T22:08:20.623+0000] {dagbag.py:545} INFO - Filling up the DagBag from /opt/airflow/dags/dag_job_intelligent.py
[2026-04-29T22:08:20.689+0000] {processor.py:840} INFO - DAG(s) 'job_intelligent_pipeline' retrieved from /opt/airflow/dags/dag_job_intelligent.py
[2026-04-29T22:08:20.765+0000] {logging_mixin.py:188} INFO - [2026-04-29T22:08:20.765+0000] {dag.py:3096} INFO - Sync 1 DAGs
[2026-04-29T22:08:20.853+0000] {processor.py:183} INFO - Processing /opt/airflow/dags/dag_job_intelligent.py took 0.254 seconds
[2026-04-29T22:08:51.547+0000] {processor.py:161} INFO - Started process (PID=2224) to work on /opt/airflow/dags/dag_job_intelligent.py
[2026-04-29T22:08:51.549+0000] {processor.py:830} INFO - Processing file /opt/airflow/dags/dag_job_intelligent.py for tasks to queue
[2026-04-29T22:08:51.554+0000] {logging_mixin.py:188} INFO - [2026-04-29T22:08:51.553+0000] {dagbag.py:545} INFO - Filling up the DagBag from /opt/airflow/dags/dag_job_intelligent.py
[2026-04-29T22:08:51.609+0000] {processor.py:840} INFO - DAG(s) 'job_intelligent_pipeline' retrieved from /opt/airflow/dags/dag_job_intelligent.py
[2026-04-29T22:08:51.691+0000] {logging_mixin.py:188} INFO - [2026-04-29T22:08:51.691+0000] {dag.py:3096} INFO - Sync 1 DAGs
[2026-04-29T22:08:51.827+0000] {processor.py:183} INFO - Processing /opt/airflow/dags/dag_job_intelligent.py took 0.301 seconds
[2026-04-29T22:09:22.506+0000] {processor.py:161} INFO - Started process (PID=2232) to work on /opt/airflow/dags/dag_job_intelligent.py
[2026-04-29T22:09:22.509+0000] {processor.py:830} INFO - Processing file /opt/airflow/dags/dag_job_intelligent.py for tasks to queue
[2026-04-29T22:09:22.514+0000] {logging_mixin.py:188} INFO - [2026-04-29T22:09:22.513+0000] {dagbag.py:545} INFO - Filling up the DagBag from /opt/airflow/dags/dag_job_intelligent.py
[2026-04-29T22:09:22.578+0000] {processor.py:840} INFO - DAG(s) 'job_intelligent_pipeline' retrieved from /opt/airflow/dags/dag_job_intelligent.py
[2026-04-29T22:09:22.731+0000] {logging_mixin.py:188} INFO - [2026-04-29T22:09:22.731+0000] {dag.py:3096} INFO - Sync 1 DAGs
[2026-04-29T22:09:22.915+0000] {processor.py:183} INFO - Processing /opt/airflow/dags/dag_job_intelligent.py took 0.431 seconds
[2026-04-29T22:09:53.671+0000] {processor.py:161} INFO - Started process (PID=2247) to work on /opt/airflow/dags/dag_job_intelligent.py
[2026-04-29T22:09:53.674+0000] {processor.py:830} INFO - Processing file /opt/airflow/dags/dag_job_intelligent.py for tasks to queue
[2026-04-29T22:09:53.678+0000] {logging_mixin.py:188} INFO - [2026-04-29T22:09:53.677+0000] {dagbag.py:545} INFO - Filling up the DagBag from /opt/airflow/dags/dag_job_intelligent.py
[2026-04-29T22:09:53.764+0000] {processor.py:840} INFO - DAG(s) 'job_intelligent_pipeline' retrieved from /opt/airflow/dags/dag_job_intelligent.py
[2026-04-29T22:09:53.844+0000] {logging_mixin.py:188} INFO - [2026-04-29T22:09:53.843+0000] {dag.py:3096} INFO - Sync 1 DAGs
[2026-04-29T22:09:53.980+0000] {processor.py:183} INFO - Processing /opt/airflow/dags/dag_job_intelligent.py took 0.332 seconds
[2026-04-29T22:10:24.863+0000] {processor.py:161} INFO - Started process (PID=2255) to work on /opt/airflow/dags/dag_job_intelligent.py
[2026-04-29T22:10:24.866+0000] {processor.py:830} INFO - Processing file /opt/airflow/dags/dag_job_intelligent.py for tasks to queue
[2026-04-29T22:10:24.875+0000] {logging_mixin.py:188} INFO - [2026-04-29T22:10:24.874+0000] {dagbag.py:545} INFO - Filling up the DagBag from /opt/airflow/dags/dag_job_intelligent.py
[2026-04-29T22:10:24.966+0000] {processor.py:840} INFO - DAG(s) 'job_intelligent_pipeline' retrieved from /opt/airflow/dags/dag_job_intelligent.py
[2026-04-29T22:10:25.085+0000] {logging_mixin.py:188} INFO - [2026-04-29T22:10:25.084+0000] {dag.py:3096} INFO - Sync 1 DAGs
[2026-04-29T22:10:25.171+0000] {processor.py:183} INFO - Processing /opt/airflow/dags/dag_job_intelligent.py took 0.380 seconds
[2026-04-29T22:10:55.971+0000] {processor.py:161} INFO - Started process (PID=2269) to work on /opt/airflow/dags/dag_job_intelligent.py
[2026-04-29T22:10:55.977+0000] {processor.py:830} INFO - Processing file /opt/airflow/dags/dag_job_intelligent.py for tasks to queue
[2026-04-29T22:10:55.982+0000] {logging_mixin.py:188} INFO - [2026-04-29T22:10:55.981+0000] {dagbag.py:545} INFO - Filling up the DagBag from /opt/airflow/dags/dag_job_intelligent.py
[2026-04-29T22:10:56.063+0000] {processor.py:840} INFO - DAG(s) 'job_intelligent_pipeline' retrieved from /opt/airflow/dags/dag_job_intelligent.py
[2026-04-29T22:10:56.290+0000] {logging_mixin.py:188} INFO - [2026-04-29T22:10:56.290+0000] {dag.py:3096} INFO - Sync 1 DAGs
[2026-04-29T22:10:56.524+0000] {processor.py:183} INFO - Processing /opt/airflow/dags/dag_job_intelligent.py took 0.597 seconds
[2026-04-29T22:11:28.001+0000] {processor.py:161} INFO - Started process (PID=2277) to work on /opt/airflow/dags/dag_job_intelligent.py
[2026-04-29T22:11:28.016+0000] {processor.py:830} INFO - Processing file /opt/airflow/dags/dag_job_intelligent.py for tasks to queue
[2026-04-29T22:11:28.042+0000] {logging_mixin.py:188} INFO - [2026-04-29T22:11:28.042+0000] {dagbag.py:545} INFO - Filling up the DagBag from /opt/airflow/dags/dag_job_intelligent.py
[2026-04-29T22:11:28.310+0000] {processor.py:840} INFO - DAG(s) 'job_intelligent_pipeline' retrieved from /opt/airflow/dags/dag_job_intelligent.py
[2026-04-29T22:11:28.583+0000] {logging_mixin.py:188} INFO - [2026-04-29T22:11:28.582+0000] {dag.py:3096} INFO - Sync 1 DAGs
[2026-04-29T22:11:29.208+0000] {processor.py:183} INFO - Processing /opt/airflow/dags/dag_job_intelligent.py took 1.271 seconds
