[2026-04-25T16:59:12.003+0000] {processor.py:161} INFO - Started process (PID=74) to work on /opt/airflow/dags/dag_pipeline_complet.py
[2026-04-25T16:59:12.016+0000] {processor.py:830} INFO - Processing file /opt/airflow/dags/dag_pipeline_complet.py for tasks to queue
[2026-04-25T16:59:12.023+0000] {logging_mixin.py:188} INFO - [2026-04-25T16:59:12.022+0000] {dagbag.py:545} INFO - Filling up the DagBag from /opt/airflow/dags/dag_pipeline_complet.py
[2026-04-25T16:59:12.643+0000] {processor.py:840} INFO - DAG(s) 'pipeline_job_intelligent' retrieved from /opt/airflow/dags/dag_pipeline_complet.py
[2026-04-25T16:59:15.439+0000] {logging_mixin.py:188} INFO - [2026-04-25T16:59:15.437+0000] {dag.py:3096} INFO - Sync 1 DAGs
[2026-04-25T16:59:15.700+0000] {logging_mixin.py:188} INFO - [2026-04-25T16:59:15.699+0000] {dag.py:3954} INFO - Setting next_dagrun for pipeline_job_intelligent to 2026-04-24 06:00:00+00:00, run_after=2026-04-25 06:00:00+00:00
[2026-04-25T16:59:15.961+0000] {processor.py:183} INFO - Processing /opt/airflow/dags/dag_pipeline_complet.py took 3.995 seconds
[2026-04-25T16:59:47.745+0000] {processor.py:161} INFO - Started process (PID=86) to work on /opt/airflow/dags/dag_pipeline_complet.py
[2026-04-25T16:59:47.761+0000] {processor.py:830} INFO - Processing file /opt/airflow/dags/dag_pipeline_complet.py for tasks to queue
[2026-04-25T16:59:47.793+0000] {logging_mixin.py:188} INFO - [2026-04-25T16:59:47.792+0000] {dagbag.py:545} INFO - Filling up the DagBag from /opt/airflow/dags/dag_pipeline_complet.py
[2026-04-25T16:59:48.183+0000] {processor.py:840} INFO - DAG(s) 'pipeline_job_intelligent' retrieved from /opt/airflow/dags/dag_pipeline_complet.py
[2026-04-25T16:59:49.067+0000] {logging_mixin.py:188} INFO - [2026-04-25T16:59:49.066+0000] {dag.py:3096} INFO - Sync 1 DAGs
[2026-04-25T16:59:49.361+0000] {logging_mixin.py:188} INFO - [2026-04-25T16:59:49.360+0000] {dag.py:3954} INFO - Setting next_dagrun for pipeline_job_intelligent to 2026-04-24 06:00:00+00:00, run_after=2026-04-25 06:00:00+00:00
[2026-04-25T16:59:49.850+0000] {processor.py:183} INFO - Processing /opt/airflow/dags/dag_pipeline_complet.py took 2.200 seconds
[2026-04-25T17:00:21.178+0000] {processor.py:161} INFO - Started process (PID=93) to work on /opt/airflow/dags/dag_pipeline_complet.py
[2026-04-25T17:00:21.190+0000] {processor.py:830} INFO - Processing file /opt/airflow/dags/dag_pipeline_complet.py for tasks to queue
[2026-04-25T17:00:21.204+0000] {logging_mixin.py:188} INFO - [2026-04-25T17:00:21.203+0000] {dagbag.py:545} INFO - Filling up the DagBag from /opt/airflow/dags/dag_pipeline_complet.py
[2026-04-25T17:00:21.704+0000] {processor.py:840} INFO - DAG(s) 'pipeline_job_intelligent' retrieved from /opt/airflow/dags/dag_pipeline_complet.py
[2026-04-25T17:00:22.205+0000] {logging_mixin.py:188} INFO - [2026-04-25T17:00:22.204+0000] {dag.py:3096} INFO - Sync 1 DAGs
[2026-04-25T17:00:22.542+0000] {logging_mixin.py:188} INFO - [2026-04-25T17:00:22.542+0000] {dag.py:3954} INFO - Setting next_dagrun for pipeline_job_intelligent to 2026-04-24 06:00:00+00:00, run_after=2026-04-25 06:00:00+00:00
[2026-04-25T17:00:23.152+0000] {processor.py:183} INFO - Processing /opt/airflow/dags/dag_pipeline_complet.py took 1.982 seconds
[2026-04-25T17:00:54.072+0000] {processor.py:161} INFO - Started process (PID=108) to work on /opt/airflow/dags/dag_pipeline_complet.py
[2026-04-25T17:00:54.075+0000] {processor.py:830} INFO - Processing file /opt/airflow/dags/dag_pipeline_complet.py for tasks to queue
[2026-04-25T17:00:54.087+0000] {logging_mixin.py:188} INFO - [2026-04-25T17:00:54.086+0000] {dagbag.py:545} INFO - Filling up the DagBag from /opt/airflow/dags/dag_pipeline_complet.py
[2026-04-25T17:00:54.266+0000] {processor.py:840} INFO - DAG(s) 'pipeline_job_intelligent' retrieved from /opt/airflow/dags/dag_pipeline_complet.py
[2026-04-25T17:00:54.583+0000] {logging_mixin.py:188} INFO - [2026-04-25T17:00:54.583+0000] {dag.py:3096} INFO - Sync 1 DAGs
[2026-04-25T17:00:54.883+0000] {logging_mixin.py:188} INFO - [2026-04-25T17:00:54.870+0000] {dag.py:3954} INFO - Setting next_dagrun for pipeline_job_intelligent to 2026-04-24 06:00:00+00:00, run_after=2026-04-25 06:00:00+00:00
[2026-04-25T17:00:55.224+0000] {processor.py:183} INFO - Processing /opt/airflow/dags/dag_pipeline_complet.py took 1.202 seconds
[2026-04-25T17:01:26.668+0000] {processor.py:161} INFO - Started process (PID=122) to work on /opt/airflow/dags/dag_pipeline_complet.py
[2026-04-25T17:01:26.680+0000] {processor.py:830} INFO - Processing file /opt/airflow/dags/dag_pipeline_complet.py for tasks to queue
[2026-04-25T17:01:26.698+0000] {logging_mixin.py:188} INFO - [2026-04-25T17:01:26.697+0000] {dagbag.py:545} INFO - Filling up the DagBag from /opt/airflow/dags/dag_pipeline_complet.py
[2026-04-25T17:01:27.213+0000] {processor.py:840} INFO - DAG(s) 'pipeline_job_intelligent' retrieved from /opt/airflow/dags/dag_pipeline_complet.py
[2026-04-25T17:01:27.741+0000] {logging_mixin.py:188} INFO - [2026-04-25T17:01:27.741+0000] {dag.py:3096} INFO - Sync 1 DAGs
[2026-04-25T17:01:27.989+0000] {logging_mixin.py:188} INFO - [2026-04-25T17:01:27.988+0000] {dag.py:3954} INFO - Setting next_dagrun for pipeline_job_intelligent to 2026-04-24 06:00:00+00:00, run_after=2026-04-25 06:00:00+00:00
[2026-04-25T17:01:28.521+0000] {processor.py:183} INFO - Processing /opt/airflow/dags/dag_pipeline_complet.py took 1.954 seconds
[2026-04-25T17:02:00.187+0000] {processor.py:161} INFO - Started process (PID=130) to work on /opt/airflow/dags/dag_pipeline_complet.py
[2026-04-25T17:02:00.229+0000] {processor.py:830} INFO - Processing file /opt/airflow/dags/dag_pipeline_complet.py for tasks to queue
[2026-04-25T17:02:00.295+0000] {logging_mixin.py:188} INFO - [2026-04-25T17:02:00.294+0000] {dagbag.py:545} INFO - Filling up the DagBag from /opt/airflow/dags/dag_pipeline_complet.py
[2026-04-25T17:02:01.390+0000] {processor.py:840} INFO - DAG(s) 'pipeline_job_intelligent' retrieved from /opt/airflow/dags/dag_pipeline_complet.py
[2026-04-25T17:02:01.889+0000] {logging_mixin.py:188} INFO - [2026-04-25T17:02:01.888+0000] {dag.py:3096} INFO - Sync 1 DAGs
[2026-04-25T17:02:02.434+0000] {logging_mixin.py:188} INFO - [2026-04-25T17:02:02.434+0000] {dag.py:3954} INFO - Setting next_dagrun for pipeline_job_intelligent to 2026-04-24 06:00:00+00:00, run_after=2026-04-25 06:00:00+00:00
[2026-04-25T17:02:03.362+0000] {processor.py:183} INFO - Processing /opt/airflow/dags/dag_pipeline_complet.py took 3.260 seconds
[2026-04-25T17:02:35.402+0000] {processor.py:161} INFO - Started process (PID=145) to work on /opt/airflow/dags/dag_pipeline_complet.py
[2026-04-25T17:02:35.416+0000] {processor.py:830} INFO - Processing file /opt/airflow/dags/dag_pipeline_complet.py for tasks to queue
[2026-04-25T17:02:35.429+0000] {logging_mixin.py:188} INFO - [2026-04-25T17:02:35.429+0000] {dagbag.py:545} INFO - Filling up the DagBag from /opt/airflow/dags/dag_pipeline_complet.py
[2026-04-25T17:02:36.562+0000] {processor.py:840} INFO - DAG(s) 'pipeline_job_intelligent' retrieved from /opt/airflow/dags/dag_pipeline_complet.py
[2026-04-25T17:02:37.155+0000] {logging_mixin.py:188} INFO - [2026-04-25T17:02:37.154+0000] {dag.py:3096} INFO - Sync 1 DAGs
[2026-04-25T17:02:37.829+0000] {logging_mixin.py:188} INFO - [2026-04-25T17:02:37.827+0000] {dag.py:3954} INFO - Setting next_dagrun for pipeline_job_intelligent to 2026-04-24 06:00:00+00:00, run_after=2026-04-25 06:00:00+00:00
[2026-04-25T17:02:38.776+0000] {processor.py:183} INFO - Processing /opt/airflow/dags/dag_pipeline_complet.py took 3.438 seconds
[2026-04-25T17:03:10.709+0000] {processor.py:161} INFO - Started process (PID=155) to work on /opt/airflow/dags/dag_pipeline_complet.py
[2026-04-25T17:03:10.812+0000] {processor.py:830} INFO - Processing file /opt/airflow/dags/dag_pipeline_complet.py for tasks to queue
[2026-04-25T17:03:10.937+0000] {logging_mixin.py:188} INFO - [2026-04-25T17:03:10.937+0000] {dagbag.py:545} INFO - Filling up the DagBag from /opt/airflow/dags/dag_pipeline_complet.py
[2026-04-25T17:03:12.440+0000] {processor.py:840} INFO - DAG(s) 'pipeline_job_intelligent' retrieved from /opt/airflow/dags/dag_pipeline_complet.py
[2026-04-25T17:03:13.118+0000] {logging_mixin.py:188} INFO - [2026-04-25T17:03:13.117+0000] {dag.py:3096} INFO - Sync 1 DAGs
[2026-04-25T17:03:13.683+0000] {logging_mixin.py:188} INFO - [2026-04-25T17:03:13.682+0000] {dag.py:3954} INFO - Setting next_dagrun for pipeline_job_intelligent to 2026-04-24 06:00:00+00:00, run_after=2026-04-25 06:00:00+00:00
[2026-04-25T17:03:14.306+0000] {processor.py:183} INFO - Processing /opt/airflow/dags/dag_pipeline_complet.py took 4.147 seconds
[2026-04-25T17:03:44.769+0000] {processor.py:161} INFO - Started process (PID=168) to work on /opt/airflow/dags/dag_pipeline_complet.py
[2026-04-25T17:03:44.786+0000] {processor.py:830} INFO - Processing file /opt/airflow/dags/dag_pipeline_complet.py for tasks to queue
[2026-04-25T17:03:44.793+0000] {logging_mixin.py:188} INFO - [2026-04-25T17:03:44.792+0000] {dagbag.py:545} INFO - Filling up the DagBag from /opt/airflow/dags/dag_pipeline_complet.py
[2026-04-25T17:03:44.858+0000] {processor.py:840} INFO - DAG(s) 'pipeline_job_intelligent' retrieved from /opt/airflow/dags/dag_pipeline_complet.py
[2026-04-25T17:03:45.060+0000] {logging_mixin.py:188} INFO - [2026-04-25T17:03:45.055+0000] {dag.py:3096} INFO - Sync 1 DAGs
[2026-04-25T17:03:45.148+0000] {logging_mixin.py:188} INFO - [2026-04-25T17:03:45.147+0000] {dag.py:3954} INFO - Setting next_dagrun for pipeline_job_intelligent to 2026-04-24 06:00:00+00:00, run_after=2026-04-25 06:00:00+00:00
[2026-04-25T17:03:45.267+0000] {processor.py:183} INFO - Processing /opt/airflow/dags/dag_pipeline_complet.py took 0.515 seconds
[2026-04-25T17:04:15.856+0000] {processor.py:161} INFO - Started process (PID=182) to work on /opt/airflow/dags/dag_pipeline_complet.py
[2026-04-25T17:04:15.860+0000] {processor.py:830} INFO - Processing file /opt/airflow/dags/dag_pipeline_complet.py for tasks to queue
[2026-04-25T17:04:15.863+0000] {logging_mixin.py:188} INFO - [2026-04-25T17:04:15.863+0000] {dagbag.py:545} INFO - Filling up the DagBag from /opt/airflow/dags/dag_pipeline_complet.py
[2026-04-25T17:04:15.921+0000] {processor.py:840} INFO - DAG(s) 'pipeline_job_intelligent' retrieved from /opt/airflow/dags/dag_pipeline_complet.py
[2026-04-25T17:04:16.074+0000] {logging_mixin.py:188} INFO - [2026-04-25T17:04:16.073+0000] {dag.py:3096} INFO - Sync 1 DAGs
[2026-04-25T17:04:16.151+0000] {logging_mixin.py:188} INFO - [2026-04-25T17:04:16.150+0000] {dag.py:3954} INFO - Setting next_dagrun for pipeline_job_intelligent to 2026-04-24 06:00:00+00:00, run_after=2026-04-25 06:00:00+00:00
[2026-04-25T17:04:16.238+0000] {processor.py:183} INFO - Processing /opt/airflow/dags/dag_pipeline_complet.py took 0.407 seconds
[2026-04-25T17:04:46.752+0000] {processor.py:161} INFO - Started process (PID=190) to work on /opt/airflow/dags/dag_pipeline_complet.py
[2026-04-25T17:04:46.767+0000] {processor.py:830} INFO - Processing file /opt/airflow/dags/dag_pipeline_complet.py for tasks to queue
[2026-04-25T17:04:46.791+0000] {logging_mixin.py:188} INFO - [2026-04-25T17:04:46.774+0000] {dagbag.py:545} INFO - Filling up the DagBag from /opt/airflow/dags/dag_pipeline_complet.py
[2026-04-25T17:04:46.938+0000] {processor.py:840} INFO - DAG(s) 'pipeline_job_intelligent' retrieved from /opt/airflow/dags/dag_pipeline_complet.py
[2026-04-25T17:04:47.171+0000] {logging_mixin.py:188} INFO - [2026-04-25T17:04:47.170+0000] {dag.py:3096} INFO - Sync 1 DAGs
[2026-04-25T17:04:47.377+0000] {logging_mixin.py:188} INFO - [2026-04-25T17:04:47.377+0000] {dag.py:3954} INFO - Setting next_dagrun for pipeline_job_intelligent to 2026-04-24 06:00:00+00:00, run_after=2026-04-25 06:00:00+00:00
[2026-04-25T17:04:47.531+0000] {processor.py:183} INFO - Processing /opt/airflow/dags/dag_pipeline_complet.py took 0.808 seconds
[2026-04-25T17:05:18.193+0000] {processor.py:161} INFO - Started process (PID=205) to work on /opt/airflow/dags/dag_pipeline_complet.py
[2026-04-25T17:05:18.207+0000] {processor.py:830} INFO - Processing file /opt/airflow/dags/dag_pipeline_complet.py for tasks to queue
[2026-04-25T17:05:18.224+0000] {logging_mixin.py:188} INFO - [2026-04-25T17:05:18.223+0000] {dagbag.py:545} INFO - Filling up the DagBag from /opt/airflow/dags/dag_pipeline_complet.py
[2026-04-25T17:05:18.427+0000] {processor.py:840} INFO - DAG(s) 'pipeline_job_intelligent' retrieved from /opt/airflow/dags/dag_pipeline_complet.py
[2026-04-25T17:05:18.632+0000] {logging_mixin.py:188} INFO - [2026-04-25T17:05:18.631+0000] {dag.py:3096} INFO - Sync 1 DAGs
[2026-04-25T17:05:18.822+0000] {logging_mixin.py:188} INFO - [2026-04-25T17:05:18.822+0000] {dag.py:3954} INFO - Setting next_dagrun for pipeline_job_intelligent to 2026-04-24 06:00:00+00:00, run_after=2026-04-25 06:00:00+00:00
[2026-04-25T17:05:18.986+0000] {processor.py:183} INFO - Processing /opt/airflow/dags/dag_pipeline_complet.py took 0.898 seconds
[2026-04-25T17:05:49.230+0000] {processor.py:161} INFO - Started process (PID=214) to work on /opt/airflow/dags/dag_pipeline_complet.py
[2026-04-25T17:05:49.232+0000] {processor.py:830} INFO - Processing file /opt/airflow/dags/dag_pipeline_complet.py for tasks to queue
[2026-04-25T17:05:49.236+0000] {logging_mixin.py:188} INFO - [2026-04-25T17:05:49.236+0000] {dagbag.py:545} INFO - Filling up the DagBag from /opt/airflow/dags/dag_pipeline_complet.py
[2026-04-25T17:05:49.276+0000] {processor.py:840} INFO - DAG(s) 'pipeline_job_intelligent' retrieved from /opt/airflow/dags/dag_pipeline_complet.py
[2026-04-25T17:05:49.346+0000] {logging_mixin.py:188} INFO - [2026-04-25T17:05:49.345+0000] {dag.py:3096} INFO - Sync 1 DAGs
[2026-04-25T17:05:49.390+0000] {logging_mixin.py:188} INFO - [2026-04-25T17:05:49.390+0000] {dag.py:3954} INFO - Setting next_dagrun for pipeline_job_intelligent to 2026-04-24 06:00:00+00:00, run_after=2026-04-25 06:00:00+00:00
[2026-04-25T17:05:49.485+0000] {processor.py:183} INFO - Processing /opt/airflow/dags/dag_pipeline_complet.py took 0.267 seconds
[2026-04-25T17:06:19.899+0000] {processor.py:161} INFO - Started process (PID=228) to work on /opt/airflow/dags/dag_pipeline_complet.py
[2026-04-25T17:06:19.900+0000] {processor.py:830} INFO - Processing file /opt/airflow/dags/dag_pipeline_complet.py for tasks to queue
[2026-04-25T17:06:19.904+0000] {logging_mixin.py:188} INFO - [2026-04-25T17:06:19.903+0000] {dagbag.py:545} INFO - Filling up the DagBag from /opt/airflow/dags/dag_pipeline_complet.py
[2026-04-25T17:06:19.940+0000] {processor.py:840} INFO - DAG(s) 'pipeline_job_intelligent' retrieved from /opt/airflow/dags/dag_pipeline_complet.py
[2026-04-25T17:06:20.030+0000] {logging_mixin.py:188} INFO - [2026-04-25T17:06:20.030+0000] {dag.py:3096} INFO - Sync 1 DAGs
[2026-04-25T17:06:20.095+0000] {logging_mixin.py:188} INFO - [2026-04-25T17:06:20.094+0000] {dag.py:3954} INFO - Setting next_dagrun for pipeline_job_intelligent to 2026-04-24 06:00:00+00:00, run_after=2026-04-25 06:00:00+00:00
[2026-04-25T17:06:20.163+0000] {processor.py:183} INFO - Processing /opt/airflow/dags/dag_pipeline_complet.py took 0.279 seconds
[2026-04-25T17:06:51.095+0000] {processor.py:161} INFO - Started process (PID=236) to work on /opt/airflow/dags/dag_pipeline_complet.py
[2026-04-25T17:06:51.098+0000] {processor.py:830} INFO - Processing file /opt/airflow/dags/dag_pipeline_complet.py for tasks to queue
[2026-04-25T17:06:51.110+0000] {logging_mixin.py:188} INFO - [2026-04-25T17:06:51.109+0000] {dagbag.py:545} INFO - Filling up the DagBag from /opt/airflow/dags/dag_pipeline_complet.py
[2026-04-25T17:06:51.162+0000] {processor.py:840} INFO - DAG(s) 'pipeline_job_intelligent' retrieved from /opt/airflow/dags/dag_pipeline_complet.py
[2026-04-25T17:06:51.228+0000] {logging_mixin.py:188} INFO - [2026-04-25T17:06:51.227+0000] {dag.py:3096} INFO - Sync 1 DAGs
[2026-04-25T17:06:51.273+0000] {logging_mixin.py:188} INFO - [2026-04-25T17:06:51.273+0000] {dag.py:3954} INFO - Setting next_dagrun for pipeline_job_intelligent to 2026-04-24 06:00:00+00:00, run_after=2026-04-25 06:00:00+00:00
[2026-04-25T17:06:51.358+0000] {processor.py:183} INFO - Processing /opt/airflow/dags/dag_pipeline_complet.py took 0.347 seconds
[2026-04-25T17:07:22.880+0000] {processor.py:161} INFO - Started process (PID=250) to work on /opt/airflow/dags/dag_pipeline_complet.py
[2026-04-25T17:07:22.895+0000] {processor.py:830} INFO - Processing file /opt/airflow/dags/dag_pipeline_complet.py for tasks to queue
[2026-04-25T17:07:22.911+0000] {logging_mixin.py:188} INFO - [2026-04-25T17:07:22.910+0000] {dagbag.py:545} INFO - Filling up the DagBag from /opt/airflow/dags/dag_pipeline_complet.py
[2026-04-25T17:07:23.448+0000] {processor.py:840} INFO - DAG(s) 'pipeline_job_intelligent' retrieved from /opt/airflow/dags/dag_pipeline_complet.py
[2026-04-25T17:07:23.891+0000] {logging_mixin.py:188} INFO - [2026-04-25T17:07:23.891+0000] {dag.py:3096} INFO - Sync 1 DAGs
[2026-04-25T17:07:24.130+0000] {logging_mixin.py:188} INFO - [2026-04-25T17:07:24.129+0000] {dag.py:3954} INFO - Setting next_dagrun for pipeline_job_intelligent to 2026-04-24 06:00:00+00:00, run_after=2026-04-25 06:00:00+00:00
[2026-04-25T17:07:24.479+0000] {processor.py:183} INFO - Processing /opt/airflow/dags/dag_pipeline_complet.py took 1.650 seconds
[2026-04-25T17:07:54.794+0000] {processor.py:161} INFO - Started process (PID=258) to work on /opt/airflow/dags/dag_pipeline_complet.py
[2026-04-25T17:07:54.803+0000] {processor.py:830} INFO - Processing file /opt/airflow/dags/dag_pipeline_complet.py for tasks to queue
[2026-04-25T17:07:54.808+0000] {logging_mixin.py:188} INFO - [2026-04-25T17:07:54.807+0000] {dagbag.py:545} INFO - Filling up the DagBag from /opt/airflow/dags/dag_pipeline_complet.py
[2026-04-25T17:07:54.944+0000] {processor.py:840} INFO - DAG(s) 'pipeline_job_intelligent' retrieved from /opt/airflow/dags/dag_pipeline_complet.py
[2026-04-25T17:07:55.198+0000] {logging_mixin.py:188} INFO - [2026-04-25T17:07:55.197+0000] {dag.py:3096} INFO - Sync 1 DAGs
[2026-04-25T17:07:55.349+0000] {logging_mixin.py:188} INFO - [2026-04-25T17:07:55.348+0000] {dag.py:3954} INFO - Setting next_dagrun for pipeline_job_intelligent to 2026-04-24 06:00:00+00:00, run_after=2026-04-25 06:00:00+00:00
[2026-04-25T17:07:55.677+0000] {processor.py:183} INFO - Processing /opt/airflow/dags/dag_pipeline_complet.py took 0.897 seconds
[2026-04-25T17:08:26.345+0000] {processor.py:161} INFO - Started process (PID=273) to work on /opt/airflow/dags/dag_pipeline_complet.py
[2026-04-25T17:08:26.357+0000] {processor.py:830} INFO - Processing file /opt/airflow/dags/dag_pipeline_complet.py for tasks to queue
[2026-04-25T17:08:26.373+0000] {logging_mixin.py:188} INFO - [2026-04-25T17:08:26.369+0000] {dagbag.py:545} INFO - Filling up the DagBag from /opt/airflow/dags/dag_pipeline_complet.py
[2026-04-25T17:08:26.669+0000] {processor.py:840} INFO - DAG(s) 'pipeline_job_intelligent' retrieved from /opt/airflow/dags/dag_pipeline_complet.py
[2026-04-25T17:08:26.964+0000] {logging_mixin.py:188} INFO - [2026-04-25T17:08:26.964+0000] {dag.py:3096} INFO - Sync 1 DAGs
[2026-04-25T17:08:27.215+0000] {logging_mixin.py:188} INFO - [2026-04-25T17:08:27.215+0000] {dag.py:3954} INFO - Setting next_dagrun for pipeline_job_intelligent to 2026-04-24 06:00:00+00:00, run_after=2026-04-25 06:00:00+00:00
[2026-04-25T17:08:28.068+0000] {processor.py:183} INFO - Processing /opt/airflow/dags/dag_pipeline_complet.py took 1.753 seconds
[2026-04-25T17:08:59.275+0000] {processor.py:161} INFO - Started process (PID=287) to work on /opt/airflow/dags/dag_pipeline_complet.py
[2026-04-25T17:08:59.319+0000] {processor.py:830} INFO - Processing file /opt/airflow/dags/dag_pipeline_complet.py for tasks to queue
[2026-04-25T17:08:59.336+0000] {logging_mixin.py:188} INFO - [2026-04-25T17:08:59.336+0000] {dagbag.py:545} INFO - Filling up the DagBag from /opt/airflow/dags/dag_pipeline_complet.py
[2026-04-25T17:09:00.259+0000] {processor.py:840} INFO - DAG(s) 'pipeline_job_intelligent' retrieved from /opt/airflow/dags/dag_pipeline_complet.py
[2026-04-25T17:09:00.698+0000] {logging_mixin.py:188} INFO - [2026-04-25T17:09:00.697+0000] {dag.py:3096} INFO - Sync 1 DAGs
[2026-04-25T17:09:00.972+0000] {logging_mixin.py:188} INFO - [2026-04-25T17:09:00.971+0000] {dag.py:3954} INFO - Setting next_dagrun for pipeline_job_intelligent to 2026-04-24 06:00:00+00:00, run_after=2026-04-25 06:00:00+00:00
[2026-04-25T17:09:01.387+0000] {processor.py:183} INFO - Processing /opt/airflow/dags/dag_pipeline_complet.py took 2.160 seconds
[2026-04-25T17:09:33.640+0000] {processor.py:161} INFO - Started process (PID=295) to work on /opt/airflow/dags/dag_pipeline_complet.py
[2026-04-25T17:09:33.701+0000] {processor.py:830} INFO - Processing file /opt/airflow/dags/dag_pipeline_complet.py for tasks to queue
[2026-04-25T17:09:33.718+0000] {logging_mixin.py:188} INFO - [2026-04-25T17:09:33.717+0000] {dagbag.py:545} INFO - Filling up the DagBag from /opt/airflow/dags/dag_pipeline_complet.py
[2026-04-25T17:09:34.685+0000] {processor.py:840} INFO - DAG(s) 'pipeline_job_intelligent' retrieved from /opt/airflow/dags/dag_pipeline_complet.py
[2026-04-25T17:09:35.473+0000] {logging_mixin.py:188} INFO - [2026-04-25T17:09:35.473+0000] {dag.py:3096} INFO - Sync 1 DAGs
[2026-04-25T17:09:35.864+0000] {logging_mixin.py:188} INFO - [2026-04-25T17:09:35.863+0000] {dag.py:3954} INFO - Setting next_dagrun for pipeline_job_intelligent to 2026-04-24 06:00:00+00:00, run_after=2026-04-25 06:00:00+00:00
[2026-04-25T17:09:36.538+0000] {processor.py:183} INFO - Processing /opt/airflow/dags/dag_pipeline_complet.py took 2.979 seconds
[2026-04-25T17:10:07.573+0000] {processor.py:161} INFO - Started process (PID=309) to work on /opt/airflow/dags/dag_pipeline_complet.py
[2026-04-25T17:10:07.588+0000] {processor.py:830} INFO - Processing file /opt/airflow/dags/dag_pipeline_complet.py for tasks to queue
[2026-04-25T17:10:07.641+0000] {logging_mixin.py:188} INFO - [2026-04-25T17:10:07.640+0000] {dagbag.py:545} INFO - Filling up the DagBag from /opt/airflow/dags/dag_pipeline_complet.py
[2026-04-25T17:10:08.554+0000] {processor.py:840} INFO - DAG(s) 'pipeline_job_intelligent' retrieved from /opt/airflow/dags/dag_pipeline_complet.py
[2026-04-25T17:10:09.709+0000] {logging_mixin.py:188} INFO - [2026-04-25T17:10:09.708+0000] {dag.py:3096} INFO - Sync 1 DAGs
[2026-04-25T17:10:11.101+0000] {logging_mixin.py:188} INFO - [2026-04-25T17:10:11.101+0000] {dag.py:3954} INFO - Setting next_dagrun for pipeline_job_intelligent to 2026-04-24 06:00:00+00:00, run_after=2026-04-25 06:00:00+00:00
[2026-04-25T17:10:12.174+0000] {processor.py:183} INFO - Processing /opt/airflow/dags/dag_pipeline_complet.py took 4.769 seconds
[2026-04-25T17:10:42.854+0000] {processor.py:161} INFO - Started process (PID=323) to work on /opt/airflow/dags/dag_pipeline_complet.py
[2026-04-25T17:10:42.857+0000] {processor.py:830} INFO - Processing file /opt/airflow/dags/dag_pipeline_complet.py for tasks to queue
[2026-04-25T17:10:42.864+0000] {logging_mixin.py:188} INFO - [2026-04-25T17:10:42.864+0000] {dagbag.py:545} INFO - Filling up the DagBag from /opt/airflow/dags/dag_pipeline_complet.py
[2026-04-25T17:10:43.061+0000] {processor.py:840} INFO - DAG(s) 'pipeline_job_intelligent' retrieved from /opt/airflow/dags/dag_pipeline_complet.py
[2026-04-25T17:10:43.949+0000] {logging_mixin.py:188} INFO - [2026-04-25T17:10:43.949+0000] {dag.py:3096} INFO - Sync 1 DAGs
[2026-04-25T17:10:44.611+0000] {logging_mixin.py:188} INFO - [2026-04-25T17:10:44.611+0000] {dag.py:3954} INFO - Setting next_dagrun for pipeline_job_intelligent to 2026-04-24 06:00:00+00:00, run_after=2026-04-25 06:00:00+00:00
[2026-04-25T17:10:45.197+0000] {processor.py:183} INFO - Processing /opt/airflow/dags/dag_pipeline_complet.py took 2.380 seconds
[2026-04-25T17:11:17.019+0000] {processor.py:161} INFO - Started process (PID=332) to work on /opt/airflow/dags/dag_pipeline_complet.py
[2026-04-25T17:11:17.037+0000] {processor.py:830} INFO - Processing file /opt/airflow/dags/dag_pipeline_complet.py for tasks to queue
[2026-04-25T17:11:17.136+0000] {logging_mixin.py:188} INFO - [2026-04-25T17:11:17.135+0000] {dagbag.py:545} INFO - Filling up the DagBag from /opt/airflow/dags/dag_pipeline_complet.py
[2026-04-25T17:11:17.960+0000] {processor.py:840} INFO - DAG(s) 'pipeline_job_intelligent' retrieved from /opt/airflow/dags/dag_pipeline_complet.py
[2026-04-25T17:11:18.416+0000] {logging_mixin.py:188} INFO - [2026-04-25T17:11:18.414+0000] {dag.py:3096} INFO - Sync 1 DAGs
[2026-04-25T17:11:18.742+0000] {logging_mixin.py:188} INFO - [2026-04-25T17:11:18.739+0000] {dag.py:3954} INFO - Setting next_dagrun for pipeline_job_intelligent to 2026-04-24 06:00:00+00:00, run_after=2026-04-25 06:00:00+00:00
[2026-04-25T17:11:18.894+0000] {processor.py:183} INFO - Processing /opt/airflow/dags/dag_pipeline_complet.py took 1.948 seconds
[2026-04-25T17:11:50.668+0000] {processor.py:161} INFO - Started process (PID=346) to work on /opt/airflow/dags/dag_pipeline_complet.py
[2026-04-25T17:11:50.681+0000] {processor.py:830} INFO - Processing file /opt/airflow/dags/dag_pipeline_complet.py for tasks to queue
[2026-04-25T17:11:50.697+0000] {logging_mixin.py:188} INFO - [2026-04-25T17:11:50.697+0000] {dagbag.py:545} INFO - Filling up the DagBag from /opt/airflow/dags/dag_pipeline_complet.py
[2026-04-25T17:11:51.068+0000] {processor.py:840} INFO - DAG(s) 'pipeline_job_intelligent' retrieved from /opt/airflow/dags/dag_pipeline_complet.py
[2026-04-25T17:11:51.571+0000] {logging_mixin.py:188} INFO - [2026-04-25T17:11:51.570+0000] {dag.py:3096} INFO - Sync 1 DAGs
[2026-04-25T17:11:51.832+0000] {logging_mixin.py:188} INFO - [2026-04-25T17:11:51.820+0000] {dag.py:3954} INFO - Setting next_dagrun for pipeline_job_intelligent to 2026-04-24 06:00:00+00:00, run_after=2026-04-25 06:00:00+00:00
[2026-04-25T17:11:52.076+0000] {processor.py:183} INFO - Processing /opt/airflow/dags/dag_pipeline_complet.py took 1.458 seconds
[2026-04-25T17:12:22.824+0000] {processor.py:161} INFO - Started process (PID=354) to work on /opt/airflow/dags/dag_pipeline_complet.py
[2026-04-25T17:12:22.839+0000] {processor.py:830} INFO - Processing file /opt/airflow/dags/dag_pipeline_complet.py for tasks to queue
[2026-04-25T17:12:22.856+0000] {logging_mixin.py:188} INFO - [2026-04-25T17:12:22.855+0000] {dagbag.py:545} INFO - Filling up the DagBag from /opt/airflow/dags/dag_pipeline_complet.py
[2026-04-25T17:12:23.952+0000] {processor.py:840} INFO - DAG(s) 'pipeline_job_intelligent' retrieved from /opt/airflow/dags/dag_pipeline_complet.py
[2026-04-25T17:12:24.874+0000] {logging_mixin.py:188} INFO - [2026-04-25T17:12:24.873+0000] {dag.py:3096} INFO - Sync 1 DAGs
[2026-04-25T17:12:26.269+0000] {logging_mixin.py:188} INFO - [2026-04-25T17:12:26.267+0000] {dag.py:3954} INFO - Setting next_dagrun for pipeline_job_intelligent to 2026-04-24 06:00:00+00:00, run_after=2026-04-25 06:00:00+00:00
[2026-04-25T17:12:27.204+0000] {processor.py:183} INFO - Processing /opt/airflow/dags/dag_pipeline_complet.py took 4.454 seconds
[2026-04-25T17:12:58.730+0000] {processor.py:161} INFO - Started process (PID=369) to work on /opt/airflow/dags/dag_pipeline_complet.py
[2026-04-25T17:12:58.795+0000] {processor.py:830} INFO - Processing file /opt/airflow/dags/dag_pipeline_complet.py for tasks to queue
[2026-04-25T17:12:58.804+0000] {logging_mixin.py:188} INFO - [2026-04-25T17:12:58.803+0000] {dagbag.py:545} INFO - Filling up the DagBag from /opt/airflow/dags/dag_pipeline_complet.py
[2026-04-25T17:12:59.898+0000] {processor.py:840} INFO - DAG(s) 'pipeline_job_intelligent' retrieved from /opt/airflow/dags/dag_pipeline_complet.py
[2026-04-25T17:13:00.347+0000] {logging_mixin.py:188} INFO - [2026-04-25T17:13:00.347+0000] {dag.py:3096} INFO - Sync 1 DAGs
[2026-04-25T17:13:00.764+0000] {logging_mixin.py:188} INFO - [2026-04-25T17:13:00.763+0000] {dag.py:3954} INFO - Setting next_dagrun for pipeline_job_intelligent to 2026-04-24 06:00:00+00:00, run_after=2026-04-25 06:00:00+00:00
[2026-04-25T17:13:01.181+0000] {processor.py:183} INFO - Processing /opt/airflow/dags/dag_pipeline_complet.py took 2.626 seconds
[2026-04-25T17:13:32.291+0000] {processor.py:161} INFO - Started process (PID=385) to work on /opt/airflow/dags/dag_pipeline_complet.py
[2026-04-25T17:13:32.367+0000] {processor.py:830} INFO - Processing file /opt/airflow/dags/dag_pipeline_complet.py for tasks to queue
[2026-04-25T17:13:32.384+0000] {logging_mixin.py:188} INFO - [2026-04-25T17:13:32.383+0000] {dagbag.py:545} INFO - Filling up the DagBag from /opt/airflow/dags/dag_pipeline_complet.py
[2026-04-25T17:13:33.294+0000] {processor.py:840} INFO - DAG(s) 'pipeline_job_intelligent' retrieved from /opt/airflow/dags/dag_pipeline_complet.py
[2026-04-25T17:13:34.047+0000] {logging_mixin.py:188} INFO - [2026-04-25T17:13:34.046+0000] {dag.py:3096} INFO - Sync 1 DAGs
[2026-04-25T17:13:35.026+0000] {logging_mixin.py:188} INFO - [2026-04-25T17:13:35.025+0000] {dag.py:3954} INFO - Setting next_dagrun for pipeline_job_intelligent to 2026-04-24 06:00:00+00:00, run_after=2026-04-25 06:00:00+00:00
[2026-04-25T17:13:35.644+0000] {processor.py:183} INFO - Processing /opt/airflow/dags/dag_pipeline_complet.py took 3.549 seconds
[2026-04-25T17:14:09.262+0000] {processor.py:161} INFO - Started process (PID=392) to work on /opt/airflow/dags/dag_pipeline_complet.py
[2026-04-25T17:14:09.278+0000] {processor.py:830} INFO - Processing file /opt/airflow/dags/dag_pipeline_complet.py for tasks to queue
[2026-04-25T17:14:09.296+0000] {logging_mixin.py:188} INFO - [2026-04-25T17:14:09.295+0000] {dagbag.py:545} INFO - Filling up the DagBag from /opt/airflow/dags/dag_pipeline_complet.py
[2026-04-25T17:14:10.587+0000] {processor.py:840} INFO - DAG(s) 'pipeline_job_intelligent' retrieved from /opt/airflow/dags/dag_pipeline_complet.py
[2026-04-25T17:14:13.132+0000] {logging_mixin.py:188} INFO - [2026-04-25T17:14:13.131+0000] {dag.py:3096} INFO - Sync 1 DAGs
[2026-04-25T17:14:14.457+0000] {logging_mixin.py:188} INFO - [2026-04-25T17:14:14.457+0000] {dag.py:3954} INFO - Setting next_dagrun for pipeline_job_intelligent to 2026-04-24 06:00:00+00:00, run_after=2026-04-25 06:00:00+00:00
[2026-04-25T17:14:15.024+0000] {processor.py:183} INFO - Processing /opt/airflow/dags/dag_pipeline_complet.py took 5.856 seconds
[2026-04-25T17:14:46.610+0000] {processor.py:161} INFO - Started process (PID=406) to work on /opt/airflow/dags/dag_pipeline_complet.py
[2026-04-25T17:14:46.625+0000] {processor.py:830} INFO - Processing file /opt/airflow/dags/dag_pipeline_complet.py for tasks to queue
[2026-04-25T17:14:46.687+0000] {logging_mixin.py:188} INFO - [2026-04-25T17:14:46.673+0000] {dagbag.py:545} INFO - Filling up the DagBag from /opt/airflow/dags/dag_pipeline_complet.py
[2026-04-25T17:14:47.258+0000] {processor.py:840} INFO - DAG(s) 'pipeline_job_intelligent' retrieved from /opt/airflow/dags/dag_pipeline_complet.py
[2026-04-25T17:14:47.635+0000] {logging_mixin.py:188} INFO - [2026-04-25T17:14:47.634+0000] {dag.py:3096} INFO - Sync 1 DAGs
[2026-04-25T17:14:47.986+0000] {logging_mixin.py:188} INFO - [2026-04-25T17:14:47.974+0000] {dag.py:3954} INFO - Setting next_dagrun for pipeline_job_intelligent to 2026-04-24 06:00:00+00:00, run_after=2026-04-25 06:00:00+00:00
[2026-04-25T17:14:48.494+0000] {processor.py:183} INFO - Processing /opt/airflow/dags/dag_pipeline_complet.py took 1.949 seconds
[2026-04-25T17:15:19.289+0000] {processor.py:161} INFO - Started process (PID=419) to work on /opt/airflow/dags/dag_pipeline_complet.py
[2026-04-25T17:15:19.309+0000] {processor.py:830} INFO - Processing file /opt/airflow/dags/dag_pipeline_complet.py for tasks to queue
[2026-04-25T17:15:19.314+0000] {logging_mixin.py:188} INFO - [2026-04-25T17:15:19.313+0000] {dagbag.py:545} INFO - Filling up the DagBag from /opt/airflow/dags/dag_pipeline_complet.py
[2026-04-25T17:15:20.111+0000] {processor.py:840} INFO - DAG(s) 'pipeline_job_intelligent' retrieved from /opt/airflow/dags/dag_pipeline_complet.py
[2026-04-25T17:15:20.308+0000] {logging_mixin.py:188} INFO - [2026-04-25T17:15:20.308+0000] {dag.py:3096} INFO - Sync 1 DAGs
[2026-04-25T17:15:20.696+0000] {logging_mixin.py:188} INFO - [2026-04-25T17:15:20.696+0000] {dag.py:3954} INFO - Setting next_dagrun for pipeline_job_intelligent to 2026-04-24 06:00:00+00:00, run_after=2026-04-25 06:00:00+00:00
[2026-04-25T17:15:21.061+0000] {processor.py:183} INFO - Processing /opt/airflow/dags/dag_pipeline_complet.py took 1.818 seconds
[2026-04-25T17:15:51.857+0000] {processor.py:161} INFO - Started process (PID=427) to work on /opt/airflow/dags/dag_pipeline_complet.py
[2026-04-25T17:15:51.870+0000] {processor.py:830} INFO - Processing file /opt/airflow/dags/dag_pipeline_complet.py for tasks to queue
[2026-04-25T17:15:51.874+0000] {logging_mixin.py:188} INFO - [2026-04-25T17:15:51.873+0000] {dagbag.py:545} INFO - Filling up the DagBag from /opt/airflow/dags/dag_pipeline_complet.py
[2026-04-25T17:15:52.055+0000] {processor.py:840} INFO - DAG(s) 'pipeline_job_intelligent' retrieved from /opt/airflow/dags/dag_pipeline_complet.py
[2026-04-25T17:15:52.393+0000] {logging_mixin.py:188} INFO - [2026-04-25T17:15:52.393+0000] {dag.py:3096} INFO - Sync 1 DAGs
[2026-04-25T17:15:52.563+0000] {logging_mixin.py:188} INFO - [2026-04-25T17:15:52.562+0000] {dag.py:3954} INFO - Setting next_dagrun for pipeline_job_intelligent to 2026-04-24 06:00:00+00:00, run_after=2026-04-25 06:00:00+00:00
[2026-04-25T17:15:52.865+0000] {processor.py:183} INFO - Processing /opt/airflow/dags/dag_pipeline_complet.py took 1.055 seconds
[2026-04-25T17:16:23.869+0000] {processor.py:161} INFO - Started process (PID=442) to work on /opt/airflow/dags/dag_pipeline_complet.py
[2026-04-25T17:16:23.888+0000] {processor.py:830} INFO - Processing file /opt/airflow/dags/dag_pipeline_complet.py for tasks to queue
[2026-04-25T17:16:23.892+0000] {logging_mixin.py:188} INFO - [2026-04-25T17:16:23.891+0000] {dagbag.py:545} INFO - Filling up the DagBag from /opt/airflow/dags/dag_pipeline_complet.py
[2026-04-25T17:16:24.019+0000] {processor.py:840} INFO - DAG(s) 'pipeline_job_intelligent' retrieved from /opt/airflow/dags/dag_pipeline_complet.py
[2026-04-25T17:16:24.674+0000] {logging_mixin.py:188} INFO - [2026-04-25T17:16:24.673+0000] {dag.py:3096} INFO - Sync 1 DAGs
[2026-04-25T17:16:25.230+0000] {logging_mixin.py:188} INFO - [2026-04-25T17:16:25.229+0000] {dag.py:3954} INFO - Setting next_dagrun for pipeline_job_intelligent to 2026-04-24 06:00:00+00:00, run_after=2026-04-25 06:00:00+00:00
[2026-04-25T17:16:25.584+0000] {processor.py:183} INFO - Processing /opt/airflow/dags/dag_pipeline_complet.py took 1.754 seconds
[2026-04-25T17:16:55.933+0000] {processor.py:161} INFO - Started process (PID=450) to work on /opt/airflow/dags/dag_pipeline_complet.py
[2026-04-25T17:16:55.935+0000] {processor.py:830} INFO - Processing file /opt/airflow/dags/dag_pipeline_complet.py for tasks to queue
[2026-04-25T17:16:55.943+0000] {logging_mixin.py:188} INFO - [2026-04-25T17:16:55.942+0000] {dagbag.py:545} INFO - Filling up the DagBag from /opt/airflow/dags/dag_pipeline_complet.py
[2026-04-25T17:16:56.044+0000] {processor.py:840} INFO - DAG(s) 'pipeline_job_intelligent' retrieved from /opt/airflow/dags/dag_pipeline_complet.py
[2026-04-25T17:16:56.546+0000] {logging_mixin.py:188} INFO - [2026-04-25T17:16:56.546+0000] {dag.py:3096} INFO - Sync 1 DAGs
[2026-04-25T17:16:56.754+0000] {logging_mixin.py:188} INFO - [2026-04-25T17:16:56.753+0000] {dag.py:3954} INFO - Setting next_dagrun for pipeline_job_intelligent to 2026-04-24 06:00:00+00:00, run_after=2026-04-25 06:00:00+00:00
[2026-04-25T17:16:56.831+0000] {processor.py:183} INFO - Processing /opt/airflow/dags/dag_pipeline_complet.py took 0.927 seconds
[2026-04-25T17:17:28.380+0000] {processor.py:161} INFO - Started process (PID=463) to work on /opt/airflow/dags/dag_pipeline_complet.py
[2026-04-25T17:17:28.388+0000] {processor.py:830} INFO - Processing file /opt/airflow/dags/dag_pipeline_complet.py for tasks to queue
[2026-04-25T17:17:28.422+0000] {logging_mixin.py:188} INFO - [2026-04-25T17:17:28.406+0000] {dagbag.py:545} INFO - Filling up the DagBag from /opt/airflow/dags/dag_pipeline_complet.py
[2026-04-25T17:17:28.705+0000] {processor.py:840} INFO - DAG(s) 'pipeline_job_intelligent' retrieved from /opt/airflow/dags/dag_pipeline_complet.py
[2026-04-25T17:17:29.587+0000] {logging_mixin.py:188} INFO - [2026-04-25T17:17:29.582+0000] {dag.py:3096} INFO - Sync 1 DAGs
[2026-04-25T17:17:30.049+0000] {logging_mixin.py:188} INFO - [2026-04-25T17:17:30.048+0000] {dag.py:3954} INFO - Setting next_dagrun for pipeline_job_intelligent to 2026-04-24 06:00:00+00:00, run_after=2026-04-25 06:00:00+00:00
[2026-04-25T17:17:30.264+0000] {processor.py:183} INFO - Processing /opt/airflow/dags/dag_pipeline_complet.py took 2.034 seconds
[2026-04-25T17:18:01.178+0000] {processor.py:161} INFO - Started process (PID=477) to work on /opt/airflow/dags/dag_pipeline_complet.py
[2026-04-25T17:18:01.182+0000] {processor.py:830} INFO - Processing file /opt/airflow/dags/dag_pipeline_complet.py for tasks to queue
[2026-04-25T17:18:01.196+0000] {logging_mixin.py:188} INFO - [2026-04-25T17:18:01.195+0000] {dagbag.py:545} INFO - Filling up the DagBag from /opt/airflow/dags/dag_pipeline_complet.py
[2026-04-25T17:18:01.331+0000] {processor.py:840} INFO - DAG(s) 'pipeline_job_intelligent' retrieved from /opt/airflow/dags/dag_pipeline_complet.py
[2026-04-25T17:18:01.620+0000] {logging_mixin.py:188} INFO - [2026-04-25T17:18:01.619+0000] {dag.py:3096} INFO - Sync 1 DAGs
[2026-04-25T17:18:01.881+0000] {logging_mixin.py:188} INFO - [2026-04-25T17:18:01.880+0000] {dag.py:3954} INFO - Setting next_dagrun for pipeline_job_intelligent to 2026-04-24 06:00:00+00:00, run_after=2026-04-25 06:00:00+00:00
[2026-04-25T17:18:02.040+0000] {processor.py:183} INFO - Processing /opt/airflow/dags/dag_pipeline_complet.py took 0.880 seconds
[2026-04-25T17:18:32.680+0000] {processor.py:161} INFO - Started process (PID=486) to work on /opt/airflow/dags/dag_pipeline_complet.py
[2026-04-25T17:18:32.682+0000] {processor.py:830} INFO - Processing file /opt/airflow/dags/dag_pipeline_complet.py for tasks to queue
[2026-04-25T17:18:32.686+0000] {logging_mixin.py:188} INFO - [2026-04-25T17:18:32.686+0000] {dagbag.py:545} INFO - Filling up the DagBag from /opt/airflow/dags/dag_pipeline_complet.py
[2026-04-25T17:18:32.736+0000] {processor.py:840} INFO - DAG(s) 'pipeline_job_intelligent' retrieved from /opt/airflow/dags/dag_pipeline_complet.py
[2026-04-25T17:18:32.822+0000] {logging_mixin.py:188} INFO - [2026-04-25T17:18:32.821+0000] {dag.py:3096} INFO - Sync 1 DAGs
[2026-04-25T17:18:32.908+0000] {logging_mixin.py:188} INFO - [2026-04-25T17:18:32.907+0000] {dag.py:3954} INFO - Setting next_dagrun for pipeline_job_intelligent to 2026-04-24 06:00:00+00:00, run_after=2026-04-25 06:00:00+00:00
[2026-04-25T17:18:33.017+0000] {processor.py:183} INFO - Processing /opt/airflow/dags/dag_pipeline_complet.py took 0.352 seconds
[2026-04-25T17:19:03.466+0000] {processor.py:161} INFO - Started process (PID=499) to work on /opt/airflow/dags/dag_pipeline_complet.py
[2026-04-25T17:19:03.472+0000] {processor.py:830} INFO - Processing file /opt/airflow/dags/dag_pipeline_complet.py for tasks to queue
[2026-04-25T17:19:03.477+0000] {logging_mixin.py:188} INFO - [2026-04-25T17:19:03.476+0000] {dagbag.py:545} INFO - Filling up the DagBag from /opt/airflow/dags/dag_pipeline_complet.py
[2026-04-25T17:19:03.875+0000] {processor.py:840} INFO - DAG(s) 'pipeline_job_intelligent' retrieved from /opt/airflow/dags/dag_pipeline_complet.py
[2026-04-25T17:19:04.137+0000] {logging_mixin.py:188} INFO - [2026-04-25T17:19:04.136+0000] {dag.py:3096} INFO - Sync 1 DAGs
[2026-04-25T17:19:04.343+0000] {logging_mixin.py:188} INFO - [2026-04-25T17:19:04.342+0000] {dag.py:3954} INFO - Setting next_dagrun for pipeline_job_intelligent to 2026-04-24 06:00:00+00:00, run_after=2026-04-25 06:00:00+00:00
[2026-04-25T17:19:04.615+0000] {processor.py:183} INFO - Processing /opt/airflow/dags/dag_pipeline_complet.py took 1.172 seconds
[2026-04-25T17:19:37.235+0000] {processor.py:161} INFO - Started process (PID=508) to work on /opt/airflow/dags/dag_pipeline_complet.py
[2026-04-25T17:19:37.340+0000] {processor.py:830} INFO - Processing file /opt/airflow/dags/dag_pipeline_complet.py for tasks to queue
[2026-04-25T17:19:37.377+0000] {logging_mixin.py:188} INFO - [2026-04-25T17:19:37.361+0000] {dagbag.py:545} INFO - Filling up the DagBag from /opt/airflow/dags/dag_pipeline_complet.py
[2026-04-25T17:19:38.023+0000] {processor.py:840} INFO - DAG(s) 'pipeline_job_intelligent' retrieved from /opt/airflow/dags/dag_pipeline_complet.py
[2026-04-25T17:19:38.668+0000] {logging_mixin.py:188} INFO - [2026-04-25T17:19:38.668+0000] {dag.py:3096} INFO - Sync 1 DAGs
[2026-04-25T17:19:39.280+0000] {logging_mixin.py:188} INFO - [2026-04-25T17:19:39.280+0000] {dag.py:3954} INFO - Setting next_dagrun for pipeline_job_intelligent to 2026-04-24 06:00:00+00:00, run_after=2026-04-25 06:00:00+00:00
[2026-04-25T17:19:40.088+0000] {processor.py:183} INFO - Processing /opt/airflow/dags/dag_pipeline_complet.py took 2.987 seconds
[2026-04-25T17:20:11.175+0000] {processor.py:161} INFO - Started process (PID=521) to work on /opt/airflow/dags/dag_pipeline_complet.py
[2026-04-25T17:20:11.177+0000] {processor.py:830} INFO - Processing file /opt/airflow/dags/dag_pipeline_complet.py for tasks to queue
[2026-04-25T17:20:11.192+0000] {logging_mixin.py:188} INFO - [2026-04-25T17:20:11.191+0000] {dagbag.py:545} INFO - Filling up the DagBag from /opt/airflow/dags/dag_pipeline_complet.py
[2026-04-25T17:20:11.371+0000] {processor.py:840} INFO - DAG(s) 'pipeline_job_intelligent' retrieved from /opt/airflow/dags/dag_pipeline_complet.py
[2026-04-25T17:20:12.092+0000] {logging_mixin.py:188} INFO - [2026-04-25T17:20:12.091+0000] {dag.py:3096} INFO - Sync 1 DAGs
[2026-04-25T17:20:12.337+0000] {logging_mixin.py:188} INFO - [2026-04-25T17:20:12.336+0000] {dag.py:3954} INFO - Setting next_dagrun for pipeline_job_intelligent to 2026-04-24 06:00:00+00:00, run_after=2026-04-25 06:00:00+00:00
[2026-04-25T17:20:12.486+0000] {processor.py:183} INFO - Processing /opt/airflow/dags/dag_pipeline_complet.py took 1.366 seconds
[2026-04-25T17:20:43.574+0000] {processor.py:161} INFO - Started process (PID=535) to work on /opt/airflow/dags/dag_pipeline_complet.py
[2026-04-25T17:20:43.581+0000] {processor.py:830} INFO - Processing file /opt/airflow/dags/dag_pipeline_complet.py for tasks to queue
[2026-04-25T17:20:43.643+0000] {logging_mixin.py:188} INFO - [2026-04-25T17:20:43.629+0000] {dagbag.py:545} INFO - Filling up the DagBag from /opt/airflow/dags/dag_pipeline_complet.py
[2026-04-25T17:20:44.301+0000] {processor.py:840} INFO - DAG(s) 'pipeline_job_intelligent' retrieved from /opt/airflow/dags/dag_pipeline_complet.py
[2026-04-25T17:20:44.657+0000] {logging_mixin.py:188} INFO - [2026-04-25T17:20:44.657+0000] {dag.py:3096} INFO - Sync 1 DAGs
[2026-04-25T17:20:45.067+0000] {logging_mixin.py:188} INFO - [2026-04-25T17:20:45.066+0000] {dag.py:3954} INFO - Setting next_dagrun for pipeline_job_intelligent to 2026-04-24 06:00:00+00:00, run_after=2026-04-25 06:00:00+00:00
[2026-04-25T17:20:45.660+0000] {processor.py:183} INFO - Processing /opt/airflow/dags/dag_pipeline_complet.py took 2.158 seconds
[2026-04-25T17:21:16.874+0000] {processor.py:161} INFO - Started process (PID=543) to work on /opt/airflow/dags/dag_pipeline_complet.py
[2026-04-25T17:21:16.884+0000] {processor.py:830} INFO - Processing file /opt/airflow/dags/dag_pipeline_complet.py for tasks to queue
[2026-04-25T17:21:16.996+0000] {logging_mixin.py:188} INFO - [2026-04-25T17:21:16.995+0000] {dagbag.py:545} INFO - Filling up the DagBag from /opt/airflow/dags/dag_pipeline_complet.py
[2026-04-25T17:21:17.260+0000] {processor.py:840} INFO - DAG(s) 'pipeline_job_intelligent' retrieved from /opt/airflow/dags/dag_pipeline_complet.py
[2026-04-25T17:21:18.207+0000] {logging_mixin.py:188} INFO - [2026-04-25T17:21:18.196+0000] {dag.py:3096} INFO - Sync 1 DAGs
[2026-04-25T17:21:18.494+0000] {logging_mixin.py:188} INFO - [2026-04-25T17:21:18.493+0000] {dag.py:3954} INFO - Setting next_dagrun for pipeline_job_intelligent to 2026-04-24 06:00:00+00:00, run_after=2026-04-25 06:00:00+00:00
[2026-04-25T17:21:18.900+0000] {processor.py:183} INFO - Processing /opt/airflow/dags/dag_pipeline_complet.py took 2.091 seconds
[2026-04-25T17:21:49.932+0000] {processor.py:161} INFO - Started process (PID=558) to work on /opt/airflow/dags/dag_pipeline_complet.py
[2026-04-25T17:21:49.935+0000] {processor.py:830} INFO - Processing file /opt/airflow/dags/dag_pipeline_complet.py for tasks to queue
[2026-04-25T17:21:49.939+0000] {logging_mixin.py:188} INFO - [2026-04-25T17:21:49.938+0000] {dagbag.py:545} INFO - Filling up the DagBag from /opt/airflow/dags/dag_pipeline_complet.py
[2026-04-25T17:21:50.021+0000] {processor.py:840} INFO - DAG(s) 'pipeline_job_intelligent' retrieved from /opt/airflow/dags/dag_pipeline_complet.py
[2026-04-25T17:21:50.220+0000] {logging_mixin.py:188} INFO - [2026-04-25T17:21:50.220+0000] {dag.py:3096} INFO - Sync 1 DAGs
[2026-04-25T17:21:50.394+0000] {logging_mixin.py:188} INFO - [2026-04-25T17:21:50.393+0000] {dag.py:3954} INFO - Setting next_dagrun for pipeline_job_intelligent to 2026-04-24 06:00:00+00:00, run_after=2026-04-25 06:00:00+00:00
[2026-04-25T17:21:50.584+0000] {processor.py:183} INFO - Processing /opt/airflow/dags/dag_pipeline_complet.py took 0.691 seconds
[2026-04-25T17:22:21.354+0000] {processor.py:161} INFO - Started process (PID=566) to work on /opt/airflow/dags/dag_pipeline_complet.py
[2026-04-25T17:22:21.358+0000] {processor.py:830} INFO - Processing file /opt/airflow/dags/dag_pipeline_complet.py for tasks to queue
[2026-04-25T17:22:21.386+0000] {logging_mixin.py:188} INFO - [2026-04-25T17:22:21.385+0000] {dagbag.py:545} INFO - Filling up the DagBag from /opt/airflow/dags/dag_pipeline_complet.py
[2026-04-25T17:22:21.543+0000] {processor.py:840} INFO - DAG(s) 'pipeline_job_intelligent' retrieved from /opt/airflow/dags/dag_pipeline_complet.py
[2026-04-25T17:22:21.777+0000] {logging_mixin.py:188} INFO - [2026-04-25T17:22:21.776+0000] {dag.py:3096} INFO - Sync 1 DAGs
[2026-04-25T17:22:21.931+0000] {logging_mixin.py:188} INFO - [2026-04-25T17:22:21.930+0000] {dag.py:3954} INFO - Setting next_dagrun for pipeline_job_intelligent to 2026-04-24 06:00:00+00:00, run_after=2026-04-25 06:00:00+00:00
[2026-04-25T17:22:22.169+0000] {processor.py:183} INFO - Processing /opt/airflow/dags/dag_pipeline_complet.py took 0.853 seconds
[2026-04-25T17:22:53.086+0000] {processor.py:161} INFO - Started process (PID=581) to work on /opt/airflow/dags/dag_pipeline_complet.py
[2026-04-25T17:22:53.089+0000] {processor.py:830} INFO - Processing file /opt/airflow/dags/dag_pipeline_complet.py for tasks to queue
[2026-04-25T17:22:53.098+0000] {logging_mixin.py:188} INFO - [2026-04-25T17:22:53.097+0000] {dagbag.py:545} INFO - Filling up the DagBag from /opt/airflow/dags/dag_pipeline_complet.py
[2026-04-25T17:22:53.182+0000] {processor.py:840} INFO - DAG(s) 'pipeline_job_intelligent' retrieved from /opt/airflow/dags/dag_pipeline_complet.py
[2026-04-25T17:22:53.387+0000] {logging_mixin.py:188} INFO - [2026-04-25T17:22:53.387+0000] {dag.py:3096} INFO - Sync 1 DAGs
[2026-04-25T17:22:53.566+0000] {logging_mixin.py:188} INFO - [2026-04-25T17:22:53.554+0000] {dag.py:3954} INFO - Setting next_dagrun for pipeline_job_intelligent to 2026-04-24 06:00:00+00:00, run_after=2026-04-25 06:00:00+00:00
[2026-04-25T17:22:53.748+0000] {processor.py:183} INFO - Processing /opt/airflow/dags/dag_pipeline_complet.py took 0.699 seconds
[2026-04-25T17:23:24.356+0000] {processor.py:161} INFO - Started process (PID=589) to work on /opt/airflow/dags/dag_pipeline_complet.py
[2026-04-25T17:23:24.360+0000] {processor.py:830} INFO - Processing file /opt/airflow/dags/dag_pipeline_complet.py for tasks to queue
[2026-04-25T17:23:24.403+0000] {logging_mixin.py:188} INFO - [2026-04-25T17:23:24.394+0000] {dagbag.py:545} INFO - Filling up the DagBag from /opt/airflow/dags/dag_pipeline_complet.py
[2026-04-25T17:23:24.611+0000] {processor.py:840} INFO - DAG(s) 'pipeline_job_intelligent' retrieved from /opt/airflow/dags/dag_pipeline_complet.py
[2026-04-25T17:23:24.724+0000] {logging_mixin.py:188} INFO - [2026-04-25T17:23:24.723+0000] {dag.py:3096} INFO - Sync 1 DAGs
[2026-04-25T17:23:24.871+0000] {logging_mixin.py:188} INFO - [2026-04-25T17:23:24.871+0000] {dag.py:3954} INFO - Setting next_dagrun for pipeline_job_intelligent to 2026-04-24 06:00:00+00:00, run_after=2026-04-25 06:00:00+00:00
[2026-04-25T17:23:24.951+0000] {processor.py:183} INFO - Processing /opt/airflow/dags/dag_pipeline_complet.py took 0.639 seconds
[2026-04-25T17:23:55.176+0000] {processor.py:161} INFO - Started process (PID=604) to work on /opt/airflow/dags/dag_pipeline_complet.py
[2026-04-25T17:23:55.182+0000] {processor.py:830} INFO - Processing file /opt/airflow/dags/dag_pipeline_complet.py for tasks to queue
[2026-04-25T17:23:55.190+0000] {logging_mixin.py:188} INFO - [2026-04-25T17:23:55.189+0000] {dagbag.py:545} INFO - Filling up the DagBag from /opt/airflow/dags/dag_pipeline_complet.py
[2026-04-25T17:23:55.259+0000] {processor.py:840} INFO - DAG(s) 'pipeline_job_intelligent' retrieved from /opt/airflow/dags/dag_pipeline_complet.py
[2026-04-25T17:23:55.376+0000] {logging_mixin.py:188} INFO - [2026-04-25T17:23:55.376+0000] {dag.py:3096} INFO - Sync 1 DAGs
[2026-04-25T17:23:55.641+0000] {logging_mixin.py:188} INFO - [2026-04-25T17:23:55.640+0000] {dag.py:3954} INFO - Setting next_dagrun for pipeline_job_intelligent to 2026-04-24 06:00:00+00:00, run_after=2026-04-25 06:00:00+00:00
[2026-04-25T17:23:55.772+0000] {processor.py:183} INFO - Processing /opt/airflow/dags/dag_pipeline_complet.py took 0.610 seconds
[2026-04-25T17:24:26.171+0000] {processor.py:161} INFO - Started process (PID=617) to work on /opt/airflow/dags/dag_pipeline_complet.py
[2026-04-25T17:24:26.174+0000] {processor.py:830} INFO - Processing file /opt/airflow/dags/dag_pipeline_complet.py for tasks to queue
[2026-04-25T17:24:26.178+0000] {logging_mixin.py:188} INFO - [2026-04-25T17:24:26.177+0000] {dagbag.py:545} INFO - Filling up the DagBag from /opt/airflow/dags/dag_pipeline_complet.py
[2026-04-25T17:24:26.221+0000] {processor.py:840} INFO - DAG(s) 'pipeline_job_intelligent' retrieved from /opt/airflow/dags/dag_pipeline_complet.py
[2026-04-25T17:24:26.300+0000] {logging_mixin.py:188} INFO - [2026-04-25T17:24:26.300+0000] {dag.py:3096} INFO - Sync 1 DAGs
[2026-04-25T17:24:26.359+0000] {logging_mixin.py:188} INFO - [2026-04-25T17:24:26.359+0000] {dag.py:3954} INFO - Setting next_dagrun for pipeline_job_intelligent to 2026-04-24 06:00:00+00:00, run_after=2026-04-25 06:00:00+00:00
[2026-04-25T17:24:26.456+0000] {processor.py:183} INFO - Processing /opt/airflow/dags/dag_pipeline_complet.py took 0.302 seconds
[2026-04-25T17:24:57.153+0000] {processor.py:161} INFO - Started process (PID=624) to work on /opt/airflow/dags/dag_pipeline_complet.py
[2026-04-25T17:24:57.156+0000] {processor.py:830} INFO - Processing file /opt/airflow/dags/dag_pipeline_complet.py for tasks to queue
[2026-04-25T17:24:57.160+0000] {logging_mixin.py:188} INFO - [2026-04-25T17:24:57.159+0000] {dagbag.py:545} INFO - Filling up the DagBag from /opt/airflow/dags/dag_pipeline_complet.py
[2026-04-25T17:24:57.200+0000] {processor.py:840} INFO - DAG(s) 'pipeline_job_intelligent' retrieved from /opt/airflow/dags/dag_pipeline_complet.py
[2026-04-25T17:24:57.272+0000] {logging_mixin.py:188} INFO - [2026-04-25T17:24:57.272+0000] {dag.py:3096} INFO - Sync 1 DAGs
[2026-04-25T17:24:57.331+0000] {logging_mixin.py:188} INFO - [2026-04-25T17:24:57.330+0000] {dag.py:3954} INFO - Setting next_dagrun for pipeline_job_intelligent to 2026-04-24 06:00:00+00:00, run_after=2026-04-25 06:00:00+00:00
[2026-04-25T17:24:57.390+0000] {processor.py:183} INFO - Processing /opt/airflow/dags/dag_pipeline_complet.py took 0.251 seconds
[2026-04-25T17:25:27.720+0000] {processor.py:161} INFO - Started process (PID=637) to work on /opt/airflow/dags/dag_pipeline_complet.py
[2026-04-25T17:25:27.722+0000] {processor.py:830} INFO - Processing file /opt/airflow/dags/dag_pipeline_complet.py for tasks to queue
[2026-04-25T17:25:27.731+0000] {logging_mixin.py:188} INFO - [2026-04-25T17:25:27.731+0000] {dagbag.py:545} INFO - Filling up the DagBag from /opt/airflow/dags/dag_pipeline_complet.py
[2026-04-25T17:25:27.908+0000] {processor.py:840} INFO - DAG(s) 'pipeline_job_intelligent' retrieved from /opt/airflow/dags/dag_pipeline_complet.py
[2026-04-25T17:25:28.224+0000] {logging_mixin.py:188} INFO - [2026-04-25T17:25:28.223+0000] {dag.py:3096} INFO - Sync 1 DAGs
[2026-04-25T17:25:28.363+0000] {logging_mixin.py:188} INFO - [2026-04-25T17:25:28.362+0000] {dag.py:3954} INFO - Setting next_dagrun for pipeline_job_intelligent to 2026-04-24 06:00:00+00:00, run_after=2026-04-25 06:00:00+00:00
[2026-04-25T17:25:28.505+0000] {processor.py:183} INFO - Processing /opt/airflow/dags/dag_pipeline_complet.py took 0.805 seconds
[2026-04-25T17:25:59.601+0000] {processor.py:161} INFO - Started process (PID=645) to work on /opt/airflow/dags/dag_pipeline_complet.py
[2026-04-25T17:25:59.609+0000] {processor.py:830} INFO - Processing file /opt/airflow/dags/dag_pipeline_complet.py for tasks to queue
[2026-04-25T17:25:59.618+0000] {logging_mixin.py:188} INFO - [2026-04-25T17:25:59.618+0000] {dagbag.py:545} INFO - Filling up the DagBag from /opt/airflow/dags/dag_pipeline_complet.py
[2026-04-25T17:25:59.962+0000] {processor.py:840} INFO - DAG(s) 'pipeline_job_intelligent' retrieved from /opt/airflow/dags/dag_pipeline_complet.py
[2026-04-25T17:26:00.299+0000] {logging_mixin.py:188} INFO - [2026-04-25T17:26:00.299+0000] {dag.py:3096} INFO - Sync 1 DAGs
[2026-04-25T17:26:00.751+0000] {logging_mixin.py:188} INFO - [2026-04-25T17:26:00.751+0000] {dag.py:3954} INFO - Setting next_dagrun for pipeline_job_intelligent to 2026-04-24 06:00:00+00:00, run_after=2026-04-25 06:00:00+00:00
[2026-04-25T17:26:01.242+0000] {processor.py:183} INFO - Processing /opt/airflow/dags/dag_pipeline_complet.py took 1.667 seconds
[2026-04-25T17:26:32.082+0000] {processor.py:161} INFO - Started process (PID=660) to work on /opt/airflow/dags/dag_pipeline_complet.py
[2026-04-25T17:26:32.087+0000] {processor.py:830} INFO - Processing file /opt/airflow/dags/dag_pipeline_complet.py for tasks to queue
[2026-04-25T17:26:32.100+0000] {logging_mixin.py:188} INFO - [2026-04-25T17:26:32.097+0000] {dagbag.py:545} INFO - Filling up the DagBag from /opt/airflow/dags/dag_pipeline_complet.py
[2026-04-25T17:26:32.189+0000] {processor.py:840} INFO - DAG(s) 'pipeline_job_intelligent' retrieved from /opt/airflow/dags/dag_pipeline_complet.py
[2026-04-25T17:26:32.412+0000] {logging_mixin.py:188} INFO - [2026-04-25T17:26:32.411+0000] {dag.py:3096} INFO - Sync 1 DAGs
[2026-04-25T17:26:32.905+0000] {logging_mixin.py:188} INFO - [2026-04-25T17:26:32.904+0000] {dag.py:3954} INFO - Setting next_dagrun for pipeline_job_intelligent to 2026-04-24 06:00:00+00:00, run_after=2026-04-25 06:00:00+00:00
[2026-04-25T17:26:33.127+0000] {processor.py:183} INFO - Processing /opt/airflow/dags/dag_pipeline_complet.py took 1.078 seconds
[2026-04-25T17:27:03.887+0000] {processor.py:161} INFO - Started process (PID=668) to work on /opt/airflow/dags/dag_pipeline_complet.py
[2026-04-25T17:27:03.889+0000] {processor.py:830} INFO - Processing file /opt/airflow/dags/dag_pipeline_complet.py for tasks to queue
[2026-04-25T17:27:03.899+0000] {logging_mixin.py:188} INFO - [2026-04-25T17:27:03.898+0000] {dagbag.py:545} INFO - Filling up the DagBag from /opt/airflow/dags/dag_pipeline_complet.py
[2026-04-25T17:27:03.943+0000] {processor.py:840} INFO - DAG(s) 'pipeline_job_intelligent' retrieved from /opt/airflow/dags/dag_pipeline_complet.py
[2026-04-25T17:27:04.036+0000] {logging_mixin.py:188} INFO - [2026-04-25T17:27:04.035+0000] {dag.py:3096} INFO - Sync 1 DAGs
[2026-04-25T17:27:04.172+0000] {logging_mixin.py:188} INFO - [2026-04-25T17:27:04.172+0000] {dag.py:3954} INFO - Setting next_dagrun for pipeline_job_intelligent to 2026-04-24 06:00:00+00:00, run_after=2026-04-25 06:00:00+00:00
[2026-04-25T17:27:04.387+0000] {processor.py:183} INFO - Processing /opt/airflow/dags/dag_pipeline_complet.py took 0.520 seconds
[2026-04-25T17:27:34.788+0000] {processor.py:161} INFO - Started process (PID=681) to work on /opt/airflow/dags/dag_pipeline_complet.py
[2026-04-25T17:27:34.790+0000] {processor.py:830} INFO - Processing file /opt/airflow/dags/dag_pipeline_complet.py for tasks to queue
[2026-04-25T17:27:34.795+0000] {logging_mixin.py:188} INFO - [2026-04-25T17:27:34.795+0000] {dagbag.py:545} INFO - Filling up the DagBag from /opt/airflow/dags/dag_pipeline_complet.py
[2026-04-25T17:27:34.851+0000] {processor.py:840} INFO - DAG(s) 'pipeline_job_intelligent' retrieved from /opt/airflow/dags/dag_pipeline_complet.py
[2026-04-25T17:27:35.015+0000] {logging_mixin.py:188} INFO - [2026-04-25T17:27:35.014+0000] {dag.py:3096} INFO - Sync 1 DAGs
[2026-04-25T17:27:35.133+0000] {logging_mixin.py:188} INFO - [2026-04-25T17:27:35.131+0000] {dag.py:3954} INFO - Setting next_dagrun for pipeline_job_intelligent to 2026-04-24 06:00:00+00:00, run_after=2026-04-25 06:00:00+00:00
[2026-04-25T17:27:35.188+0000] {processor.py:183} INFO - Processing /opt/airflow/dags/dag_pipeline_complet.py took 0.416 seconds
[2026-04-25T17:28:05.890+0000] {processor.py:161} INFO - Started process (PID=689) to work on /opt/airflow/dags/dag_pipeline_complet.py
[2026-04-25T17:28:05.892+0000] {processor.py:830} INFO - Processing file /opt/airflow/dags/dag_pipeline_complet.py for tasks to queue
[2026-04-25T17:28:05.896+0000] {logging_mixin.py:188} INFO - [2026-04-25T17:28:05.895+0000] {dagbag.py:545} INFO - Filling up the DagBag from /opt/airflow/dags/dag_pipeline_complet.py
[2026-04-25T17:28:05.930+0000] {processor.py:840} INFO - DAG(s) 'pipeline_job_intelligent' retrieved from /opt/airflow/dags/dag_pipeline_complet.py
[2026-04-25T17:28:06.000+0000] {logging_mixin.py:188} INFO - [2026-04-25T17:28:05.999+0000] {dag.py:3096} INFO - Sync 1 DAGs
[2026-04-25T17:28:06.055+0000] {logging_mixin.py:188} INFO - [2026-04-25T17:28:06.054+0000] {dag.py:3954} INFO - Setting next_dagrun for pipeline_job_intelligent to 2026-04-24 06:00:00+00:00, run_after=2026-04-25 06:00:00+00:00
[2026-04-25T17:28:06.097+0000] {processor.py:183} INFO - Processing /opt/airflow/dags/dag_pipeline_complet.py took 0.222 seconds
[2026-04-25T17:28:36.924+0000] {processor.py:161} INFO - Started process (PID=704) to work on /opt/airflow/dags/dag_pipeline_complet.py
[2026-04-25T17:28:36.926+0000] {processor.py:830} INFO - Processing file /opt/airflow/dags/dag_pipeline_complet.py for tasks to queue
[2026-04-25T17:28:36.930+0000] {logging_mixin.py:188} INFO - [2026-04-25T17:28:36.929+0000] {dagbag.py:545} INFO - Filling up the DagBag from /opt/airflow/dags/dag_pipeline_complet.py
[2026-04-25T17:28:37.069+0000] {processor.py:840} INFO - DAG(s) 'pipeline_job_intelligent' retrieved from /opt/airflow/dags/dag_pipeline_complet.py
[2026-04-25T17:28:37.180+0000] {logging_mixin.py:188} INFO - [2026-04-25T17:28:37.180+0000] {dag.py:3096} INFO - Sync 1 DAGs
[2026-04-25T17:28:37.255+0000] {logging_mixin.py:188} INFO - [2026-04-25T17:28:37.254+0000] {dag.py:3954} INFO - Setting next_dagrun for pipeline_job_intelligent to 2026-04-24 06:00:00+00:00, run_after=2026-04-25 06:00:00+00:00
[2026-04-25T17:28:37.312+0000] {processor.py:183} INFO - Processing /opt/airflow/dags/dag_pipeline_complet.py took 0.405 seconds
[2026-04-25T17:29:08.048+0000] {processor.py:161} INFO - Started process (PID=712) to work on /opt/airflow/dags/dag_pipeline_complet.py
[2026-04-25T17:29:08.050+0000] {processor.py:830} INFO - Processing file /opt/airflow/dags/dag_pipeline_complet.py for tasks to queue
[2026-04-25T17:29:08.057+0000] {logging_mixin.py:188} INFO - [2026-04-25T17:29:08.056+0000] {dagbag.py:545} INFO - Filling up the DagBag from /opt/airflow/dags/dag_pipeline_complet.py
[2026-04-25T17:29:08.151+0000] {processor.py:840} INFO - DAG(s) 'pipeline_job_intelligent' retrieved from /opt/airflow/dags/dag_pipeline_complet.py
[2026-04-25T17:29:08.457+0000] {logging_mixin.py:188} INFO - [2026-04-25T17:29:08.457+0000] {dag.py:3096} INFO - Sync 1 DAGs
[2026-04-25T17:29:08.619+0000] {logging_mixin.py:188} INFO - [2026-04-25T17:29:08.619+0000] {dag.py:3954} INFO - Setting next_dagrun for pipeline_job_intelligent to 2026-04-24 06:00:00+00:00, run_after=2026-04-25 06:00:00+00:00
[2026-04-25T17:29:08.815+0000] {processor.py:183} INFO - Processing /opt/airflow/dags/dag_pipeline_complet.py took 0.791 seconds
[2026-04-25T17:29:39.420+0000] {processor.py:161} INFO - Started process (PID=726) to work on /opt/airflow/dags/dag_pipeline_complet.py
[2026-04-25T17:29:39.452+0000] {processor.py:830} INFO - Processing file /opt/airflow/dags/dag_pipeline_complet.py for tasks to queue
[2026-04-25T17:29:39.469+0000] {logging_mixin.py:188} INFO - [2026-04-25T17:29:39.458+0000] {dagbag.py:545} INFO - Filling up the DagBag from /opt/airflow/dags/dag_pipeline_complet.py
[2026-04-25T17:29:39.584+0000] {processor.py:840} INFO - DAG(s) 'pipeline_job_intelligent' retrieved from /opt/airflow/dags/dag_pipeline_complet.py
[2026-04-25T17:29:39.924+0000] {logging_mixin.py:188} INFO - [2026-04-25T17:29:39.923+0000] {dag.py:3096} INFO - Sync 1 DAGs
[2026-04-25T17:29:40.268+0000] {logging_mixin.py:188} INFO - [2026-04-25T17:29:40.267+0000] {dag.py:3954} INFO - Setting next_dagrun for pipeline_job_intelligent to 2026-04-24 06:00:00+00:00, run_after=2026-04-25 06:00:00+00:00
[2026-04-25T17:29:40.443+0000] {processor.py:183} INFO - Processing /opt/airflow/dags/dag_pipeline_complet.py took 1.039 seconds
[2026-04-25T17:30:11.197+0000] {processor.py:161} INFO - Started process (PID=740) to work on /opt/airflow/dags/dag_pipeline_complet.py
[2026-04-25T17:30:11.253+0000] {processor.py:830} INFO - Processing file /opt/airflow/dags/dag_pipeline_complet.py for tasks to queue
[2026-04-25T17:30:11.268+0000] {logging_mixin.py:188} INFO - [2026-04-25T17:30:11.267+0000] {dagbag.py:545} INFO - Filling up the DagBag from /opt/airflow/dags/dag_pipeline_complet.py
[2026-04-25T17:30:11.639+0000] {processor.py:840} INFO - DAG(s) 'pipeline_job_intelligent' retrieved from /opt/airflow/dags/dag_pipeline_complet.py
[2026-04-25T17:30:11.930+0000] {logging_mixin.py:188} INFO - [2026-04-25T17:30:11.930+0000] {dag.py:3096} INFO - Sync 1 DAGs
[2026-04-25T17:30:12.248+0000] {logging_mixin.py:188} INFO - [2026-04-25T17:30:12.248+0000] {dag.py:3954} INFO - Setting next_dagrun for pipeline_job_intelligent to 2026-04-24 06:00:00+00:00, run_after=2026-04-25 06:00:00+00:00
[2026-04-25T17:30:12.465+0000] {processor.py:183} INFO - Processing /opt/airflow/dags/dag_pipeline_complet.py took 1.302 seconds
[2026-04-25T17:30:42.842+0000] {processor.py:161} INFO - Started process (PID=748) to work on /opt/airflow/dags/dag_pipeline_complet.py
[2026-04-25T17:30:42.858+0000] {processor.py:830} INFO - Processing file /opt/airflow/dags/dag_pipeline_complet.py for tasks to queue
[2026-04-25T17:30:42.887+0000] {logging_mixin.py:188} INFO - [2026-04-25T17:30:42.887+0000] {dagbag.py:545} INFO - Filling up the DagBag from /opt/airflow/dags/dag_pipeline_complet.py
[2026-04-25T17:30:43.055+0000] {processor.py:840} INFO - DAG(s) 'pipeline_job_intelligent' retrieved from /opt/airflow/dags/dag_pipeline_complet.py
[2026-04-25T17:30:43.298+0000] {logging_mixin.py:188} INFO - [2026-04-25T17:30:43.285+0000] {dag.py:3096} INFO - Sync 1 DAGs
[2026-04-25T17:30:43.381+0000] {logging_mixin.py:188} INFO - [2026-04-25T17:30:43.380+0000] {dag.py:3954} INFO - Setting next_dagrun for pipeline_job_intelligent to 2026-04-24 06:00:00+00:00, run_after=2026-04-25 06:00:00+00:00
[2026-04-25T17:30:43.434+0000] {processor.py:183} INFO - Processing /opt/airflow/dags/dag_pipeline_complet.py took 0.633 seconds
[2026-04-25T17:31:14.125+0000] {processor.py:161} INFO - Started process (PID=762) to work on /opt/airflow/dags/dag_pipeline_complet.py
[2026-04-25T17:31:14.128+0000] {processor.py:830} INFO - Processing file /opt/airflow/dags/dag_pipeline_complet.py for tasks to queue
[2026-04-25T17:31:14.141+0000] {logging_mixin.py:188} INFO - [2026-04-25T17:31:14.132+0000] {dagbag.py:545} INFO - Filling up the DagBag from /opt/airflow/dags/dag_pipeline_complet.py
[2026-04-25T17:31:14.467+0000] {processor.py:840} INFO - DAG(s) 'pipeline_job_intelligent' retrieved from /opt/airflow/dags/dag_pipeline_complet.py
[2026-04-25T17:31:14.858+0000] {logging_mixin.py:188} INFO - [2026-04-25T17:31:14.856+0000] {dag.py:3096} INFO - Sync 1 DAGs
[2026-04-25T17:31:14.975+0000] {logging_mixin.py:188} INFO - [2026-04-25T17:31:14.975+0000] {dag.py:3954} INFO - Setting next_dagrun for pipeline_job_intelligent to 2026-04-24 06:00:00+00:00, run_after=2026-04-25 06:00:00+00:00
[2026-04-25T17:31:15.117+0000] {processor.py:183} INFO - Processing /opt/airflow/dags/dag_pipeline_complet.py took 1.091 seconds
[2026-04-25T17:31:45.501+0000] {processor.py:161} INFO - Started process (PID=769) to work on /opt/airflow/dags/dag_pipeline_complet.py
[2026-04-25T17:31:45.504+0000] {processor.py:830} INFO - Processing file /opt/airflow/dags/dag_pipeline_complet.py for tasks to queue
[2026-04-25T17:31:45.509+0000] {logging_mixin.py:188} INFO - [2026-04-25T17:31:45.508+0000] {dagbag.py:545} INFO - Filling up the DagBag from /opt/airflow/dags/dag_pipeline_complet.py
[2026-04-25T17:31:45.659+0000] {processor.py:840} INFO - DAG(s) 'pipeline_job_intelligent' retrieved from /opt/airflow/dags/dag_pipeline_complet.py
[2026-04-25T17:31:45.877+0000] {logging_mixin.py:188} INFO - [2026-04-25T17:31:45.877+0000] {dag.py:3096} INFO - Sync 1 DAGs
[2026-04-25T17:31:45.990+0000] {logging_mixin.py:188} INFO - [2026-04-25T17:31:45.990+0000] {dag.py:3954} INFO - Setting next_dagrun for pipeline_job_intelligent to 2026-04-24 06:00:00+00:00, run_after=2026-04-25 06:00:00+00:00
[2026-04-25T17:31:46.142+0000] {processor.py:183} INFO - Processing /opt/airflow/dags/dag_pipeline_complet.py took 0.674 seconds
[2026-04-25T17:32:16.294+0000] {processor.py:161} INFO - Started process (PID=784) to work on /opt/airflow/dags/dag_pipeline_complet.py
[2026-04-25T17:32:16.296+0000] {processor.py:830} INFO - Processing file /opt/airflow/dags/dag_pipeline_complet.py for tasks to queue
[2026-04-25T17:32:16.300+0000] {logging_mixin.py:188} INFO - [2026-04-25T17:32:16.299+0000] {dagbag.py:545} INFO - Filling up the DagBag from /opt/airflow/dags/dag_pipeline_complet.py
[2026-04-25T17:32:16.344+0000] {processor.py:840} INFO - DAG(s) 'pipeline_job_intelligent' retrieved from /opt/airflow/dags/dag_pipeline_complet.py
[2026-04-25T17:32:16.477+0000] {logging_mixin.py:188} INFO - [2026-04-25T17:32:16.465+0000] {dag.py:3096} INFO - Sync 1 DAGs
[2026-04-25T17:32:16.615+0000] {logging_mixin.py:188} INFO - [2026-04-25T17:32:16.615+0000] {dag.py:3954} INFO - Setting next_dagrun for pipeline_job_intelligent to 2026-04-24 06:00:00+00:00, run_after=2026-04-25 06:00:00+00:00
[2026-04-25T17:32:16.718+0000] {processor.py:183} INFO - Processing /opt/airflow/dags/dag_pipeline_complet.py took 0.443 seconds
[2026-04-25T17:32:47.071+0000] {processor.py:161} INFO - Started process (PID=791) to work on /opt/airflow/dags/dag_pipeline_complet.py
[2026-04-25T17:32:47.075+0000] {processor.py:830} INFO - Processing file /opt/airflow/dags/dag_pipeline_complet.py for tasks to queue
[2026-04-25T17:32:47.079+0000] {logging_mixin.py:188} INFO - [2026-04-25T17:32:47.078+0000] {dagbag.py:545} INFO - Filling up the DagBag from /opt/airflow/dags/dag_pipeline_complet.py
[2026-04-25T17:32:47.204+0000] {processor.py:840} INFO - DAG(s) 'pipeline_job_intelligent' retrieved from /opt/airflow/dags/dag_pipeline_complet.py
[2026-04-25T17:32:47.376+0000] {logging_mixin.py:188} INFO - [2026-04-25T17:32:47.373+0000] {dag.py:3096} INFO - Sync 1 DAGs
[2026-04-25T17:32:47.561+0000] {logging_mixin.py:188} INFO - [2026-04-25T17:32:47.560+0000] {dag.py:3954} INFO - Setting next_dagrun for pipeline_job_intelligent to 2026-04-24 06:00:00+00:00, run_after=2026-04-25 06:00:00+00:00
[2026-04-25T17:32:47.785+0000] {processor.py:183} INFO - Processing /opt/airflow/dags/dag_pipeline_complet.py took 0.739 seconds
[2026-04-25T17:33:17.903+0000] {processor.py:161} INFO - Started process (PID=807) to work on /opt/airflow/dags/dag_pipeline_complet.py
[2026-04-25T17:33:17.905+0000] {processor.py:830} INFO - Processing file /opt/airflow/dags/dag_pipeline_complet.py for tasks to queue
[2026-04-25T17:33:17.908+0000] {logging_mixin.py:188} INFO - [2026-04-25T17:33:17.908+0000] {dagbag.py:545} INFO - Filling up the DagBag from /opt/airflow/dags/dag_pipeline_complet.py
[2026-04-25T17:33:17.948+0000] {processor.py:840} INFO - DAG(s) 'pipeline_job_intelligent' retrieved from /opt/airflow/dags/dag_pipeline_complet.py
[2026-04-25T17:33:18.110+0000] {logging_mixin.py:188} INFO - [2026-04-25T17:33:18.109+0000] {dag.py:3096} INFO - Sync 1 DAGs
[2026-04-25T17:33:18.293+0000] {logging_mixin.py:188} INFO - [2026-04-25T17:33:18.292+0000] {dag.py:3954} INFO - Setting next_dagrun for pipeline_job_intelligent to 2026-04-24 06:00:00+00:00, run_after=2026-04-25 06:00:00+00:00
[2026-04-25T17:33:18.623+0000] {processor.py:183} INFO - Processing /opt/airflow/dags/dag_pipeline_complet.py took 0.730 seconds
[2026-04-25T17:33:49.244+0000] {processor.py:161} INFO - Started process (PID=815) to work on /opt/airflow/dags/dag_pipeline_complet.py
[2026-04-25T17:33:49.252+0000] {processor.py:830} INFO - Processing file /opt/airflow/dags/dag_pipeline_complet.py for tasks to queue
[2026-04-25T17:33:49.277+0000] {logging_mixin.py:188} INFO - [2026-04-25T17:33:49.271+0000] {dagbag.py:545} INFO - Filling up the DagBag from /opt/airflow/dags/dag_pipeline_complet.py
[2026-04-25T17:33:49.371+0000] {processor.py:840} INFO - DAG(s) 'pipeline_job_intelligent' retrieved from /opt/airflow/dags/dag_pipeline_complet.py
[2026-04-25T17:33:49.448+0000] {logging_mixin.py:188} INFO - [2026-04-25T17:33:49.447+0000] {dag.py:3096} INFO - Sync 1 DAGs
[2026-04-25T17:33:49.616+0000] {logging_mixin.py:188} INFO - [2026-04-25T17:33:49.615+0000] {dag.py:3954} INFO - Setting next_dagrun for pipeline_job_intelligent to 2026-04-24 06:00:00+00:00, run_after=2026-04-25 06:00:00+00:00
[2026-04-25T17:33:49.862+0000] {processor.py:183} INFO - Processing /opt/airflow/dags/dag_pipeline_complet.py took 0.640 seconds
[2026-04-25T17:34:20.335+0000] {processor.py:161} INFO - Started process (PID=830) to work on /opt/airflow/dags/dag_pipeline_complet.py
[2026-04-25T17:34:20.336+0000] {processor.py:830} INFO - Processing file /opt/airflow/dags/dag_pipeline_complet.py for tasks to queue
[2026-04-25T17:34:20.340+0000] {logging_mixin.py:188} INFO - [2026-04-25T17:34:20.340+0000] {dagbag.py:545} INFO - Filling up the DagBag from /opt/airflow/dags/dag_pipeline_complet.py
[2026-04-25T17:34:20.390+0000] {processor.py:840} INFO - DAG(s) 'pipeline_job_intelligent' retrieved from /opt/airflow/dags/dag_pipeline_complet.py
[2026-04-25T17:34:20.491+0000] {logging_mixin.py:188} INFO - [2026-04-25T17:34:20.491+0000] {dag.py:3096} INFO - Sync 1 DAGs
[2026-04-25T17:34:20.556+0000] {logging_mixin.py:188} INFO - [2026-04-25T17:34:20.555+0000] {dag.py:3954} INFO - Setting next_dagrun for pipeline_job_intelligent to 2026-04-24 06:00:00+00:00, run_after=2026-04-25 06:00:00+00:00
[2026-04-25T17:34:20.623+0000] {processor.py:183} INFO - Processing /opt/airflow/dags/dag_pipeline_complet.py took 0.304 seconds
[2026-04-25T17:34:51.388+0000] {processor.py:161} INFO - Started process (PID=838) to work on /opt/airflow/dags/dag_pipeline_complet.py
[2026-04-25T17:34:51.390+0000] {processor.py:830} INFO - Processing file /opt/airflow/dags/dag_pipeline_complet.py for tasks to queue
[2026-04-25T17:34:51.393+0000] {logging_mixin.py:188} INFO - [2026-04-25T17:34:51.392+0000] {dagbag.py:545} INFO - Filling up the DagBag from /opt/airflow/dags/dag_pipeline_complet.py
[2026-04-25T17:34:51.431+0000] {processor.py:840} INFO - DAG(s) 'pipeline_job_intelligent' retrieved from /opt/airflow/dags/dag_pipeline_complet.py
[2026-04-25T17:34:51.520+0000] {logging_mixin.py:188} INFO - [2026-04-25T17:34:51.519+0000] {dag.py:3096} INFO - Sync 1 DAGs
[2026-04-25T17:34:51.664+0000] {logging_mixin.py:188} INFO - [2026-04-25T17:34:51.663+0000] {dag.py:3954} INFO - Setting next_dagrun for pipeline_job_intelligent to 2026-04-24 06:00:00+00:00, run_after=2026-04-25 06:00:00+00:00
[2026-04-25T17:34:51.801+0000] {processor.py:183} INFO - Processing /opt/airflow/dags/dag_pipeline_complet.py took 0.423 seconds
[2026-04-25T17:35:22.502+0000] {processor.py:161} INFO - Started process (PID=853) to work on /opt/airflow/dags/dag_pipeline_complet.py
[2026-04-25T17:35:22.504+0000] {processor.py:830} INFO - Processing file /opt/airflow/dags/dag_pipeline_complet.py for tasks to queue
[2026-04-25T17:35:22.528+0000] {logging_mixin.py:188} INFO - [2026-04-25T17:35:22.526+0000] {dagbag.py:545} INFO - Filling up the DagBag from /opt/airflow/dags/dag_pipeline_complet.py
[2026-04-25T17:35:22.597+0000] {processor.py:840} INFO - DAG(s) 'pipeline_job_intelligent' retrieved from /opt/airflow/dags/dag_pipeline_complet.py
[2026-04-25T17:35:22.808+0000] {logging_mixin.py:188} INFO - [2026-04-25T17:35:22.808+0000] {dag.py:3096} INFO - Sync 1 DAGs
[2026-04-25T17:35:22.961+0000] {logging_mixin.py:188} INFO - [2026-04-25T17:35:22.960+0000] {dag.py:3954} INFO - Setting next_dagrun for pipeline_job_intelligent to 2026-04-24 06:00:00+00:00, run_after=2026-04-25 06:00:00+00:00
[2026-04-25T17:35:23.124+0000] {processor.py:183} INFO - Processing /opt/airflow/dags/dag_pipeline_complet.py took 0.655 seconds
[2026-04-25T17:35:53.634+0000] {processor.py:161} INFO - Started process (PID=862) to work on /opt/airflow/dags/dag_pipeline_complet.py
[2026-04-25T17:35:53.636+0000] {processor.py:830} INFO - Processing file /opt/airflow/dags/dag_pipeline_complet.py for tasks to queue
[2026-04-25T17:35:53.641+0000] {logging_mixin.py:188} INFO - [2026-04-25T17:35:53.640+0000] {dagbag.py:545} INFO - Filling up the DagBag from /opt/airflow/dags/dag_pipeline_complet.py
[2026-04-25T17:35:53.850+0000] {processor.py:840} INFO - DAG(s) 'pipeline_job_intelligent' retrieved from /opt/airflow/dags/dag_pipeline_complet.py
[2026-04-25T17:35:54.053+0000] {logging_mixin.py:188} INFO - [2026-04-25T17:35:54.053+0000] {dag.py:3096} INFO - Sync 1 DAGs
[2026-04-25T17:35:54.221+0000] {logging_mixin.py:188} INFO - [2026-04-25T17:35:54.220+0000] {dag.py:3954} INFO - Setting next_dagrun for pipeline_job_intelligent to 2026-04-24 06:00:00+00:00, run_after=2026-04-25 06:00:00+00:00
[2026-04-25T17:35:54.414+0000] {processor.py:183} INFO - Processing /opt/airflow/dags/dag_pipeline_complet.py took 0.807 seconds
[2026-04-25T17:36:24.700+0000] {processor.py:161} INFO - Started process (PID=875) to work on /opt/airflow/dags/dag_pipeline_complet.py
[2026-04-25T17:36:24.706+0000] {processor.py:830} INFO - Processing file /opt/airflow/dags/dag_pipeline_complet.py for tasks to queue
[2026-04-25T17:36:24.710+0000] {logging_mixin.py:188} INFO - [2026-04-25T17:36:24.710+0000] {dagbag.py:545} INFO - Filling up the DagBag from /opt/airflow/dags/dag_pipeline_complet.py
[2026-04-25T17:36:24.816+0000] {processor.py:840} INFO - DAG(s) 'pipeline_job_intelligent' retrieved from /opt/airflow/dags/dag_pipeline_complet.py
[2026-04-25T17:36:24.992+0000] {logging_mixin.py:188} INFO - [2026-04-25T17:36:24.991+0000] {dag.py:3096} INFO - Sync 1 DAGs
[2026-04-25T17:36:25.060+0000] {logging_mixin.py:188} INFO - [2026-04-25T17:36:25.059+0000] {dag.py:3954} INFO - Setting next_dagrun for pipeline_job_intelligent to 2026-04-24 06:00:00+00:00, run_after=2026-04-25 06:00:00+00:00
[2026-04-25T17:36:25.109+0000] {processor.py:183} INFO - Processing /opt/airflow/dags/dag_pipeline_complet.py took 0.421 seconds
[2026-04-25T17:36:55.748+0000] {processor.py:161} INFO - Started process (PID=883) to work on /opt/airflow/dags/dag_pipeline_complet.py
[2026-04-25T17:36:55.757+0000] {processor.py:830} INFO - Processing file /opt/airflow/dags/dag_pipeline_complet.py for tasks to queue
[2026-04-25T17:36:55.768+0000] {logging_mixin.py:188} INFO - [2026-04-25T17:36:55.767+0000] {dagbag.py:545} INFO - Filling up the DagBag from /opt/airflow/dags/dag_pipeline_complet.py
[2026-04-25T17:36:55.951+0000] {processor.py:840} INFO - DAG(s) 'pipeline_job_intelligent' retrieved from /opt/airflow/dags/dag_pipeline_complet.py
[2026-04-25T17:36:56.179+0000] {logging_mixin.py:188} INFO - [2026-04-25T17:36:56.167+0000] {dag.py:3096} INFO - Sync 1 DAGs
[2026-04-25T17:36:56.417+0000] {logging_mixin.py:188} INFO - [2026-04-25T17:36:56.416+0000] {dag.py:3954} INFO - Setting next_dagrun for pipeline_job_intelligent to 2026-04-24 06:00:00+00:00, run_after=2026-04-25 06:00:00+00:00
[2026-04-25T17:36:56.523+0000] {processor.py:183} INFO - Processing /opt/airflow/dags/dag_pipeline_complet.py took 0.836 seconds
[2026-04-25T17:37:27.225+0000] {processor.py:161} INFO - Started process (PID=898) to work on /opt/airflow/dags/dag_pipeline_complet.py
[2026-04-25T17:37:27.230+0000] {processor.py:830} INFO - Processing file /opt/airflow/dags/dag_pipeline_complet.py for tasks to queue
[2026-04-25T17:37:27.272+0000] {logging_mixin.py:188} INFO - [2026-04-25T17:37:27.271+0000] {dagbag.py:545} INFO - Filling up the DagBag from /opt/airflow/dags/dag_pipeline_complet.py
[2026-04-25T17:37:27.679+0000] {processor.py:840} INFO - DAG(s) 'pipeline_job_intelligent' retrieved from /opt/airflow/dags/dag_pipeline_complet.py
[2026-04-25T17:37:27.863+0000] {logging_mixin.py:188} INFO - [2026-04-25T17:37:27.861+0000] {dag.py:3096} INFO - Sync 1 DAGs
[2026-04-25T17:37:28.026+0000] {logging_mixin.py:188} INFO - [2026-04-25T17:37:28.026+0000] {dag.py:3954} INFO - Setting next_dagrun for pipeline_job_intelligent to 2026-04-24 06:00:00+00:00, run_after=2026-04-25 06:00:00+00:00
[2026-04-25T17:37:28.250+0000] {processor.py:183} INFO - Processing /opt/airflow/dags/dag_pipeline_complet.py took 1.090 seconds
[2026-04-25T17:37:58.855+0000] {processor.py:161} INFO - Started process (PID=911) to work on /opt/airflow/dags/dag_pipeline_complet.py
[2026-04-25T17:37:58.858+0000] {processor.py:830} INFO - Processing file /opt/airflow/dags/dag_pipeline_complet.py for tasks to queue
[2026-04-25T17:37:58.863+0000] {logging_mixin.py:188} INFO - [2026-04-25T17:37:58.862+0000] {dagbag.py:545} INFO - Filling up the DagBag from /opt/airflow/dags/dag_pipeline_complet.py
[2026-04-25T17:37:58.924+0000] {processor.py:840} INFO - DAG(s) 'pipeline_job_intelligent' retrieved from /opt/airflow/dags/dag_pipeline_complet.py
[2026-04-25T17:37:59.028+0000] {logging_mixin.py:188} INFO - [2026-04-25T17:37:59.028+0000] {dag.py:3096} INFO - Sync 1 DAGs
[2026-04-25T17:37:59.103+0000] {logging_mixin.py:188} INFO - [2026-04-25T17:37:59.102+0000] {dag.py:3954} INFO - Setting next_dagrun for pipeline_job_intelligent to 2026-04-24 06:00:00+00:00, run_after=2026-04-25 06:00:00+00:00
[2026-04-25T17:37:59.258+0000] {processor.py:183} INFO - Processing /opt/airflow/dags/dag_pipeline_complet.py took 0.419 seconds
[2026-04-25T17:38:30.179+0000] {processor.py:161} INFO - Started process (PID=918) to work on /opt/airflow/dags/dag_pipeline_complet.py
[2026-04-25T17:38:30.183+0000] {processor.py:830} INFO - Processing file /opt/airflow/dags/dag_pipeline_complet.py for tasks to queue
[2026-04-25T17:38:30.212+0000] {logging_mixin.py:188} INFO - [2026-04-25T17:38:30.194+0000] {dagbag.py:545} INFO - Filling up the DagBag from /opt/airflow/dags/dag_pipeline_complet.py
[2026-04-25T17:38:30.454+0000] {processor.py:840} INFO - DAG(s) 'pipeline_job_intelligent' retrieved from /opt/airflow/dags/dag_pipeline_complet.py
[2026-04-25T17:38:30.694+0000] {logging_mixin.py:188} INFO - [2026-04-25T17:38:30.694+0000] {dag.py:3096} INFO - Sync 1 DAGs
[2026-04-25T17:38:30.820+0000] {logging_mixin.py:188} INFO - [2026-04-25T17:38:30.819+0000] {dag.py:3954} INFO - Setting next_dagrun for pipeline_job_intelligent to 2026-04-24 06:00:00+00:00, run_after=2026-04-25 06:00:00+00:00
[2026-04-25T17:38:31.049+0000] {processor.py:183} INFO - Processing /opt/airflow/dags/dag_pipeline_complet.py took 0.898 seconds
[2026-04-25T17:39:01.298+0000] {processor.py:161} INFO - Started process (PID=932) to work on /opt/airflow/dags/dag_pipeline_complet.py
[2026-04-25T17:39:01.301+0000] {processor.py:830} INFO - Processing file /opt/airflow/dags/dag_pipeline_complet.py for tasks to queue
[2026-04-25T17:39:01.305+0000] {logging_mixin.py:188} INFO - [2026-04-25T17:39:01.304+0000] {dagbag.py:545} INFO - Filling up the DagBag from /opt/airflow/dags/dag_pipeline_complet.py
[2026-04-25T17:39:01.397+0000] {processor.py:840} INFO - DAG(s) 'pipeline_job_intelligent' retrieved from /opt/airflow/dags/dag_pipeline_complet.py
[2026-04-25T17:39:01.478+0000] {logging_mixin.py:188} INFO - [2026-04-25T17:39:01.477+0000] {dag.py:3096} INFO - Sync 1 DAGs
[2026-04-25T17:39:01.536+0000] {logging_mixin.py:188} INFO - [2026-04-25T17:39:01.536+0000] {dag.py:3954} INFO - Setting next_dagrun for pipeline_job_intelligent to 2026-04-24 06:00:00+00:00, run_after=2026-04-25 06:00:00+00:00
[2026-04-25T17:39:01.582+0000] {processor.py:183} INFO - Processing /opt/airflow/dags/dag_pipeline_complet.py took 0.300 seconds
[2026-04-25T17:39:34.429+0000] {processor.py:161} INFO - Started process (PID=940) to work on /opt/airflow/dags/dag_pipeline_complet.py
[2026-04-25T17:39:34.475+0000] {processor.py:830} INFO - Processing file /opt/airflow/dags/dag_pipeline_complet.py for tasks to queue
[2026-04-25T17:39:34.554+0000] {logging_mixin.py:188} INFO - [2026-04-25T17:39:34.553+0000] {dagbag.py:545} INFO - Filling up the DagBag from /opt/airflow/dags/dag_pipeline_complet.py
[2026-04-25T17:39:36.230+0000] {processor.py:840} INFO - DAG(s) 'pipeline_job_intelligent' retrieved from /opt/airflow/dags/dag_pipeline_complet.py
[2026-04-25T17:39:36.586+0000] {logging_mixin.py:188} INFO - [2026-04-25T17:39:36.585+0000] {dag.py:3096} INFO - Sync 1 DAGs
[2026-04-25T17:39:36.846+0000] {logging_mixin.py:188} INFO - [2026-04-25T17:39:36.835+0000] {dag.py:3954} INFO - Setting next_dagrun for pipeline_job_intelligent to 2026-04-24 06:00:00+00:00, run_after=2026-04-25 06:00:00+00:00
[2026-04-25T17:39:37.323+0000] {processor.py:183} INFO - Processing /opt/airflow/dags/dag_pipeline_complet.py took 2.934 seconds
[2026-04-25T17:40:08.050+0000] {processor.py:161} INFO - Started process (PID=955) to work on /opt/airflow/dags/dag_pipeline_complet.py
[2026-04-25T17:40:08.052+0000] {processor.py:830} INFO - Processing file /opt/airflow/dags/dag_pipeline_complet.py for tasks to queue
[2026-04-25T17:40:08.057+0000] {logging_mixin.py:188} INFO - [2026-04-25T17:40:08.056+0000] {dagbag.py:545} INFO - Filling up the DagBag from /opt/airflow/dags/dag_pipeline_complet.py
[2026-04-25T17:40:08.203+0000] {processor.py:840} INFO - DAG(s) 'pipeline_job_intelligent' retrieved from /opt/airflow/dags/dag_pipeline_complet.py
[2026-04-25T17:40:08.372+0000] {logging_mixin.py:188} INFO - [2026-04-25T17:40:08.371+0000] {dag.py:3096} INFO - Sync 1 DAGs
[2026-04-25T17:40:08.448+0000] {logging_mixin.py:188} INFO - [2026-04-25T17:40:08.447+0000] {dag.py:3954} INFO - Setting next_dagrun for pipeline_job_intelligent to 2026-04-24 06:00:00+00:00, run_after=2026-04-25 06:00:00+00:00
[2026-04-25T17:40:08.511+0000] {processor.py:183} INFO - Processing /opt/airflow/dags/dag_pipeline_complet.py took 0.475 seconds
[2026-04-25T17:40:38.772+0000] {processor.py:161} INFO - Started process (PID=964) to work on /opt/airflow/dags/dag_pipeline_complet.py
[2026-04-25T17:40:38.774+0000] {processor.py:830} INFO - Processing file /opt/airflow/dags/dag_pipeline_complet.py for tasks to queue
[2026-04-25T17:40:38.779+0000] {logging_mixin.py:188} INFO - [2026-04-25T17:40:38.779+0000] {dagbag.py:545} INFO - Filling up the DagBag from /opt/airflow/dags/dag_pipeline_complet.py
[2026-04-25T17:40:38.817+0000] {processor.py:840} INFO - DAG(s) 'pipeline_job_intelligent' retrieved from /opt/airflow/dags/dag_pipeline_complet.py
[2026-04-25T17:40:38.903+0000] {logging_mixin.py:188} INFO - [2026-04-25T17:40:38.902+0000] {dag.py:3096} INFO - Sync 1 DAGs
[2026-04-25T17:40:38.984+0000] {logging_mixin.py:188} INFO - [2026-04-25T17:40:38.983+0000] {dag.py:3954} INFO - Setting next_dagrun for pipeline_job_intelligent to 2026-04-24 06:00:00+00:00, run_after=2026-04-25 06:00:00+00:00
[2026-04-25T17:40:39.054+0000] {processor.py:183} INFO - Processing /opt/airflow/dags/dag_pipeline_complet.py took 0.297 seconds
[2026-04-25T17:41:09.167+0000] {processor.py:161} INFO - Started process (PID=979) to work on /opt/airflow/dags/dag_pipeline_complet.py
[2026-04-25T17:41:09.169+0000] {processor.py:830} INFO - Processing file /opt/airflow/dags/dag_pipeline_complet.py for tasks to queue
[2026-04-25T17:41:09.172+0000] {logging_mixin.py:188} INFO - [2026-04-25T17:41:09.172+0000] {dagbag.py:545} INFO - Filling up the DagBag from /opt/airflow/dags/dag_pipeline_complet.py
[2026-04-25T17:41:09.209+0000] {processor.py:840} INFO - DAG(s) 'pipeline_job_intelligent' retrieved from /opt/airflow/dags/dag_pipeline_complet.py
[2026-04-25T17:41:09.285+0000] {logging_mixin.py:188} INFO - [2026-04-25T17:41:09.284+0000] {dag.py:3096} INFO - Sync 1 DAGs
[2026-04-25T17:41:09.464+0000] {logging_mixin.py:188} INFO - [2026-04-25T17:41:09.464+0000] {dag.py:3954} INFO - Setting next_dagrun for pipeline_job_intelligent to 2026-04-24 06:00:00+00:00, run_after=2026-04-25 06:00:00+00:00
[2026-04-25T17:41:09.782+0000] {processor.py:183} INFO - Processing /opt/airflow/dags/dag_pipeline_complet.py took 0.624 seconds
[2026-04-25T17:41:40.208+0000] {processor.py:161} INFO - Started process (PID=988) to work on /opt/airflow/dags/dag_pipeline_complet.py
[2026-04-25T17:41:40.210+0000] {processor.py:830} INFO - Processing file /opt/airflow/dags/dag_pipeline_complet.py for tasks to queue
[2026-04-25T17:41:40.215+0000] {logging_mixin.py:188} INFO - [2026-04-25T17:41:40.214+0000] {dagbag.py:545} INFO - Filling up the DagBag from /opt/airflow/dags/dag_pipeline_complet.py
[2026-04-25T17:41:40.289+0000] {processor.py:840} INFO - DAG(s) 'pipeline_job_intelligent' retrieved from /opt/airflow/dags/dag_pipeline_complet.py
[2026-04-25T17:41:40.420+0000] {logging_mixin.py:188} INFO - [2026-04-25T17:41:40.419+0000] {dag.py:3096} INFO - Sync 1 DAGs
[2026-04-25T17:41:40.486+0000] {logging_mixin.py:188} INFO - [2026-04-25T17:41:40.485+0000] {dag.py:3954} INFO - Setting next_dagrun for pipeline_job_intelligent to 2026-04-24 06:00:00+00:00, run_after=2026-04-25 06:00:00+00:00
[2026-04-25T17:41:40.556+0000] {processor.py:183} INFO - Processing /opt/airflow/dags/dag_pipeline_complet.py took 0.366 seconds
[2026-04-25T17:42:10.721+0000] {processor.py:161} INFO - Started process (PID=1001) to work on /opt/airflow/dags/dag_pipeline_complet.py
[2026-04-25T17:42:10.723+0000] {processor.py:830} INFO - Processing file /opt/airflow/dags/dag_pipeline_complet.py for tasks to queue
[2026-04-25T17:42:10.727+0000] {logging_mixin.py:188} INFO - [2026-04-25T17:42:10.727+0000] {dagbag.py:545} INFO - Filling up the DagBag from /opt/airflow/dags/dag_pipeline_complet.py
[2026-04-25T17:42:10.770+0000] {processor.py:840} INFO - DAG(s) 'pipeline_job_intelligent' retrieved from /opt/airflow/dags/dag_pipeline_complet.py
[2026-04-25T17:42:10.867+0000] {logging_mixin.py:188} INFO - [2026-04-25T17:42:10.866+0000] {dag.py:3096} INFO - Sync 1 DAGs
[2026-04-25T17:42:11.017+0000] {logging_mixin.py:188} INFO - [2026-04-25T17:42:11.016+0000] {dag.py:3954} INFO - Setting next_dagrun for pipeline_job_intelligent to 2026-04-24 06:00:00+00:00, run_after=2026-04-25 06:00:00+00:00
[2026-04-25T17:42:11.277+0000] {processor.py:183} INFO - Processing /opt/airflow/dags/dag_pipeline_complet.py took 0.569 seconds
[2026-04-25T17:42:41.942+0000] {processor.py:161} INFO - Started process (PID=1010) to work on /opt/airflow/dags/dag_pipeline_complet.py
[2026-04-25T17:42:41.945+0000] {processor.py:830} INFO - Processing file /opt/airflow/dags/dag_pipeline_complet.py for tasks to queue
[2026-04-25T17:42:41.951+0000] {logging_mixin.py:188} INFO - [2026-04-25T17:42:41.950+0000] {dagbag.py:545} INFO - Filling up the DagBag from /opt/airflow/dags/dag_pipeline_complet.py
[2026-04-25T17:42:42.026+0000] {processor.py:840} INFO - DAG(s) 'pipeline_job_intelligent' retrieved from /opt/airflow/dags/dag_pipeline_complet.py
[2026-04-25T17:42:42.106+0000] {logging_mixin.py:188} INFO - [2026-04-25T17:42:42.104+0000] {dag.py:3096} INFO - Sync 1 DAGs
[2026-04-25T17:42:42.187+0000] {logging_mixin.py:188} INFO - [2026-04-25T17:42:42.186+0000] {dag.py:3954} INFO - Setting next_dagrun for pipeline_job_intelligent to 2026-04-24 06:00:00+00:00, run_after=2026-04-25 06:00:00+00:00
[2026-04-25T17:42:42.294+0000] {processor.py:183} INFO - Processing /opt/airflow/dags/dag_pipeline_complet.py took 0.376 seconds
[2026-04-25T17:43:13.490+0000] {processor.py:161} INFO - Started process (PID=1025) to work on /opt/airflow/dags/dag_pipeline_complet.py
[2026-04-25T17:43:13.495+0000] {processor.py:830} INFO - Processing file /opt/airflow/dags/dag_pipeline_complet.py for tasks to queue
[2026-04-25T17:43:13.499+0000] {logging_mixin.py:188} INFO - [2026-04-25T17:43:13.498+0000] {dagbag.py:545} INFO - Filling up the DagBag from /opt/airflow/dags/dag_pipeline_complet.py
[2026-04-25T17:43:13.546+0000] {processor.py:840} INFO - DAG(s) 'pipeline_job_intelligent' retrieved from /opt/airflow/dags/dag_pipeline_complet.py
[2026-04-25T17:43:13.668+0000] {logging_mixin.py:188} INFO - [2026-04-25T17:43:13.667+0000] {dag.py:3096} INFO - Sync 1 DAGs
[2026-04-25T17:43:13.732+0000] {logging_mixin.py:188} INFO - [2026-04-25T17:43:13.732+0000] {dag.py:3954} INFO - Setting next_dagrun for pipeline_job_intelligent to 2026-04-24 06:00:00+00:00, run_after=2026-04-25 06:00:00+00:00
[2026-04-25T17:43:13.782+0000] {processor.py:183} INFO - Processing /opt/airflow/dags/dag_pipeline_complet.py took 0.316 seconds
[2026-04-25T17:43:44.448+0000] {processor.py:161} INFO - Started process (PID=1040) to work on /opt/airflow/dags/dag_pipeline_complet.py
[2026-04-25T17:43:44.452+0000] {processor.py:830} INFO - Processing file /opt/airflow/dags/dag_pipeline_complet.py for tasks to queue
[2026-04-25T17:43:44.457+0000] {logging_mixin.py:188} INFO - [2026-04-25T17:43:44.456+0000] {dagbag.py:545} INFO - Filling up the DagBag from /opt/airflow/dags/dag_pipeline_complet.py
[2026-04-25T17:43:44.511+0000] {processor.py:840} INFO - DAG(s) 'pipeline_job_intelligent' retrieved from /opt/airflow/dags/dag_pipeline_complet.py
[2026-04-25T17:43:44.571+0000] {logging_mixin.py:188} INFO - [2026-04-25T17:43:44.571+0000] {dag.py:3096} INFO - Sync 1 DAGs
[2026-04-25T17:43:44.615+0000] {logging_mixin.py:188} INFO - [2026-04-25T17:43:44.615+0000] {dag.py:3954} INFO - Setting next_dagrun for pipeline_job_intelligent to 2026-04-24 06:00:00+00:00, run_after=2026-04-25 06:00:00+00:00
[2026-04-25T17:43:44.656+0000] {processor.py:183} INFO - Processing /opt/airflow/dags/dag_pipeline_complet.py took 0.256 seconds
[2026-04-25T17:44:14.946+0000] {processor.py:161} INFO - Started process (PID=1048) to work on /opt/airflow/dags/dag_pipeline_complet.py
[2026-04-25T17:44:14.949+0000] {processor.py:830} INFO - Processing file /opt/airflow/dags/dag_pipeline_complet.py for tasks to queue
[2026-04-25T17:44:14.960+0000] {logging_mixin.py:188} INFO - [2026-04-25T17:44:14.959+0000] {dagbag.py:545} INFO - Filling up the DagBag from /opt/airflow/dags/dag_pipeline_complet.py
[2026-04-25T17:44:15.028+0000] {processor.py:840} INFO - DAG(s) 'pipeline_job_intelligent' retrieved from /opt/airflow/dags/dag_pipeline_complet.py
[2026-04-25T17:44:15.105+0000] {logging_mixin.py:188} INFO - [2026-04-25T17:44:15.104+0000] {dag.py:3096} INFO - Sync 1 DAGs
[2026-04-25T17:44:15.162+0000] {logging_mixin.py:188} INFO - [2026-04-25T17:44:15.162+0000] {dag.py:3954} INFO - Setting next_dagrun for pipeline_job_intelligent to 2026-04-24 06:00:00+00:00, run_after=2026-04-25 06:00:00+00:00
[2026-04-25T17:44:15.213+0000] {processor.py:183} INFO - Processing /opt/airflow/dags/dag_pipeline_complet.py took 0.288 seconds
[2026-04-25T17:44:45.297+0000] {processor.py:161} INFO - Started process (PID=1063) to work on /opt/airflow/dags/dag_pipeline_complet.py
[2026-04-25T17:44:45.299+0000] {processor.py:830} INFO - Processing file /opt/airflow/dags/dag_pipeline_complet.py for tasks to queue
[2026-04-25T17:44:45.303+0000] {logging_mixin.py:188} INFO - [2026-04-25T17:44:45.302+0000] {dagbag.py:545} INFO - Filling up the DagBag from /opt/airflow/dags/dag_pipeline_complet.py
[2026-04-25T17:44:45.349+0000] {processor.py:840} INFO - DAG(s) 'pipeline_job_intelligent' retrieved from /opt/airflow/dags/dag_pipeline_complet.py
[2026-04-25T17:44:45.422+0000] {logging_mixin.py:188} INFO - [2026-04-25T17:44:45.422+0000] {dag.py:3096} INFO - Sync 1 DAGs
[2026-04-25T17:44:45.466+0000] {logging_mixin.py:188} INFO - [2026-04-25T17:44:45.466+0000] {dag.py:3954} INFO - Setting next_dagrun for pipeline_job_intelligent to 2026-04-24 06:00:00+00:00, run_after=2026-04-25 06:00:00+00:00
[2026-04-25T17:44:45.509+0000] {processor.py:183} INFO - Processing /opt/airflow/dags/dag_pipeline_complet.py took 0.228 seconds
[2026-04-25T17:45:16.125+0000] {processor.py:161} INFO - Started process (PID=1070) to work on /opt/airflow/dags/dag_pipeline_complet.py
[2026-04-25T17:45:16.147+0000] {processor.py:830} INFO - Processing file /opt/airflow/dags/dag_pipeline_complet.py for tasks to queue
[2026-04-25T17:45:16.221+0000] {logging_mixin.py:188} INFO - [2026-04-25T17:45:16.162+0000] {dagbag.py:545} INFO - Filling up the DagBag from /opt/airflow/dags/dag_pipeline_complet.py
[2026-04-25T17:45:16.458+0000] {processor.py:840} INFO - DAG(s) 'pipeline_job_intelligent' retrieved from /opt/airflow/dags/dag_pipeline_complet.py
[2026-04-25T17:45:16.630+0000] {logging_mixin.py:188} INFO - [2026-04-25T17:45:16.629+0000] {dag.py:3096} INFO - Sync 1 DAGs
[2026-04-25T17:45:16.743+0000] {logging_mixin.py:188} INFO - [2026-04-25T17:45:16.743+0000] {dag.py:3954} INFO - Setting next_dagrun for pipeline_job_intelligent to 2026-04-24 06:00:00+00:00, run_after=2026-04-25 06:00:00+00:00
[2026-04-25T17:45:16.848+0000] {processor.py:183} INFO - Processing /opt/airflow/dags/dag_pipeline_complet.py took 0.786 seconds
[2026-04-25T17:45:47.964+0000] {processor.py:161} INFO - Started process (PID=1085) to work on /opt/airflow/dags/dag_pipeline_complet.py
[2026-04-25T17:45:47.971+0000] {processor.py:830} INFO - Processing file /opt/airflow/dags/dag_pipeline_complet.py for tasks to queue
[2026-04-25T17:45:47.997+0000] {logging_mixin.py:188} INFO - [2026-04-25T17:45:47.995+0000] {dagbag.py:545} INFO - Filling up the DagBag from /opt/airflow/dags/dag_pipeline_complet.py
[2026-04-25T17:45:48.385+0000] {processor.py:840} INFO - DAG(s) 'pipeline_job_intelligent' retrieved from /opt/airflow/dags/dag_pipeline_complet.py
[2026-04-25T17:45:48.782+0000] {logging_mixin.py:188} INFO - [2026-04-25T17:45:48.770+0000] {dag.py:3096} INFO - Sync 1 DAGs
[2026-04-25T17:45:49.118+0000] {logging_mixin.py:188} INFO - [2026-04-25T17:45:49.110+0000] {dag.py:3954} INFO - Setting next_dagrun for pipeline_job_intelligent to 2026-04-24 06:00:00+00:00, run_after=2026-04-25 06:00:00+00:00
[2026-04-25T17:45:49.400+0000] {processor.py:183} INFO - Processing /opt/airflow/dags/dag_pipeline_complet.py took 1.477 seconds
[2026-04-25T17:46:20.347+0000] {processor.py:161} INFO - Started process (PID=1092) to work on /opt/airflow/dags/dag_pipeline_complet.py
[2026-04-25T17:46:20.364+0000] {processor.py:830} INFO - Processing file /opt/airflow/dags/dag_pipeline_complet.py for tasks to queue
[2026-04-25T17:46:20.381+0000] {logging_mixin.py:188} INFO - [2026-04-25T17:46:20.380+0000] {dagbag.py:545} INFO - Filling up the DagBag from /opt/airflow/dags/dag_pipeline_complet.py
[2026-04-25T17:46:20.741+0000] {processor.py:840} INFO - DAG(s) 'pipeline_job_intelligent' retrieved from /opt/airflow/dags/dag_pipeline_complet.py
[2026-04-25T17:46:21.109+0000] {logging_mixin.py:188} INFO - [2026-04-25T17:46:21.079+0000] {dag.py:3096} INFO - Sync 1 DAGs
[2026-04-25T17:46:21.423+0000] {logging_mixin.py:188} INFO - [2026-04-25T17:46:21.423+0000] {dag.py:3954} INFO - Setting next_dagrun for pipeline_job_intelligent to 2026-04-24 06:00:00+00:00, run_after=2026-04-25 06:00:00+00:00
[2026-04-25T17:46:21.660+0000] {processor.py:183} INFO - Processing /opt/airflow/dags/dag_pipeline_complet.py took 1.493 seconds
[2026-04-25T17:46:51.811+0000] {processor.py:161} INFO - Started process (PID=1105) to work on /opt/airflow/dags/dag_pipeline_complet.py
[2026-04-25T17:46:51.823+0000] {processor.py:830} INFO - Processing file /opt/airflow/dags/dag_pipeline_complet.py for tasks to queue
[2026-04-25T17:46:51.828+0000] {logging_mixin.py:188} INFO - [2026-04-25T17:46:51.827+0000] {dagbag.py:545} INFO - Filling up the DagBag from /opt/airflow/dags/dag_pipeline_complet.py
[2026-04-25T17:46:51.941+0000] {processor.py:840} INFO - DAG(s) 'pipeline_job_intelligent' retrieved from /opt/airflow/dags/dag_pipeline_complet.py
[2026-04-25T17:46:52.085+0000] {logging_mixin.py:188} INFO - [2026-04-25T17:46:52.084+0000] {dag.py:3096} INFO - Sync 1 DAGs
[2026-04-25T17:46:52.151+0000] {logging_mixin.py:188} INFO - [2026-04-25T17:46:52.150+0000] {dag.py:3954} INFO - Setting next_dagrun for pipeline_job_intelligent to 2026-04-24 06:00:00+00:00, run_after=2026-04-25 06:00:00+00:00
[2026-04-25T17:46:52.215+0000] {processor.py:183} INFO - Processing /opt/airflow/dags/dag_pipeline_complet.py took 0.427 seconds
[2026-04-25T17:47:06.841+0000] {processor.py:161} INFO - Started process (PID=1113) to work on /opt/airflow/dags/dag_pipeline_complet.py
[2026-04-25T17:47:06.854+0000] {processor.py:830} INFO - Processing file /opt/airflow/dags/dag_pipeline_complet.py for tasks to queue
[2026-04-25T17:47:06.858+0000] {logging_mixin.py:188} INFO - [2026-04-25T17:47:06.857+0000] {dagbag.py:545} INFO - Filling up the DagBag from /opt/airflow/dags/dag_pipeline_complet.py
[2026-04-25T17:47:07.039+0000] {processor.py:840} INFO - DAG(s) 'pipeline_job_intelligent_kafka' retrieved from /opt/airflow/dags/dag_pipeline_complet.py
[2026-04-25T17:47:08.310+0000] {logging_mixin.py:188} INFO - [2026-04-25T17:47:08.309+0000] {override.py:1829} INFO - Created Permission View: can edit on DAG:pipeline_job_intelligent_kafka
[2026-04-25T17:47:08.417+0000] {logging_mixin.py:188} INFO - [2026-04-25T17:47:08.416+0000] {override.py:1829} INFO - Created Permission View: can delete on DAG:pipeline_job_intelligent_kafka
[2026-04-25T17:47:08.524+0000] {logging_mixin.py:188} INFO - [2026-04-25T17:47:08.523+0000] {override.py:1829} INFO - Created Permission View: can read on DAG:pipeline_job_intelligent_kafka
[2026-04-25T17:47:08.560+0000] {logging_mixin.py:188} INFO - [2026-04-25T17:47:08.559+0000] {dag.py:3096} INFO - Sync 1 DAGs
[2026-04-25T17:47:08.693+0000] {logging_mixin.py:188} INFO - [2026-04-25T17:47:08.692+0000] {dag.py:3118} INFO - Creating ORM DAG for pipeline_job_intelligent_kafka
[2026-04-25T17:47:08.851+0000] {logging_mixin.py:188} INFO - [2026-04-25T17:47:08.850+0000] {dag.py:3954} INFO - Setting next_dagrun for pipeline_job_intelligent_kafka to 2026-04-24 06:00:00+00:00, run_after=2026-04-25 06:00:00+00:00
[2026-04-25T17:47:09.857+0000] {processor.py:183} INFO - Processing /opt/airflow/dags/dag_pipeline_complet.py took 3.051 seconds
[2026-04-25T17:47:40.553+0000] {processor.py:161} INFO - Started process (PID=1121) to work on /opt/airflow/dags/dag_pipeline_complet.py
[2026-04-25T17:47:40.573+0000] {processor.py:830} INFO - Processing file /opt/airflow/dags/dag_pipeline_complet.py for tasks to queue
[2026-04-25T17:47:40.600+0000] {logging_mixin.py:188} INFO - [2026-04-25T17:47:40.599+0000] {dagbag.py:545} INFO - Filling up the DagBag from /opt/airflow/dags/dag_pipeline_complet.py
[2026-04-25T17:47:40.931+0000] {processor.py:840} INFO - DAG(s) 'pipeline_job_intelligent_kafka' retrieved from /opt/airflow/dags/dag_pipeline_complet.py
[2026-04-25T17:47:41.150+0000] {logging_mixin.py:188} INFO - [2026-04-25T17:47:41.149+0000] {dag.py:3096} INFO - Sync 1 DAGs
[2026-04-25T17:47:41.245+0000] {logging_mixin.py:188} INFO - [2026-04-25T17:47:41.245+0000] {dag.py:3954} INFO - Setting next_dagrun for pipeline_job_intelligent_kafka to 2026-04-24 06:00:00+00:00, run_after=2026-04-25 06:00:00+00:00
[2026-04-25T17:47:41.364+0000] {processor.py:183} INFO - Processing /opt/airflow/dags/dag_pipeline_complet.py took 0.845 seconds
[2026-04-25T17:48:12.232+0000] {processor.py:161} INFO - Started process (PID=1134) to work on /opt/airflow/dags/dag_pipeline_complet.py
[2026-04-25T17:48:12.350+0000] {processor.py:830} INFO - Processing file /opt/airflow/dags/dag_pipeline_complet.py for tasks to queue
[2026-04-25T17:48:12.425+0000] {logging_mixin.py:188} INFO - [2026-04-25T17:48:12.408+0000] {dagbag.py:545} INFO - Filling up the DagBag from /opt/airflow/dags/dag_pipeline_complet.py
[2026-04-25T17:48:12.651+0000] {processor.py:840} INFO - DAG(s) 'pipeline_job_intelligent_kafka' retrieved from /opt/airflow/dags/dag_pipeline_complet.py
[2026-04-25T17:48:13.289+0000] {logging_mixin.py:188} INFO - [2026-04-25T17:48:13.288+0000] {dag.py:3096} INFO - Sync 1 DAGs
[2026-04-25T17:48:13.552+0000] {logging_mixin.py:188} INFO - [2026-04-25T17:48:13.552+0000] {dag.py:3954} INFO - Setting next_dagrun for pipeline_job_intelligent_kafka to 2026-04-24 06:00:00+00:00, run_after=2026-04-25 06:00:00+00:00
[2026-04-25T17:48:13.958+0000] {processor.py:183} INFO - Processing /opt/airflow/dags/dag_pipeline_complet.py took 1.785 seconds
[2026-04-25T17:48:44.704+0000] {processor.py:161} INFO - Started process (PID=1143) to work on /opt/airflow/dags/dag_pipeline_complet.py
[2026-04-25T17:48:44.723+0000] {processor.py:830} INFO - Processing file /opt/airflow/dags/dag_pipeline_complet.py for tasks to queue
[2026-04-25T17:48:44.726+0000] {logging_mixin.py:188} INFO - [2026-04-25T17:48:44.725+0000] {dagbag.py:545} INFO - Filling up the DagBag from /opt/airflow/dags/dag_pipeline_complet.py
[2026-04-25T17:48:44.791+0000] {processor.py:840} INFO - DAG(s) 'pipeline_job_intelligent_kafka' retrieved from /opt/airflow/dags/dag_pipeline_complet.py
[2026-04-25T17:48:44.910+0000] {logging_mixin.py:188} INFO - [2026-04-25T17:48:44.909+0000] {dag.py:3096} INFO - Sync 1 DAGs
[2026-04-25T17:48:44.965+0000] {logging_mixin.py:188} INFO - [2026-04-25T17:48:44.964+0000] {dag.py:3954} INFO - Setting next_dagrun for pipeline_job_intelligent_kafka to 2026-04-24 06:00:00+00:00, run_after=2026-04-25 06:00:00+00:00
[2026-04-25T17:48:45.010+0000] {processor.py:183} INFO - Processing /opt/airflow/dags/dag_pipeline_complet.py took 0.327 seconds
[2026-04-25T17:49:16.040+0000] {processor.py:161} INFO - Started process (PID=1157) to work on /opt/airflow/dags/dag_pipeline_complet.py
[2026-04-25T17:49:16.043+0000] {processor.py:830} INFO - Processing file /opt/airflow/dags/dag_pipeline_complet.py for tasks to queue
[2026-04-25T17:49:16.046+0000] {logging_mixin.py:188} INFO - [2026-04-25T17:49:16.045+0000] {dagbag.py:545} INFO - Filling up the DagBag from /opt/airflow/dags/dag_pipeline_complet.py
[2026-04-25T17:49:16.105+0000] {processor.py:840} INFO - DAG(s) 'pipeline_job_intelligent_kafka' retrieved from /opt/airflow/dags/dag_pipeline_complet.py
[2026-04-25T17:49:16.236+0000] {logging_mixin.py:188} INFO - [2026-04-25T17:49:16.235+0000] {dag.py:3096} INFO - Sync 1 DAGs
[2026-04-25T17:49:16.287+0000] {logging_mixin.py:188} INFO - [2026-04-25T17:49:16.286+0000] {dag.py:3954} INFO - Setting next_dagrun for pipeline_job_intelligent_kafka to 2026-04-24 06:00:00+00:00, run_after=2026-04-25 06:00:00+00:00
[2026-04-25T17:49:16.343+0000] {processor.py:183} INFO - Processing /opt/airflow/dags/dag_pipeline_complet.py took 0.324 seconds
[2026-04-25T17:49:47.391+0000] {processor.py:161} INFO - Started process (PID=1164) to work on /opt/airflow/dags/dag_pipeline_complet.py
[2026-04-25T17:49:47.404+0000] {processor.py:830} INFO - Processing file /opt/airflow/dags/dag_pipeline_complet.py for tasks to queue
[2026-04-25T17:49:47.406+0000] {logging_mixin.py:188} INFO - [2026-04-25T17:49:47.406+0000] {dagbag.py:545} INFO - Filling up the DagBag from /opt/airflow/dags/dag_pipeline_complet.py
[2026-04-25T17:49:47.551+0000] {processor.py:840} INFO - DAG(s) 'pipeline_job_intelligent_kafka' retrieved from /opt/airflow/dags/dag_pipeline_complet.py
[2026-04-25T17:49:47.913+0000] {logging_mixin.py:188} INFO - [2026-04-25T17:49:47.912+0000] {dag.py:3096} INFO - Sync 1 DAGs
[2026-04-25T17:49:48.123+0000] {logging_mixin.py:188} INFO - [2026-04-25T17:49:48.122+0000] {dag.py:3954} INFO - Setting next_dagrun for pipeline_job_intelligent_kafka to 2026-04-24 06:00:00+00:00, run_after=2026-04-25 06:00:00+00:00
[2026-04-25T17:49:48.384+0000] {processor.py:183} INFO - Processing /opt/airflow/dags/dag_pipeline_complet.py took 1.013 seconds
[2026-04-25T17:50:18.708+0000] {processor.py:161} INFO - Started process (PID=1178) to work on /opt/airflow/dags/dag_pipeline_complet.py
[2026-04-25T17:50:18.710+0000] {processor.py:830} INFO - Processing file /opt/airflow/dags/dag_pipeline_complet.py for tasks to queue
[2026-04-25T17:50:18.717+0000] {logging_mixin.py:188} INFO - [2026-04-25T17:50:18.716+0000] {dagbag.py:545} INFO - Filling up the DagBag from /opt/airflow/dags/dag_pipeline_complet.py
[2026-04-25T17:50:18.770+0000] {processor.py:840} INFO - DAG(s) 'pipeline_job_intelligent_kafka' retrieved from /opt/airflow/dags/dag_pipeline_complet.py
[2026-04-25T17:50:19.030+0000] {logging_mixin.py:188} INFO - [2026-04-25T17:50:19.030+0000] {dag.py:3096} INFO - Sync 1 DAGs
[2026-04-25T17:50:19.184+0000] {logging_mixin.py:188} INFO - [2026-04-25T17:50:19.184+0000] {dag.py:3954} INFO - Setting next_dagrun for pipeline_job_intelligent_kafka to 2026-04-24 06:00:00+00:00, run_after=2026-04-25 06:00:00+00:00
[2026-04-25T17:50:19.403+0000] {processor.py:183} INFO - Processing /opt/airflow/dags/dag_pipeline_complet.py took 0.712 seconds
[2026-04-25T17:50:49.612+0000] {processor.py:161} INFO - Started process (PID=1187) to work on /opt/airflow/dags/dag_pipeline_complet.py
[2026-04-25T17:50:49.618+0000] {processor.py:830} INFO - Processing file /opt/airflow/dags/dag_pipeline_complet.py for tasks to queue
[2026-04-25T17:50:49.626+0000] {logging_mixin.py:188} INFO - [2026-04-25T17:50:49.625+0000] {dagbag.py:545} INFO - Filling up the DagBag from /opt/airflow/dags/dag_pipeline_complet.py
[2026-04-25T17:50:49.850+0000] {processor.py:840} INFO - DAG(s) 'pipeline_job_intelligent_kafka' retrieved from /opt/airflow/dags/dag_pipeline_complet.py
[2026-04-25T17:50:49.972+0000] {logging_mixin.py:188} INFO - [2026-04-25T17:50:49.972+0000] {dag.py:3096} INFO - Sync 1 DAGs
[2026-04-25T17:50:50.054+0000] {logging_mixin.py:188} INFO - [2026-04-25T17:50:50.053+0000] {dag.py:3954} INFO - Setting next_dagrun for pipeline_job_intelligent_kafka to 2026-04-24 06:00:00+00:00, run_after=2026-04-25 06:00:00+00:00
[2026-04-25T17:50:50.139+0000] {processor.py:183} INFO - Processing /opt/airflow/dags/dag_pipeline_complet.py took 0.551 seconds
[2026-04-25T17:51:20.665+0000] {processor.py:161} INFO - Started process (PID=1200) to work on /opt/airflow/dags/dag_pipeline_complet.py
[2026-04-25T17:51:20.668+0000] {processor.py:830} INFO - Processing file /opt/airflow/dags/dag_pipeline_complet.py for tasks to queue
[2026-04-25T17:51:20.671+0000] {logging_mixin.py:188} INFO - [2026-04-25T17:51:20.670+0000] {dagbag.py:545} INFO - Filling up the DagBag from /opt/airflow/dags/dag_pipeline_complet.py
[2026-04-25T17:51:20.752+0000] {processor.py:840} INFO - DAG(s) 'pipeline_job_intelligent_kafka' retrieved from /opt/airflow/dags/dag_pipeline_complet.py
[2026-04-25T17:51:20.967+0000] {logging_mixin.py:188} INFO - [2026-04-25T17:51:20.966+0000] {dag.py:3096} INFO - Sync 1 DAGs
[2026-04-25T17:51:21.118+0000] {logging_mixin.py:188} INFO - [2026-04-25T17:51:21.117+0000] {dag.py:3954} INFO - Setting next_dagrun for pipeline_job_intelligent_kafka to 2026-04-24 06:00:00+00:00, run_after=2026-04-25 06:00:00+00:00
[2026-04-25T17:51:21.217+0000] {processor.py:183} INFO - Processing /opt/airflow/dags/dag_pipeline_complet.py took 0.569 seconds
[2026-04-25T17:51:51.495+0000] {processor.py:161} INFO - Started process (PID=1215) to work on /opt/airflow/dags/dag_pipeline_complet.py
[2026-04-25T17:51:51.496+0000] {processor.py:830} INFO - Processing file /opt/airflow/dags/dag_pipeline_complet.py for tasks to queue
[2026-04-25T17:51:51.499+0000] {logging_mixin.py:188} INFO - [2026-04-25T17:51:51.498+0000] {dagbag.py:545} INFO - Filling up the DagBag from /opt/airflow/dags/dag_pipeline_complet.py
[2026-04-25T17:51:51.549+0000] {processor.py:840} INFO - DAG(s) 'pipeline_job_intelligent_kafka' retrieved from /opt/airflow/dags/dag_pipeline_complet.py
[2026-04-25T17:51:51.791+0000] {logging_mixin.py:188} INFO - [2026-04-25T17:51:51.790+0000] {dag.py:3096} INFO - Sync 1 DAGs
[2026-04-25T17:51:51.935+0000] {logging_mixin.py:188} INFO - [2026-04-25T17:51:51.934+0000] {dag.py:3954} INFO - Setting next_dagrun for pipeline_job_intelligent_kafka to 2026-04-24 06:00:00+00:00, run_after=2026-04-25 06:00:00+00:00
[2026-04-25T17:51:52.037+0000] {processor.py:183} INFO - Processing /opt/airflow/dags/dag_pipeline_complet.py took 0.559 seconds
[2026-04-25T17:52:22.324+0000] {processor.py:161} INFO - Started process (PID=1223) to work on /opt/airflow/dags/dag_pipeline_complet.py
[2026-04-25T17:52:22.327+0000] {processor.py:830} INFO - Processing file /opt/airflow/dags/dag_pipeline_complet.py for tasks to queue
[2026-04-25T17:52:22.329+0000] {logging_mixin.py:188} INFO - [2026-04-25T17:52:22.329+0000] {dagbag.py:545} INFO - Filling up the DagBag from /opt/airflow/dags/dag_pipeline_complet.py
[2026-04-25T17:52:22.392+0000] {processor.py:840} INFO - DAG(s) 'pipeline_job_intelligent_kafka' retrieved from /opt/airflow/dags/dag_pipeline_complet.py
[2026-04-25T17:52:22.523+0000] {logging_mixin.py:188} INFO - [2026-04-25T17:52:22.520+0000] {dag.py:3096} INFO - Sync 1 DAGs
[2026-04-25T17:52:22.663+0000] {logging_mixin.py:188} INFO - [2026-04-25T17:52:22.662+0000] {dag.py:3954} INFO - Setting next_dagrun for pipeline_job_intelligent_kafka to 2026-04-24 06:00:00+00:00, run_after=2026-04-25 06:00:00+00:00
[2026-04-25T17:52:22.744+0000] {processor.py:183} INFO - Processing /opt/airflow/dags/dag_pipeline_complet.py took 0.453 seconds
[2026-04-25T17:52:52.986+0000] {processor.py:161} INFO - Started process (PID=1239) to work on /opt/airflow/dags/dag_pipeline_complet.py
[2026-04-25T17:52:52.988+0000] {processor.py:830} INFO - Processing file /opt/airflow/dags/dag_pipeline_complet.py for tasks to queue
[2026-04-25T17:52:52.991+0000] {logging_mixin.py:188} INFO - [2026-04-25T17:52:52.990+0000] {dagbag.py:545} INFO - Filling up the DagBag from /opt/airflow/dags/dag_pipeline_complet.py
[2026-04-25T17:52:53.126+0000] {processor.py:840} INFO - DAG(s) 'pipeline_job_intelligent_kafka' retrieved from /opt/airflow/dags/dag_pipeline_complet.py
[2026-04-25T17:52:53.367+0000] {logging_mixin.py:188} INFO - [2026-04-25T17:52:53.366+0000] {dag.py:3096} INFO - Sync 1 DAGs
[2026-04-25T17:52:53.492+0000] {logging_mixin.py:188} INFO - [2026-04-25T17:52:53.491+0000] {dag.py:3954} INFO - Setting next_dagrun for pipeline_job_intelligent_kafka to 2026-04-24 06:00:00+00:00, run_after=2026-04-25 06:00:00+00:00
[2026-04-25T17:52:53.746+0000] {processor.py:183} INFO - Processing /opt/airflow/dags/dag_pipeline_complet.py took 0.795 seconds
[2026-04-25T17:53:24.169+0000] {processor.py:161} INFO - Started process (PID=1248) to work on /opt/airflow/dags/dag_pipeline_complet.py
[2026-04-25T17:53:24.473+0000] {processor.py:830} INFO - Processing file /opt/airflow/dags/dag_pipeline_complet.py for tasks to queue
[2026-04-25T17:53:24.718+0000] {logging_mixin.py:188} INFO - [2026-04-25T17:53:24.717+0000] {dagbag.py:545} INFO - Filling up the DagBag from /opt/airflow/dags/dag_pipeline_complet.py
[2026-04-25T17:53:26.120+0000] {processor.py:840} INFO - DAG(s) 'pipeline_job_intelligent_kafka' retrieved from /opt/airflow/dags/dag_pipeline_complet.py
[2026-04-25T17:53:26.680+0000] {logging_mixin.py:188} INFO - [2026-04-25T17:53:26.678+0000] {dag.py:3096} INFO - Sync 1 DAGs
[2026-04-25T17:53:27.178+0000] {logging_mixin.py:188} INFO - [2026-04-25T17:53:27.177+0000] {dag.py:3954} INFO - Setting next_dagrun for pipeline_job_intelligent_kafka to 2026-04-24 06:00:00+00:00, run_after=2026-04-25 06:00:00+00:00
[2026-04-25T17:53:27.524+0000] {processor.py:183} INFO - Processing /opt/airflow/dags/dag_pipeline_complet.py took 3.408 seconds
[2026-04-25T17:53:58.798+0000] {processor.py:161} INFO - Started process (PID=1262) to work on /opt/airflow/dags/dag_pipeline_complet.py
[2026-04-25T17:53:58.813+0000] {processor.py:830} INFO - Processing file /opt/airflow/dags/dag_pipeline_complet.py for tasks to queue
[2026-04-25T17:53:58.821+0000] {logging_mixin.py:188} INFO - [2026-04-25T17:53:58.821+0000] {dagbag.py:545} INFO - Filling up the DagBag from /opt/airflow/dags/dag_pipeline_complet.py
[2026-04-25T17:53:58.959+0000] {processor.py:840} INFO - DAG(s) 'pipeline_job_intelligent_kafka' retrieved from /opt/airflow/dags/dag_pipeline_complet.py
[2026-04-25T17:53:59.535+0000] {logging_mixin.py:188} INFO - [2026-04-25T17:53:59.534+0000] {dag.py:3096} INFO - Sync 1 DAGs
[2026-04-25T17:53:59.713+0000] {logging_mixin.py:188} INFO - [2026-04-25T17:53:59.712+0000] {dag.py:3954} INFO - Setting next_dagrun for pipeline_job_intelligent_kafka to 2026-04-24 06:00:00+00:00, run_after=2026-04-25 06:00:00+00:00
[2026-04-25T17:53:59.982+0000] {processor.py:183} INFO - Processing /opt/airflow/dags/dag_pipeline_complet.py took 1.266 seconds
[2026-04-25T17:54:32.006+0000] {processor.py:161} INFO - Started process (PID=1269) to work on /opt/airflow/dags/dag_pipeline_complet.py
[2026-04-25T17:54:32.052+0000] {processor.py:830} INFO - Processing file /opt/airflow/dags/dag_pipeline_complet.py for tasks to queue
[2026-04-25T17:54:32.069+0000] {logging_mixin.py:188} INFO - [2026-04-25T17:54:32.069+0000] {dagbag.py:545} INFO - Filling up the DagBag from /opt/airflow/dags/dag_pipeline_complet.py
[2026-04-25T17:54:32.291+0000] {processor.py:840} INFO - DAG(s) 'pipeline_job_intelligent_kafka' retrieved from /opt/airflow/dags/dag_pipeline_complet.py
[2026-04-25T17:54:32.707+0000] {logging_mixin.py:188} INFO - [2026-04-25T17:54:32.707+0000] {dag.py:3096} INFO - Sync 1 DAGs
[2026-04-25T17:54:33.019+0000] {logging_mixin.py:188} INFO - [2026-04-25T17:54:33.007+0000] {dag.py:3954} INFO - Setting next_dagrun for pipeline_job_intelligent_kafka to 2026-04-24 06:00:00+00:00, run_after=2026-04-25 06:00:00+00:00
[2026-04-25T17:54:33.731+0000] {processor.py:183} INFO - Processing /opt/airflow/dags/dag_pipeline_complet.py took 1.764 seconds
[2026-04-25T17:55:05.418+0000] {processor.py:161} INFO - Started process (PID=1282) to work on /opt/airflow/dags/dag_pipeline_complet.py
[2026-04-25T17:55:05.435+0000] {processor.py:830} INFO - Processing file /opt/airflow/dags/dag_pipeline_complet.py for tasks to queue
[2026-04-25T17:55:05.449+0000] {logging_mixin.py:188} INFO - [2026-04-25T17:55:05.436+0000] {dagbag.py:545} INFO - Filling up the DagBag from /opt/airflow/dags/dag_pipeline_complet.py
[2026-04-25T17:55:06.416+0000] {processor.py:840} INFO - DAG(s) 'pipeline_job_intelligent_kafka' retrieved from /opt/airflow/dags/dag_pipeline_complet.py
[2026-04-25T17:55:06.826+0000] {logging_mixin.py:188} INFO - [2026-04-25T17:55:06.825+0000] {dag.py:3096} INFO - Sync 1 DAGs
[2026-04-25T17:55:07.354+0000] {logging_mixin.py:188} INFO - [2026-04-25T17:55:07.341+0000] {dag.py:3954} INFO - Setting next_dagrun for pipeline_job_intelligent_kafka to 2026-04-24 06:00:00+00:00, run_after=2026-04-25 06:00:00+00:00
[2026-04-25T17:55:07.774+0000] {processor.py:183} INFO - Processing /opt/airflow/dags/dag_pipeline_complet.py took 2.675 seconds
[2026-04-25T17:55:41.565+0000] {processor.py:161} INFO - Started process (PID=1297) to work on /opt/airflow/dags/dag_pipeline_complet.py
[2026-04-25T17:55:41.580+0000] {processor.py:830} INFO - Processing file /opt/airflow/dags/dag_pipeline_complet.py for tasks to queue
[2026-04-25T17:55:41.584+0000] {logging_mixin.py:188} INFO - [2026-04-25T17:55:41.583+0000] {dagbag.py:545} INFO - Filling up the DagBag from /opt/airflow/dags/dag_pipeline_complet.py
[2026-04-25T17:55:42.642+0000] {processor.py:840} INFO - DAG(s) 'pipeline_job_intelligent_kafka' retrieved from /opt/airflow/dags/dag_pipeline_complet.py
[2026-04-25T17:55:43.390+0000] {logging_mixin.py:188} INFO - [2026-04-25T17:55:43.390+0000] {dag.py:3096} INFO - Sync 1 DAGs
[2026-04-25T17:55:43.794+0000] {logging_mixin.py:188} INFO - [2026-04-25T17:55:43.794+0000] {dag.py:3954} INFO - Setting next_dagrun for pipeline_job_intelligent_kafka to 2026-04-24 06:00:00+00:00, run_after=2026-04-25 06:00:00+00:00
[2026-04-25T17:55:44.355+0000] {processor.py:183} INFO - Processing /opt/airflow/dags/dag_pipeline_complet.py took 2.967 seconds
[2026-04-25T17:56:16.413+0000] {processor.py:161} INFO - Started process (PID=1305) to work on /opt/airflow/dags/dag_pipeline_complet.py
[2026-04-25T17:56:16.440+0000] {processor.py:830} INFO - Processing file /opt/airflow/dags/dag_pipeline_complet.py for tasks to queue
[2026-04-25T17:56:16.451+0000] {logging_mixin.py:188} INFO - [2026-04-25T17:56:16.451+0000] {dagbag.py:545} INFO - Filling up the DagBag from /opt/airflow/dags/dag_pipeline_complet.py
[2026-04-25T17:56:16.897+0000] {processor.py:840} INFO - DAG(s) 'pipeline_job_intelligent_kafka' retrieved from /opt/airflow/dags/dag_pipeline_complet.py
[2026-04-25T17:56:17.157+0000] {logging_mixin.py:188} INFO - [2026-04-25T17:56:17.156+0000] {dag.py:3096} INFO - Sync 1 DAGs
[2026-04-25T17:56:17.554+0000] {logging_mixin.py:188} INFO - [2026-04-25T17:56:17.554+0000] {dag.py:3954} INFO - Setting next_dagrun for pipeline_job_intelligent_kafka to 2026-04-24 06:00:00+00:00, run_after=2026-04-25 06:00:00+00:00
[2026-04-25T17:56:18.102+0000] {processor.py:183} INFO - Processing /opt/airflow/dags/dag_pipeline_complet.py took 1.752 seconds
[2026-04-25T17:56:49.093+0000] {processor.py:161} INFO - Started process (PID=1319) to work on /opt/airflow/dags/dag_pipeline_complet.py
[2026-04-25T17:56:49.106+0000] {processor.py:830} INFO - Processing file /opt/airflow/dags/dag_pipeline_complet.py for tasks to queue
[2026-04-25T17:56:49.109+0000] {logging_mixin.py:188} INFO - [2026-04-25T17:56:49.108+0000] {dagbag.py:545} INFO - Filling up the DagBag from /opt/airflow/dags/dag_pipeline_complet.py
[2026-04-25T17:56:49.294+0000] {processor.py:840} INFO - DAG(s) 'pipeline_job_intelligent_kafka' retrieved from /opt/airflow/dags/dag_pipeline_complet.py
[2026-04-25T17:56:49.603+0000] {logging_mixin.py:188} INFO - [2026-04-25T17:56:49.603+0000] {dag.py:3096} INFO - Sync 1 DAGs
[2026-04-25T17:56:49.814+0000] {logging_mixin.py:188} INFO - [2026-04-25T17:56:49.813+0000] {dag.py:3954} INFO - Setting next_dagrun for pipeline_job_intelligent_kafka to 2026-04-24 06:00:00+00:00, run_after=2026-04-25 06:00:00+00:00
[2026-04-25T17:56:50.048+0000] {processor.py:183} INFO - Processing /opt/airflow/dags/dag_pipeline_complet.py took 0.991 seconds
[2026-04-25T17:57:20.610+0000] {processor.py:161} INFO - Started process (PID=1328) to work on /opt/airflow/dags/dag_pipeline_complet.py
[2026-04-25T17:57:20.615+0000] {processor.py:830} INFO - Processing file /opt/airflow/dags/dag_pipeline_complet.py for tasks to queue
[2026-04-25T17:57:20.618+0000] {logging_mixin.py:188} INFO - [2026-04-25T17:57:20.617+0000] {dagbag.py:545} INFO - Filling up the DagBag from /opt/airflow/dags/dag_pipeline_complet.py
[2026-04-25T17:57:20.853+0000] {processor.py:840} INFO - DAG(s) 'pipeline_job_intelligent_kafka' retrieved from /opt/airflow/dags/dag_pipeline_complet.py
[2026-04-25T17:57:21.159+0000] {logging_mixin.py:188} INFO - [2026-04-25T17:57:21.158+0000] {dag.py:3096} INFO - Sync 1 DAGs
[2026-04-25T17:57:21.380+0000] {logging_mixin.py:188} INFO - [2026-04-25T17:57:21.379+0000] {dag.py:3954} INFO - Setting next_dagrun for pipeline_job_intelligent_kafka to 2026-04-24 06:00:00+00:00, run_after=2026-04-25 06:00:00+00:00
[2026-04-25T17:57:21.608+0000] {processor.py:183} INFO - Processing /opt/airflow/dags/dag_pipeline_complet.py took 1.042 seconds
[2026-04-25T17:57:52.227+0000] {processor.py:161} INFO - Started process (PID=1343) to work on /opt/airflow/dags/dag_pipeline_complet.py
[2026-04-25T17:57:52.230+0000] {processor.py:830} INFO - Processing file /opt/airflow/dags/dag_pipeline_complet.py for tasks to queue
[2026-04-25T17:57:52.232+0000] {logging_mixin.py:188} INFO - [2026-04-25T17:57:52.231+0000] {dagbag.py:545} INFO - Filling up the DagBag from /opt/airflow/dags/dag_pipeline_complet.py
[2026-04-25T17:57:52.295+0000] {processor.py:840} INFO - DAG(s) 'pipeline_job_intelligent_kafka' retrieved from /opt/airflow/dags/dag_pipeline_complet.py
[2026-04-25T17:57:52.466+0000] {logging_mixin.py:188} INFO - [2026-04-25T17:57:52.465+0000] {dag.py:3096} INFO - Sync 1 DAGs
[2026-04-25T17:57:52.633+0000] {logging_mixin.py:188} INFO - [2026-04-25T17:57:52.633+0000] {dag.py:3954} INFO - Setting next_dagrun for pipeline_job_intelligent_kafka to 2026-04-24 06:00:00+00:00, run_after=2026-04-25 06:00:00+00:00
[2026-04-25T17:57:52.837+0000] {processor.py:183} INFO - Processing /opt/airflow/dags/dag_pipeline_complet.py took 0.630 seconds
[2026-04-25T17:58:23.029+0000] {processor.py:161} INFO - Started process (PID=1352) to work on /opt/airflow/dags/dag_pipeline_complet.py
[2026-04-25T17:58:23.058+0000] {processor.py:830} INFO - Processing file /opt/airflow/dags/dag_pipeline_complet.py for tasks to queue
[2026-04-25T17:58:23.061+0000] {logging_mixin.py:188} INFO - [2026-04-25T17:58:23.060+0000] {dagbag.py:545} INFO - Filling up the DagBag from /opt/airflow/dags/dag_pipeline_complet.py
[2026-04-25T17:58:23.172+0000] {processor.py:840} INFO - DAG(s) 'pipeline_job_intelligent_kafka' retrieved from /opt/airflow/dags/dag_pipeline_complet.py
[2026-04-25T17:58:23.332+0000] {logging_mixin.py:188} INFO - [2026-04-25T17:58:23.331+0000] {dag.py:3096} INFO - Sync 1 DAGs
[2026-04-25T17:58:23.398+0000] {logging_mixin.py:188} INFO - [2026-04-25T17:58:23.398+0000] {dag.py:3954} INFO - Setting next_dagrun for pipeline_job_intelligent_kafka to 2026-04-24 06:00:00+00:00, run_after=2026-04-25 06:00:00+00:00
[2026-04-25T17:58:23.486+0000] {processor.py:183} INFO - Processing /opt/airflow/dags/dag_pipeline_complet.py took 0.496 seconds
[2026-04-25T17:58:53.900+0000] {processor.py:161} INFO - Started process (PID=1366) to work on /opt/airflow/dags/dag_pipeline_complet.py
[2026-04-25T17:58:53.903+0000] {processor.py:830} INFO - Processing file /opt/airflow/dags/dag_pipeline_complet.py for tasks to queue
[2026-04-25T17:58:53.905+0000] {logging_mixin.py:188} INFO - [2026-04-25T17:58:53.904+0000] {dagbag.py:545} INFO - Filling up the DagBag from /opt/airflow/dags/dag_pipeline_complet.py
[2026-04-25T17:58:53.986+0000] {processor.py:840} INFO - DAG(s) 'pipeline_job_intelligent_kafka' retrieved from /opt/airflow/dags/dag_pipeline_complet.py
[2026-04-25T17:58:54.180+0000] {logging_mixin.py:188} INFO - [2026-04-25T17:58:54.179+0000] {dag.py:3096} INFO - Sync 1 DAGs
[2026-04-25T17:58:54.341+0000] {logging_mixin.py:188} INFO - [2026-04-25T17:58:54.340+0000] {dag.py:3954} INFO - Setting next_dagrun for pipeline_job_intelligent_kafka to 2026-04-24 06:00:00+00:00, run_after=2026-04-25 06:00:00+00:00
[2026-04-25T17:58:54.429+0000] {processor.py:183} INFO - Processing /opt/airflow/dags/dag_pipeline_complet.py took 0.551 seconds
[2026-04-25T17:59:25.427+0000] {processor.py:161} INFO - Started process (PID=1374) to work on /opt/airflow/dags/dag_pipeline_complet.py
[2026-04-25T17:59:25.429+0000] {processor.py:830} INFO - Processing file /opt/airflow/dags/dag_pipeline_complet.py for tasks to queue
[2026-04-25T17:59:25.435+0000] {logging_mixin.py:188} INFO - [2026-04-25T17:59:25.432+0000] {dagbag.py:545} INFO - Filling up the DagBag from /opt/airflow/dags/dag_pipeline_complet.py
[2026-04-25T17:59:25.569+0000] {processor.py:840} INFO - DAG(s) 'pipeline_job_intelligent_kafka' retrieved from /opt/airflow/dags/dag_pipeline_complet.py
[2026-04-25T17:59:25.800+0000] {logging_mixin.py:188} INFO - [2026-04-25T17:59:25.798+0000] {dag.py:3096} INFO - Sync 1 DAGs
[2026-04-25T17:59:25.986+0000] {logging_mixin.py:188} INFO - [2026-04-25T17:59:25.985+0000] {dag.py:3954} INFO - Setting next_dagrun for pipeline_job_intelligent_kafka to 2026-04-24 06:00:00+00:00, run_after=2026-04-25 06:00:00+00:00
[2026-04-25T17:59:26.407+0000] {processor.py:183} INFO - Processing /opt/airflow/dags/dag_pipeline_complet.py took 1.019 seconds
[2026-04-25T17:59:56.807+0000] {processor.py:161} INFO - Started process (PID=1390) to work on /opt/airflow/dags/dag_pipeline_complet.py
[2026-04-25T17:59:56.835+0000] {processor.py:830} INFO - Processing file /opt/airflow/dags/dag_pipeline_complet.py for tasks to queue
[2026-04-25T17:59:56.852+0000] {logging_mixin.py:188} INFO - [2026-04-25T17:59:56.845+0000] {dagbag.py:545} INFO - Filling up the DagBag from /opt/airflow/dags/dag_pipeline_complet.py
[2026-04-25T17:59:56.926+0000] {processor.py:840} INFO - DAG(s) 'pipeline_job_intelligent_kafka' retrieved from /opt/airflow/dags/dag_pipeline_complet.py
[2026-04-25T17:59:57.062+0000] {logging_mixin.py:188} INFO - [2026-04-25T17:59:57.061+0000] {dag.py:3096} INFO - Sync 1 DAGs
[2026-04-25T17:59:57.159+0000] {logging_mixin.py:188} INFO - [2026-04-25T17:59:57.158+0000] {dag.py:3954} INFO - Setting next_dagrun for pipeline_job_intelligent_kafka to 2026-04-24 06:00:00+00:00, run_after=2026-04-25 06:00:00+00:00
[2026-04-25T17:59:57.229+0000] {processor.py:183} INFO - Processing /opt/airflow/dags/dag_pipeline_complet.py took 0.458 seconds
[2026-04-25T18:00:28.529+0000] {processor.py:161} INFO - Started process (PID=1405) to work on /opt/airflow/dags/dag_pipeline_complet.py
[2026-04-25T18:00:28.534+0000] {processor.py:830} INFO - Processing file /opt/airflow/dags/dag_pipeline_complet.py for tasks to queue
[2026-04-25T18:00:28.542+0000] {logging_mixin.py:188} INFO - [2026-04-25T18:00:28.536+0000] {dagbag.py:545} INFO - Filling up the DagBag from /opt/airflow/dags/dag_pipeline_complet.py
[2026-04-25T18:00:28.663+0000] {processor.py:840} INFO - DAG(s) 'pipeline_job_intelligent_kafka' retrieved from /opt/airflow/dags/dag_pipeline_complet.py
[2026-04-25T18:00:28.990+0000] {logging_mixin.py:188} INFO - [2026-04-25T18:00:28.977+0000] {dag.py:3096} INFO - Sync 1 DAGs
[2026-04-25T18:00:29.166+0000] {logging_mixin.py:188} INFO - [2026-04-25T18:00:29.166+0000] {dag.py:3954} INFO - Setting next_dagrun for pipeline_job_intelligent_kafka to 2026-04-24 06:00:00+00:00, run_after=2026-04-25 06:00:00+00:00
[2026-04-25T18:00:29.346+0000] {processor.py:183} INFO - Processing /opt/airflow/dags/dag_pipeline_complet.py took 0.858 seconds
[2026-04-25T18:00:59.876+0000] {processor.py:161} INFO - Started process (PID=1413) to work on /opt/airflow/dags/dag_pipeline_complet.py
[2026-04-25T18:00:59.891+0000] {processor.py:830} INFO - Processing file /opt/airflow/dags/dag_pipeline_complet.py for tasks to queue
[2026-04-25T18:00:59.898+0000] {logging_mixin.py:188} INFO - [2026-04-25T18:00:59.897+0000] {dagbag.py:545} INFO - Filling up the DagBag from /opt/airflow/dags/dag_pipeline_complet.py
[2026-04-25T18:01:00.375+0000] {processor.py:840} INFO - DAG(s) 'pipeline_job_intelligent_kafka' retrieved from /opt/airflow/dags/dag_pipeline_complet.py
[2026-04-25T18:01:00.544+0000] {logging_mixin.py:188} INFO - [2026-04-25T18:01:00.543+0000] {dag.py:3096} INFO - Sync 1 DAGs
[2026-04-25T18:01:00.633+0000] {logging_mixin.py:188} INFO - [2026-04-25T18:01:00.632+0000] {dag.py:3954} INFO - Setting next_dagrun for pipeline_job_intelligent_kafka to 2026-04-24 06:00:00+00:00, run_after=2026-04-25 06:00:00+00:00
[2026-04-25T18:01:00.724+0000] {processor.py:183} INFO - Processing /opt/airflow/dags/dag_pipeline_complet.py took 0.933 seconds
[2026-04-25T18:01:31.574+0000] {processor.py:161} INFO - Started process (PID=1427) to work on /opt/airflow/dags/dag_pipeline_complet.py
[2026-04-25T18:01:31.593+0000] {processor.py:830} INFO - Processing file /opt/airflow/dags/dag_pipeline_complet.py for tasks to queue
[2026-04-25T18:01:31.611+0000] {logging_mixin.py:188} INFO - [2026-04-25T18:01:31.610+0000] {dagbag.py:545} INFO - Filling up the DagBag from /opt/airflow/dags/dag_pipeline_complet.py
[2026-04-25T18:01:31.959+0000] {processor.py:840} INFO - DAG(s) 'pipeline_job_intelligent_kafka' retrieved from /opt/airflow/dags/dag_pipeline_complet.py
[2026-04-25T18:01:32.616+0000] {logging_mixin.py:188} INFO - [2026-04-25T18:01:32.616+0000] {dag.py:3096} INFO - Sync 1 DAGs
[2026-04-25T18:01:32.834+0000] {logging_mixin.py:188} INFO - [2026-04-25T18:01:32.833+0000] {dag.py:3954} INFO - Setting next_dagrun for pipeline_job_intelligent_kafka to 2026-04-24 06:00:00+00:00, run_after=2026-04-25 06:00:00+00:00
[2026-04-25T18:01:32.993+0000] {processor.py:183} INFO - Processing /opt/airflow/dags/dag_pipeline_complet.py took 1.532 seconds
[2026-04-25T18:02:03.799+0000] {processor.py:161} INFO - Started process (PID=1435) to work on /opt/airflow/dags/dag_pipeline_complet.py
[2026-04-25T18:02:03.801+0000] {processor.py:830} INFO - Processing file /opt/airflow/dags/dag_pipeline_complet.py for tasks to queue
[2026-04-25T18:02:03.807+0000] {logging_mixin.py:188} INFO - [2026-04-25T18:02:03.806+0000] {dagbag.py:545} INFO - Filling up the DagBag from /opt/airflow/dags/dag_pipeline_complet.py
[2026-04-25T18:02:03.939+0000] {processor.py:840} INFO - DAG(s) 'pipeline_job_intelligent_kafka' retrieved from /opt/airflow/dags/dag_pipeline_complet.py
[2026-04-25T18:02:04.364+0000] {logging_mixin.py:188} INFO - [2026-04-25T18:02:04.353+0000] {dag.py:3096} INFO - Sync 1 DAGs
[2026-04-25T18:02:04.773+0000] {logging_mixin.py:188} INFO - [2026-04-25T18:02:04.772+0000] {dag.py:3954} INFO - Setting next_dagrun for pipeline_job_intelligent_kafka to 2026-04-24 06:00:00+00:00, run_after=2026-04-25 06:00:00+00:00
[2026-04-25T18:02:05.281+0000] {processor.py:183} INFO - Processing /opt/airflow/dags/dag_pipeline_complet.py took 1.512 seconds
[2026-04-25T18:02:35.862+0000] {processor.py:161} INFO - Started process (PID=1449) to work on /opt/airflow/dags/dag_pipeline_complet.py
[2026-04-25T18:02:35.866+0000] {processor.py:830} INFO - Processing file /opt/airflow/dags/dag_pipeline_complet.py for tasks to queue
[2026-04-25T18:02:35.879+0000] {logging_mixin.py:188} INFO - [2026-04-25T18:02:35.878+0000] {dagbag.py:545} INFO - Filling up the DagBag from /opt/airflow/dags/dag_pipeline_complet.py
[2026-04-25T18:02:36.451+0000] {processor.py:840} INFO - DAG(s) 'pipeline_job_intelligent_kafka' retrieved from /opt/airflow/dags/dag_pipeline_complet.py
[2026-04-25T18:02:36.771+0000] {logging_mixin.py:188} INFO - [2026-04-25T18:02:36.770+0000] {dag.py:3096} INFO - Sync 1 DAGs
[2026-04-25T18:02:37.024+0000] {logging_mixin.py:188} INFO - [2026-04-25T18:02:37.024+0000] {dag.py:3954} INFO - Setting next_dagrun for pipeline_job_intelligent_kafka to 2026-04-24 06:00:00+00:00, run_after=2026-04-25 06:00:00+00:00
[2026-04-25T18:02:37.368+0000] {processor.py:183} INFO - Processing /opt/airflow/dags/dag_pipeline_complet.py took 1.551 seconds
[2026-04-25T18:03:08.308+0000] {processor.py:161} INFO - Started process (PID=1456) to work on /opt/airflow/dags/dag_pipeline_complet.py
[2026-04-25T18:03:08.316+0000] {processor.py:830} INFO - Processing file /opt/airflow/dags/dag_pipeline_complet.py for tasks to queue
[2026-04-25T18:03:08.333+0000] {logging_mixin.py:188} INFO - [2026-04-25T18:03:08.332+0000] {dagbag.py:545} INFO - Filling up the DagBag from /opt/airflow/dags/dag_pipeline_complet.py
[2026-04-25T18:03:08.676+0000] {processor.py:840} INFO - DAG(s) 'pipeline_job_intelligent_kafka' retrieved from /opt/airflow/dags/dag_pipeline_complet.py
[2026-04-25T18:03:09.001+0000] {logging_mixin.py:188} INFO - [2026-04-25T18:03:09.001+0000] {dag.py:3096} INFO - Sync 1 DAGs
[2026-04-25T18:03:09.533+0000] {logging_mixin.py:188} INFO - [2026-04-25T18:03:09.532+0000] {dag.py:3954} INFO - Setting next_dagrun for pipeline_job_intelligent_kafka to 2026-04-24 06:00:00+00:00, run_after=2026-04-25 06:00:00+00:00
[2026-04-25T18:03:09.786+0000] {processor.py:183} INFO - Processing /opt/airflow/dags/dag_pipeline_complet.py took 1.526 seconds
[2026-04-25T18:03:40.092+0000] {processor.py:161} INFO - Started process (PID=1470) to work on /opt/airflow/dags/dag_pipeline_complet.py
[2026-04-25T18:03:40.094+0000] {processor.py:830} INFO - Processing file /opt/airflow/dags/dag_pipeline_complet.py for tasks to queue
[2026-04-25T18:03:40.108+0000] {logging_mixin.py:188} INFO - [2026-04-25T18:03:40.107+0000] {dagbag.py:545} INFO - Filling up the DagBag from /opt/airflow/dags/dag_pipeline_complet.py
[2026-04-25T18:03:40.249+0000] {processor.py:840} INFO - DAG(s) 'pipeline_job_intelligent_kafka' retrieved from /opt/airflow/dags/dag_pipeline_complet.py
[2026-04-25T18:03:40.504+0000] {logging_mixin.py:188} INFO - [2026-04-25T18:03:40.504+0000] {dag.py:3096} INFO - Sync 1 DAGs
[2026-04-25T18:03:40.620+0000] {logging_mixin.py:188} INFO - [2026-04-25T18:03:40.619+0000] {dag.py:3954} INFO - Setting next_dagrun for pipeline_job_intelligent_kafka to 2026-04-24 06:00:00+00:00, run_after=2026-04-25 06:00:00+00:00
[2026-04-25T18:03:40.745+0000] {processor.py:183} INFO - Processing /opt/airflow/dags/dag_pipeline_complet.py took 0.688 seconds
[2026-04-25T18:04:11.826+0000] {processor.py:161} INFO - Started process (PID=1478) to work on /opt/airflow/dags/dag_pipeline_complet.py
[2026-04-25T18:04:11.869+0000] {processor.py:830} INFO - Processing file /opt/airflow/dags/dag_pipeline_complet.py for tasks to queue
[2026-04-25T18:04:11.895+0000] {logging_mixin.py:188} INFO - [2026-04-25T18:04:11.894+0000] {dagbag.py:545} INFO - Filling up the DagBag from /opt/airflow/dags/dag_pipeline_complet.py
[2026-04-25T18:04:12.330+0000] {processor.py:840} INFO - DAG(s) 'pipeline_job_intelligent_kafka' retrieved from /opt/airflow/dags/dag_pipeline_complet.py
[2026-04-25T18:04:12.822+0000] {logging_mixin.py:188} INFO - [2026-04-25T18:04:12.809+0000] {dag.py:3096} INFO - Sync 1 DAGs
[2026-04-25T18:04:13.327+0000] {logging_mixin.py:188} INFO - [2026-04-25T18:04:13.326+0000] {dag.py:3954} INFO - Setting next_dagrun for pipeline_job_intelligent_kafka to 2026-04-24 06:00:00+00:00, run_after=2026-04-25 06:00:00+00:00
[2026-04-25T18:04:13.745+0000] {processor.py:183} INFO - Processing /opt/airflow/dags/dag_pipeline_complet.py took 2.045 seconds
[2026-04-25T18:04:44.947+0000] {processor.py:161} INFO - Started process (PID=1492) to work on /opt/airflow/dags/dag_pipeline_complet.py
[2026-04-25T18:04:45.012+0000] {processor.py:830} INFO - Processing file /opt/airflow/dags/dag_pipeline_complet.py for tasks to queue
[2026-04-25T18:04:45.045+0000] {logging_mixin.py:188} INFO - [2026-04-25T18:04:45.044+0000] {dagbag.py:545} INFO - Filling up the DagBag from /opt/airflow/dags/dag_pipeline_complet.py
[2026-04-25T18:04:46.442+0000] {processor.py:840} INFO - DAG(s) 'pipeline_job_intelligent_kafka' retrieved from /opt/airflow/dags/dag_pipeline_complet.py
[2026-04-25T18:04:46.830+0000] {logging_mixin.py:188} INFO - [2026-04-25T18:04:46.829+0000] {dag.py:3096} INFO - Sync 1 DAGs
[2026-04-25T18:04:47.075+0000] {logging_mixin.py:188} INFO - [2026-04-25T18:04:47.064+0000] {dag.py:3954} INFO - Setting next_dagrun for pipeline_job_intelligent_kafka to 2026-04-24 06:00:00+00:00, run_after=2026-04-25 06:00:00+00:00
[2026-04-25T18:04:47.418+0000] {processor.py:183} INFO - Processing /opt/airflow/dags/dag_pipeline_complet.py took 2.520 seconds
[2026-04-25T18:05:18.207+0000] {processor.py:161} INFO - Started process (PID=1508) to work on /opt/airflow/dags/dag_pipeline_complet.py
[2026-04-25T18:05:18.239+0000] {processor.py:830} INFO - Processing file /opt/airflow/dags/dag_pipeline_complet.py for tasks to queue
[2026-04-25T18:05:18.250+0000] {logging_mixin.py:188} INFO - [2026-04-25T18:05:18.249+0000] {dagbag.py:545} INFO - Filling up the DagBag from /opt/airflow/dags/dag_pipeline_complet.py
[2026-04-25T18:05:18.331+0000] {processor.py:840} INFO - DAG(s) 'pipeline_job_intelligent_kafka' retrieved from /opt/airflow/dags/dag_pipeline_complet.py
[2026-04-25T18:05:18.632+0000] {logging_mixin.py:188} INFO - [2026-04-25T18:05:18.631+0000] {dag.py:3096} INFO - Sync 1 DAGs
[2026-04-25T18:05:18.737+0000] {logging_mixin.py:188} INFO - [2026-04-25T18:05:18.736+0000] {dag.py:3954} INFO - Setting next_dagrun for pipeline_job_intelligent_kafka to 2026-04-24 06:00:00+00:00, run_after=2026-04-25 06:00:00+00:00
[2026-04-25T18:05:18.887+0000] {processor.py:183} INFO - Processing /opt/airflow/dags/dag_pipeline_complet.py took 0.721 seconds
[2026-04-25T18:05:49.595+0000] {processor.py:161} INFO - Started process (PID=1516) to work on /opt/airflow/dags/dag_pipeline_complet.py
[2026-04-25T18:05:49.601+0000] {processor.py:830} INFO - Processing file /opt/airflow/dags/dag_pipeline_complet.py for tasks to queue
[2026-04-25T18:05:49.603+0000] {logging_mixin.py:188} INFO - [2026-04-25T18:05:49.602+0000] {dagbag.py:545} INFO - Filling up the DagBag from /opt/airflow/dags/dag_pipeline_complet.py
[2026-04-25T18:05:49.719+0000] {processor.py:840} INFO - DAG(s) 'pipeline_job_intelligent_kafka' retrieved from /opt/airflow/dags/dag_pipeline_complet.py
[2026-04-25T18:05:49.914+0000] {logging_mixin.py:188} INFO - [2026-04-25T18:05:49.913+0000] {dag.py:3096} INFO - Sync 1 DAGs
[2026-04-25T18:05:50.095+0000] {logging_mixin.py:188} INFO - [2026-04-25T18:05:50.095+0000] {dag.py:3954} INFO - Setting next_dagrun for pipeline_job_intelligent_kafka to 2026-04-24 06:00:00+00:00, run_after=2026-04-25 06:00:00+00:00
[2026-04-25T18:05:50.213+0000] {processor.py:183} INFO - Processing /opt/airflow/dags/dag_pipeline_complet.py took 0.651 seconds
[2026-04-25T18:06:20.613+0000] {processor.py:161} INFO - Started process (PID=1530) to work on /opt/airflow/dags/dag_pipeline_complet.py
[2026-04-25T18:06:20.616+0000] {processor.py:830} INFO - Processing file /opt/airflow/dags/dag_pipeline_complet.py for tasks to queue
[2026-04-25T18:06:20.628+0000] {logging_mixin.py:188} INFO - [2026-04-25T18:06:20.628+0000] {dagbag.py:545} INFO - Filling up the DagBag from /opt/airflow/dags/dag_pipeline_complet.py
[2026-04-25T18:06:20.741+0000] {processor.py:840} INFO - DAG(s) 'pipeline_job_intelligent_kafka' retrieved from /opt/airflow/dags/dag_pipeline_complet.py
[2026-04-25T18:06:20.980+0000] {logging_mixin.py:188} INFO - [2026-04-25T18:06:20.979+0000] {dag.py:3096} INFO - Sync 1 DAGs
[2026-04-25T18:06:21.129+0000] {logging_mixin.py:188} INFO - [2026-04-25T18:06:21.128+0000] {dag.py:3954} INFO - Setting next_dagrun for pipeline_job_intelligent_kafka to 2026-04-24 06:00:00+00:00, run_after=2026-04-25 06:00:00+00:00
[2026-04-25T18:06:21.281+0000] {processor.py:183} INFO - Processing /opt/airflow/dags/dag_pipeline_complet.py took 0.704 seconds
[2026-04-25T18:06:52.262+0000] {processor.py:161} INFO - Started process (PID=1538) to work on /opt/airflow/dags/dag_pipeline_complet.py
[2026-04-25T18:06:52.301+0000] {processor.py:830} INFO - Processing file /opt/airflow/dags/dag_pipeline_complet.py for tasks to queue
[2026-04-25T18:06:52.316+0000] {logging_mixin.py:188} INFO - [2026-04-25T18:06:52.307+0000] {dagbag.py:545} INFO - Filling up the DagBag from /opt/airflow/dags/dag_pipeline_complet.py
[2026-04-25T18:06:52.580+0000] {processor.py:840} INFO - DAG(s) 'pipeline_job_intelligent_kafka' retrieved from /opt/airflow/dags/dag_pipeline_complet.py
[2026-04-25T18:06:52.829+0000] {logging_mixin.py:188} INFO - [2026-04-25T18:06:52.819+0000] {dag.py:3096} INFO - Sync 1 DAGs
[2026-04-25T18:06:52.923+0000] {logging_mixin.py:188} INFO - [2026-04-25T18:06:52.922+0000] {dag.py:3954} INFO - Setting next_dagrun for pipeline_job_intelligent_kafka to 2026-04-24 06:00:00+00:00, run_after=2026-04-25 06:00:00+00:00
[2026-04-25T18:06:53.078+0000] {processor.py:183} INFO - Processing /opt/airflow/dags/dag_pipeline_complet.py took 0.893 seconds
[2026-04-25T18:07:24.150+0000] {processor.py:161} INFO - Started process (PID=1552) to work on /opt/airflow/dags/dag_pipeline_complet.py
[2026-04-25T18:07:24.219+0000] {processor.py:830} INFO - Processing file /opt/airflow/dags/dag_pipeline_complet.py for tasks to queue
[2026-04-25T18:07:24.246+0000] {logging_mixin.py:188} INFO - [2026-04-25T18:07:24.237+0000] {dagbag.py:545} INFO - Filling up the DagBag from /opt/airflow/dags/dag_pipeline_complet.py
[2026-04-25T18:07:24.403+0000] {processor.py:840} INFO - DAG(s) 'pipeline_job_intelligent_kafka' retrieved from /opt/airflow/dags/dag_pipeline_complet.py
[2026-04-25T18:07:24.657+0000] {logging_mixin.py:188} INFO - [2026-04-25T18:07:24.656+0000] {dag.py:3096} INFO - Sync 1 DAGs
[2026-04-25T18:07:24.774+0000] {logging_mixin.py:188} INFO - [2026-04-25T18:07:24.774+0000] {dag.py:3954} INFO - Setting next_dagrun for pipeline_job_intelligent_kafka to 2026-04-24 06:00:00+00:00, run_after=2026-04-25 06:00:00+00:00
[2026-04-25T18:07:24.889+0000] {processor.py:183} INFO - Processing /opt/airflow/dags/dag_pipeline_complet.py took 0.761 seconds
[2026-04-25T18:07:55.899+0000] {processor.py:161} INFO - Started process (PID=1560) to work on /opt/airflow/dags/dag_pipeline_complet.py
[2026-04-25T18:07:55.911+0000] {processor.py:830} INFO - Processing file /opt/airflow/dags/dag_pipeline_complet.py for tasks to queue
[2026-04-25T18:07:55.914+0000] {logging_mixin.py:188} INFO - [2026-04-25T18:07:55.913+0000] {dagbag.py:545} INFO - Filling up the DagBag from /opt/airflow/dags/dag_pipeline_complet.py
[2026-04-25T18:07:56.198+0000] {processor.py:840} INFO - DAG(s) 'pipeline_job_intelligent_kafka' retrieved from /opt/airflow/dags/dag_pipeline_complet.py
[2026-04-25T18:07:56.629+0000] {logging_mixin.py:188} INFO - [2026-04-25T18:07:56.628+0000] {dag.py:3096} INFO - Sync 1 DAGs
[2026-04-25T18:07:56.932+0000] {logging_mixin.py:188} INFO - [2026-04-25T18:07:56.931+0000] {dag.py:3954} INFO - Setting next_dagrun for pipeline_job_intelligent_kafka to 2026-04-24 06:00:00+00:00, run_after=2026-04-25 06:00:00+00:00
[2026-04-25T18:07:57.099+0000] {processor.py:183} INFO - Processing /opt/airflow/dags/dag_pipeline_complet.py took 1.250 seconds
[2026-04-25T18:08:27.424+0000] {processor.py:161} INFO - Started process (PID=1574) to work on /opt/airflow/dags/dag_pipeline_complet.py
[2026-04-25T18:08:27.426+0000] {processor.py:830} INFO - Processing file /opt/airflow/dags/dag_pipeline_complet.py for tasks to queue
[2026-04-25T18:08:27.435+0000] {logging_mixin.py:188} INFO - [2026-04-25T18:08:27.434+0000] {dagbag.py:545} INFO - Filling up the DagBag from /opt/airflow/dags/dag_pipeline_complet.py
[2026-04-25T18:08:27.713+0000] {processor.py:840} INFO - DAG(s) 'pipeline_job_intelligent_kafka' retrieved from /opt/airflow/dags/dag_pipeline_complet.py
[2026-04-25T18:08:28.038+0000] {logging_mixin.py:188} INFO - [2026-04-25T18:08:28.037+0000] {dag.py:3096} INFO - Sync 1 DAGs
[2026-04-25T18:08:28.202+0000] {logging_mixin.py:188} INFO - [2026-04-25T18:08:28.201+0000] {dag.py:3954} INFO - Setting next_dagrun for pipeline_job_intelligent_kafka to 2026-04-24 06:00:00+00:00, run_after=2026-04-25 06:00:00+00:00
[2026-04-25T18:08:28.269+0000] {processor.py:183} INFO - Processing /opt/airflow/dags/dag_pipeline_complet.py took 0.914 seconds
[2026-04-25T18:08:59.276+0000] {processor.py:161} INFO - Started process (PID=1582) to work on /opt/airflow/dags/dag_pipeline_complet.py
[2026-04-25T18:08:59.283+0000] {processor.py:830} INFO - Processing file /opt/airflow/dags/dag_pipeline_complet.py for tasks to queue
[2026-04-25T18:08:59.295+0000] {logging_mixin.py:188} INFO - [2026-04-25T18:08:59.294+0000] {dagbag.py:545} INFO - Filling up the DagBag from /opt/airflow/dags/dag_pipeline_complet.py
[2026-04-25T18:08:59.525+0000] {processor.py:840} INFO - DAG(s) 'pipeline_job_intelligent_kafka' retrieved from /opt/airflow/dags/dag_pipeline_complet.py
[2026-04-25T18:08:59.911+0000] {logging_mixin.py:188} INFO - [2026-04-25T18:08:59.911+0000] {dag.py:3096} INFO - Sync 1 DAGs
[2026-04-25T18:09:00.093+0000] {logging_mixin.py:188} INFO - [2026-04-25T18:09:00.092+0000] {dag.py:3954} INFO - Setting next_dagrun for pipeline_job_intelligent_kafka to 2026-04-24 06:00:00+00:00, run_after=2026-04-25 06:00:00+00:00
[2026-04-25T18:09:00.248+0000] {processor.py:183} INFO - Processing /opt/airflow/dags/dag_pipeline_complet.py took 0.998 seconds
[2026-04-25T18:09:31.031+0000] {processor.py:161} INFO - Started process (PID=1596) to work on /opt/airflow/dags/dag_pipeline_complet.py
[2026-04-25T18:09:31.038+0000] {processor.py:830} INFO - Processing file /opt/airflow/dags/dag_pipeline_complet.py for tasks to queue
[2026-04-25T18:09:31.048+0000] {logging_mixin.py:188} INFO - [2026-04-25T18:09:31.047+0000] {dagbag.py:545} INFO - Filling up the DagBag from /opt/airflow/dags/dag_pipeline_complet.py
[2026-04-25T18:09:31.221+0000] {processor.py:840} INFO - DAG(s) 'pipeline_job_intelligent_kafka' retrieved from /opt/airflow/dags/dag_pipeline_complet.py
[2026-04-25T18:09:31.431+0000] {logging_mixin.py:188} INFO - [2026-04-25T18:09:31.430+0000] {dag.py:3096} INFO - Sync 1 DAGs
[2026-04-25T18:09:31.645+0000] {logging_mixin.py:188} INFO - [2026-04-25T18:09:31.644+0000] {dag.py:3954} INFO - Setting next_dagrun for pipeline_job_intelligent_kafka to 2026-04-24 06:00:00+00:00, run_after=2026-04-25 06:00:00+00:00
[2026-04-25T18:09:31.841+0000] {processor.py:183} INFO - Processing /opt/airflow/dags/dag_pipeline_complet.py took 0.856 seconds
[2026-04-25T18:10:03.651+0000] {processor.py:161} INFO - Started process (PID=1609) to work on /opt/airflow/dags/dag_pipeline_complet.py
[2026-04-25T18:10:03.664+0000] {processor.py:830} INFO - Processing file /opt/airflow/dags/dag_pipeline_complet.py for tasks to queue
[2026-04-25T18:10:03.666+0000] {logging_mixin.py:188} INFO - [2026-04-25T18:10:03.666+0000] {dagbag.py:545} INFO - Filling up the DagBag from /opt/airflow/dags/dag_pipeline_complet.py
[2026-04-25T18:10:03.751+0000] {processor.py:840} INFO - DAG(s) 'pipeline_job_intelligent_kafka' retrieved from /opt/airflow/dags/dag_pipeline_complet.py
[2026-04-25T18:10:04.132+0000] {logging_mixin.py:188} INFO - [2026-04-25T18:10:04.131+0000] {dag.py:3096} INFO - Sync 1 DAGs
[2026-04-25T18:10:04.246+0000] {logging_mixin.py:188} INFO - [2026-04-25T18:10:04.245+0000] {dag.py:3954} INFO - Setting next_dagrun for pipeline_job_intelligent_kafka to 2026-04-24 06:00:00+00:00, run_after=2026-04-25 06:00:00+00:00
[2026-04-25T18:10:04.347+0000] {processor.py:183} INFO - Processing /opt/airflow/dags/dag_pipeline_complet.py took 0.751 seconds
[2026-04-25T18:10:34.702+0000] {processor.py:161} INFO - Started process (PID=1617) to work on /opt/airflow/dags/dag_pipeline_complet.py
[2026-04-25T18:10:34.704+0000] {processor.py:830} INFO - Processing file /opt/airflow/dags/dag_pipeline_complet.py for tasks to queue
[2026-04-25T18:10:34.714+0000] {logging_mixin.py:188} INFO - [2026-04-25T18:10:34.713+0000] {dagbag.py:545} INFO - Filling up the DagBag from /opt/airflow/dags/dag_pipeline_complet.py
[2026-04-25T18:10:34.805+0000] {processor.py:840} INFO - DAG(s) 'pipeline_job_intelligent_kafka' retrieved from /opt/airflow/dags/dag_pipeline_complet.py
[2026-04-25T18:10:35.062+0000] {logging_mixin.py:188} INFO - [2026-04-25T18:10:35.051+0000] {dag.py:3096} INFO - Sync 1 DAGs
[2026-04-25T18:10:35.211+0000] {logging_mixin.py:188} INFO - [2026-04-25T18:10:35.211+0000] {dag.py:3954} INFO - Setting next_dagrun for pipeline_job_intelligent_kafka to 2026-04-24 06:00:00+00:00, run_after=2026-04-25 06:00:00+00:00
[2026-04-25T18:10:35.341+0000] {processor.py:183} INFO - Processing /opt/airflow/dags/dag_pipeline_complet.py took 0.667 seconds
[2026-04-25T18:11:06.511+0000] {processor.py:161} INFO - Started process (PID=1632) to work on /opt/airflow/dags/dag_pipeline_complet.py
[2026-04-25T18:11:06.534+0000] {processor.py:830} INFO - Processing file /opt/airflow/dags/dag_pipeline_complet.py for tasks to queue
[2026-04-25T18:11:06.540+0000] {logging_mixin.py:188} INFO - [2026-04-25T18:11:06.539+0000] {dagbag.py:545} INFO - Filling up the DagBag from /opt/airflow/dags/dag_pipeline_complet.py
[2026-04-25T18:11:06.704+0000] {processor.py:840} INFO - DAG(s) 'pipeline_job_intelligent_kafka' retrieved from /opt/airflow/dags/dag_pipeline_complet.py
[2026-04-25T18:11:06.808+0000] {logging_mixin.py:188} INFO - [2026-04-25T18:11:06.807+0000] {dag.py:3096} INFO - Sync 1 DAGs
[2026-04-25T18:11:06.871+0000] {logging_mixin.py:188} INFO - [2026-04-25T18:11:06.871+0000] {dag.py:3954} INFO - Setting next_dagrun for pipeline_job_intelligent_kafka to 2026-04-24 06:00:00+00:00, run_after=2026-04-25 06:00:00+00:00
[2026-04-25T18:11:07.033+0000] {processor.py:183} INFO - Processing /opt/airflow/dags/dag_pipeline_complet.py took 0.551 seconds
[2026-04-25T18:11:37.778+0000] {processor.py:161} INFO - Started process (PID=1640) to work on /opt/airflow/dags/dag_pipeline_complet.py
[2026-04-25T18:11:37.780+0000] {processor.py:830} INFO - Processing file /opt/airflow/dags/dag_pipeline_complet.py for tasks to queue
[2026-04-25T18:11:37.786+0000] {logging_mixin.py:188} INFO - [2026-04-25T18:11:37.786+0000] {dagbag.py:545} INFO - Filling up the DagBag from /opt/airflow/dags/dag_pipeline_complet.py
[2026-04-25T18:11:37.930+0000] {processor.py:840} INFO - DAG(s) 'pipeline_job_intelligent_kafka' retrieved from /opt/airflow/dags/dag_pipeline_complet.py
[2026-04-25T18:11:38.388+0000] {logging_mixin.py:188} INFO - [2026-04-25T18:11:38.388+0000] {dag.py:3096} INFO - Sync 1 DAGs
[2026-04-25T18:11:38.610+0000] {logging_mixin.py:188} INFO - [2026-04-25T18:11:38.610+0000] {dag.py:3954} INFO - Setting next_dagrun for pipeline_job_intelligent_kafka to 2026-04-24 06:00:00+00:00, run_after=2026-04-25 06:00:00+00:00
[2026-04-25T18:11:38.721+0000] {processor.py:183} INFO - Processing /opt/airflow/dags/dag_pipeline_complet.py took 0.984 seconds
[2026-04-25T18:12:09.247+0000] {processor.py:161} INFO - Started process (PID=1654) to work on /opt/airflow/dags/dag_pipeline_complet.py
[2026-04-25T18:12:09.250+0000] {processor.py:830} INFO - Processing file /opt/airflow/dags/dag_pipeline_complet.py for tasks to queue
[2026-04-25T18:12:09.252+0000] {logging_mixin.py:188} INFO - [2026-04-25T18:12:09.251+0000] {dagbag.py:545} INFO - Filling up the DagBag from /opt/airflow/dags/dag_pipeline_complet.py
[2026-04-25T18:12:09.329+0000] {processor.py:840} INFO - DAG(s) 'pipeline_job_intelligent_kafka' retrieved from /opt/airflow/dags/dag_pipeline_complet.py
[2026-04-25T18:12:09.430+0000] {logging_mixin.py:188} INFO - [2026-04-25T18:12:09.429+0000] {dag.py:3096} INFO - Sync 1 DAGs
[2026-04-25T18:12:09.492+0000] {logging_mixin.py:188} INFO - [2026-04-25T18:12:09.491+0000] {dag.py:3954} INFO - Setting next_dagrun for pipeline_job_intelligent_kafka to 2026-04-24 06:00:00+00:00, run_after=2026-04-25 06:00:00+00:00
[2026-04-25T18:12:09.555+0000] {processor.py:183} INFO - Processing /opt/airflow/dags/dag_pipeline_complet.py took 0.324 seconds
[2026-04-25T18:12:41.203+0000] {processor.py:161} INFO - Started process (PID=1662) to work on /opt/airflow/dags/dag_pipeline_complet.py
[2026-04-25T18:12:41.205+0000] {processor.py:830} INFO - Processing file /opt/airflow/dags/dag_pipeline_complet.py for tasks to queue
[2026-04-25T18:12:41.239+0000] {logging_mixin.py:188} INFO - [2026-04-25T18:12:41.237+0000] {dagbag.py:545} INFO - Filling up the DagBag from /opt/airflow/dags/dag_pipeline_complet.py
[2026-04-25T18:12:41.436+0000] {processor.py:840} INFO - DAG(s) 'pipeline_job_intelligent_kafka' retrieved from /opt/airflow/dags/dag_pipeline_complet.py
[2026-04-25T18:12:41.894+0000] {logging_mixin.py:188} INFO - [2026-04-25T18:12:41.893+0000] {dag.py:3096} INFO - Sync 1 DAGs
[2026-04-25T18:12:42.336+0000] {logging_mixin.py:188} INFO - [2026-04-25T18:12:42.336+0000] {dag.py:3954} INFO - Setting next_dagrun for pipeline_job_intelligent_kafka to 2026-04-24 06:00:00+00:00, run_after=2026-04-25 06:00:00+00:00
[2026-04-25T18:12:42.487+0000] {processor.py:183} INFO - Processing /opt/airflow/dags/dag_pipeline_complet.py took 1.328 seconds
[2026-04-25T18:13:13.476+0000] {processor.py:161} INFO - Started process (PID=1675) to work on /opt/airflow/dags/dag_pipeline_complet.py
[2026-04-25T18:13:13.499+0000] {processor.py:830} INFO - Processing file /opt/airflow/dags/dag_pipeline_complet.py for tasks to queue
[2026-04-25T18:13:13.528+0000] {logging_mixin.py:188} INFO - [2026-04-25T18:13:13.527+0000] {dagbag.py:545} INFO - Filling up the DagBag from /opt/airflow/dags/dag_pipeline_complet.py
[2026-04-25T18:13:14.230+0000] {processor.py:840} INFO - DAG(s) 'pipeline_job_intelligent_kafka' retrieved from /opt/airflow/dags/dag_pipeline_complet.py
[2026-04-25T18:13:14.427+0000] {logging_mixin.py:188} INFO - [2026-04-25T18:13:14.427+0000] {dag.py:3096} INFO - Sync 1 DAGs
[2026-04-25T18:13:14.624+0000] {logging_mixin.py:188} INFO - [2026-04-25T18:13:14.623+0000] {dag.py:3954} INFO - Setting next_dagrun for pipeline_job_intelligent_kafka to 2026-04-24 06:00:00+00:00, run_after=2026-04-25 06:00:00+00:00
[2026-04-25T18:13:14.750+0000] {processor.py:183} INFO - Processing /opt/airflow/dags/dag_pipeline_complet.py took 1.411 seconds
[2026-04-25T18:13:44.887+0000] {processor.py:161} INFO - Started process (PID=1682) to work on /opt/airflow/dags/dag_pipeline_complet.py
[2026-04-25T18:13:44.889+0000] {processor.py:830} INFO - Processing file /opt/airflow/dags/dag_pipeline_complet.py for tasks to queue
[2026-04-25T18:13:44.893+0000] {logging_mixin.py:188} INFO - [2026-04-25T18:13:44.891+0000] {dagbag.py:545} INFO - Filling up the DagBag from /opt/airflow/dags/dag_pipeline_complet.py
[2026-04-25T18:13:44.947+0000] {processor.py:840} INFO - DAG(s) 'pipeline_job_intelligent_kafka' retrieved from /opt/airflow/dags/dag_pipeline_complet.py
[2026-04-25T18:13:45.041+0000] {logging_mixin.py:188} INFO - [2026-04-25T18:13:45.041+0000] {dag.py:3096} INFO - Sync 1 DAGs
[2026-04-25T18:13:45.108+0000] {logging_mixin.py:188} INFO - [2026-04-25T18:13:45.108+0000] {dag.py:3954} INFO - Setting next_dagrun for pipeline_job_intelligent_kafka to 2026-04-24 06:00:00+00:00, run_after=2026-04-25 06:00:00+00:00
[2026-04-25T18:13:45.208+0000] {processor.py:183} INFO - Processing /opt/airflow/dags/dag_pipeline_complet.py took 0.336 seconds
[2026-04-25T18:14:16.200+0000] {processor.py:161} INFO - Started process (PID=1696) to work on /opt/airflow/dags/dag_pipeline_complet.py
[2026-04-25T18:14:16.261+0000] {processor.py:830} INFO - Processing file /opt/airflow/dags/dag_pipeline_complet.py for tasks to queue
[2026-04-25T18:14:16.289+0000] {logging_mixin.py:188} INFO - [2026-04-25T18:14:16.288+0000] {dagbag.py:545} INFO - Filling up the DagBag from /opt/airflow/dags/dag_pipeline_complet.py
[2026-04-25T18:14:16.530+0000] {processor.py:840} INFO - DAG(s) 'pipeline_job_intelligent_kafka' retrieved from /opt/airflow/dags/dag_pipeline_complet.py
[2026-04-25T18:14:16.994+0000] {logging_mixin.py:188} INFO - [2026-04-25T18:14:16.993+0000] {dag.py:3096} INFO - Sync 1 DAGs
[2026-04-25T18:14:17.295+0000] {logging_mixin.py:188} INFO - [2026-04-25T18:14:17.295+0000] {dag.py:3954} INFO - Setting next_dagrun for pipeline_job_intelligent_kafka to 2026-04-24 06:00:00+00:00, run_after=2026-04-25 06:00:00+00:00
[2026-04-25T18:14:17.720+0000] {processor.py:183} INFO - Processing /opt/airflow/dags/dag_pipeline_complet.py took 1.588 seconds
[2026-04-25T18:14:48.078+0000] {processor.py:161} INFO - Started process (PID=1703) to work on /opt/airflow/dags/dag_pipeline_complet.py
[2026-04-25T18:14:48.080+0000] {processor.py:830} INFO - Processing file /opt/airflow/dags/dag_pipeline_complet.py for tasks to queue
[2026-04-25T18:14:48.082+0000] {logging_mixin.py:188} INFO - [2026-04-25T18:14:48.081+0000] {dagbag.py:545} INFO - Filling up the DagBag from /opt/airflow/dags/dag_pipeline_complet.py
[2026-04-25T18:14:48.131+0000] {processor.py:840} INFO - DAG(s) 'pipeline_job_intelligent_kafka' retrieved from /opt/airflow/dags/dag_pipeline_complet.py
[2026-04-25T18:14:48.229+0000] {logging_mixin.py:188} INFO - [2026-04-25T18:14:48.228+0000] {dag.py:3096} INFO - Sync 1 DAGs
[2026-04-25T18:14:48.301+0000] {logging_mixin.py:188} INFO - [2026-04-25T18:14:48.300+0000] {dag.py:3954} INFO - Setting next_dagrun for pipeline_job_intelligent_kafka to 2026-04-24 06:00:00+00:00, run_after=2026-04-25 06:00:00+00:00
[2026-04-25T18:14:48.359+0000] {processor.py:183} INFO - Processing /opt/airflow/dags/dag_pipeline_complet.py took 0.297 seconds
[2026-04-25T18:15:18.607+0000] {processor.py:161} INFO - Started process (PID=1717) to work on /opt/airflow/dags/dag_pipeline_complet.py
[2026-04-25T18:15:18.609+0000] {processor.py:830} INFO - Processing file /opt/airflow/dags/dag_pipeline_complet.py for tasks to queue
[2026-04-25T18:15:18.612+0000] {logging_mixin.py:188} INFO - [2026-04-25T18:15:18.611+0000] {dagbag.py:545} INFO - Filling up the DagBag from /opt/airflow/dags/dag_pipeline_complet.py
[2026-04-25T18:15:18.668+0000] {processor.py:840} INFO - DAG(s) 'pipeline_job_intelligent_kafka' retrieved from /opt/airflow/dags/dag_pipeline_complet.py
[2026-04-25T18:15:18.770+0000] {logging_mixin.py:188} INFO - [2026-04-25T18:15:18.769+0000] {dag.py:3096} INFO - Sync 1 DAGs
[2026-04-25T18:15:18.875+0000] {logging_mixin.py:188} INFO - [2026-04-25T18:15:18.874+0000] {dag.py:3954} INFO - Setting next_dagrun for pipeline_job_intelligent_kafka to 2026-04-24 06:00:00+00:00, run_after=2026-04-25 06:00:00+00:00
[2026-04-25T18:15:19.021+0000] {processor.py:183} INFO - Processing /opt/airflow/dags/dag_pipeline_complet.py took 0.431 seconds
[2026-04-25T18:15:49.903+0000] {processor.py:161} INFO - Started process (PID=1731) to work on /opt/airflow/dags/dag_pipeline_complet.py
[2026-04-25T18:15:49.905+0000] {processor.py:830} INFO - Processing file /opt/airflow/dags/dag_pipeline_complet.py for tasks to queue
[2026-04-25T18:15:49.915+0000] {logging_mixin.py:188} INFO - [2026-04-25T18:15:49.914+0000] {dagbag.py:545} INFO - Filling up the DagBag from /opt/airflow/dags/dag_pipeline_complet.py
[2026-04-25T18:15:50.004+0000] {processor.py:840} INFO - DAG(s) 'pipeline_job_intelligent_kafka' retrieved from /opt/airflow/dags/dag_pipeline_complet.py
[2026-04-25T18:15:50.119+0000] {logging_mixin.py:188} INFO - [2026-04-25T18:15:50.118+0000] {dag.py:3096} INFO - Sync 1 DAGs
[2026-04-25T18:15:50.248+0000] {logging_mixin.py:188} INFO - [2026-04-25T18:15:50.247+0000] {dag.py:3954} INFO - Setting next_dagrun for pipeline_job_intelligent_kafka to 2026-04-24 06:00:00+00:00, run_after=2026-04-25 06:00:00+00:00
[2026-04-25T18:15:50.386+0000] {processor.py:183} INFO - Processing /opt/airflow/dags/dag_pipeline_complet.py took 0.504 seconds
[2026-04-25T18:16:20.693+0000] {processor.py:161} INFO - Started process (PID=1739) to work on /opt/airflow/dags/dag_pipeline_complet.py
[2026-04-25T18:16:20.694+0000] {processor.py:830} INFO - Processing file /opt/airflow/dags/dag_pipeline_complet.py for tasks to queue
[2026-04-25T18:16:20.696+0000] {logging_mixin.py:188} INFO - [2026-04-25T18:16:20.696+0000] {dagbag.py:545} INFO - Filling up the DagBag from /opt/airflow/dags/dag_pipeline_complet.py
[2026-04-25T18:16:20.743+0000] {processor.py:840} INFO - DAG(s) 'pipeline_job_intelligent_kafka' retrieved from /opt/airflow/dags/dag_pipeline_complet.py
[2026-04-25T18:16:20.824+0000] {logging_mixin.py:188} INFO - [2026-04-25T18:16:20.823+0000] {dag.py:3096} INFO - Sync 1 DAGs
[2026-04-25T18:16:20.872+0000] {logging_mixin.py:188} INFO - [2026-04-25T18:16:20.871+0000] {dag.py:3954} INFO - Setting next_dagrun for pipeline_job_intelligent_kafka to 2026-04-24 06:00:00+00:00, run_after=2026-04-25 06:00:00+00:00
[2026-04-25T18:16:20.913+0000] {processor.py:183} INFO - Processing /opt/airflow/dags/dag_pipeline_complet.py took 0.233 seconds
[2026-04-25T18:16:51.886+0000] {processor.py:161} INFO - Started process (PID=1753) to work on /opt/airflow/dags/dag_pipeline_complet.py
[2026-04-25T18:16:51.890+0000] {processor.py:830} INFO - Processing file /opt/airflow/dags/dag_pipeline_complet.py for tasks to queue
[2026-04-25T18:16:51.892+0000] {logging_mixin.py:188} INFO - [2026-04-25T18:16:51.891+0000] {dagbag.py:545} INFO - Filling up the DagBag from /opt/airflow/dags/dag_pipeline_complet.py
[2026-04-25T18:16:52.009+0000] {processor.py:840} INFO - DAG(s) 'pipeline_job_intelligent_kafka' retrieved from /opt/airflow/dags/dag_pipeline_complet.py
[2026-04-25T18:16:52.166+0000] {logging_mixin.py:188} INFO - [2026-04-25T18:16:52.165+0000] {dag.py:3096} INFO - Sync 1 DAGs
[2026-04-25T18:16:52.236+0000] {logging_mixin.py:188} INFO - [2026-04-25T18:16:52.236+0000] {dag.py:3954} INFO - Setting next_dagrun for pipeline_job_intelligent_kafka to 2026-04-24 06:00:00+00:00, run_after=2026-04-25 06:00:00+00:00
[2026-04-25T18:16:52.296+0000] {processor.py:183} INFO - Processing /opt/airflow/dags/dag_pipeline_complet.py took 0.430 seconds
[2026-04-25T18:17:22.615+0000] {processor.py:161} INFO - Started process (PID=1761) to work on /opt/airflow/dags/dag_pipeline_complet.py
[2026-04-25T18:17:22.645+0000] {processor.py:830} INFO - Processing file /opt/airflow/dags/dag_pipeline_complet.py for tasks to queue
[2026-04-25T18:17:22.649+0000] {logging_mixin.py:188} INFO - [2026-04-25T18:17:22.648+0000] {dagbag.py:545} INFO - Filling up the DagBag from /opt/airflow/dags/dag_pipeline_complet.py
[2026-04-25T18:17:23.027+0000] {processor.py:840} INFO - DAG(s) 'pipeline_job_intelligent_kafka' retrieved from /opt/airflow/dags/dag_pipeline_complet.py
[2026-04-25T18:17:23.206+0000] {logging_mixin.py:188} INFO - [2026-04-25T18:17:23.205+0000] {dag.py:3096} INFO - Sync 1 DAGs
[2026-04-25T18:17:23.399+0000] {logging_mixin.py:188} INFO - [2026-04-25T18:17:23.399+0000] {dag.py:3954} INFO - Setting next_dagrun for pipeline_job_intelligent_kafka to 2026-04-24 06:00:00+00:00, run_after=2026-04-25 06:00:00+00:00
[2026-04-25T18:17:23.702+0000] {processor.py:183} INFO - Processing /opt/airflow/dags/dag_pipeline_complet.py took 1.141 seconds
[2026-04-25T18:17:54.075+0000] {processor.py:161} INFO - Started process (PID=1775) to work on /opt/airflow/dags/dag_pipeline_complet.py
[2026-04-25T18:17:54.077+0000] {processor.py:830} INFO - Processing file /opt/airflow/dags/dag_pipeline_complet.py for tasks to queue
[2026-04-25T18:17:54.079+0000] {logging_mixin.py:188} INFO - [2026-04-25T18:17:54.078+0000] {dagbag.py:545} INFO - Filling up the DagBag from /opt/airflow/dags/dag_pipeline_complet.py
[2026-04-25T18:17:54.260+0000] {processor.py:840} INFO - DAG(s) 'pipeline_job_intelligent_kafka' retrieved from /opt/airflow/dags/dag_pipeline_complet.py
[2026-04-25T18:17:54.382+0000] {logging_mixin.py:188} INFO - [2026-04-25T18:17:54.381+0000] {dag.py:3096} INFO - Sync 1 DAGs
[2026-04-25T18:17:54.451+0000] {logging_mixin.py:188} INFO - [2026-04-25T18:17:54.451+0000] {dag.py:3954} INFO - Setting next_dagrun for pipeline_job_intelligent_kafka to 2026-04-24 06:00:00+00:00, run_after=2026-04-25 06:00:00+00:00
[2026-04-25T18:17:54.505+0000] {processor.py:183} INFO - Processing /opt/airflow/dags/dag_pipeline_complet.py took 0.441 seconds
[2026-04-25T18:18:24.659+0000] {processor.py:161} INFO - Started process (PID=1783) to work on /opt/airflow/dags/dag_pipeline_complet.py
[2026-04-25T18:18:24.661+0000] {processor.py:830} INFO - Processing file /opt/airflow/dags/dag_pipeline_complet.py for tasks to queue
[2026-04-25T18:18:24.665+0000] {logging_mixin.py:188} INFO - [2026-04-25T18:18:24.664+0000] {dagbag.py:545} INFO - Filling up the DagBag from /opt/airflow/dags/dag_pipeline_complet.py
[2026-04-25T18:18:24.704+0000] {processor.py:840} INFO - DAG(s) 'pipeline_job_intelligent_kafka' retrieved from /opt/airflow/dags/dag_pipeline_complet.py
[2026-04-25T18:18:24.773+0000] {logging_mixin.py:188} INFO - [2026-04-25T18:18:24.772+0000] {dag.py:3096} INFO - Sync 1 DAGs
[2026-04-25T18:18:24.856+0000] {logging_mixin.py:188} INFO - [2026-04-25T18:18:24.856+0000] {dag.py:3954} INFO - Setting next_dagrun for pipeline_job_intelligent_kafka to 2026-04-24 06:00:00+00:00, run_after=2026-04-25 06:00:00+00:00
[2026-04-25T18:18:24.903+0000] {processor.py:183} INFO - Processing /opt/airflow/dags/dag_pipeline_complet.py took 0.286 seconds
[2026-04-25T18:18:55.580+0000] {processor.py:161} INFO - Started process (PID=1797) to work on /opt/airflow/dags/dag_pipeline_complet.py
[2026-04-25T18:18:55.584+0000] {processor.py:830} INFO - Processing file /opt/airflow/dags/dag_pipeline_complet.py for tasks to queue
[2026-04-25T18:18:55.588+0000] {logging_mixin.py:188} INFO - [2026-04-25T18:18:55.587+0000] {dagbag.py:545} INFO - Filling up the DagBag from /opt/airflow/dags/dag_pipeline_complet.py
[2026-04-25T18:18:55.680+0000] {processor.py:840} INFO - DAG(s) 'pipeline_job_intelligent_kafka' retrieved from /opt/airflow/dags/dag_pipeline_complet.py
[2026-04-25T18:18:55.743+0000] {logging_mixin.py:188} INFO - [2026-04-25T18:18:55.742+0000] {dag.py:3096} INFO - Sync 1 DAGs
[2026-04-25T18:18:55.834+0000] {logging_mixin.py:188} INFO - [2026-04-25T18:18:55.833+0000] {dag.py:3954} INFO - Setting next_dagrun for pipeline_job_intelligent_kafka to 2026-04-24 06:00:00+00:00, run_after=2026-04-25 06:00:00+00:00
[2026-04-25T18:18:55.895+0000] {processor.py:183} INFO - Processing /opt/airflow/dags/dag_pipeline_complet.py took 0.349 seconds
[2026-04-25T18:19:26.952+0000] {processor.py:161} INFO - Started process (PID=1805) to work on /opt/airflow/dags/dag_pipeline_complet.py
[2026-04-25T18:19:26.954+0000] {processor.py:830} INFO - Processing file /opt/airflow/dags/dag_pipeline_complet.py for tasks to queue
[2026-04-25T18:19:26.956+0000] {logging_mixin.py:188} INFO - [2026-04-25T18:19:26.955+0000] {dagbag.py:545} INFO - Filling up the DagBag from /opt/airflow/dags/dag_pipeline_complet.py
[2026-04-25T18:19:27.013+0000] {processor.py:840} INFO - DAG(s) 'pipeline_job_intelligent_kafka' retrieved from /opt/airflow/dags/dag_pipeline_complet.py
[2026-04-25T18:19:27.110+0000] {logging_mixin.py:188} INFO - [2026-04-25T18:19:27.108+0000] {dag.py:3096} INFO - Sync 1 DAGs
[2026-04-25T18:19:27.161+0000] {logging_mixin.py:188} INFO - [2026-04-25T18:19:27.160+0000] {dag.py:3954} INFO - Setting next_dagrun for pipeline_job_intelligent_kafka to 2026-04-24 06:00:00+00:00, run_after=2026-04-25 06:00:00+00:00
[2026-04-25T18:19:27.208+0000] {processor.py:183} INFO - Processing /opt/airflow/dags/dag_pipeline_complet.py took 0.267 seconds
[2026-04-25T18:19:57.467+0000] {processor.py:161} INFO - Started process (PID=1820) to work on /opt/airflow/dags/dag_pipeline_complet.py
[2026-04-25T18:19:57.471+0000] {processor.py:830} INFO - Processing file /opt/airflow/dags/dag_pipeline_complet.py for tasks to queue
[2026-04-25T18:19:57.478+0000] {logging_mixin.py:188} INFO - [2026-04-25T18:19:57.477+0000] {dagbag.py:545} INFO - Filling up the DagBag from /opt/airflow/dags/dag_pipeline_complet.py
[2026-04-25T18:19:57.537+0000] {processor.py:840} INFO - DAG(s) 'pipeline_job_intelligent_kafka' retrieved from /opt/airflow/dags/dag_pipeline_complet.py
[2026-04-25T18:19:57.626+0000] {logging_mixin.py:188} INFO - [2026-04-25T18:19:57.626+0000] {dag.py:3096} INFO - Sync 1 DAGs
[2026-04-25T18:19:57.718+0000] {logging_mixin.py:188} INFO - [2026-04-25T18:19:57.717+0000] {dag.py:3954} INFO - Setting next_dagrun for pipeline_job_intelligent_kafka to 2026-04-24 06:00:00+00:00, run_after=2026-04-25 06:00:00+00:00
[2026-04-25T18:19:57.778+0000] {processor.py:183} INFO - Processing /opt/airflow/dags/dag_pipeline_complet.py took 0.336 seconds
[2026-04-25T18:20:28.714+0000] {processor.py:161} INFO - Started process (PID=1827) to work on /opt/airflow/dags/dag_pipeline_complet.py
[2026-04-25T18:20:28.716+0000] {processor.py:830} INFO - Processing file /opt/airflow/dags/dag_pipeline_complet.py for tasks to queue
[2026-04-25T18:20:28.719+0000] {logging_mixin.py:188} INFO - [2026-04-25T18:20:28.718+0000] {dagbag.py:545} INFO - Filling up the DagBag from /opt/airflow/dags/dag_pipeline_complet.py
[2026-04-25T18:20:28.788+0000] {processor.py:840} INFO - DAG(s) 'pipeline_job_intelligent_kafka' retrieved from /opt/airflow/dags/dag_pipeline_complet.py
[2026-04-25T18:20:28.866+0000] {logging_mixin.py:188} INFO - [2026-04-25T18:20:28.865+0000] {dag.py:3096} INFO - Sync 1 DAGs
[2026-04-25T18:20:28.910+0000] {logging_mixin.py:188} INFO - [2026-04-25T18:20:28.909+0000] {dag.py:3954} INFO - Setting next_dagrun for pipeline_job_intelligent_kafka to 2026-04-24 06:00:00+00:00, run_after=2026-04-25 06:00:00+00:00
[2026-04-25T18:20:28.952+0000] {processor.py:183} INFO - Processing /opt/airflow/dags/dag_pipeline_complet.py took 0.252 seconds
[2026-04-25T18:20:59.205+0000] {processor.py:161} INFO - Started process (PID=1841) to work on /opt/airflow/dags/dag_pipeline_complet.py
[2026-04-25T18:20:59.207+0000] {processor.py:830} INFO - Processing file /opt/airflow/dags/dag_pipeline_complet.py for tasks to queue
[2026-04-25T18:20:59.210+0000] {logging_mixin.py:188} INFO - [2026-04-25T18:20:59.209+0000] {dagbag.py:545} INFO - Filling up the DagBag from /opt/airflow/dags/dag_pipeline_complet.py
[2026-04-25T18:20:59.252+0000] {processor.py:840} INFO - DAG(s) 'pipeline_job_intelligent_kafka' retrieved from /opt/airflow/dags/dag_pipeline_complet.py
[2026-04-25T18:20:59.348+0000] {logging_mixin.py:188} INFO - [2026-04-25T18:20:59.348+0000] {dag.py:3096} INFO - Sync 1 DAGs
[2026-04-25T18:20:59.481+0000] {logging_mixin.py:188} INFO - [2026-04-25T18:20:59.481+0000] {dag.py:3954} INFO - Setting next_dagrun for pipeline_job_intelligent_kafka to 2026-04-24 06:00:00+00:00, run_after=2026-04-25 06:00:00+00:00
[2026-04-25T18:20:59.605+0000] {processor.py:183} INFO - Processing /opt/airflow/dags/dag_pipeline_complet.py took 0.413 seconds
[2026-04-25T18:21:29.862+0000] {processor.py:161} INFO - Started process (PID=1850) to work on /opt/airflow/dags/dag_pipeline_complet.py
[2026-04-25T18:21:29.865+0000] {processor.py:830} INFO - Processing file /opt/airflow/dags/dag_pipeline_complet.py for tasks to queue
[2026-04-25T18:21:29.868+0000] {logging_mixin.py:188} INFO - [2026-04-25T18:21:29.867+0000] {dagbag.py:545} INFO - Filling up the DagBag from /opt/airflow/dags/dag_pipeline_complet.py
[2026-04-25T18:21:29.915+0000] {processor.py:840} INFO - DAG(s) 'pipeline_job_intelligent_kafka' retrieved from /opt/airflow/dags/dag_pipeline_complet.py
[2026-04-25T18:21:30.016+0000] {logging_mixin.py:188} INFO - [2026-04-25T18:21:30.015+0000] {dag.py:3096} INFO - Sync 1 DAGs
[2026-04-25T18:21:30.068+0000] {logging_mixin.py:188} INFO - [2026-04-25T18:21:30.068+0000] {dag.py:3954} INFO - Setting next_dagrun for pipeline_job_intelligent_kafka to 2026-04-24 06:00:00+00:00, run_after=2026-04-25 06:00:00+00:00
[2026-04-25T18:21:30.125+0000] {processor.py:183} INFO - Processing /opt/airflow/dags/dag_pipeline_complet.py took 0.281 seconds
[2026-04-25T18:22:00.360+0000] {processor.py:161} INFO - Started process (PID=1863) to work on /opt/airflow/dags/dag_pipeline_complet.py
[2026-04-25T18:22:00.364+0000] {processor.py:830} INFO - Processing file /opt/airflow/dags/dag_pipeline_complet.py for tasks to queue
[2026-04-25T18:22:00.367+0000] {logging_mixin.py:188} INFO - [2026-04-25T18:22:00.366+0000] {dagbag.py:545} INFO - Filling up the DagBag from /opt/airflow/dags/dag_pipeline_complet.py
[2026-04-25T18:22:00.478+0000] {processor.py:840} INFO - DAG(s) 'pipeline_job_intelligent_kafka' retrieved from /opt/airflow/dags/dag_pipeline_complet.py
[2026-04-25T18:22:00.668+0000] {logging_mixin.py:188} INFO - [2026-04-25T18:22:00.667+0000] {dag.py:3096} INFO - Sync 1 DAGs
[2026-04-25T18:22:00.766+0000] {logging_mixin.py:188} INFO - [2026-04-25T18:22:00.765+0000] {dag.py:3954} INFO - Setting next_dagrun for pipeline_job_intelligent_kafka to 2026-04-24 06:00:00+00:00, run_after=2026-04-25 06:00:00+00:00
[2026-04-25T18:22:00.855+0000] {processor.py:183} INFO - Processing /opt/airflow/dags/dag_pipeline_complet.py took 0.546 seconds
[2026-04-25T18:22:31.418+0000] {processor.py:161} INFO - Started process (PID=1871) to work on /opt/airflow/dags/dag_pipeline_complet.py
[2026-04-25T18:22:31.421+0000] {processor.py:830} INFO - Processing file /opt/airflow/dags/dag_pipeline_complet.py for tasks to queue
[2026-04-25T18:22:31.434+0000] {logging_mixin.py:188} INFO - [2026-04-25T18:22:31.433+0000] {dagbag.py:545} INFO - Filling up the DagBag from /opt/airflow/dags/dag_pipeline_complet.py
[2026-04-25T18:22:31.499+0000] {processor.py:840} INFO - DAG(s) 'pipeline_job_intelligent_kafka' retrieved from /opt/airflow/dags/dag_pipeline_complet.py
[2026-04-25T18:22:31.596+0000] {logging_mixin.py:188} INFO - [2026-04-25T18:22:31.595+0000] {dag.py:3096} INFO - Sync 1 DAGs
[2026-04-25T18:22:31.643+0000] {logging_mixin.py:188} INFO - [2026-04-25T18:22:31.643+0000] {dag.py:3954} INFO - Setting next_dagrun for pipeline_job_intelligent_kafka to 2026-04-24 06:00:00+00:00, run_after=2026-04-25 06:00:00+00:00
[2026-04-25T18:22:31.689+0000] {processor.py:183} INFO - Processing /opt/airflow/dags/dag_pipeline_complet.py took 0.298 seconds
[2026-04-25T18:23:02.302+0000] {processor.py:161} INFO - Started process (PID=1884) to work on /opt/airflow/dags/dag_pipeline_complet.py
[2026-04-25T18:23:02.304+0000] {processor.py:830} INFO - Processing file /opt/airflow/dags/dag_pipeline_complet.py for tasks to queue
[2026-04-25T18:23:02.308+0000] {logging_mixin.py:188} INFO - [2026-04-25T18:23:02.306+0000] {dagbag.py:545} INFO - Filling up the DagBag from /opt/airflow/dags/dag_pipeline_complet.py
[2026-04-25T18:23:02.360+0000] {processor.py:840} INFO - DAG(s) 'pipeline_job_intelligent_kafka' retrieved from /opt/airflow/dags/dag_pipeline_complet.py
[2026-04-25T18:23:02.447+0000] {logging_mixin.py:188} INFO - [2026-04-25T18:23:02.446+0000] {dag.py:3096} INFO - Sync 1 DAGs
[2026-04-25T18:23:02.494+0000] {logging_mixin.py:188} INFO - [2026-04-25T18:23:02.494+0000] {dag.py:3954} INFO - Setting next_dagrun for pipeline_job_intelligent_kafka to 2026-04-24 06:00:00+00:00, run_after=2026-04-25 06:00:00+00:00
[2026-04-25T18:23:02.539+0000] {processor.py:183} INFO - Processing /opt/airflow/dags/dag_pipeline_complet.py took 0.256 seconds
[2026-04-25T18:23:33.025+0000] {processor.py:161} INFO - Started process (PID=1892) to work on /opt/airflow/dags/dag_pipeline_complet.py
[2026-04-25T18:23:33.027+0000] {processor.py:830} INFO - Processing file /opt/airflow/dags/dag_pipeline_complet.py for tasks to queue
[2026-04-25T18:23:33.029+0000] {logging_mixin.py:188} INFO - [2026-04-25T18:23:33.028+0000] {dagbag.py:545} INFO - Filling up the DagBag from /opt/airflow/dags/dag_pipeline_complet.py
[2026-04-25T18:23:33.068+0000] {processor.py:840} INFO - DAG(s) 'pipeline_job_intelligent_kafka' retrieved from /opt/airflow/dags/dag_pipeline_complet.py
[2026-04-25T18:23:33.149+0000] {logging_mixin.py:188} INFO - [2026-04-25T18:23:33.148+0000] {dag.py:3096} INFO - Sync 1 DAGs
[2026-04-25T18:23:33.202+0000] {logging_mixin.py:188} INFO - [2026-04-25T18:23:33.201+0000] {dag.py:3954} INFO - Setting next_dagrun for pipeline_job_intelligent_kafka to 2026-04-24 06:00:00+00:00, run_after=2026-04-25 06:00:00+00:00
[2026-04-25T18:23:33.245+0000] {processor.py:183} INFO - Processing /opt/airflow/dags/dag_pipeline_complet.py took 0.231 seconds
[2026-04-25T18:24:04.225+0000] {processor.py:161} INFO - Started process (PID=1907) to work on /opt/airflow/dags/dag_pipeline_complet.py
[2026-04-25T18:24:04.237+0000] {processor.py:830} INFO - Processing file /opt/airflow/dags/dag_pipeline_complet.py for tasks to queue
[2026-04-25T18:24:04.258+0000] {logging_mixin.py:188} INFO - [2026-04-25T18:24:04.257+0000] {dagbag.py:545} INFO - Filling up the DagBag from /opt/airflow/dags/dag_pipeline_complet.py
[2026-04-25T18:24:04.370+0000] {processor.py:840} INFO - DAG(s) 'pipeline_job_intelligent_kafka' retrieved from /opt/airflow/dags/dag_pipeline_complet.py
[2026-04-25T18:24:04.549+0000] {logging_mixin.py:188} INFO - [2026-04-25T18:24:04.548+0000] {dag.py:3096} INFO - Sync 1 DAGs
[2026-04-25T18:24:04.743+0000] {logging_mixin.py:188} INFO - [2026-04-25T18:24:04.742+0000] {dag.py:3954} INFO - Setting next_dagrun for pipeline_job_intelligent_kafka to 2026-04-24 06:00:00+00:00, run_after=2026-04-25 06:00:00+00:00
[2026-04-25T18:24:04.909+0000] {processor.py:183} INFO - Processing /opt/airflow/dags/dag_pipeline_complet.py took 0.755 seconds
[2026-04-25T18:24:36.603+0000] {processor.py:161} INFO - Started process (PID=1915) to work on /opt/airflow/dags/dag_pipeline_complet.py
[2026-04-25T18:24:36.752+0000] {processor.py:830} INFO - Processing file /opt/airflow/dags/dag_pipeline_complet.py for tasks to queue
[2026-04-25T18:24:36.770+0000] {logging_mixin.py:188} INFO - [2026-04-25T18:24:36.769+0000] {dagbag.py:545} INFO - Filling up the DagBag from /opt/airflow/dags/dag_pipeline_complet.py
[2026-04-25T18:24:37.871+0000] {processor.py:840} INFO - DAG(s) 'pipeline_job_intelligent_kafka' retrieved from /opt/airflow/dags/dag_pipeline_complet.py
[2026-04-25T18:24:38.878+0000] {logging_mixin.py:188} INFO - [2026-04-25T18:24:38.870+0000] {dag.py:3096} INFO - Sync 1 DAGs
[2026-04-25T18:24:39.525+0000] {logging_mixin.py:188} INFO - [2026-04-25T18:24:39.524+0000] {dag.py:3954} INFO - Setting next_dagrun for pipeline_job_intelligent_kafka to 2026-04-24 06:00:00+00:00, run_after=2026-04-25 06:00:00+00:00
[2026-04-25T18:24:40.131+0000] {processor.py:183} INFO - Processing /opt/airflow/dags/dag_pipeline_complet.py took 3.769 seconds
[2026-04-25T18:25:12.490+0000] {processor.py:161} INFO - Started process (PID=1928) to work on /opt/airflow/dags/dag_pipeline_complet.py
[2026-04-25T18:25:12.537+0000] {processor.py:830} INFO - Processing file /opt/airflow/dags/dag_pipeline_complet.py for tasks to queue
[2026-04-25T18:25:12.554+0000] {logging_mixin.py:188} INFO - [2026-04-25T18:25:12.553+0000] {dagbag.py:545} INFO - Filling up the DagBag from /opt/airflow/dags/dag_pipeline_complet.py
[2026-04-25T18:25:13.295+0000] {processor.py:840} INFO - DAG(s) 'pipeline_job_intelligent_kafka' retrieved from /opt/airflow/dags/dag_pipeline_complet.py
[2026-04-25T18:25:14.120+0000] {logging_mixin.py:188} INFO - [2026-04-25T18:25:14.119+0000] {dag.py:3096} INFO - Sync 1 DAGs
[2026-04-25T18:25:14.776+0000] {logging_mixin.py:188} INFO - [2026-04-25T18:25:14.763+0000] {dag.py:3954} INFO - Setting next_dagrun for pipeline_job_intelligent_kafka to 2026-04-24 06:00:00+00:00, run_after=2026-04-25 06:00:00+00:00
[2026-04-25T18:25:15.020+0000] {processor.py:183} INFO - Processing /opt/airflow/dags/dag_pipeline_complet.py took 2.643 seconds
[2026-04-25T18:25:45.738+0000] {processor.py:161} INFO - Started process (PID=1942) to work on /opt/airflow/dags/dag_pipeline_complet.py
[2026-04-25T18:25:45.783+0000] {processor.py:830} INFO - Processing file /opt/airflow/dags/dag_pipeline_complet.py for tasks to queue
[2026-04-25T18:25:45.800+0000] {logging_mixin.py:188} INFO - [2026-04-25T18:25:45.799+0000] {dagbag.py:545} INFO - Filling up the DagBag from /opt/airflow/dags/dag_pipeline_complet.py
[2026-04-25T18:25:46.301+0000] {processor.py:840} INFO - DAG(s) 'pipeline_job_intelligent_kafka' retrieved from /opt/airflow/dags/dag_pipeline_complet.py
[2026-04-25T18:25:46.741+0000] {logging_mixin.py:188} INFO - [2026-04-25T18:25:46.740+0000] {dag.py:3096} INFO - Sync 1 DAGs
[2026-04-25T18:25:47.061+0000] {logging_mixin.py:188} INFO - [2026-04-25T18:25:47.060+0000] {dag.py:3954} INFO - Setting next_dagrun for pipeline_job_intelligent_kafka to 2026-04-24 06:00:00+00:00, run_after=2026-04-25 06:00:00+00:00
[2026-04-25T18:25:47.382+0000] {processor.py:183} INFO - Processing /opt/airflow/dags/dag_pipeline_complet.py took 1.704 seconds
[2026-04-25T18:26:17.956+0000] {processor.py:161} INFO - Started process (PID=1950) to work on /opt/airflow/dags/dag_pipeline_complet.py
[2026-04-25T18:26:17.977+0000] {processor.py:830} INFO - Processing file /opt/airflow/dags/dag_pipeline_complet.py for tasks to queue
[2026-04-25T18:26:17.979+0000] {logging_mixin.py:188} INFO - [2026-04-25T18:26:17.978+0000] {dagbag.py:545} INFO - Filling up the DagBag from /opt/airflow/dags/dag_pipeline_complet.py
[2026-04-25T18:26:18.188+0000] {processor.py:840} INFO - DAG(s) 'pipeline_job_intelligent_kafka' retrieved from /opt/airflow/dags/dag_pipeline_complet.py
[2026-04-25T18:26:18.466+0000] {logging_mixin.py:188} INFO - [2026-04-25T18:26:18.465+0000] {dag.py:3096} INFO - Sync 1 DAGs
[2026-04-25T18:26:18.667+0000] {logging_mixin.py:188} INFO - [2026-04-25T18:26:18.666+0000] {dag.py:3954} INFO - Setting next_dagrun for pipeline_job_intelligent_kafka to 2026-04-24 06:00:00+00:00, run_after=2026-04-25 06:00:00+00:00
[2026-04-25T18:26:18.936+0000] {processor.py:183} INFO - Processing /opt/airflow/dags/dag_pipeline_complet.py took 1.011 seconds
[2026-04-25T18:26:49.556+0000] {processor.py:161} INFO - Started process (PID=1965) to work on /opt/airflow/dags/dag_pipeline_complet.py
[2026-04-25T18:26:49.601+0000] {processor.py:830} INFO - Processing file /opt/airflow/dags/dag_pipeline_complet.py for tasks to queue
[2026-04-25T18:26:49.618+0000] {logging_mixin.py:188} INFO - [2026-04-25T18:26:49.617+0000] {dagbag.py:545} INFO - Filling up the DagBag from /opt/airflow/dags/dag_pipeline_complet.py
[2026-04-25T18:26:50.057+0000] {processor.py:840} INFO - DAG(s) 'pipeline_job_intelligent_kafka' retrieved from /opt/airflow/dags/dag_pipeline_complet.py
[2026-04-25T18:26:50.718+0000] {logging_mixin.py:188} INFO - [2026-04-25T18:26:50.717+0000] {dag.py:3096} INFO - Sync 1 DAGs
[2026-04-25T18:26:51.107+0000] {logging_mixin.py:188} INFO - [2026-04-25T18:26:51.107+0000] {dag.py:3954} INFO - Setting next_dagrun for pipeline_job_intelligent_kafka to 2026-04-24 06:00:00+00:00, run_after=2026-04-25 06:00:00+00:00
[2026-04-25T18:26:51.494+0000] {processor.py:183} INFO - Processing /opt/airflow/dags/dag_pipeline_complet.py took 1.991 seconds
[2026-04-25T18:27:24.615+0000] {processor.py:161} INFO - Started process (PID=1973) to work on /opt/airflow/dags/dag_pipeline_complet.py
[2026-04-25T18:27:24.647+0000] {processor.py:830} INFO - Processing file /opt/airflow/dags/dag_pipeline_complet.py for tasks to queue
[2026-04-25T18:27:24.695+0000] {logging_mixin.py:188} INFO - [2026-04-25T18:27:24.667+0000] {dagbag.py:545} INFO - Filling up the DagBag from /opt/airflow/dags/dag_pipeline_complet.py
[2026-04-25T18:27:25.111+0000] {processor.py:840} INFO - DAG(s) 'pipeline_job_intelligent_kafka' retrieved from /opt/airflow/dags/dag_pipeline_complet.py
[2026-04-25T18:27:25.602+0000] {logging_mixin.py:188} INFO - [2026-04-25T18:27:25.601+0000] {dag.py:3096} INFO - Sync 1 DAGs
[2026-04-25T18:27:25.978+0000] {logging_mixin.py:188} INFO - [2026-04-25T18:27:25.977+0000] {dag.py:3954} INFO - Setting next_dagrun for pipeline_job_intelligent_kafka to 2026-04-24 06:00:00+00:00, run_after=2026-04-25 06:00:00+00:00
[2026-04-25T18:27:26.367+0000] {processor.py:183} INFO - Processing /opt/airflow/dags/dag_pipeline_complet.py took 1.848 seconds
[2026-04-25T18:27:57.694+0000] {processor.py:161} INFO - Started process (PID=1986) to work on /opt/airflow/dags/dag_pipeline_complet.py
[2026-04-25T18:27:57.754+0000] {processor.py:830} INFO - Processing file /opt/airflow/dags/dag_pipeline_complet.py for tasks to queue
[2026-04-25T18:27:57.785+0000] {logging_mixin.py:188} INFO - [2026-04-25T18:27:57.784+0000] {dagbag.py:545} INFO - Filling up the DagBag from /opt/airflow/dags/dag_pipeline_complet.py
[2026-04-25T18:27:58.561+0000] {processor.py:840} INFO - DAG(s) 'pipeline_job_intelligent_kafka' retrieved from /opt/airflow/dags/dag_pipeline_complet.py
[2026-04-25T18:27:58.818+0000] {logging_mixin.py:188} INFO - [2026-04-25T18:27:58.817+0000] {dag.py:3096} INFO - Sync 1 DAGs
[2026-04-25T18:27:59.159+0000] {logging_mixin.py:188} INFO - [2026-04-25T18:27:59.158+0000] {dag.py:3954} INFO - Setting next_dagrun for pipeline_job_intelligent_kafka to 2026-04-24 06:00:00+00:00, run_after=2026-04-25 06:00:00+00:00
[2026-04-25T18:27:59.575+0000] {processor.py:183} INFO - Processing /opt/airflow/dags/dag_pipeline_complet.py took 1.977 seconds
[2026-04-25T18:28:30.647+0000] {processor.py:161} INFO - Started process (PID=2001) to work on /opt/airflow/dags/dag_pipeline_complet.py
[2026-04-25T18:28:30.652+0000] {processor.py:830} INFO - Processing file /opt/airflow/dags/dag_pipeline_complet.py for tasks to queue
[2026-04-25T18:28:30.657+0000] {logging_mixin.py:188} INFO - [2026-04-25T18:28:30.656+0000] {dagbag.py:545} INFO - Filling up the DagBag from /opt/airflow/dags/dag_pipeline_complet.py
[2026-04-25T18:28:30.774+0000] {processor.py:840} INFO - DAG(s) 'pipeline_job_intelligent_kafka' retrieved from /opt/airflow/dags/dag_pipeline_complet.py
[2026-04-25T18:28:30.857+0000] {logging_mixin.py:188} INFO - [2026-04-25T18:28:30.856+0000] {dag.py:3096} INFO - Sync 1 DAGs
[2026-04-25T18:28:30.928+0000] {logging_mixin.py:188} INFO - [2026-04-25T18:28:30.927+0000] {dag.py:3954} INFO - Setting next_dagrun for pipeline_job_intelligent_kafka to 2026-04-24 06:00:00+00:00, run_after=2026-04-25 06:00:00+00:00
[2026-04-25T18:28:31.009+0000] {processor.py:183} INFO - Processing /opt/airflow/dags/dag_pipeline_complet.py took 0.398 seconds
[2026-04-25T18:29:01.841+0000] {processor.py:161} INFO - Started process (PID=2009) to work on /opt/airflow/dags/dag_pipeline_complet.py
[2026-04-25T18:29:01.855+0000] {processor.py:830} INFO - Processing file /opt/airflow/dags/dag_pipeline_complet.py for tasks to queue
[2026-04-25T18:29:01.859+0000] {logging_mixin.py:188} INFO - [2026-04-25T18:29:01.858+0000] {dagbag.py:545} INFO - Filling up the DagBag from /opt/airflow/dags/dag_pipeline_complet.py
[2026-04-25T18:29:02.054+0000] {processor.py:840} INFO - DAG(s) 'pipeline_job_intelligent_kafka' retrieved from /opt/airflow/dags/dag_pipeline_complet.py
[2026-04-25T18:29:02.151+0000] {logging_mixin.py:188} INFO - [2026-04-25T18:29:02.150+0000] {dag.py:3096} INFO - Sync 1 DAGs
[2026-04-25T18:29:02.208+0000] {logging_mixin.py:188} INFO - [2026-04-25T18:29:02.207+0000] {dag.py:3954} INFO - Setting next_dagrun for pipeline_job_intelligent_kafka to 2026-04-24 06:00:00+00:00, run_after=2026-04-25 06:00:00+00:00
[2026-04-25T18:29:02.259+0000] {processor.py:183} INFO - Processing /opt/airflow/dags/dag_pipeline_complet.py took 0.455 seconds
[2026-04-25T18:29:32.610+0000] {processor.py:161} INFO - Started process (PID=2023) to work on /opt/airflow/dags/dag_pipeline_complet.py
[2026-04-25T18:29:32.612+0000] {processor.py:830} INFO - Processing file /opt/airflow/dags/dag_pipeline_complet.py for tasks to queue
[2026-04-25T18:29:32.614+0000] {logging_mixin.py:188} INFO - [2026-04-25T18:29:32.613+0000] {dagbag.py:545} INFO - Filling up the DagBag from /opt/airflow/dags/dag_pipeline_complet.py
[2026-04-25T18:29:32.651+0000] {processor.py:840} INFO - DAG(s) 'pipeline_job_intelligent_kafka' retrieved from /opt/airflow/dags/dag_pipeline_complet.py
[2026-04-25T18:29:32.718+0000] {logging_mixin.py:188} INFO - [2026-04-25T18:29:32.717+0000] {dag.py:3096} INFO - Sync 1 DAGs
[2026-04-25T18:29:32.765+0000] {logging_mixin.py:188} INFO - [2026-04-25T18:29:32.764+0000] {dag.py:3954} INFO - Setting next_dagrun for pipeline_job_intelligent_kafka to 2026-04-24 06:00:00+00:00, run_after=2026-04-25 06:00:00+00:00
[2026-04-25T18:29:32.853+0000] {processor.py:183} INFO - Processing /opt/airflow/dags/dag_pipeline_complet.py took 0.253 seconds
[2026-04-25T18:30:05.457+0000] {processor.py:161} INFO - Started process (PID=2030) to work on /opt/airflow/dags/dag_pipeline_complet.py
[2026-04-25T18:30:05.473+0000] {processor.py:830} INFO - Processing file /opt/airflow/dags/dag_pipeline_complet.py for tasks to queue
[2026-04-25T18:30:05.487+0000] {logging_mixin.py:188} INFO - [2026-04-25T18:30:05.486+0000] {dagbag.py:545} INFO - Filling up the DagBag from /opt/airflow/dags/dag_pipeline_complet.py
[2026-04-25T18:30:06.770+0000] {processor.py:840} INFO - DAG(s) 'pipeline_job_intelligent_kafka' retrieved from /opt/airflow/dags/dag_pipeline_complet.py
[2026-04-25T18:30:07.032+0000] {logging_mixin.py:188} INFO - [2026-04-25T18:30:07.031+0000] {dag.py:3096} INFO - Sync 1 DAGs
[2026-04-25T18:30:07.216+0000] {logging_mixin.py:188} INFO - [2026-04-25T18:30:07.215+0000] {dag.py:3954} INFO - Setting next_dagrun for pipeline_job_intelligent_kafka to 2026-04-24 06:00:00+00:00, run_after=2026-04-25 06:00:00+00:00
[2026-04-25T18:30:07.613+0000] {processor.py:183} INFO - Processing /opt/airflow/dags/dag_pipeline_complet.py took 2.276 seconds
[2026-04-25T18:30:40.807+0000] {processor.py:161} INFO - Started process (PID=2045) to work on /opt/airflow/dags/dag_pipeline_complet.py
[2026-04-25T18:30:40.812+0000] {processor.py:830} INFO - Processing file /opt/airflow/dags/dag_pipeline_complet.py for tasks to queue
[2026-04-25T18:30:40.826+0000] {logging_mixin.py:188} INFO - [2026-04-25T18:30:40.825+0000] {dagbag.py:545} INFO - Filling up the DagBag from /opt/airflow/dags/dag_pipeline_complet.py
[2026-04-25T18:30:41.057+0000] {processor.py:840} INFO - DAG(s) 'pipeline_job_intelligent_kafka' retrieved from /opt/airflow/dags/dag_pipeline_complet.py
[2026-04-25T18:30:41.362+0000] {logging_mixin.py:188} INFO - [2026-04-25T18:30:41.362+0000] {dag.py:3096} INFO - Sync 1 DAGs
[2026-04-25T18:30:41.591+0000] {logging_mixin.py:188} INFO - [2026-04-25T18:30:41.591+0000] {dag.py:3954} INFO - Setting next_dagrun for pipeline_job_intelligent_kafka to 2026-04-24 06:00:00+00:00, run_after=2026-04-25 06:00:00+00:00
[2026-04-25T18:30:41.854+0000] {processor.py:183} INFO - Processing /opt/airflow/dags/dag_pipeline_complet.py took 1.140 seconds
[2026-04-25T18:31:12.709+0000] {processor.py:161} INFO - Started process (PID=2059) to work on /opt/airflow/dags/dag_pipeline_complet.py
[2026-04-25T18:31:12.720+0000] {processor.py:830} INFO - Processing file /opt/airflow/dags/dag_pipeline_complet.py for tasks to queue
[2026-04-25T18:31:12.729+0000] {logging_mixin.py:188} INFO - [2026-04-25T18:31:12.728+0000] {dagbag.py:545} INFO - Filling up the DagBag from /opt/airflow/dags/dag_pipeline_complet.py
[2026-04-25T18:31:12.814+0000] {processor.py:840} INFO - DAG(s) 'pipeline_job_intelligent_kafka' retrieved from /opt/airflow/dags/dag_pipeline_complet.py
[2026-04-25T18:31:12.921+0000] {logging_mixin.py:188} INFO - [2026-04-25T18:31:12.920+0000] {dag.py:3096} INFO - Sync 1 DAGs
[2026-04-25T18:31:12.976+0000] {logging_mixin.py:188} INFO - [2026-04-25T18:31:12.976+0000] {dag.py:3954} INFO - Setting next_dagrun for pipeline_job_intelligent_kafka to 2026-04-24 06:00:00+00:00, run_after=2026-04-25 06:00:00+00:00
[2026-04-25T18:31:13.040+0000] {processor.py:183} INFO - Processing /opt/airflow/dags/dag_pipeline_complet.py took 0.352 seconds
[2026-04-25T18:31:43.874+0000] {processor.py:161} INFO - Started process (PID=2067) to work on /opt/airflow/dags/dag_pipeline_complet.py
[2026-04-25T18:31:43.892+0000] {processor.py:830} INFO - Processing file /opt/airflow/dags/dag_pipeline_complet.py for tasks to queue
[2026-04-25T18:31:43.898+0000] {logging_mixin.py:188} INFO - [2026-04-25T18:31:43.896+0000] {dagbag.py:545} INFO - Filling up the DagBag from /opt/airflow/dags/dag_pipeline_complet.py
[2026-04-25T18:31:44.034+0000] {processor.py:840} INFO - DAG(s) 'pipeline_job_intelligent_kafka' retrieved from /opt/airflow/dags/dag_pipeline_complet.py
[2026-04-25T18:31:44.366+0000] {logging_mixin.py:188} INFO - [2026-04-25T18:31:44.366+0000] {dag.py:3096} INFO - Sync 1 DAGs
[2026-04-25T18:31:44.518+0000] {logging_mixin.py:188} INFO - [2026-04-25T18:31:44.517+0000] {dag.py:3954} INFO - Setting next_dagrun for pipeline_job_intelligent_kafka to 2026-04-24 06:00:00+00:00, run_after=2026-04-25 06:00:00+00:00
[2026-04-25T18:31:44.574+0000] {processor.py:183} INFO - Processing /opt/airflow/dags/dag_pipeline_complet.py took 0.745 seconds
[2026-04-25T18:32:14.804+0000] {processor.py:161} INFO - Started process (PID=2080) to work on /opt/airflow/dags/dag_pipeline_complet.py
[2026-04-25T18:32:14.806+0000] {processor.py:830} INFO - Processing file /opt/airflow/dags/dag_pipeline_complet.py for tasks to queue
[2026-04-25T18:32:14.808+0000] {logging_mixin.py:188} INFO - [2026-04-25T18:32:14.807+0000] {dagbag.py:545} INFO - Filling up the DagBag from /opt/airflow/dags/dag_pipeline_complet.py
[2026-04-25T18:32:14.862+0000] {processor.py:840} INFO - DAG(s) 'pipeline_job_intelligent_kafka' retrieved from /opt/airflow/dags/dag_pipeline_complet.py
[2026-04-25T18:32:15.003+0000] {logging_mixin.py:188} INFO - [2026-04-25T18:32:15.002+0000] {dag.py:3096} INFO - Sync 1 DAGs
[2026-04-25T18:32:15.082+0000] {logging_mixin.py:188} INFO - [2026-04-25T18:32:15.082+0000] {dag.py:3954} INFO - Setting next_dagrun for pipeline_job_intelligent_kafka to 2026-04-24 06:00:00+00:00, run_after=2026-04-25 06:00:00+00:00
[2026-04-25T18:32:15.135+0000] {processor.py:183} INFO - Processing /opt/airflow/dags/dag_pipeline_complet.py took 0.346 seconds
[2026-04-25T18:32:46.032+0000] {processor.py:161} INFO - Started process (PID=2088) to work on /opt/airflow/dags/dag_pipeline_complet.py
[2026-04-25T18:32:46.044+0000] {processor.py:830} INFO - Processing file /opt/airflow/dags/dag_pipeline_complet.py for tasks to queue
[2026-04-25T18:32:46.047+0000] {logging_mixin.py:188} INFO - [2026-04-25T18:32:46.046+0000] {dagbag.py:545} INFO - Filling up the DagBag from /opt/airflow/dags/dag_pipeline_complet.py
[2026-04-25T18:32:46.278+0000] {processor.py:840} INFO - DAG(s) 'pipeline_job_intelligent_kafka' retrieved from /opt/airflow/dags/dag_pipeline_complet.py
[2026-04-25T18:32:46.555+0000] {logging_mixin.py:188} INFO - [2026-04-25T18:32:46.555+0000] {dag.py:3096} INFO - Sync 1 DAGs
[2026-04-25T18:32:46.854+0000] {logging_mixin.py:188} INFO - [2026-04-25T18:32:46.853+0000] {dag.py:3954} INFO - Setting next_dagrun for pipeline_job_intelligent_kafka to 2026-04-24 06:00:00+00:00, run_after=2026-04-25 06:00:00+00:00
[2026-04-25T18:32:46.966+0000] {processor.py:183} INFO - Processing /opt/airflow/dags/dag_pipeline_complet.py took 0.952 seconds
[2026-04-25T18:33:17.671+0000] {processor.py:161} INFO - Started process (PID=2101) to work on /opt/airflow/dags/dag_pipeline_complet.py
[2026-04-25T18:33:17.674+0000] {processor.py:830} INFO - Processing file /opt/airflow/dags/dag_pipeline_complet.py for tasks to queue
[2026-04-25T18:33:17.676+0000] {logging_mixin.py:188} INFO - [2026-04-25T18:33:17.675+0000] {dagbag.py:545} INFO - Filling up the DagBag from /opt/airflow/dags/dag_pipeline_complet.py
[2026-04-25T18:33:17.716+0000] {processor.py:840} INFO - DAG(s) 'pipeline_job_intelligent_kafka' retrieved from /opt/airflow/dags/dag_pipeline_complet.py
[2026-04-25T18:33:17.805+0000] {logging_mixin.py:188} INFO - [2026-04-25T18:33:17.804+0000] {dag.py:3096} INFO - Sync 1 DAGs
[2026-04-25T18:33:17.865+0000] {logging_mixin.py:188} INFO - [2026-04-25T18:33:17.864+0000] {dag.py:3954} INFO - Setting next_dagrun for pipeline_job_intelligent_kafka to 2026-04-24 06:00:00+00:00, run_after=2026-04-25 06:00:00+00:00
[2026-04-25T18:33:17.932+0000] {processor.py:183} INFO - Processing /opt/airflow/dags/dag_pipeline_complet.py took 0.285 seconds
[2026-04-25T18:33:48.800+0000] {processor.py:161} INFO - Started process (PID=2109) to work on /opt/airflow/dags/dag_pipeline_complet.py
[2026-04-25T18:33:48.814+0000] {processor.py:830} INFO - Processing file /opt/airflow/dags/dag_pipeline_complet.py for tasks to queue
[2026-04-25T18:33:48.816+0000] {logging_mixin.py:188} INFO - [2026-04-25T18:33:48.816+0000] {dagbag.py:545} INFO - Filling up the DagBag from /opt/airflow/dags/dag_pipeline_complet.py
[2026-04-25T18:33:48.946+0000] {processor.py:840} INFO - DAG(s) 'pipeline_job_intelligent_kafka' retrieved from /opt/airflow/dags/dag_pipeline_complet.py
[2026-04-25T18:33:49.106+0000] {logging_mixin.py:188} INFO - [2026-04-25T18:33:49.106+0000] {dag.py:3096} INFO - Sync 1 DAGs
[2026-04-25T18:33:49.246+0000] {logging_mixin.py:188} INFO - [2026-04-25T18:33:49.245+0000] {dag.py:3954} INFO - Setting next_dagrun for pipeline_job_intelligent_kafka to 2026-04-24 06:00:00+00:00, run_after=2026-04-25 06:00:00+00:00
[2026-04-25T18:33:49.398+0000] {processor.py:183} INFO - Processing /opt/airflow/dags/dag_pipeline_complet.py took 0.621 seconds
[2026-04-25T18:34:19.838+0000] {processor.py:161} INFO - Started process (PID=2123) to work on /opt/airflow/dags/dag_pipeline_complet.py
[2026-04-25T18:34:19.840+0000] {processor.py:830} INFO - Processing file /opt/airflow/dags/dag_pipeline_complet.py for tasks to queue
[2026-04-25T18:34:19.854+0000] {logging_mixin.py:188} INFO - [2026-04-25T18:34:19.853+0000] {dagbag.py:545} INFO - Filling up the DagBag from /opt/airflow/dags/dag_pipeline_complet.py
[2026-04-25T18:34:19.975+0000] {processor.py:840} INFO - DAG(s) 'pipeline_job_intelligent_kafka' retrieved from /opt/airflow/dags/dag_pipeline_complet.py
[2026-04-25T18:34:20.207+0000] {logging_mixin.py:188} INFO - [2026-04-25T18:34:20.206+0000] {dag.py:3096} INFO - Sync 1 DAGs
[2026-04-25T18:34:20.416+0000] {logging_mixin.py:188} INFO - [2026-04-25T18:34:20.415+0000] {dag.py:3954} INFO - Setting next_dagrun for pipeline_job_intelligent_kafka to 2026-04-24 06:00:00+00:00, run_after=2026-04-25 06:00:00+00:00
[2026-04-25T18:34:20.616+0000] {processor.py:183} INFO - Processing /opt/airflow/dags/dag_pipeline_complet.py took 0.808 seconds
[2026-04-25T18:34:50.995+0000] {processor.py:161} INFO - Started process (PID=2131) to work on /opt/airflow/dags/dag_pipeline_complet.py
[2026-04-25T18:34:50.998+0000] {processor.py:830} INFO - Processing file /opt/airflow/dags/dag_pipeline_complet.py for tasks to queue
[2026-04-25T18:34:51.002+0000] {logging_mixin.py:188} INFO - [2026-04-25T18:34:51.001+0000] {dagbag.py:545} INFO - Filling up the DagBag from /opt/airflow/dags/dag_pipeline_complet.py
[2026-04-25T18:34:51.048+0000] {processor.py:840} INFO - DAG(s) 'pipeline_job_intelligent_kafka' retrieved from /opt/airflow/dags/dag_pipeline_complet.py
[2026-04-25T18:34:51.117+0000] {logging_mixin.py:188} INFO - [2026-04-25T18:34:51.116+0000] {dag.py:3096} INFO - Sync 1 DAGs
[2026-04-25T18:34:51.157+0000] {logging_mixin.py:188} INFO - [2026-04-25T18:34:51.157+0000] {dag.py:3954} INFO - Setting next_dagrun for pipeline_job_intelligent_kafka to 2026-04-24 06:00:00+00:00, run_after=2026-04-25 06:00:00+00:00
[2026-04-25T18:34:51.197+0000] {processor.py:183} INFO - Processing /opt/airflow/dags/dag_pipeline_complet.py took 0.231 seconds
[2026-04-25T18:35:21.519+0000] {processor.py:161} INFO - Started process (PID=2144) to work on /opt/airflow/dags/dag_pipeline_complet.py
[2026-04-25T18:35:21.521+0000] {processor.py:830} INFO - Processing file /opt/airflow/dags/dag_pipeline_complet.py for tasks to queue
[2026-04-25T18:35:21.526+0000] {logging_mixin.py:188} INFO - [2026-04-25T18:35:21.525+0000] {dagbag.py:545} INFO - Filling up the DagBag from /opt/airflow/dags/dag_pipeline_complet.py
[2026-04-25T18:35:21.597+0000] {processor.py:840} INFO - DAG(s) 'pipeline_job_intelligent_kafka' retrieved from /opt/airflow/dags/dag_pipeline_complet.py
[2026-04-25T18:35:21.763+0000] {logging_mixin.py:188} INFO - [2026-04-25T18:35:21.762+0000] {dag.py:3096} INFO - Sync 1 DAGs
[2026-04-25T18:35:21.839+0000] {logging_mixin.py:188} INFO - [2026-04-25T18:35:21.838+0000] {dag.py:3954} INFO - Setting next_dagrun for pipeline_job_intelligent_kafka to 2026-04-24 06:00:00+00:00, run_after=2026-04-25 06:00:00+00:00
[2026-04-25T18:35:21.897+0000] {processor.py:183} INFO - Processing /opt/airflow/dags/dag_pipeline_complet.py took 0.414 seconds
[2026-04-25T18:35:52.084+0000] {processor.py:161} INFO - Started process (PID=2153) to work on /opt/airflow/dags/dag_pipeline_complet.py
[2026-04-25T18:35:52.086+0000] {processor.py:830} INFO - Processing file /opt/airflow/dags/dag_pipeline_complet.py for tasks to queue
[2026-04-25T18:35:52.088+0000] {logging_mixin.py:188} INFO - [2026-04-25T18:35:52.088+0000] {dagbag.py:545} INFO - Filling up the DagBag from /opt/airflow/dags/dag_pipeline_complet.py
[2026-04-25T18:35:52.138+0000] {processor.py:840} INFO - DAG(s) 'pipeline_job_intelligent_kafka' retrieved from /opt/airflow/dags/dag_pipeline_complet.py
[2026-04-25T18:35:52.215+0000] {logging_mixin.py:188} INFO - [2026-04-25T18:35:52.215+0000] {dag.py:3096} INFO - Sync 1 DAGs
[2026-04-25T18:35:52.260+0000] {logging_mixin.py:188} INFO - [2026-04-25T18:35:52.260+0000] {dag.py:3954} INFO - Setting next_dagrun for pipeline_job_intelligent_kafka to 2026-04-24 06:00:00+00:00, run_after=2026-04-25 06:00:00+00:00
[2026-04-25T18:35:52.363+0000] {processor.py:183} INFO - Processing /opt/airflow/dags/dag_pipeline_complet.py took 0.292 seconds
[2026-04-25T18:36:22.784+0000] {processor.py:161} INFO - Started process (PID=2167) to work on /opt/airflow/dags/dag_pipeline_complet.py
[2026-04-25T18:36:22.786+0000] {processor.py:830} INFO - Processing file /opt/airflow/dags/dag_pipeline_complet.py for tasks to queue
[2026-04-25T18:36:22.790+0000] {logging_mixin.py:188} INFO - [2026-04-25T18:36:22.789+0000] {dagbag.py:545} INFO - Filling up the DagBag from /opt/airflow/dags/dag_pipeline_complet.py
[2026-04-25T18:36:22.876+0000] {processor.py:840} INFO - DAG(s) 'pipeline_job_intelligent_kafka' retrieved from /opt/airflow/dags/dag_pipeline_complet.py
[2026-04-25T18:36:23.277+0000] {logging_mixin.py:188} INFO - [2026-04-25T18:36:23.276+0000] {dag.py:3096} INFO - Sync 1 DAGs
[2026-04-25T18:36:23.398+0000] {logging_mixin.py:188} INFO - [2026-04-25T18:36:23.397+0000] {dag.py:3954} INFO - Setting next_dagrun for pipeline_job_intelligent_kafka to 2026-04-24 06:00:00+00:00, run_after=2026-04-25 06:00:00+00:00
[2026-04-25T18:36:23.465+0000] {processor.py:183} INFO - Processing /opt/airflow/dags/dag_pipeline_complet.py took 0.698 seconds
[2026-04-25T18:36:53.633+0000] {processor.py:161} INFO - Started process (PID=2182) to work on /opt/airflow/dags/dag_pipeline_complet.py
[2026-04-25T18:36:53.641+0000] {processor.py:830} INFO - Processing file /opt/airflow/dags/dag_pipeline_complet.py for tasks to queue
[2026-04-25T18:36:53.645+0000] {logging_mixin.py:188} INFO - [2026-04-25T18:36:53.644+0000] {dagbag.py:545} INFO - Filling up the DagBag from /opt/airflow/dags/dag_pipeline_complet.py
[2026-04-25T18:36:53.734+0000] {processor.py:840} INFO - DAG(s) 'pipeline_job_intelligent_kafka' retrieved from /opt/airflow/dags/dag_pipeline_complet.py
[2026-04-25T18:36:53.940+0000] {logging_mixin.py:188} INFO - [2026-04-25T18:36:53.939+0000] {dag.py:3096} INFO - Sync 1 DAGs
[2026-04-25T18:36:54.042+0000] {logging_mixin.py:188} INFO - [2026-04-25T18:36:54.041+0000] {dag.py:3954} INFO - Setting next_dagrun for pipeline_job_intelligent_kafka to 2026-04-24 06:00:00+00:00, run_after=2026-04-25 06:00:00+00:00
[2026-04-25T18:36:54.100+0000] {processor.py:183} INFO - Processing /opt/airflow/dags/dag_pipeline_complet.py took 0.490 seconds
[2026-04-25T18:37:24.875+0000] {processor.py:161} INFO - Started process (PID=2190) to work on /opt/airflow/dags/dag_pipeline_complet.py
[2026-04-25T18:37:24.878+0000] {processor.py:830} INFO - Processing file /opt/airflow/dags/dag_pipeline_complet.py for tasks to queue
[2026-04-25T18:37:24.881+0000] {logging_mixin.py:188} INFO - [2026-04-25T18:37:24.880+0000] {dagbag.py:545} INFO - Filling up the DagBag from /opt/airflow/dags/dag_pipeline_complet.py
[2026-04-25T18:37:25.042+0000] {processor.py:840} INFO - DAG(s) 'pipeline_job_intelligent_kafka' retrieved from /opt/airflow/dags/dag_pipeline_complet.py
[2026-04-25T18:37:25.124+0000] {logging_mixin.py:188} INFO - [2026-04-25T18:37:25.123+0000] {dag.py:3096} INFO - Sync 1 DAGs
[2026-04-25T18:37:25.187+0000] {logging_mixin.py:188} INFO - [2026-04-25T18:37:25.186+0000] {dag.py:3954} INFO - Setting next_dagrun for pipeline_job_intelligent_kafka to 2026-04-24 06:00:00+00:00, run_after=2026-04-25 06:00:00+00:00
[2026-04-25T18:37:25.229+0000] {processor.py:183} INFO - Processing /opt/airflow/dags/dag_pipeline_complet.py took 0.390 seconds
[2026-04-25T18:37:56.004+0000] {processor.py:161} INFO - Started process (PID=2205) to work on /opt/airflow/dags/dag_pipeline_complet.py
[2026-04-25T18:37:56.006+0000] {processor.py:830} INFO - Processing file /opt/airflow/dags/dag_pipeline_complet.py for tasks to queue
[2026-04-25T18:37:56.010+0000] {logging_mixin.py:188} INFO - [2026-04-25T18:37:56.007+0000] {dagbag.py:545} INFO - Filling up the DagBag from /opt/airflow/dags/dag_pipeline_complet.py
[2026-04-25T18:37:56.053+0000] {processor.py:840} INFO - DAG(s) 'pipeline_job_intelligent_kafka' retrieved from /opt/airflow/dags/dag_pipeline_complet.py
[2026-04-25T18:37:56.150+0000] {logging_mixin.py:188} INFO - [2026-04-25T18:37:56.149+0000] {dag.py:3096} INFO - Sync 1 DAGs
[2026-04-25T18:37:56.245+0000] {logging_mixin.py:188} INFO - [2026-04-25T18:37:56.242+0000] {dag.py:3954} INFO - Setting next_dagrun for pipeline_job_intelligent_kafka to 2026-04-24 06:00:00+00:00, run_after=2026-04-25 06:00:00+00:00
[2026-04-25T18:37:56.372+0000] {processor.py:183} INFO - Processing /opt/airflow/dags/dag_pipeline_complet.py took 0.382 seconds
[2026-04-25T18:38:26.595+0000] {processor.py:161} INFO - Started process (PID=2213) to work on /opt/airflow/dags/dag_pipeline_complet.py
[2026-04-25T18:38:26.604+0000] {processor.py:830} INFO - Processing file /opt/airflow/dags/dag_pipeline_complet.py for tasks to queue
[2026-04-25T18:38:26.607+0000] {logging_mixin.py:188} INFO - [2026-04-25T18:38:26.606+0000] {dagbag.py:545} INFO - Filling up the DagBag from /opt/airflow/dags/dag_pipeline_complet.py
[2026-04-25T18:38:26.670+0000] {processor.py:840} INFO - DAG(s) 'pipeline_job_intelligent_kafka' retrieved from /opt/airflow/dags/dag_pipeline_complet.py
[2026-04-25T18:38:26.746+0000] {logging_mixin.py:188} INFO - [2026-04-25T18:38:26.746+0000] {dag.py:3096} INFO - Sync 1 DAGs
[2026-04-25T18:38:26.804+0000] {logging_mixin.py:188} INFO - [2026-04-25T18:38:26.803+0000] {dag.py:3954} INFO - Setting next_dagrun for pipeline_job_intelligent_kafka to 2026-04-24 06:00:00+00:00, run_after=2026-04-25 06:00:00+00:00
[2026-04-25T18:38:26.855+0000] {processor.py:183} INFO - Processing /opt/airflow/dags/dag_pipeline_complet.py took 0.304 seconds
[2026-04-25T18:38:58.144+0000] {processor.py:161} INFO - Started process (PID=2227) to work on /opt/airflow/dags/dag_pipeline_complet.py
[2026-04-25T18:38:58.147+0000] {processor.py:830} INFO - Processing file /opt/airflow/dags/dag_pipeline_complet.py for tasks to queue
[2026-04-25T18:38:58.157+0000] {logging_mixin.py:188} INFO - [2026-04-25T18:38:58.148+0000] {dagbag.py:545} INFO - Filling up the DagBag from /opt/airflow/dags/dag_pipeline_complet.py
[2026-04-25T18:38:58.479+0000] {processor.py:840} INFO - DAG(s) 'pipeline_job_intelligent_kafka' retrieved from /opt/airflow/dags/dag_pipeline_complet.py
[2026-04-25T18:38:58.808+0000] {logging_mixin.py:188} INFO - [2026-04-25T18:38:58.807+0000] {dag.py:3096} INFO - Sync 1 DAGs
[2026-04-25T18:38:58.978+0000] {logging_mixin.py:188} INFO - [2026-04-25T18:38:58.978+0000] {dag.py:3954} INFO - Setting next_dagrun for pipeline_job_intelligent_kafka to 2026-04-24 06:00:00+00:00, run_after=2026-04-25 06:00:00+00:00
[2026-04-25T18:38:59.414+0000] {processor.py:183} INFO - Processing /opt/airflow/dags/dag_pipeline_complet.py took 1.306 seconds
[2026-04-25T18:39:29.847+0000] {processor.py:161} INFO - Started process (PID=2235) to work on /opt/airflow/dags/dag_pipeline_complet.py
[2026-04-25T18:39:29.850+0000] {processor.py:830} INFO - Processing file /opt/airflow/dags/dag_pipeline_complet.py for tasks to queue
[2026-04-25T18:39:29.852+0000] {logging_mixin.py:188} INFO - [2026-04-25T18:39:29.852+0000] {dagbag.py:545} INFO - Filling up the DagBag from /opt/airflow/dags/dag_pipeline_complet.py
[2026-04-25T18:39:29.984+0000] {processor.py:840} INFO - DAG(s) 'pipeline_job_intelligent_kafka' retrieved from /opt/airflow/dags/dag_pipeline_complet.py
[2026-04-25T18:39:30.187+0000] {logging_mixin.py:188} INFO - [2026-04-25T18:39:30.186+0000] {dag.py:3096} INFO - Sync 1 DAGs
[2026-04-25T18:39:30.453+0000] {logging_mixin.py:188} INFO - [2026-04-25T18:39:30.452+0000] {dag.py:3954} INFO - Setting next_dagrun for pipeline_job_intelligent_kafka to 2026-04-24 06:00:00+00:00, run_after=2026-04-25 06:00:00+00:00
[2026-04-25T18:39:30.589+0000] {processor.py:183} INFO - Processing /opt/airflow/dags/dag_pipeline_complet.py took 0.774 seconds
[2026-04-25T18:40:01.545+0000] {processor.py:161} INFO - Started process (PID=2249) to work on /opt/airflow/dags/dag_pipeline_complet.py
[2026-04-25T18:40:01.548+0000] {processor.py:830} INFO - Processing file /opt/airflow/dags/dag_pipeline_complet.py for tasks to queue
[2026-04-25T18:40:01.559+0000] {logging_mixin.py:188} INFO - [2026-04-25T18:40:01.559+0000] {dagbag.py:545} INFO - Filling up the DagBag from /opt/airflow/dags/dag_pipeline_complet.py
[2026-04-25T18:40:01.717+0000] {processor.py:840} INFO - DAG(s) 'pipeline_job_intelligent_kafka' retrieved from /opt/airflow/dags/dag_pipeline_complet.py
[2026-04-25T18:40:02.024+0000] {logging_mixin.py:188} INFO - [2026-04-25T18:40:02.023+0000] {dag.py:3096} INFO - Sync 1 DAGs
[2026-04-25T18:40:02.214+0000] {logging_mixin.py:188} INFO - [2026-04-25T18:40:02.214+0000] {dag.py:3954} INFO - Setting next_dagrun for pipeline_job_intelligent_kafka to 2026-04-24 06:00:00+00:00, run_after=2026-04-25 06:00:00+00:00
[2026-04-25T18:40:02.412+0000] {processor.py:183} INFO - Processing /opt/airflow/dags/dag_pipeline_complet.py took 0.900 seconds
[2026-04-25T18:40:33.561+0000] {processor.py:161} INFO - Started process (PID=2257) to work on /opt/airflow/dags/dag_pipeline_complet.py
[2026-04-25T18:40:33.564+0000] {processor.py:830} INFO - Processing file /opt/airflow/dags/dag_pipeline_complet.py for tasks to queue
[2026-04-25T18:40:33.576+0000] {logging_mixin.py:188} INFO - [2026-04-25T18:40:33.565+0000] {dagbag.py:545} INFO - Filling up the DagBag from /opt/airflow/dags/dag_pipeline_complet.py
[2026-04-25T18:40:33.706+0000] {processor.py:840} INFO - DAG(s) 'pipeline_job_intelligent_kafka' retrieved from /opt/airflow/dags/dag_pipeline_complet.py
[2026-04-25T18:40:33.942+0000] {logging_mixin.py:188} INFO - [2026-04-25T18:40:33.942+0000] {dag.py:3096} INFO - Sync 1 DAGs
[2026-04-25T18:40:34.165+0000] {logging_mixin.py:188} INFO - [2026-04-25T18:40:34.153+0000] {dag.py:3954} INFO - Setting next_dagrun for pipeline_job_intelligent_kafka to 2026-04-24 06:00:00+00:00, run_after=2026-04-25 06:00:00+00:00
[2026-04-25T18:40:34.393+0000] {processor.py:183} INFO - Processing /opt/airflow/dags/dag_pipeline_complet.py took 0.875 seconds
[2026-04-25T18:41:05.107+0000] {processor.py:161} INFO - Started process (PID=2270) to work on /opt/airflow/dags/dag_pipeline_complet.py
[2026-04-25T18:41:05.111+0000] {processor.py:830} INFO - Processing file /opt/airflow/dags/dag_pipeline_complet.py for tasks to queue
[2026-04-25T18:41:05.113+0000] {logging_mixin.py:188} INFO - [2026-04-25T18:41:05.112+0000] {dagbag.py:545} INFO - Filling up the DagBag from /opt/airflow/dags/dag_pipeline_complet.py
[2026-04-25T18:41:05.292+0000] {processor.py:840} INFO - DAG(s) 'pipeline_job_intelligent_kafka' retrieved from /opt/airflow/dags/dag_pipeline_complet.py
[2026-04-25T18:41:05.512+0000] {logging_mixin.py:188} INFO - [2026-04-25T18:41:05.511+0000] {dag.py:3096} INFO - Sync 1 DAGs
[2026-04-25T18:41:05.624+0000] {logging_mixin.py:188} INFO - [2026-04-25T18:41:05.624+0000] {dag.py:3954} INFO - Setting next_dagrun for pipeline_job_intelligent_kafka to 2026-04-24 06:00:00+00:00, run_after=2026-04-25 06:00:00+00:00
[2026-04-25T18:41:05.778+0000] {processor.py:183} INFO - Processing /opt/airflow/dags/dag_pipeline_complet.py took 0.703 seconds
[2026-04-25T18:41:37.889+0000] {processor.py:161} INFO - Started process (PID=2278) to work on /opt/airflow/dags/dag_pipeline_complet.py
[2026-04-25T18:41:37.906+0000] {processor.py:830} INFO - Processing file /opt/airflow/dags/dag_pipeline_complet.py for tasks to queue
[2026-04-25T18:41:37.940+0000] {logging_mixin.py:188} INFO - [2026-04-25T18:41:37.939+0000] {dagbag.py:545} INFO - Filling up the DagBag from /opt/airflow/dags/dag_pipeline_complet.py
[2026-04-25T18:41:38.543+0000] {processor.py:840} INFO - DAG(s) 'pipeline_job_intelligent_kafka' retrieved from /opt/airflow/dags/dag_pipeline_complet.py
[2026-04-25T18:41:38.759+0000] {logging_mixin.py:188} INFO - [2026-04-25T18:41:38.758+0000] {dag.py:3096} INFO - Sync 1 DAGs
[2026-04-25T18:41:38.916+0000] {logging_mixin.py:188} INFO - [2026-04-25T18:41:38.915+0000] {dag.py:3954} INFO - Setting next_dagrun for pipeline_job_intelligent_kafka to 2026-04-24 06:00:00+00:00, run_after=2026-04-25 06:00:00+00:00
[2026-04-25T18:41:39.019+0000] {processor.py:183} INFO - Processing /opt/airflow/dags/dag_pipeline_complet.py took 1.154 seconds
[2026-04-25T18:42:10.193+0000] {processor.py:161} INFO - Started process (PID=2291) to work on /opt/airflow/dags/dag_pipeline_complet.py
[2026-04-25T18:42:10.201+0000] {processor.py:830} INFO - Processing file /opt/airflow/dags/dag_pipeline_complet.py for tasks to queue
[2026-04-25T18:42:10.205+0000] {logging_mixin.py:188} INFO - [2026-04-25T18:42:10.205+0000] {dagbag.py:545} INFO - Filling up the DagBag from /opt/airflow/dags/dag_pipeline_complet.py
[2026-04-25T18:42:10.270+0000] {processor.py:840} INFO - DAG(s) 'pipeline_job_intelligent_kafka' retrieved from /opt/airflow/dags/dag_pipeline_complet.py
[2026-04-25T18:42:10.404+0000] {logging_mixin.py:188} INFO - [2026-04-25T18:42:10.403+0000] {dag.py:3096} INFO - Sync 1 DAGs
[2026-04-25T18:42:10.706+0000] {logging_mixin.py:188} INFO - [2026-04-25T18:42:10.706+0000] {dag.py:3954} INFO - Setting next_dagrun for pipeline_job_intelligent_kafka to 2026-04-24 06:00:00+00:00, run_after=2026-04-25 06:00:00+00:00
[2026-04-25T18:42:11.000+0000] {processor.py:183} INFO - Processing /opt/airflow/dags/dag_pipeline_complet.py took 0.842 seconds
[2026-04-25T18:42:41.493+0000] {processor.py:161} INFO - Started process (PID=2306) to work on /opt/airflow/dags/dag_pipeline_complet.py
[2026-04-25T18:42:41.495+0000] {processor.py:830} INFO - Processing file /opt/airflow/dags/dag_pipeline_complet.py for tasks to queue
[2026-04-25T18:42:41.496+0000] {logging_mixin.py:188} INFO - [2026-04-25T18:42:41.496+0000] {dagbag.py:545} INFO - Filling up the DagBag from /opt/airflow/dags/dag_pipeline_complet.py
[2026-04-25T18:42:41.578+0000] {processor.py:840} INFO - DAG(s) 'pipeline_job_intelligent_kafka' retrieved from /opt/airflow/dags/dag_pipeline_complet.py
[2026-04-25T18:42:41.703+0000] {logging_mixin.py:188} INFO - [2026-04-25T18:42:41.702+0000] {dag.py:3096} INFO - Sync 1 DAGs
[2026-04-25T18:42:41.751+0000] {logging_mixin.py:188} INFO - [2026-04-25T18:42:41.751+0000] {dag.py:3954} INFO - Setting next_dagrun for pipeline_job_intelligent_kafka to 2026-04-24 06:00:00+00:00, run_after=2026-04-25 06:00:00+00:00
[2026-04-25T18:42:41.817+0000] {processor.py:183} INFO - Processing /opt/airflow/dags/dag_pipeline_complet.py took 0.338 seconds
[2026-04-25T18:43:12.142+0000] {processor.py:161} INFO - Started process (PID=2314) to work on /opt/airflow/dags/dag_pipeline_complet.py
[2026-04-25T18:43:12.172+0000] {processor.py:830} INFO - Processing file /opt/airflow/dags/dag_pipeline_complet.py for tasks to queue
[2026-04-25T18:43:12.176+0000] {logging_mixin.py:188} INFO - [2026-04-25T18:43:12.175+0000] {dagbag.py:545} INFO - Filling up the DagBag from /opt/airflow/dags/dag_pipeline_complet.py
[2026-04-25T18:43:12.272+0000] {processor.py:840} INFO - DAG(s) 'pipeline_job_intelligent_kafka' retrieved from /opt/airflow/dags/dag_pipeline_complet.py
[2026-04-25T18:43:12.349+0000] {logging_mixin.py:188} INFO - [2026-04-25T18:43:12.349+0000] {dag.py:3096} INFO - Sync 1 DAGs
[2026-04-25T18:43:12.399+0000] {logging_mixin.py:188} INFO - [2026-04-25T18:43:12.398+0000] {dag.py:3954} INFO - Setting next_dagrun for pipeline_job_intelligent_kafka to 2026-04-24 06:00:00+00:00, run_after=2026-04-25 06:00:00+00:00
[2026-04-25T18:43:12.443+0000] {processor.py:183} INFO - Processing /opt/airflow/dags/dag_pipeline_complet.py took 0.328 seconds
[2026-04-25T18:43:42.959+0000] {processor.py:161} INFO - Started process (PID=2327) to work on /opt/airflow/dags/dag_pipeline_complet.py
[2026-04-25T18:43:42.961+0000] {processor.py:830} INFO - Processing file /opt/airflow/dags/dag_pipeline_complet.py for tasks to queue
[2026-04-25T18:43:42.963+0000] {logging_mixin.py:188} INFO - [2026-04-25T18:43:42.962+0000] {dagbag.py:545} INFO - Filling up the DagBag from /opt/airflow/dags/dag_pipeline_complet.py
[2026-04-25T18:43:43.005+0000] {processor.py:840} INFO - DAG(s) 'pipeline_job_intelligent_kafka' retrieved from /opt/airflow/dags/dag_pipeline_complet.py
[2026-04-25T18:43:43.068+0000] {logging_mixin.py:188} INFO - [2026-04-25T18:43:43.068+0000] {dag.py:3096} INFO - Sync 1 DAGs
[2026-04-25T18:43:43.112+0000] {logging_mixin.py:188} INFO - [2026-04-25T18:43:43.111+0000] {dag.py:3954} INFO - Setting next_dagrun for pipeline_job_intelligent_kafka to 2026-04-24 06:00:00+00:00, run_after=2026-04-25 06:00:00+00:00
[2026-04-25T18:43:43.154+0000] {processor.py:183} INFO - Processing /opt/airflow/dags/dag_pipeline_complet.py took 0.211 seconds
[2026-04-25T18:44:13.669+0000] {processor.py:161} INFO - Started process (PID=2335) to work on /opt/airflow/dags/dag_pipeline_complet.py
[2026-04-25T18:44:13.671+0000] {processor.py:830} INFO - Processing file /opt/airflow/dags/dag_pipeline_complet.py for tasks to queue
[2026-04-25T18:44:13.674+0000] {logging_mixin.py:188} INFO - [2026-04-25T18:44:13.673+0000] {dagbag.py:545} INFO - Filling up the DagBag from /opt/airflow/dags/dag_pipeline_complet.py
[2026-04-25T18:44:13.716+0000] {processor.py:840} INFO - DAG(s) 'pipeline_job_intelligent_kafka' retrieved from /opt/airflow/dags/dag_pipeline_complet.py
[2026-04-25T18:44:13.793+0000] {logging_mixin.py:188} INFO - [2026-04-25T18:44:13.792+0000] {dag.py:3096} INFO - Sync 1 DAGs
[2026-04-25T18:44:13.837+0000] {logging_mixin.py:188} INFO - [2026-04-25T18:44:13.837+0000] {dag.py:3954} INFO - Setting next_dagrun for pipeline_job_intelligent_kafka to 2026-04-24 06:00:00+00:00, run_after=2026-04-25 06:00:00+00:00
[2026-04-25T18:44:13.875+0000] {processor.py:183} INFO - Processing /opt/airflow/dags/dag_pipeline_complet.py took 0.218 seconds
[2026-04-25T18:44:44.442+0000] {processor.py:161} INFO - Started process (PID=2349) to work on /opt/airflow/dags/dag_pipeline_complet.py
[2026-04-25T18:44:44.443+0000] {processor.py:830} INFO - Processing file /opt/airflow/dags/dag_pipeline_complet.py for tasks to queue
[2026-04-25T18:44:44.445+0000] {logging_mixin.py:188} INFO - [2026-04-25T18:44:44.445+0000] {dagbag.py:545} INFO - Filling up the DagBag from /opt/airflow/dags/dag_pipeline_complet.py
[2026-04-25T18:44:44.479+0000] {processor.py:840} INFO - DAG(s) 'pipeline_job_intelligent_kafka' retrieved from /opt/airflow/dags/dag_pipeline_complet.py
[2026-04-25T18:44:44.540+0000] {logging_mixin.py:188} INFO - [2026-04-25T18:44:44.539+0000] {dag.py:3096} INFO - Sync 1 DAGs
[2026-04-25T18:44:44.588+0000] {logging_mixin.py:188} INFO - [2026-04-25T18:44:44.587+0000] {dag.py:3954} INFO - Setting next_dagrun for pipeline_job_intelligent_kafka to 2026-04-24 06:00:00+00:00, run_after=2026-04-25 06:00:00+00:00
[2026-04-25T18:44:44.652+0000] {processor.py:183} INFO - Processing /opt/airflow/dags/dag_pipeline_complet.py took 0.219 seconds
[2026-04-25T18:45:15.191+0000] {processor.py:161} INFO - Started process (PID=2357) to work on /opt/airflow/dags/dag_pipeline_complet.py
[2026-04-25T18:45:15.195+0000] {processor.py:830} INFO - Processing file /opt/airflow/dags/dag_pipeline_complet.py for tasks to queue
[2026-04-25T18:45:15.199+0000] {logging_mixin.py:188} INFO - [2026-04-25T18:45:15.198+0000] {dagbag.py:545} INFO - Filling up the DagBag from /opt/airflow/dags/dag_pipeline_complet.py
[2026-04-25T18:45:15.346+0000] {processor.py:840} INFO - DAG(s) 'pipeline_job_intelligent_kafka' retrieved from /opt/airflow/dags/dag_pipeline_complet.py
[2026-04-25T18:45:15.422+0000] {logging_mixin.py:188} INFO - [2026-04-25T18:45:15.421+0000] {dag.py:3096} INFO - Sync 1 DAGs
[2026-04-25T18:45:15.479+0000] {logging_mixin.py:188} INFO - [2026-04-25T18:45:15.478+0000] {dag.py:3954} INFO - Setting next_dagrun for pipeline_job_intelligent_kafka to 2026-04-24 06:00:00+00:00, run_after=2026-04-25 06:00:00+00:00
[2026-04-25T18:45:15.544+0000] {processor.py:183} INFO - Processing /opt/airflow/dags/dag_pipeline_complet.py took 0.379 seconds
[2026-04-25T18:45:45.678+0000] {processor.py:161} INFO - Started process (PID=2372) to work on /opt/airflow/dags/dag_pipeline_complet.py
[2026-04-25T18:45:45.680+0000] {processor.py:830} INFO - Processing file /opt/airflow/dags/dag_pipeline_complet.py for tasks to queue
[2026-04-25T18:45:45.683+0000] {logging_mixin.py:188} INFO - [2026-04-25T18:45:45.682+0000] {dagbag.py:545} INFO - Filling up the DagBag from /opt/airflow/dags/dag_pipeline_complet.py
[2026-04-25T18:45:45.742+0000] {processor.py:840} INFO - DAG(s) 'pipeline_job_intelligent_kafka' retrieved from /opt/airflow/dags/dag_pipeline_complet.py
[2026-04-25T18:45:45.918+0000] {logging_mixin.py:188} INFO - [2026-04-25T18:45:45.918+0000] {dag.py:3096} INFO - Sync 1 DAGs
[2026-04-25T18:45:46.052+0000] {logging_mixin.py:188} INFO - [2026-04-25T18:45:46.052+0000] {dag.py:3954} INFO - Setting next_dagrun for pipeline_job_intelligent_kafka to 2026-04-24 06:00:00+00:00, run_after=2026-04-25 06:00:00+00:00
[2026-04-25T18:45:46.174+0000] {processor.py:183} INFO - Processing /opt/airflow/dags/dag_pipeline_complet.py took 0.514 seconds
[2026-04-25T18:46:16.851+0000] {processor.py:161} INFO - Started process (PID=2380) to work on /opt/airflow/dags/dag_pipeline_complet.py
[2026-04-25T18:46:16.853+0000] {processor.py:830} INFO - Processing file /opt/airflow/dags/dag_pipeline_complet.py for tasks to queue
[2026-04-25T18:46:16.856+0000] {logging_mixin.py:188} INFO - [2026-04-25T18:46:16.855+0000] {dagbag.py:545} INFO - Filling up the DagBag from /opt/airflow/dags/dag_pipeline_complet.py
[2026-04-25T18:46:16.921+0000] {processor.py:840} INFO - DAG(s) 'pipeline_job_intelligent_kafka' retrieved from /opt/airflow/dags/dag_pipeline_complet.py
[2026-04-25T18:46:17.032+0000] {logging_mixin.py:188} INFO - [2026-04-25T18:46:17.031+0000] {dag.py:3096} INFO - Sync 1 DAGs
[2026-04-25T18:46:17.082+0000] {logging_mixin.py:188} INFO - [2026-04-25T18:46:17.081+0000] {dag.py:3954} INFO - Setting next_dagrun for pipeline_job_intelligent_kafka to 2026-04-24 06:00:00+00:00, run_after=2026-04-25 06:00:00+00:00
[2026-04-25T18:46:17.133+0000] {processor.py:183} INFO - Processing /opt/airflow/dags/dag_pipeline_complet.py took 0.297 seconds
[2026-04-25T18:46:48.400+0000] {processor.py:161} INFO - Started process (PID=2395) to work on /opt/airflow/dags/dag_pipeline_complet.py
[2026-04-25T18:46:48.403+0000] {processor.py:830} INFO - Processing file /opt/airflow/dags/dag_pipeline_complet.py for tasks to queue
[2026-04-25T18:46:48.405+0000] {logging_mixin.py:188} INFO - [2026-04-25T18:46:48.405+0000] {dagbag.py:545} INFO - Filling up the DagBag from /opt/airflow/dags/dag_pipeline_complet.py
[2026-04-25T18:46:48.578+0000] {processor.py:840} INFO - DAG(s) 'pipeline_job_intelligent_kafka' retrieved from /opt/airflow/dags/dag_pipeline_complet.py
[2026-04-25T18:46:48.883+0000] {logging_mixin.py:188} INFO - [2026-04-25T18:46:48.881+0000] {dag.py:3096} INFO - Sync 1 DAGs
[2026-04-25T18:46:49.132+0000] {logging_mixin.py:188} INFO - [2026-04-25T18:46:49.132+0000] {dag.py:3954} INFO - Setting next_dagrun for pipeline_job_intelligent_kafka to 2026-04-24 06:00:00+00:00, run_after=2026-04-25 06:00:00+00:00
[2026-04-25T18:46:49.298+0000] {processor.py:183} INFO - Processing /opt/airflow/dags/dag_pipeline_complet.py took 0.921 seconds
[2026-04-25T18:47:20.200+0000] {processor.py:161} INFO - Started process (PID=2403) to work on /opt/airflow/dags/dag_pipeline_complet.py
[2026-04-25T18:47:20.222+0000] {processor.py:830} INFO - Processing file /opt/airflow/dags/dag_pipeline_complet.py for tasks to queue
[2026-04-25T18:47:20.240+0000] {logging_mixin.py:188} INFO - [2026-04-25T18:47:20.239+0000] {dagbag.py:545} INFO - Filling up the DagBag from /opt/airflow/dags/dag_pipeline_complet.py
[2026-04-25T18:47:20.369+0000] {processor.py:840} INFO - DAG(s) 'pipeline_job_intelligent_kafka' retrieved from /opt/airflow/dags/dag_pipeline_complet.py
[2026-04-25T18:47:20.524+0000] {logging_mixin.py:188} INFO - [2026-04-25T18:47:20.523+0000] {dag.py:3096} INFO - Sync 1 DAGs
[2026-04-25T18:47:20.737+0000] {logging_mixin.py:188} INFO - [2026-04-25T18:47:20.736+0000] {dag.py:3954} INFO - Setting next_dagrun for pipeline_job_intelligent_kafka to 2026-04-24 06:00:00+00:00, run_after=2026-04-25 06:00:00+00:00
[2026-04-25T18:47:20.836+0000] {processor.py:183} INFO - Processing /opt/airflow/dags/dag_pipeline_complet.py took 0.700 seconds
[2026-04-25T18:47:51.336+0000] {processor.py:161} INFO - Started process (PID=2418) to work on /opt/airflow/dags/dag_pipeline_complet.py
[2026-04-25T18:47:51.338+0000] {processor.py:830} INFO - Processing file /opt/airflow/dags/dag_pipeline_complet.py for tasks to queue
[2026-04-25T18:47:51.342+0000] {logging_mixin.py:188} INFO - [2026-04-25T18:47:51.342+0000] {dagbag.py:545} INFO - Filling up the DagBag from /opt/airflow/dags/dag_pipeline_complet.py
[2026-04-25T18:47:51.493+0000] {processor.py:840} INFO - DAG(s) 'pipeline_job_intelligent_kafka' retrieved from /opt/airflow/dags/dag_pipeline_complet.py
[2026-04-25T18:47:51.752+0000] {logging_mixin.py:188} INFO - [2026-04-25T18:47:51.751+0000] {dag.py:3096} INFO - Sync 1 DAGs
[2026-04-25T18:47:51.893+0000] {logging_mixin.py:188} INFO - [2026-04-25T18:47:51.892+0000] {dag.py:3954} INFO - Setting next_dagrun for pipeline_job_intelligent_kafka to 2026-04-24 06:00:00+00:00, run_after=2026-04-25 06:00:00+00:00
[2026-04-25T18:47:52.096+0000] {processor.py:183} INFO - Processing /opt/airflow/dags/dag_pipeline_complet.py took 0.787 seconds
[2026-04-25T18:48:23.054+0000] {processor.py:161} INFO - Started process (PID=2425) to work on /opt/airflow/dags/dag_pipeline_complet.py
[2026-04-25T18:48:23.069+0000] {processor.py:830} INFO - Processing file /opt/airflow/dags/dag_pipeline_complet.py for tasks to queue
[2026-04-25T18:48:23.091+0000] {logging_mixin.py:188} INFO - [2026-04-25T18:48:23.090+0000] {dagbag.py:545} INFO - Filling up the DagBag from /opt/airflow/dags/dag_pipeline_complet.py
[2026-04-25T18:48:23.268+0000] {processor.py:840} INFO - DAG(s) 'pipeline_job_intelligent_kafka' retrieved from /opt/airflow/dags/dag_pipeline_complet.py
[2026-04-25T18:48:23.593+0000] {logging_mixin.py:188} INFO - [2026-04-25T18:48:23.593+0000] {dag.py:3096} INFO - Sync 1 DAGs
[2026-04-25T18:48:23.731+0000] {logging_mixin.py:188} INFO - [2026-04-25T18:48:23.730+0000] {dag.py:3954} INFO - Setting next_dagrun for pipeline_job_intelligent_kafka to 2026-04-24 06:00:00+00:00, run_after=2026-04-25 06:00:00+00:00
[2026-04-25T18:48:23.815+0000] {processor.py:183} INFO - Processing /opt/airflow/dags/dag_pipeline_complet.py took 0.907 seconds
[2026-04-25T18:48:56.177+0000] {processor.py:161} INFO - Started process (PID=2440) to work on /opt/airflow/dags/dag_pipeline_complet.py
[2026-04-25T18:48:56.180+0000] {processor.py:830} INFO - Processing file /opt/airflow/dags/dag_pipeline_complet.py for tasks to queue
[2026-04-25T18:48:56.189+0000] {logging_mixin.py:188} INFO - [2026-04-25T18:48:56.188+0000] {dagbag.py:545} INFO - Filling up the DagBag from /opt/airflow/dags/dag_pipeline_complet.py
[2026-04-25T18:48:56.277+0000] {processor.py:840} INFO - DAG(s) 'pipeline_job_intelligent_kafka' retrieved from /opt/airflow/dags/dag_pipeline_complet.py
[2026-04-25T18:48:56.552+0000] {logging_mixin.py:188} INFO - [2026-04-25T18:48:56.540+0000] {dag.py:3096} INFO - Sync 1 DAGs
[2026-04-25T18:48:56.811+0000] {logging_mixin.py:188} INFO - [2026-04-25T18:48:56.799+0000] {dag.py:3954} INFO - Setting next_dagrun for pipeline_job_intelligent_kafka to 2026-04-24 06:00:00+00:00, run_after=2026-04-25 06:00:00+00:00
[2026-04-25T18:48:57.006+0000] {processor.py:183} INFO - Processing /opt/airflow/dags/dag_pipeline_complet.py took 0.851 seconds
[2026-04-25T18:49:29.092+0000] {processor.py:161} INFO - Started process (PID=2454) to work on /opt/airflow/dags/dag_pipeline_complet.py
[2026-04-25T18:49:29.121+0000] {processor.py:830} INFO - Processing file /opt/airflow/dags/dag_pipeline_complet.py for tasks to queue
[2026-04-25T18:49:29.138+0000] {logging_mixin.py:188} INFO - [2026-04-25T18:49:29.137+0000] {dagbag.py:545} INFO - Filling up the DagBag from /opt/airflow/dags/dag_pipeline_complet.py
[2026-04-25T18:49:30.551+0000] {processor.py:840} INFO - DAG(s) 'pipeline_job_intelligent_kafka' retrieved from /opt/airflow/dags/dag_pipeline_complet.py
[2026-04-25T18:49:31.012+0000] {logging_mixin.py:188} INFO - [2026-04-25T18:49:31.011+0000] {dag.py:3096} INFO - Sync 1 DAGs
[2026-04-25T18:49:31.359+0000] {logging_mixin.py:188} INFO - [2026-04-25T18:49:31.358+0000] {dag.py:3954} INFO - Setting next_dagrun for pipeline_job_intelligent_kafka to 2026-04-24 06:00:00+00:00, run_after=2026-04-25 06:00:00+00:00
[2026-04-25T18:49:31.542+0000] {processor.py:183} INFO - Processing /opt/airflow/dags/dag_pipeline_complet.py took 2.611 seconds
[2026-04-25T18:50:02.112+0000] {processor.py:161} INFO - Started process (PID=2462) to work on /opt/airflow/dags/dag_pipeline_complet.py
[2026-04-25T18:50:02.127+0000] {processor.py:830} INFO - Processing file /opt/airflow/dags/dag_pipeline_complet.py for tasks to queue
[2026-04-25T18:50:02.129+0000] {logging_mixin.py:188} INFO - [2026-04-25T18:50:02.128+0000] {dagbag.py:545} INFO - Filling up the DagBag from /opt/airflow/dags/dag_pipeline_complet.py
[2026-04-25T18:50:02.235+0000] {processor.py:840} INFO - DAG(s) 'pipeline_job_intelligent_kafka' retrieved from /opt/airflow/dags/dag_pipeline_complet.py
[2026-04-25T18:50:02.493+0000] {logging_mixin.py:188} INFO - [2026-04-25T18:50:02.492+0000] {dag.py:3096} INFO - Sync 1 DAGs
[2026-04-25T18:50:02.819+0000] {logging_mixin.py:188} INFO - [2026-04-25T18:50:02.818+0000] {dag.py:3954} INFO - Setting next_dagrun for pipeline_job_intelligent_kafka to 2026-04-24 06:00:00+00:00, run_after=2026-04-25 06:00:00+00:00
[2026-04-25T18:50:02.959+0000] {processor.py:183} INFO - Processing /opt/airflow/dags/dag_pipeline_complet.py took 0.871 seconds
[2026-04-25T18:50:33.802+0000] {processor.py:161} INFO - Started process (PID=2476) to work on /opt/airflow/dags/dag_pipeline_complet.py
[2026-04-25T18:50:33.804+0000] {processor.py:830} INFO - Processing file /opt/airflow/dags/dag_pipeline_complet.py for tasks to queue
[2026-04-25T18:50:33.805+0000] {logging_mixin.py:188} INFO - [2026-04-25T18:50:33.805+0000] {dagbag.py:545} INFO - Filling up the DagBag from /opt/airflow/dags/dag_pipeline_complet.py
[2026-04-25T18:50:33.842+0000] {processor.py:840} INFO - DAG(s) 'pipeline_job_intelligent_kafka' retrieved from /opt/airflow/dags/dag_pipeline_complet.py
[2026-04-25T18:50:33.906+0000] {logging_mixin.py:188} INFO - [2026-04-25T18:50:33.906+0000] {dag.py:3096} INFO - Sync 1 DAGs
[2026-04-25T18:50:33.955+0000] {logging_mixin.py:188} INFO - [2026-04-25T18:50:33.954+0000] {dag.py:3954} INFO - Setting next_dagrun for pipeline_job_intelligent_kafka to 2026-04-24 06:00:00+00:00, run_after=2026-04-25 06:00:00+00:00
[2026-04-25T18:50:34.007+0000] {processor.py:183} INFO - Processing /opt/airflow/dags/dag_pipeline_complet.py took 0.216 seconds
[2026-04-25T18:51:04.295+0000] {processor.py:161} INFO - Started process (PID=2484) to work on /opt/airflow/dags/dag_pipeline_complet.py
[2026-04-25T18:51:04.301+0000] {processor.py:830} INFO - Processing file /opt/airflow/dags/dag_pipeline_complet.py for tasks to queue
[2026-04-25T18:51:04.305+0000] {logging_mixin.py:188} INFO - [2026-04-25T18:51:04.303+0000] {dagbag.py:545} INFO - Filling up the DagBag from /opt/airflow/dags/dag_pipeline_complet.py
[2026-04-25T18:51:04.608+0000] {processor.py:840} INFO - DAG(s) 'pipeline_job_intelligent_kafka' retrieved from /opt/airflow/dags/dag_pipeline_complet.py
[2026-04-25T18:51:04.807+0000] {logging_mixin.py:188} INFO - [2026-04-25T18:51:04.806+0000] {dag.py:3096} INFO - Sync 1 DAGs
[2026-04-25T18:51:04.909+0000] {logging_mixin.py:188} INFO - [2026-04-25T18:51:04.908+0000] {dag.py:3954} INFO - Setting next_dagrun for pipeline_job_intelligent_kafka to 2026-04-24 06:00:00+00:00, run_after=2026-04-25 06:00:00+00:00
[2026-04-25T18:51:05.024+0000] {processor.py:183} INFO - Processing /opt/airflow/dags/dag_pipeline_complet.py took 0.749 seconds
[2026-04-25T18:51:35.635+0000] {processor.py:161} INFO - Started process (PID=2498) to work on /opt/airflow/dags/dag_pipeline_complet.py
[2026-04-25T18:51:35.650+0000] {processor.py:830} INFO - Processing file /opt/airflow/dags/dag_pipeline_complet.py for tasks to queue
[2026-04-25T18:51:35.653+0000] {logging_mixin.py:188} INFO - [2026-04-25T18:51:35.652+0000] {dagbag.py:545} INFO - Filling up the DagBag from /opt/airflow/dags/dag_pipeline_complet.py
[2026-04-25T18:51:35.842+0000] {processor.py:840} INFO - DAG(s) 'pipeline_job_intelligent_kafka' retrieved from /opt/airflow/dags/dag_pipeline_complet.py
[2026-04-25T18:51:36.103+0000] {logging_mixin.py:188} INFO - [2026-04-25T18:51:36.102+0000] {dag.py:3096} INFO - Sync 1 DAGs
[2026-04-25T18:51:36.246+0000] {logging_mixin.py:188} INFO - [2026-04-25T18:51:36.246+0000] {dag.py:3954} INFO - Setting next_dagrun for pipeline_job_intelligent_kafka to 2026-04-24 06:00:00+00:00, run_after=2026-04-25 06:00:00+00:00
[2026-04-25T18:51:36.393+0000] {processor.py:183} INFO - Processing /opt/airflow/dags/dag_pipeline_complet.py took 0.812 seconds
[2026-04-25T18:52:07.252+0000] {processor.py:161} INFO - Started process (PID=2507) to work on /opt/airflow/dags/dag_pipeline_complet.py
[2026-04-25T18:52:07.257+0000] {processor.py:830} INFO - Processing file /opt/airflow/dags/dag_pipeline_complet.py for tasks to queue
[2026-04-25T18:52:07.260+0000] {logging_mixin.py:188} INFO - [2026-04-25T18:52:07.259+0000] {dagbag.py:545} INFO - Filling up the DagBag from /opt/airflow/dags/dag_pipeline_complet.py
[2026-04-25T18:52:07.743+0000] {processor.py:840} INFO - DAG(s) 'pipeline_job_intelligent_kafka' retrieved from /opt/airflow/dags/dag_pipeline_complet.py
[2026-04-25T18:52:08.115+0000] {logging_mixin.py:188} INFO - [2026-04-25T18:52:08.115+0000] {dag.py:3096} INFO - Sync 1 DAGs
[2026-04-25T18:52:08.448+0000] {logging_mixin.py:188} INFO - [2026-04-25T18:52:08.448+0000] {dag.py:3954} INFO - Setting next_dagrun for pipeline_job_intelligent_kafka to 2026-04-24 06:00:00+00:00, run_after=2026-04-25 06:00:00+00:00
[2026-04-25T18:52:09.062+0000] {processor.py:183} INFO - Processing /opt/airflow/dags/dag_pipeline_complet.py took 1.859 seconds
[2026-04-25T18:52:40.167+0000] {processor.py:161} INFO - Started process (PID=2521) to work on /opt/airflow/dags/dag_pipeline_complet.py
[2026-04-25T18:52:40.175+0000] {processor.py:830} INFO - Processing file /opt/airflow/dags/dag_pipeline_complet.py for tasks to queue
[2026-04-25T18:52:40.192+0000] {logging_mixin.py:188} INFO - [2026-04-25T18:52:40.191+0000] {dagbag.py:545} INFO - Filling up the DagBag from /opt/airflow/dags/dag_pipeline_complet.py
[2026-04-25T18:52:40.595+0000] {processor.py:840} INFO - DAG(s) 'pipeline_job_intelligent_kafka' retrieved from /opt/airflow/dags/dag_pipeline_complet.py
[2026-04-25T18:52:40.879+0000] {logging_mixin.py:188} INFO - [2026-04-25T18:52:40.878+0000] {dag.py:3096} INFO - Sync 1 DAGs
[2026-04-25T18:52:41.148+0000] {logging_mixin.py:188} INFO - [2026-04-25T18:52:41.136+0000] {dag.py:3954} INFO - Setting next_dagrun for pipeline_job_intelligent_kafka to 2026-04-24 06:00:00+00:00, run_after=2026-04-25 06:00:00+00:00
[2026-04-25T18:52:41.373+0000] {processor.py:183} INFO - Processing /opt/airflow/dags/dag_pipeline_complet.py took 1.244 seconds
[2026-04-25T18:53:11.850+0000] {processor.py:161} INFO - Started process (PID=2530) to work on /opt/airflow/dags/dag_pipeline_complet.py
[2026-04-25T18:53:11.856+0000] {processor.py:830} INFO - Processing file /opt/airflow/dags/dag_pipeline_complet.py for tasks to queue
[2026-04-25T18:53:11.866+0000] {logging_mixin.py:188} INFO - [2026-04-25T18:53:11.865+0000] {dagbag.py:545} INFO - Filling up the DagBag from /opt/airflow/dags/dag_pipeline_complet.py
[2026-04-25T18:53:11.926+0000] {processor.py:840} INFO - DAG(s) 'pipeline_job_intelligent_kafka' retrieved from /opt/airflow/dags/dag_pipeline_complet.py
[2026-04-25T18:53:12.064+0000] {logging_mixin.py:188} INFO - [2026-04-25T18:53:12.063+0000] {dag.py:3096} INFO - Sync 1 DAGs
[2026-04-25T18:53:12.142+0000] {logging_mixin.py:188} INFO - [2026-04-25T18:53:12.141+0000] {dag.py:3954} INFO - Setting next_dagrun for pipeline_job_intelligent_kafka to 2026-04-24 06:00:00+00:00, run_after=2026-04-25 06:00:00+00:00
[2026-04-25T18:53:12.249+0000] {processor.py:183} INFO - Processing /opt/airflow/dags/dag_pipeline_complet.py took 0.421 seconds
[2026-04-25T18:53:42.498+0000] {processor.py:161} INFO - Started process (PID=2545) to work on /opt/airflow/dags/dag_pipeline_complet.py
[2026-04-25T18:53:42.500+0000] {processor.py:830} INFO - Processing file /opt/airflow/dags/dag_pipeline_complet.py for tasks to queue
[2026-04-25T18:53:42.503+0000] {logging_mixin.py:188} INFO - [2026-04-25T18:53:42.502+0000] {dagbag.py:545} INFO - Filling up the DagBag from /opt/airflow/dags/dag_pipeline_complet.py
[2026-04-25T18:53:42.557+0000] {processor.py:840} INFO - DAG(s) 'pipeline_job_intelligent_kafka' retrieved from /opt/airflow/dags/dag_pipeline_complet.py
[2026-04-25T18:53:42.664+0000] {logging_mixin.py:188} INFO - [2026-04-25T18:53:42.663+0000] {dag.py:3096} INFO - Sync 1 DAGs
[2026-04-25T18:53:42.739+0000] {logging_mixin.py:188} INFO - [2026-04-25T18:53:42.738+0000] {dag.py:3954} INFO - Setting next_dagrun for pipeline_job_intelligent_kafka to 2026-04-24 06:00:00+00:00, run_after=2026-04-25 06:00:00+00:00
[2026-04-25T18:53:42.809+0000] {processor.py:183} INFO - Processing /opt/airflow/dags/dag_pipeline_complet.py took 0.341 seconds
[2026-04-25T18:54:13.830+0000] {processor.py:161} INFO - Started process (PID=2552) to work on /opt/airflow/dags/dag_pipeline_complet.py
[2026-04-25T18:54:13.842+0000] {processor.py:830} INFO - Processing file /opt/airflow/dags/dag_pipeline_complet.py for tasks to queue
[2026-04-25T18:54:13.846+0000] {logging_mixin.py:188} INFO - [2026-04-25T18:54:13.845+0000] {dagbag.py:545} INFO - Filling up the DagBag from /opt/airflow/dags/dag_pipeline_complet.py
[2026-04-25T18:54:14.003+0000] {processor.py:840} INFO - DAG(s) 'pipeline_job_intelligent_kafka' retrieved from /opt/airflow/dags/dag_pipeline_complet.py
[2026-04-25T18:54:14.199+0000] {logging_mixin.py:188} INFO - [2026-04-25T18:54:14.198+0000] {dag.py:3096} INFO - Sync 1 DAGs
[2026-04-25T18:54:14.379+0000] {logging_mixin.py:188} INFO - [2026-04-25T18:54:14.379+0000] {dag.py:3954} INFO - Setting next_dagrun for pipeline_job_intelligent_kafka to 2026-04-24 06:00:00+00:00, run_after=2026-04-25 06:00:00+00:00
[2026-04-25T18:54:14.566+0000] {processor.py:183} INFO - Processing /opt/airflow/dags/dag_pipeline_complet.py took 0.772 seconds
[2026-04-25T18:54:44.975+0000] {processor.py:161} INFO - Started process (PID=2566) to work on /opt/airflow/dags/dag_pipeline_complet.py
[2026-04-25T18:54:44.980+0000] {processor.py:830} INFO - Processing file /opt/airflow/dags/dag_pipeline_complet.py for tasks to queue
[2026-04-25T18:54:44.983+0000] {logging_mixin.py:188} INFO - [2026-04-25T18:54:44.982+0000] {dagbag.py:545} INFO - Filling up the DagBag from /opt/airflow/dags/dag_pipeline_complet.py
[2026-04-25T18:54:45.298+0000] {processor.py:840} INFO - DAG(s) 'pipeline_job_intelligent_kafka' retrieved from /opt/airflow/dags/dag_pipeline_complet.py
[2026-04-25T18:54:45.535+0000] {logging_mixin.py:188} INFO - [2026-04-25T18:54:45.534+0000] {dag.py:3096} INFO - Sync 1 DAGs
[2026-04-25T18:54:45.716+0000] {logging_mixin.py:188} INFO - [2026-04-25T18:54:45.715+0000] {dag.py:3954} INFO - Setting next_dagrun for pipeline_job_intelligent_kafka to 2026-04-24 06:00:00+00:00, run_after=2026-04-25 06:00:00+00:00
[2026-04-25T18:54:46.011+0000] {processor.py:183} INFO - Processing /opt/airflow/dags/dag_pipeline_complet.py took 1.073 seconds
[2026-04-25T18:55:16.701+0000] {processor.py:161} INFO - Started process (PID=2580) to work on /opt/airflow/dags/dag_pipeline_complet.py
[2026-04-25T18:55:16.703+0000] {processor.py:830} INFO - Processing file /opt/airflow/dags/dag_pipeline_complet.py for tasks to queue
[2026-04-25T18:55:16.715+0000] {logging_mixin.py:188} INFO - [2026-04-25T18:55:16.705+0000] {dagbag.py:545} INFO - Filling up the DagBag from /opt/airflow/dags/dag_pipeline_complet.py
[2026-04-25T18:55:16.767+0000] {processor.py:840} INFO - DAG(s) 'pipeline_job_intelligent_kafka' retrieved from /opt/airflow/dags/dag_pipeline_complet.py
[2026-04-25T18:55:16.889+0000] {logging_mixin.py:188} INFO - [2026-04-25T18:55:16.888+0000] {dag.py:3096} INFO - Sync 1 DAGs
[2026-04-25T18:55:16.959+0000] {logging_mixin.py:188} INFO - [2026-04-25T18:55:16.958+0000] {dag.py:3954} INFO - Setting next_dagrun for pipeline_job_intelligent_kafka to 2026-04-24 06:00:00+00:00, run_after=2026-04-25 06:00:00+00:00
[2026-04-25T18:55:17.030+0000] {processor.py:183} INFO - Processing /opt/airflow/dags/dag_pipeline_complet.py took 0.352 seconds
[2026-04-25T18:55:48.049+0000] {processor.py:161} INFO - Started process (PID=2589) to work on /opt/airflow/dags/dag_pipeline_complet.py
[2026-04-25T18:55:48.061+0000] {processor.py:830} INFO - Processing file /opt/airflow/dags/dag_pipeline_complet.py for tasks to queue
[2026-04-25T18:55:48.073+0000] {logging_mixin.py:188} INFO - [2026-04-25T18:55:48.066+0000] {dagbag.py:545} INFO - Filling up the DagBag from /opt/airflow/dags/dag_pipeline_complet.py
[2026-04-25T18:55:48.240+0000] {processor.py:840} INFO - DAG(s) 'pipeline_job_intelligent_kafka' retrieved from /opt/airflow/dags/dag_pipeline_complet.py
[2026-04-25T18:55:48.386+0000] {logging_mixin.py:188} INFO - [2026-04-25T18:55:48.385+0000] {dag.py:3096} INFO - Sync 1 DAGs
[2026-04-25T18:55:48.465+0000] {logging_mixin.py:188} INFO - [2026-04-25T18:55:48.464+0000] {dag.py:3954} INFO - Setting next_dagrun for pipeline_job_intelligent_kafka to 2026-04-24 06:00:00+00:00, run_after=2026-04-25 06:00:00+00:00
[2026-04-25T18:55:48.651+0000] {processor.py:183} INFO - Processing /opt/airflow/dags/dag_pipeline_complet.py took 0.627 seconds
[2026-04-25T18:56:19.092+0000] {processor.py:161} INFO - Started process (PID=2603) to work on /opt/airflow/dags/dag_pipeline_complet.py
[2026-04-25T18:56:19.096+0000] {processor.py:830} INFO - Processing file /opt/airflow/dags/dag_pipeline_complet.py for tasks to queue
[2026-04-25T18:56:19.098+0000] {logging_mixin.py:188} INFO - [2026-04-25T18:56:19.097+0000] {dagbag.py:545} INFO - Filling up the DagBag from /opt/airflow/dags/dag_pipeline_complet.py
[2026-04-25T18:56:19.195+0000] {processor.py:840} INFO - DAG(s) 'pipeline_job_intelligent_kafka' retrieved from /opt/airflow/dags/dag_pipeline_complet.py
[2026-04-25T18:56:19.433+0000] {logging_mixin.py:188} INFO - [2026-04-25T18:56:19.432+0000] {dag.py:3096} INFO - Sync 1 DAGs
[2026-04-25T18:56:19.596+0000] {logging_mixin.py:188} INFO - [2026-04-25T18:56:19.596+0000] {dag.py:3954} INFO - Setting next_dagrun for pipeline_job_intelligent_kafka to 2026-04-24 06:00:00+00:00, run_after=2026-04-25 06:00:00+00:00
[2026-04-25T18:56:19.790+0000] {processor.py:183} INFO - Processing /opt/airflow/dags/dag_pipeline_complet.py took 0.728 seconds
[2026-04-25T18:56:50.524+0000] {processor.py:161} INFO - Started process (PID=2612) to work on /opt/airflow/dags/dag_pipeline_complet.py
[2026-04-25T18:56:50.528+0000] {processor.py:830} INFO - Processing file /opt/airflow/dags/dag_pipeline_complet.py for tasks to queue
[2026-04-25T18:56:50.532+0000] {logging_mixin.py:188} INFO - [2026-04-25T18:56:50.531+0000] {dagbag.py:545} INFO - Filling up the DagBag from /opt/airflow/dags/dag_pipeline_complet.py
[2026-04-25T18:56:50.622+0000] {processor.py:840} INFO - DAG(s) 'pipeline_job_intelligent_kafka' retrieved from /opt/airflow/dags/dag_pipeline_complet.py
[2026-04-25T18:56:50.772+0000] {logging_mixin.py:188} INFO - [2026-04-25T18:56:50.771+0000] {dag.py:3096} INFO - Sync 1 DAGs
[2026-04-25T18:56:50.911+0000] {logging_mixin.py:188} INFO - [2026-04-25T18:56:50.911+0000] {dag.py:3954} INFO - Setting next_dagrun for pipeline_job_intelligent_kafka to 2026-04-24 06:00:00+00:00, run_after=2026-04-25 06:00:00+00:00
[2026-04-25T18:56:51.093+0000] {processor.py:183} INFO - Processing /opt/airflow/dags/dag_pipeline_complet.py took 0.592 seconds
[2026-04-25T18:57:21.718+0000] {processor.py:161} INFO - Started process (PID=2626) to work on /opt/airflow/dags/dag_pipeline_complet.py
[2026-04-25T18:57:21.722+0000] {processor.py:830} INFO - Processing file /opt/airflow/dags/dag_pipeline_complet.py for tasks to queue
[2026-04-25T18:57:21.734+0000] {logging_mixin.py:188} INFO - [2026-04-25T18:57:21.733+0000] {dagbag.py:545} INFO - Filling up the DagBag from /opt/airflow/dags/dag_pipeline_complet.py
[2026-04-25T18:57:21.869+0000] {processor.py:840} INFO - DAG(s) 'pipeline_job_intelligent_kafka' retrieved from /opt/airflow/dags/dag_pipeline_complet.py
[2026-04-25T18:57:22.037+0000] {logging_mixin.py:188} INFO - [2026-04-25T18:57:22.037+0000] {dag.py:3096} INFO - Sync 1 DAGs
[2026-04-25T18:57:22.184+0000] {logging_mixin.py:188} INFO - [2026-04-25T18:57:22.183+0000] {dag.py:3954} INFO - Setting next_dagrun for pipeline_job_intelligent_kafka to 2026-04-24 06:00:00+00:00, run_after=2026-04-25 06:00:00+00:00
[2026-04-25T18:57:22.333+0000] {processor.py:183} INFO - Processing /opt/airflow/dags/dag_pipeline_complet.py took 0.676 seconds
[2026-04-25T18:57:53.349+0000] {processor.py:161} INFO - Started process (PID=2634) to work on /opt/airflow/dags/dag_pipeline_complet.py
[2026-04-25T18:57:53.351+0000] {processor.py:830} INFO - Processing file /opt/airflow/dags/dag_pipeline_complet.py for tasks to queue
[2026-04-25T18:57:53.353+0000] {logging_mixin.py:188} INFO - [2026-04-25T18:57:53.352+0000] {dagbag.py:545} INFO - Filling up the DagBag from /opt/airflow/dags/dag_pipeline_complet.py
[2026-04-25T18:57:53.470+0000] {processor.py:840} INFO - DAG(s) 'pipeline_job_intelligent_kafka' retrieved from /opt/airflow/dags/dag_pipeline_complet.py
[2026-04-25T18:57:53.654+0000] {logging_mixin.py:188} INFO - [2026-04-25T18:57:53.653+0000] {dag.py:3096} INFO - Sync 1 DAGs
[2026-04-25T18:57:53.751+0000] {logging_mixin.py:188} INFO - [2026-04-25T18:57:53.750+0000] {dag.py:3954} INFO - Setting next_dagrun for pipeline_job_intelligent_kafka to 2026-04-24 06:00:00+00:00, run_after=2026-04-25 06:00:00+00:00
[2026-04-25T18:57:53.817+0000] {processor.py:183} INFO - Processing /opt/airflow/dags/dag_pipeline_complet.py took 0.481 seconds
[2026-04-25T18:58:24.183+0000] {processor.py:161} INFO - Started process (PID=2649) to work on /opt/airflow/dags/dag_pipeline_complet.py
[2026-04-25T18:58:24.196+0000] {processor.py:830} INFO - Processing file /opt/airflow/dags/dag_pipeline_complet.py for tasks to queue
[2026-04-25T18:58:24.213+0000] {logging_mixin.py:188} INFO - [2026-04-25T18:58:24.211+0000] {dagbag.py:545} INFO - Filling up the DagBag from /opt/airflow/dags/dag_pipeline_complet.py
[2026-04-25T18:58:24.256+0000] {processor.py:840} INFO - DAG(s) 'pipeline_job_intelligent_kafka' retrieved from /opt/airflow/dags/dag_pipeline_complet.py
[2026-04-25T18:58:24.389+0000] {logging_mixin.py:188} INFO - [2026-04-25T18:58:24.388+0000] {dag.py:3096} INFO - Sync 1 DAGs
[2026-04-25T18:58:24.518+0000] {logging_mixin.py:188} INFO - [2026-04-25T18:58:24.517+0000] {dag.py:3954} INFO - Setting next_dagrun for pipeline_job_intelligent_kafka to 2026-04-24 06:00:00+00:00, run_after=2026-04-25 06:00:00+00:00
[2026-04-25T18:58:24.618+0000] {processor.py:183} INFO - Processing /opt/airflow/dags/dag_pipeline_complet.py took 0.456 seconds
[2026-04-25T18:58:54.696+0000] {processor.py:161} INFO - Started process (PID=2657) to work on /opt/airflow/dags/dag_pipeline_complet.py
[2026-04-25T18:58:54.698+0000] {processor.py:830} INFO - Processing file /opt/airflow/dags/dag_pipeline_complet.py for tasks to queue
[2026-04-25T18:58:54.700+0000] {logging_mixin.py:188} INFO - [2026-04-25T18:58:54.699+0000] {dagbag.py:545} INFO - Filling up the DagBag from /opt/airflow/dags/dag_pipeline_complet.py
[2026-04-25T18:58:54.732+0000] {processor.py:840} INFO - DAG(s) 'pipeline_job_intelligent_kafka' retrieved from /opt/airflow/dags/dag_pipeline_complet.py
[2026-04-25T18:58:54.803+0000] {logging_mixin.py:188} INFO - [2026-04-25T18:58:54.802+0000] {dag.py:3096} INFO - Sync 1 DAGs
[2026-04-25T18:58:54.852+0000] {logging_mixin.py:188} INFO - [2026-04-25T18:58:54.851+0000] {dag.py:3954} INFO - Setting next_dagrun for pipeline_job_intelligent_kafka to 2026-04-24 06:00:00+00:00, run_after=2026-04-25 06:00:00+00:00
[2026-04-25T18:58:54.895+0000] {processor.py:183} INFO - Processing /opt/airflow/dags/dag_pipeline_complet.py took 0.208 seconds
[2026-04-25T18:59:25.721+0000] {processor.py:161} INFO - Started process (PID=2671) to work on /opt/airflow/dags/dag_pipeline_complet.py
[2026-04-25T18:59:25.723+0000] {processor.py:830} INFO - Processing file /opt/airflow/dags/dag_pipeline_complet.py for tasks to queue
[2026-04-25T18:59:25.725+0000] {logging_mixin.py:188} INFO - [2026-04-25T18:59:25.725+0000] {dagbag.py:545} INFO - Filling up the DagBag from /opt/airflow/dags/dag_pipeline_complet.py
[2026-04-25T18:59:25.787+0000] {processor.py:840} INFO - DAG(s) 'pipeline_job_intelligent_kafka' retrieved from /opt/airflow/dags/dag_pipeline_complet.py
[2026-04-25T18:59:25.979+0000] {logging_mixin.py:188} INFO - [2026-04-25T18:59:25.978+0000] {dag.py:3096} INFO - Sync 1 DAGs
[2026-04-25T18:59:26.111+0000] {logging_mixin.py:188} INFO - [2026-04-25T18:59:26.106+0000] {dag.py:3954} INFO - Setting next_dagrun for pipeline_job_intelligent_kafka to 2026-04-24 06:00:00+00:00, run_after=2026-04-25 06:00:00+00:00
[2026-04-25T18:59:26.856+0000] {processor.py:183} INFO - Processing /opt/airflow/dags/dag_pipeline_complet.py took 1.147 seconds
[2026-04-25T18:59:57.339+0000] {processor.py:161} INFO - Started process (PID=2679) to work on /opt/airflow/dags/dag_pipeline_complet.py
[2026-04-25T18:59:57.341+0000] {processor.py:830} INFO - Processing file /opt/airflow/dags/dag_pipeline_complet.py for tasks to queue
[2026-04-25T18:59:57.343+0000] {logging_mixin.py:188} INFO - [2026-04-25T18:59:57.343+0000] {dagbag.py:545} INFO - Filling up the DagBag from /opt/airflow/dags/dag_pipeline_complet.py
[2026-04-25T18:59:57.380+0000] {processor.py:840} INFO - DAG(s) 'pipeline_job_intelligent_kafka' retrieved from /opt/airflow/dags/dag_pipeline_complet.py
[2026-04-25T18:59:57.443+0000] {logging_mixin.py:188} INFO - [2026-04-25T18:59:57.442+0000] {dag.py:3096} INFO - Sync 1 DAGs
[2026-04-25T18:59:57.488+0000] {logging_mixin.py:188} INFO - [2026-04-25T18:59:57.487+0000] {dag.py:3954} INFO - Setting next_dagrun for pipeline_job_intelligent_kafka to 2026-04-24 06:00:00+00:00, run_after=2026-04-25 06:00:00+00:00
[2026-04-25T18:59:57.525+0000] {processor.py:183} INFO - Processing /opt/airflow/dags/dag_pipeline_complet.py took 0.198 seconds
[2026-04-25T19:00:27.865+0000] {processor.py:161} INFO - Started process (PID=2692) to work on /opt/airflow/dags/dag_pipeline_complet.py
[2026-04-25T19:00:27.867+0000] {processor.py:830} INFO - Processing file /opt/airflow/dags/dag_pipeline_complet.py for tasks to queue
[2026-04-25T19:00:27.869+0000] {logging_mixin.py:188} INFO - [2026-04-25T19:00:27.869+0000] {dagbag.py:545} INFO - Filling up the DagBag from /opt/airflow/dags/dag_pipeline_complet.py
[2026-04-25T19:00:27.902+0000] {processor.py:840} INFO - DAG(s) 'pipeline_job_intelligent_kafka' retrieved from /opt/airflow/dags/dag_pipeline_complet.py
[2026-04-25T19:00:27.974+0000] {logging_mixin.py:188} INFO - [2026-04-25T19:00:27.974+0000] {dag.py:3096} INFO - Sync 1 DAGs
[2026-04-25T19:00:28.026+0000] {logging_mixin.py:188} INFO - [2026-04-25T19:00:28.025+0000] {dag.py:3954} INFO - Setting next_dagrun for pipeline_job_intelligent_kafka to 2026-04-24 06:00:00+00:00, run_after=2026-04-25 06:00:00+00:00
[2026-04-25T19:00:28.058+0000] {processor.py:183} INFO - Processing /opt/airflow/dags/dag_pipeline_complet.py took 0.206 seconds
[2026-04-25T19:00:58.599+0000] {processor.py:161} INFO - Started process (PID=2700) to work on /opt/airflow/dags/dag_pipeline_complet.py
[2026-04-25T19:00:58.601+0000] {processor.py:830} INFO - Processing file /opt/airflow/dags/dag_pipeline_complet.py for tasks to queue
[2026-04-25T19:00:58.603+0000] {logging_mixin.py:188} INFO - [2026-04-25T19:00:58.603+0000] {dagbag.py:545} INFO - Filling up the DagBag from /opt/airflow/dags/dag_pipeline_complet.py
[2026-04-25T19:00:58.641+0000] {processor.py:840} INFO - DAG(s) 'pipeline_job_intelligent_kafka' retrieved from /opt/airflow/dags/dag_pipeline_complet.py
[2026-04-25T19:00:58.697+0000] {logging_mixin.py:188} INFO - [2026-04-25T19:00:58.697+0000] {dag.py:3096} INFO - Sync 1 DAGs
[2026-04-25T19:00:58.748+0000] {logging_mixin.py:188} INFO - [2026-04-25T19:00:58.748+0000] {dag.py:3954} INFO - Setting next_dagrun for pipeline_job_intelligent_kafka to 2026-04-24 06:00:00+00:00, run_after=2026-04-25 06:00:00+00:00
[2026-04-25T19:00:58.786+0000] {processor.py:183} INFO - Processing /opt/airflow/dags/dag_pipeline_complet.py took 0.201 seconds
[2026-04-25T19:01:29.306+0000] {processor.py:161} INFO - Started process (PID=2714) to work on /opt/airflow/dags/dag_pipeline_complet.py
[2026-04-25T19:01:29.315+0000] {processor.py:830} INFO - Processing file /opt/airflow/dags/dag_pipeline_complet.py for tasks to queue
[2026-04-25T19:01:29.320+0000] {logging_mixin.py:188} INFO - [2026-04-25T19:01:29.319+0000] {dagbag.py:545} INFO - Filling up the DagBag from /opt/airflow/dags/dag_pipeline_complet.py
[2026-04-25T19:01:29.377+0000] {processor.py:840} INFO - DAG(s) 'pipeline_job_intelligent_kafka' retrieved from /opt/airflow/dags/dag_pipeline_complet.py
[2026-04-25T19:01:29.500+0000] {logging_mixin.py:188} INFO - [2026-04-25T19:01:29.500+0000] {dag.py:3096} INFO - Sync 1 DAGs
[2026-04-25T19:01:29.602+0000] {logging_mixin.py:188} INFO - [2026-04-25T19:01:29.601+0000] {dag.py:3954} INFO - Setting next_dagrun for pipeline_job_intelligent_kafka to 2026-04-24 06:00:00+00:00, run_after=2026-04-25 06:00:00+00:00
[2026-04-25T19:01:29.903+0000] {processor.py:183} INFO - Processing /opt/airflow/dags/dag_pipeline_complet.py took 0.621 seconds
[2026-04-25T19:02:00.439+0000] {processor.py:161} INFO - Started process (PID=2722) to work on /opt/airflow/dags/dag_pipeline_complet.py
[2026-04-25T19:02:00.445+0000] {processor.py:830} INFO - Processing file /opt/airflow/dags/dag_pipeline_complet.py for tasks to queue
[2026-04-25T19:02:00.456+0000] {logging_mixin.py:188} INFO - [2026-04-25T19:02:00.452+0000] {dagbag.py:545} INFO - Filling up the DagBag from /opt/airflow/dags/dag_pipeline_complet.py
[2026-04-25T19:02:00.547+0000] {processor.py:840} INFO - DAG(s) 'pipeline_job_intelligent_kafka' retrieved from /opt/airflow/dags/dag_pipeline_complet.py
[2026-04-25T19:02:00.615+0000] {logging_mixin.py:188} INFO - [2026-04-25T19:02:00.615+0000] {dag.py:3096} INFO - Sync 1 DAGs
[2026-04-25T19:02:00.664+0000] {logging_mixin.py:188} INFO - [2026-04-25T19:02:00.664+0000] {dag.py:3954} INFO - Setting next_dagrun for pipeline_job_intelligent_kafka to 2026-04-24 06:00:00+00:00, run_after=2026-04-25 06:00:00+00:00
[2026-04-25T19:02:00.704+0000] {processor.py:183} INFO - Processing /opt/airflow/dags/dag_pipeline_complet.py took 0.292 seconds
[2026-04-25T19:02:30.789+0000] {processor.py:161} INFO - Started process (PID=2736) to work on /opt/airflow/dags/dag_pipeline_complet.py
[2026-04-25T19:02:30.791+0000] {processor.py:830} INFO - Processing file /opt/airflow/dags/dag_pipeline_complet.py for tasks to queue
[2026-04-25T19:02:30.793+0000] {logging_mixin.py:188} INFO - [2026-04-25T19:02:30.792+0000] {dagbag.py:545} INFO - Filling up the DagBag from /opt/airflow/dags/dag_pipeline_complet.py
[2026-04-25T19:02:30.836+0000] {processor.py:840} INFO - DAG(s) 'pipeline_job_intelligent_kafka' retrieved from /opt/airflow/dags/dag_pipeline_complet.py
[2026-04-25T19:02:30.896+0000] {logging_mixin.py:188} INFO - [2026-04-25T19:02:30.895+0000] {dag.py:3096} INFO - Sync 1 DAGs
[2026-04-25T19:02:30.954+0000] {logging_mixin.py:188} INFO - [2026-04-25T19:02:30.953+0000] {dag.py:3954} INFO - Setting next_dagrun for pipeline_job_intelligent_kafka to 2026-04-24 06:00:00+00:00, run_after=2026-04-25 06:00:00+00:00
[2026-04-25T19:02:31.054+0000] {processor.py:183} INFO - Processing /opt/airflow/dags/dag_pipeline_complet.py took 0.282 seconds
[2026-04-25T19:03:01.684+0000] {processor.py:161} INFO - Started process (PID=2745) to work on /opt/airflow/dags/dag_pipeline_complet.py
[2026-04-25T19:03:01.688+0000] {processor.py:830} INFO - Processing file /opt/airflow/dags/dag_pipeline_complet.py for tasks to queue
[2026-04-25T19:03:01.701+0000] {logging_mixin.py:188} INFO - [2026-04-25T19:03:01.699+0000] {dagbag.py:545} INFO - Filling up the DagBag from /opt/airflow/dags/dag_pipeline_complet.py
[2026-04-25T19:03:01.754+0000] {processor.py:840} INFO - DAG(s) 'pipeline_job_intelligent_kafka' retrieved from /opt/airflow/dags/dag_pipeline_complet.py
[2026-04-25T19:03:01.871+0000] {logging_mixin.py:188} INFO - [2026-04-25T19:03:01.871+0000] {dag.py:3096} INFO - Sync 1 DAGs
[2026-04-25T19:03:02.006+0000] {logging_mixin.py:188} INFO - [2026-04-25T19:03:01.994+0000] {dag.py:3954} INFO - Setting next_dagrun for pipeline_job_intelligent_kafka to 2026-04-24 06:00:00+00:00, run_after=2026-04-25 06:00:00+00:00
[2026-04-25T19:03:02.129+0000] {processor.py:183} INFO - Processing /opt/airflow/dags/dag_pipeline_complet.py took 0.482 seconds
[2026-04-25T19:03:32.380+0000] {processor.py:161} INFO - Started process (PID=2759) to work on /opt/airflow/dags/dag_pipeline_complet.py
[2026-04-25T19:03:32.386+0000] {processor.py:830} INFO - Processing file /opt/airflow/dags/dag_pipeline_complet.py for tasks to queue
[2026-04-25T19:03:32.392+0000] {logging_mixin.py:188} INFO - [2026-04-25T19:03:32.391+0000] {dagbag.py:545} INFO - Filling up the DagBag from /opt/airflow/dags/dag_pipeline_complet.py
[2026-04-25T19:03:32.459+0000] {processor.py:840} INFO - DAG(s) 'pipeline_job_intelligent_kafka' retrieved from /opt/airflow/dags/dag_pipeline_complet.py
[2026-04-25T19:03:32.782+0000] {logging_mixin.py:188} INFO - [2026-04-25T19:03:32.781+0000] {dag.py:3096} INFO - Sync 1 DAGs
[2026-04-25T19:03:32.899+0000] {logging_mixin.py:188} INFO - [2026-04-25T19:03:32.898+0000] {dag.py:3954} INFO - Setting next_dagrun for pipeline_job_intelligent_kafka to 2026-04-24 06:00:00+00:00, run_after=2026-04-25 06:00:00+00:00
[2026-04-25T19:03:33.367+0000] {processor.py:183} INFO - Processing /opt/airflow/dags/dag_pipeline_complet.py took 1.008 seconds
[2026-04-25T19:04:03.827+0000] {processor.py:161} INFO - Started process (PID=2774) to work on /opt/airflow/dags/dag_pipeline_complet.py
[2026-04-25T19:04:03.830+0000] {processor.py:830} INFO - Processing file /opt/airflow/dags/dag_pipeline_complet.py for tasks to queue
[2026-04-25T19:04:03.832+0000] {logging_mixin.py:188} INFO - [2026-04-25T19:04:03.832+0000] {dagbag.py:545} INFO - Filling up the DagBag from /opt/airflow/dags/dag_pipeline_complet.py
[2026-04-25T19:04:03.902+0000] {processor.py:840} INFO - DAG(s) 'pipeline_job_intelligent_kafka' retrieved from /opt/airflow/dags/dag_pipeline_complet.py
[2026-04-25T19:04:03.969+0000] {logging_mixin.py:188} INFO - [2026-04-25T19:04:03.968+0000] {dag.py:3096} INFO - Sync 1 DAGs
[2026-04-25T19:04:04.037+0000] {logging_mixin.py:188} INFO - [2026-04-25T19:04:04.036+0000] {dag.py:3954} INFO - Setting next_dagrun for pipeline_job_intelligent_kafka to 2026-04-24 06:00:00+00:00, run_after=2026-04-25 06:00:00+00:00
[2026-04-25T19:04:04.093+0000] {processor.py:183} INFO - Processing /opt/airflow/dags/dag_pipeline_complet.py took 0.285 seconds
[2026-04-25T19:04:34.752+0000] {processor.py:161} INFO - Started process (PID=2782) to work on /opt/airflow/dags/dag_pipeline_complet.py
[2026-04-25T19:04:34.754+0000] {processor.py:830} INFO - Processing file /opt/airflow/dags/dag_pipeline_complet.py for tasks to queue
[2026-04-25T19:04:34.756+0000] {logging_mixin.py:188} INFO - [2026-04-25T19:04:34.755+0000] {dagbag.py:545} INFO - Filling up the DagBag from /opt/airflow/dags/dag_pipeline_complet.py
[2026-04-25T19:04:34.815+0000] {processor.py:840} INFO - DAG(s) 'pipeline_job_intelligent_kafka' retrieved from /opt/airflow/dags/dag_pipeline_complet.py
[2026-04-25T19:04:34.933+0000] {logging_mixin.py:188} INFO - [2026-04-25T19:04:34.933+0000] {dag.py:3096} INFO - Sync 1 DAGs
[2026-04-25T19:04:34.991+0000] {logging_mixin.py:188} INFO - [2026-04-25T19:04:34.990+0000] {dag.py:3954} INFO - Setting next_dagrun for pipeline_job_intelligent_kafka to 2026-04-24 06:00:00+00:00, run_after=2026-04-25 06:00:00+00:00
[2026-04-25T19:04:35.032+0000] {processor.py:183} INFO - Processing /opt/airflow/dags/dag_pipeline_complet.py took 0.292 seconds
[2026-04-25T19:05:05.496+0000] {processor.py:161} INFO - Started process (PID=2796) to work on /opt/airflow/dags/dag_pipeline_complet.py
[2026-04-25T19:05:05.498+0000] {processor.py:830} INFO - Processing file /opt/airflow/dags/dag_pipeline_complet.py for tasks to queue
[2026-04-25T19:05:05.499+0000] {logging_mixin.py:188} INFO - [2026-04-25T19:05:05.499+0000] {dagbag.py:545} INFO - Filling up the DagBag from /opt/airflow/dags/dag_pipeline_complet.py
[2026-04-25T19:05:05.535+0000] {processor.py:840} INFO - DAG(s) 'pipeline_job_intelligent_kafka' retrieved from /opt/airflow/dags/dag_pipeline_complet.py
[2026-04-25T19:05:05.587+0000] {logging_mixin.py:188} INFO - [2026-04-25T19:05:05.586+0000] {dag.py:3096} INFO - Sync 1 DAGs
[2026-04-25T19:05:05.626+0000] {logging_mixin.py:188} INFO - [2026-04-25T19:05:05.625+0000] {dag.py:3954} INFO - Setting next_dagrun for pipeline_job_intelligent_kafka to 2026-04-24 06:00:00+00:00, run_after=2026-04-25 06:00:00+00:00
[2026-04-25T19:05:05.676+0000] {processor.py:183} INFO - Processing /opt/airflow/dags/dag_pipeline_complet.py took 0.189 seconds
[2026-04-25T19:05:36.234+0000] {processor.py:161} INFO - Started process (PID=2804) to work on /opt/airflow/dags/dag_pipeline_complet.py
[2026-04-25T19:05:36.236+0000] {processor.py:830} INFO - Processing file /opt/airflow/dags/dag_pipeline_complet.py for tasks to queue
[2026-04-25T19:05:36.238+0000] {logging_mixin.py:188} INFO - [2026-04-25T19:05:36.238+0000] {dagbag.py:545} INFO - Filling up the DagBag from /opt/airflow/dags/dag_pipeline_complet.py
[2026-04-25T19:05:36.273+0000] {processor.py:840} INFO - DAG(s) 'pipeline_job_intelligent_kafka' retrieved from /opt/airflow/dags/dag_pipeline_complet.py
[2026-04-25T19:05:36.360+0000] {logging_mixin.py:188} INFO - [2026-04-25T19:05:36.359+0000] {dag.py:3096} INFO - Sync 1 DAGs
[2026-04-25T19:05:36.433+0000] {logging_mixin.py:188} INFO - [2026-04-25T19:05:36.433+0000] {dag.py:3954} INFO - Setting next_dagrun for pipeline_job_intelligent_kafka to 2026-04-24 06:00:00+00:00, run_after=2026-04-25 06:00:00+00:00
[2026-04-25T19:05:36.746+0000] {processor.py:183} INFO - Processing /opt/airflow/dags/dag_pipeline_complet.py took 0.527 seconds
[2026-04-25T19:06:07.181+0000] {processor.py:161} INFO - Started process (PID=2820) to work on /opt/airflow/dags/dag_pipeline_complet.py
[2026-04-25T19:06:07.183+0000] {processor.py:830} INFO - Processing file /opt/airflow/dags/dag_pipeline_complet.py for tasks to queue
[2026-04-25T19:06:07.184+0000] {logging_mixin.py:188} INFO - [2026-04-25T19:06:07.184+0000] {dagbag.py:545} INFO - Filling up the DagBag from /opt/airflow/dags/dag_pipeline_complet.py
[2026-04-25T19:06:07.220+0000] {processor.py:840} INFO - DAG(s) 'pipeline_job_intelligent_kafka' retrieved from /opt/airflow/dags/dag_pipeline_complet.py
[2026-04-25T19:06:07.272+0000] {logging_mixin.py:188} INFO - [2026-04-25T19:06:07.272+0000] {dag.py:3096} INFO - Sync 1 DAGs
[2026-04-25T19:06:07.331+0000] {logging_mixin.py:188} INFO - [2026-04-25T19:06:07.331+0000] {dag.py:3954} INFO - Setting next_dagrun for pipeline_job_intelligent_kafka to 2026-04-24 06:00:00+00:00, run_after=2026-04-25 06:00:00+00:00
[2026-04-25T19:06:07.374+0000] {processor.py:183} INFO - Processing /opt/airflow/dags/dag_pipeline_complet.py took 0.202 seconds
[2026-04-25T19:06:37.787+0000] {processor.py:161} INFO - Started process (PID=2829) to work on /opt/airflow/dags/dag_pipeline_complet.py
[2026-04-25T19:06:37.788+0000] {processor.py:830} INFO - Processing file /opt/airflow/dags/dag_pipeline_complet.py for tasks to queue
[2026-04-25T19:06:37.790+0000] {logging_mixin.py:188} INFO - [2026-04-25T19:06:37.789+0000] {dagbag.py:545} INFO - Filling up the DagBag from /opt/airflow/dags/dag_pipeline_complet.py
[2026-04-25T19:06:37.827+0000] {processor.py:840} INFO - DAG(s) 'pipeline_job_intelligent_kafka' retrieved from /opt/airflow/dags/dag_pipeline_complet.py
[2026-04-25T19:06:37.900+0000] {logging_mixin.py:188} INFO - [2026-04-25T19:06:37.898+0000] {dag.py:3096} INFO - Sync 1 DAGs
[2026-04-25T19:06:37.954+0000] {logging_mixin.py:188} INFO - [2026-04-25T19:06:37.953+0000] {dag.py:3954} INFO - Setting next_dagrun for pipeline_job_intelligent_kafka to 2026-04-24 06:00:00+00:00, run_after=2026-04-25 06:00:00+00:00
[2026-04-25T19:06:38.019+0000] {processor.py:183} INFO - Processing /opt/airflow/dags/dag_pipeline_complet.py took 0.243 seconds
[2026-04-25T19:07:08.251+0000] {processor.py:161} INFO - Started process (PID=2844) to work on /opt/airflow/dags/dag_pipeline_complet.py
[2026-04-25T19:07:08.253+0000] {processor.py:830} INFO - Processing file /opt/airflow/dags/dag_pipeline_complet.py for tasks to queue
[2026-04-25T19:07:08.255+0000] {logging_mixin.py:188} INFO - [2026-04-25T19:07:08.254+0000] {dagbag.py:545} INFO - Filling up the DagBag from /opt/airflow/dags/dag_pipeline_complet.py
[2026-04-25T19:07:08.296+0000] {processor.py:840} INFO - DAG(s) 'pipeline_job_intelligent_kafka' retrieved from /opt/airflow/dags/dag_pipeline_complet.py
[2026-04-25T19:07:08.411+0000] {logging_mixin.py:188} INFO - [2026-04-25T19:07:08.411+0000] {dag.py:3096} INFO - Sync 1 DAGs
[2026-04-25T19:07:08.489+0000] {logging_mixin.py:188} INFO - [2026-04-25T19:07:08.488+0000] {dag.py:3954} INFO - Setting next_dagrun for pipeline_job_intelligent_kafka to 2026-04-24 06:00:00+00:00, run_after=2026-04-25 06:00:00+00:00
[2026-04-25T19:07:08.547+0000] {processor.py:183} INFO - Processing /opt/airflow/dags/dag_pipeline_complet.py took 0.327 seconds
[2026-04-25T19:07:39.035+0000] {processor.py:161} INFO - Started process (PID=2852) to work on /opt/airflow/dags/dag_pipeline_complet.py
[2026-04-25T19:07:39.037+0000] {processor.py:830} INFO - Processing file /opt/airflow/dags/dag_pipeline_complet.py for tasks to queue
[2026-04-25T19:07:39.039+0000] {logging_mixin.py:188} INFO - [2026-04-25T19:07:39.038+0000] {dagbag.py:545} INFO - Filling up the DagBag from /opt/airflow/dags/dag_pipeline_complet.py
[2026-04-25T19:07:39.074+0000] {processor.py:840} INFO - DAG(s) 'pipeline_job_intelligent_kafka' retrieved from /opt/airflow/dags/dag_pipeline_complet.py
[2026-04-25T19:07:39.181+0000] {logging_mixin.py:188} INFO - [2026-04-25T19:07:39.180+0000] {dag.py:3096} INFO - Sync 1 DAGs
[2026-04-25T19:07:39.260+0000] {logging_mixin.py:188} INFO - [2026-04-25T19:07:39.259+0000] {dag.py:3954} INFO - Setting next_dagrun for pipeline_job_intelligent_kafka to 2026-04-24 06:00:00+00:00, run_after=2026-04-25 06:00:00+00:00
[2026-04-25T19:07:39.320+0000] {processor.py:183} INFO - Processing /opt/airflow/dags/dag_pipeline_complet.py took 0.297 seconds
[2026-04-25T19:08:09.895+0000] {processor.py:161} INFO - Started process (PID=2867) to work on /opt/airflow/dags/dag_pipeline_complet.py
[2026-04-25T19:08:09.898+0000] {processor.py:830} INFO - Processing file /opt/airflow/dags/dag_pipeline_complet.py for tasks to queue
[2026-04-25T19:08:09.901+0000] {logging_mixin.py:188} INFO - [2026-04-25T19:08:09.900+0000] {dagbag.py:545} INFO - Filling up the DagBag from /opt/airflow/dags/dag_pipeline_complet.py
[2026-04-25T19:08:09.950+0000] {processor.py:840} INFO - DAG(s) 'pipeline_job_intelligent_kafka' retrieved from /opt/airflow/dags/dag_pipeline_complet.py
[2026-04-25T19:08:10.036+0000] {logging_mixin.py:188} INFO - [2026-04-25T19:08:10.036+0000] {dag.py:3096} INFO - Sync 1 DAGs
[2026-04-25T19:08:10.253+0000] {logging_mixin.py:188} INFO - [2026-04-25T19:08:10.252+0000] {dag.py:3954} INFO - Setting next_dagrun for pipeline_job_intelligent_kafka to 2026-04-24 06:00:00+00:00, run_after=2026-04-25 06:00:00+00:00
[2026-04-25T19:08:10.304+0000] {processor.py:183} INFO - Processing /opt/airflow/dags/dag_pipeline_complet.py took 0.428 seconds
[2026-04-25T19:08:40.838+0000] {processor.py:161} INFO - Started process (PID=2876) to work on /opt/airflow/dags/dag_pipeline_complet.py
[2026-04-25T19:08:40.845+0000] {processor.py:830} INFO - Processing file /opt/airflow/dags/dag_pipeline_complet.py for tasks to queue
[2026-04-25T19:08:40.851+0000] {logging_mixin.py:188} INFO - [2026-04-25T19:08:40.849+0000] {dagbag.py:545} INFO - Filling up the DagBag from /opt/airflow/dags/dag_pipeline_complet.py
[2026-04-25T19:08:40.949+0000] {processor.py:840} INFO - DAG(s) 'pipeline_job_intelligent_kafka' retrieved from /opt/airflow/dags/dag_pipeline_complet.py
[2026-04-25T19:08:41.081+0000] {logging_mixin.py:188} INFO - [2026-04-25T19:08:41.080+0000] {dag.py:3096} INFO - Sync 1 DAGs
[2026-04-25T19:08:41.142+0000] {logging_mixin.py:188} INFO - [2026-04-25T19:08:41.142+0000] {dag.py:3954} INFO - Setting next_dagrun for pipeline_job_intelligent_kafka to 2026-04-24 06:00:00+00:00, run_after=2026-04-25 06:00:00+00:00
[2026-04-25T19:08:41.182+0000] {processor.py:183} INFO - Processing /opt/airflow/dags/dag_pipeline_complet.py took 0.364 seconds
[2026-04-25T19:09:11.824+0000] {processor.py:161} INFO - Started process (PID=2891) to work on /opt/airflow/dags/dag_pipeline_complet.py
[2026-04-25T19:09:11.828+0000] {processor.py:830} INFO - Processing file /opt/airflow/dags/dag_pipeline_complet.py for tasks to queue
[2026-04-25T19:09:11.839+0000] {logging_mixin.py:188} INFO - [2026-04-25T19:09:11.837+0000] {dagbag.py:545} INFO - Filling up the DagBag from /opt/airflow/dags/dag_pipeline_complet.py
[2026-04-25T19:09:11.920+0000] {processor.py:840} INFO - DAG(s) 'pipeline_job_intelligent_kafka' retrieved from /opt/airflow/dags/dag_pipeline_complet.py
[2026-04-25T19:09:11.990+0000] {logging_mixin.py:188} INFO - [2026-04-25T19:09:11.989+0000] {dag.py:3096} INFO - Sync 1 DAGs
[2026-04-25T19:09:12.070+0000] {logging_mixin.py:188} INFO - [2026-04-25T19:09:12.069+0000] {dag.py:3954} INFO - Setting next_dagrun for pipeline_job_intelligent_kafka to 2026-04-24 06:00:00+00:00, run_after=2026-04-25 06:00:00+00:00
[2026-04-25T19:09:12.154+0000] {processor.py:183} INFO - Processing /opt/airflow/dags/dag_pipeline_complet.py took 0.379 seconds
[2026-04-25T19:09:42.981+0000] {processor.py:161} INFO - Started process (PID=2899) to work on /opt/airflow/dags/dag_pipeline_complet.py
[2026-04-25T19:09:42.984+0000] {processor.py:830} INFO - Processing file /opt/airflow/dags/dag_pipeline_complet.py for tasks to queue
[2026-04-25T19:09:42.988+0000] {logging_mixin.py:188} INFO - [2026-04-25T19:09:42.987+0000] {dagbag.py:545} INFO - Filling up the DagBag from /opt/airflow/dags/dag_pipeline_complet.py
[2026-04-25T19:09:43.034+0000] {processor.py:840} INFO - DAG(s) 'pipeline_job_intelligent_kafka' retrieved from /opt/airflow/dags/dag_pipeline_complet.py
[2026-04-25T19:09:43.098+0000] {logging_mixin.py:188} INFO - [2026-04-25T19:09:43.098+0000] {dag.py:3096} INFO - Sync 1 DAGs
[2026-04-25T19:09:43.173+0000] {logging_mixin.py:188} INFO - [2026-04-25T19:09:43.173+0000] {dag.py:3954} INFO - Setting next_dagrun for pipeline_job_intelligent_kafka to 2026-04-24 06:00:00+00:00, run_after=2026-04-25 06:00:00+00:00
[2026-04-25T19:09:43.242+0000] {processor.py:183} INFO - Processing /opt/airflow/dags/dag_pipeline_complet.py took 0.277 seconds
[2026-04-25T19:10:13.396+0000] {processor.py:161} INFO - Started process (PID=2913) to work on /opt/airflow/dags/dag_pipeline_complet.py
[2026-04-25T19:10:13.398+0000] {processor.py:830} INFO - Processing file /opt/airflow/dags/dag_pipeline_complet.py for tasks to queue
[2026-04-25T19:10:13.400+0000] {logging_mixin.py:188} INFO - [2026-04-25T19:10:13.399+0000] {dagbag.py:545} INFO - Filling up the DagBag from /opt/airflow/dags/dag_pipeline_complet.py
[2026-04-25T19:10:13.430+0000] {processor.py:840} INFO - DAG(s) 'pipeline_job_intelligent_kafka' retrieved from /opt/airflow/dags/dag_pipeline_complet.py
[2026-04-25T19:10:13.481+0000] {logging_mixin.py:188} INFO - [2026-04-25T19:10:13.481+0000] {dag.py:3096} INFO - Sync 1 DAGs
[2026-04-25T19:10:13.699+0000] {logging_mixin.py:188} INFO - [2026-04-25T19:10:13.699+0000] {dag.py:3954} INFO - Setting next_dagrun for pipeline_job_intelligent_kafka to 2026-04-24 06:00:00+00:00, run_after=2026-04-25 06:00:00+00:00
[2026-04-25T19:10:13.744+0000] {processor.py:183} INFO - Processing /opt/airflow/dags/dag_pipeline_complet.py took 0.358 seconds
[2026-04-25T19:10:43.811+0000] {processor.py:161} INFO - Started process (PID=2921) to work on /opt/airflow/dags/dag_pipeline_complet.py
[2026-04-25T19:10:43.813+0000] {processor.py:830} INFO - Processing file /opt/airflow/dags/dag_pipeline_complet.py for tasks to queue
[2026-04-25T19:10:43.815+0000] {logging_mixin.py:188} INFO - [2026-04-25T19:10:43.815+0000] {dagbag.py:545} INFO - Filling up the DagBag from /opt/airflow/dags/dag_pipeline_complet.py
[2026-04-25T19:10:43.851+0000] {processor.py:840} INFO - DAG(s) 'pipeline_job_intelligent_kafka' retrieved from /opt/airflow/dags/dag_pipeline_complet.py
[2026-04-25T19:10:43.904+0000] {logging_mixin.py:188} INFO - [2026-04-25T19:10:43.903+0000] {dag.py:3096} INFO - Sync 1 DAGs
[2026-04-25T19:10:43.940+0000] {logging_mixin.py:188} INFO - [2026-04-25T19:10:43.940+0000] {dag.py:3954} INFO - Setting next_dagrun for pipeline_job_intelligent_kafka to 2026-04-24 06:00:00+00:00, run_after=2026-04-25 06:00:00+00:00
[2026-04-25T19:10:43.978+0000] {processor.py:183} INFO - Processing /opt/airflow/dags/dag_pipeline_complet.py took 0.175 seconds
[2026-04-25T19:11:14.554+0000] {processor.py:161} INFO - Started process (PID=2935) to work on /opt/airflow/dags/dag_pipeline_complet.py
[2026-04-25T19:11:14.555+0000] {processor.py:830} INFO - Processing file /opt/airflow/dags/dag_pipeline_complet.py for tasks to queue
[2026-04-25T19:11:14.558+0000] {logging_mixin.py:188} INFO - [2026-04-25T19:11:14.557+0000] {dagbag.py:545} INFO - Filling up the DagBag from /opt/airflow/dags/dag_pipeline_complet.py
[2026-04-25T19:11:14.624+0000] {processor.py:840} INFO - DAG(s) 'pipeline_job_intelligent_kafka' retrieved from /opt/airflow/dags/dag_pipeline_complet.py
[2026-04-25T19:11:14.706+0000] {logging_mixin.py:188} INFO - [2026-04-25T19:11:14.705+0000] {dag.py:3096} INFO - Sync 1 DAGs
[2026-04-25T19:11:14.759+0000] {logging_mixin.py:188} INFO - [2026-04-25T19:11:14.758+0000] {dag.py:3954} INFO - Setting next_dagrun for pipeline_job_intelligent_kafka to 2026-04-24 06:00:00+00:00, run_after=2026-04-25 06:00:00+00:00
[2026-04-25T19:11:14.793+0000] {processor.py:183} INFO - Processing /opt/airflow/dags/dag_pipeline_complet.py took 0.251 seconds
[2026-04-25T19:11:45.303+0000] {processor.py:161} INFO - Started process (PID=2943) to work on /opt/airflow/dags/dag_pipeline_complet.py
[2026-04-25T19:11:45.306+0000] {processor.py:830} INFO - Processing file /opt/airflow/dags/dag_pipeline_complet.py for tasks to queue
[2026-04-25T19:11:45.309+0000] {logging_mixin.py:188} INFO - [2026-04-25T19:11:45.308+0000] {dagbag.py:545} INFO - Filling up the DagBag from /opt/airflow/dags/dag_pipeline_complet.py
[2026-04-25T19:11:45.385+0000] {processor.py:840} INFO - DAG(s) 'pipeline_job_intelligent_kafka' retrieved from /opt/airflow/dags/dag_pipeline_complet.py
[2026-04-25T19:11:45.490+0000] {logging_mixin.py:188} INFO - [2026-04-25T19:11:45.489+0000] {dag.py:3096} INFO - Sync 1 DAGs
[2026-04-25T19:11:45.542+0000] {logging_mixin.py:188} INFO - [2026-04-25T19:11:45.541+0000] {dag.py:3954} INFO - Setting next_dagrun for pipeline_job_intelligent_kafka to 2026-04-24 06:00:00+00:00, run_after=2026-04-25 06:00:00+00:00
[2026-04-25T19:11:45.589+0000] {processor.py:183} INFO - Processing /opt/airflow/dags/dag_pipeline_complet.py took 0.306 seconds
[2026-04-25T19:12:16.168+0000] {processor.py:161} INFO - Started process (PID=2956) to work on /opt/airflow/dags/dag_pipeline_complet.py
[2026-04-25T19:12:16.184+0000] {processor.py:830} INFO - Processing file /opt/airflow/dags/dag_pipeline_complet.py for tasks to queue
[2026-04-25T19:12:16.202+0000] {logging_mixin.py:188} INFO - [2026-04-25T19:12:16.201+0000] {dagbag.py:545} INFO - Filling up the DagBag from /opt/airflow/dags/dag_pipeline_complet.py
[2026-04-25T19:12:16.284+0000] {processor.py:840} INFO - DAG(s) 'pipeline_job_intelligent_kafka' retrieved from /opt/airflow/dags/dag_pipeline_complet.py
[2026-04-25T19:12:16.353+0000] {logging_mixin.py:188} INFO - [2026-04-25T19:12:16.352+0000] {dag.py:3096} INFO - Sync 1 DAGs
[2026-04-25T19:12:16.871+0000] {logging_mixin.py:188} INFO - [2026-04-25T19:12:16.870+0000] {dag.py:3954} INFO - Setting next_dagrun for pipeline_job_intelligent_kafka to 2026-04-24 06:00:00+00:00, run_after=2026-04-25 06:00:00+00:00
[2026-04-25T19:12:17.033+0000] {processor.py:183} INFO - Processing /opt/airflow/dags/dag_pipeline_complet.py took 0.889 seconds
[2026-04-25T19:12:47.547+0000] {processor.py:161} INFO - Started process (PID=2963) to work on /opt/airflow/dags/dag_pipeline_complet.py
[2026-04-25T19:12:47.550+0000] {processor.py:830} INFO - Processing file /opt/airflow/dags/dag_pipeline_complet.py for tasks to queue
[2026-04-25T19:12:47.553+0000] {logging_mixin.py:188} INFO - [2026-04-25T19:12:47.553+0000] {dagbag.py:545} INFO - Filling up the DagBag from /opt/airflow/dags/dag_pipeline_complet.py
[2026-04-25T19:12:47.599+0000] {processor.py:840} INFO - DAG(s) 'pipeline_job_intelligent_kafka' retrieved from /opt/airflow/dags/dag_pipeline_complet.py
[2026-04-25T19:12:47.743+0000] {logging_mixin.py:188} INFO - [2026-04-25T19:12:47.739+0000] {dag.py:3096} INFO - Sync 1 DAGs
[2026-04-25T19:12:47.856+0000] {logging_mixin.py:188} INFO - [2026-04-25T19:12:47.856+0000] {dag.py:3954} INFO - Setting next_dagrun for pipeline_job_intelligent_kafka to 2026-04-24 06:00:00+00:00, run_after=2026-04-25 06:00:00+00:00
[2026-04-25T19:12:47.946+0000] {processor.py:183} INFO - Processing /opt/airflow/dags/dag_pipeline_complet.py took 0.417 seconds
[2026-04-25T19:13:18.436+0000] {processor.py:161} INFO - Started process (PID=2977) to work on /opt/airflow/dags/dag_pipeline_complet.py
[2026-04-25T19:13:18.446+0000] {processor.py:830} INFO - Processing file /opt/airflow/dags/dag_pipeline_complet.py for tasks to queue
[2026-04-25T19:13:18.449+0000] {logging_mixin.py:188} INFO - [2026-04-25T19:13:18.448+0000] {dagbag.py:545} INFO - Filling up the DagBag from /opt/airflow/dags/dag_pipeline_complet.py
[2026-04-25T19:13:18.515+0000] {processor.py:840} INFO - DAG(s) 'pipeline_job_intelligent_kafka' retrieved from /opt/airflow/dags/dag_pipeline_complet.py
[2026-04-25T19:13:18.777+0000] {logging_mixin.py:188} INFO - [2026-04-25T19:13:18.775+0000] {dag.py:3096} INFO - Sync 1 DAGs
[2026-04-25T19:13:18.927+0000] {logging_mixin.py:188} INFO - [2026-04-25T19:13:18.927+0000] {dag.py:3954} INFO - Setting next_dagrun for pipeline_job_intelligent_kafka to 2026-04-24 06:00:00+00:00, run_after=2026-04-25 06:00:00+00:00
[2026-04-25T19:13:19.212+0000] {processor.py:183} INFO - Processing /opt/airflow/dags/dag_pipeline_complet.py took 0.802 seconds
[2026-04-25T19:13:49.551+0000] {processor.py:161} INFO - Started process (PID=2991) to work on /opt/airflow/dags/dag_pipeline_complet.py
[2026-04-25T19:13:49.572+0000] {processor.py:830} INFO - Processing file /opt/airflow/dags/dag_pipeline_complet.py for tasks to queue
[2026-04-25T19:13:49.602+0000] {logging_mixin.py:188} INFO - [2026-04-25T19:13:49.601+0000] {dagbag.py:545} INFO - Filling up the DagBag from /opt/airflow/dags/dag_pipeline_complet.py
[2026-04-25T19:13:49.860+0000] {processor.py:840} INFO - DAG(s) 'pipeline_job_intelligent_kafka' retrieved from /opt/airflow/dags/dag_pipeline_complet.py
[2026-04-25T19:13:50.263+0000] {logging_mixin.py:188} INFO - [2026-04-25T19:13:50.262+0000] {dag.py:3096} INFO - Sync 1 DAGs
[2026-04-25T19:13:50.496+0000] {logging_mixin.py:188} INFO - [2026-04-25T19:13:50.496+0000] {dag.py:3954} INFO - Setting next_dagrun for pipeline_job_intelligent_kafka to 2026-04-24 06:00:00+00:00, run_after=2026-04-25 06:00:00+00:00
[2026-04-25T19:13:50.830+0000] {processor.py:183} INFO - Processing /opt/airflow/dags/dag_pipeline_complet.py took 1.322 seconds
[2026-04-25T19:14:22.324+0000] {processor.py:161} INFO - Started process (PID=2999) to work on /opt/airflow/dags/dag_pipeline_complet.py
[2026-04-25T19:14:22.408+0000] {processor.py:830} INFO - Processing file /opt/airflow/dags/dag_pipeline_complet.py for tasks to queue
[2026-04-25T19:14:22.422+0000] {logging_mixin.py:188} INFO - [2026-04-25T19:14:22.421+0000] {dagbag.py:545} INFO - Filling up the DagBag from /opt/airflow/dags/dag_pipeline_complet.py
[2026-04-25T19:14:23.404+0000] {processor.py:840} INFO - DAG(s) 'pipeline_job_intelligent_kafka' retrieved from /opt/airflow/dags/dag_pipeline_complet.py
[2026-04-25T19:14:24.065+0000] {logging_mixin.py:188} INFO - [2026-04-25T19:14:24.064+0000] {dag.py:3096} INFO - Sync 1 DAGs
[2026-04-25T19:14:24.255+0000] {logging_mixin.py:188} INFO - [2026-04-25T19:14:24.254+0000] {dag.py:3954} INFO - Setting next_dagrun for pipeline_job_intelligent_kafka to 2026-04-24 06:00:00+00:00, run_after=2026-04-25 06:00:00+00:00
[2026-04-25T19:14:24.737+0000] {processor.py:183} INFO - Processing /opt/airflow/dags/dag_pipeline_complet.py took 2.744 seconds
[2026-04-25T19:14:54.980+0000] {processor.py:161} INFO - Started process (PID=3013) to work on /opt/airflow/dags/dag_pipeline_complet.py
[2026-04-25T19:14:54.982+0000] {processor.py:830} INFO - Processing file /opt/airflow/dags/dag_pipeline_complet.py for tasks to queue
[2026-04-25T19:14:54.984+0000] {logging_mixin.py:188} INFO - [2026-04-25T19:14:54.984+0000] {dagbag.py:545} INFO - Filling up the DagBag from /opt/airflow/dags/dag_pipeline_complet.py
[2026-04-25T19:14:55.057+0000] {processor.py:840} INFO - DAG(s) 'pipeline_job_intelligent_kafka' retrieved from /opt/airflow/dags/dag_pipeline_complet.py
[2026-04-25T19:14:55.279+0000] {logging_mixin.py:188} INFO - [2026-04-25T19:14:55.277+0000] {dag.py:3096} INFO - Sync 1 DAGs
[2026-04-25T19:14:55.956+0000] {logging_mixin.py:188} INFO - [2026-04-25T19:14:55.943+0000] {dag.py:3954} INFO - Setting next_dagrun for pipeline_job_intelligent_kafka to 2026-04-24 06:00:00+00:00, run_after=2026-04-25 06:00:00+00:00
[2026-04-25T19:14:56.142+0000] {processor.py:183} INFO - Processing /opt/airflow/dags/dag_pipeline_complet.py took 1.184 seconds
[2026-04-25T19:15:26.603+0000] {processor.py:161} INFO - Started process (PID=3022) to work on /opt/airflow/dags/dag_pipeline_complet.py
[2026-04-25T19:15:26.605+0000] {processor.py:830} INFO - Processing file /opt/airflow/dags/dag_pipeline_complet.py for tasks to queue
[2026-04-25T19:15:26.609+0000] {logging_mixin.py:188} INFO - [2026-04-25T19:15:26.608+0000] {dagbag.py:545} INFO - Filling up the DagBag from /opt/airflow/dags/dag_pipeline_complet.py
[2026-04-25T19:15:26.654+0000] {processor.py:840} INFO - DAG(s) 'pipeline_job_intelligent_kafka' retrieved from /opt/airflow/dags/dag_pipeline_complet.py
[2026-04-25T19:15:26.826+0000] {logging_mixin.py:188} INFO - [2026-04-25T19:15:26.825+0000] {dag.py:3096} INFO - Sync 1 DAGs
[2026-04-25T19:15:26.896+0000] {logging_mixin.py:188} INFO - [2026-04-25T19:15:26.896+0000] {dag.py:3954} INFO - Setting next_dagrun for pipeline_job_intelligent_kafka to 2026-04-24 06:00:00+00:00, run_after=2026-04-25 06:00:00+00:00
[2026-04-25T19:15:26.963+0000] {processor.py:183} INFO - Processing /opt/airflow/dags/dag_pipeline_complet.py took 0.378 seconds
[2026-04-25T19:15:57.556+0000] {processor.py:161} INFO - Started process (PID=3036) to work on /opt/airflow/dags/dag_pipeline_complet.py
[2026-04-25T19:15:57.557+0000] {processor.py:830} INFO - Processing file /opt/airflow/dags/dag_pipeline_complet.py for tasks to queue
[2026-04-25T19:15:57.560+0000] {logging_mixin.py:188} INFO - [2026-04-25T19:15:57.559+0000] {dagbag.py:545} INFO - Filling up the DagBag from /opt/airflow/dags/dag_pipeline_complet.py
[2026-04-25T19:15:57.606+0000] {processor.py:840} INFO - DAG(s) 'pipeline_job_intelligent_kafka' retrieved from /opt/airflow/dags/dag_pipeline_complet.py
[2026-04-25T19:15:57.690+0000] {logging_mixin.py:188} INFO - [2026-04-25T19:15:57.690+0000] {dag.py:3096} INFO - Sync 1 DAGs
[2026-04-25T19:15:57.742+0000] {logging_mixin.py:188} INFO - [2026-04-25T19:15:57.742+0000] {dag.py:3954} INFO - Setting next_dagrun for pipeline_job_intelligent_kafka to 2026-04-24 06:00:00+00:00, run_after=2026-04-25 06:00:00+00:00
[2026-04-25T19:15:57.782+0000] {processor.py:183} INFO - Processing /opt/airflow/dags/dag_pipeline_complet.py took 0.239 seconds
[2026-04-25T19:16:28.300+0000] {processor.py:161} INFO - Started process (PID=3043) to work on /opt/airflow/dags/dag_pipeline_complet.py
[2026-04-25T19:16:28.302+0000] {processor.py:830} INFO - Processing file /opt/airflow/dags/dag_pipeline_complet.py for tasks to queue
[2026-04-25T19:16:28.303+0000] {logging_mixin.py:188} INFO - [2026-04-25T19:16:28.303+0000] {dagbag.py:545} INFO - Filling up the DagBag from /opt/airflow/dags/dag_pipeline_complet.py
[2026-04-25T19:16:28.350+0000] {processor.py:840} INFO - DAG(s) 'pipeline_job_intelligent_kafka' retrieved from /opt/airflow/dags/dag_pipeline_complet.py
[2026-04-25T19:16:28.423+0000] {logging_mixin.py:188} INFO - [2026-04-25T19:16:28.423+0000] {dag.py:3096} INFO - Sync 1 DAGs
[2026-04-25T19:16:28.462+0000] {logging_mixin.py:188} INFO - [2026-04-25T19:16:28.462+0000] {dag.py:3954} INFO - Setting next_dagrun for pipeline_job_intelligent_kafka to 2026-04-24 06:00:00+00:00, run_after=2026-04-25 06:00:00+00:00
[2026-04-25T19:16:28.517+0000] {processor.py:183} INFO - Processing /opt/airflow/dags/dag_pipeline_complet.py took 0.230 seconds
[2026-04-25T19:16:58.919+0000] {processor.py:161} INFO - Started process (PID=3057) to work on /opt/airflow/dags/dag_pipeline_complet.py
[2026-04-25T19:16:58.922+0000] {processor.py:830} INFO - Processing file /opt/airflow/dags/dag_pipeline_complet.py for tasks to queue
[2026-04-25T19:16:58.924+0000] {logging_mixin.py:188} INFO - [2026-04-25T19:16:58.923+0000] {dagbag.py:545} INFO - Filling up the DagBag from /opt/airflow/dags/dag_pipeline_complet.py
[2026-04-25T19:16:58.979+0000] {processor.py:840} INFO - DAG(s) 'pipeline_job_intelligent_kafka' retrieved from /opt/airflow/dags/dag_pipeline_complet.py
[2026-04-25T19:16:59.065+0000] {logging_mixin.py:188} INFO - [2026-04-25T19:16:59.065+0000] {dag.py:3096} INFO - Sync 1 DAGs
[2026-04-25T19:16:59.368+0000] {logging_mixin.py:188} INFO - [2026-04-25T19:16:59.367+0000] {dag.py:3954} INFO - Setting next_dagrun for pipeline_job_intelligent_kafka to 2026-04-24 06:00:00+00:00, run_after=2026-04-25 06:00:00+00:00
[2026-04-25T19:16:59.437+0000] {processor.py:183} INFO - Processing /opt/airflow/dags/dag_pipeline_complet.py took 0.537 seconds
[2026-04-25T19:17:29.904+0000] {processor.py:161} INFO - Started process (PID=3065) to work on /opt/airflow/dags/dag_pipeline_complet.py
[2026-04-25T19:17:29.908+0000] {processor.py:830} INFO - Processing file /opt/airflow/dags/dag_pipeline_complet.py for tasks to queue
[2026-04-25T19:17:29.910+0000] {logging_mixin.py:188} INFO - [2026-04-25T19:17:29.909+0000] {dagbag.py:545} INFO - Filling up the DagBag from /opt/airflow/dags/dag_pipeline_complet.py
[2026-04-25T19:17:29.957+0000] {processor.py:840} INFO - DAG(s) 'pipeline_job_intelligent_kafka' retrieved from /opt/airflow/dags/dag_pipeline_complet.py
[2026-04-25T19:17:30.101+0000] {logging_mixin.py:188} INFO - [2026-04-25T19:17:30.100+0000] {dag.py:3096} INFO - Sync 1 DAGs
[2026-04-25T19:17:30.167+0000] {logging_mixin.py:188} INFO - [2026-04-25T19:17:30.167+0000] {dag.py:3954} INFO - Setting next_dagrun for pipeline_job_intelligent_kafka to 2026-04-24 06:00:00+00:00, run_after=2026-04-25 06:00:00+00:00
[2026-04-25T19:17:30.244+0000] {processor.py:183} INFO - Processing /opt/airflow/dags/dag_pipeline_complet.py took 0.357 seconds
[2026-04-25T19:18:01.049+0000] {processor.py:161} INFO - Started process (PID=3080) to work on /opt/airflow/dags/dag_pipeline_complet.py
[2026-04-25T19:18:01.051+0000] {processor.py:830} INFO - Processing file /opt/airflow/dags/dag_pipeline_complet.py for tasks to queue
[2026-04-25T19:18:01.054+0000] {logging_mixin.py:188} INFO - [2026-04-25T19:18:01.053+0000] {dagbag.py:545} INFO - Filling up the DagBag from /opt/airflow/dags/dag_pipeline_complet.py
[2026-04-25T19:18:01.143+0000] {processor.py:840} INFO - DAG(s) 'pipeline_job_intelligent_kafka' retrieved from /opt/airflow/dags/dag_pipeline_complet.py
[2026-04-25T19:18:01.332+0000] {logging_mixin.py:188} INFO - [2026-04-25T19:18:01.331+0000] {dag.py:3096} INFO - Sync 1 DAGs
[2026-04-25T19:18:01.539+0000] {logging_mixin.py:188} INFO - [2026-04-25T19:18:01.537+0000] {dag.py:3954} INFO - Setting next_dagrun for pipeline_job_intelligent_kafka to 2026-04-24 06:00:00+00:00, run_after=2026-04-25 06:00:00+00:00
[2026-04-25T19:18:01.661+0000] {processor.py:183} INFO - Processing /opt/airflow/dags/dag_pipeline_complet.py took 0.636 seconds
[2026-04-25T19:18:32.403+0000] {processor.py:161} INFO - Started process (PID=3096) to work on /opt/airflow/dags/dag_pipeline_complet.py
[2026-04-25T19:18:32.405+0000] {processor.py:830} INFO - Processing file /opt/airflow/dags/dag_pipeline_complet.py for tasks to queue
[2026-04-25T19:18:32.407+0000] {logging_mixin.py:188} INFO - [2026-04-25T19:18:32.406+0000] {dagbag.py:545} INFO - Filling up the DagBag from /opt/airflow/dags/dag_pipeline_complet.py
[2026-04-25T19:18:32.456+0000] {processor.py:840} INFO - DAG(s) 'pipeline_job_intelligent_kafka' retrieved from /opt/airflow/dags/dag_pipeline_complet.py
[2026-04-25T19:18:32.553+0000] {logging_mixin.py:188} INFO - [2026-04-25T19:18:32.552+0000] {dag.py:3096} INFO - Sync 1 DAGs
[2026-04-25T19:18:32.646+0000] {logging_mixin.py:188} INFO - [2026-04-25T19:18:32.646+0000] {dag.py:3954} INFO - Setting next_dagrun for pipeline_job_intelligent_kafka to 2026-04-24 06:00:00+00:00, run_after=2026-04-25 06:00:00+00:00
[2026-04-25T19:18:32.721+0000] {processor.py:183} INFO - Processing /opt/airflow/dags/dag_pipeline_complet.py took 0.338 seconds
[2026-04-25T19:19:03.147+0000] {processor.py:161} INFO - Started process (PID=3104) to work on /opt/airflow/dags/dag_pipeline_complet.py
[2026-04-25T19:19:03.149+0000] {processor.py:830} INFO - Processing file /opt/airflow/dags/dag_pipeline_complet.py for tasks to queue
[2026-04-25T19:19:03.151+0000] {logging_mixin.py:188} INFO - [2026-04-25T19:19:03.150+0000] {dagbag.py:545} INFO - Filling up the DagBag from /opt/airflow/dags/dag_pipeline_complet.py
[2026-04-25T19:19:03.201+0000] {processor.py:840} INFO - DAG(s) 'pipeline_job_intelligent_kafka' retrieved from /opt/airflow/dags/dag_pipeline_complet.py
[2026-04-25T19:19:03.329+0000] {logging_mixin.py:188} INFO - [2026-04-25T19:19:03.328+0000] {dag.py:3096} INFO - Sync 1 DAGs
[2026-04-25T19:19:03.535+0000] {logging_mixin.py:188} INFO - [2026-04-25T19:19:03.534+0000] {dag.py:3954} INFO - Setting next_dagrun for pipeline_job_intelligent_kafka to 2026-04-24 06:00:00+00:00, run_after=2026-04-25 06:00:00+00:00
[2026-04-25T19:19:03.568+0000] {processor.py:183} INFO - Processing /opt/airflow/dags/dag_pipeline_complet.py took 0.436 seconds
[2026-04-25T19:19:34.136+0000] {processor.py:161} INFO - Started process (PID=3118) to work on /opt/airflow/dags/dag_pipeline_complet.py
[2026-04-25T19:19:34.138+0000] {processor.py:830} INFO - Processing file /opt/airflow/dags/dag_pipeline_complet.py for tasks to queue
[2026-04-25T19:19:34.140+0000] {logging_mixin.py:188} INFO - [2026-04-25T19:19:34.139+0000] {dagbag.py:545} INFO - Filling up the DagBag from /opt/airflow/dags/dag_pipeline_complet.py
[2026-04-25T19:19:34.176+0000] {processor.py:840} INFO - DAG(s) 'pipeline_job_intelligent_kafka' retrieved from /opt/airflow/dags/dag_pipeline_complet.py
[2026-04-25T19:19:34.245+0000] {logging_mixin.py:188} INFO - [2026-04-25T19:19:34.245+0000] {dag.py:3096} INFO - Sync 1 DAGs
[2026-04-25T19:19:34.287+0000] {logging_mixin.py:188} INFO - [2026-04-25T19:19:34.286+0000] {dag.py:3954} INFO - Setting next_dagrun for pipeline_job_intelligent_kafka to 2026-04-24 06:00:00+00:00, run_after=2026-04-25 06:00:00+00:00
[2026-04-25T19:19:34.318+0000] {processor.py:183} INFO - Processing /opt/airflow/dags/dag_pipeline_complet.py took 0.195 seconds
[2026-04-25T19:20:04.904+0000] {processor.py:161} INFO - Started process (PID=3125) to work on /opt/airflow/dags/dag_pipeline_complet.py
[2026-04-25T19:20:04.905+0000] {processor.py:830} INFO - Processing file /opt/airflow/dags/dag_pipeline_complet.py for tasks to queue
[2026-04-25T19:20:04.907+0000] {logging_mixin.py:188} INFO - [2026-04-25T19:20:04.906+0000] {dagbag.py:545} INFO - Filling up the DagBag from /opt/airflow/dags/dag_pipeline_complet.py
[2026-04-25T19:20:04.942+0000] {processor.py:840} INFO - DAG(s) 'pipeline_job_intelligent_kafka' retrieved from /opt/airflow/dags/dag_pipeline_complet.py
[2026-04-25T19:20:05.014+0000] {logging_mixin.py:188} INFO - [2026-04-25T19:20:05.013+0000] {dag.py:3096} INFO - Sync 1 DAGs
[2026-04-25T19:20:05.050+0000] {logging_mixin.py:188} INFO - [2026-04-25T19:20:05.049+0000] {dag.py:3954} INFO - Setting next_dagrun for pipeline_job_intelligent_kafka to 2026-04-24 06:00:00+00:00, run_after=2026-04-25 06:00:00+00:00
[2026-04-25T19:20:05.086+0000] {processor.py:183} INFO - Processing /opt/airflow/dags/dag_pipeline_complet.py took 0.193 seconds
[2026-04-25T19:20:35.547+0000] {processor.py:161} INFO - Started process (PID=3140) to work on /opt/airflow/dags/dag_pipeline_complet.py
[2026-04-25T19:20:35.548+0000] {processor.py:830} INFO - Processing file /opt/airflow/dags/dag_pipeline_complet.py for tasks to queue
[2026-04-25T19:20:35.551+0000] {logging_mixin.py:188} INFO - [2026-04-25T19:20:35.550+0000] {dagbag.py:545} INFO - Filling up the DagBag from /opt/airflow/dags/dag_pipeline_complet.py
[2026-04-25T19:20:35.595+0000] {processor.py:840} INFO - DAG(s) 'pipeline_job_intelligent_kafka' retrieved from /opt/airflow/dags/dag_pipeline_complet.py
[2026-04-25T19:20:35.669+0000] {logging_mixin.py:188} INFO - [2026-04-25T19:20:35.669+0000] {dag.py:3096} INFO - Sync 1 DAGs
[2026-04-25T19:20:35.713+0000] {logging_mixin.py:188} INFO - [2026-04-25T19:20:35.713+0000] {dag.py:3954} INFO - Setting next_dagrun for pipeline_job_intelligent_kafka to 2026-04-24 06:00:00+00:00, run_after=2026-04-25 06:00:00+00:00
[2026-04-25T19:20:35.754+0000] {processor.py:183} INFO - Processing /opt/airflow/dags/dag_pipeline_complet.py took 0.217 seconds
[2026-04-25T19:21:06.215+0000] {processor.py:161} INFO - Started process (PID=3148) to work on /opt/airflow/dags/dag_pipeline_complet.py
[2026-04-25T19:21:06.227+0000] {processor.py:830} INFO - Processing file /opt/airflow/dags/dag_pipeline_complet.py for tasks to queue
[2026-04-25T19:21:06.230+0000] {logging_mixin.py:188} INFO - [2026-04-25T19:21:06.229+0000] {dagbag.py:545} INFO - Filling up the DagBag from /opt/airflow/dags/dag_pipeline_complet.py
[2026-04-25T19:21:06.308+0000] {processor.py:840} INFO - DAG(s) 'pipeline_job_intelligent_kafka' retrieved from /opt/airflow/dags/dag_pipeline_complet.py
[2026-04-25T19:21:06.412+0000] {logging_mixin.py:188} INFO - [2026-04-25T19:21:06.411+0000] {dag.py:3096} INFO - Sync 1 DAGs
[2026-04-25T19:21:06.741+0000] {logging_mixin.py:188} INFO - [2026-04-25T19:21:06.740+0000] {dag.py:3954} INFO - Setting next_dagrun for pipeline_job_intelligent_kafka to 2026-04-24 06:00:00+00:00, run_after=2026-04-25 06:00:00+00:00
[2026-04-25T19:21:06.774+0000] {processor.py:183} INFO - Processing /opt/airflow/dags/dag_pipeline_complet.py took 0.589 seconds
[2026-04-25T19:21:37.226+0000] {processor.py:161} INFO - Started process (PID=3161) to work on /opt/airflow/dags/dag_pipeline_complet.py
[2026-04-25T19:21:37.228+0000] {processor.py:830} INFO - Processing file /opt/airflow/dags/dag_pipeline_complet.py for tasks to queue
[2026-04-25T19:21:37.230+0000] {logging_mixin.py:188} INFO - [2026-04-25T19:21:37.229+0000] {dagbag.py:545} INFO - Filling up the DagBag from /opt/airflow/dags/dag_pipeline_complet.py
[2026-04-25T19:21:37.299+0000] {processor.py:840} INFO - DAG(s) 'pipeline_job_intelligent_kafka' retrieved from /opt/airflow/dags/dag_pipeline_complet.py
[2026-04-25T19:21:37.426+0000] {logging_mixin.py:188} INFO - [2026-04-25T19:21:37.425+0000] {dag.py:3096} INFO - Sync 1 DAGs
[2026-04-25T19:21:37.480+0000] {logging_mixin.py:188} INFO - [2026-04-25T19:21:37.480+0000] {dag.py:3954} INFO - Setting next_dagrun for pipeline_job_intelligent_kafka to 2026-04-24 06:00:00+00:00, run_after=2026-04-25 06:00:00+00:00
[2026-04-25T19:21:37.529+0000] {processor.py:183} INFO - Processing /opt/airflow/dags/dag_pipeline_complet.py took 0.316 seconds
[2026-04-25T19:22:08.101+0000] {processor.py:161} INFO - Started process (PID=3169) to work on /opt/airflow/dags/dag_pipeline_complet.py
[2026-04-25T19:22:08.112+0000] {processor.py:830} INFO - Processing file /opt/airflow/dags/dag_pipeline_complet.py for tasks to queue
[2026-04-25T19:22:08.115+0000] {logging_mixin.py:188} INFO - [2026-04-25T19:22:08.115+0000] {dagbag.py:545} INFO - Filling up the DagBag from /opt/airflow/dags/dag_pipeline_complet.py
[2026-04-25T19:22:08.173+0000] {processor.py:840} INFO - DAG(s) 'pipeline_job_intelligent_kafka' retrieved from /opt/airflow/dags/dag_pipeline_complet.py
[2026-04-25T19:22:08.287+0000] {logging_mixin.py:188} INFO - [2026-04-25T19:22:08.286+0000] {dag.py:3096} INFO - Sync 1 DAGs
[2026-04-25T19:22:08.344+0000] {logging_mixin.py:188} INFO - [2026-04-25T19:22:08.344+0000] {dag.py:3954} INFO - Setting next_dagrun for pipeline_job_intelligent_kafka to 2026-04-24 06:00:00+00:00, run_after=2026-04-25 06:00:00+00:00
[2026-04-25T19:22:08.396+0000] {processor.py:183} INFO - Processing /opt/airflow/dags/dag_pipeline_complet.py took 0.334 seconds
[2026-04-25T19:22:39.102+0000] {processor.py:161} INFO - Started process (PID=3184) to work on /opt/airflow/dags/dag_pipeline_complet.py
[2026-04-25T19:22:39.108+0000] {processor.py:830} INFO - Processing file /opt/airflow/dags/dag_pipeline_complet.py for tasks to queue
[2026-04-25T19:22:39.116+0000] {logging_mixin.py:188} INFO - [2026-04-25T19:22:39.115+0000] {dagbag.py:545} INFO - Filling up the DagBag from /opt/airflow/dags/dag_pipeline_complet.py
[2026-04-25T19:22:39.155+0000] {processor.py:840} INFO - DAG(s) 'pipeline_job_intelligent_kafka' retrieved from /opt/airflow/dags/dag_pipeline_complet.py
[2026-04-25T19:22:39.268+0000] {logging_mixin.py:188} INFO - [2026-04-25T19:22:39.267+0000] {dag.py:3096} INFO - Sync 1 DAGs
[2026-04-25T19:22:39.327+0000] {logging_mixin.py:188} INFO - [2026-04-25T19:22:39.326+0000] {dag.py:3954} INFO - Setting next_dagrun for pipeline_job_intelligent_kafka to 2026-04-24 06:00:00+00:00, run_after=2026-04-25 06:00:00+00:00
[2026-04-25T19:22:39.441+0000] {processor.py:183} INFO - Processing /opt/airflow/dags/dag_pipeline_complet.py took 0.361 seconds
[2026-04-25T19:23:09.671+0000] {processor.py:161} INFO - Started process (PID=3193) to work on /opt/airflow/dags/dag_pipeline_complet.py
[2026-04-25T19:23:09.687+0000] {processor.py:830} INFO - Processing file /opt/airflow/dags/dag_pipeline_complet.py for tasks to queue
[2026-04-25T19:23:09.690+0000] {logging_mixin.py:188} INFO - [2026-04-25T19:23:09.689+0000] {dagbag.py:545} INFO - Filling up the DagBag from /opt/airflow/dags/dag_pipeline_complet.py
[2026-04-25T19:23:09.908+0000] {processor.py:840} INFO - DAG(s) 'pipeline_job_intelligent_kafka' retrieved from /opt/airflow/dags/dag_pipeline_complet.py
[2026-04-25T19:23:09.991+0000] {logging_mixin.py:188} INFO - [2026-04-25T19:23:09.990+0000] {dag.py:3096} INFO - Sync 1 DAGs
[2026-04-25T19:23:10.052+0000] {logging_mixin.py:188} INFO - [2026-04-25T19:23:10.052+0000] {dag.py:3954} INFO - Setting next_dagrun for pipeline_job_intelligent_kafka to 2026-04-24 06:00:00+00:00, run_after=2026-04-25 06:00:00+00:00
[2026-04-25T19:23:10.545+0000] {processor.py:183} INFO - Processing /opt/airflow/dags/dag_pipeline_complet.py took 0.916 seconds
[2026-04-25T19:23:41.270+0000] {processor.py:161} INFO - Started process (PID=3206) to work on /opt/airflow/dags/dag_pipeline_complet.py
[2026-04-25T19:23:41.272+0000] {processor.py:830} INFO - Processing file /opt/airflow/dags/dag_pipeline_complet.py for tasks to queue
[2026-04-25T19:23:41.273+0000] {logging_mixin.py:188} INFO - [2026-04-25T19:23:41.273+0000] {dagbag.py:545} INFO - Filling up the DagBag from /opt/airflow/dags/dag_pipeline_complet.py
[2026-04-25T19:23:41.303+0000] {processor.py:840} INFO - DAG(s) 'pipeline_job_intelligent_kafka' retrieved from /opt/airflow/dags/dag_pipeline_complet.py
[2026-04-25T19:23:41.369+0000] {logging_mixin.py:188} INFO - [2026-04-25T19:23:41.369+0000] {dag.py:3096} INFO - Sync 1 DAGs
[2026-04-25T19:23:41.694+0000] {logging_mixin.py:188} INFO - [2026-04-25T19:23:41.694+0000] {dag.py:3954} INFO - Setting next_dagrun for pipeline_job_intelligent_kafka to 2026-04-24 06:00:00+00:00, run_after=2026-04-25 06:00:00+00:00
[2026-04-25T19:23:41.784+0000] {processor.py:183} INFO - Processing /opt/airflow/dags/dag_pipeline_complet.py took 0.523 seconds
[2026-04-25T19:24:11.956+0000] {processor.py:161} INFO - Started process (PID=3215) to work on /opt/airflow/dags/dag_pipeline_complet.py
[2026-04-25T19:24:11.958+0000] {processor.py:830} INFO - Processing file /opt/airflow/dags/dag_pipeline_complet.py for tasks to queue
[2026-04-25T19:24:11.960+0000] {logging_mixin.py:188} INFO - [2026-04-25T19:24:11.959+0000] {dagbag.py:545} INFO - Filling up the DagBag from /opt/airflow/dags/dag_pipeline_complet.py
[2026-04-25T19:24:11.999+0000] {processor.py:840} INFO - DAG(s) 'pipeline_job_intelligent_kafka' retrieved from /opt/airflow/dags/dag_pipeline_complet.py
[2026-04-25T19:24:12.230+0000] {logging_mixin.py:188} INFO - [2026-04-25T19:24:12.230+0000] {dag.py:3096} INFO - Sync 1 DAGs
[2026-04-25T19:24:12.283+0000] {logging_mixin.py:188} INFO - [2026-04-25T19:24:12.282+0000] {dag.py:3954} INFO - Setting next_dagrun for pipeline_job_intelligent_kafka to 2026-04-24 06:00:00+00:00, run_after=2026-04-25 06:00:00+00:00
[2026-04-25T19:24:12.321+0000] {processor.py:183} INFO - Processing /opt/airflow/dags/dag_pipeline_complet.py took 0.382 seconds
[2026-04-25T19:24:43.133+0000] {processor.py:161} INFO - Started process (PID=3230) to work on /opt/airflow/dags/dag_pipeline_complet.py
[2026-04-25T19:24:43.134+0000] {processor.py:830} INFO - Processing file /opt/airflow/dags/dag_pipeline_complet.py for tasks to queue
[2026-04-25T19:24:43.136+0000] {logging_mixin.py:188} INFO - [2026-04-25T19:24:43.136+0000] {dagbag.py:545} INFO - Filling up the DagBag from /opt/airflow/dags/dag_pipeline_complet.py
[2026-04-25T19:24:43.173+0000] {processor.py:840} INFO - DAG(s) 'pipeline_job_intelligent_kafka' retrieved from /opt/airflow/dags/dag_pipeline_complet.py
[2026-04-25T19:24:43.250+0000] {logging_mixin.py:188} INFO - [2026-04-25T19:24:43.249+0000] {dag.py:3096} INFO - Sync 1 DAGs
[2026-04-25T19:24:43.326+0000] {logging_mixin.py:188} INFO - [2026-04-25T19:24:43.325+0000] {dag.py:3954} INFO - Setting next_dagrun for pipeline_job_intelligent_kafka to 2026-04-24 06:00:00+00:00, run_after=2026-04-25 06:00:00+00:00
[2026-04-25T19:24:43.381+0000] {processor.py:183} INFO - Processing /opt/airflow/dags/dag_pipeline_complet.py took 0.261 seconds
[2026-04-25T19:25:13.883+0000] {processor.py:161} INFO - Started process (PID=3239) to work on /opt/airflow/dags/dag_pipeline_complet.py
[2026-04-25T19:25:13.884+0000] {processor.py:830} INFO - Processing file /opt/airflow/dags/dag_pipeline_complet.py for tasks to queue
[2026-04-25T19:25:13.886+0000] {logging_mixin.py:188} INFO - [2026-04-25T19:25:13.885+0000] {dagbag.py:545} INFO - Filling up the DagBag from /opt/airflow/dags/dag_pipeline_complet.py
[2026-04-25T19:25:13.914+0000] {processor.py:840} INFO - DAG(s) 'pipeline_job_intelligent_kafka' retrieved from /opt/airflow/dags/dag_pipeline_complet.py
[2026-04-25T19:25:13.964+0000] {logging_mixin.py:188} INFO - [2026-04-25T19:25:13.963+0000] {dag.py:3096} INFO - Sync 1 DAGs
[2026-04-25T19:25:14.003+0000] {logging_mixin.py:188} INFO - [2026-04-25T19:25:14.002+0000] {dag.py:3954} INFO - Setting next_dagrun for pipeline_job_intelligent_kafka to 2026-04-24 06:00:00+00:00, run_after=2026-04-25 06:00:00+00:00
[2026-04-25T19:25:14.224+0000] {processor.py:183} INFO - Processing /opt/airflow/dags/dag_pipeline_complet.py took 0.351 seconds
[2026-04-25T19:25:44.797+0000] {processor.py:161} INFO - Started process (PID=3253) to work on /opt/airflow/dags/dag_pipeline_complet.py
[2026-04-25T19:25:44.799+0000] {processor.py:830} INFO - Processing file /opt/airflow/dags/dag_pipeline_complet.py for tasks to queue
[2026-04-25T19:25:44.800+0000] {logging_mixin.py:188} INFO - [2026-04-25T19:25:44.800+0000] {dagbag.py:545} INFO - Filling up the DagBag from /opt/airflow/dags/dag_pipeline_complet.py
[2026-04-25T19:25:44.836+0000] {processor.py:840} INFO - DAG(s) 'pipeline_job_intelligent_kafka' retrieved from /opt/airflow/dags/dag_pipeline_complet.py
[2026-04-25T19:25:44.908+0000] {logging_mixin.py:188} INFO - [2026-04-25T19:25:44.907+0000] {dag.py:3096} INFO - Sync 1 DAGs
[2026-04-25T19:25:45.118+0000] {logging_mixin.py:188} INFO - [2026-04-25T19:25:45.118+0000] {dag.py:3954} INFO - Setting next_dagrun for pipeline_job_intelligent_kafka to 2026-04-24 06:00:00+00:00, run_after=2026-04-25 06:00:00+00:00
[2026-04-25T19:25:45.158+0000] {processor.py:183} INFO - Processing /opt/airflow/dags/dag_pipeline_complet.py took 0.370 seconds
[2026-04-25T19:26:15.561+0000] {processor.py:161} INFO - Started process (PID=3267) to work on /opt/airflow/dags/dag_pipeline_complet.py
[2026-04-25T19:26:15.563+0000] {processor.py:830} INFO - Processing file /opt/airflow/dags/dag_pipeline_complet.py for tasks to queue
[2026-04-25T19:26:15.564+0000] {logging_mixin.py:188} INFO - [2026-04-25T19:26:15.564+0000] {dagbag.py:545} INFO - Filling up the DagBag from /opt/airflow/dags/dag_pipeline_complet.py
[2026-04-25T19:26:15.594+0000] {processor.py:840} INFO - DAG(s) 'pipeline_job_intelligent_kafka' retrieved from /opt/airflow/dags/dag_pipeline_complet.py
[2026-04-25T19:26:15.808+0000] {logging_mixin.py:188} INFO - [2026-04-25T19:26:15.808+0000] {dag.py:3096} INFO - Sync 1 DAGs
[2026-04-25T19:26:15.839+0000] {logging_mixin.py:188} INFO - [2026-04-25T19:26:15.839+0000] {dag.py:3954} INFO - Setting next_dagrun for pipeline_job_intelligent_kafka to 2026-04-24 06:00:00+00:00, run_after=2026-04-25 06:00:00+00:00
[2026-04-25T19:26:15.873+0000] {processor.py:183} INFO - Processing /opt/airflow/dags/dag_pipeline_complet.py took 0.321 seconds
[2026-04-25T19:26:46.304+0000] {processor.py:161} INFO - Started process (PID=3275) to work on /opt/airflow/dags/dag_pipeline_complet.py
[2026-04-25T19:26:46.306+0000] {processor.py:830} INFO - Processing file /opt/airflow/dags/dag_pipeline_complet.py for tasks to queue
[2026-04-25T19:26:46.308+0000] {logging_mixin.py:188} INFO - [2026-04-25T19:26:46.308+0000] {dagbag.py:545} INFO - Filling up the DagBag from /opt/airflow/dags/dag_pipeline_complet.py
[2026-04-25T19:26:46.348+0000] {processor.py:840} INFO - DAG(s) 'pipeline_job_intelligent_kafka' retrieved from /opt/airflow/dags/dag_pipeline_complet.py
[2026-04-25T19:26:46.430+0000] {logging_mixin.py:188} INFO - [2026-04-25T19:26:46.430+0000] {dag.py:3096} INFO - Sync 1 DAGs
[2026-04-25T19:26:46.498+0000] {logging_mixin.py:188} INFO - [2026-04-25T19:26:46.498+0000] {dag.py:3954} INFO - Setting next_dagrun for pipeline_job_intelligent_kafka to 2026-04-24 06:00:00+00:00, run_after=2026-04-25 06:00:00+00:00
[2026-04-25T19:26:46.541+0000] {processor.py:183} INFO - Processing /opt/airflow/dags/dag_pipeline_complet.py took 0.248 seconds
[2026-04-25T19:27:17.064+0000] {processor.py:161} INFO - Started process (PID=3288) to work on /opt/airflow/dags/dag_pipeline_complet.py
[2026-04-25T19:27:17.066+0000] {processor.py:830} INFO - Processing file /opt/airflow/dags/dag_pipeline_complet.py for tasks to queue
[2026-04-25T19:27:17.068+0000] {logging_mixin.py:188} INFO - [2026-04-25T19:27:17.068+0000] {dagbag.py:545} INFO - Filling up the DagBag from /opt/airflow/dags/dag_pipeline_complet.py
[2026-04-25T19:27:17.102+0000] {processor.py:840} INFO - DAG(s) 'pipeline_job_intelligent_kafka' retrieved from /opt/airflow/dags/dag_pipeline_complet.py
[2026-04-25T19:27:17.172+0000] {logging_mixin.py:188} INFO - [2026-04-25T19:27:17.172+0000] {dag.py:3096} INFO - Sync 1 DAGs
[2026-04-25T19:27:17.226+0000] {logging_mixin.py:188} INFO - [2026-04-25T19:27:17.226+0000] {dag.py:3954} INFO - Setting next_dagrun for pipeline_job_intelligent_kafka to 2026-04-24 06:00:00+00:00, run_after=2026-04-25 06:00:00+00:00
[2026-04-25T19:27:17.269+0000] {processor.py:183} INFO - Processing /opt/airflow/dags/dag_pipeline_complet.py took 0.223 seconds
[2026-04-25T19:27:47.823+0000] {processor.py:161} INFO - Started process (PID=3296) to work on /opt/airflow/dags/dag_pipeline_complet.py
[2026-04-25T19:27:47.825+0000] {processor.py:830} INFO - Processing file /opt/airflow/dags/dag_pipeline_complet.py for tasks to queue
[2026-04-25T19:27:47.830+0000] {logging_mixin.py:188} INFO - [2026-04-25T19:27:47.828+0000] {dagbag.py:545} INFO - Filling up the DagBag from /opt/airflow/dags/dag_pipeline_complet.py
[2026-04-25T19:27:47.888+0000] {processor.py:840} INFO - DAG(s) 'pipeline_job_intelligent_kafka' retrieved from /opt/airflow/dags/dag_pipeline_complet.py
[2026-04-25T19:27:47.960+0000] {logging_mixin.py:188} INFO - [2026-04-25T19:27:47.959+0000] {dag.py:3096} INFO - Sync 1 DAGs
[2026-04-25T19:27:48.221+0000] {logging_mixin.py:188} INFO - [2026-04-25T19:27:48.221+0000] {dag.py:3954} INFO - Setting next_dagrun for pipeline_job_intelligent_kafka to 2026-04-24 06:00:00+00:00, run_after=2026-04-25 06:00:00+00:00
[2026-04-25T19:27:48.257+0000] {processor.py:183} INFO - Processing /opt/airflow/dags/dag_pipeline_complet.py took 0.452 seconds
[2026-04-25T19:28:18.781+0000] {processor.py:161} INFO - Started process (PID=3311) to work on /opt/airflow/dags/dag_pipeline_complet.py
[2026-04-25T19:28:18.783+0000] {processor.py:830} INFO - Processing file /opt/airflow/dags/dag_pipeline_complet.py for tasks to queue
[2026-04-25T19:28:18.786+0000] {logging_mixin.py:188} INFO - [2026-04-25T19:28:18.785+0000] {dagbag.py:545} INFO - Filling up the DagBag from /opt/airflow/dags/dag_pipeline_complet.py
[2026-04-25T19:28:18.843+0000] {processor.py:840} INFO - DAG(s) 'pipeline_job_intelligent_kafka' retrieved from /opt/airflow/dags/dag_pipeline_complet.py
[2026-04-25T19:28:19.131+0000] {logging_mixin.py:188} INFO - [2026-04-25T19:28:19.130+0000] {dag.py:3096} INFO - Sync 1 DAGs
[2026-04-25T19:28:19.162+0000] {logging_mixin.py:188} INFO - [2026-04-25T19:28:19.162+0000] {dag.py:3954} INFO - Setting next_dagrun for pipeline_job_intelligent_kafka to 2026-04-24 06:00:00+00:00, run_after=2026-04-25 06:00:00+00:00
[2026-04-25T19:28:19.196+0000] {processor.py:183} INFO - Processing /opt/airflow/dags/dag_pipeline_complet.py took 0.429 seconds
[2026-04-25T19:28:49.860+0000] {processor.py:161} INFO - Started process (PID=3320) to work on /opt/airflow/dags/dag_pipeline_complet.py
[2026-04-25T19:28:49.861+0000] {processor.py:830} INFO - Processing file /opt/airflow/dags/dag_pipeline_complet.py for tasks to queue
[2026-04-25T19:28:49.863+0000] {logging_mixin.py:188} INFO - [2026-04-25T19:28:49.862+0000] {dagbag.py:545} INFO - Filling up the DagBag from /opt/airflow/dags/dag_pipeline_complet.py
[2026-04-25T19:28:49.891+0000] {processor.py:840} INFO - DAG(s) 'pipeline_job_intelligent_kafka' retrieved from /opt/airflow/dags/dag_pipeline_complet.py
[2026-04-25T19:28:49.940+0000] {logging_mixin.py:188} INFO - [2026-04-25T19:28:49.940+0000] {dag.py:3096} INFO - Sync 1 DAGs
[2026-04-25T19:28:49.975+0000] {logging_mixin.py:188} INFO - [2026-04-25T19:28:49.975+0000] {dag.py:3954} INFO - Setting next_dagrun for pipeline_job_intelligent_kafka to 2026-04-24 06:00:00+00:00, run_after=2026-04-25 06:00:00+00:00
[2026-04-25T19:28:50.024+0000] {processor.py:183} INFO - Processing /opt/airflow/dags/dag_pipeline_complet.py took 0.173 seconds
[2026-04-25T19:29:20.108+0000] {processor.py:161} INFO - Started process (PID=3336) to work on /opt/airflow/dags/dag_pipeline_complet.py
[2026-04-25T19:29:20.110+0000] {processor.py:830} INFO - Processing file /opt/airflow/dags/dag_pipeline_complet.py for tasks to queue
[2026-04-25T19:29:20.111+0000] {logging_mixin.py:188} INFO - [2026-04-25T19:29:20.111+0000] {dagbag.py:545} INFO - Filling up the DagBag from /opt/airflow/dags/dag_pipeline_complet.py
[2026-04-25T19:29:20.140+0000] {processor.py:840} INFO - DAG(s) 'pipeline_job_intelligent_kafka' retrieved from /opt/airflow/dags/dag_pipeline_complet.py
[2026-04-25T19:29:20.191+0000] {logging_mixin.py:188} INFO - [2026-04-25T19:29:20.191+0000] {dag.py:3096} INFO - Sync 1 DAGs
[2026-04-25T19:29:20.226+0000] {logging_mixin.py:188} INFO - [2026-04-25T19:29:20.226+0000] {dag.py:3954} INFO - Setting next_dagrun for pipeline_job_intelligent_kafka to 2026-04-24 06:00:00+00:00, run_after=2026-04-25 06:00:00+00:00
[2026-04-25T19:29:20.270+0000] {processor.py:183} INFO - Processing /opt/airflow/dags/dag_pipeline_complet.py took 0.171 seconds
[2026-04-25T19:29:50.344+0000] {processor.py:161} INFO - Started process (PID=3344) to work on /opt/airflow/dags/dag_pipeline_complet.py
[2026-04-25T19:29:50.345+0000] {processor.py:830} INFO - Processing file /opt/airflow/dags/dag_pipeline_complet.py for tasks to queue
[2026-04-25T19:29:50.347+0000] {logging_mixin.py:188} INFO - [2026-04-25T19:29:50.346+0000] {dagbag.py:545} INFO - Filling up the DagBag from /opt/airflow/dags/dag_pipeline_complet.py
[2026-04-25T19:29:50.377+0000] {processor.py:840} INFO - DAG(s) 'pipeline_job_intelligent_kafka' retrieved from /opt/airflow/dags/dag_pipeline_complet.py
[2026-04-25T19:29:50.443+0000] {logging_mixin.py:188} INFO - [2026-04-25T19:29:50.442+0000] {dag.py:3096} INFO - Sync 1 DAGs
[2026-04-25T19:29:50.696+0000] {logging_mixin.py:188} INFO - [2026-04-25T19:29:50.695+0000] {dag.py:3954} INFO - Setting next_dagrun for pipeline_job_intelligent_kafka to 2026-04-24 06:00:00+00:00, run_after=2026-04-25 06:00:00+00:00
[2026-04-25T19:29:50.775+0000] {processor.py:183} INFO - Processing /opt/airflow/dags/dag_pipeline_complet.py took 0.440 seconds
[2026-04-25T19:30:21.237+0000] {processor.py:161} INFO - Started process (PID=3358) to work on /opt/airflow/dags/dag_pipeline_complet.py
[2026-04-25T19:30:21.238+0000] {processor.py:830} INFO - Processing file /opt/airflow/dags/dag_pipeline_complet.py for tasks to queue
[2026-04-25T19:30:21.240+0000] {logging_mixin.py:188} INFO - [2026-04-25T19:30:21.239+0000] {dagbag.py:545} INFO - Filling up the DagBag from /opt/airflow/dags/dag_pipeline_complet.py
[2026-04-25T19:30:21.281+0000] {processor.py:840} INFO - DAG(s) 'pipeline_job_intelligent_kafka' retrieved from /opt/airflow/dags/dag_pipeline_complet.py
[2026-04-25T19:30:21.533+0000] {logging_mixin.py:188} INFO - [2026-04-25T19:30:21.532+0000] {dag.py:3096} INFO - Sync 1 DAGs
[2026-04-25T19:30:21.576+0000] {logging_mixin.py:188} INFO - [2026-04-25T19:30:21.576+0000] {dag.py:3954} INFO - Setting next_dagrun for pipeline_job_intelligent_kafka to 2026-04-24 06:00:00+00:00, run_after=2026-04-25 06:00:00+00:00
[2026-04-25T19:30:21.647+0000] {processor.py:183} INFO - Processing /opt/airflow/dags/dag_pipeline_complet.py took 0.419 seconds
[2026-04-25T19:30:52.355+0000] {processor.py:161} INFO - Started process (PID=3366) to work on /opt/airflow/dags/dag_pipeline_complet.py
[2026-04-25T19:30:52.360+0000] {processor.py:830} INFO - Processing file /opt/airflow/dags/dag_pipeline_complet.py for tasks to queue
[2026-04-25T19:30:52.365+0000] {logging_mixin.py:188} INFO - [2026-04-25T19:30:52.364+0000] {dagbag.py:545} INFO - Filling up the DagBag from /opt/airflow/dags/dag_pipeline_complet.py
[2026-04-25T19:30:52.459+0000] {processor.py:840} INFO - DAG(s) 'pipeline_job_intelligent_kafka' retrieved from /opt/airflow/dags/dag_pipeline_complet.py
[2026-04-25T19:30:52.562+0000] {logging_mixin.py:188} INFO - [2026-04-25T19:30:52.561+0000] {dag.py:3096} INFO - Sync 1 DAGs
[2026-04-25T19:30:52.641+0000] {logging_mixin.py:188} INFO - [2026-04-25T19:30:52.639+0000] {dag.py:3954} INFO - Setting next_dagrun for pipeline_job_intelligent_kafka to 2026-04-24 06:00:00+00:00, run_after=2026-04-25 06:00:00+00:00
[2026-04-25T19:30:52.691+0000] {processor.py:183} INFO - Processing /opt/airflow/dags/dag_pipeline_complet.py took 0.362 seconds
[2026-04-25T19:31:23.266+0000] {processor.py:161} INFO - Started process (PID=3379) to work on /opt/airflow/dags/dag_pipeline_complet.py
[2026-04-25T19:31:23.268+0000] {processor.py:830} INFO - Processing file /opt/airflow/dags/dag_pipeline_complet.py for tasks to queue
[2026-04-25T19:31:23.271+0000] {logging_mixin.py:188} INFO - [2026-04-25T19:31:23.270+0000] {dagbag.py:545} INFO - Filling up the DagBag from /opt/airflow/dags/dag_pipeline_complet.py
[2026-04-25T19:31:23.387+0000] {processor.py:840} INFO - DAG(s) 'pipeline_job_intelligent_kafka' retrieved from /opt/airflow/dags/dag_pipeline_complet.py
[2026-04-25T19:31:23.505+0000] {logging_mixin.py:188} INFO - [2026-04-25T19:31:23.505+0000] {dag.py:3096} INFO - Sync 1 DAGs
[2026-04-25T19:31:23.577+0000] {logging_mixin.py:188} INFO - [2026-04-25T19:31:23.576+0000] {dag.py:3954} INFO - Setting next_dagrun for pipeline_job_intelligent_kafka to 2026-04-24 06:00:00+00:00, run_after=2026-04-25 06:00:00+00:00
[2026-04-25T19:31:23.640+0000] {processor.py:183} INFO - Processing /opt/airflow/dags/dag_pipeline_complet.py took 0.390 seconds
[2026-04-25T19:31:54.647+0000] {processor.py:161} INFO - Started process (PID=3387) to work on /opt/airflow/dags/dag_pipeline_complet.py
[2026-04-25T19:31:54.650+0000] {processor.py:830} INFO - Processing file /opt/airflow/dags/dag_pipeline_complet.py for tasks to queue
[2026-04-25T19:31:54.653+0000] {logging_mixin.py:188} INFO - [2026-04-25T19:31:54.652+0000] {dagbag.py:545} INFO - Filling up the DagBag from /opt/airflow/dags/dag_pipeline_complet.py
[2026-04-25T19:31:54.717+0000] {processor.py:840} INFO - DAG(s) 'pipeline_job_intelligent_kafka' retrieved from /opt/airflow/dags/dag_pipeline_complet.py
[2026-04-25T19:31:54.818+0000] {logging_mixin.py:188} INFO - [2026-04-25T19:31:54.817+0000] {dag.py:3096} INFO - Sync 1 DAGs
[2026-04-25T19:31:55.055+0000] {logging_mixin.py:188} INFO - [2026-04-25T19:31:55.055+0000] {dag.py:3954} INFO - Setting next_dagrun for pipeline_job_intelligent_kafka to 2026-04-24 06:00:00+00:00, run_after=2026-04-25 06:00:00+00:00
[2026-04-25T19:31:55.107+0000] {processor.py:183} INFO - Processing /opt/airflow/dags/dag_pipeline_complet.py took 0.480 seconds
[2026-04-25T19:32:25.655+0000] {processor.py:161} INFO - Started process (PID=3401) to work on /opt/airflow/dags/dag_pipeline_complet.py
[2026-04-25T19:32:25.657+0000] {processor.py:830} INFO - Processing file /opt/airflow/dags/dag_pipeline_complet.py for tasks to queue
[2026-04-25T19:32:25.661+0000] {logging_mixin.py:188} INFO - [2026-04-25T19:32:25.660+0000] {dagbag.py:545} INFO - Filling up the DagBag from /opt/airflow/dags/dag_pipeline_complet.py
[2026-04-25T19:32:25.714+0000] {processor.py:840} INFO - DAG(s) 'pipeline_job_intelligent_kafka' retrieved from /opt/airflow/dags/dag_pipeline_complet.py
[2026-04-25T19:32:25.804+0000] {logging_mixin.py:188} INFO - [2026-04-25T19:32:25.803+0000] {dag.py:3096} INFO - Sync 1 DAGs
[2026-04-25T19:32:26.191+0000] {logging_mixin.py:188} INFO - [2026-04-25T19:32:26.186+0000] {dag.py:3954} INFO - Setting next_dagrun for pipeline_job_intelligent_kafka to 2026-04-24 06:00:00+00:00, run_after=2026-04-25 06:00:00+00:00
[2026-04-25T19:32:26.246+0000] {processor.py:183} INFO - Processing /opt/airflow/dags/dag_pipeline_complet.py took 0.605 seconds
[2026-04-25T19:32:57.036+0000] {processor.py:161} INFO - Started process (PID=3409) to work on /opt/airflow/dags/dag_pipeline_complet.py
[2026-04-25T19:32:57.045+0000] {processor.py:830} INFO - Processing file /opt/airflow/dags/dag_pipeline_complet.py for tasks to queue
[2026-04-25T19:32:57.048+0000] {logging_mixin.py:188} INFO - [2026-04-25T19:32:57.047+0000] {dagbag.py:545} INFO - Filling up the DagBag from /opt/airflow/dags/dag_pipeline_complet.py
[2026-04-25T19:32:57.178+0000] {processor.py:840} INFO - DAG(s) 'pipeline_job_intelligent_kafka' retrieved from /opt/airflow/dags/dag_pipeline_complet.py
[2026-04-25T19:32:58.408+0000] {logging_mixin.py:188} INFO - [2026-04-25T19:32:58.407+0000] {dag.py:3096} INFO - Sync 1 DAGs
[2026-04-25T19:32:58.558+0000] {logging_mixin.py:188} INFO - [2026-04-25T19:32:58.558+0000] {dag.py:3954} INFO - Setting next_dagrun for pipeline_job_intelligent_kafka to 2026-04-24 06:00:00+00:00, run_after=2026-04-25 06:00:00+00:00
[2026-04-25T19:32:58.821+0000] {processor.py:183} INFO - Processing /opt/airflow/dags/dag_pipeline_complet.py took 1.805 seconds
[2026-04-25T19:33:29.027+0000] {processor.py:161} INFO - Started process (PID=3422) to work on /opt/airflow/dags/dag_pipeline_complet.py
[2026-04-25T19:33:29.029+0000] {processor.py:830} INFO - Processing file /opt/airflow/dags/dag_pipeline_complet.py for tasks to queue
[2026-04-25T19:33:29.031+0000] {logging_mixin.py:188} INFO - [2026-04-25T19:33:29.030+0000] {dagbag.py:545} INFO - Filling up the DagBag from /opt/airflow/dags/dag_pipeline_complet.py
[2026-04-25T19:33:29.106+0000] {processor.py:840} INFO - DAG(s) 'pipeline_job_intelligent_kafka' retrieved from /opt/airflow/dags/dag_pipeline_complet.py
[2026-04-25T19:33:29.260+0000] {logging_mixin.py:188} INFO - [2026-04-25T19:33:29.259+0000] {dag.py:3096} INFO - Sync 1 DAGs
[2026-04-25T19:33:29.428+0000] {logging_mixin.py:188} INFO - [2026-04-25T19:33:29.427+0000] {dag.py:3954} INFO - Setting next_dagrun for pipeline_job_intelligent_kafka to 2026-04-24 06:00:00+00:00, run_after=2026-04-25 06:00:00+00:00
[2026-04-25T19:33:29.489+0000] {processor.py:183} INFO - Processing /opt/airflow/dags/dag_pipeline_complet.py took 0.477 seconds
[2026-04-25T19:34:00.523+0000] {processor.py:161} INFO - Started process (PID=3436) to work on /opt/airflow/dags/dag_pipeline_complet.py
[2026-04-25T19:34:00.532+0000] {processor.py:830} INFO - Processing file /opt/airflow/dags/dag_pipeline_complet.py for tasks to queue
[2026-04-25T19:34:00.535+0000] {logging_mixin.py:188} INFO - [2026-04-25T19:34:00.534+0000] {dagbag.py:545} INFO - Filling up the DagBag from /opt/airflow/dags/dag_pipeline_complet.py
[2026-04-25T19:34:00.633+0000] {processor.py:840} INFO - DAG(s) 'pipeline_job_intelligent_kafka' retrieved from /opt/airflow/dags/dag_pipeline_complet.py
[2026-04-25T19:34:00.885+0000] {logging_mixin.py:188} INFO - [2026-04-25T19:34:00.884+0000] {dag.py:3096} INFO - Sync 1 DAGs
[2026-04-25T19:34:01.059+0000] {logging_mixin.py:188} INFO - [2026-04-25T19:34:01.038+0000] {dag.py:3954} INFO - Setting next_dagrun for pipeline_job_intelligent_kafka to 2026-04-24 06:00:00+00:00, run_after=2026-04-25 06:00:00+00:00
[2026-04-25T19:34:01.144+0000] {processor.py:183} INFO - Processing /opt/airflow/dags/dag_pipeline_complet.py took 0.664 seconds
[2026-04-25T19:34:31.397+0000] {processor.py:161} INFO - Started process (PID=3443) to work on /opt/airflow/dags/dag_pipeline_complet.py
[2026-04-25T19:34:31.399+0000] {processor.py:830} INFO - Processing file /opt/airflow/dags/dag_pipeline_complet.py for tasks to queue
[2026-04-25T19:34:31.402+0000] {logging_mixin.py:188} INFO - [2026-04-25T19:34:31.400+0000] {dagbag.py:545} INFO - Filling up the DagBag from /opt/airflow/dags/dag_pipeline_complet.py
[2026-04-25T19:34:31.463+0000] {processor.py:840} INFO - DAG(s) 'pipeline_job_intelligent_kafka' retrieved from /opt/airflow/dags/dag_pipeline_complet.py
[2026-04-25T19:34:31.584+0000] {logging_mixin.py:188} INFO - [2026-04-25T19:34:31.583+0000] {dag.py:3096} INFO - Sync 1 DAGs
[2026-04-25T19:34:31.636+0000] {logging_mixin.py:188} INFO - [2026-04-25T19:34:31.635+0000] {dag.py:3954} INFO - Setting next_dagrun for pipeline_job_intelligent_kafka to 2026-04-24 06:00:00+00:00, run_after=2026-04-25 06:00:00+00:00
[2026-04-25T19:34:31.684+0000] {processor.py:183} INFO - Processing /opt/airflow/dags/dag_pipeline_complet.py took 0.316 seconds
[2026-04-25T19:35:02.285+0000] {processor.py:161} INFO - Started process (PID=3457) to work on /opt/airflow/dags/dag_pipeline_complet.py
[2026-04-25T19:35:02.293+0000] {processor.py:830} INFO - Processing file /opt/airflow/dags/dag_pipeline_complet.py for tasks to queue
[2026-04-25T19:35:02.295+0000] {logging_mixin.py:188} INFO - [2026-04-25T19:35:02.294+0000] {dagbag.py:545} INFO - Filling up the DagBag from /opt/airflow/dags/dag_pipeline_complet.py
[2026-04-25T19:35:02.398+0000] {processor.py:840} INFO - DAG(s) 'pipeline_job_intelligent_kafka' retrieved from /opt/airflow/dags/dag_pipeline_complet.py
[2026-04-25T19:35:02.483+0000] {logging_mixin.py:188} INFO - [2026-04-25T19:35:02.482+0000] {dag.py:3096} INFO - Sync 1 DAGs
[2026-04-25T19:35:02.630+0000] {logging_mixin.py:188} INFO - [2026-04-25T19:35:02.630+0000] {dag.py:3954} INFO - Setting next_dagrun for pipeline_job_intelligent_kafka to 2026-04-24 06:00:00+00:00, run_after=2026-04-25 06:00:00+00:00
[2026-04-25T19:35:02.724+0000] {processor.py:183} INFO - Processing /opt/airflow/dags/dag_pipeline_complet.py took 0.471 seconds
[2026-04-25T19:35:33.355+0000] {processor.py:161} INFO - Started process (PID=3466) to work on /opt/airflow/dags/dag_pipeline_complet.py
[2026-04-25T19:35:33.371+0000] {processor.py:830} INFO - Processing file /opt/airflow/dags/dag_pipeline_complet.py for tasks to queue
[2026-04-25T19:35:33.374+0000] {logging_mixin.py:188} INFO - [2026-04-25T19:35:33.373+0000] {dagbag.py:545} INFO - Filling up the DagBag from /opt/airflow/dags/dag_pipeline_complet.py
[2026-04-25T19:35:33.475+0000] {processor.py:840} INFO - DAG(s) 'pipeline_job_intelligent_kafka' retrieved from /opt/airflow/dags/dag_pipeline_complet.py
[2026-04-25T19:35:33.665+0000] {logging_mixin.py:188} INFO - [2026-04-25T19:35:33.665+0000] {dag.py:3096} INFO - Sync 1 DAGs
[2026-04-25T19:35:33.876+0000] {logging_mixin.py:188} INFO - [2026-04-25T19:35:33.876+0000] {dag.py:3954} INFO - Setting next_dagrun for pipeline_job_intelligent_kafka to 2026-04-24 06:00:00+00:00, run_after=2026-04-25 06:00:00+00:00
[2026-04-25T19:35:33.930+0000] {processor.py:183} INFO - Processing /opt/airflow/dags/dag_pipeline_complet.py took 0.603 seconds
[2026-04-25T19:36:04.433+0000] {processor.py:161} INFO - Started process (PID=3481) to work on /opt/airflow/dags/dag_pipeline_complet.py
[2026-04-25T19:36:04.435+0000] {processor.py:830} INFO - Processing file /opt/airflow/dags/dag_pipeline_complet.py for tasks to queue
[2026-04-25T19:36:04.437+0000] {logging_mixin.py:188} INFO - [2026-04-25T19:36:04.436+0000] {dagbag.py:545} INFO - Filling up the DagBag from /opt/airflow/dags/dag_pipeline_complet.py
[2026-04-25T19:36:04.473+0000] {processor.py:840} INFO - DAG(s) 'pipeline_job_intelligent_kafka' retrieved from /opt/airflow/dags/dag_pipeline_complet.py
[2026-04-25T19:36:04.552+0000] {logging_mixin.py:188} INFO - [2026-04-25T19:36:04.552+0000] {dag.py:3096} INFO - Sync 1 DAGs
[2026-04-25T19:36:04.602+0000] {logging_mixin.py:188} INFO - [2026-04-25T19:36:04.602+0000] {dag.py:3954} INFO - Setting next_dagrun for pipeline_job_intelligent_kafka to 2026-04-24 06:00:00+00:00, run_after=2026-04-25 06:00:00+00:00
[2026-04-25T19:36:04.643+0000] {processor.py:183} INFO - Processing /opt/airflow/dags/dag_pipeline_complet.py took 0.220 seconds
[2026-04-25T19:36:35.452+0000] {processor.py:161} INFO - Started process (PID=3490) to work on /opt/airflow/dags/dag_pipeline_complet.py
[2026-04-25T19:36:35.454+0000] {processor.py:830} INFO - Processing file /opt/airflow/dags/dag_pipeline_complet.py for tasks to queue
[2026-04-25T19:36:35.457+0000] {logging_mixin.py:188} INFO - [2026-04-25T19:36:35.456+0000] {dagbag.py:545} INFO - Filling up the DagBag from /opt/airflow/dags/dag_pipeline_complet.py
[2026-04-25T19:36:35.508+0000] {processor.py:840} INFO - DAG(s) 'pipeline_job_intelligent_kafka' retrieved from /opt/airflow/dags/dag_pipeline_complet.py
[2026-04-25T19:36:35.618+0000] {logging_mixin.py:188} INFO - [2026-04-25T19:36:35.617+0000] {dag.py:3096} INFO - Sync 1 DAGs
[2026-04-25T19:36:35.682+0000] {logging_mixin.py:188} INFO - [2026-04-25T19:36:35.681+0000] {dag.py:3954} INFO - Setting next_dagrun for pipeline_job_intelligent_kafka to 2026-04-24 06:00:00+00:00, run_after=2026-04-25 06:00:00+00:00
[2026-04-25T19:36:36.165+0000] {processor.py:183} INFO - Processing /opt/airflow/dags/dag_pipeline_complet.py took 0.727 seconds
[2026-04-25T19:37:06.496+0000] {processor.py:161} INFO - Started process (PID=3504) to work on /opt/airflow/dags/dag_pipeline_complet.py
[2026-04-25T19:37:06.498+0000] {processor.py:830} INFO - Processing file /opt/airflow/dags/dag_pipeline_complet.py for tasks to queue
[2026-04-25T19:37:06.501+0000] {logging_mixin.py:188} INFO - [2026-04-25T19:37:06.500+0000] {dagbag.py:545} INFO - Filling up the DagBag from /opt/airflow/dags/dag_pipeline_complet.py
[2026-04-25T19:37:06.541+0000] {processor.py:840} INFO - DAG(s) 'pipeline_job_intelligent_kafka' retrieved from /opt/airflow/dags/dag_pipeline_complet.py
[2026-04-25T19:37:06.619+0000] {logging_mixin.py:188} INFO - [2026-04-25T19:37:06.619+0000] {dag.py:3096} INFO - Sync 1 DAGs
[2026-04-25T19:37:06.655+0000] {logging_mixin.py:188} INFO - [2026-04-25T19:37:06.654+0000] {dag.py:3954} INFO - Setting next_dagrun for pipeline_job_intelligent_kafka to 2026-04-24 06:00:00+00:00, run_after=2026-04-25 06:00:00+00:00
[2026-04-25T19:37:06.708+0000] {processor.py:183} INFO - Processing /opt/airflow/dags/dag_pipeline_complet.py took 0.229 seconds
[2026-04-25T19:37:37.321+0000] {processor.py:161} INFO - Started process (PID=3512) to work on /opt/airflow/dags/dag_pipeline_complet.py
[2026-04-25T19:37:37.323+0000] {processor.py:830} INFO - Processing file /opt/airflow/dags/dag_pipeline_complet.py for tasks to queue
[2026-04-25T19:37:37.325+0000] {logging_mixin.py:188} INFO - [2026-04-25T19:37:37.324+0000] {dagbag.py:545} INFO - Filling up the DagBag from /opt/airflow/dags/dag_pipeline_complet.py
[2026-04-25T19:37:37.375+0000] {processor.py:840} INFO - DAG(s) 'pipeline_job_intelligent_kafka' retrieved from /opt/airflow/dags/dag_pipeline_complet.py
[2026-04-25T19:37:37.493+0000] {logging_mixin.py:188} INFO - [2026-04-25T19:37:37.492+0000] {dag.py:3096} INFO - Sync 1 DAGs
[2026-04-25T19:37:37.562+0000] {logging_mixin.py:188} INFO - [2026-04-25T19:37:37.562+0000] {dag.py:3954} INFO - Setting next_dagrun for pipeline_job_intelligent_kafka to 2026-04-24 06:00:00+00:00, run_after=2026-04-25 06:00:00+00:00
[2026-04-25T19:37:37.607+0000] {processor.py:183} INFO - Processing /opt/airflow/dags/dag_pipeline_complet.py took 0.302 seconds
[2026-04-25T19:38:08.649+0000] {processor.py:161} INFO - Started process (PID=3526) to work on /opt/airflow/dags/dag_pipeline_complet.py
[2026-04-25T19:38:08.659+0000] {processor.py:830} INFO - Processing file /opt/airflow/dags/dag_pipeline_complet.py for tasks to queue
[2026-04-25T19:38:08.662+0000] {logging_mixin.py:188} INFO - [2026-04-25T19:38:08.661+0000] {dagbag.py:545} INFO - Filling up the DagBag from /opt/airflow/dags/dag_pipeline_complet.py
[2026-04-25T19:38:08.739+0000] {processor.py:840} INFO - DAG(s) 'pipeline_job_intelligent_kafka' retrieved from /opt/airflow/dags/dag_pipeline_complet.py
[2026-04-25T19:38:08.841+0000] {logging_mixin.py:188} INFO - [2026-04-25T19:38:08.840+0000] {dag.py:3096} INFO - Sync 1 DAGs
[2026-04-25T19:38:08.901+0000] {logging_mixin.py:188} INFO - [2026-04-25T19:38:08.900+0000] {dag.py:3954} INFO - Setting next_dagrun for pipeline_job_intelligent_kafka to 2026-04-24 06:00:00+00:00, run_after=2026-04-25 06:00:00+00:00
[2026-04-25T19:38:08.951+0000] {processor.py:183} INFO - Processing /opt/airflow/dags/dag_pipeline_complet.py took 0.359 seconds
[2026-04-25T19:38:39.728+0000] {processor.py:161} INFO - Started process (PID=3534) to work on /opt/airflow/dags/dag_pipeline_complet.py
[2026-04-25T19:38:39.730+0000] {processor.py:830} INFO - Processing file /opt/airflow/dags/dag_pipeline_complet.py for tasks to queue
[2026-04-25T19:38:39.733+0000] {logging_mixin.py:188} INFO - [2026-04-25T19:38:39.732+0000] {dagbag.py:545} INFO - Filling up the DagBag from /opt/airflow/dags/dag_pipeline_complet.py
[2026-04-25T19:38:39.786+0000] {processor.py:840} INFO - DAG(s) 'pipeline_job_intelligent_kafka' retrieved from /opt/airflow/dags/dag_pipeline_complet.py
[2026-04-25T19:38:39.888+0000] {logging_mixin.py:188} INFO - [2026-04-25T19:38:39.887+0000] {dag.py:3096} INFO - Sync 1 DAGs
[2026-04-25T19:38:39.994+0000] {logging_mixin.py:188} INFO - [2026-04-25T19:38:39.993+0000] {dag.py:3954} INFO - Setting next_dagrun for pipeline_job_intelligent_kafka to 2026-04-24 06:00:00+00:00, run_after=2026-04-25 06:00:00+00:00
[2026-04-25T19:38:40.096+0000] {processor.py:183} INFO - Processing /opt/airflow/dags/dag_pipeline_complet.py took 0.392 seconds
[2026-04-25T19:39:10.746+0000] {processor.py:161} INFO - Started process (PID=3549) to work on /opt/airflow/dags/dag_pipeline_complet.py
[2026-04-25T19:39:10.749+0000] {processor.py:830} INFO - Processing file /opt/airflow/dags/dag_pipeline_complet.py for tasks to queue
[2026-04-25T19:39:10.756+0000] {logging_mixin.py:188} INFO - [2026-04-25T19:39:10.753+0000] {dagbag.py:545} INFO - Filling up the DagBag from /opt/airflow/dags/dag_pipeline_complet.py
[2026-04-25T19:39:10.910+0000] {processor.py:840} INFO - DAG(s) 'pipeline_job_intelligent_kafka' retrieved from /opt/airflow/dags/dag_pipeline_complet.py
[2026-04-25T19:39:11.262+0000] {logging_mixin.py:188} INFO - [2026-04-25T19:39:11.250+0000] {dag.py:3096} INFO - Sync 1 DAGs
[2026-04-25T19:39:11.420+0000] {logging_mixin.py:188} INFO - [2026-04-25T19:39:11.419+0000] {dag.py:3954} INFO - Setting next_dagrun for pipeline_job_intelligent_kafka to 2026-04-24 06:00:00+00:00, run_after=2026-04-25 06:00:00+00:00
[2026-04-25T19:39:11.545+0000] {processor.py:183} INFO - Processing /opt/airflow/dags/dag_pipeline_complet.py took 0.821 seconds
[2026-04-25T19:39:41.901+0000] {processor.py:161} INFO - Started process (PID=3557) to work on /opt/airflow/dags/dag_pipeline_complet.py
[2026-04-25T19:39:41.902+0000] {processor.py:830} INFO - Processing file /opt/airflow/dags/dag_pipeline_complet.py for tasks to queue
[2026-04-25T19:39:41.904+0000] {logging_mixin.py:188} INFO - [2026-04-25T19:39:41.903+0000] {dagbag.py:545} INFO - Filling up the DagBag from /opt/airflow/dags/dag_pipeline_complet.py
[2026-04-25T19:39:41.935+0000] {processor.py:840} INFO - DAG(s) 'pipeline_job_intelligent_kafka' retrieved from /opt/airflow/dags/dag_pipeline_complet.py
[2026-04-25T19:39:41.989+0000] {logging_mixin.py:188} INFO - [2026-04-25T19:39:41.988+0000] {dag.py:3096} INFO - Sync 1 DAGs
[2026-04-25T19:39:42.026+0000] {logging_mixin.py:188} INFO - [2026-04-25T19:39:42.026+0000] {dag.py:3954} INFO - Setting next_dagrun for pipeline_job_intelligent_kafka to 2026-04-24 06:00:00+00:00, run_after=2026-04-25 06:00:00+00:00
[2026-04-25T19:39:42.068+0000] {processor.py:183} INFO - Processing /opt/airflow/dags/dag_pipeline_complet.py took 0.181 seconds
[2026-04-25T19:40:12.514+0000] {processor.py:161} INFO - Started process (PID=3571) to work on /opt/airflow/dags/dag_pipeline_complet.py
[2026-04-25T19:40:12.520+0000] {processor.py:830} INFO - Processing file /opt/airflow/dags/dag_pipeline_complet.py for tasks to queue
[2026-04-25T19:40:12.524+0000] {logging_mixin.py:188} INFO - [2026-04-25T19:40:12.523+0000] {dagbag.py:545} INFO - Filling up the DagBag from /opt/airflow/dags/dag_pipeline_complet.py
[2026-04-25T19:40:12.650+0000] {processor.py:840} INFO - DAG(s) 'pipeline_job_intelligent_kafka' retrieved from /opt/airflow/dags/dag_pipeline_complet.py
[2026-04-25T19:40:12.977+0000] {logging_mixin.py:188} INFO - [2026-04-25T19:40:12.965+0000] {dag.py:3096} INFO - Sync 1 DAGs
[2026-04-25T19:40:13.183+0000] {logging_mixin.py:188} INFO - [2026-04-25T19:40:13.182+0000] {dag.py:3954} INFO - Setting next_dagrun for pipeline_job_intelligent_kafka to 2026-04-24 06:00:00+00:00, run_after=2026-04-25 06:00:00+00:00
[2026-04-25T19:40:13.409+0000] {processor.py:183} INFO - Processing /opt/airflow/dags/dag_pipeline_complet.py took 0.941 seconds
[2026-04-25T19:40:43.682+0000] {processor.py:161} INFO - Started process (PID=3580) to work on /opt/airflow/dags/dag_pipeline_complet.py
[2026-04-25T19:40:43.685+0000] {processor.py:830} INFO - Processing file /opt/airflow/dags/dag_pipeline_complet.py for tasks to queue
[2026-04-25T19:40:43.686+0000] {logging_mixin.py:188} INFO - [2026-04-25T19:40:43.686+0000] {dagbag.py:545} INFO - Filling up the DagBag from /opt/airflow/dags/dag_pipeline_complet.py
[2026-04-25T19:40:43.726+0000] {processor.py:840} INFO - DAG(s) 'pipeline_job_intelligent_kafka' retrieved from /opt/airflow/dags/dag_pipeline_complet.py
[2026-04-25T19:40:43.815+0000] {logging_mixin.py:188} INFO - [2026-04-25T19:40:43.814+0000] {dag.py:3096} INFO - Sync 1 DAGs
[2026-04-25T19:40:43.896+0000] {logging_mixin.py:188} INFO - [2026-04-25T19:40:43.889+0000] {dag.py:3954} INFO - Setting next_dagrun for pipeline_job_intelligent_kafka to 2026-04-24 06:00:00+00:00, run_after=2026-04-25 06:00:00+00:00
[2026-04-25T19:40:44.065+0000] {processor.py:183} INFO - Processing /opt/airflow/dags/dag_pipeline_complet.py took 0.394 seconds
[2026-04-25T19:41:14.869+0000] {processor.py:161} INFO - Started process (PID=3594) to work on /opt/airflow/dags/dag_pipeline_complet.py
[2026-04-25T19:41:14.871+0000] {processor.py:830} INFO - Processing file /opt/airflow/dags/dag_pipeline_complet.py for tasks to queue
[2026-04-25T19:41:14.873+0000] {logging_mixin.py:188} INFO - [2026-04-25T19:41:14.872+0000] {dagbag.py:545} INFO - Filling up the DagBag from /opt/airflow/dags/dag_pipeline_complet.py
[2026-04-25T19:41:14.945+0000] {processor.py:840} INFO - DAG(s) 'pipeline_job_intelligent_kafka' retrieved from /opt/airflow/dags/dag_pipeline_complet.py
[2026-04-25T19:41:15.193+0000] {logging_mixin.py:188} INFO - [2026-04-25T19:41:15.182+0000] {dag.py:3096} INFO - Sync 1 DAGs
[2026-04-25T19:41:15.336+0000] {logging_mixin.py:188} INFO - [2026-04-25T19:41:15.335+0000] {dag.py:3954} INFO - Setting next_dagrun for pipeline_job_intelligent_kafka to 2026-04-24 06:00:00+00:00, run_after=2026-04-25 06:00:00+00:00
[2026-04-25T19:41:15.397+0000] {processor.py:183} INFO - Processing /opt/airflow/dags/dag_pipeline_complet.py took 0.544 seconds
[2026-04-25T19:41:46.079+0000] {processor.py:161} INFO - Started process (PID=3602) to work on /opt/airflow/dags/dag_pipeline_complet.py
[2026-04-25T19:41:46.082+0000] {processor.py:830} INFO - Processing file /opt/airflow/dags/dag_pipeline_complet.py for tasks to queue
[2026-04-25T19:41:46.086+0000] {logging_mixin.py:188} INFO - [2026-04-25T19:41:46.085+0000] {dagbag.py:545} INFO - Filling up the DagBag from /opt/airflow/dags/dag_pipeline_complet.py
[2026-04-25T19:41:46.139+0000] {processor.py:840} INFO - DAG(s) 'pipeline_job_intelligent_kafka' retrieved from /opt/airflow/dags/dag_pipeline_complet.py
[2026-04-25T19:41:46.239+0000] {logging_mixin.py:188} INFO - [2026-04-25T19:41:46.232+0000] {dag.py:3096} INFO - Sync 1 DAGs
[2026-04-25T19:41:46.348+0000] {logging_mixin.py:188} INFO - [2026-04-25T19:41:46.348+0000] {dag.py:3954} INFO - Setting next_dagrun for pipeline_job_intelligent_kafka to 2026-04-24 06:00:00+00:00, run_after=2026-04-25 06:00:00+00:00
[2026-04-25T19:41:46.473+0000] {processor.py:183} INFO - Processing /opt/airflow/dags/dag_pipeline_complet.py took 0.406 seconds
[2026-04-25T19:42:16.975+0000] {processor.py:161} INFO - Started process (PID=3616) to work on /opt/airflow/dags/dag_pipeline_complet.py
[2026-04-25T19:42:16.992+0000] {processor.py:830} INFO - Processing file /opt/airflow/dags/dag_pipeline_complet.py for tasks to queue
[2026-04-25T19:42:16.994+0000] {logging_mixin.py:188} INFO - [2026-04-25T19:42:16.993+0000] {dagbag.py:545} INFO - Filling up the DagBag from /opt/airflow/dags/dag_pipeline_complet.py
[2026-04-25T19:42:17.076+0000] {processor.py:840} INFO - DAG(s) 'pipeline_job_intelligent_kafka' retrieved from /opt/airflow/dags/dag_pipeline_complet.py
[2026-04-25T19:42:17.195+0000] {logging_mixin.py:188} INFO - [2026-04-25T19:42:17.194+0000] {dag.py:3096} INFO - Sync 1 DAGs
[2026-04-25T19:42:17.274+0000] {logging_mixin.py:188} INFO - [2026-04-25T19:42:17.274+0000] {dag.py:3954} INFO - Setting next_dagrun for pipeline_job_intelligent_kafka to 2026-04-24 06:00:00+00:00, run_after=2026-04-25 06:00:00+00:00
[2026-04-25T19:42:17.443+0000] {processor.py:183} INFO - Processing /opt/airflow/dags/dag_pipeline_complet.py took 0.503 seconds
[2026-04-25T19:42:48.165+0000] {processor.py:161} INFO - Started process (PID=3631) to work on /opt/airflow/dags/dag_pipeline_complet.py
[2026-04-25T19:42:48.168+0000] {processor.py:830} INFO - Processing file /opt/airflow/dags/dag_pipeline_complet.py for tasks to queue
[2026-04-25T19:42:48.176+0000] {logging_mixin.py:188} INFO - [2026-04-25T19:42:48.175+0000] {dagbag.py:545} INFO - Filling up the DagBag from /opt/airflow/dags/dag_pipeline_complet.py
[2026-04-25T19:42:48.289+0000] {processor.py:840} INFO - DAG(s) 'pipeline_job_intelligent_kafka' retrieved from /opt/airflow/dags/dag_pipeline_complet.py
[2026-04-25T19:42:48.480+0000] {logging_mixin.py:188} INFO - [2026-04-25T19:42:48.480+0000] {dag.py:3096} INFO - Sync 1 DAGs
[2026-04-25T19:42:48.605+0000] {logging_mixin.py:188} INFO - [2026-04-25T19:42:48.604+0000] {dag.py:3954} INFO - Setting next_dagrun for pipeline_job_intelligent_kafka to 2026-04-24 06:00:00+00:00, run_after=2026-04-25 06:00:00+00:00
[2026-04-25T19:42:48.739+0000] {processor.py:183} INFO - Processing /opt/airflow/dags/dag_pipeline_complet.py took 0.598 seconds
[2026-04-25T19:43:18.893+0000] {processor.py:161} INFO - Started process (PID=3639) to work on /opt/airflow/dags/dag_pipeline_complet.py
[2026-04-25T19:43:18.895+0000] {processor.py:830} INFO - Processing file /opt/airflow/dags/dag_pipeline_complet.py for tasks to queue
[2026-04-25T19:43:18.900+0000] {logging_mixin.py:188} INFO - [2026-04-25T19:43:18.897+0000] {dagbag.py:545} INFO - Filling up the DagBag from /opt/airflow/dags/dag_pipeline_complet.py
[2026-04-25T19:43:18.950+0000] {processor.py:840} INFO - DAG(s) 'pipeline_job_intelligent_kafka' retrieved from /opt/airflow/dags/dag_pipeline_complet.py
[2026-04-25T19:43:19.155+0000] {logging_mixin.py:188} INFO - [2026-04-25T19:43:19.155+0000] {dag.py:3096} INFO - Sync 1 DAGs
[2026-04-25T19:43:19.265+0000] {logging_mixin.py:188} INFO - [2026-04-25T19:43:19.265+0000] {dag.py:3954} INFO - Setting next_dagrun for pipeline_job_intelligent_kafka to 2026-04-24 06:00:00+00:00, run_after=2026-04-25 06:00:00+00:00
[2026-04-25T19:43:19.332+0000] {processor.py:183} INFO - Processing /opt/airflow/dags/dag_pipeline_complet.py took 0.458 seconds
[2026-04-25T19:43:49.981+0000] {processor.py:161} INFO - Started process (PID=3653) to work on /opt/airflow/dags/dag_pipeline_complet.py
[2026-04-25T19:43:49.983+0000] {processor.py:830} INFO - Processing file /opt/airflow/dags/dag_pipeline_complet.py for tasks to queue
[2026-04-25T19:43:49.985+0000] {logging_mixin.py:188} INFO - [2026-04-25T19:43:49.984+0000] {dagbag.py:545} INFO - Filling up the DagBag from /opt/airflow/dags/dag_pipeline_complet.py
[2026-04-25T19:43:50.030+0000] {processor.py:840} INFO - DAG(s) 'pipeline_job_intelligent_kafka' retrieved from /opt/airflow/dags/dag_pipeline_complet.py
[2026-04-25T19:43:50.091+0000] {logging_mixin.py:188} INFO - [2026-04-25T19:43:50.091+0000] {dag.py:3096} INFO - Sync 1 DAGs
[2026-04-25T19:43:50.136+0000] {logging_mixin.py:188} INFO - [2026-04-25T19:43:50.135+0000] {dag.py:3954} INFO - Setting next_dagrun for pipeline_job_intelligent_kafka to 2026-04-24 06:00:00+00:00, run_after=2026-04-25 06:00:00+00:00
[2026-04-25T19:43:50.171+0000] {processor.py:183} INFO - Processing /opt/airflow/dags/dag_pipeline_complet.py took 0.204 seconds
[2026-04-25T19:44:20.620+0000] {processor.py:161} INFO - Started process (PID=3662) to work on /opt/airflow/dags/dag_pipeline_complet.py
[2026-04-25T19:44:20.622+0000] {processor.py:830} INFO - Processing file /opt/airflow/dags/dag_pipeline_complet.py for tasks to queue
[2026-04-25T19:44:20.625+0000] {logging_mixin.py:188} INFO - [2026-04-25T19:44:20.624+0000] {dagbag.py:545} INFO - Filling up the DagBag from /opt/airflow/dags/dag_pipeline_complet.py
[2026-04-25T19:44:20.681+0000] {processor.py:840} INFO - DAG(s) 'pipeline_job_intelligent_kafka' retrieved from /opt/airflow/dags/dag_pipeline_complet.py
[2026-04-25T19:44:20.829+0000] {logging_mixin.py:188} INFO - [2026-04-25T19:44:20.828+0000] {dag.py:3096} INFO - Sync 1 DAGs
[2026-04-25T19:44:21.152+0000] {logging_mixin.py:188} INFO - [2026-04-25T19:44:21.152+0000] {dag.py:3954} INFO - Setting next_dagrun for pipeline_job_intelligent_kafka to 2026-04-24 06:00:00+00:00, run_after=2026-04-25 06:00:00+00:00
[2026-04-25T19:44:21.381+0000] {processor.py:183} INFO - Processing /opt/airflow/dags/dag_pipeline_complet.py took 0.780 seconds
[2026-04-25T19:44:52.396+0000] {processor.py:161} INFO - Started process (PID=3676) to work on /opt/airflow/dags/dag_pipeline_complet.py
[2026-04-25T19:44:52.398+0000] {processor.py:830} INFO - Processing file /opt/airflow/dags/dag_pipeline_complet.py for tasks to queue
[2026-04-25T19:44:52.401+0000] {logging_mixin.py:188} INFO - [2026-04-25T19:44:52.400+0000] {dagbag.py:545} INFO - Filling up the DagBag from /opt/airflow/dags/dag_pipeline_complet.py
[2026-04-25T19:44:52.463+0000] {processor.py:840} INFO - DAG(s) 'pipeline_job_intelligent_kafka' retrieved from /opt/airflow/dags/dag_pipeline_complet.py
[2026-04-25T19:44:52.569+0000] {logging_mixin.py:188} INFO - [2026-04-25T19:44:52.568+0000] {dag.py:3096} INFO - Sync 1 DAGs
[2026-04-25T19:44:52.690+0000] {logging_mixin.py:188} INFO - [2026-04-25T19:44:52.690+0000] {dag.py:3954} INFO - Setting next_dagrun for pipeline_job_intelligent_kafka to 2026-04-24 06:00:00+00:00, run_after=2026-04-25 06:00:00+00:00
[2026-04-25T19:44:52.799+0000] {processor.py:183} INFO - Processing /opt/airflow/dags/dag_pipeline_complet.py took 0.418 seconds
[2026-04-25T19:45:23.746+0000] {processor.py:161} INFO - Started process (PID=3684) to work on /opt/airflow/dags/dag_pipeline_complet.py
[2026-04-25T19:45:23.748+0000] {processor.py:830} INFO - Processing file /opt/airflow/dags/dag_pipeline_complet.py for tasks to queue
[2026-04-25T19:45:23.756+0000] {logging_mixin.py:188} INFO - [2026-04-25T19:45:23.752+0000] {dagbag.py:545} INFO - Filling up the DagBag from /opt/airflow/dags/dag_pipeline_complet.py
[2026-04-25T19:45:23.838+0000] {processor.py:840} INFO - DAG(s) 'pipeline_job_intelligent_kafka' retrieved from /opt/airflow/dags/dag_pipeline_complet.py
[2026-04-25T19:45:24.070+0000] {logging_mixin.py:188} INFO - [2026-04-25T19:45:24.069+0000] {dag.py:3096} INFO - Sync 1 DAGs
[2026-04-25T19:45:24.209+0000] {logging_mixin.py:188} INFO - [2026-04-25T19:45:24.208+0000] {dag.py:3954} INFO - Setting next_dagrun for pipeline_job_intelligent_kafka to 2026-04-24 06:00:00+00:00, run_after=2026-04-25 06:00:00+00:00
[2026-04-25T19:45:24.389+0000] {processor.py:183} INFO - Processing /opt/airflow/dags/dag_pipeline_complet.py took 0.667 seconds
[2026-04-25T19:45:55.320+0000] {processor.py:161} INFO - Started process (PID=3697) to work on /opt/airflow/dags/dag_pipeline_complet.py
[2026-04-25T19:45:55.322+0000] {processor.py:830} INFO - Processing file /opt/airflow/dags/dag_pipeline_complet.py for tasks to queue
[2026-04-25T19:45:55.326+0000] {logging_mixin.py:188} INFO - [2026-04-25T19:45:55.325+0000] {dagbag.py:545} INFO - Filling up the DagBag from /opt/airflow/dags/dag_pipeline_complet.py
[2026-04-25T19:45:55.383+0000] {processor.py:840} INFO - DAG(s) 'pipeline_job_intelligent_kafka' retrieved from /opt/airflow/dags/dag_pipeline_complet.py
[2026-04-25T19:45:55.451+0000] {logging_mixin.py:188} INFO - [2026-04-25T19:45:55.451+0000] {dag.py:3096} INFO - Sync 1 DAGs
[2026-04-25T19:45:55.504+0000] {logging_mixin.py:188} INFO - [2026-04-25T19:45:55.503+0000] {dag.py:3954} INFO - Setting next_dagrun for pipeline_job_intelligent_kafka to 2026-04-24 06:00:00+00:00, run_after=2026-04-25 06:00:00+00:00
[2026-04-25T19:45:55.550+0000] {processor.py:183} INFO - Processing /opt/airflow/dags/dag_pipeline_complet.py took 0.244 seconds
[2026-04-25T19:46:26.345+0000] {processor.py:161} INFO - Started process (PID=3705) to work on /opt/airflow/dags/dag_pipeline_complet.py
[2026-04-25T19:46:26.349+0000] {processor.py:830} INFO - Processing file /opt/airflow/dags/dag_pipeline_complet.py for tasks to queue
[2026-04-25T19:46:26.352+0000] {logging_mixin.py:188} INFO - [2026-04-25T19:46:26.351+0000] {dagbag.py:545} INFO - Filling up the DagBag from /opt/airflow/dags/dag_pipeline_complet.py
[2026-04-25T19:46:26.408+0000] {processor.py:840} INFO - DAG(s) 'pipeline_job_intelligent_kafka' retrieved from /opt/airflow/dags/dag_pipeline_complet.py
[2026-04-25T19:46:26.483+0000] {logging_mixin.py:188} INFO - [2026-04-25T19:46:26.482+0000] {dag.py:3096} INFO - Sync 1 DAGs
[2026-04-25T19:46:26.519+0000] {logging_mixin.py:188} INFO - [2026-04-25T19:46:26.519+0000] {dag.py:3954} INFO - Setting next_dagrun for pipeline_job_intelligent_kafka to 2026-04-24 06:00:00+00:00, run_after=2026-04-25 06:00:00+00:00
[2026-04-25T19:46:26.554+0000] {processor.py:183} INFO - Processing /opt/airflow/dags/dag_pipeline_complet.py took 0.221 seconds
[2026-04-25T19:46:56.805+0000] {processor.py:161} INFO - Started process (PID=3718) to work on /opt/airflow/dags/dag_pipeline_complet.py
[2026-04-25T19:46:56.807+0000] {processor.py:830} INFO - Processing file /opt/airflow/dags/dag_pipeline_complet.py for tasks to queue
[2026-04-25T19:46:56.811+0000] {logging_mixin.py:188} INFO - [2026-04-25T19:46:56.810+0000] {dagbag.py:545} INFO - Filling up the DagBag from /opt/airflow/dags/dag_pipeline_complet.py
[2026-04-25T19:46:56.859+0000] {processor.py:840} INFO - DAG(s) 'pipeline_job_intelligent_kafka' retrieved from /opt/airflow/dags/dag_pipeline_complet.py
[2026-04-25T19:46:57.002+0000] {logging_mixin.py:188} INFO - [2026-04-25T19:46:57.002+0000] {dag.py:3096} INFO - Sync 1 DAGs
[2026-04-25T19:46:57.120+0000] {logging_mixin.py:188} INFO - [2026-04-25T19:46:57.120+0000] {dag.py:3954} INFO - Setting next_dagrun for pipeline_job_intelligent_kafka to 2026-04-24 06:00:00+00:00, run_after=2026-04-25 06:00:00+00:00
[2026-04-25T19:46:57.203+0000] {processor.py:183} INFO - Processing /opt/airflow/dags/dag_pipeline_complet.py took 0.414 seconds
[2026-04-25T19:47:27.805+0000] {processor.py:161} INFO - Started process (PID=3726) to work on /opt/airflow/dags/dag_pipeline_complet.py
[2026-04-25T19:47:27.807+0000] {processor.py:830} INFO - Processing file /opt/airflow/dags/dag_pipeline_complet.py for tasks to queue
[2026-04-25T19:47:27.810+0000] {logging_mixin.py:188} INFO - [2026-04-25T19:47:27.809+0000] {dagbag.py:545} INFO - Filling up the DagBag from /opt/airflow/dags/dag_pipeline_complet.py
[2026-04-25T19:47:27.891+0000] {processor.py:840} INFO - DAG(s) 'pipeline_job_intelligent_kafka' retrieved from /opt/airflow/dags/dag_pipeline_complet.py
[2026-04-25T19:47:28.019+0000] {logging_mixin.py:188} INFO - [2026-04-25T19:47:28.018+0000] {dag.py:3096} INFO - Sync 1 DAGs
[2026-04-25T19:47:28.124+0000] {logging_mixin.py:188} INFO - [2026-04-25T19:47:28.123+0000] {dag.py:3954} INFO - Setting next_dagrun for pipeline_job_intelligent_kafka to 2026-04-24 06:00:00+00:00, run_after=2026-04-25 06:00:00+00:00
[2026-04-25T19:47:28.192+0000] {processor.py:183} INFO - Processing /opt/airflow/dags/dag_pipeline_complet.py took 0.402 seconds
[2026-04-25T19:47:58.776+0000] {processor.py:161} INFO - Started process (PID=3740) to work on /opt/airflow/dags/dag_pipeline_complet.py
[2026-04-25T19:47:58.778+0000] {processor.py:830} INFO - Processing file /opt/airflow/dags/dag_pipeline_complet.py for tasks to queue
[2026-04-25T19:47:58.780+0000] {logging_mixin.py:188} INFO - [2026-04-25T19:47:58.779+0000] {dagbag.py:545} INFO - Filling up the DagBag from /opt/airflow/dags/dag_pipeline_complet.py
[2026-04-25T19:47:58.843+0000] {processor.py:840} INFO - DAG(s) 'pipeline_job_intelligent_kafka' retrieved from /opt/airflow/dags/dag_pipeline_complet.py
[2026-04-25T19:47:59.017+0000] {logging_mixin.py:188} INFO - [2026-04-25T19:47:59.016+0000] {dag.py:3096} INFO - Sync 1 DAGs
[2026-04-25T19:47:59.112+0000] {logging_mixin.py:188} INFO - [2026-04-25T19:47:59.112+0000] {dag.py:3954} INFO - Setting next_dagrun for pipeline_job_intelligent_kafka to 2026-04-24 06:00:00+00:00, run_after=2026-04-25 06:00:00+00:00
[2026-04-25T19:47:59.164+0000] {processor.py:183} INFO - Processing /opt/airflow/dags/dag_pipeline_complet.py took 0.407 seconds
[2026-04-25T19:48:30.074+0000] {processor.py:161} INFO - Started process (PID=3748) to work on /opt/airflow/dags/dag_pipeline_complet.py
[2026-04-25T19:48:30.076+0000] {processor.py:830} INFO - Processing file /opt/airflow/dags/dag_pipeline_complet.py for tasks to queue
[2026-04-25T19:48:30.077+0000] {logging_mixin.py:188} INFO - [2026-04-25T19:48:30.076+0000] {dagbag.py:545} INFO - Filling up the DagBag from /opt/airflow/dags/dag_pipeline_complet.py
[2026-04-25T19:48:30.108+0000] {processor.py:840} INFO - DAG(s) 'pipeline_job_intelligent_kafka' retrieved from /opt/airflow/dags/dag_pipeline_complet.py
[2026-04-25T19:48:30.175+0000] {logging_mixin.py:188} INFO - [2026-04-25T19:48:30.175+0000] {dag.py:3096} INFO - Sync 1 DAGs
[2026-04-25T19:48:30.259+0000] {logging_mixin.py:188} INFO - [2026-04-25T19:48:30.259+0000] {dag.py:3954} INFO - Setting next_dagrun for pipeline_job_intelligent_kafka to 2026-04-24 06:00:00+00:00, run_after=2026-04-25 06:00:00+00:00
[2026-04-25T19:48:30.319+0000] {processor.py:183} INFO - Processing /opt/airflow/dags/dag_pipeline_complet.py took 0.254 seconds
[2026-04-25T19:49:00.574+0000] {processor.py:161} INFO - Started process (PID=3762) to work on /opt/airflow/dags/dag_pipeline_complet.py
[2026-04-25T19:49:00.577+0000] {processor.py:830} INFO - Processing file /opt/airflow/dags/dag_pipeline_complet.py for tasks to queue
[2026-04-25T19:49:00.580+0000] {logging_mixin.py:188} INFO - [2026-04-25T19:49:00.579+0000] {dagbag.py:545} INFO - Filling up the DagBag from /opt/airflow/dags/dag_pipeline_complet.py
[2026-04-25T19:49:00.629+0000] {processor.py:840} INFO - DAG(s) 'pipeline_job_intelligent_kafka' retrieved from /opt/airflow/dags/dag_pipeline_complet.py
[2026-04-25T19:49:00.701+0000] {logging_mixin.py:188} INFO - [2026-04-25T19:49:00.701+0000] {dag.py:3096} INFO - Sync 1 DAGs
[2026-04-25T19:49:00.749+0000] {logging_mixin.py:188} INFO - [2026-04-25T19:49:00.749+0000] {dag.py:3954} INFO - Setting next_dagrun for pipeline_job_intelligent_kafka to 2026-04-24 06:00:00+00:00, run_after=2026-04-25 06:00:00+00:00
[2026-04-25T19:49:00.790+0000] {processor.py:183} INFO - Processing /opt/airflow/dags/dag_pipeline_complet.py took 0.232 seconds
[2026-04-25T19:49:31.024+0000] {processor.py:161} INFO - Started process (PID=3769) to work on /opt/airflow/dags/dag_pipeline_complet.py
[2026-04-25T19:49:31.025+0000] {processor.py:830} INFO - Processing file /opt/airflow/dags/dag_pipeline_complet.py for tasks to queue
[2026-04-25T19:49:31.029+0000] {logging_mixin.py:188} INFO - [2026-04-25T19:49:31.027+0000] {dagbag.py:545} INFO - Filling up the DagBag from /opt/airflow/dags/dag_pipeline_complet.py
[2026-04-25T19:49:31.149+0000] {processor.py:840} INFO - DAG(s) 'pipeline_job_intelligent_kafka' retrieved from /opt/airflow/dags/dag_pipeline_complet.py
[2026-04-25T19:49:31.237+0000] {logging_mixin.py:188} INFO - [2026-04-25T19:49:31.237+0000] {dag.py:3096} INFO - Sync 1 DAGs
[2026-04-25T19:49:31.312+0000] {logging_mixin.py:188} INFO - [2026-04-25T19:49:31.310+0000] {dag.py:3954} INFO - Setting next_dagrun for pipeline_job_intelligent_kafka to 2026-04-24 06:00:00+00:00, run_after=2026-04-25 06:00:00+00:00
[2026-04-25T19:49:31.365+0000] {processor.py:183} INFO - Processing /opt/airflow/dags/dag_pipeline_complet.py took 0.357 seconds
[2026-04-25T19:50:01.691+0000] {processor.py:161} INFO - Started process (PID=3783) to work on /opt/airflow/dags/dag_pipeline_complet.py
[2026-04-25T19:50:01.699+0000] {processor.py:830} INFO - Processing file /opt/airflow/dags/dag_pipeline_complet.py for tasks to queue
[2026-04-25T19:50:01.715+0000] {logging_mixin.py:188} INFO - [2026-04-25T19:50:01.714+0000] {dagbag.py:545} INFO - Filling up the DagBag from /opt/airflow/dags/dag_pipeline_complet.py
[2026-04-25T19:50:03.158+0000] {processor.py:840} INFO - DAG(s) 'pipeline_job_intelligent_kafka' retrieved from /opt/airflow/dags/dag_pipeline_complet.py
[2026-04-25T19:50:03.899+0000] {logging_mixin.py:188} INFO - [2026-04-25T19:50:03.898+0000] {dag.py:3096} INFO - Sync 1 DAGs
[2026-04-25T19:50:04.489+0000] {logging_mixin.py:188} INFO - [2026-04-25T19:50:04.462+0000] {dag.py:3954} INFO - Setting next_dagrun for pipeline_job_intelligent_kafka to 2026-04-24 06:00:00+00:00, run_after=2026-04-25 06:00:00+00:00
[2026-04-25T19:50:04.809+0000] {processor.py:183} INFO - Processing /opt/airflow/dags/dag_pipeline_complet.py took 3.144 seconds
[2026-04-25T19:50:35.682+0000] {processor.py:161} INFO - Started process (PID=3797) to work on /opt/airflow/dags/dag_pipeline_complet.py
[2026-04-25T19:50:35.685+0000] {processor.py:830} INFO - Processing file /opt/airflow/dags/dag_pipeline_complet.py for tasks to queue
[2026-04-25T19:50:35.688+0000] {logging_mixin.py:188} INFO - [2026-04-25T19:50:35.687+0000] {dagbag.py:545} INFO - Filling up the DagBag from /opt/airflow/dags/dag_pipeline_complet.py
[2026-04-25T19:50:35.807+0000] {processor.py:840} INFO - DAG(s) 'pipeline_job_intelligent_kafka' retrieved from /opt/airflow/dags/dag_pipeline_complet.py
[2026-04-25T19:50:36.165+0000] {logging_mixin.py:188} INFO - [2026-04-25T19:50:36.165+0000] {dag.py:3096} INFO - Sync 1 DAGs
[2026-04-25T19:50:36.416+0000] {logging_mixin.py:188} INFO - [2026-04-25T19:50:36.416+0000] {dag.py:3954} INFO - Setting next_dagrun for pipeline_job_intelligent_kafka to 2026-04-24 06:00:00+00:00, run_after=2026-04-25 06:00:00+00:00
[2026-04-25T19:50:36.843+0000] {processor.py:183} INFO - Processing /opt/airflow/dags/dag_pipeline_complet.py took 1.187 seconds
[2026-04-25T19:51:07.845+0000] {processor.py:161} INFO - Started process (PID=3804) to work on /opt/airflow/dags/dag_pipeline_complet.py
[2026-04-25T19:51:07.852+0000] {processor.py:830} INFO - Processing file /opt/airflow/dags/dag_pipeline_complet.py for tasks to queue
[2026-04-25T19:51:07.865+0000] {logging_mixin.py:188} INFO - [2026-04-25T19:51:07.864+0000] {dagbag.py:545} INFO - Filling up the DagBag from /opt/airflow/dags/dag_pipeline_complet.py
[2026-04-25T19:51:07.993+0000] {processor.py:840} INFO - DAG(s) 'pipeline_job_intelligent_kafka' retrieved from /opt/airflow/dags/dag_pipeline_complet.py
[2026-04-25T19:51:08.295+0000] {logging_mixin.py:188} INFO - [2026-04-25T19:51:08.282+0000] {dag.py:3096} INFO - Sync 1 DAGs
[2026-04-25T19:51:08.607+0000] {logging_mixin.py:188} INFO - [2026-04-25T19:51:08.606+0000] {dag.py:3954} INFO - Setting next_dagrun for pipeline_job_intelligent_kafka to 2026-04-24 06:00:00+00:00, run_after=2026-04-25 06:00:00+00:00
[2026-04-25T19:51:08.802+0000] {processor.py:183} INFO - Processing /opt/airflow/dags/dag_pipeline_complet.py took 1.000 seconds
[2026-04-25T19:51:39.430+0000] {processor.py:161} INFO - Started process (PID=3817) to work on /opt/airflow/dags/dag_pipeline_complet.py
[2026-04-25T19:51:39.432+0000] {processor.py:830} INFO - Processing file /opt/airflow/dags/dag_pipeline_complet.py for tasks to queue
[2026-04-25T19:51:39.435+0000] {logging_mixin.py:188} INFO - [2026-04-25T19:51:39.434+0000] {dagbag.py:545} INFO - Filling up the DagBag from /opt/airflow/dags/dag_pipeline_complet.py
[2026-04-25T19:51:39.942+0000] {processor.py:840} INFO - DAG(s) 'pipeline_job_intelligent_kafka' retrieved from /opt/airflow/dags/dag_pipeline_complet.py
[2026-04-25T19:51:40.159+0000] {logging_mixin.py:188} INFO - [2026-04-25T19:51:40.159+0000] {dag.py:3096} INFO - Sync 1 DAGs
[2026-04-25T19:51:40.249+0000] {logging_mixin.py:188} INFO - [2026-04-25T19:51:40.248+0000] {dag.py:3954} INFO - Setting next_dagrun for pipeline_job_intelligent_kafka to 2026-04-24 06:00:00+00:00, run_after=2026-04-25 06:00:00+00:00
[2026-04-25T19:51:40.328+0000] {processor.py:183} INFO - Processing /opt/airflow/dags/dag_pipeline_complet.py took 0.915 seconds
[2026-04-25T19:52:10.866+0000] {processor.py:161} INFO - Started process (PID=3825) to work on /opt/airflow/dags/dag_pipeline_complet.py
[2026-04-25T19:52:10.867+0000] {processor.py:830} INFO - Processing file /opt/airflow/dags/dag_pipeline_complet.py for tasks to queue
[2026-04-25T19:52:10.870+0000] {logging_mixin.py:188} INFO - [2026-04-25T19:52:10.869+0000] {dagbag.py:545} INFO - Filling up the DagBag from /opt/airflow/dags/dag_pipeline_complet.py
[2026-04-25T19:52:10.909+0000] {processor.py:840} INFO - DAG(s) 'pipeline_job_intelligent_kafka' retrieved from /opt/airflow/dags/dag_pipeline_complet.py
[2026-04-25T19:52:11.029+0000] {logging_mixin.py:188} INFO - [2026-04-25T19:52:11.028+0000] {dag.py:3096} INFO - Sync 1 DAGs
[2026-04-25T19:52:11.183+0000] {logging_mixin.py:188} INFO - [2026-04-25T19:52:11.183+0000] {dag.py:3954} INFO - Setting next_dagrun for pipeline_job_intelligent_kafka to 2026-04-24 06:00:00+00:00, run_after=2026-04-25 06:00:00+00:00
[2026-04-25T19:52:11.245+0000] {processor.py:183} INFO - Processing /opt/airflow/dags/dag_pipeline_complet.py took 0.392 seconds
[2026-04-25T19:52:41.704+0000] {processor.py:161} INFO - Started process (PID=3841) to work on /opt/airflow/dags/dag_pipeline_complet.py
[2026-04-25T19:52:41.706+0000] {processor.py:830} INFO - Processing file /opt/airflow/dags/dag_pipeline_complet.py for tasks to queue
[2026-04-25T19:52:41.709+0000] {logging_mixin.py:188} INFO - [2026-04-25T19:52:41.708+0000] {dagbag.py:545} INFO - Filling up the DagBag from /opt/airflow/dags/dag_pipeline_complet.py
[2026-04-25T19:52:41.743+0000] {processor.py:840} INFO - DAG(s) 'pipeline_job_intelligent_kafka' retrieved from /opt/airflow/dags/dag_pipeline_complet.py
[2026-04-25T19:52:41.804+0000] {logging_mixin.py:188} INFO - [2026-04-25T19:52:41.804+0000] {dag.py:3096} INFO - Sync 1 DAGs
[2026-04-25T19:52:41.852+0000] {logging_mixin.py:188} INFO - [2026-04-25T19:52:41.852+0000] {dag.py:3954} INFO - Setting next_dagrun for pipeline_job_intelligent_kafka to 2026-04-24 06:00:00+00:00, run_after=2026-04-25 06:00:00+00:00
[2026-04-25T19:52:41.895+0000] {processor.py:183} INFO - Processing /opt/airflow/dags/dag_pipeline_complet.py took 0.204 seconds
[2026-04-25T19:53:12.401+0000] {processor.py:161} INFO - Started process (PID=3849) to work on /opt/airflow/dags/dag_pipeline_complet.py
[2026-04-25T19:53:12.404+0000] {processor.py:830} INFO - Processing file /opt/airflow/dags/dag_pipeline_complet.py for tasks to queue
[2026-04-25T19:53:12.406+0000] {logging_mixin.py:188} INFO - [2026-04-25T19:53:12.405+0000] {dagbag.py:545} INFO - Filling up the DagBag from /opt/airflow/dags/dag_pipeline_complet.py
[2026-04-25T19:53:12.444+0000] {processor.py:840} INFO - DAG(s) 'pipeline_job_intelligent_kafka' retrieved from /opt/airflow/dags/dag_pipeline_complet.py
[2026-04-25T19:53:12.498+0000] {logging_mixin.py:188} INFO - [2026-04-25T19:53:12.498+0000] {dag.py:3096} INFO - Sync 1 DAGs
[2026-04-25T19:53:12.534+0000] {logging_mixin.py:188} INFO - [2026-04-25T19:53:12.534+0000] {dag.py:3954} INFO - Setting next_dagrun for pipeline_job_intelligent_kafka to 2026-04-24 06:00:00+00:00, run_after=2026-04-25 06:00:00+00:00
[2026-04-25T19:53:12.585+0000] {processor.py:183} INFO - Processing /opt/airflow/dags/dag_pipeline_complet.py took 0.198 seconds
[2026-04-25T19:53:43.135+0000] {processor.py:161} INFO - Started process (PID=3863) to work on /opt/airflow/dags/dag_pipeline_complet.py
[2026-04-25T19:53:43.137+0000] {processor.py:830} INFO - Processing file /opt/airflow/dags/dag_pipeline_complet.py for tasks to queue
[2026-04-25T19:53:43.139+0000] {logging_mixin.py:188} INFO - [2026-04-25T19:53:43.138+0000] {dagbag.py:545} INFO - Filling up the DagBag from /opt/airflow/dags/dag_pipeline_complet.py
[2026-04-25T19:53:43.181+0000] {processor.py:840} INFO - DAG(s) 'pipeline_job_intelligent_kafka' retrieved from /opt/airflow/dags/dag_pipeline_complet.py
[2026-04-25T19:53:43.253+0000] {logging_mixin.py:188} INFO - [2026-04-25T19:53:43.252+0000] {dag.py:3096} INFO - Sync 1 DAGs
[2026-04-25T19:53:43.308+0000] {logging_mixin.py:188} INFO - [2026-04-25T19:53:43.307+0000] {dag.py:3954} INFO - Setting next_dagrun for pipeline_job_intelligent_kafka to 2026-04-24 06:00:00+00:00, run_after=2026-04-25 06:00:00+00:00
[2026-04-25T19:53:43.390+0000] {processor.py:183} INFO - Processing /opt/airflow/dags/dag_pipeline_complet.py took 0.266 seconds
[2026-04-25T19:54:13.636+0000] {processor.py:161} INFO - Started process (PID=3871) to work on /opt/airflow/dags/dag_pipeline_complet.py
[2026-04-25T19:54:13.638+0000] {processor.py:830} INFO - Processing file /opt/airflow/dags/dag_pipeline_complet.py for tasks to queue
[2026-04-25T19:54:13.640+0000] {logging_mixin.py:188} INFO - [2026-04-25T19:54:13.639+0000] {dagbag.py:545} INFO - Filling up the DagBag from /opt/airflow/dags/dag_pipeline_complet.py
[2026-04-25T19:54:13.681+0000] {processor.py:840} INFO - DAG(s) 'pipeline_job_intelligent_kafka' retrieved from /opt/airflow/dags/dag_pipeline_complet.py
[2026-04-25T19:54:13.763+0000] {logging_mixin.py:188} INFO - [2026-04-25T19:54:13.762+0000] {dag.py:3096} INFO - Sync 1 DAGs
[2026-04-25T19:54:13.812+0000] {logging_mixin.py:188} INFO - [2026-04-25T19:54:13.812+0000] {dag.py:3954} INFO - Setting next_dagrun for pipeline_job_intelligent_kafka to 2026-04-24 06:00:00+00:00, run_after=2026-04-25 06:00:00+00:00
[2026-04-25T19:54:13.848+0000] {processor.py:183} INFO - Processing /opt/airflow/dags/dag_pipeline_complet.py took 0.226 seconds
[2026-04-25T19:54:44.296+0000] {processor.py:161} INFO - Started process (PID=3884) to work on /opt/airflow/dags/dag_pipeline_complet.py
[2026-04-25T19:54:44.298+0000] {processor.py:830} INFO - Processing file /opt/airflow/dags/dag_pipeline_complet.py for tasks to queue
[2026-04-25T19:54:44.299+0000] {logging_mixin.py:188} INFO - [2026-04-25T19:54:44.299+0000] {dagbag.py:545} INFO - Filling up the DagBag from /opt/airflow/dags/dag_pipeline_complet.py
[2026-04-25T19:54:44.330+0000] {processor.py:840} INFO - DAG(s) 'pipeline_job_intelligent_kafka' retrieved from /opt/airflow/dags/dag_pipeline_complet.py
[2026-04-25T19:54:44.383+0000] {logging_mixin.py:188} INFO - [2026-04-25T19:54:44.382+0000] {dag.py:3096} INFO - Sync 1 DAGs
[2026-04-25T19:54:44.421+0000] {logging_mixin.py:188} INFO - [2026-04-25T19:54:44.420+0000] {dag.py:3954} INFO - Setting next_dagrun for pipeline_job_intelligent_kafka to 2026-04-24 06:00:00+00:00, run_after=2026-04-25 06:00:00+00:00
[2026-04-25T19:54:44.501+0000] {processor.py:183} INFO - Processing /opt/airflow/dags/dag_pipeline_complet.py took 0.215 seconds
[2026-04-25T19:55:15.060+0000] {processor.py:161} INFO - Started process (PID=3893) to work on /opt/airflow/dags/dag_pipeline_complet.py
[2026-04-25T19:55:15.062+0000] {processor.py:830} INFO - Processing file /opt/airflow/dags/dag_pipeline_complet.py for tasks to queue
[2026-04-25T19:55:15.064+0000] {logging_mixin.py:188} INFO - [2026-04-25T19:55:15.063+0000] {dagbag.py:545} INFO - Filling up the DagBag from /opt/airflow/dags/dag_pipeline_complet.py
[2026-04-25T19:55:15.094+0000] {processor.py:840} INFO - DAG(s) 'pipeline_job_intelligent_kafka' retrieved from /opt/airflow/dags/dag_pipeline_complet.py
[2026-04-25T19:55:15.147+0000] {logging_mixin.py:188} INFO - [2026-04-25T19:55:15.147+0000] {dag.py:3096} INFO - Sync 1 DAGs
[2026-04-25T19:55:15.185+0000] {logging_mixin.py:188} INFO - [2026-04-25T19:55:15.184+0000] {dag.py:3954} INFO - Setting next_dagrun for pipeline_job_intelligent_kafka to 2026-04-24 06:00:00+00:00, run_after=2026-04-25 06:00:00+00:00
[2026-04-25T19:55:15.221+0000] {processor.py:183} INFO - Processing /opt/airflow/dags/dag_pipeline_complet.py took 0.174 seconds
[2026-04-25T19:55:45.685+0000] {processor.py:161} INFO - Started process (PID=3907) to work on /opt/airflow/dags/dag_pipeline_complet.py
[2026-04-25T19:55:45.687+0000] {processor.py:830} INFO - Processing file /opt/airflow/dags/dag_pipeline_complet.py for tasks to queue
[2026-04-25T19:55:45.688+0000] {logging_mixin.py:188} INFO - [2026-04-25T19:55:45.688+0000] {dagbag.py:545} INFO - Filling up the DagBag from /opt/airflow/dags/dag_pipeline_complet.py
[2026-04-25T19:55:45.731+0000] {processor.py:840} INFO - DAG(s) 'pipeline_job_intelligent_kafka' retrieved from /opt/airflow/dags/dag_pipeline_complet.py
[2026-04-25T19:55:45.819+0000] {logging_mixin.py:188} INFO - [2026-04-25T19:55:45.818+0000] {dag.py:3096} INFO - Sync 1 DAGs
[2026-04-25T19:55:45.877+0000] {logging_mixin.py:188} INFO - [2026-04-25T19:55:45.876+0000] {dag.py:3954} INFO - Setting next_dagrun for pipeline_job_intelligent_kafka to 2026-04-24 06:00:00+00:00, run_after=2026-04-25 06:00:00+00:00
[2026-04-25T19:55:45.909+0000] {processor.py:183} INFO - Processing /opt/airflow/dags/dag_pipeline_complet.py took 0.234 seconds
[2026-04-25T19:56:16.375+0000] {processor.py:161} INFO - Started process (PID=3920) to work on /opt/airflow/dags/dag_pipeline_complet.py
[2026-04-25T19:56:16.377+0000] {processor.py:830} INFO - Processing file /opt/airflow/dags/dag_pipeline_complet.py for tasks to queue
[2026-04-25T19:56:16.380+0000] {logging_mixin.py:188} INFO - [2026-04-25T19:56:16.379+0000] {dagbag.py:545} INFO - Filling up the DagBag from /opt/airflow/dags/dag_pipeline_complet.py
[2026-04-25T19:56:16.429+0000] {processor.py:840} INFO - DAG(s) 'pipeline_job_intelligent_kafka' retrieved from /opt/airflow/dags/dag_pipeline_complet.py
[2026-04-25T19:56:16.485+0000] {logging_mixin.py:188} INFO - [2026-04-25T19:56:16.484+0000] {dag.py:3096} INFO - Sync 1 DAGs
[2026-04-25T19:56:16.535+0000] {logging_mixin.py:188} INFO - [2026-04-25T19:56:16.535+0000] {dag.py:3954} INFO - Setting next_dagrun for pipeline_job_intelligent_kafka to 2026-04-24 06:00:00+00:00, run_after=2026-04-25 06:00:00+00:00
[2026-04-25T19:56:16.589+0000] {processor.py:183} INFO - Processing /opt/airflow/dags/dag_pipeline_complet.py took 0.228 seconds
[2026-04-25T19:56:46.751+0000] {processor.py:161} INFO - Started process (PID=3928) to work on /opt/airflow/dags/dag_pipeline_complet.py
[2026-04-25T19:56:46.755+0000] {processor.py:830} INFO - Processing file /opt/airflow/dags/dag_pipeline_complet.py for tasks to queue
[2026-04-25T19:56:46.757+0000] {logging_mixin.py:188} INFO - [2026-04-25T19:56:46.756+0000] {dagbag.py:545} INFO - Filling up the DagBag from /opt/airflow/dags/dag_pipeline_complet.py
[2026-04-25T19:56:46.815+0000] {processor.py:840} INFO - DAG(s) 'pipeline_job_intelligent_kafka' retrieved from /opt/airflow/dags/dag_pipeline_complet.py
[2026-04-25T19:56:46.986+0000] {logging_mixin.py:188} INFO - [2026-04-25T19:56:46.985+0000] {dag.py:3096} INFO - Sync 1 DAGs
[2026-04-25T19:56:47.059+0000] {logging_mixin.py:188} INFO - [2026-04-25T19:56:47.059+0000] {dag.py:3954} INFO - Setting next_dagrun for pipeline_job_intelligent_kafka to 2026-04-24 06:00:00+00:00, run_after=2026-04-25 06:00:00+00:00
[2026-04-25T19:56:47.105+0000] {processor.py:183} INFO - Processing /opt/airflow/dags/dag_pipeline_complet.py took 0.376 seconds
[2026-04-25T19:57:17.430+0000] {processor.py:161} INFO - Started process (PID=3941) to work on /opt/airflow/dags/dag_pipeline_complet.py
[2026-04-25T19:57:17.433+0000] {processor.py:830} INFO - Processing file /opt/airflow/dags/dag_pipeline_complet.py for tasks to queue
[2026-04-25T19:57:17.438+0000] {logging_mixin.py:188} INFO - [2026-04-25T19:57:17.435+0000] {dagbag.py:545} INFO - Filling up the DagBag from /opt/airflow/dags/dag_pipeline_complet.py
[2026-04-25T19:57:17.523+0000] {processor.py:840} INFO - DAG(s) 'pipeline_job_intelligent_kafka' retrieved from /opt/airflow/dags/dag_pipeline_complet.py
[2026-04-25T19:57:17.688+0000] {logging_mixin.py:188} INFO - [2026-04-25T19:57:17.687+0000] {dag.py:3096} INFO - Sync 1 DAGs
[2026-04-25T19:57:17.757+0000] {logging_mixin.py:188} INFO - [2026-04-25T19:57:17.756+0000] {dag.py:3954} INFO - Setting next_dagrun for pipeline_job_intelligent_kafka to 2026-04-24 06:00:00+00:00, run_after=2026-04-25 06:00:00+00:00
[2026-04-25T19:57:17.833+0000] {processor.py:183} INFO - Processing /opt/airflow/dags/dag_pipeline_complet.py took 0.431 seconds
[2026-04-25T19:57:48.056+0000] {processor.py:161} INFO - Started process (PID=3950) to work on /opt/airflow/dags/dag_pipeline_complet.py
[2026-04-25T19:57:48.061+0000] {processor.py:830} INFO - Processing file /opt/airflow/dags/dag_pipeline_complet.py for tasks to queue
[2026-04-25T19:57:48.069+0000] {logging_mixin.py:188} INFO - [2026-04-25T19:57:48.066+0000] {dagbag.py:545} INFO - Filling up the DagBag from /opt/airflow/dags/dag_pipeline_complet.py
[2026-04-25T19:57:48.160+0000] {processor.py:840} INFO - DAG(s) 'pipeline_job_intelligent_kafka' retrieved from /opt/airflow/dags/dag_pipeline_complet.py
[2026-04-25T19:57:48.269+0000] {logging_mixin.py:188} INFO - [2026-04-25T19:57:48.268+0000] {dag.py:3096} INFO - Sync 1 DAGs
[2026-04-25T19:57:48.346+0000] {logging_mixin.py:188} INFO - [2026-04-25T19:57:48.345+0000] {dag.py:3954} INFO - Setting next_dagrun for pipeline_job_intelligent_kafka to 2026-04-24 06:00:00+00:00, run_after=2026-04-25 06:00:00+00:00
[2026-04-25T19:57:48.402+0000] {processor.py:183} INFO - Processing /opt/airflow/dags/dag_pipeline_complet.py took 0.367 seconds
[2026-04-25T19:58:19.695+0000] {processor.py:161} INFO - Started process (PID=3965) to work on /opt/airflow/dags/dag_pipeline_complet.py
[2026-04-25T19:58:19.711+0000] {processor.py:830} INFO - Processing file /opt/airflow/dags/dag_pipeline_complet.py for tasks to queue
[2026-04-25T19:58:19.718+0000] {logging_mixin.py:188} INFO - [2026-04-25T19:58:19.714+0000] {dagbag.py:545} INFO - Filling up the DagBag from /opt/airflow/dags/dag_pipeline_complet.py
[2026-04-25T19:58:19.850+0000] {processor.py:840} INFO - DAG(s) 'pipeline_job_intelligent_kafka' retrieved from /opt/airflow/dags/dag_pipeline_complet.py
[2026-04-25T19:58:20.105+0000] {logging_mixin.py:188} INFO - [2026-04-25T19:58:20.104+0000] {dag.py:3096} INFO - Sync 1 DAGs
[2026-04-25T19:58:20.252+0000] {logging_mixin.py:188} INFO - [2026-04-25T19:58:20.251+0000] {dag.py:3954} INFO - Setting next_dagrun for pipeline_job_intelligent_kafka to 2026-04-24 06:00:00+00:00, run_after=2026-04-25 06:00:00+00:00
[2026-04-25T19:58:20.408+0000] {processor.py:183} INFO - Processing /opt/airflow/dags/dag_pipeline_complet.py took 0.758 seconds
[2026-04-25T19:58:51.165+0000] {processor.py:161} INFO - Started process (PID=3973) to work on /opt/airflow/dags/dag_pipeline_complet.py
[2026-04-25T19:58:51.178+0000] {processor.py:830} INFO - Processing file /opt/airflow/dags/dag_pipeline_complet.py for tasks to queue
[2026-04-25T19:58:51.182+0000] {logging_mixin.py:188} INFO - [2026-04-25T19:58:51.181+0000] {dagbag.py:545} INFO - Filling up the DagBag from /opt/airflow/dags/dag_pipeline_complet.py
[2026-04-25T19:58:51.233+0000] {processor.py:840} INFO - DAG(s) 'pipeline_job_intelligent_kafka' retrieved from /opt/airflow/dags/dag_pipeline_complet.py
[2026-04-25T19:58:51.328+0000] {logging_mixin.py:188} INFO - [2026-04-25T19:58:51.327+0000] {dag.py:3096} INFO - Sync 1 DAGs
[2026-04-25T19:58:51.381+0000] {logging_mixin.py:188} INFO - [2026-04-25T19:58:51.381+0000] {dag.py:3954} INFO - Setting next_dagrun for pipeline_job_intelligent_kafka to 2026-04-24 06:00:00+00:00, run_after=2026-04-25 06:00:00+00:00
[2026-04-25T19:58:51.458+0000] {processor.py:183} INFO - Processing /opt/airflow/dags/dag_pipeline_complet.py took 0.316 seconds
[2026-04-25T19:59:22.227+0000] {processor.py:161} INFO - Started process (PID=3987) to work on /opt/airflow/dags/dag_pipeline_complet.py
[2026-04-25T19:59:22.229+0000] {processor.py:830} INFO - Processing file /opt/airflow/dags/dag_pipeline_complet.py for tasks to queue
[2026-04-25T19:59:22.231+0000] {logging_mixin.py:188} INFO - [2026-04-25T19:59:22.231+0000] {dagbag.py:545} INFO - Filling up the DagBag from /opt/airflow/dags/dag_pipeline_complet.py
[2026-04-25T19:59:22.273+0000] {processor.py:840} INFO - DAG(s) 'pipeline_job_intelligent_kafka' retrieved from /opt/airflow/dags/dag_pipeline_complet.py
[2026-04-25T19:59:22.341+0000] {logging_mixin.py:188} INFO - [2026-04-25T19:59:22.341+0000] {dag.py:3096} INFO - Sync 1 DAGs
[2026-04-25T19:59:22.381+0000] {logging_mixin.py:188} INFO - [2026-04-25T19:59:22.381+0000] {dag.py:3954} INFO - Setting next_dagrun for pipeline_job_intelligent_kafka to 2026-04-24 06:00:00+00:00, run_after=2026-04-25 06:00:00+00:00
[2026-04-25T19:59:22.421+0000] {processor.py:183} INFO - Processing /opt/airflow/dags/dag_pipeline_complet.py took 0.207 seconds
[2026-04-25T19:59:53.164+0000] {processor.py:161} INFO - Started process (PID=3994) to work on /opt/airflow/dags/dag_pipeline_complet.py
[2026-04-25T19:59:53.166+0000] {processor.py:830} INFO - Processing file /opt/airflow/dags/dag_pipeline_complet.py for tasks to queue
[2026-04-25T19:59:53.169+0000] {logging_mixin.py:188} INFO - [2026-04-25T19:59:53.168+0000] {dagbag.py:545} INFO - Filling up the DagBag from /opt/airflow/dags/dag_pipeline_complet.py
[2026-04-25T19:59:53.215+0000] {processor.py:840} INFO - DAG(s) 'pipeline_job_intelligent_kafka' retrieved from /opt/airflow/dags/dag_pipeline_complet.py
[2026-04-25T19:59:53.305+0000] {logging_mixin.py:188} INFO - [2026-04-25T19:59:53.303+0000] {dag.py:3096} INFO - Sync 1 DAGs
[2026-04-25T19:59:53.396+0000] {logging_mixin.py:188} INFO - [2026-04-25T19:59:53.395+0000] {dag.py:3954} INFO - Setting next_dagrun for pipeline_job_intelligent_kafka to 2026-04-24 06:00:00+00:00, run_after=2026-04-25 06:00:00+00:00
[2026-04-25T19:59:53.469+0000] {processor.py:183} INFO - Processing /opt/airflow/dags/dag_pipeline_complet.py took 0.318 seconds
[2026-04-25T20:00:23.961+0000] {processor.py:161} INFO - Started process (PID=4009) to work on /opt/airflow/dags/dag_pipeline_complet.py
[2026-04-25T20:00:23.962+0000] {processor.py:830} INFO - Processing file /opt/airflow/dags/dag_pipeline_complet.py for tasks to queue
[2026-04-25T20:00:23.964+0000] {logging_mixin.py:188} INFO - [2026-04-25T20:00:23.963+0000] {dagbag.py:545} INFO - Filling up the DagBag from /opt/airflow/dags/dag_pipeline_complet.py
[2026-04-25T20:00:23.997+0000] {processor.py:840} INFO - DAG(s) 'pipeline_job_intelligent_kafka' retrieved from /opt/airflow/dags/dag_pipeline_complet.py
[2026-04-25T20:00:24.051+0000] {logging_mixin.py:188} INFO - [2026-04-25T20:00:24.051+0000] {dag.py:3096} INFO - Sync 1 DAGs
[2026-04-25T20:00:24.089+0000] {logging_mixin.py:188} INFO - [2026-04-25T20:00:24.089+0000] {dag.py:3954} INFO - Setting next_dagrun for pipeline_job_intelligent_kafka to 2026-04-24 06:00:00+00:00, run_after=2026-04-25 06:00:00+00:00
[2026-04-25T20:00:24.127+0000] {processor.py:183} INFO - Processing /opt/airflow/dags/dag_pipeline_complet.py took 0.175 seconds
[2026-04-25T20:00:54.574+0000] {processor.py:161} INFO - Started process (PID=4017) to work on /opt/airflow/dags/dag_pipeline_complet.py
[2026-04-25T20:00:54.575+0000] {processor.py:830} INFO - Processing file /opt/airflow/dags/dag_pipeline_complet.py for tasks to queue
[2026-04-25T20:00:54.577+0000] {logging_mixin.py:188} INFO - [2026-04-25T20:00:54.576+0000] {dagbag.py:545} INFO - Filling up the DagBag from /opt/airflow/dags/dag_pipeline_complet.py
[2026-04-25T20:00:54.609+0000] {processor.py:840} INFO - DAG(s) 'pipeline_job_intelligent_kafka' retrieved from /opt/airflow/dags/dag_pipeline_complet.py
[2026-04-25T20:00:54.661+0000] {logging_mixin.py:188} INFO - [2026-04-25T20:00:54.661+0000] {dag.py:3096} INFO - Sync 1 DAGs
[2026-04-25T20:00:54.697+0000] {logging_mixin.py:188} INFO - [2026-04-25T20:00:54.697+0000] {dag.py:3954} INFO - Setting next_dagrun for pipeline_job_intelligent_kafka to 2026-04-24 06:00:00+00:00, run_after=2026-04-25 06:00:00+00:00
[2026-04-25T20:00:54.752+0000] {processor.py:183} INFO - Processing /opt/airflow/dags/dag_pipeline_complet.py took 0.187 seconds
[2026-04-25T20:01:25.131+0000] {processor.py:161} INFO - Started process (PID=4031) to work on /opt/airflow/dags/dag_pipeline_complet.py
[2026-04-25T20:01:25.134+0000] {processor.py:830} INFO - Processing file /opt/airflow/dags/dag_pipeline_complet.py for tasks to queue
[2026-04-25T20:01:25.136+0000] {logging_mixin.py:188} INFO - [2026-04-25T20:01:25.135+0000] {dagbag.py:545} INFO - Filling up the DagBag from /opt/airflow/dags/dag_pipeline_complet.py
[2026-04-25T20:01:25.181+0000] {processor.py:840} INFO - DAG(s) 'pipeline_job_intelligent_kafka' retrieved from /opt/airflow/dags/dag_pipeline_complet.py
[2026-04-25T20:01:25.247+0000] {logging_mixin.py:188} INFO - [2026-04-25T20:01:25.246+0000] {dag.py:3096} INFO - Sync 1 DAGs
[2026-04-25T20:01:25.320+0000] {logging_mixin.py:188} INFO - [2026-04-25T20:01:25.319+0000] {dag.py:3954} INFO - Setting next_dagrun for pipeline_job_intelligent_kafka to 2026-04-24 06:00:00+00:00, run_after=2026-04-25 06:00:00+00:00
[2026-04-25T20:01:25.392+0000] {processor.py:183} INFO - Processing /opt/airflow/dags/dag_pipeline_complet.py took 0.274 seconds
[2026-04-25T20:01:55.609+0000] {processor.py:161} INFO - Started process (PID=4039) to work on /opt/airflow/dags/dag_pipeline_complet.py
[2026-04-25T20:01:55.611+0000] {processor.py:830} INFO - Processing file /opt/airflow/dags/dag_pipeline_complet.py for tasks to queue
[2026-04-25T20:01:55.613+0000] {logging_mixin.py:188} INFO - [2026-04-25T20:01:55.612+0000] {dagbag.py:545} INFO - Filling up the DagBag from /opt/airflow/dags/dag_pipeline_complet.py
[2026-04-25T20:01:55.678+0000] {processor.py:840} INFO - DAG(s) 'pipeline_job_intelligent_kafka' retrieved from /opt/airflow/dags/dag_pipeline_complet.py
[2026-04-25T20:01:55.818+0000] {logging_mixin.py:188} INFO - [2026-04-25T20:01:55.818+0000] {dag.py:3096} INFO - Sync 1 DAGs
[2026-04-25T20:01:55.888+0000] {logging_mixin.py:188} INFO - [2026-04-25T20:01:55.887+0000] {dag.py:3954} INFO - Setting next_dagrun for pipeline_job_intelligent_kafka to 2026-04-24 06:00:00+00:00, run_after=2026-04-25 06:00:00+00:00
[2026-04-25T20:01:55.957+0000] {processor.py:183} INFO - Processing /opt/airflow/dags/dag_pipeline_complet.py took 0.362 seconds
[2026-04-25T20:02:26.504+0000] {processor.py:161} INFO - Started process (PID=4053) to work on /opt/airflow/dags/dag_pipeline_complet.py
[2026-04-25T20:02:26.506+0000] {processor.py:830} INFO - Processing file /opt/airflow/dags/dag_pipeline_complet.py for tasks to queue
[2026-04-25T20:02:26.509+0000] {logging_mixin.py:188} INFO - [2026-04-25T20:02:26.508+0000] {dagbag.py:545} INFO - Filling up the DagBag from /opt/airflow/dags/dag_pipeline_complet.py
[2026-04-25T20:02:26.551+0000] {processor.py:840} INFO - DAG(s) 'pipeline_job_intelligent_kafka' retrieved from /opt/airflow/dags/dag_pipeline_complet.py
[2026-04-25T20:02:26.621+0000] {logging_mixin.py:188} INFO - [2026-04-25T20:02:26.621+0000] {dag.py:3096} INFO - Sync 1 DAGs
[2026-04-25T20:02:26.667+0000] {logging_mixin.py:188} INFO - [2026-04-25T20:02:26.666+0000] {dag.py:3954} INFO - Setting next_dagrun for pipeline_job_intelligent_kafka to 2026-04-24 06:00:00+00:00, run_after=2026-04-25 06:00:00+00:00
[2026-04-25T20:02:26.702+0000] {processor.py:183} INFO - Processing /opt/airflow/dags/dag_pipeline_complet.py took 0.212 seconds
[2026-04-25T20:02:57.118+0000] {processor.py:161} INFO - Started process (PID=4061) to work on /opt/airflow/dags/dag_pipeline_complet.py
[2026-04-25T20:02:57.120+0000] {processor.py:830} INFO - Processing file /opt/airflow/dags/dag_pipeline_complet.py for tasks to queue
[2026-04-25T20:02:57.123+0000] {logging_mixin.py:188} INFO - [2026-04-25T20:02:57.122+0000] {dagbag.py:545} INFO - Filling up the DagBag from /opt/airflow/dags/dag_pipeline_complet.py
[2026-04-25T20:02:57.160+0000] {processor.py:840} INFO - DAG(s) 'pipeline_job_intelligent_kafka' retrieved from /opt/airflow/dags/dag_pipeline_complet.py
[2026-04-25T20:02:57.219+0000] {logging_mixin.py:188} INFO - [2026-04-25T20:02:57.219+0000] {dag.py:3096} INFO - Sync 1 DAGs
[2026-04-25T20:02:57.261+0000] {logging_mixin.py:188} INFO - [2026-04-25T20:02:57.260+0000] {dag.py:3954} INFO - Setting next_dagrun for pipeline_job_intelligent_kafka to 2026-04-24 06:00:00+00:00, run_after=2026-04-25 06:00:00+00:00
[2026-04-25T20:02:57.321+0000] {processor.py:183} INFO - Processing /opt/airflow/dags/dag_pipeline_complet.py took 0.228 seconds
[2026-04-25T20:03:27.974+0000] {processor.py:161} INFO - Started process (PID=4076) to work on /opt/airflow/dags/dag_pipeline_complet.py
[2026-04-25T20:03:27.982+0000] {processor.py:830} INFO - Processing file /opt/airflow/dags/dag_pipeline_complet.py for tasks to queue
[2026-04-25T20:03:27.988+0000] {logging_mixin.py:188} INFO - [2026-04-25T20:03:27.986+0000] {dagbag.py:545} INFO - Filling up the DagBag from /opt/airflow/dags/dag_pipeline_complet.py
[2026-04-25T20:03:28.063+0000] {processor.py:840} INFO - DAG(s) 'pipeline_job_intelligent_kafka' retrieved from /opt/airflow/dags/dag_pipeline_complet.py
[2026-04-25T20:03:28.209+0000] {logging_mixin.py:188} INFO - [2026-04-25T20:03:28.208+0000] {dag.py:3096} INFO - Sync 1 DAGs
[2026-04-25T20:03:28.309+0000] {logging_mixin.py:188} INFO - [2026-04-25T20:03:28.308+0000] {dag.py:3954} INFO - Setting next_dagrun for pipeline_job_intelligent_kafka to 2026-04-24 06:00:00+00:00, run_after=2026-04-25 06:00:00+00:00
[2026-04-25T20:03:28.360+0000] {processor.py:183} INFO - Processing /opt/airflow/dags/dag_pipeline_complet.py took 0.421 seconds
[2026-04-25T20:03:58.582+0000] {processor.py:161} INFO - Started process (PID=4083) to work on /opt/airflow/dags/dag_pipeline_complet.py
[2026-04-25T20:03:58.584+0000] {processor.py:830} INFO - Processing file /opt/airflow/dags/dag_pipeline_complet.py for tasks to queue
[2026-04-25T20:03:58.585+0000] {logging_mixin.py:188} INFO - [2026-04-25T20:03:58.585+0000] {dagbag.py:545} INFO - Filling up the DagBag from /opt/airflow/dags/dag_pipeline_complet.py
[2026-04-25T20:03:58.616+0000] {processor.py:840} INFO - DAG(s) 'pipeline_job_intelligent_kafka' retrieved from /opt/airflow/dags/dag_pipeline_complet.py
[2026-04-25T20:03:58.679+0000] {logging_mixin.py:188} INFO - [2026-04-25T20:03:58.678+0000] {dag.py:3096} INFO - Sync 1 DAGs
[2026-04-25T20:03:58.750+0000] {logging_mixin.py:188} INFO - [2026-04-25T20:03:58.750+0000] {dag.py:3954} INFO - Setting next_dagrun for pipeline_job_intelligent_kafka to 2026-04-24 06:00:00+00:00, run_after=2026-04-25 06:00:00+00:00
[2026-04-25T20:03:58.804+0000] {processor.py:183} INFO - Processing /opt/airflow/dags/dag_pipeline_complet.py took 0.231 seconds
[2026-04-25T20:04:29.098+0000] {processor.py:161} INFO - Started process (PID=4097) to work on /opt/airflow/dags/dag_pipeline_complet.py
[2026-04-25T20:04:29.100+0000] {processor.py:830} INFO - Processing file /opt/airflow/dags/dag_pipeline_complet.py for tasks to queue
[2026-04-25T20:04:29.102+0000] {logging_mixin.py:188} INFO - [2026-04-25T20:04:29.101+0000] {dagbag.py:545} INFO - Filling up the DagBag from /opt/airflow/dags/dag_pipeline_complet.py
[2026-04-25T20:04:29.155+0000] {processor.py:840} INFO - DAG(s) 'pipeline_job_intelligent_kafka' retrieved from /opt/airflow/dags/dag_pipeline_complet.py
[2026-04-25T20:04:29.223+0000] {logging_mixin.py:188} INFO - [2026-04-25T20:04:29.223+0000] {dag.py:3096} INFO - Sync 1 DAGs
[2026-04-25T20:04:29.258+0000] {logging_mixin.py:188} INFO - [2026-04-25T20:04:29.258+0000] {dag.py:3954} INFO - Setting next_dagrun for pipeline_job_intelligent_kafka to 2026-04-24 06:00:00+00:00, run_after=2026-04-25 06:00:00+00:00
[2026-04-25T20:04:29.306+0000] {processor.py:183} INFO - Processing /opt/airflow/dags/dag_pipeline_complet.py took 0.222 seconds
[2026-04-25T20:04:59.452+0000] {processor.py:161} INFO - Started process (PID=4105) to work on /opt/airflow/dags/dag_pipeline_complet.py
[2026-04-25T20:04:59.455+0000] {processor.py:830} INFO - Processing file /opt/airflow/dags/dag_pipeline_complet.py for tasks to queue
[2026-04-25T20:04:59.458+0000] {logging_mixin.py:188} INFO - [2026-04-25T20:04:59.458+0000] {dagbag.py:545} INFO - Filling up the DagBag from /opt/airflow/dags/dag_pipeline_complet.py
[2026-04-25T20:04:59.536+0000] {processor.py:840} INFO - DAG(s) 'pipeline_job_intelligent_kafka' retrieved from /opt/airflow/dags/dag_pipeline_complet.py
[2026-04-25T20:04:59.647+0000] {logging_mixin.py:188} INFO - [2026-04-25T20:04:59.646+0000] {dag.py:3096} INFO - Sync 1 DAGs
[2026-04-25T20:04:59.749+0000] {logging_mixin.py:188} INFO - [2026-04-25T20:04:59.748+0000] {dag.py:3954} INFO - Setting next_dagrun for pipeline_job_intelligent_kafka to 2026-04-24 06:00:00+00:00, run_after=2026-04-25 06:00:00+00:00
[2026-04-25T20:04:59.797+0000] {processor.py:183} INFO - Processing /opt/airflow/dags/dag_pipeline_complet.py took 0.364 seconds
[2026-04-25T20:05:30.341+0000] {processor.py:161} INFO - Started process (PID=4120) to work on /opt/airflow/dags/dag_pipeline_complet.py
[2026-04-25T20:05:30.343+0000] {processor.py:830} INFO - Processing file /opt/airflow/dags/dag_pipeline_complet.py for tasks to queue
[2026-04-25T20:05:30.345+0000] {logging_mixin.py:188} INFO - [2026-04-25T20:05:30.344+0000] {dagbag.py:545} INFO - Filling up the DagBag from /opt/airflow/dags/dag_pipeline_complet.py
[2026-04-25T20:05:30.428+0000] {processor.py:840} INFO - DAG(s) 'pipeline_job_intelligent_kafka' retrieved from /opt/airflow/dags/dag_pipeline_complet.py
[2026-04-25T20:05:30.641+0000] {logging_mixin.py:188} INFO - [2026-04-25T20:05:30.641+0000] {dag.py:3096} INFO - Sync 1 DAGs
[2026-04-25T20:05:30.723+0000] {logging_mixin.py:188} INFO - [2026-04-25T20:05:30.722+0000] {dag.py:3954} INFO - Setting next_dagrun for pipeline_job_intelligent_kafka to 2026-04-24 06:00:00+00:00, run_after=2026-04-25 06:00:00+00:00
[2026-04-25T20:05:30.779+0000] {processor.py:183} INFO - Processing /opt/airflow/dags/dag_pipeline_complet.py took 0.480 seconds
[2026-04-25T20:06:01.225+0000] {processor.py:161} INFO - Started process (PID=4135) to work on /opt/airflow/dags/dag_pipeline_complet.py
[2026-04-25T20:06:01.227+0000] {processor.py:830} INFO - Processing file /opt/airflow/dags/dag_pipeline_complet.py for tasks to queue
[2026-04-25T20:06:01.229+0000] {logging_mixin.py:188} INFO - [2026-04-25T20:06:01.228+0000] {dagbag.py:545} INFO - Filling up the DagBag from /opt/airflow/dags/dag_pipeline_complet.py
[2026-04-25T20:06:01.268+0000] {processor.py:840} INFO - DAG(s) 'pipeline_job_intelligent_kafka' retrieved from /opt/airflow/dags/dag_pipeline_complet.py
[2026-04-25T20:06:01.354+0000] {logging_mixin.py:188} INFO - [2026-04-25T20:06:01.353+0000] {dag.py:3096} INFO - Sync 1 DAGs
[2026-04-25T20:06:01.432+0000] {logging_mixin.py:188} INFO - [2026-04-25T20:06:01.431+0000] {dag.py:3954} INFO - Setting next_dagrun for pipeline_job_intelligent_kafka to 2026-04-24 06:00:00+00:00, run_after=2026-04-25 06:00:00+00:00
[2026-04-25T20:06:01.476+0000] {processor.py:183} INFO - Processing /opt/airflow/dags/dag_pipeline_complet.py took 0.263 seconds
[2026-04-25T20:06:32.003+0000] {processor.py:161} INFO - Started process (PID=4143) to work on /opt/airflow/dags/dag_pipeline_complet.py
[2026-04-25T20:06:32.004+0000] {processor.py:830} INFO - Processing file /opt/airflow/dags/dag_pipeline_complet.py for tasks to queue
[2026-04-25T20:06:32.006+0000] {logging_mixin.py:188} INFO - [2026-04-25T20:06:32.006+0000] {dagbag.py:545} INFO - Filling up the DagBag from /opt/airflow/dags/dag_pipeline_complet.py
[2026-04-25T20:06:32.037+0000] {processor.py:840} INFO - DAG(s) 'pipeline_job_intelligent_kafka' retrieved from /opt/airflow/dags/dag_pipeline_complet.py
[2026-04-25T20:06:32.093+0000] {logging_mixin.py:188} INFO - [2026-04-25T20:06:32.092+0000] {dag.py:3096} INFO - Sync 1 DAGs
[2026-04-25T20:06:32.181+0000] {logging_mixin.py:188} INFO - [2026-04-25T20:06:32.181+0000] {dag.py:3954} INFO - Setting next_dagrun for pipeline_job_intelligent_kafka to 2026-04-24 06:00:00+00:00, run_after=2026-04-25 06:00:00+00:00
[2026-04-25T20:06:32.247+0000] {processor.py:183} INFO - Processing /opt/airflow/dags/dag_pipeline_complet.py took 0.256 seconds
[2026-04-25T20:07:02.682+0000] {processor.py:161} INFO - Started process (PID=4157) to work on /opt/airflow/dags/dag_pipeline_complet.py
[2026-04-25T20:07:02.683+0000] {processor.py:830} INFO - Processing file /opt/airflow/dags/dag_pipeline_complet.py for tasks to queue
[2026-04-25T20:07:02.686+0000] {logging_mixin.py:188} INFO - [2026-04-25T20:07:02.685+0000] {dagbag.py:545} INFO - Filling up the DagBag from /opt/airflow/dags/dag_pipeline_complet.py
[2026-04-25T20:07:02.735+0000] {processor.py:840} INFO - DAG(s) 'pipeline_job_intelligent_kafka' retrieved from /opt/airflow/dags/dag_pipeline_complet.py
[2026-04-25T20:07:02.808+0000] {logging_mixin.py:188} INFO - [2026-04-25T20:07:02.807+0000] {dag.py:3096} INFO - Sync 1 DAGs
[2026-04-25T20:07:02.845+0000] {logging_mixin.py:188} INFO - [2026-04-25T20:07:02.845+0000] {dag.py:3954} INFO - Setting next_dagrun for pipeline_job_intelligent_kafka to 2026-04-24 06:00:00+00:00, run_after=2026-04-25 06:00:00+00:00
[2026-04-25T20:07:02.899+0000] {processor.py:183} INFO - Processing /opt/airflow/dags/dag_pipeline_complet.py took 0.232 seconds
[2026-04-25T20:07:33.054+0000] {processor.py:161} INFO - Started process (PID=4165) to work on /opt/airflow/dags/dag_pipeline_complet.py
[2026-04-25T20:07:33.055+0000] {processor.py:830} INFO - Processing file /opt/airflow/dags/dag_pipeline_complet.py for tasks to queue
[2026-04-25T20:07:33.057+0000] {logging_mixin.py:188} INFO - [2026-04-25T20:07:33.056+0000] {dagbag.py:545} INFO - Filling up the DagBag from /opt/airflow/dags/dag_pipeline_complet.py
[2026-04-25T20:07:33.085+0000] {processor.py:840} INFO - DAG(s) 'pipeline_job_intelligent_kafka' retrieved from /opt/airflow/dags/dag_pipeline_complet.py
[2026-04-25T20:07:33.149+0000] {logging_mixin.py:188} INFO - [2026-04-25T20:07:33.148+0000] {dag.py:3096} INFO - Sync 1 DAGs
[2026-04-25T20:07:33.199+0000] {logging_mixin.py:188} INFO - [2026-04-25T20:07:33.199+0000] {dag.py:3954} INFO - Setting next_dagrun for pipeline_job_intelligent_kafka to 2026-04-24 06:00:00+00:00, run_after=2026-04-25 06:00:00+00:00
[2026-04-25T20:07:33.253+0000] {processor.py:183} INFO - Processing /opt/airflow/dags/dag_pipeline_complet.py took 0.209 seconds
[2026-04-25T20:08:03.862+0000] {processor.py:161} INFO - Started process (PID=4180) to work on /opt/airflow/dags/dag_pipeline_complet.py
[2026-04-25T20:08:03.865+0000] {processor.py:830} INFO - Processing file /opt/airflow/dags/dag_pipeline_complet.py for tasks to queue
[2026-04-25T20:08:03.868+0000] {logging_mixin.py:188} INFO - [2026-04-25T20:08:03.867+0000] {dagbag.py:545} INFO - Filling up the DagBag from /opt/airflow/dags/dag_pipeline_complet.py
[2026-04-25T20:08:03.991+0000] {processor.py:840} INFO - DAG(s) 'pipeline_job_intelligent_kafka' retrieved from /opt/airflow/dags/dag_pipeline_complet.py
[2026-04-25T20:08:04.120+0000] {logging_mixin.py:188} INFO - [2026-04-25T20:08:04.119+0000] {dag.py:3096} INFO - Sync 1 DAGs
[2026-04-25T20:08:04.161+0000] {logging_mixin.py:188} INFO - [2026-04-25T20:08:04.161+0000] {dag.py:3954} INFO - Setting next_dagrun for pipeline_job_intelligent_kafka to 2026-04-24 06:00:00+00:00, run_after=2026-04-25 06:00:00+00:00
[2026-04-25T20:08:04.197+0000] {processor.py:183} INFO - Processing /opt/airflow/dags/dag_pipeline_complet.py took 0.357 seconds
[2026-04-25T20:08:34.975+0000] {processor.py:161} INFO - Started process (PID=4188) to work on /opt/airflow/dags/dag_pipeline_complet.py
[2026-04-25T20:08:34.977+0000] {processor.py:830} INFO - Processing file /opt/airflow/dags/dag_pipeline_complet.py for tasks to queue
[2026-04-25T20:08:34.979+0000] {logging_mixin.py:188} INFO - [2026-04-25T20:08:34.979+0000] {dagbag.py:545} INFO - Filling up the DagBag from /opt/airflow/dags/dag_pipeline_complet.py
[2026-04-25T20:08:35.019+0000] {processor.py:840} INFO - DAG(s) 'pipeline_job_intelligent_kafka' retrieved from /opt/airflow/dags/dag_pipeline_complet.py
[2026-04-25T20:08:35.076+0000] {logging_mixin.py:188} INFO - [2026-04-25T20:08:35.076+0000] {dag.py:3096} INFO - Sync 1 DAGs
[2026-04-25T20:08:35.126+0000] {logging_mixin.py:188} INFO - [2026-04-25T20:08:35.126+0000] {dag.py:3954} INFO - Setting next_dagrun for pipeline_job_intelligent_kafka to 2026-04-24 06:00:00+00:00, run_after=2026-04-25 06:00:00+00:00
[2026-04-25T20:08:35.174+0000] {processor.py:183} INFO - Processing /opt/airflow/dags/dag_pipeline_complet.py took 0.219 seconds
[2026-04-25T20:09:05.629+0000] {processor.py:161} INFO - Started process (PID=4203) to work on /opt/airflow/dags/dag_pipeline_complet.py
[2026-04-25T20:09:05.632+0000] {processor.py:830} INFO - Processing file /opt/airflow/dags/dag_pipeline_complet.py for tasks to queue
[2026-04-25T20:09:05.639+0000] {logging_mixin.py:188} INFO - [2026-04-25T20:09:05.638+0000] {dagbag.py:545} INFO - Filling up the DagBag from /opt/airflow/dags/dag_pipeline_complet.py
[2026-04-25T20:09:05.744+0000] {processor.py:840} INFO - DAG(s) 'pipeline_job_intelligent_kafka' retrieved from /opt/airflow/dags/dag_pipeline_complet.py
[2026-04-25T20:09:05.944+0000] {logging_mixin.py:188} INFO - [2026-04-25T20:09:05.943+0000] {dag.py:3096} INFO - Sync 1 DAGs
[2026-04-25T20:09:06.065+0000] {logging_mixin.py:188} INFO - [2026-04-25T20:09:06.064+0000] {dag.py:3954} INFO - Setting next_dagrun for pipeline_job_intelligent_kafka to 2026-04-24 06:00:00+00:00, run_after=2026-04-25 06:00:00+00:00
[2026-04-25T20:09:06.165+0000] {processor.py:183} INFO - Processing /opt/airflow/dags/dag_pipeline_complet.py took 0.559 seconds
[2026-04-25T20:09:36.531+0000] {processor.py:161} INFO - Started process (PID=4212) to work on /opt/airflow/dags/dag_pipeline_complet.py
[2026-04-25T20:09:36.534+0000] {processor.py:830} INFO - Processing file /opt/airflow/dags/dag_pipeline_complet.py for tasks to queue
[2026-04-25T20:09:36.538+0000] {logging_mixin.py:188} INFO - [2026-04-25T20:09:36.537+0000] {dagbag.py:545} INFO - Filling up the DagBag from /opt/airflow/dags/dag_pipeline_complet.py
[2026-04-25T20:09:36.701+0000] {processor.py:840} INFO - DAG(s) 'pipeline_job_intelligent_kafka' retrieved from /opt/airflow/dags/dag_pipeline_complet.py
[2026-04-25T20:09:36.910+0000] {logging_mixin.py:188} INFO - [2026-04-25T20:09:36.909+0000] {dag.py:3096} INFO - Sync 1 DAGs
[2026-04-25T20:09:37.070+0000] {logging_mixin.py:188} INFO - [2026-04-25T20:09:37.069+0000] {dag.py:3954} INFO - Setting next_dagrun for pipeline_job_intelligent_kafka to 2026-04-24 06:00:00+00:00, run_after=2026-04-25 06:00:00+00:00
[2026-04-25T20:09:37.304+0000] {processor.py:183} INFO - Processing /opt/airflow/dags/dag_pipeline_complet.py took 0.798 seconds
[2026-04-25T20:10:07.863+0000] {processor.py:161} INFO - Started process (PID=4226) to work on /opt/airflow/dags/dag_pipeline_complet.py
[2026-04-25T20:10:07.873+0000] {processor.py:830} INFO - Processing file /opt/airflow/dags/dag_pipeline_complet.py for tasks to queue
[2026-04-25T20:10:07.877+0000] {logging_mixin.py:188} INFO - [2026-04-25T20:10:07.876+0000] {dagbag.py:545} INFO - Filling up the DagBag from /opt/airflow/dags/dag_pipeline_complet.py
[2026-04-25T20:10:08.081+0000] {processor.py:840} INFO - DAG(s) 'pipeline_job_intelligent_kafka' retrieved from /opt/airflow/dags/dag_pipeline_complet.py
[2026-04-25T20:10:08.659+0000] {logging_mixin.py:188} INFO - [2026-04-25T20:10:08.653+0000] {dag.py:3096} INFO - Sync 1 DAGs
[2026-04-25T20:10:08.912+0000] {logging_mixin.py:188} INFO - [2026-04-25T20:10:08.911+0000] {dag.py:3954} INFO - Setting next_dagrun for pipeline_job_intelligent_kafka to 2026-04-24 06:00:00+00:00, run_after=2026-04-25 06:00:00+00:00
[2026-04-25T20:10:09.044+0000] {processor.py:183} INFO - Processing /opt/airflow/dags/dag_pipeline_complet.py took 1.206 seconds
[2026-04-25T20:10:40.067+0000] {processor.py:161} INFO - Started process (PID=4235) to work on /opt/airflow/dags/dag_pipeline_complet.py
[2026-04-25T20:10:40.070+0000] {processor.py:830} INFO - Processing file /opt/airflow/dags/dag_pipeline_complet.py for tasks to queue
[2026-04-25T20:10:40.083+0000] {logging_mixin.py:188} INFO - [2026-04-25T20:10:40.081+0000] {dagbag.py:545} INFO - Filling up the DagBag from /opt/airflow/dags/dag_pipeline_complet.py
[2026-04-25T20:10:40.286+0000] {processor.py:840} INFO - DAG(s) 'pipeline_job_intelligent_kafka' retrieved from /opt/airflow/dags/dag_pipeline_complet.py
[2026-04-25T20:10:40.526+0000] {logging_mixin.py:188} INFO - [2026-04-25T20:10:40.526+0000] {dag.py:3096} INFO - Sync 1 DAGs
[2026-04-25T20:10:40.702+0000] {logging_mixin.py:188} INFO - [2026-04-25T20:10:40.702+0000] {dag.py:3954} INFO - Setting next_dagrun for pipeline_job_intelligent_kafka to 2026-04-24 06:00:00+00:00, run_after=2026-04-25 06:00:00+00:00
[2026-04-25T20:10:40.899+0000] {processor.py:183} INFO - Processing /opt/airflow/dags/dag_pipeline_complet.py took 0.873 seconds
[2026-04-25T20:11:11.926+0000] {processor.py:161} INFO - Started process (PID=4249) to work on /opt/airflow/dags/dag_pipeline_complet.py
[2026-04-25T20:11:11.940+0000] {processor.py:830} INFO - Processing file /opt/airflow/dags/dag_pipeline_complet.py for tasks to queue
[2026-04-25T20:11:11.943+0000] {logging_mixin.py:188} INFO - [2026-04-25T20:11:11.942+0000] {dagbag.py:545} INFO - Filling up the DagBag from /opt/airflow/dags/dag_pipeline_complet.py
[2026-04-25T20:11:12.171+0000] {processor.py:840} INFO - DAG(s) 'pipeline_job_intelligent_kafka' retrieved from /opt/airflow/dags/dag_pipeline_complet.py
[2026-04-25T20:11:12.590+0000] {logging_mixin.py:188} INFO - [2026-04-25T20:11:12.585+0000] {dag.py:3096} INFO - Sync 1 DAGs
[2026-04-25T20:11:12.733+0000] {logging_mixin.py:188} INFO - [2026-04-25T20:11:12.732+0000] {dag.py:3954} INFO - Setting next_dagrun for pipeline_job_intelligent_kafka to 2026-04-24 06:00:00+00:00, run_after=2026-04-25 06:00:00+00:00
[2026-04-25T20:11:13.013+0000] {processor.py:183} INFO - Processing /opt/airflow/dags/dag_pipeline_complet.py took 1.172 seconds
[2026-04-25T20:11:43.882+0000] {processor.py:161} INFO - Started process (PID=4258) to work on /opt/airflow/dags/dag_pipeline_complet.py
[2026-04-25T20:11:43.889+0000] {processor.py:830} INFO - Processing file /opt/airflow/dags/dag_pipeline_complet.py for tasks to queue
[2026-04-25T20:11:43.912+0000] {logging_mixin.py:188} INFO - [2026-04-25T20:11:43.898+0000] {dagbag.py:545} INFO - Filling up the DagBag from /opt/airflow/dags/dag_pipeline_complet.py
[2026-04-25T20:11:44.105+0000] {processor.py:840} INFO - DAG(s) 'pipeline_job_intelligent_kafka' retrieved from /opt/airflow/dags/dag_pipeline_complet.py
[2026-04-25T20:11:44.386+0000] {logging_mixin.py:188} INFO - [2026-04-25T20:11:44.386+0000] {dag.py:3096} INFO - Sync 1 DAGs
[2026-04-25T20:11:44.563+0000] {logging_mixin.py:188} INFO - [2026-04-25T20:11:44.562+0000] {dag.py:3954} INFO - Setting next_dagrun for pipeline_job_intelligent_kafka to 2026-04-24 06:00:00+00:00, run_after=2026-04-25 06:00:00+00:00
[2026-04-25T20:11:44.675+0000] {processor.py:183} INFO - Processing /opt/airflow/dags/dag_pipeline_complet.py took 0.819 seconds
[2026-04-25T20:12:15.559+0000] {processor.py:161} INFO - Started process (PID=4272) to work on /opt/airflow/dags/dag_pipeline_complet.py
[2026-04-25T20:12:15.598+0000] {processor.py:830} INFO - Processing file /opt/airflow/dags/dag_pipeline_complet.py for tasks to queue
[2026-04-25T20:12:15.601+0000] {logging_mixin.py:188} INFO - [2026-04-25T20:12:15.600+0000] {dagbag.py:545} INFO - Filling up the DagBag from /opt/airflow/dags/dag_pipeline_complet.py
[2026-04-25T20:12:15.701+0000] {processor.py:840} INFO - DAG(s) 'pipeline_job_intelligent_kafka' retrieved from /opt/airflow/dags/dag_pipeline_complet.py
[2026-04-25T20:12:15.881+0000] {logging_mixin.py:188} INFO - [2026-04-25T20:12:15.880+0000] {dag.py:3096} INFO - Sync 1 DAGs
[2026-04-25T20:12:15.983+0000] {logging_mixin.py:188} INFO - [2026-04-25T20:12:15.983+0000] {dag.py:3954} INFO - Setting next_dagrun for pipeline_job_intelligent_kafka to 2026-04-24 06:00:00+00:00, run_after=2026-04-25 06:00:00+00:00
[2026-04-25T20:12:16.054+0000] {processor.py:183} INFO - Processing /opt/airflow/dags/dag_pipeline_complet.py took 0.660 seconds
[2026-04-25T20:12:46.671+0000] {processor.py:161} INFO - Started process (PID=4286) to work on /opt/airflow/dags/dag_pipeline_complet.py
[2026-04-25T20:12:46.673+0000] {processor.py:830} INFO - Processing file /opt/airflow/dags/dag_pipeline_complet.py for tasks to queue
[2026-04-25T20:12:46.677+0000] {logging_mixin.py:188} INFO - [2026-04-25T20:12:46.676+0000] {dagbag.py:545} INFO - Filling up the DagBag from /opt/airflow/dags/dag_pipeline_complet.py
[2026-04-25T20:12:46.797+0000] {processor.py:840} INFO - DAG(s) 'pipeline_job_intelligent_kafka' retrieved from /opt/airflow/dags/dag_pipeline_complet.py
[2026-04-25T20:12:46.920+0000] {logging_mixin.py:188} INFO - [2026-04-25T20:12:46.920+0000] {dag.py:3096} INFO - Sync 1 DAGs
[2026-04-25T20:12:47.048+0000] {logging_mixin.py:188} INFO - [2026-04-25T20:12:47.048+0000] {dag.py:3954} INFO - Setting next_dagrun for pipeline_job_intelligent_kafka to 2026-04-24 06:00:00+00:00, run_after=2026-04-25 06:00:00+00:00
[2026-04-25T20:12:47.153+0000] {processor.py:183} INFO - Processing /opt/airflow/dags/dag_pipeline_complet.py took 0.503 seconds
[2026-04-25T20:13:17.649+0000] {processor.py:161} INFO - Started process (PID=4294) to work on /opt/airflow/dags/dag_pipeline_complet.py
[2026-04-25T20:13:17.651+0000] {processor.py:830} INFO - Processing file /opt/airflow/dags/dag_pipeline_complet.py for tasks to queue
[2026-04-25T20:13:17.655+0000] {logging_mixin.py:188} INFO - [2026-04-25T20:13:17.654+0000] {dagbag.py:545} INFO - Filling up the DagBag from /opt/airflow/dags/dag_pipeline_complet.py
[2026-04-25T20:13:17.727+0000] {processor.py:840} INFO - DAG(s) 'pipeline_job_intelligent_kafka' retrieved from /opt/airflow/dags/dag_pipeline_complet.py
[2026-04-25T20:13:17.877+0000] {logging_mixin.py:188} INFO - [2026-04-25T20:13:17.877+0000] {dag.py:3096} INFO - Sync 1 DAGs
[2026-04-25T20:13:18.023+0000] {logging_mixin.py:188} INFO - [2026-04-25T20:13:18.022+0000] {dag.py:3954} INFO - Setting next_dagrun for pipeline_job_intelligent_kafka to 2026-04-24 06:00:00+00:00, run_after=2026-04-25 06:00:00+00:00
[2026-04-25T20:13:18.198+0000] {processor.py:183} INFO - Processing /opt/airflow/dags/dag_pipeline_complet.py took 0.569 seconds
[2026-04-25T20:13:48.490+0000] {processor.py:161} INFO - Started process (PID=4307) to work on /opt/airflow/dags/dag_pipeline_complet.py
[2026-04-25T20:13:48.492+0000] {processor.py:830} INFO - Processing file /opt/airflow/dags/dag_pipeline_complet.py for tasks to queue
[2026-04-25T20:13:48.497+0000] {logging_mixin.py:188} INFO - [2026-04-25T20:13:48.496+0000] {dagbag.py:545} INFO - Filling up the DagBag from /opt/airflow/dags/dag_pipeline_complet.py
[2026-04-25T20:13:48.549+0000] {processor.py:840} INFO - DAG(s) 'pipeline_job_intelligent_kafka' retrieved from /opt/airflow/dags/dag_pipeline_complet.py
[2026-04-25T20:13:48.705+0000] {logging_mixin.py:188} INFO - [2026-04-25T20:13:48.702+0000] {dag.py:3096} INFO - Sync 1 DAGs
[2026-04-25T20:13:48.809+0000] {logging_mixin.py:188} INFO - [2026-04-25T20:13:48.808+0000] {dag.py:3954} INFO - Setting next_dagrun for pipeline_job_intelligent_kafka to 2026-04-24 06:00:00+00:00, run_after=2026-04-25 06:00:00+00:00
[2026-04-25T20:13:48.891+0000] {processor.py:183} INFO - Processing /opt/airflow/dags/dag_pipeline_complet.py took 0.423 seconds
[2026-04-25T20:14:19.439+0000] {processor.py:161} INFO - Started process (PID=4315) to work on /opt/airflow/dags/dag_pipeline_complet.py
[2026-04-25T20:14:19.442+0000] {processor.py:830} INFO - Processing file /opt/airflow/dags/dag_pipeline_complet.py for tasks to queue
[2026-04-25T20:14:19.445+0000] {logging_mixin.py:188} INFO - [2026-04-25T20:14:19.444+0000] {dagbag.py:545} INFO - Filling up the DagBag from /opt/airflow/dags/dag_pipeline_complet.py
[2026-04-25T20:14:19.501+0000] {processor.py:840} INFO - DAG(s) 'pipeline_job_intelligent_kafka' retrieved from /opt/airflow/dags/dag_pipeline_complet.py
[2026-04-25T20:14:19.575+0000] {logging_mixin.py:188} INFO - [2026-04-25T20:14:19.575+0000] {dag.py:3096} INFO - Sync 1 DAGs
[2026-04-25T20:14:19.616+0000] {logging_mixin.py:188} INFO - [2026-04-25T20:14:19.615+0000] {dag.py:3954} INFO - Setting next_dagrun for pipeline_job_intelligent_kafka to 2026-04-24 06:00:00+00:00, run_after=2026-04-25 06:00:00+00:00
[2026-04-25T20:14:19.652+0000] {processor.py:183} INFO - Processing /opt/airflow/dags/dag_pipeline_complet.py took 0.231 seconds
[2026-04-25T20:14:50.487+0000] {processor.py:161} INFO - Started process (PID=4330) to work on /opt/airflow/dags/dag_pipeline_complet.py
[2026-04-25T20:14:50.490+0000] {processor.py:830} INFO - Processing file /opt/airflow/dags/dag_pipeline_complet.py for tasks to queue
[2026-04-25T20:14:50.494+0000] {logging_mixin.py:188} INFO - [2026-04-25T20:14:50.493+0000] {dagbag.py:545} INFO - Filling up the DagBag from /opt/airflow/dags/dag_pipeline_complet.py
[2026-04-25T20:14:50.633+0000] {processor.py:840} INFO - DAG(s) 'pipeline_job_intelligent_kafka' retrieved from /opt/airflow/dags/dag_pipeline_complet.py
[2026-04-25T20:14:50.753+0000] {logging_mixin.py:188} INFO - [2026-04-25T20:14:50.752+0000] {dag.py:3096} INFO - Sync 1 DAGs
[2026-04-25T20:14:50.834+0000] {logging_mixin.py:188} INFO - [2026-04-25T20:14:50.834+0000] {dag.py:3954} INFO - Setting next_dagrun for pipeline_job_intelligent_kafka to 2026-04-24 06:00:00+00:00, run_after=2026-04-25 06:00:00+00:00
[2026-04-25T20:14:50.889+0000] {processor.py:183} INFO - Processing /opt/airflow/dags/dag_pipeline_complet.py took 0.416 seconds
[2026-04-25T20:15:21.039+0000] {processor.py:161} INFO - Started process (PID=4339) to work on /opt/airflow/dags/dag_pipeline_complet.py
[2026-04-25T20:15:21.042+0000] {processor.py:830} INFO - Processing file /opt/airflow/dags/dag_pipeline_complet.py for tasks to queue
[2026-04-25T20:15:21.044+0000] {logging_mixin.py:188} INFO - [2026-04-25T20:15:21.043+0000] {dagbag.py:545} INFO - Filling up the DagBag from /opt/airflow/dags/dag_pipeline_complet.py
[2026-04-25T20:15:21.217+0000] {processor.py:840} INFO - DAG(s) 'pipeline_job_intelligent_kafka' retrieved from /opt/airflow/dags/dag_pipeline_complet.py
[2026-04-25T20:15:21.434+0000] {logging_mixin.py:188} INFO - [2026-04-25T20:15:21.434+0000] {dag.py:3096} INFO - Sync 1 DAGs
[2026-04-25T20:15:21.621+0000] {logging_mixin.py:188} INFO - [2026-04-25T20:15:21.621+0000] {dag.py:3954} INFO - Setting next_dagrun for pipeline_job_intelligent_kafka to 2026-04-24 06:00:00+00:00, run_after=2026-04-25 06:00:00+00:00
[2026-04-25T20:15:21.700+0000] {processor.py:183} INFO - Processing /opt/airflow/dags/dag_pipeline_complet.py took 0.692 seconds
[2026-04-25T20:15:52.338+0000] {processor.py:161} INFO - Started process (PID=4353) to work on /opt/airflow/dags/dag_pipeline_complet.py
[2026-04-25T20:15:52.340+0000] {processor.py:830} INFO - Processing file /opt/airflow/dags/dag_pipeline_complet.py for tasks to queue
[2026-04-25T20:15:52.360+0000] {logging_mixin.py:188} INFO - [2026-04-25T20:15:52.359+0000] {dagbag.py:545} INFO - Filling up the DagBag from /opt/airflow/dags/dag_pipeline_complet.py
[2026-04-25T20:15:52.550+0000] {processor.py:840} INFO - DAG(s) 'pipeline_job_intelligent_kafka' retrieved from /opt/airflow/dags/dag_pipeline_complet.py
[2026-04-25T20:15:52.878+0000] {logging_mixin.py:188} INFO - [2026-04-25T20:15:52.875+0000] {dag.py:3096} INFO - Sync 1 DAGs
[2026-04-25T20:15:53.156+0000] {logging_mixin.py:188} INFO - [2026-04-25T20:15:53.156+0000] {dag.py:3954} INFO - Setting next_dagrun for pipeline_job_intelligent_kafka to 2026-04-24 06:00:00+00:00, run_after=2026-04-25 06:00:00+00:00
[2026-04-25T20:15:53.376+0000] {processor.py:183} INFO - Processing /opt/airflow/dags/dag_pipeline_complet.py took 1.112 seconds
[2026-04-25T20:16:23.581+0000] {processor.py:161} INFO - Started process (PID=4361) to work on /opt/airflow/dags/dag_pipeline_complet.py
[2026-04-25T20:16:23.583+0000] {processor.py:830} INFO - Processing file /opt/airflow/dags/dag_pipeline_complet.py for tasks to queue
[2026-04-25T20:16:23.585+0000] {logging_mixin.py:188} INFO - [2026-04-25T20:16:23.585+0000] {dagbag.py:545} INFO - Filling up the DagBag from /opt/airflow/dags/dag_pipeline_complet.py
[2026-04-25T20:16:23.721+0000] {processor.py:840} INFO - DAG(s) 'pipeline_job_intelligent_kafka' retrieved from /opt/airflow/dags/dag_pipeline_complet.py
[2026-04-25T20:16:23.911+0000] {logging_mixin.py:188} INFO - [2026-04-25T20:16:23.910+0000] {dag.py:3096} INFO - Sync 1 DAGs
[2026-04-25T20:16:23.989+0000] {logging_mixin.py:188} INFO - [2026-04-25T20:16:23.988+0000] {dag.py:3954} INFO - Setting next_dagrun for pipeline_job_intelligent_kafka to 2026-04-24 06:00:00+00:00, run_after=2026-04-25 06:00:00+00:00
[2026-04-25T20:16:24.139+0000] {processor.py:183} INFO - Processing /opt/airflow/dags/dag_pipeline_complet.py took 0.581 seconds
[2026-04-25T20:16:54.738+0000] {processor.py:161} INFO - Started process (PID=4375) to work on /opt/airflow/dags/dag_pipeline_complet.py
[2026-04-25T20:16:54.740+0000] {processor.py:830} INFO - Processing file /opt/airflow/dags/dag_pipeline_complet.py for tasks to queue
[2026-04-25T20:16:54.742+0000] {logging_mixin.py:188} INFO - [2026-04-25T20:16:54.741+0000] {dagbag.py:545} INFO - Filling up the DagBag from /opt/airflow/dags/dag_pipeline_complet.py
[2026-04-25T20:16:54.824+0000] {processor.py:840} INFO - DAG(s) 'pipeline_job_intelligent_kafka' retrieved from /opt/airflow/dags/dag_pipeline_complet.py
[2026-04-25T20:16:54.906+0000] {logging_mixin.py:188} INFO - [2026-04-25T20:16:54.905+0000] {dag.py:3096} INFO - Sync 1 DAGs
[2026-04-25T20:16:54.957+0000] {logging_mixin.py:188} INFO - [2026-04-25T20:16:54.957+0000] {dag.py:3954} INFO - Setting next_dagrun for pipeline_job_intelligent_kafka to 2026-04-24 06:00:00+00:00, run_after=2026-04-25 06:00:00+00:00
[2026-04-25T20:16:54.999+0000] {processor.py:183} INFO - Processing /opt/airflow/dags/dag_pipeline_complet.py took 0.275 seconds
[2026-04-25T20:17:25.613+0000] {processor.py:161} INFO - Started process (PID=4383) to work on /opt/airflow/dags/dag_pipeline_complet.py
[2026-04-25T20:17:25.614+0000] {processor.py:830} INFO - Processing file /opt/airflow/dags/dag_pipeline_complet.py for tasks to queue
[2026-04-25T20:17:25.616+0000] {logging_mixin.py:188} INFO - [2026-04-25T20:17:25.616+0000] {dagbag.py:545} INFO - Filling up the DagBag from /opt/airflow/dags/dag_pipeline_complet.py
[2026-04-25T20:17:25.657+0000] {processor.py:840} INFO - DAG(s) 'pipeline_job_intelligent_kafka' retrieved from /opt/airflow/dags/dag_pipeline_complet.py
[2026-04-25T20:17:25.748+0000] {logging_mixin.py:188} INFO - [2026-04-25T20:17:25.747+0000] {dag.py:3096} INFO - Sync 1 DAGs
[2026-04-25T20:17:25.819+0000] {logging_mixin.py:188} INFO - [2026-04-25T20:17:25.819+0000] {dag.py:3954} INFO - Setting next_dagrun for pipeline_job_intelligent_kafka to 2026-04-24 06:00:00+00:00, run_after=2026-04-25 06:00:00+00:00
[2026-04-25T20:17:25.880+0000] {processor.py:183} INFO - Processing /opt/airflow/dags/dag_pipeline_complet.py took 0.280 seconds
[2026-04-25T20:17:56.329+0000] {processor.py:161} INFO - Started process (PID=4397) to work on /opt/airflow/dags/dag_pipeline_complet.py
[2026-04-25T20:17:56.335+0000] {processor.py:830} INFO - Processing file /opt/airflow/dags/dag_pipeline_complet.py for tasks to queue
[2026-04-25T20:17:56.338+0000] {logging_mixin.py:188} INFO - [2026-04-25T20:17:56.336+0000] {dagbag.py:545} INFO - Filling up the DagBag from /opt/airflow/dags/dag_pipeline_complet.py
[2026-04-25T20:17:56.575+0000] {processor.py:840} INFO - DAG(s) 'pipeline_job_intelligent_kafka' retrieved from /opt/airflow/dags/dag_pipeline_complet.py
[2026-04-25T20:17:57.373+0000] {logging_mixin.py:188} INFO - [2026-04-25T20:17:57.373+0000] {dag.py:3096} INFO - Sync 1 DAGs
[2026-04-25T20:17:57.801+0000] {logging_mixin.py:188} INFO - [2026-04-25T20:17:57.800+0000] {dag.py:3954} INFO - Setting next_dagrun for pipeline_job_intelligent_kafka to 2026-04-24 06:00:00+00:00, run_after=2026-04-25 06:00:00+00:00
[2026-04-25T20:17:58.308+0000] {processor.py:183} INFO - Processing /opt/airflow/dags/dag_pipeline_complet.py took 2.040 seconds
[2026-04-25T20:18:28.743+0000] {processor.py:161} INFO - Started process (PID=4405) to work on /opt/airflow/dags/dag_pipeline_complet.py
[2026-04-25T20:18:28.841+0000] {processor.py:830} INFO - Processing file /opt/airflow/dags/dag_pipeline_complet.py for tasks to queue
[2026-04-25T20:18:28.856+0000] {logging_mixin.py:188} INFO - [2026-04-25T20:18:28.855+0000] {dagbag.py:545} INFO - Filling up the DagBag from /opt/airflow/dags/dag_pipeline_complet.py
[2026-04-25T20:18:29.064+0000] {processor.py:840} INFO - DAG(s) 'pipeline_job_intelligent_kafka' retrieved from /opt/airflow/dags/dag_pipeline_complet.py
[2026-04-25T20:18:29.475+0000] {logging_mixin.py:188} INFO - [2026-04-25T20:18:29.475+0000] {dag.py:3096} INFO - Sync 1 DAGs
[2026-04-25T20:18:29.762+0000] {logging_mixin.py:188} INFO - [2026-04-25T20:18:29.762+0000] {dag.py:3954} INFO - Setting next_dagrun for pipeline_job_intelligent_kafka to 2026-04-24 06:00:00+00:00, run_after=2026-04-25 06:00:00+00:00
[2026-04-25T20:18:29.933+0000] {processor.py:183} INFO - Processing /opt/airflow/dags/dag_pipeline_complet.py took 1.347 seconds
[2026-04-25T20:19:00.872+0000] {processor.py:161} INFO - Started process (PID=4418) to work on /opt/airflow/dags/dag_pipeline_complet.py
[2026-04-25T20:19:00.887+0000] {processor.py:830} INFO - Processing file /opt/airflow/dags/dag_pipeline_complet.py for tasks to queue
[2026-04-25T20:19:00.897+0000] {logging_mixin.py:188} INFO - [2026-04-25T20:19:00.896+0000] {dagbag.py:545} INFO - Filling up the DagBag from /opt/airflow/dags/dag_pipeline_complet.py
[2026-04-25T20:19:00.978+0000] {processor.py:840} INFO - DAG(s) 'pipeline_job_intelligent_kafka' retrieved from /opt/airflow/dags/dag_pipeline_complet.py
[2026-04-25T20:19:01.349+0000] {logging_mixin.py:188} INFO - [2026-04-25T20:19:01.348+0000] {dag.py:3096} INFO - Sync 1 DAGs
[2026-04-25T20:19:01.519+0000] {logging_mixin.py:188} INFO - [2026-04-25T20:19:01.518+0000] {dag.py:3954} INFO - Setting next_dagrun for pipeline_job_intelligent_kafka to 2026-04-24 06:00:00+00:00, run_after=2026-04-25 06:00:00+00:00
[2026-04-25T20:19:01.648+0000] {processor.py:183} INFO - Processing /opt/airflow/dags/dag_pipeline_complet.py took 0.814 seconds
[2026-04-25T20:19:32.600+0000] {processor.py:161} INFO - Started process (PID=4431) to work on /opt/airflow/dags/dag_pipeline_complet.py
[2026-04-25T20:19:32.602+0000] {processor.py:830} INFO - Processing file /opt/airflow/dags/dag_pipeline_complet.py for tasks to queue
[2026-04-25T20:19:32.605+0000] {logging_mixin.py:188} INFO - [2026-04-25T20:19:32.604+0000] {dagbag.py:545} INFO - Filling up the DagBag from /opt/airflow/dags/dag_pipeline_complet.py
[2026-04-25T20:19:32.644+0000] {processor.py:840} INFO - DAG(s) 'pipeline_job_intelligent_kafka' retrieved from /opt/airflow/dags/dag_pipeline_complet.py
[2026-04-25T20:19:32.727+0000] {logging_mixin.py:188} INFO - [2026-04-25T20:19:32.727+0000] {dag.py:3096} INFO - Sync 1 DAGs
[2026-04-25T20:19:32.797+0000] {logging_mixin.py:188} INFO - [2026-04-25T20:19:32.796+0000] {dag.py:3954} INFO - Setting next_dagrun for pipeline_job_intelligent_kafka to 2026-04-24 06:00:00+00:00, run_after=2026-04-25 06:00:00+00:00
[2026-04-25T20:19:32.881+0000] {processor.py:183} INFO - Processing /opt/airflow/dags/dag_pipeline_complet.py took 0.306 seconds
[2026-04-25T20:20:03.470+0000] {processor.py:161} INFO - Started process (PID=4439) to work on /opt/airflow/dags/dag_pipeline_complet.py
[2026-04-25T20:20:03.476+0000] {processor.py:830} INFO - Processing file /opt/airflow/dags/dag_pipeline_complet.py for tasks to queue
[2026-04-25T20:20:03.479+0000] {logging_mixin.py:188} INFO - [2026-04-25T20:20:03.478+0000] {dagbag.py:545} INFO - Filling up the DagBag from /opt/airflow/dags/dag_pipeline_complet.py
[2026-04-25T20:20:03.548+0000] {processor.py:840} INFO - DAG(s) 'pipeline_job_intelligent_kafka' retrieved from /opt/airflow/dags/dag_pipeline_complet.py
[2026-04-25T20:20:03.651+0000] {logging_mixin.py:188} INFO - [2026-04-25T20:20:03.650+0000] {dag.py:3096} INFO - Sync 1 DAGs
[2026-04-25T20:20:03.719+0000] {logging_mixin.py:188} INFO - [2026-04-25T20:20:03.718+0000] {dag.py:3954} INFO - Setting next_dagrun for pipeline_job_intelligent_kafka to 2026-04-24 06:00:00+00:00, run_after=2026-04-25 06:00:00+00:00
[2026-04-25T20:20:03.766+0000] {processor.py:183} INFO - Processing /opt/airflow/dags/dag_pipeline_complet.py took 0.315 seconds
[2026-04-25T20:20:34.191+0000] {processor.py:161} INFO - Started process (PID=4453) to work on /opt/airflow/dags/dag_pipeline_complet.py
[2026-04-25T20:20:34.203+0000] {processor.py:830} INFO - Processing file /opt/airflow/dags/dag_pipeline_complet.py for tasks to queue
[2026-04-25T20:20:34.206+0000] {logging_mixin.py:188} INFO - [2026-04-25T20:20:34.205+0000] {dagbag.py:545} INFO - Filling up the DagBag from /opt/airflow/dags/dag_pipeline_complet.py
[2026-04-25T20:20:34.282+0000] {processor.py:840} INFO - DAG(s) 'pipeline_job_intelligent_kafka' retrieved from /opt/airflow/dags/dag_pipeline_complet.py
[2026-04-25T20:20:34.442+0000] {logging_mixin.py:188} INFO - [2026-04-25T20:20:34.441+0000] {dag.py:3096} INFO - Sync 1 DAGs
[2026-04-25T20:20:34.535+0000] {logging_mixin.py:188} INFO - [2026-04-25T20:20:34.535+0000] {dag.py:3954} INFO - Setting next_dagrun for pipeline_job_intelligent_kafka to 2026-04-24 06:00:00+00:00, run_after=2026-04-25 06:00:00+00:00
[2026-04-25T20:20:34.637+0000] {processor.py:183} INFO - Processing /opt/airflow/dags/dag_pipeline_complet.py took 0.479 seconds
[2026-04-25T20:21:05.451+0000] {processor.py:161} INFO - Started process (PID=4461) to work on /opt/airflow/dags/dag_pipeline_complet.py
[2026-04-25T20:21:05.453+0000] {processor.py:830} INFO - Processing file /opt/airflow/dags/dag_pipeline_complet.py for tasks to queue
[2026-04-25T20:21:05.455+0000] {logging_mixin.py:188} INFO - [2026-04-25T20:21:05.454+0000] {dagbag.py:545} INFO - Filling up the DagBag from /opt/airflow/dags/dag_pipeline_complet.py
[2026-04-25T20:21:05.495+0000] {processor.py:840} INFO - DAG(s) 'pipeline_job_intelligent_kafka' retrieved from /opt/airflow/dags/dag_pipeline_complet.py
[2026-04-25T20:21:05.583+0000] {logging_mixin.py:188} INFO - [2026-04-25T20:21:05.582+0000] {dag.py:3096} INFO - Sync 1 DAGs
[2026-04-25T20:21:05.634+0000] {logging_mixin.py:188} INFO - [2026-04-25T20:21:05.633+0000] {dag.py:3954} INFO - Setting next_dagrun for pipeline_job_intelligent_kafka to 2026-04-24 06:00:00+00:00, run_after=2026-04-25 06:00:00+00:00
[2026-04-25T20:21:05.677+0000] {processor.py:183} INFO - Processing /opt/airflow/dags/dag_pipeline_complet.py took 0.239 seconds
[2026-04-25T20:21:35.895+0000] {processor.py:161} INFO - Started process (PID=4475) to work on /opt/airflow/dags/dag_pipeline_complet.py
[2026-04-25T20:21:35.897+0000] {processor.py:830} INFO - Processing file /opt/airflow/dags/dag_pipeline_complet.py for tasks to queue
[2026-04-25T20:21:35.900+0000] {logging_mixin.py:188} INFO - [2026-04-25T20:21:35.899+0000] {dagbag.py:545} INFO - Filling up the DagBag from /opt/airflow/dags/dag_pipeline_complet.py
[2026-04-25T20:21:36.032+0000] {processor.py:840} INFO - DAG(s) 'pipeline_job_intelligent_kafka' retrieved from /opt/airflow/dags/dag_pipeline_complet.py
[2026-04-25T20:21:36.254+0000] {logging_mixin.py:188} INFO - [2026-04-25T20:21:36.254+0000] {dag.py:3096} INFO - Sync 1 DAGs
[2026-04-25T20:21:36.390+0000] {logging_mixin.py:188} INFO - [2026-04-25T20:21:36.388+0000] {dag.py:3954} INFO - Setting next_dagrun for pipeline_job_intelligent_kafka to 2026-04-24 06:00:00+00:00, run_after=2026-04-25 06:00:00+00:00
[2026-04-25T20:21:36.477+0000] {processor.py:183} INFO - Processing /opt/airflow/dags/dag_pipeline_complet.py took 0.598 seconds
[2026-04-25T20:22:07.238+0000] {processor.py:161} INFO - Started process (PID=4483) to work on /opt/airflow/dags/dag_pipeline_complet.py
[2026-04-25T20:22:07.240+0000] {processor.py:830} INFO - Processing file /opt/airflow/dags/dag_pipeline_complet.py for tasks to queue
[2026-04-25T20:22:07.243+0000] {logging_mixin.py:188} INFO - [2026-04-25T20:22:07.242+0000] {dagbag.py:545} INFO - Filling up the DagBag from /opt/airflow/dags/dag_pipeline_complet.py
[2026-04-25T20:22:07.302+0000] {processor.py:840} INFO - DAG(s) 'pipeline_job_intelligent_kafka' retrieved from /opt/airflow/dags/dag_pipeline_complet.py
[2026-04-25T20:22:07.466+0000] {logging_mixin.py:188} INFO - [2026-04-25T20:22:07.465+0000] {dag.py:3096} INFO - Sync 1 DAGs
[2026-04-25T20:22:07.510+0000] {logging_mixin.py:188} INFO - [2026-04-25T20:22:07.510+0000] {dag.py:3954} INFO - Setting next_dagrun for pipeline_job_intelligent_kafka to 2026-04-24 06:00:00+00:00, run_after=2026-04-25 06:00:00+00:00
[2026-04-25T20:22:07.569+0000] {processor.py:183} INFO - Processing /opt/airflow/dags/dag_pipeline_complet.py took 0.341 seconds
[2026-04-25T20:22:38.028+0000] {processor.py:161} INFO - Started process (PID=4498) to work on /opt/airflow/dags/dag_pipeline_complet.py
[2026-04-25T20:22:38.030+0000] {processor.py:830} INFO - Processing file /opt/airflow/dags/dag_pipeline_complet.py for tasks to queue
[2026-04-25T20:22:38.032+0000] {logging_mixin.py:188} INFO - [2026-04-25T20:22:38.031+0000] {dagbag.py:545} INFO - Filling up the DagBag from /opt/airflow/dags/dag_pipeline_complet.py
[2026-04-25T20:22:38.063+0000] {processor.py:840} INFO - DAG(s) 'pipeline_job_intelligent_kafka' retrieved from /opt/airflow/dags/dag_pipeline_complet.py
[2026-04-25T20:22:38.134+0000] {logging_mixin.py:188} INFO - [2026-04-25T20:22:38.134+0000] {dag.py:3096} INFO - Sync 1 DAGs
[2026-04-25T20:22:38.218+0000] {logging_mixin.py:188} INFO - [2026-04-25T20:22:38.216+0000] {dag.py:3954} INFO - Setting next_dagrun for pipeline_job_intelligent_kafka to 2026-04-24 06:00:00+00:00, run_after=2026-04-25 06:00:00+00:00
[2026-04-25T20:22:38.284+0000] {processor.py:183} INFO - Processing /opt/airflow/dags/dag_pipeline_complet.py took 0.266 seconds
[2026-04-25T20:23:08.517+0000] {processor.py:161} INFO - Started process (PID=4506) to work on /opt/airflow/dags/dag_pipeline_complet.py
[2026-04-25T20:23:08.519+0000] {processor.py:830} INFO - Processing file /opt/airflow/dags/dag_pipeline_complet.py for tasks to queue
[2026-04-25T20:23:08.521+0000] {logging_mixin.py:188} INFO - [2026-04-25T20:23:08.520+0000] {dagbag.py:545} INFO - Filling up the DagBag from /opt/airflow/dags/dag_pipeline_complet.py
[2026-04-25T20:23:08.553+0000] {processor.py:840} INFO - DAG(s) 'pipeline_job_intelligent_kafka' retrieved from /opt/airflow/dags/dag_pipeline_complet.py
[2026-04-25T20:23:08.621+0000] {logging_mixin.py:188} INFO - [2026-04-25T20:23:08.621+0000] {dag.py:3096} INFO - Sync 1 DAGs
[2026-04-25T20:23:08.671+0000] {logging_mixin.py:188} INFO - [2026-04-25T20:23:08.670+0000] {dag.py:3954} INFO - Setting next_dagrun for pipeline_job_intelligent_kafka to 2026-04-24 06:00:00+00:00, run_after=2026-04-25 06:00:00+00:00
[2026-04-25T20:23:08.707+0000] {processor.py:183} INFO - Processing /opt/airflow/dags/dag_pipeline_complet.py took 0.202 seconds
[2026-04-25T20:23:39.180+0000] {processor.py:161} INFO - Started process (PID=4520) to work on /opt/airflow/dags/dag_pipeline_complet.py
[2026-04-25T20:23:39.181+0000] {processor.py:830} INFO - Processing file /opt/airflow/dags/dag_pipeline_complet.py for tasks to queue
[2026-04-25T20:23:39.183+0000] {logging_mixin.py:188} INFO - [2026-04-25T20:23:39.182+0000] {dagbag.py:545} INFO - Filling up the DagBag from /opt/airflow/dags/dag_pipeline_complet.py
[2026-04-25T20:23:39.211+0000] {processor.py:840} INFO - DAG(s) 'pipeline_job_intelligent_kafka' retrieved from /opt/airflow/dags/dag_pipeline_complet.py
[2026-04-25T20:23:39.263+0000] {logging_mixin.py:188} INFO - [2026-04-25T20:23:39.263+0000] {dag.py:3096} INFO - Sync 1 DAGs
[2026-04-25T20:23:39.307+0000] {logging_mixin.py:188} INFO - [2026-04-25T20:23:39.307+0000] {dag.py:3954} INFO - Setting next_dagrun for pipeline_job_intelligent_kafka to 2026-04-24 06:00:00+00:00, run_after=2026-04-25 06:00:00+00:00
[2026-04-25T20:23:39.343+0000] {processor.py:183} INFO - Processing /opt/airflow/dags/dag_pipeline_complet.py took 0.172 seconds
[2026-04-25T20:24:09.574+0000] {processor.py:161} INFO - Started process (PID=4528) to work on /opt/airflow/dags/dag_pipeline_complet.py
[2026-04-25T20:24:09.576+0000] {processor.py:830} INFO - Processing file /opt/airflow/dags/dag_pipeline_complet.py for tasks to queue
[2026-04-25T20:24:09.579+0000] {logging_mixin.py:188} INFO - [2026-04-25T20:24:09.578+0000] {dagbag.py:545} INFO - Filling up the DagBag from /opt/airflow/dags/dag_pipeline_complet.py
[2026-04-25T20:24:09.624+0000] {processor.py:840} INFO - DAG(s) 'pipeline_job_intelligent_kafka' retrieved from /opt/airflow/dags/dag_pipeline_complet.py
[2026-04-25T20:24:09.701+0000] {logging_mixin.py:188} INFO - [2026-04-25T20:24:09.700+0000] {dag.py:3096} INFO - Sync 1 DAGs
[2026-04-25T20:24:09.752+0000] {logging_mixin.py:188} INFO - [2026-04-25T20:24:09.752+0000] {dag.py:3954} INFO - Setting next_dagrun for pipeline_job_intelligent_kafka to 2026-04-24 06:00:00+00:00, run_after=2026-04-25 06:00:00+00:00
[2026-04-25T20:24:09.799+0000] {processor.py:183} INFO - Processing /opt/airflow/dags/dag_pipeline_complet.py took 0.238 seconds
[2026-04-25T20:24:40.746+0000] {processor.py:161} INFO - Started process (PID=4541) to work on /opt/airflow/dags/dag_pipeline_complet.py
[2026-04-25T20:24:40.750+0000] {processor.py:830} INFO - Processing file /opt/airflow/dags/dag_pipeline_complet.py for tasks to queue
[2026-04-25T20:24:40.752+0000] {logging_mixin.py:188} INFO - [2026-04-25T20:24:40.751+0000] {dagbag.py:545} INFO - Filling up the DagBag from /opt/airflow/dags/dag_pipeline_complet.py
[2026-04-25T20:24:40.851+0000] {processor.py:840} INFO - DAG(s) 'pipeline_job_intelligent_kafka' retrieved from /opt/airflow/dags/dag_pipeline_complet.py
[2026-04-25T20:24:41.067+0000] {logging_mixin.py:188} INFO - [2026-04-25T20:24:41.066+0000] {dag.py:3096} INFO - Sync 1 DAGs
[2026-04-25T20:24:41.151+0000] {logging_mixin.py:188} INFO - [2026-04-25T20:24:41.151+0000] {dag.py:3954} INFO - Setting next_dagrun for pipeline_job_intelligent_kafka to 2026-04-24 06:00:00+00:00, run_after=2026-04-25 06:00:00+00:00
[2026-04-25T20:24:41.208+0000] {processor.py:183} INFO - Processing /opt/airflow/dags/dag_pipeline_complet.py took 0.501 seconds
[2026-04-25T20:25:12.174+0000] {processor.py:161} INFO - Started process (PID=4548) to work on /opt/airflow/dags/dag_pipeline_complet.py
[2026-04-25T20:25:12.176+0000] {processor.py:830} INFO - Processing file /opt/airflow/dags/dag_pipeline_complet.py for tasks to queue
[2026-04-25T20:25:12.178+0000] {logging_mixin.py:188} INFO - [2026-04-25T20:25:12.177+0000] {dagbag.py:545} INFO - Filling up the DagBag from /opt/airflow/dags/dag_pipeline_complet.py
[2026-04-25T20:25:12.226+0000] {processor.py:840} INFO - DAG(s) 'pipeline_job_intelligent_kafka' retrieved from /opt/airflow/dags/dag_pipeline_complet.py
[2026-04-25T20:25:12.311+0000] {logging_mixin.py:188} INFO - [2026-04-25T20:25:12.310+0000] {dag.py:3096} INFO - Sync 1 DAGs
[2026-04-25T20:25:12.391+0000] {logging_mixin.py:188} INFO - [2026-04-25T20:25:12.391+0000] {dag.py:3954} INFO - Setting next_dagrun for pipeline_job_intelligent_kafka to 2026-04-24 06:00:00+00:00, run_after=2026-04-25 06:00:00+00:00
[2026-04-25T20:25:12.460+0000] {processor.py:183} INFO - Processing /opt/airflow/dags/dag_pipeline_complet.py took 0.307 seconds
[2026-04-25T20:25:42.969+0000] {processor.py:161} INFO - Started process (PID=4562) to work on /opt/airflow/dags/dag_pipeline_complet.py
[2026-04-25T20:25:42.971+0000] {processor.py:830} INFO - Processing file /opt/airflow/dags/dag_pipeline_complet.py for tasks to queue
[2026-04-25T20:25:42.973+0000] {logging_mixin.py:188} INFO - [2026-04-25T20:25:42.972+0000] {dagbag.py:545} INFO - Filling up the DagBag from /opt/airflow/dags/dag_pipeline_complet.py
[2026-04-25T20:25:43.017+0000] {processor.py:840} INFO - DAG(s) 'pipeline_job_intelligent_kafka' retrieved from /opt/airflow/dags/dag_pipeline_complet.py
[2026-04-25T20:25:43.112+0000] {logging_mixin.py:188} INFO - [2026-04-25T20:25:43.111+0000] {dag.py:3096} INFO - Sync 1 DAGs
[2026-04-25T20:25:43.172+0000] {logging_mixin.py:188} INFO - [2026-04-25T20:25:43.172+0000] {dag.py:3954} INFO - Setting next_dagrun for pipeline_job_intelligent_kafka to 2026-04-24 06:00:00+00:00, run_after=2026-04-25 06:00:00+00:00
[2026-04-25T20:25:43.219+0000] {processor.py:183} INFO - Processing /opt/airflow/dags/dag_pipeline_complet.py took 0.263 seconds
[2026-04-25T20:26:13.731+0000] {processor.py:161} INFO - Started process (PID=4570) to work on /opt/airflow/dags/dag_pipeline_complet.py
[2026-04-25T20:26:13.733+0000] {processor.py:830} INFO - Processing file /opt/airflow/dags/dag_pipeline_complet.py for tasks to queue
[2026-04-25T20:26:13.735+0000] {logging_mixin.py:188} INFO - [2026-04-25T20:26:13.734+0000] {dagbag.py:545} INFO - Filling up the DagBag from /opt/airflow/dags/dag_pipeline_complet.py
[2026-04-25T20:26:13.816+0000] {processor.py:840} INFO - DAG(s) 'pipeline_job_intelligent_kafka' retrieved from /opt/airflow/dags/dag_pipeline_complet.py
[2026-04-25T20:26:14.031+0000] {logging_mixin.py:188} INFO - [2026-04-25T20:26:14.030+0000] {dag.py:3096} INFO - Sync 1 DAGs
[2026-04-25T20:26:14.170+0000] {logging_mixin.py:188} INFO - [2026-04-25T20:26:14.169+0000] {dag.py:3954} INFO - Setting next_dagrun for pipeline_job_intelligent_kafka to 2026-04-24 06:00:00+00:00, run_after=2026-04-25 06:00:00+00:00
[2026-04-25T20:26:14.380+0000] {processor.py:183} INFO - Processing /opt/airflow/dags/dag_pipeline_complet.py took 0.668 seconds
[2026-04-25T20:26:44.900+0000] {processor.py:161} INFO - Started process (PID=4586) to work on /opt/airflow/dags/dag_pipeline_complet.py
[2026-04-25T20:26:44.902+0000] {processor.py:830} INFO - Processing file /opt/airflow/dags/dag_pipeline_complet.py for tasks to queue
[2026-04-25T20:26:44.905+0000] {logging_mixin.py:188} INFO - [2026-04-25T20:26:44.904+0000] {dagbag.py:545} INFO - Filling up the DagBag from /opt/airflow/dags/dag_pipeline_complet.py
[2026-04-25T20:26:44.938+0000] {processor.py:840} INFO - DAG(s) 'pipeline_job_intelligent_kafka' retrieved from /opt/airflow/dags/dag_pipeline_complet.py
[2026-04-25T20:26:45.006+0000] {logging_mixin.py:188} INFO - [2026-04-25T20:26:45.006+0000] {dag.py:3096} INFO - Sync 1 DAGs
[2026-04-25T20:26:45.042+0000] {logging_mixin.py:188} INFO - [2026-04-25T20:26:45.041+0000] {dag.py:3954} INFO - Setting next_dagrun for pipeline_job_intelligent_kafka to 2026-04-24 06:00:00+00:00, run_after=2026-04-25 06:00:00+00:00
[2026-04-25T20:26:45.076+0000] {processor.py:183} INFO - Processing /opt/airflow/dags/dag_pipeline_complet.py took 0.193 seconds
[2026-04-25T20:27:16.155+0000] {processor.py:161} INFO - Started process (PID=4594) to work on /opt/airflow/dags/dag_pipeline_complet.py
[2026-04-25T20:27:16.179+0000] {processor.py:830} INFO - Processing file /opt/airflow/dags/dag_pipeline_complet.py for tasks to queue
[2026-04-25T20:27:16.182+0000] {logging_mixin.py:188} INFO - [2026-04-25T20:27:16.181+0000] {dagbag.py:545} INFO - Filling up the DagBag from /opt/airflow/dags/dag_pipeline_complet.py
[2026-04-25T20:27:16.308+0000] {processor.py:840} INFO - DAG(s) 'pipeline_job_intelligent_kafka' retrieved from /opt/airflow/dags/dag_pipeline_complet.py
[2026-04-25T20:27:16.573+0000] {logging_mixin.py:188} INFO - [2026-04-25T20:27:16.572+0000] {dag.py:3096} INFO - Sync 1 DAGs
[2026-04-25T20:27:16.708+0000] {logging_mixin.py:188} INFO - [2026-04-25T20:27:16.707+0000] {dag.py:3954} INFO - Setting next_dagrun for pipeline_job_intelligent_kafka to 2026-04-24 06:00:00+00:00, run_after=2026-04-25 06:00:00+00:00
[2026-04-25T20:27:16.841+0000] {processor.py:183} INFO - Processing /opt/airflow/dags/dag_pipeline_complet.py took 0.727 seconds
[2026-04-25T20:27:47.283+0000] {processor.py:161} INFO - Started process (PID=4607) to work on /opt/airflow/dags/dag_pipeline_complet.py
[2026-04-25T20:27:47.284+0000] {processor.py:830} INFO - Processing file /opt/airflow/dags/dag_pipeline_complet.py for tasks to queue
[2026-04-25T20:27:47.286+0000] {logging_mixin.py:188} INFO - [2026-04-25T20:27:47.285+0000] {dagbag.py:545} INFO - Filling up the DagBag from /opt/airflow/dags/dag_pipeline_complet.py
[2026-04-25T20:27:47.318+0000] {processor.py:840} INFO - DAG(s) 'pipeline_job_intelligent_kafka' retrieved from /opt/airflow/dags/dag_pipeline_complet.py
[2026-04-25T20:27:47.392+0000] {logging_mixin.py:188} INFO - [2026-04-25T20:27:47.391+0000] {dag.py:3096} INFO - Sync 1 DAGs
[2026-04-25T20:27:47.454+0000] {logging_mixin.py:188} INFO - [2026-04-25T20:27:47.454+0000] {dag.py:3954} INFO - Setting next_dagrun for pipeline_job_intelligent_kafka to 2026-04-24 06:00:00+00:00, run_after=2026-04-25 06:00:00+00:00
[2026-04-25T20:27:47.500+0000] {processor.py:183} INFO - Processing /opt/airflow/dags/dag_pipeline_complet.py took 0.228 seconds
[2026-04-25T20:28:18.042+0000] {processor.py:161} INFO - Started process (PID=4615) to work on /opt/airflow/dags/dag_pipeline_complet.py
[2026-04-25T20:28:18.044+0000] {processor.py:830} INFO - Processing file /opt/airflow/dags/dag_pipeline_complet.py for tasks to queue
[2026-04-25T20:28:18.045+0000] {logging_mixin.py:188} INFO - [2026-04-25T20:28:18.045+0000] {dagbag.py:545} INFO - Filling up the DagBag from /opt/airflow/dags/dag_pipeline_complet.py
[2026-04-25T20:28:18.075+0000] {processor.py:840} INFO - DAG(s) 'pipeline_job_intelligent_kafka' retrieved from /opt/airflow/dags/dag_pipeline_complet.py
[2026-04-25T20:28:18.126+0000] {logging_mixin.py:188} INFO - [2026-04-25T20:28:18.126+0000] {dag.py:3096} INFO - Sync 1 DAGs
[2026-04-25T20:28:18.162+0000] {logging_mixin.py:188} INFO - [2026-04-25T20:28:18.162+0000] {dag.py:3954} INFO - Setting next_dagrun for pipeline_job_intelligent_kafka to 2026-04-24 06:00:00+00:00, run_after=2026-04-25 06:00:00+00:00
[2026-04-25T20:28:18.195+0000] {processor.py:183} INFO - Processing /opt/airflow/dags/dag_pipeline_complet.py took 0.162 seconds
[2026-04-25T20:28:48.588+0000] {processor.py:161} INFO - Started process (PID=4629) to work on /opt/airflow/dags/dag_pipeline_complet.py
[2026-04-25T20:28:48.590+0000] {processor.py:830} INFO - Processing file /opt/airflow/dags/dag_pipeline_complet.py for tasks to queue
[2026-04-25T20:28:48.592+0000] {logging_mixin.py:188} INFO - [2026-04-25T20:28:48.591+0000] {dagbag.py:545} INFO - Filling up the DagBag from /opt/airflow/dags/dag_pipeline_complet.py
[2026-04-25T20:28:48.651+0000] {processor.py:840} INFO - DAG(s) 'pipeline_job_intelligent_kafka' retrieved from /opt/airflow/dags/dag_pipeline_complet.py
[2026-04-25T20:28:48.804+0000] {logging_mixin.py:188} INFO - [2026-04-25T20:28:48.803+0000] {dag.py:3096} INFO - Sync 1 DAGs
[2026-04-25T20:28:48.841+0000] {logging_mixin.py:188} INFO - [2026-04-25T20:28:48.841+0000] {dag.py:3954} INFO - Setting next_dagrun for pipeline_job_intelligent_kafka to 2026-04-24 06:00:00+00:00, run_after=2026-04-25 06:00:00+00:00
[2026-04-25T20:28:48.879+0000] {processor.py:183} INFO - Processing /opt/airflow/dags/dag_pipeline_complet.py took 0.302 seconds
[2026-04-25T20:29:19.374+0000] {processor.py:161} INFO - Started process (PID=4646) to work on /opt/airflow/dags/dag_pipeline_complet.py
[2026-04-25T20:29:19.376+0000] {processor.py:830} INFO - Processing file /opt/airflow/dags/dag_pipeline_complet.py for tasks to queue
[2026-04-25T20:29:19.377+0000] {logging_mixin.py:188} INFO - [2026-04-25T20:29:19.377+0000] {dagbag.py:545} INFO - Filling up the DagBag from /opt/airflow/dags/dag_pipeline_complet.py
[2026-04-25T20:29:19.412+0000] {processor.py:840} INFO - DAG(s) 'pipeline_job_intelligent_kafka' retrieved from /opt/airflow/dags/dag_pipeline_complet.py
[2026-04-25T20:29:19.480+0000] {logging_mixin.py:188} INFO - [2026-04-25T20:29:19.480+0000] {dag.py:3096} INFO - Sync 1 DAGs
[2026-04-25T20:29:19.561+0000] {logging_mixin.py:188} INFO - [2026-04-25T20:29:19.561+0000] {dag.py:3954} INFO - Setting next_dagrun for pipeline_job_intelligent_kafka to 2026-04-24 06:00:00+00:00, run_after=2026-04-25 06:00:00+00:00
[2026-04-25T20:29:19.611+0000] {processor.py:183} INFO - Processing /opt/airflow/dags/dag_pipeline_complet.py took 0.246 seconds
[2026-04-25T20:29:50.072+0000] {processor.py:161} INFO - Started process (PID=4655) to work on /opt/airflow/dags/dag_pipeline_complet.py
[2026-04-25T20:29:50.074+0000] {processor.py:830} INFO - Processing file /opt/airflow/dags/dag_pipeline_complet.py for tasks to queue
[2026-04-25T20:29:50.076+0000] {logging_mixin.py:188} INFO - [2026-04-25T20:29:50.075+0000] {dagbag.py:545} INFO - Filling up the DagBag from /opt/airflow/dags/dag_pipeline_complet.py
[2026-04-25T20:29:50.110+0000] {processor.py:840} INFO - DAG(s) 'pipeline_job_intelligent_kafka' retrieved from /opt/airflow/dags/dag_pipeline_complet.py
[2026-04-25T20:29:50.212+0000] {logging_mixin.py:188} INFO - [2026-04-25T20:29:50.212+0000] {dag.py:3096} INFO - Sync 1 DAGs
[2026-04-25T20:29:50.299+0000] {logging_mixin.py:188} INFO - [2026-04-25T20:29:50.298+0000] {dag.py:3954} INFO - Setting next_dagrun for pipeline_job_intelligent_kafka to 2026-04-24 06:00:00+00:00, run_after=2026-04-25 06:00:00+00:00
[2026-04-25T20:29:50.352+0000] {processor.py:183} INFO - Processing /opt/airflow/dags/dag_pipeline_complet.py took 0.292 seconds
[2026-04-25T20:30:20.808+0000] {processor.py:161} INFO - Started process (PID=4669) to work on /opt/airflow/dags/dag_pipeline_complet.py
[2026-04-25T20:30:20.810+0000] {processor.py:830} INFO - Processing file /opt/airflow/dags/dag_pipeline_complet.py for tasks to queue
[2026-04-25T20:30:20.812+0000] {logging_mixin.py:188} INFO - [2026-04-25T20:30:20.811+0000] {dagbag.py:545} INFO - Filling up the DagBag from /opt/airflow/dags/dag_pipeline_complet.py
[2026-04-25T20:30:20.852+0000] {processor.py:840} INFO - DAG(s) 'pipeline_job_intelligent_kafka' retrieved from /opt/airflow/dags/dag_pipeline_complet.py
[2026-04-25T20:30:20.920+0000] {logging_mixin.py:188} INFO - [2026-04-25T20:30:20.920+0000] {dag.py:3096} INFO - Sync 1 DAGs
[2026-04-25T20:30:20.956+0000] {logging_mixin.py:188} INFO - [2026-04-25T20:30:20.956+0000] {dag.py:3954} INFO - Setting next_dagrun for pipeline_job_intelligent_kafka to 2026-04-24 06:00:00+00:00, run_after=2026-04-25 06:00:00+00:00
[2026-04-25T20:30:20.987+0000] {processor.py:183} INFO - Processing /opt/airflow/dags/dag_pipeline_complet.py took 0.190 seconds
[2026-04-25T20:30:51.477+0000] {processor.py:161} INFO - Started process (PID=4677) to work on /opt/airflow/dags/dag_pipeline_complet.py
[2026-04-25T20:30:51.478+0000] {processor.py:830} INFO - Processing file /opt/airflow/dags/dag_pipeline_complet.py for tasks to queue
[2026-04-25T20:30:51.480+0000] {logging_mixin.py:188} INFO - [2026-04-25T20:30:51.479+0000] {dagbag.py:545} INFO - Filling up the DagBag from /opt/airflow/dags/dag_pipeline_complet.py
[2026-04-25T20:30:51.518+0000] {processor.py:840} INFO - DAG(s) 'pipeline_job_intelligent_kafka' retrieved from /opt/airflow/dags/dag_pipeline_complet.py
[2026-04-25T20:30:51.593+0000] {logging_mixin.py:188} INFO - [2026-04-25T20:30:51.592+0000] {dag.py:3096} INFO - Sync 1 DAGs
[2026-04-25T20:30:51.647+0000] {logging_mixin.py:188} INFO - [2026-04-25T20:30:51.646+0000] {dag.py:3954} INFO - Setting next_dagrun for pipeline_job_intelligent_kafka to 2026-04-24 06:00:00+00:00, run_after=2026-04-25 06:00:00+00:00
[2026-04-25T20:30:51.697+0000] {processor.py:183} INFO - Processing /opt/airflow/dags/dag_pipeline_complet.py took 0.234 seconds
[2026-04-25T20:31:22.063+0000] {processor.py:161} INFO - Started process (PID=4691) to work on /opt/airflow/dags/dag_pipeline_complet.py
[2026-04-25T20:31:22.065+0000] {processor.py:830} INFO - Processing file /opt/airflow/dags/dag_pipeline_complet.py for tasks to queue
[2026-04-25T20:31:22.067+0000] {logging_mixin.py:188} INFO - [2026-04-25T20:31:22.066+0000] {dagbag.py:545} INFO - Filling up the DagBag from /opt/airflow/dags/dag_pipeline_complet.py
[2026-04-25T20:31:22.099+0000] {processor.py:840} INFO - DAG(s) 'pipeline_job_intelligent_kafka' retrieved from /opt/airflow/dags/dag_pipeline_complet.py
[2026-04-25T20:31:22.154+0000] {logging_mixin.py:188} INFO - [2026-04-25T20:31:22.153+0000] {dag.py:3096} INFO - Sync 1 DAGs
[2026-04-25T20:31:22.189+0000] {logging_mixin.py:188} INFO - [2026-04-25T20:31:22.189+0000] {dag.py:3954} INFO - Setting next_dagrun for pipeline_job_intelligent_kafka to 2026-04-24 06:00:00+00:00, run_after=2026-04-25 06:00:00+00:00
[2026-04-25T20:31:22.230+0000] {processor.py:183} INFO - Processing /opt/airflow/dags/dag_pipeline_complet.py took 0.176 seconds
[2026-04-25T20:31:52.601+0000] {processor.py:161} INFO - Started process (PID=4699) to work on /opt/airflow/dags/dag_pipeline_complet.py
[2026-04-25T20:31:52.603+0000] {processor.py:830} INFO - Processing file /opt/airflow/dags/dag_pipeline_complet.py for tasks to queue
[2026-04-25T20:31:52.605+0000] {logging_mixin.py:188} INFO - [2026-04-25T20:31:52.605+0000] {dagbag.py:545} INFO - Filling up the DagBag from /opt/airflow/dags/dag_pipeline_complet.py
[2026-04-25T20:31:52.668+0000] {processor.py:840} INFO - DAG(s) 'pipeline_job_intelligent_kafka' retrieved from /opt/airflow/dags/dag_pipeline_complet.py
[2026-04-25T20:31:52.811+0000] {logging_mixin.py:188} INFO - [2026-04-25T20:31:52.810+0000] {dag.py:3096} INFO - Sync 1 DAGs
[2026-04-25T20:31:52.873+0000] {logging_mixin.py:188} INFO - [2026-04-25T20:31:52.872+0000] {dag.py:3954} INFO - Setting next_dagrun for pipeline_job_intelligent_kafka to 2026-04-24 06:00:00+00:00, run_after=2026-04-25 06:00:00+00:00
[2026-04-25T20:31:52.925+0000] {processor.py:183} INFO - Processing /opt/airflow/dags/dag_pipeline_complet.py took 0.335 seconds
[2026-04-25T20:32:23.278+0000] {processor.py:161} INFO - Started process (PID=4714) to work on /opt/airflow/dags/dag_pipeline_complet.py
[2026-04-25T20:32:23.280+0000] {processor.py:830} INFO - Processing file /opt/airflow/dags/dag_pipeline_complet.py for tasks to queue
[2026-04-25T20:32:23.281+0000] {logging_mixin.py:188} INFO - [2026-04-25T20:32:23.281+0000] {dagbag.py:545} INFO - Filling up the DagBag from /opt/airflow/dags/dag_pipeline_complet.py
[2026-04-25T20:32:23.310+0000] {processor.py:840} INFO - DAG(s) 'pipeline_job_intelligent_kafka' retrieved from /opt/airflow/dags/dag_pipeline_complet.py
[2026-04-25T20:32:23.373+0000] {logging_mixin.py:188} INFO - [2026-04-25T20:32:23.373+0000] {dag.py:3096} INFO - Sync 1 DAGs
[2026-04-25T20:32:23.416+0000] {logging_mixin.py:188} INFO - [2026-04-25T20:32:23.415+0000] {dag.py:3954} INFO - Setting next_dagrun for pipeline_job_intelligent_kafka to 2026-04-24 06:00:00+00:00, run_after=2026-04-25 06:00:00+00:00
[2026-04-25T20:32:23.473+0000] {processor.py:183} INFO - Processing /opt/airflow/dags/dag_pipeline_complet.py took 0.204 seconds
[2026-04-25T20:32:54.154+0000] {processor.py:161} INFO - Started process (PID=4723) to work on /opt/airflow/dags/dag_pipeline_complet.py
[2026-04-25T20:32:54.157+0000] {processor.py:830} INFO - Processing file /opt/airflow/dags/dag_pipeline_complet.py for tasks to queue
[2026-04-25T20:32:54.160+0000] {logging_mixin.py:188} INFO - [2026-04-25T20:32:54.159+0000] {dagbag.py:545} INFO - Filling up the DagBag from /opt/airflow/dags/dag_pipeline_complet.py
[2026-04-25T20:32:54.205+0000] {processor.py:840} INFO - DAG(s) 'pipeline_job_intelligent_kafka' retrieved from /opt/airflow/dags/dag_pipeline_complet.py
[2026-04-25T20:32:54.462+0000] {logging_mixin.py:188} INFO - [2026-04-25T20:32:54.460+0000] {dag.py:3096} INFO - Sync 1 DAGs
[2026-04-25T20:32:54.535+0000] {logging_mixin.py:188} INFO - [2026-04-25T20:32:54.535+0000] {dag.py:3954} INFO - Setting next_dagrun for pipeline_job_intelligent_kafka to 2026-04-24 06:00:00+00:00, run_after=2026-04-25 06:00:00+00:00
[2026-04-25T20:32:54.582+0000] {processor.py:183} INFO - Processing /opt/airflow/dags/dag_pipeline_complet.py took 0.451 seconds
[2026-04-25T20:33:25.072+0000] {processor.py:161} INFO - Started process (PID=4738) to work on /opt/airflow/dags/dag_pipeline_complet.py
[2026-04-25T20:33:25.075+0000] {processor.py:830} INFO - Processing file /opt/airflow/dags/dag_pipeline_complet.py for tasks to queue
[2026-04-25T20:33:25.078+0000] {logging_mixin.py:188} INFO - [2026-04-25T20:33:25.077+0000] {dagbag.py:545} INFO - Filling up the DagBag from /opt/airflow/dags/dag_pipeline_complet.py
[2026-04-25T20:33:25.155+0000] {processor.py:840} INFO - DAG(s) 'pipeline_job_intelligent_kafka' retrieved from /opt/airflow/dags/dag_pipeline_complet.py
[2026-04-25T20:33:25.229+0000] {logging_mixin.py:188} INFO - [2026-04-25T20:33:25.229+0000] {dag.py:3096} INFO - Sync 1 DAGs
[2026-04-25T20:33:25.265+0000] {logging_mixin.py:188} INFO - [2026-04-25T20:33:25.265+0000] {dag.py:3954} INFO - Setting next_dagrun for pipeline_job_intelligent_kafka to 2026-04-24 06:00:00+00:00, run_after=2026-04-25 06:00:00+00:00
[2026-04-25T20:33:25.299+0000] {processor.py:183} INFO - Processing /opt/airflow/dags/dag_pipeline_complet.py took 0.248 seconds
[2026-04-25T20:33:55.850+0000] {processor.py:161} INFO - Started process (PID=4747) to work on /opt/airflow/dags/dag_pipeline_complet.py
[2026-04-25T20:33:55.852+0000] {processor.py:830} INFO - Processing file /opt/airflow/dags/dag_pipeline_complet.py for tasks to queue
[2026-04-25T20:33:55.862+0000] {logging_mixin.py:188} INFO - [2026-04-25T20:33:55.853+0000] {dagbag.py:545} INFO - Filling up the DagBag from /opt/airflow/dags/dag_pipeline_complet.py
[2026-04-25T20:33:55.913+0000] {processor.py:840} INFO - DAG(s) 'pipeline_job_intelligent_kafka' retrieved from /opt/airflow/dags/dag_pipeline_complet.py
[2026-04-25T20:33:56.116+0000] {logging_mixin.py:188} INFO - [2026-04-25T20:33:56.115+0000] {dag.py:3096} INFO - Sync 1 DAGs
[2026-04-25T20:33:56.284+0000] {logging_mixin.py:188} INFO - [2026-04-25T20:33:56.283+0000] {dag.py:3954} INFO - Setting next_dagrun for pipeline_job_intelligent_kafka to 2026-04-24 06:00:00+00:00, run_after=2026-04-25 06:00:00+00:00
[2026-04-25T20:33:56.438+0000] {processor.py:183} INFO - Processing /opt/airflow/dags/dag_pipeline_complet.py took 0.603 seconds
[2026-04-25T20:34:26.777+0000] {processor.py:161} INFO - Started process (PID=4761) to work on /opt/airflow/dags/dag_pipeline_complet.py
[2026-04-25T20:34:26.779+0000] {processor.py:830} INFO - Processing file /opt/airflow/dags/dag_pipeline_complet.py for tasks to queue
[2026-04-25T20:34:26.782+0000] {logging_mixin.py:188} INFO - [2026-04-25T20:34:26.781+0000] {dagbag.py:545} INFO - Filling up the DagBag from /opt/airflow/dags/dag_pipeline_complet.py
[2026-04-25T20:34:26.825+0000] {processor.py:840} INFO - DAG(s) 'pipeline_job_intelligent_kafka' retrieved from /opt/airflow/dags/dag_pipeline_complet.py
[2026-04-25T20:34:27.006+0000] {logging_mixin.py:188} INFO - [2026-04-25T20:34:27.006+0000] {dag.py:3096} INFO - Sync 1 DAGs
[2026-04-25T20:34:27.134+0000] {logging_mixin.py:188} INFO - [2026-04-25T20:34:27.133+0000] {dag.py:3954} INFO - Setting next_dagrun for pipeline_job_intelligent_kafka to 2026-04-24 06:00:00+00:00, run_after=2026-04-25 06:00:00+00:00
[2026-04-25T20:34:27.249+0000] {processor.py:183} INFO - Processing /opt/airflow/dags/dag_pipeline_complet.py took 0.486 seconds
[2026-04-25T20:34:57.745+0000] {processor.py:161} INFO - Started process (PID=4769) to work on /opt/airflow/dags/dag_pipeline_complet.py
[2026-04-25T20:34:57.748+0000] {processor.py:830} INFO - Processing file /opt/airflow/dags/dag_pipeline_complet.py for tasks to queue
[2026-04-25T20:34:57.760+0000] {logging_mixin.py:188} INFO - [2026-04-25T20:34:57.750+0000] {dagbag.py:545} INFO - Filling up the DagBag from /opt/airflow/dags/dag_pipeline_complet.py
[2026-04-25T20:34:57.836+0000] {processor.py:840} INFO - DAG(s) 'pipeline_job_intelligent_kafka' retrieved from /opt/airflow/dags/dag_pipeline_complet.py
[2026-04-25T20:34:57.958+0000] {logging_mixin.py:188} INFO - [2026-04-25T20:34:57.957+0000] {dag.py:3096} INFO - Sync 1 DAGs
[2026-04-25T20:34:58.062+0000] {logging_mixin.py:188} INFO - [2026-04-25T20:34:58.061+0000] {dag.py:3954} INFO - Setting next_dagrun for pipeline_job_intelligent_kafka to 2026-04-24 06:00:00+00:00, run_after=2026-04-25 06:00:00+00:00
[2026-04-25T20:34:58.134+0000] {processor.py:183} INFO - Processing /opt/airflow/dags/dag_pipeline_complet.py took 0.413 seconds
[2026-04-25T20:35:28.612+0000] {processor.py:161} INFO - Started process (PID=4783) to work on /opt/airflow/dags/dag_pipeline_complet.py
[2026-04-25T20:35:28.628+0000] {processor.py:830} INFO - Processing file /opt/airflow/dags/dag_pipeline_complet.py for tasks to queue
[2026-04-25T20:35:28.646+0000] {logging_mixin.py:188} INFO - [2026-04-25T20:35:28.646+0000] {dagbag.py:545} INFO - Filling up the DagBag from /opt/airflow/dags/dag_pipeline_complet.py
[2026-04-25T20:35:28.791+0000] {processor.py:840} INFO - DAG(s) 'pipeline_job_intelligent_kafka' retrieved from /opt/airflow/dags/dag_pipeline_complet.py
[2026-04-25T20:35:28.987+0000] {logging_mixin.py:188} INFO - [2026-04-25T20:35:28.986+0000] {dag.py:3096} INFO - Sync 1 DAGs
[2026-04-25T20:35:29.174+0000] {logging_mixin.py:188} INFO - [2026-04-25T20:35:29.173+0000] {dag.py:3954} INFO - Setting next_dagrun for pipeline_job_intelligent_kafka to 2026-04-24 06:00:00+00:00, run_after=2026-04-25 06:00:00+00:00
[2026-04-25T20:35:29.280+0000] {processor.py:183} INFO - Processing /opt/airflow/dags/dag_pipeline_complet.py took 0.712 seconds
[2026-04-25T20:35:59.984+0000] {processor.py:161} INFO - Started process (PID=4791) to work on /opt/airflow/dags/dag_pipeline_complet.py
[2026-04-25T20:35:59.987+0000] {processor.py:830} INFO - Processing file /opt/airflow/dags/dag_pipeline_complet.py for tasks to queue
[2026-04-25T20:35:59.989+0000] {logging_mixin.py:188} INFO - [2026-04-25T20:35:59.988+0000] {dagbag.py:545} INFO - Filling up the DagBag from /opt/airflow/dags/dag_pipeline_complet.py
[2026-04-25T20:36:00.063+0000] {processor.py:840} INFO - DAG(s) 'pipeline_job_intelligent_kafka' retrieved from /opt/airflow/dags/dag_pipeline_complet.py
[2026-04-25T20:36:00.166+0000] {logging_mixin.py:188} INFO - [2026-04-25T20:36:00.166+0000] {dag.py:3096} INFO - Sync 1 DAGs
[2026-04-25T20:36:00.246+0000] {logging_mixin.py:188} INFO - [2026-04-25T20:36:00.245+0000] {dag.py:3954} INFO - Setting next_dagrun for pipeline_job_intelligent_kafka to 2026-04-24 06:00:00+00:00, run_after=2026-04-25 06:00:00+00:00
[2026-04-25T20:36:00.348+0000] {processor.py:183} INFO - Processing /opt/airflow/dags/dag_pipeline_complet.py took 0.382 seconds
[2026-04-25T20:36:30.875+0000] {processor.py:161} INFO - Started process (PID=4804) to work on /opt/airflow/dags/dag_pipeline_complet.py
[2026-04-25T20:36:30.878+0000] {processor.py:830} INFO - Processing file /opt/airflow/dags/dag_pipeline_complet.py for tasks to queue
[2026-04-25T20:36:30.880+0000] {logging_mixin.py:188} INFO - [2026-04-25T20:36:30.879+0000] {dagbag.py:545} INFO - Filling up the DagBag from /opt/airflow/dags/dag_pipeline_complet.py
[2026-04-25T20:36:30.920+0000] {processor.py:840} INFO - DAG(s) 'pipeline_job_intelligent_kafka' retrieved from /opt/airflow/dags/dag_pipeline_complet.py
[2026-04-25T20:36:30.996+0000] {logging_mixin.py:188} INFO - [2026-04-25T20:36:30.996+0000] {dag.py:3096} INFO - Sync 1 DAGs
[2026-04-25T20:36:31.036+0000] {logging_mixin.py:188} INFO - [2026-04-25T20:36:31.035+0000] {dag.py:3954} INFO - Setting next_dagrun for pipeline_job_intelligent_kafka to 2026-04-24 06:00:00+00:00, run_after=2026-04-25 06:00:00+00:00
[2026-04-25T20:36:31.073+0000] {processor.py:183} INFO - Processing /opt/airflow/dags/dag_pipeline_complet.py took 0.212 seconds
[2026-04-25T20:37:01.936+0000] {processor.py:161} INFO - Started process (PID=4813) to work on /opt/airflow/dags/dag_pipeline_complet.py
[2026-04-25T20:37:01.939+0000] {processor.py:830} INFO - Processing file /opt/airflow/dags/dag_pipeline_complet.py for tasks to queue
[2026-04-25T20:37:01.942+0000] {logging_mixin.py:188} INFO - [2026-04-25T20:37:01.941+0000] {dagbag.py:545} INFO - Filling up the DagBag from /opt/airflow/dags/dag_pipeline_complet.py
[2026-04-25T20:37:02.049+0000] {processor.py:840} INFO - DAG(s) 'pipeline_job_intelligent_kafka' retrieved from /opt/airflow/dags/dag_pipeline_complet.py
[2026-04-25T20:37:02.307+0000] {logging_mixin.py:188} INFO - [2026-04-25T20:37:02.306+0000] {dag.py:3096} INFO - Sync 1 DAGs
[2026-04-25T20:37:02.442+0000] {logging_mixin.py:188} INFO - [2026-04-25T20:37:02.441+0000] {dag.py:3954} INFO - Setting next_dagrun for pipeline_job_intelligent_kafka to 2026-04-24 06:00:00+00:00, run_after=2026-04-25 06:00:00+00:00
[2026-04-25T20:37:02.494+0000] {processor.py:183} INFO - Processing /opt/airflow/dags/dag_pipeline_complet.py took 0.571 seconds
[2026-04-25T20:37:32.886+0000] {processor.py:161} INFO - Started process (PID=4827) to work on /opt/airflow/dags/dag_pipeline_complet.py
[2026-04-25T20:37:32.888+0000] {processor.py:830} INFO - Processing file /opt/airflow/dags/dag_pipeline_complet.py for tasks to queue
[2026-04-25T20:37:32.890+0000] {logging_mixin.py:188} INFO - [2026-04-25T20:37:32.889+0000] {dagbag.py:545} INFO - Filling up the DagBag from /opt/airflow/dags/dag_pipeline_complet.py
[2026-04-25T20:37:32.952+0000] {processor.py:840} INFO - DAG(s) 'pipeline_job_intelligent_kafka' retrieved from /opt/airflow/dags/dag_pipeline_complet.py
[2026-04-25T20:37:33.056+0000] {logging_mixin.py:188} INFO - [2026-04-25T20:37:33.056+0000] {dag.py:3096} INFO - Sync 1 DAGs
[2026-04-25T20:37:33.175+0000] {logging_mixin.py:188} INFO - [2026-04-25T20:37:33.174+0000] {dag.py:3954} INFO - Setting next_dagrun for pipeline_job_intelligent_kafka to 2026-04-24 06:00:00+00:00, run_after=2026-04-25 06:00:00+00:00
[2026-04-25T20:37:33.262+0000] {processor.py:183} INFO - Processing /opt/airflow/dags/dag_pipeline_complet.py took 0.403 seconds
[2026-04-25T20:38:03.983+0000] {processor.py:161} INFO - Started process (PID=4842) to work on /opt/airflow/dags/dag_pipeline_complet.py
[2026-04-25T20:38:03.985+0000] {processor.py:830} INFO - Processing file /opt/airflow/dags/dag_pipeline_complet.py for tasks to queue
[2026-04-25T20:38:03.988+0000] {logging_mixin.py:188} INFO - [2026-04-25T20:38:03.987+0000] {dagbag.py:545} INFO - Filling up the DagBag from /opt/airflow/dags/dag_pipeline_complet.py
[2026-04-25T20:38:04.059+0000] {processor.py:840} INFO - DAG(s) 'pipeline_job_intelligent_kafka' retrieved from /opt/airflow/dags/dag_pipeline_complet.py
[2026-04-25T20:38:04.206+0000] {logging_mixin.py:188} INFO - [2026-04-25T20:38:04.205+0000] {dag.py:3096} INFO - Sync 1 DAGs
[2026-04-25T20:38:04.370+0000] {logging_mixin.py:188} INFO - [2026-04-25T20:38:04.369+0000] {dag.py:3954} INFO - Setting next_dagrun for pipeline_job_intelligent_kafka to 2026-04-24 06:00:00+00:00, run_after=2026-04-25 06:00:00+00:00
[2026-04-25T20:38:04.462+0000] {processor.py:183} INFO - Processing /opt/airflow/dags/dag_pipeline_complet.py took 0.497 seconds
[2026-04-25T20:40:38.270+0000] {processor.py:161} INFO - Started process (PID=4850) to work on /opt/airflow/dags/dag_pipeline_complet.py
[2026-04-25T20:40:38.498+0000] {processor.py:830} INFO - Processing file /opt/airflow/dags/dag_pipeline_complet.py for tasks to queue
[2026-04-25T20:40:38.715+0000] {logging_mixin.py:188} INFO - [2026-04-25T20:40:38.714+0000] {dagbag.py:545} INFO - Filling up the DagBag from /opt/airflow/dags/dag_pipeline_complet.py
[2026-04-25T20:40:42.307+0000] {processor.py:840} INFO - DAG(s) 'pipeline_job_intelligent_kafka' retrieved from /opt/airflow/dags/dag_pipeline_complet.py
[2026-04-25T20:40:43.264+0000] {logging_mixin.py:188} INFO - [2026-04-25T20:40:43.252+0000] {dag.py:3096} INFO - Sync 1 DAGs
[2026-04-25T20:40:44.059+0000] {logging_mixin.py:188} INFO - [2026-04-25T20:40:44.058+0000] {dag.py:3954} INFO - Setting next_dagrun for pipeline_job_intelligent_kafka to 2026-04-24 06:00:00+00:00, run_after=2026-04-25 06:00:00+00:00
[2026-04-25T20:40:45.094+0000] {processor.py:183} INFO - Processing /opt/airflow/dags/dag_pipeline_complet.py took 6.862 seconds
[2026-04-25T20:41:16.263+0000] {processor.py:161} INFO - Started process (PID=4862) to work on /opt/airflow/dags/dag_pipeline_complet.py
[2026-04-25T20:41:16.280+0000] {processor.py:830} INFO - Processing file /opt/airflow/dags/dag_pipeline_complet.py for tasks to queue
[2026-04-25T20:41:16.285+0000] {logging_mixin.py:188} INFO - [2026-04-25T20:41:16.283+0000] {dagbag.py:545} INFO - Filling up the DagBag from /opt/airflow/dags/dag_pipeline_complet.py
[2026-04-25T20:41:16.395+0000] {processor.py:840} INFO - DAG(s) 'pipeline_job_intelligent_kafka' retrieved from /opt/airflow/dags/dag_pipeline_complet.py
[2026-04-25T20:41:16.520+0000] {logging_mixin.py:188} INFO - [2026-04-25T20:41:16.519+0000] {dag.py:3096} INFO - Sync 1 DAGs
[2026-04-25T20:41:16.660+0000] {logging_mixin.py:188} INFO - [2026-04-25T20:41:16.659+0000] {dag.py:3954} INFO - Setting next_dagrun for pipeline_job_intelligent_kafka to 2026-04-24 06:00:00+00:00, run_after=2026-04-25 06:00:00+00:00
[2026-04-25T20:41:16.762+0000] {processor.py:183} INFO - Processing /opt/airflow/dags/dag_pipeline_complet.py took 0.559 seconds
[2026-04-25T20:41:49.355+0000] {processor.py:161} INFO - Started process (PID=4877) to work on /opt/airflow/dags/dag_pipeline_complet.py
[2026-04-25T20:41:49.431+0000] {processor.py:830} INFO - Processing file /opt/airflow/dags/dag_pipeline_complet.py for tasks to queue
[2026-04-25T20:41:49.448+0000] {logging_mixin.py:188} INFO - [2026-04-25T20:41:49.447+0000] {dagbag.py:545} INFO - Filling up the DagBag from /opt/airflow/dags/dag_pipeline_complet.py
[2026-04-25T20:41:50.230+0000] {processor.py:840} INFO - DAG(s) 'pipeline_job_intelligent_kafka' retrieved from /opt/airflow/dags/dag_pipeline_complet.py
[2026-04-25T20:41:50.811+0000] {logging_mixin.py:188} INFO - [2026-04-25T20:41:50.811+0000] {dag.py:3096} INFO - Sync 1 DAGs
[2026-04-25T20:41:51.411+0000] {logging_mixin.py:188} INFO - [2026-04-25T20:41:51.410+0000] {dag.py:3954} INFO - Setting next_dagrun for pipeline_job_intelligent_kafka to 2026-04-24 06:00:00+00:00, run_after=2026-04-25 06:00:00+00:00
[2026-04-25T20:41:51.785+0000] {processor.py:183} INFO - Processing /opt/airflow/dags/dag_pipeline_complet.py took 2.492 seconds
[2026-04-25T20:42:22.709+0000] {processor.py:161} INFO - Started process (PID=4890) to work on /opt/airflow/dags/dag_pipeline_complet.py
[2026-04-25T20:42:22.726+0000] {processor.py:830} INFO - Processing file /opt/airflow/dags/dag_pipeline_complet.py for tasks to queue
[2026-04-25T20:42:22.729+0000] {logging_mixin.py:188} INFO - [2026-04-25T20:42:22.728+0000] {dagbag.py:545} INFO - Filling up the DagBag from /opt/airflow/dags/dag_pipeline_complet.py
[2026-04-25T20:42:23.023+0000] {processor.py:840} INFO - DAG(s) 'pipeline_job_intelligent_kafka' retrieved from /opt/airflow/dags/dag_pipeline_complet.py
[2026-04-25T20:42:23.461+0000] {logging_mixin.py:188} INFO - [2026-04-25T20:42:23.449+0000] {dag.py:3096} INFO - Sync 1 DAGs
[2026-04-25T20:42:23.755+0000] {logging_mixin.py:188} INFO - [2026-04-25T20:42:23.754+0000] {dag.py:3954} INFO - Setting next_dagrun for pipeline_job_intelligent_kafka to 2026-04-24 06:00:00+00:00, run_after=2026-04-25 06:00:00+00:00
[2026-04-25T20:42:24.216+0000] {processor.py:183} INFO - Processing /opt/airflow/dags/dag_pipeline_complet.py took 1.553 seconds
[2026-04-25T20:42:55.103+0000] {processor.py:161} INFO - Started process (PID=4898) to work on /opt/airflow/dags/dag_pipeline_complet.py
[2026-04-25T20:42:55.122+0000] {processor.py:830} INFO - Processing file /opt/airflow/dags/dag_pipeline_complet.py for tasks to queue
[2026-04-25T20:42:55.138+0000] {logging_mixin.py:188} INFO - [2026-04-25T20:42:55.125+0000] {dagbag.py:545} INFO - Filling up the DagBag from /opt/airflow/dags/dag_pipeline_complet.py
[2026-04-25T20:42:55.299+0000] {processor.py:840} INFO - DAG(s) 'pipeline_job_intelligent_kafka' retrieved from /opt/airflow/dags/dag_pipeline_complet.py
[2026-04-25T20:42:55.470+0000] {logging_mixin.py:188} INFO - [2026-04-25T20:42:55.469+0000] {dag.py:3096} INFO - Sync 1 DAGs
[2026-04-25T20:42:55.556+0000] {logging_mixin.py:188} INFO - [2026-04-25T20:42:55.556+0000] {dag.py:3954} INFO - Setting next_dagrun for pipeline_job_intelligent_kafka to 2026-04-24 06:00:00+00:00, run_after=2026-04-25 06:00:00+00:00
[2026-04-25T20:42:55.646+0000] {processor.py:183} INFO - Processing /opt/airflow/dags/dag_pipeline_complet.py took 0.580 seconds
[2026-04-25T20:43:25.763+0000] {processor.py:161} INFO - Started process (PID=4912) to work on /opt/airflow/dags/dag_pipeline_complet.py
[2026-04-25T20:43:25.767+0000] {processor.py:830} INFO - Processing file /opt/airflow/dags/dag_pipeline_complet.py for tasks to queue
[2026-04-25T20:43:25.771+0000] {logging_mixin.py:188} INFO - [2026-04-25T20:43:25.770+0000] {dagbag.py:545} INFO - Filling up the DagBag from /opt/airflow/dags/dag_pipeline_complet.py
[2026-04-25T20:43:25.831+0000] {processor.py:840} INFO - DAG(s) 'pipeline_job_intelligent_kafka' retrieved from /opt/airflow/dags/dag_pipeline_complet.py
[2026-04-25T20:43:25.985+0000] {logging_mixin.py:188} INFO - [2026-04-25T20:43:25.984+0000] {dag.py:3096} INFO - Sync 1 DAGs
[2026-04-25T20:43:26.119+0000] {logging_mixin.py:188} INFO - [2026-04-25T20:43:26.118+0000] {dag.py:3954} INFO - Setting next_dagrun for pipeline_job_intelligent_kafka to 2026-04-24 06:00:00+00:00, run_after=2026-04-25 06:00:00+00:00
[2026-04-25T20:43:26.222+0000] {processor.py:183} INFO - Processing /opt/airflow/dags/dag_pipeline_complet.py took 0.478 seconds
[2026-04-25T20:43:56.763+0000] {processor.py:161} INFO - Started process (PID=4920) to work on /opt/airflow/dags/dag_pipeline_complet.py
[2026-04-25T20:43:56.771+0000] {processor.py:830} INFO - Processing file /opt/airflow/dags/dag_pipeline_complet.py for tasks to queue
[2026-04-25T20:43:56.777+0000] {logging_mixin.py:188} INFO - [2026-04-25T20:43:56.775+0000] {dagbag.py:545} INFO - Filling up the DagBag from /opt/airflow/dags/dag_pipeline_complet.py
[2026-04-25T20:43:57.016+0000] {processor.py:840} INFO - DAG(s) 'pipeline_job_intelligent_kafka' retrieved from /opt/airflow/dags/dag_pipeline_complet.py
[2026-04-25T20:43:57.616+0000] {logging_mixin.py:188} INFO - [2026-04-25T20:43:57.616+0000] {dag.py:3096} INFO - Sync 1 DAGs
[2026-04-25T20:43:57.949+0000] {logging_mixin.py:188} INFO - [2026-04-25T20:43:57.917+0000] {dag.py:3954} INFO - Setting next_dagrun for pipeline_job_intelligent_kafka to 2026-04-24 06:00:00+00:00, run_after=2026-04-25 06:00:00+00:00
[2026-04-25T20:43:58.303+0000] {processor.py:183} INFO - Processing /opt/airflow/dags/dag_pipeline_complet.py took 1.582 seconds
[2026-04-25T20:44:28.635+0000] {processor.py:161} INFO - Started process (PID=4933) to work on /opt/airflow/dags/dag_pipeline_complet.py
[2026-04-25T20:44:28.646+0000] {processor.py:830} INFO - Processing file /opt/airflow/dags/dag_pipeline_complet.py for tasks to queue
[2026-04-25T20:44:28.650+0000] {logging_mixin.py:188} INFO - [2026-04-25T20:44:28.648+0000] {dagbag.py:545} INFO - Filling up the DagBag from /opt/airflow/dags/dag_pipeline_complet.py
[2026-04-25T20:44:28.764+0000] {processor.py:840} INFO - DAG(s) 'pipeline_job_intelligent_kafka' retrieved from /opt/airflow/dags/dag_pipeline_complet.py
[2026-04-25T20:44:28.905+0000] {logging_mixin.py:188} INFO - [2026-04-25T20:44:28.904+0000] {dag.py:3096} INFO - Sync 1 DAGs
[2026-04-25T20:44:29.070+0000] {logging_mixin.py:188} INFO - [2026-04-25T20:44:29.069+0000] {dag.py:3954} INFO - Setting next_dagrun for pipeline_job_intelligent_kafka to 2026-04-24 06:00:00+00:00, run_after=2026-04-25 06:00:00+00:00
[2026-04-25T20:44:29.324+0000] {processor.py:183} INFO - Processing /opt/airflow/dags/dag_pipeline_complet.py took 0.726 seconds
[2026-04-25T20:45:00.212+0000] {processor.py:161} INFO - Started process (PID=4941) to work on /opt/airflow/dags/dag_pipeline_complet.py
[2026-04-25T20:45:00.214+0000] {processor.py:830} INFO - Processing file /opt/airflow/dags/dag_pipeline_complet.py for tasks to queue
[2026-04-25T20:45:00.229+0000] {logging_mixin.py:188} INFO - [2026-04-25T20:45:00.229+0000] {dagbag.py:545} INFO - Filling up the DagBag from /opt/airflow/dags/dag_pipeline_complet.py
[2026-04-25T20:45:00.406+0000] {processor.py:840} INFO - DAG(s) 'pipeline_job_intelligent_kafka' retrieved from /opt/airflow/dags/dag_pipeline_complet.py
[2026-04-25T20:45:00.603+0000] {logging_mixin.py:188} INFO - [2026-04-25T20:45:00.603+0000] {dag.py:3096} INFO - Sync 1 DAGs
[2026-04-25T20:45:00.707+0000] {logging_mixin.py:188} INFO - [2026-04-25T20:45:00.707+0000] {dag.py:3954} INFO - Setting next_dagrun for pipeline_job_intelligent_kafka to 2026-04-24 06:00:00+00:00, run_after=2026-04-25 06:00:00+00:00
[2026-04-25T20:45:00.839+0000] {processor.py:183} INFO - Processing /opt/airflow/dags/dag_pipeline_complet.py took 0.746 seconds
[2026-04-25T20:45:31.746+0000] {processor.py:161} INFO - Started process (PID=4955) to work on /opt/airflow/dags/dag_pipeline_complet.py
[2026-04-25T20:45:31.749+0000] {processor.py:830} INFO - Processing file /opt/airflow/dags/dag_pipeline_complet.py for tasks to queue
[2026-04-25T20:45:31.760+0000] {logging_mixin.py:188} INFO - [2026-04-25T20:45:31.757+0000] {dagbag.py:545} INFO - Filling up the DagBag from /opt/airflow/dags/dag_pipeline_complet.py
[2026-04-25T20:45:32.005+0000] {processor.py:840} INFO - DAG(s) 'pipeline_job_intelligent_kafka' retrieved from /opt/airflow/dags/dag_pipeline_complet.py
[2026-04-25T20:45:32.421+0000] {logging_mixin.py:188} INFO - [2026-04-25T20:45:32.420+0000] {dag.py:3096} INFO - Sync 1 DAGs
[2026-04-25T20:45:32.535+0000] {logging_mixin.py:188} INFO - [2026-04-25T20:45:32.534+0000] {dag.py:3954} INFO - Setting next_dagrun for pipeline_job_intelligent_kafka to 2026-04-24 06:00:00+00:00, run_after=2026-04-25 06:00:00+00:00
[2026-04-25T20:45:32.662+0000] {processor.py:183} INFO - Processing /opt/airflow/dags/dag_pipeline_complet.py took 0.985 seconds
[2026-04-25T20:46:02.795+0000] {processor.py:161} INFO - Started process (PID=4964) to work on /opt/airflow/dags/dag_pipeline_complet.py
[2026-04-25T20:46:02.797+0000] {processor.py:830} INFO - Processing file /opt/airflow/dags/dag_pipeline_complet.py for tasks to queue
[2026-04-25T20:46:02.799+0000] {logging_mixin.py:188} INFO - [2026-04-25T20:46:02.799+0000] {dagbag.py:545} INFO - Filling up the DagBag from /opt/airflow/dags/dag_pipeline_complet.py
[2026-04-25T20:46:02.835+0000] {processor.py:840} INFO - DAG(s) 'pipeline_job_intelligent_kafka' retrieved from /opt/airflow/dags/dag_pipeline_complet.py
[2026-04-25T20:46:02.918+0000] {logging_mixin.py:188} INFO - [2026-04-25T20:46:02.917+0000] {dag.py:3096} INFO - Sync 1 DAGs
[2026-04-25T20:46:02.964+0000] {logging_mixin.py:188} INFO - [2026-04-25T20:46:02.964+0000] {dag.py:3954} INFO - Setting next_dagrun for pipeline_job_intelligent_kafka to 2026-04-24 06:00:00+00:00, run_after=2026-04-25 06:00:00+00:00
[2026-04-25T20:46:03.030+0000] {processor.py:183} INFO - Processing /opt/airflow/dags/dag_pipeline_complet.py took 0.248 seconds
[2026-04-25T20:46:33.715+0000] {processor.py:161} INFO - Started process (PID=4980) to work on /opt/airflow/dags/dag_pipeline_complet.py
[2026-04-25T20:46:33.719+0000] {processor.py:830} INFO - Processing file /opt/airflow/dags/dag_pipeline_complet.py for tasks to queue
[2026-04-25T20:46:33.724+0000] {logging_mixin.py:188} INFO - [2026-04-25T20:46:33.722+0000] {dagbag.py:545} INFO - Filling up the DagBag from /opt/airflow/dags/dag_pipeline_complet.py
[2026-04-25T20:46:33.815+0000] {processor.py:840} INFO - DAG(s) 'pipeline_job_intelligent_kafka' retrieved from /opt/airflow/dags/dag_pipeline_complet.py
[2026-04-25T20:46:33.903+0000] {logging_mixin.py:188} INFO - [2026-04-25T20:46:33.902+0000] {dag.py:3096} INFO - Sync 1 DAGs
[2026-04-25T20:46:33.962+0000] {logging_mixin.py:188} INFO - [2026-04-25T20:46:33.961+0000] {dag.py:3954} INFO - Setting next_dagrun for pipeline_job_intelligent_kafka to 2026-04-24 06:00:00+00:00, run_after=2026-04-25 06:00:00+00:00
[2026-04-25T20:46:34.025+0000] {processor.py:183} INFO - Processing /opt/airflow/dags/dag_pipeline_complet.py took 0.333 seconds
[2026-04-25T20:47:04.238+0000] {processor.py:161} INFO - Started process (PID=4989) to work on /opt/airflow/dags/dag_pipeline_complet.py
[2026-04-25T20:47:04.243+0000] {processor.py:830} INFO - Processing file /opt/airflow/dags/dag_pipeline_complet.py for tasks to queue
[2026-04-25T20:47:04.252+0000] {logging_mixin.py:188} INFO - [2026-04-25T20:47:04.247+0000] {dagbag.py:545} INFO - Filling up the DagBag from /opt/airflow/dags/dag_pipeline_complet.py
[2026-04-25T20:47:04.332+0000] {processor.py:840} INFO - DAG(s) 'pipeline_job_intelligent_kafka' retrieved from /opt/airflow/dags/dag_pipeline_complet.py
[2026-04-25T20:47:04.406+0000] {logging_mixin.py:188} INFO - [2026-04-25T20:47:04.406+0000] {dag.py:3096} INFO - Sync 1 DAGs
[2026-04-25T20:47:04.502+0000] {logging_mixin.py:188} INFO - [2026-04-25T20:47:04.501+0000] {dag.py:3954} INFO - Setting next_dagrun for pipeline_job_intelligent_kafka to 2026-04-24 06:00:00+00:00, run_after=2026-04-25 06:00:00+00:00
[2026-04-25T20:47:04.564+0000] {processor.py:183} INFO - Processing /opt/airflow/dags/dag_pipeline_complet.py took 0.344 seconds
[2026-04-25T20:47:35.603+0000] {processor.py:161} INFO - Started process (PID=5003) to work on /opt/airflow/dags/dag_pipeline_complet.py
[2026-04-25T20:47:35.618+0000] {processor.py:830} INFO - Processing file /opt/airflow/dags/dag_pipeline_complet.py for tasks to queue
[2026-04-25T20:47:35.636+0000] {logging_mixin.py:188} INFO - [2026-04-25T20:47:35.620+0000] {dagbag.py:545} INFO - Filling up the DagBag from /opt/airflow/dags/dag_pipeline_complet.py
[2026-04-25T20:47:35.814+0000] {processor.py:840} INFO - DAG(s) 'pipeline_job_intelligent_kafka' retrieved from /opt/airflow/dags/dag_pipeline_complet.py
[2026-04-25T20:47:36.127+0000] {logging_mixin.py:188} INFO - [2026-04-25T20:47:36.126+0000] {dag.py:3096} INFO - Sync 1 DAGs
[2026-04-25T20:47:36.269+0000] {logging_mixin.py:188} INFO - [2026-04-25T20:47:36.268+0000] {dag.py:3954} INFO - Setting next_dagrun for pipeline_job_intelligent_kafka to 2026-04-24 06:00:00+00:00, run_after=2026-04-25 06:00:00+00:00
[2026-04-25T20:47:36.510+0000] {processor.py:183} INFO - Processing /opt/airflow/dags/dag_pipeline_complet.py took 0.967 seconds
[2026-04-25T20:48:06.927+0000] {processor.py:161} INFO - Started process (PID=5016) to work on /opt/airflow/dags/dag_pipeline_complet.py
[2026-04-25T20:48:06.929+0000] {processor.py:830} INFO - Processing file /opt/airflow/dags/dag_pipeline_complet.py for tasks to queue
[2026-04-25T20:48:06.931+0000] {logging_mixin.py:188} INFO - [2026-04-25T20:48:06.930+0000] {dagbag.py:545} INFO - Filling up the DagBag from /opt/airflow/dags/dag_pipeline_complet.py
[2026-04-25T20:48:07.053+0000] {processor.py:840} INFO - DAG(s) 'pipeline_job_intelligent_kafka' retrieved from /opt/airflow/dags/dag_pipeline_complet.py
[2026-04-25T20:48:07.253+0000] {logging_mixin.py:188} INFO - [2026-04-25T20:48:07.252+0000] {dag.py:3096} INFO - Sync 1 DAGs
[2026-04-25T20:48:07.373+0000] {logging_mixin.py:188} INFO - [2026-04-25T20:48:07.372+0000] {dag.py:3954} INFO - Setting next_dagrun for pipeline_job_intelligent_kafka to 2026-04-24 06:00:00+00:00, run_after=2026-04-25 06:00:00+00:00
[2026-04-25T20:48:07.423+0000] {processor.py:183} INFO - Processing /opt/airflow/dags/dag_pipeline_complet.py took 0.514 seconds
[2026-04-25T20:48:37.680+0000] {processor.py:161} INFO - Started process (PID=5024) to work on /opt/airflow/dags/dag_pipeline_complet.py
[2026-04-25T20:48:37.683+0000] {processor.py:830} INFO - Processing file /opt/airflow/dags/dag_pipeline_complet.py for tasks to queue
[2026-04-25T20:48:37.687+0000] {logging_mixin.py:188} INFO - [2026-04-25T20:48:37.685+0000] {dagbag.py:545} INFO - Filling up the DagBag from /opt/airflow/dags/dag_pipeline_complet.py
[2026-04-25T20:48:37.737+0000] {processor.py:840} INFO - DAG(s) 'pipeline_job_intelligent_kafka' retrieved from /opt/airflow/dags/dag_pipeline_complet.py
[2026-04-25T20:48:37.813+0000] {logging_mixin.py:188} INFO - [2026-04-25T20:48:37.812+0000] {dag.py:3096} INFO - Sync 1 DAGs
[2026-04-25T20:48:37.856+0000] {logging_mixin.py:188} INFO - [2026-04-25T20:48:37.856+0000] {dag.py:3954} INFO - Setting next_dagrun for pipeline_job_intelligent_kafka to 2026-04-24 06:00:00+00:00, run_after=2026-04-25 06:00:00+00:00
[2026-04-25T20:48:37.920+0000] {processor.py:183} INFO - Processing /opt/airflow/dags/dag_pipeline_complet.py took 0.249 seconds
[2026-04-25T20:49:08.455+0000] {processor.py:161} INFO - Started process (PID=5037) to work on /opt/airflow/dags/dag_pipeline_complet.py
[2026-04-25T20:49:08.465+0000] {processor.py:830} INFO - Processing file /opt/airflow/dags/dag_pipeline_complet.py for tasks to queue
[2026-04-25T20:49:08.468+0000] {logging_mixin.py:188} INFO - [2026-04-25T20:49:08.467+0000] {dagbag.py:545} INFO - Filling up the DagBag from /opt/airflow/dags/dag_pipeline_complet.py
[2026-04-25T20:49:08.608+0000] {processor.py:840} INFO - DAG(s) 'pipeline_job_intelligent_kafka' retrieved from /opt/airflow/dags/dag_pipeline_complet.py
[2026-04-25T20:49:08.693+0000] {logging_mixin.py:188} INFO - [2026-04-25T20:49:08.693+0000] {dag.py:3096} INFO - Sync 1 DAGs
[2026-04-25T20:49:08.749+0000] {logging_mixin.py:188} INFO - [2026-04-25T20:49:08.749+0000] {dag.py:3954} INFO - Setting next_dagrun for pipeline_job_intelligent_kafka to 2026-04-24 06:00:00+00:00, run_after=2026-04-25 06:00:00+00:00
[2026-04-25T20:49:08.796+0000] {processor.py:183} INFO - Processing /opt/airflow/dags/dag_pipeline_complet.py took 0.372 seconds
[2026-04-25T20:49:39.132+0000] {processor.py:161} INFO - Started process (PID=5045) to work on /opt/airflow/dags/dag_pipeline_complet.py
[2026-04-25T20:49:39.134+0000] {processor.py:830} INFO - Processing file /opt/airflow/dags/dag_pipeline_complet.py for tasks to queue
[2026-04-25T20:49:39.136+0000] {logging_mixin.py:188} INFO - [2026-04-25T20:49:39.135+0000] {dagbag.py:545} INFO - Filling up the DagBag from /opt/airflow/dags/dag_pipeline_complet.py
[2026-04-25T20:49:39.187+0000] {processor.py:840} INFO - DAG(s) 'pipeline_job_intelligent_kafka' retrieved from /opt/airflow/dags/dag_pipeline_complet.py
[2026-04-25T20:49:39.277+0000] {logging_mixin.py:188} INFO - [2026-04-25T20:49:39.276+0000] {dag.py:3096} INFO - Sync 1 DAGs
[2026-04-25T20:49:39.327+0000] {logging_mixin.py:188} INFO - [2026-04-25T20:49:39.326+0000] {dag.py:3954} INFO - Setting next_dagrun for pipeline_job_intelligent_kafka to 2026-04-24 06:00:00+00:00, run_after=2026-04-25 06:00:00+00:00
[2026-04-25T20:49:39.367+0000] {processor.py:183} INFO - Processing /opt/airflow/dags/dag_pipeline_complet.py took 0.252 seconds
[2026-04-25T20:50:09.954+0000] {processor.py:161} INFO - Started process (PID=5061) to work on /opt/airflow/dags/dag_pipeline_complet.py
[2026-04-25T20:50:09.967+0000] {processor.py:830} INFO - Processing file /opt/airflow/dags/dag_pipeline_complet.py for tasks to queue
[2026-04-25T20:50:09.974+0000] {logging_mixin.py:188} INFO - [2026-04-25T20:50:09.972+0000] {dagbag.py:545} INFO - Filling up the DagBag from /opt/airflow/dags/dag_pipeline_complet.py
[2026-04-25T20:50:10.175+0000] {processor.py:840} INFO - DAG(s) 'pipeline_job_intelligent_kafka' retrieved from /opt/airflow/dags/dag_pipeline_complet.py
[2026-04-25T20:50:10.287+0000] {logging_mixin.py:188} INFO - [2026-04-25T20:50:10.286+0000] {dag.py:3096} INFO - Sync 1 DAGs
[2026-04-25T20:50:10.411+0000] {logging_mixin.py:188} INFO - [2026-04-25T20:50:10.410+0000] {dag.py:3954} INFO - Setting next_dagrun for pipeline_job_intelligent_kafka to 2026-04-24 06:00:00+00:00, run_after=2026-04-25 06:00:00+00:00
[2026-04-25T20:50:10.484+0000] {processor.py:183} INFO - Processing /opt/airflow/dags/dag_pipeline_complet.py took 0.591 seconds
[2026-04-25T20:50:41.175+0000] {processor.py:161} INFO - Started process (PID=5068) to work on /opt/airflow/dags/dag_pipeline_complet.py
[2026-04-25T20:50:41.177+0000] {processor.py:830} INFO - Processing file /opt/airflow/dags/dag_pipeline_complet.py for tasks to queue
[2026-04-25T20:50:41.194+0000] {logging_mixin.py:188} INFO - [2026-04-25T20:50:41.193+0000] {dagbag.py:545} INFO - Filling up the DagBag from /opt/airflow/dags/dag_pipeline_complet.py
[2026-04-25T20:50:41.336+0000] {processor.py:840} INFO - DAG(s) 'pipeline_job_intelligent_kafka' retrieved from /opt/airflow/dags/dag_pipeline_complet.py
[2026-04-25T20:50:41.449+0000] {logging_mixin.py:188} INFO - [2026-04-25T20:50:41.445+0000] {dag.py:3096} INFO - Sync 1 DAGs
[2026-04-25T20:50:41.577+0000] {logging_mixin.py:188} INFO - [2026-04-25T20:50:41.576+0000] {dag.py:3954} INFO - Setting next_dagrun for pipeline_job_intelligent_kafka to 2026-04-24 06:00:00+00:00, run_after=2026-04-25 06:00:00+00:00
[2026-04-25T20:50:41.653+0000] {processor.py:183} INFO - Processing /opt/airflow/dags/dag_pipeline_complet.py took 0.631 seconds
[2026-04-25T20:51:13.048+0000] {processor.py:161} INFO - Started process (PID=5081) to work on /opt/airflow/dags/dag_pipeline_complet.py
[2026-04-25T20:51:13.053+0000] {processor.py:830} INFO - Processing file /opt/airflow/dags/dag_pipeline_complet.py for tasks to queue
[2026-04-25T20:51:13.065+0000] {logging_mixin.py:188} INFO - [2026-04-25T20:51:13.064+0000] {dagbag.py:545} INFO - Filling up the DagBag from /opt/airflow/dags/dag_pipeline_complet.py
[2026-04-25T20:51:13.229+0000] {processor.py:840} INFO - DAG(s) 'pipeline_job_intelligent_kafka' retrieved from /opt/airflow/dags/dag_pipeline_complet.py
[2026-04-25T20:51:13.424+0000] {logging_mixin.py:188} INFO - [2026-04-25T20:51:13.423+0000] {dag.py:3096} INFO - Sync 1 DAGs
[2026-04-25T20:51:13.671+0000] {logging_mixin.py:188} INFO - [2026-04-25T20:51:13.670+0000] {dag.py:3954} INFO - Setting next_dagrun for pipeline_job_intelligent_kafka to 2026-04-24 06:00:00+00:00, run_after=2026-04-25 06:00:00+00:00
[2026-04-25T20:51:13.864+0000] {processor.py:183} INFO - Processing /opt/airflow/dags/dag_pipeline_complet.py took 0.853 seconds
[2026-04-25T20:51:44.120+0000] {processor.py:161} INFO - Started process (PID=5089) to work on /opt/airflow/dags/dag_pipeline_complet.py
[2026-04-25T20:51:44.122+0000] {processor.py:830} INFO - Processing file /opt/airflow/dags/dag_pipeline_complet.py for tasks to queue
[2026-04-25T20:51:44.124+0000] {logging_mixin.py:188} INFO - [2026-04-25T20:51:44.123+0000] {dagbag.py:545} INFO - Filling up the DagBag from /opt/airflow/dags/dag_pipeline_complet.py
[2026-04-25T20:51:44.177+0000] {processor.py:840} INFO - DAG(s) 'pipeline_job_intelligent_kafka' retrieved from /opt/airflow/dags/dag_pipeline_complet.py
[2026-04-25T20:51:44.298+0000] {logging_mixin.py:188} INFO - [2026-04-25T20:51:44.286+0000] {dag.py:3096} INFO - Sync 1 DAGs
[2026-04-25T20:51:44.401+0000] {logging_mixin.py:188} INFO - [2026-04-25T20:51:44.401+0000] {dag.py:3954} INFO - Setting next_dagrun for pipeline_job_intelligent_kafka to 2026-04-24 06:00:00+00:00, run_after=2026-04-25 06:00:00+00:00
[2026-04-25T20:51:44.468+0000] {processor.py:183} INFO - Processing /opt/airflow/dags/dag_pipeline_complet.py took 0.360 seconds
[2026-04-25T20:52:15.670+0000] {processor.py:161} INFO - Started process (PID=5103) to work on /opt/airflow/dags/dag_pipeline_complet.py
[2026-04-25T20:52:15.685+0000] {processor.py:830} INFO - Processing file /opt/airflow/dags/dag_pipeline_complet.py for tasks to queue
[2026-04-25T20:52:15.688+0000] {logging_mixin.py:188} INFO - [2026-04-25T20:52:15.687+0000] {dagbag.py:545} INFO - Filling up the DagBag from /opt/airflow/dags/dag_pipeline_complet.py
[2026-04-25T20:52:16.087+0000] {processor.py:840} INFO - DAG(s) 'pipeline_job_intelligent_kafka' retrieved from /opt/airflow/dags/dag_pipeline_complet.py
[2026-04-25T20:52:16.351+0000] {logging_mixin.py:188} INFO - [2026-04-25T20:52:16.339+0000] {dag.py:3096} INFO - Sync 1 DAGs
[2026-04-25T20:52:16.498+0000] {logging_mixin.py:188} INFO - [2026-04-25T20:52:16.497+0000] {dag.py:3954} INFO - Setting next_dagrun for pipeline_job_intelligent_kafka to 2026-04-24 06:00:00+00:00, run_after=2026-04-25 06:00:00+00:00
[2026-04-25T20:52:16.669+0000] {processor.py:183} INFO - Processing /opt/airflow/dags/dag_pipeline_complet.py took 1.096 seconds
[2026-04-25T20:52:49.166+0000] {processor.py:161} INFO - Started process (PID=5112) to work on /opt/airflow/dags/dag_pipeline_complet.py
[2026-04-25T20:52:49.169+0000] {processor.py:830} INFO - Processing file /opt/airflow/dags/dag_pipeline_complet.py for tasks to queue
[2026-04-25T20:52:49.186+0000] {logging_mixin.py:188} INFO - [2026-04-25T20:52:49.186+0000] {dagbag.py:545} INFO - Filling up the DagBag from /opt/airflow/dags/dag_pipeline_complet.py
[2026-04-25T20:52:49.666+0000] {processor.py:840} INFO - DAG(s) 'pipeline_job_intelligent_kafka' retrieved from /opt/airflow/dags/dag_pipeline_complet.py
[2026-04-25T20:52:50.156+0000] {logging_mixin.py:188} INFO - [2026-04-25T20:52:50.156+0000] {dag.py:3096} INFO - Sync 1 DAGs
[2026-04-25T20:52:50.551+0000] {logging_mixin.py:188} INFO - [2026-04-25T20:52:50.539+0000] {dag.py:3954} INFO - Setting next_dagrun for pipeline_job_intelligent_kafka to 2026-04-24 06:00:00+00:00, run_after=2026-04-25 06:00:00+00:00
[2026-04-25T20:52:50.752+0000] {processor.py:183} INFO - Processing /opt/airflow/dags/dag_pipeline_complet.py took 1.662 seconds
[2026-04-25T20:53:21.053+0000] {processor.py:161} INFO - Started process (PID=5127) to work on /opt/airflow/dags/dag_pipeline_complet.py
[2026-04-25T20:53:21.054+0000] {processor.py:830} INFO - Processing file /opt/airflow/dags/dag_pipeline_complet.py for tasks to queue
[2026-04-25T20:53:21.060+0000] {logging_mixin.py:188} INFO - [2026-04-25T20:53:21.056+0000] {dagbag.py:545} INFO - Filling up the DagBag from /opt/airflow/dags/dag_pipeline_complet.py
[2026-04-25T20:53:21.130+0000] {processor.py:840} INFO - DAG(s) 'pipeline_job_intelligent_kafka' retrieved from /opt/airflow/dags/dag_pipeline_complet.py
[2026-04-25T20:53:21.253+0000] {logging_mixin.py:188} INFO - [2026-04-25T20:53:21.253+0000] {dag.py:3096} INFO - Sync 1 DAGs
[2026-04-25T20:53:21.323+0000] {logging_mixin.py:188} INFO - [2026-04-25T20:53:21.322+0000] {dag.py:3954} INFO - Setting next_dagrun for pipeline_job_intelligent_kafka to 2026-04-24 06:00:00+00:00, run_after=2026-04-25 06:00:00+00:00
[2026-04-25T20:53:21.404+0000] {processor.py:183} INFO - Processing /opt/airflow/dags/dag_pipeline_complet.py took 0.368 seconds
[2026-04-25T20:53:52.269+0000] {processor.py:161} INFO - Started process (PID=5135) to work on /opt/airflow/dags/dag_pipeline_complet.py
[2026-04-25T20:53:52.282+0000] {processor.py:830} INFO - Processing file /opt/airflow/dags/dag_pipeline_complet.py for tasks to queue
[2026-04-25T20:53:52.292+0000] {logging_mixin.py:188} INFO - [2026-04-25T20:53:52.291+0000] {dagbag.py:545} INFO - Filling up the DagBag from /opt/airflow/dags/dag_pipeline_complet.py
[2026-04-25T20:53:52.508+0000] {processor.py:840} INFO - DAG(s) 'pipeline_job_intelligent_kafka' retrieved from /opt/airflow/dags/dag_pipeline_complet.py
[2026-04-25T20:53:52.827+0000] {logging_mixin.py:188} INFO - [2026-04-25T20:53:52.826+0000] {dag.py:3096} INFO - Sync 1 DAGs
[2026-04-25T20:53:53.223+0000] {logging_mixin.py:188} INFO - [2026-04-25T20:53:53.223+0000] {dag.py:3954} INFO - Setting next_dagrun for pipeline_job_intelligent_kafka to 2026-04-24 06:00:00+00:00, run_after=2026-04-25 06:00:00+00:00
[2026-04-25T20:53:54.007+0000] {processor.py:183} INFO - Processing /opt/airflow/dags/dag_pipeline_complet.py took 1.762 seconds
[2026-04-25T20:54:24.264+0000] {processor.py:161} INFO - Started process (PID=5148) to work on /opt/airflow/dags/dag_pipeline_complet.py
[2026-04-25T20:54:24.266+0000] {processor.py:830} INFO - Processing file /opt/airflow/dags/dag_pipeline_complet.py for tasks to queue
[2026-04-25T20:54:24.269+0000] {logging_mixin.py:188} INFO - [2026-04-25T20:54:24.268+0000] {dagbag.py:545} INFO - Filling up the DagBag from /opt/airflow/dags/dag_pipeline_complet.py
[2026-04-25T20:54:24.316+0000] {processor.py:840} INFO - DAG(s) 'pipeline_job_intelligent_kafka' retrieved from /opt/airflow/dags/dag_pipeline_complet.py
[2026-04-25T20:54:24.395+0000] {logging_mixin.py:188} INFO - [2026-04-25T20:54:24.394+0000] {dag.py:3096} INFO - Sync 1 DAGs
[2026-04-25T20:54:24.507+0000] {logging_mixin.py:188} INFO - [2026-04-25T20:54:24.507+0000] {dag.py:3954} INFO - Setting next_dagrun for pipeline_job_intelligent_kafka to 2026-04-24 06:00:00+00:00, run_after=2026-04-25 06:00:00+00:00
[2026-04-25T20:54:24.546+0000] {processor.py:183} INFO - Processing /opt/airflow/dags/dag_pipeline_complet.py took 0.302 seconds
[2026-04-25T20:54:54.859+0000] {processor.py:161} INFO - Started process (PID=5162) to work on /opt/airflow/dags/dag_pipeline_complet.py
[2026-04-25T20:54:54.861+0000] {processor.py:830} INFO - Processing file /opt/airflow/dags/dag_pipeline_complet.py for tasks to queue
[2026-04-25T20:54:54.863+0000] {logging_mixin.py:188} INFO - [2026-04-25T20:54:54.862+0000] {dagbag.py:545} INFO - Filling up the DagBag from /opt/airflow/dags/dag_pipeline_complet.py
[2026-04-25T20:54:54.906+0000] {processor.py:840} INFO - DAG(s) 'pipeline_job_intelligent_kafka' retrieved from /opt/airflow/dags/dag_pipeline_complet.py
[2026-04-25T20:54:55.005+0000] {logging_mixin.py:188} INFO - [2026-04-25T20:54:55.004+0000] {dag.py:3096} INFO - Sync 1 DAGs
[2026-04-25T20:54:55.149+0000] {logging_mixin.py:188} INFO - [2026-04-25T20:54:55.144+0000] {dag.py:3954} INFO - Setting next_dagrun for pipeline_job_intelligent_kafka to 2026-04-24 06:00:00+00:00, run_after=2026-04-25 06:00:00+00:00
[2026-04-25T20:54:55.311+0000] {processor.py:183} INFO - Processing /opt/airflow/dags/dag_pipeline_complet.py took 0.465 seconds
[2026-04-25T20:55:25.711+0000] {processor.py:161} INFO - Started process (PID=5169) to work on /opt/airflow/dags/dag_pipeline_complet.py
[2026-04-25T20:55:25.713+0000] {processor.py:830} INFO - Processing file /opt/airflow/dags/dag_pipeline_complet.py for tasks to queue
[2026-04-25T20:55:25.717+0000] {logging_mixin.py:188} INFO - [2026-04-25T20:55:25.716+0000] {dagbag.py:545} INFO - Filling up the DagBag from /opt/airflow/dags/dag_pipeline_complet.py
[2026-04-25T20:55:25.759+0000] {processor.py:840} INFO - DAG(s) 'pipeline_job_intelligent_kafka' retrieved from /opt/airflow/dags/dag_pipeline_complet.py
[2026-04-25T20:55:25.859+0000] {logging_mixin.py:188} INFO - [2026-04-25T20:55:25.858+0000] {dag.py:3096} INFO - Sync 1 DAGs
[2026-04-25T20:55:25.967+0000] {logging_mixin.py:188} INFO - [2026-04-25T20:55:25.966+0000] {dag.py:3954} INFO - Setting next_dagrun for pipeline_job_intelligent_kafka to 2026-04-24 06:00:00+00:00, run_after=2026-04-25 06:00:00+00:00
[2026-04-25T20:55:26.038+0000] {processor.py:183} INFO - Processing /opt/airflow/dags/dag_pipeline_complet.py took 0.344 seconds
[2026-04-25T20:55:56.204+0000] {processor.py:161} INFO - Started process (PID=5183) to work on /opt/airflow/dags/dag_pipeline_complet.py
[2026-04-25T20:55:56.205+0000] {processor.py:830} INFO - Processing file /opt/airflow/dags/dag_pipeline_complet.py for tasks to queue
[2026-04-25T20:55:56.207+0000] {logging_mixin.py:188} INFO - [2026-04-25T20:55:56.207+0000] {dagbag.py:545} INFO - Filling up the DagBag from /opt/airflow/dags/dag_pipeline_complet.py
[2026-04-25T20:55:56.245+0000] {processor.py:840} INFO - DAG(s) 'pipeline_job_intelligent_kafka' retrieved from /opt/airflow/dags/dag_pipeline_complet.py
[2026-04-25T20:55:56.323+0000] {logging_mixin.py:188} INFO - [2026-04-25T20:55:56.322+0000] {dag.py:3096} INFO - Sync 1 DAGs
[2026-04-25T20:55:56.428+0000] {logging_mixin.py:188} INFO - [2026-04-25T20:55:56.428+0000] {dag.py:3954} INFO - Setting next_dagrun for pipeline_job_intelligent_kafka to 2026-04-24 06:00:00+00:00, run_after=2026-04-25 06:00:00+00:00
[2026-04-25T20:55:56.925+0000] {processor.py:183} INFO - Processing /opt/airflow/dags/dag_pipeline_complet.py took 0.730 seconds
[2026-04-25T20:56:27.121+0000] {processor.py:161} INFO - Started process (PID=5191) to work on /opt/airflow/dags/dag_pipeline_complet.py
[2026-04-25T20:56:27.123+0000] {processor.py:830} INFO - Processing file /opt/airflow/dags/dag_pipeline_complet.py for tasks to queue
[2026-04-25T20:56:27.125+0000] {logging_mixin.py:188} INFO - [2026-04-25T20:56:27.124+0000] {dagbag.py:545} INFO - Filling up the DagBag from /opt/airflow/dags/dag_pipeline_complet.py
[2026-04-25T20:56:27.163+0000] {processor.py:840} INFO - DAG(s) 'pipeline_job_intelligent_kafka' retrieved from /opt/airflow/dags/dag_pipeline_complet.py
[2026-04-25T20:56:27.228+0000] {logging_mixin.py:188} INFO - [2026-04-25T20:56:27.228+0000] {dag.py:3096} INFO - Sync 1 DAGs
[2026-04-25T20:56:27.266+0000] {logging_mixin.py:188} INFO - [2026-04-25T20:56:27.266+0000] {dag.py:3954} INFO - Setting next_dagrun for pipeline_job_intelligent_kafka to 2026-04-24 06:00:00+00:00, run_after=2026-04-25 06:00:00+00:00
[2026-04-25T20:56:27.298+0000] {processor.py:183} INFO - Processing /opt/airflow/dags/dag_pipeline_complet.py took 0.188 seconds
[2026-04-25T20:56:58.060+0000] {processor.py:161} INFO - Started process (PID=5204) to work on /opt/airflow/dags/dag_pipeline_complet.py
[2026-04-25T20:56:58.062+0000] {processor.py:830} INFO - Processing file /opt/airflow/dags/dag_pipeline_complet.py for tasks to queue
[2026-04-25T20:56:58.064+0000] {logging_mixin.py:188} INFO - [2026-04-25T20:56:58.064+0000] {dagbag.py:545} INFO - Filling up the DagBag from /opt/airflow/dags/dag_pipeline_complet.py
[2026-04-25T20:56:58.097+0000] {processor.py:840} INFO - DAG(s) 'pipeline_job_intelligent_kafka' retrieved from /opt/airflow/dags/dag_pipeline_complet.py
[2026-04-25T20:56:58.163+0000] {logging_mixin.py:188} INFO - [2026-04-25T20:56:58.163+0000] {dag.py:3096} INFO - Sync 1 DAGs
[2026-04-25T20:56:58.254+0000] {logging_mixin.py:188} INFO - [2026-04-25T20:56:58.253+0000] {dag.py:3954} INFO - Setting next_dagrun for pipeline_job_intelligent_kafka to 2026-04-24 06:00:00+00:00, run_after=2026-04-25 06:00:00+00:00
[2026-04-25T20:56:58.311+0000] {processor.py:183} INFO - Processing /opt/airflow/dags/dag_pipeline_complet.py took 0.260 seconds
[2026-04-25T20:57:28.842+0000] {processor.py:161} INFO - Started process (PID=5212) to work on /opt/airflow/dags/dag_pipeline_complet.py
[2026-04-25T20:57:28.846+0000] {processor.py:830} INFO - Processing file /opt/airflow/dags/dag_pipeline_complet.py for tasks to queue
[2026-04-25T20:57:28.848+0000] {logging_mixin.py:188} INFO - [2026-04-25T20:57:28.848+0000] {dagbag.py:545} INFO - Filling up the DagBag from /opt/airflow/dags/dag_pipeline_complet.py
[2026-04-25T20:57:28.895+0000] {processor.py:840} INFO - DAG(s) 'pipeline_job_intelligent_kafka' retrieved from /opt/airflow/dags/dag_pipeline_complet.py
[2026-04-25T20:57:28.994+0000] {logging_mixin.py:188} INFO - [2026-04-25T20:57:28.994+0000] {dag.py:3096} INFO - Sync 1 DAGs
[2026-04-25T20:57:29.088+0000] {logging_mixin.py:188} INFO - [2026-04-25T20:57:29.087+0000] {dag.py:3954} INFO - Setting next_dagrun for pipeline_job_intelligent_kafka to 2026-04-24 06:00:00+00:00, run_after=2026-04-25 06:00:00+00:00
[2026-04-25T20:57:29.220+0000] {processor.py:183} INFO - Processing /opt/airflow/dags/dag_pipeline_complet.py took 0.397 seconds
[2026-04-25T20:58:00.308+0000] {processor.py:161} INFO - Started process (PID=5226) to work on /opt/airflow/dags/dag_pipeline_complet.py
[2026-04-25T20:58:00.320+0000] {processor.py:830} INFO - Processing file /opt/airflow/dags/dag_pipeline_complet.py for tasks to queue
[2026-04-25T20:58:00.323+0000] {logging_mixin.py:188} INFO - [2026-04-25T20:58:00.323+0000] {dagbag.py:545} INFO - Filling up the DagBag from /opt/airflow/dags/dag_pipeline_complet.py
[2026-04-25T20:58:00.474+0000] {processor.py:840} INFO - DAG(s) 'pipeline_job_intelligent_kafka' retrieved from /opt/airflow/dags/dag_pipeline_complet.py
[2026-04-25T20:58:00.573+0000] {logging_mixin.py:188} INFO - [2026-04-25T20:58:00.572+0000] {dag.py:3096} INFO - Sync 1 DAGs
[2026-04-25T20:58:00.704+0000] {logging_mixin.py:188} INFO - [2026-04-25T20:58:00.693+0000] {dag.py:3954} INFO - Setting next_dagrun for pipeline_job_intelligent_kafka to 2026-04-24 06:00:00+00:00, run_after=2026-04-25 06:00:00+00:00
[2026-04-25T20:58:00.941+0000] {processor.py:183} INFO - Processing /opt/airflow/dags/dag_pipeline_complet.py took 0.705 seconds
[2026-04-25T20:58:31.598+0000] {processor.py:161} INFO - Started process (PID=5235) to work on /opt/airflow/dags/dag_pipeline_complet.py
[2026-04-25T20:58:31.606+0000] {processor.py:830} INFO - Processing file /opt/airflow/dags/dag_pipeline_complet.py for tasks to queue
[2026-04-25T20:58:31.623+0000] {logging_mixin.py:188} INFO - [2026-04-25T20:58:31.622+0000] {dagbag.py:545} INFO - Filling up the DagBag from /opt/airflow/dags/dag_pipeline_complet.py
[2026-04-25T20:58:31.704+0000] {processor.py:840} INFO - DAG(s) 'pipeline_job_intelligent_kafka' retrieved from /opt/airflow/dags/dag_pipeline_complet.py
[2026-04-25T20:58:31.778+0000] {logging_mixin.py:188} INFO - [2026-04-25T20:58:31.777+0000] {dag.py:3096} INFO - Sync 1 DAGs
[2026-04-25T20:58:31.859+0000] {logging_mixin.py:188} INFO - [2026-04-25T20:58:31.858+0000] {dag.py:3954} INFO - Setting next_dagrun for pipeline_job_intelligent_kafka to 2026-04-24 06:00:00+00:00, run_after=2026-04-25 06:00:00+00:00
[2026-04-25T20:58:31.987+0000] {processor.py:183} INFO - Processing /opt/airflow/dags/dag_pipeline_complet.py took 0.431 seconds
[2026-04-25T20:59:03.611+0000] {processor.py:161} INFO - Started process (PID=5250) to work on /opt/airflow/dags/dag_pipeline_complet.py
[2026-04-25T20:59:03.642+0000] {processor.py:830} INFO - Processing file /opt/airflow/dags/dag_pipeline_complet.py for tasks to queue
[2026-04-25T20:59:03.739+0000] {logging_mixin.py:188} INFO - [2026-04-25T20:59:03.738+0000] {dagbag.py:545} INFO - Filling up the DagBag from /opt/airflow/dags/dag_pipeline_complet.py
[2026-04-25T20:59:05.371+0000] {processor.py:840} INFO - DAG(s) 'pipeline_job_intelligent_kafka' retrieved from /opt/airflow/dags/dag_pipeline_complet.py
[2026-04-25T20:59:05.727+0000] {logging_mixin.py:188} INFO - [2026-04-25T20:59:05.726+0000] {dag.py:3096} INFO - Sync 1 DAGs
[2026-04-25T20:59:05.890+0000] {logging_mixin.py:188} INFO - [2026-04-25T20:59:05.877+0000] {dag.py:3954} INFO - Setting next_dagrun for pipeline_job_intelligent_kafka to 2026-04-24 06:00:00+00:00, run_after=2026-04-25 06:00:00+00:00
[2026-04-25T20:59:06.026+0000] {processor.py:183} INFO - Processing /opt/airflow/dags/dag_pipeline_complet.py took 2.542 seconds
[2026-04-25T20:59:37.296+0000] {processor.py:161} INFO - Started process (PID=5258) to work on /opt/airflow/dags/dag_pipeline_complet.py
[2026-04-25T20:59:37.298+0000] {processor.py:830} INFO - Processing file /opt/airflow/dags/dag_pipeline_complet.py for tasks to queue
[2026-04-25T20:59:37.301+0000] {logging_mixin.py:188} INFO - [2026-04-25T20:59:37.300+0000] {dagbag.py:545} INFO - Filling up the DagBag from /opt/airflow/dags/dag_pipeline_complet.py
[2026-04-25T20:59:37.419+0000] {processor.py:840} INFO - DAG(s) 'pipeline_job_intelligent_kafka' retrieved from /opt/airflow/dags/dag_pipeline_complet.py
[2026-04-25T20:59:37.766+0000] {logging_mixin.py:188} INFO - [2026-04-25T20:59:37.765+0000] {dag.py:3096} INFO - Sync 1 DAGs
[2026-04-25T20:59:38.100+0000] {logging_mixin.py:188} INFO - [2026-04-25T20:59:38.099+0000] {dag.py:3954} INFO - Setting next_dagrun for pipeline_job_intelligent_kafka to 2026-04-24 06:00:00+00:00, run_after=2026-04-25 06:00:00+00:00
[2026-04-25T20:59:38.337+0000] {processor.py:183} INFO - Processing /opt/airflow/dags/dag_pipeline_complet.py took 1.061 seconds
[2026-04-25T21:00:08.832+0000] {processor.py:161} INFO - Started process (PID=5272) to work on /opt/airflow/dags/dag_pipeline_complet.py
[2026-04-25T21:00:08.858+0000] {processor.py:830} INFO - Processing file /opt/airflow/dags/dag_pipeline_complet.py for tasks to queue
[2026-04-25T21:00:08.860+0000] {logging_mixin.py:188} INFO - [2026-04-25T21:00:08.859+0000] {dagbag.py:545} INFO - Filling up the DagBag from /opt/airflow/dags/dag_pipeline_complet.py
[2026-04-25T21:00:09.128+0000] {processor.py:840} INFO - DAG(s) 'pipeline_job_intelligent_kafka' retrieved from /opt/airflow/dags/dag_pipeline_complet.py
[2026-04-25T21:00:09.297+0000] {logging_mixin.py:188} INFO - [2026-04-25T21:00:09.297+0000] {dag.py:3096} INFO - Sync 1 DAGs
[2026-04-25T21:00:09.429+0000] {logging_mixin.py:188} INFO - [2026-04-25T21:00:09.428+0000] {dag.py:3954} INFO - Setting next_dagrun for pipeline_job_intelligent_kafka to 2026-04-24 06:00:00+00:00, run_after=2026-04-25 06:00:00+00:00
[2026-04-25T21:00:09.537+0000] {processor.py:183} INFO - Processing /opt/airflow/dags/dag_pipeline_complet.py took 0.761 seconds
[2026-04-25T21:00:39.921+0000] {processor.py:161} INFO - Started process (PID=5281) to work on /opt/airflow/dags/dag_pipeline_complet.py
[2026-04-25T21:00:39.923+0000] {processor.py:830} INFO - Processing file /opt/airflow/dags/dag_pipeline_complet.py for tasks to queue
[2026-04-25T21:00:39.927+0000] {logging_mixin.py:188} INFO - [2026-04-25T21:00:39.926+0000] {dagbag.py:545} INFO - Filling up the DagBag from /opt/airflow/dags/dag_pipeline_complet.py
[2026-04-25T21:00:40.055+0000] {processor.py:840} INFO - DAG(s) 'pipeline_job_intelligent_kafka' retrieved from /opt/airflow/dags/dag_pipeline_complet.py
[2026-04-25T21:00:40.130+0000] {logging_mixin.py:188} INFO - [2026-04-25T21:00:40.129+0000] {dag.py:3096} INFO - Sync 1 DAGs
[2026-04-25T21:00:40.187+0000] {logging_mixin.py:188} INFO - [2026-04-25T21:00:40.187+0000] {dag.py:3954} INFO - Setting next_dagrun for pipeline_job_intelligent_kafka to 2026-04-24 06:00:00+00:00, run_after=2026-04-25 06:00:00+00:00
[2026-04-25T21:00:40.311+0000] {processor.py:183} INFO - Processing /opt/airflow/dags/dag_pipeline_complet.py took 0.408 seconds
[2026-04-25T21:01:10.738+0000] {processor.py:161} INFO - Started process (PID=5295) to work on /opt/airflow/dags/dag_pipeline_complet.py
[2026-04-25T21:01:10.740+0000] {processor.py:830} INFO - Processing file /opt/airflow/dags/dag_pipeline_complet.py for tasks to queue
[2026-04-25T21:01:10.741+0000] {logging_mixin.py:188} INFO - [2026-04-25T21:01:10.741+0000] {dagbag.py:545} INFO - Filling up the DagBag from /opt/airflow/dags/dag_pipeline_complet.py
[2026-04-25T21:01:10.778+0000] {processor.py:840} INFO - DAG(s) 'pipeline_job_intelligent_kafka' retrieved from /opt/airflow/dags/dag_pipeline_complet.py
[2026-04-25T21:01:10.853+0000] {logging_mixin.py:188} INFO - [2026-04-25T21:01:10.852+0000] {dag.py:3096} INFO - Sync 1 DAGs
[2026-04-25T21:01:10.891+0000] {logging_mixin.py:188} INFO - [2026-04-25T21:01:10.891+0000] {dag.py:3954} INFO - Setting next_dagrun for pipeline_job_intelligent_kafka to 2026-04-24 06:00:00+00:00, run_after=2026-04-25 06:00:00+00:00
[2026-04-25T21:01:10.946+0000] {processor.py:183} INFO - Processing /opt/airflow/dags/dag_pipeline_complet.py took 0.217 seconds
[2026-04-25T21:01:41.254+0000] {processor.py:161} INFO - Started process (PID=5303) to work on /opt/airflow/dags/dag_pipeline_complet.py
[2026-04-25T21:01:41.255+0000] {processor.py:830} INFO - Processing file /opt/airflow/dags/dag_pipeline_complet.py for tasks to queue
[2026-04-25T21:01:41.257+0000] {logging_mixin.py:188} INFO - [2026-04-25T21:01:41.256+0000] {dagbag.py:545} INFO - Filling up the DagBag from /opt/airflow/dags/dag_pipeline_complet.py
[2026-04-25T21:01:41.290+0000] {processor.py:840} INFO - DAG(s) 'pipeline_job_intelligent_kafka' retrieved from /opt/airflow/dags/dag_pipeline_complet.py
[2026-04-25T21:01:41.353+0000] {logging_mixin.py:188} INFO - [2026-04-25T21:01:41.352+0000] {dag.py:3096} INFO - Sync 1 DAGs
[2026-04-25T21:01:41.419+0000] {logging_mixin.py:188} INFO - [2026-04-25T21:01:41.418+0000] {dag.py:3954} INFO - Setting next_dagrun for pipeline_job_intelligent_kafka to 2026-04-24 06:00:00+00:00, run_after=2026-04-25 06:00:00+00:00
[2026-04-25T21:01:41.479+0000] {processor.py:183} INFO - Processing /opt/airflow/dags/dag_pipeline_complet.py took 0.236 seconds
[2026-04-25T21:02:12.316+0000] {processor.py:161} INFO - Started process (PID=5316) to work on /opt/airflow/dags/dag_pipeline_complet.py
[2026-04-25T21:02:12.318+0000] {processor.py:830} INFO - Processing file /opt/airflow/dags/dag_pipeline_complet.py for tasks to queue
[2026-04-25T21:02:12.321+0000] {logging_mixin.py:188} INFO - [2026-04-25T21:02:12.320+0000] {dagbag.py:545} INFO - Filling up the DagBag from /opt/airflow/dags/dag_pipeline_complet.py
[2026-04-25T21:02:12.404+0000] {processor.py:840} INFO - DAG(s) 'pipeline_job_intelligent_kafka' retrieved from /opt/airflow/dags/dag_pipeline_complet.py
[2026-04-25T21:02:12.633+0000] {logging_mixin.py:188} INFO - [2026-04-25T21:02:12.631+0000] {dag.py:3096} INFO - Sync 1 DAGs
[2026-04-25T21:02:12.763+0000] {logging_mixin.py:188} INFO - [2026-04-25T21:02:12.762+0000] {dag.py:3954} INFO - Setting next_dagrun for pipeline_job_intelligent_kafka to 2026-04-24 06:00:00+00:00, run_after=2026-04-25 06:00:00+00:00
[2026-04-25T21:02:12.834+0000] {processor.py:183} INFO - Processing /opt/airflow/dags/dag_pipeline_complet.py took 0.532 seconds
[2026-04-25T21:02:43.233+0000] {processor.py:161} INFO - Started process (PID=5330) to work on /opt/airflow/dags/dag_pipeline_complet.py
[2026-04-25T21:02:43.235+0000] {processor.py:830} INFO - Processing file /opt/airflow/dags/dag_pipeline_complet.py for tasks to queue
[2026-04-25T21:02:43.245+0000] {logging_mixin.py:188} INFO - [2026-04-25T21:02:43.240+0000] {dagbag.py:545} INFO - Filling up the DagBag from /opt/airflow/dags/dag_pipeline_complet.py
[2026-04-25T21:02:43.337+0000] {processor.py:840} INFO - DAG(s) 'pipeline_job_intelligent_kafka' retrieved from /opt/airflow/dags/dag_pipeline_complet.py
[2026-04-25T21:02:43.481+0000] {logging_mixin.py:188} INFO - [2026-04-25T21:02:43.480+0000] {dag.py:3096} INFO - Sync 1 DAGs
[2026-04-25T21:02:43.550+0000] {logging_mixin.py:188} INFO - [2026-04-25T21:02:43.549+0000] {dag.py:3954} INFO - Setting next_dagrun for pipeline_job_intelligent_kafka to 2026-04-24 06:00:00+00:00, run_after=2026-04-25 06:00:00+00:00
[2026-04-25T21:02:43.586+0000] {processor.py:183} INFO - Processing /opt/airflow/dags/dag_pipeline_complet.py took 0.378 seconds
[2026-04-25T21:03:15.874+0000] {processor.py:161} INFO - Started process (PID=5338) to work on /opt/airflow/dags/dag_pipeline_complet.py
[2026-04-25T21:03:15.887+0000] {processor.py:830} INFO - Processing file /opt/airflow/dags/dag_pipeline_complet.py for tasks to queue
[2026-04-25T21:03:15.891+0000] {logging_mixin.py:188} INFO - [2026-04-25T21:03:15.890+0000] {dagbag.py:545} INFO - Filling up the DagBag from /opt/airflow/dags/dag_pipeline_complet.py
[2026-04-25T21:03:16.329+0000] {processor.py:840} INFO - DAG(s) 'pipeline_job_intelligent_kafka' retrieved from /opt/airflow/dags/dag_pipeline_complet.py
[2026-04-25T21:03:17.127+0000] {logging_mixin.py:188} INFO - [2026-04-25T21:03:17.126+0000] {dag.py:3096} INFO - Sync 1 DAGs
[2026-04-25T21:03:17.471+0000] {logging_mixin.py:188} INFO - [2026-04-25T21:03:17.471+0000] {dag.py:3954} INFO - Setting next_dagrun for pipeline_job_intelligent_kafka to 2026-04-24 06:00:00+00:00, run_after=2026-04-25 06:00:00+00:00
[2026-04-25T21:03:17.673+0000] {processor.py:183} INFO - Processing /opt/airflow/dags/dag_pipeline_complet.py took 1.838 seconds
[2026-04-25T21:03:47.817+0000] {processor.py:161} INFO - Started process (PID=5351) to work on /opt/airflow/dags/dag_pipeline_complet.py
[2026-04-25T21:03:47.819+0000] {processor.py:830} INFO - Processing file /opt/airflow/dags/dag_pipeline_complet.py for tasks to queue
[2026-04-25T21:03:47.822+0000] {logging_mixin.py:188} INFO - [2026-04-25T21:03:47.820+0000] {dagbag.py:545} INFO - Filling up the DagBag from /opt/airflow/dags/dag_pipeline_complet.py
[2026-04-25T21:03:47.865+0000] {processor.py:840} INFO - DAG(s) 'pipeline_job_intelligent_kafka' retrieved from /opt/airflow/dags/dag_pipeline_complet.py
[2026-04-25T21:03:47.922+0000] {logging_mixin.py:188} INFO - [2026-04-25T21:03:47.922+0000] {dag.py:3096} INFO - Sync 1 DAGs
[2026-04-25T21:03:47.962+0000] {logging_mixin.py:188} INFO - [2026-04-25T21:03:47.961+0000] {dag.py:3954} INFO - Setting next_dagrun for pipeline_job_intelligent_kafka to 2026-04-24 06:00:00+00:00, run_after=2026-04-25 06:00:00+00:00
[2026-04-25T21:03:47.999+0000] {processor.py:183} INFO - Processing /opt/airflow/dags/dag_pipeline_complet.py took 0.198 seconds
[2026-04-25T21:04:18.806+0000] {processor.py:161} INFO - Started process (PID=5359) to work on /opt/airflow/dags/dag_pipeline_complet.py
[2026-04-25T21:04:18.808+0000] {processor.py:830} INFO - Processing file /opt/airflow/dags/dag_pipeline_complet.py for tasks to queue
[2026-04-25T21:04:18.811+0000] {logging_mixin.py:188} INFO - [2026-04-25T21:04:18.810+0000] {dagbag.py:545} INFO - Filling up the DagBag from /opt/airflow/dags/dag_pipeline_complet.py
[2026-04-25T21:04:18.934+0000] {processor.py:840} INFO - DAG(s) 'pipeline_job_intelligent_kafka' retrieved from /opt/airflow/dags/dag_pipeline_complet.py
[2026-04-25T21:04:19.180+0000] {logging_mixin.py:188} INFO - [2026-04-25T21:04:19.179+0000] {dag.py:3096} INFO - Sync 1 DAGs
[2026-04-25T21:04:19.351+0000] {logging_mixin.py:188} INFO - [2026-04-25T21:04:19.350+0000] {dag.py:3954} INFO - Setting next_dagrun for pipeline_job_intelligent_kafka to 2026-04-24 06:00:00+00:00, run_after=2026-04-25 06:00:00+00:00
[2026-04-25T21:04:19.465+0000] {processor.py:183} INFO - Processing /opt/airflow/dags/dag_pipeline_complet.py took 0.700 seconds
[2026-04-25T21:04:50.007+0000] {processor.py:161} INFO - Started process (PID=5373) to work on /opt/airflow/dags/dag_pipeline_complet.py
[2026-04-25T21:04:50.012+0000] {processor.py:830} INFO - Processing file /opt/airflow/dags/dag_pipeline_complet.py for tasks to queue
[2026-04-25T21:04:50.019+0000] {logging_mixin.py:188} INFO - [2026-04-25T21:04:50.014+0000] {dagbag.py:545} INFO - Filling up the DagBag from /opt/airflow/dags/dag_pipeline_complet.py
[2026-04-25T21:04:50.152+0000] {processor.py:840} INFO - DAG(s) 'pipeline_job_intelligent_kafka' retrieved from /opt/airflow/dags/dag_pipeline_complet.py
[2026-04-25T21:04:50.272+0000] {logging_mixin.py:188} INFO - [2026-04-25T21:04:50.272+0000] {dag.py:3096} INFO - Sync 1 DAGs
[2026-04-25T21:04:50.329+0000] {logging_mixin.py:188} INFO - [2026-04-25T21:04:50.328+0000] {dag.py:3954} INFO - Setting next_dagrun for pipeline_job_intelligent_kafka to 2026-04-24 06:00:00+00:00, run_after=2026-04-25 06:00:00+00:00
[2026-04-25T21:04:50.371+0000] {processor.py:183} INFO - Processing /opt/airflow/dags/dag_pipeline_complet.py took 0.379 seconds
[2026-04-25T21:05:20.714+0000] {processor.py:161} INFO - Started process (PID=5381) to work on /opt/airflow/dags/dag_pipeline_complet.py
[2026-04-25T21:05:20.716+0000] {processor.py:830} INFO - Processing file /opt/airflow/dags/dag_pipeline_complet.py for tasks to queue
[2026-04-25T21:05:20.719+0000] {logging_mixin.py:188} INFO - [2026-04-25T21:05:20.719+0000] {dagbag.py:545} INFO - Filling up the DagBag from /opt/airflow/dags/dag_pipeline_complet.py
[2026-04-25T21:05:20.800+0000] {processor.py:840} INFO - DAG(s) 'pipeline_job_intelligent_kafka' retrieved from /opt/airflow/dags/dag_pipeline_complet.py
[2026-04-25T21:05:20.971+0000] {logging_mixin.py:188} INFO - [2026-04-25T21:05:20.967+0000] {dag.py:3096} INFO - Sync 1 DAGs
[2026-04-25T21:05:21.039+0000] {logging_mixin.py:188} INFO - [2026-04-25T21:05:21.039+0000] {dag.py:3954} INFO - Setting next_dagrun for pipeline_job_intelligent_kafka to 2026-04-24 06:00:00+00:00, run_after=2026-04-25 06:00:00+00:00
[2026-04-25T21:05:21.134+0000] {processor.py:183} INFO - Processing /opt/airflow/dags/dag_pipeline_complet.py took 0.438 seconds
[2026-04-25T21:05:51.673+0000] {processor.py:161} INFO - Started process (PID=5395) to work on /opt/airflow/dags/dag_pipeline_complet.py
[2026-04-25T21:05:51.675+0000] {processor.py:830} INFO - Processing file /opt/airflow/dags/dag_pipeline_complet.py for tasks to queue
[2026-04-25T21:05:51.677+0000] {logging_mixin.py:188} INFO - [2026-04-25T21:05:51.676+0000] {dagbag.py:545} INFO - Filling up the DagBag from /opt/airflow/dags/dag_pipeline_complet.py
[2026-04-25T21:05:51.720+0000] {processor.py:840} INFO - DAG(s) 'pipeline_job_intelligent_kafka' retrieved from /opt/airflow/dags/dag_pipeline_complet.py
[2026-04-25T21:05:51.777+0000] {logging_mixin.py:188} INFO - [2026-04-25T21:05:51.777+0000] {dag.py:3096} INFO - Sync 1 DAGs
[2026-04-25T21:05:51.818+0000] {logging_mixin.py:188} INFO - [2026-04-25T21:05:51.818+0000] {dag.py:3954} INFO - Setting next_dagrun for pipeline_job_intelligent_kafka to 2026-04-24 06:00:00+00:00, run_after=2026-04-25 06:00:00+00:00
[2026-04-25T21:05:51.871+0000] {processor.py:183} INFO - Processing /opt/airflow/dags/dag_pipeline_complet.py took 0.210 seconds
[2026-04-25T21:06:22.615+0000] {processor.py:161} INFO - Started process (PID=5402) to work on /opt/airflow/dags/dag_pipeline_complet.py
[2026-04-25T21:06:22.616+0000] {processor.py:830} INFO - Processing file /opt/airflow/dags/dag_pipeline_complet.py for tasks to queue
[2026-04-25T21:06:22.618+0000] {logging_mixin.py:188} INFO - [2026-04-25T21:06:22.617+0000] {dagbag.py:545} INFO - Filling up the DagBag from /opt/airflow/dags/dag_pipeline_complet.py
[2026-04-25T21:06:22.651+0000] {processor.py:840} INFO - DAG(s) 'pipeline_job_intelligent_kafka' retrieved from /opt/airflow/dags/dag_pipeline_complet.py
[2026-04-25T21:06:22.708+0000] {logging_mixin.py:188} INFO - [2026-04-25T21:06:22.708+0000] {dag.py:3096} INFO - Sync 1 DAGs
[2026-04-25T21:06:22.747+0000] {logging_mixin.py:188} INFO - [2026-04-25T21:06:22.746+0000] {dag.py:3954} INFO - Setting next_dagrun for pipeline_job_intelligent_kafka to 2026-04-24 06:00:00+00:00, run_after=2026-04-25 06:00:00+00:00
[2026-04-25T21:06:22.793+0000] {processor.py:183} INFO - Processing /opt/airflow/dags/dag_pipeline_complet.py took 0.188 seconds
[2026-04-25T21:06:53.738+0000] {processor.py:161} INFO - Started process (PID=5416) to work on /opt/airflow/dags/dag_pipeline_complet.py
[2026-04-25T21:06:53.740+0000] {processor.py:830} INFO - Processing file /opt/airflow/dags/dag_pipeline_complet.py for tasks to queue
[2026-04-25T21:06:53.742+0000] {logging_mixin.py:188} INFO - [2026-04-25T21:06:53.741+0000] {dagbag.py:545} INFO - Filling up the DagBag from /opt/airflow/dags/dag_pipeline_complet.py
[2026-04-25T21:06:53.790+0000] {processor.py:840} INFO - DAG(s) 'pipeline_job_intelligent_kafka' retrieved from /opt/airflow/dags/dag_pipeline_complet.py
[2026-04-25T21:06:53.844+0000] {logging_mixin.py:188} INFO - [2026-04-25T21:06:53.843+0000] {dag.py:3096} INFO - Sync 1 DAGs
[2026-04-25T21:06:53.879+0000] {logging_mixin.py:188} INFO - [2026-04-25T21:06:53.879+0000] {dag.py:3954} INFO - Setting next_dagrun for pipeline_job_intelligent_kafka to 2026-04-24 06:00:00+00:00, run_after=2026-04-25 06:00:00+00:00
[2026-04-25T21:06:53.921+0000] {processor.py:183} INFO - Processing /opt/airflow/dags/dag_pipeline_complet.py took 0.204 seconds
[2026-04-25T21:07:25.420+0000] {processor.py:161} INFO - Started process (PID=5424) to work on /opt/airflow/dags/dag_pipeline_complet.py
[2026-04-25T21:07:25.443+0000] {processor.py:830} INFO - Processing file /opt/airflow/dags/dag_pipeline_complet.py for tasks to queue
[2026-04-25T21:07:25.446+0000] {logging_mixin.py:188} INFO - [2026-04-25T21:07:25.445+0000] {dagbag.py:545} INFO - Filling up the DagBag from /opt/airflow/dags/dag_pipeline_complet.py
[2026-04-25T21:07:25.542+0000] {processor.py:840} INFO - DAG(s) 'pipeline_job_intelligent_kafka' retrieved from /opt/airflow/dags/dag_pipeline_complet.py
[2026-04-25T21:07:25.742+0000] {logging_mixin.py:188} INFO - [2026-04-25T21:07:25.741+0000] {dag.py:3096} INFO - Sync 1 DAGs
[2026-04-25T21:07:25.872+0000] {logging_mixin.py:188} INFO - [2026-04-25T21:07:25.871+0000] {dag.py:3954} INFO - Setting next_dagrun for pipeline_job_intelligent_kafka to 2026-04-24 06:00:00+00:00, run_after=2026-04-25 06:00:00+00:00
[2026-04-25T21:07:26.006+0000] {processor.py:183} INFO - Processing /opt/airflow/dags/dag_pipeline_complet.py took 0.632 seconds
[2026-04-25T21:07:56.992+0000] {processor.py:161} INFO - Started process (PID=5438) to work on /opt/airflow/dags/dag_pipeline_complet.py
[2026-04-25T21:07:57.010+0000] {processor.py:830} INFO - Processing file /opt/airflow/dags/dag_pipeline_complet.py for tasks to queue
[2026-04-25T21:07:57.027+0000] {logging_mixin.py:188} INFO - [2026-04-25T21:07:57.026+0000] {dagbag.py:545} INFO - Filling up the DagBag from /opt/airflow/dags/dag_pipeline_complet.py
[2026-04-25T21:07:57.272+0000] {processor.py:840} INFO - DAG(s) 'pipeline_job_intelligent_kafka' retrieved from /opt/airflow/dags/dag_pipeline_complet.py
[2026-04-25T21:07:57.429+0000] {logging_mixin.py:188} INFO - [2026-04-25T21:07:57.428+0000] {dag.py:3096} INFO - Sync 1 DAGs
[2026-04-25T21:07:57.798+0000] {logging_mixin.py:188} INFO - [2026-04-25T21:07:57.797+0000] {dag.py:3954} INFO - Setting next_dagrun for pipeline_job_intelligent_kafka to 2026-04-24 06:00:00+00:00, run_after=2026-04-25 06:00:00+00:00
[2026-04-25T21:07:58.171+0000] {processor.py:183} INFO - Processing /opt/airflow/dags/dag_pipeline_complet.py took 1.229 seconds
[2026-04-25T21:08:28.756+0000] {processor.py:161} INFO - Started process (PID=5454) to work on /opt/airflow/dags/dag_pipeline_complet.py
[2026-04-25T21:08:28.769+0000] {processor.py:830} INFO - Processing file /opt/airflow/dags/dag_pipeline_complet.py for tasks to queue
[2026-04-25T21:08:28.783+0000] {logging_mixin.py:188} INFO - [2026-04-25T21:08:28.773+0000] {dagbag.py:545} INFO - Filling up the DagBag from /opt/airflow/dags/dag_pipeline_complet.py
[2026-04-25T21:08:29.022+0000] {processor.py:840} INFO - DAG(s) 'pipeline_job_intelligent_kafka' retrieved from /opt/airflow/dags/dag_pipeline_complet.py
[2026-04-25T21:08:29.191+0000] {logging_mixin.py:188} INFO - [2026-04-25T21:08:29.190+0000] {dag.py:3096} INFO - Sync 1 DAGs
[2026-04-25T21:08:29.397+0000] {logging_mixin.py:188} INFO - [2026-04-25T21:08:29.394+0000] {dag.py:3954} INFO - Setting next_dagrun for pipeline_job_intelligent_kafka to 2026-04-24 06:00:00+00:00, run_after=2026-04-25 06:00:00+00:00
[2026-04-25T21:08:29.555+0000] {processor.py:183} INFO - Processing /opt/airflow/dags/dag_pipeline_complet.py took 0.853 seconds
[2026-04-25T21:09:00.410+0000] {processor.py:161} INFO - Started process (PID=5461) to work on /opt/airflow/dags/dag_pipeline_complet.py
[2026-04-25T21:09:00.465+0000] {processor.py:830} INFO - Processing file /opt/airflow/dags/dag_pipeline_complet.py for tasks to queue
[2026-04-25T21:09:00.484+0000] {logging_mixin.py:188} INFO - [2026-04-25T21:09:00.482+0000] {dagbag.py:545} INFO - Filling up the DagBag from /opt/airflow/dags/dag_pipeline_complet.py
[2026-04-25T21:09:00.630+0000] {processor.py:840} INFO - DAG(s) 'pipeline_job_intelligent_kafka' retrieved from /opt/airflow/dags/dag_pipeline_complet.py
[2026-04-25T21:09:00.887+0000] {logging_mixin.py:188} INFO - [2026-04-25T21:09:00.886+0000] {dag.py:3096} INFO - Sync 1 DAGs
[2026-04-25T21:09:01.005+0000] {logging_mixin.py:188} INFO - [2026-04-25T21:09:01.004+0000] {dag.py:3954} INFO - Setting next_dagrun for pipeline_job_intelligent_kafka to 2026-04-24 06:00:00+00:00, run_after=2026-04-25 06:00:00+00:00
[2026-04-25T21:09:01.103+0000] {processor.py:183} INFO - Processing /opt/airflow/dags/dag_pipeline_complet.py took 0.767 seconds
[2026-04-25T21:09:32.072+0000] {processor.py:161} INFO - Started process (PID=5476) to work on /opt/airflow/dags/dag_pipeline_complet.py
[2026-04-25T21:09:32.098+0000] {processor.py:830} INFO - Processing file /opt/airflow/dags/dag_pipeline_complet.py for tasks to queue
[2026-04-25T21:09:32.101+0000] {logging_mixin.py:188} INFO - [2026-04-25T21:09:32.100+0000] {dagbag.py:545} INFO - Filling up the DagBag from /opt/airflow/dags/dag_pipeline_complet.py
[2026-04-25T21:09:32.295+0000] {processor.py:840} INFO - DAG(s) 'pipeline_job_intelligent_kafka' retrieved from /opt/airflow/dags/dag_pipeline_complet.py
[2026-04-25T21:09:32.492+0000] {logging_mixin.py:188} INFO - [2026-04-25T21:09:32.491+0000] {dag.py:3096} INFO - Sync 1 DAGs
[2026-04-25T21:09:32.552+0000] {logging_mixin.py:188} INFO - [2026-04-25T21:09:32.552+0000] {dag.py:3954} INFO - Setting next_dagrun for pipeline_job_intelligent_kafka to 2026-04-24 06:00:00+00:00, run_after=2026-04-25 06:00:00+00:00
[2026-04-25T21:09:32.598+0000] {processor.py:183} INFO - Processing /opt/airflow/dags/dag_pipeline_complet.py took 0.547 seconds
[2026-04-25T21:10:03.048+0000] {processor.py:161} INFO - Started process (PID=5484) to work on /opt/airflow/dags/dag_pipeline_complet.py
[2026-04-25T21:10:03.052+0000] {processor.py:830} INFO - Processing file /opt/airflow/dags/dag_pipeline_complet.py for tasks to queue
[2026-04-25T21:10:03.055+0000] {logging_mixin.py:188} INFO - [2026-04-25T21:10:03.054+0000] {dagbag.py:545} INFO - Filling up the DagBag from /opt/airflow/dags/dag_pipeline_complet.py
[2026-04-25T21:10:03.094+0000] {processor.py:840} INFO - DAG(s) 'pipeline_job_intelligent_kafka' retrieved from /opt/airflow/dags/dag_pipeline_complet.py
[2026-04-25T21:10:03.169+0000] {logging_mixin.py:188} INFO - [2026-04-25T21:10:03.167+0000] {dag.py:3096} INFO - Sync 1 DAGs
[2026-04-25T21:10:03.231+0000] {logging_mixin.py:188} INFO - [2026-04-25T21:10:03.231+0000] {dag.py:3954} INFO - Setting next_dagrun for pipeline_job_intelligent_kafka to 2026-04-24 06:00:00+00:00, run_after=2026-04-25 06:00:00+00:00
[2026-04-25T21:10:03.281+0000] {processor.py:183} INFO - Processing /opt/airflow/dags/dag_pipeline_complet.py took 0.250 seconds
[2026-04-25T21:10:34.165+0000] {processor.py:161} INFO - Started process (PID=5499) to work on /opt/airflow/dags/dag_pipeline_complet.py
[2026-04-25T21:10:34.167+0000] {processor.py:830} INFO - Processing file /opt/airflow/dags/dag_pipeline_complet.py for tasks to queue
[2026-04-25T21:10:34.170+0000] {logging_mixin.py:188} INFO - [2026-04-25T21:10:34.169+0000] {dagbag.py:545} INFO - Filling up the DagBag from /opt/airflow/dags/dag_pipeline_complet.py
[2026-04-25T21:10:34.209+0000] {processor.py:840} INFO - DAG(s) 'pipeline_job_intelligent_kafka' retrieved from /opt/airflow/dags/dag_pipeline_complet.py
[2026-04-25T21:10:34.280+0000] {logging_mixin.py:188} INFO - [2026-04-25T21:10:34.280+0000] {dag.py:3096} INFO - Sync 1 DAGs
[2026-04-25T21:10:34.345+0000] {logging_mixin.py:188} INFO - [2026-04-25T21:10:34.344+0000] {dag.py:3954} INFO - Setting next_dagrun for pipeline_job_intelligent_kafka to 2026-04-24 06:00:00+00:00, run_after=2026-04-25 06:00:00+00:00
[2026-04-25T21:10:34.396+0000] {processor.py:183} INFO - Processing /opt/airflow/dags/dag_pipeline_complet.py took 0.248 seconds
[2026-04-25T21:11:04.705+0000] {processor.py:161} INFO - Started process (PID=5508) to work on /opt/airflow/dags/dag_pipeline_complet.py
[2026-04-25T21:11:04.708+0000] {processor.py:830} INFO - Processing file /opt/airflow/dags/dag_pipeline_complet.py for tasks to queue
[2026-04-25T21:11:04.712+0000] {logging_mixin.py:188} INFO - [2026-04-25T21:11:04.711+0000] {dagbag.py:545} INFO - Filling up the DagBag from /opt/airflow/dags/dag_pipeline_complet.py
[2026-04-25T21:11:04.765+0000] {processor.py:840} INFO - DAG(s) 'pipeline_job_intelligent_kafka' retrieved from /opt/airflow/dags/dag_pipeline_complet.py
[2026-04-25T21:11:04.858+0000] {logging_mixin.py:188} INFO - [2026-04-25T21:11:04.857+0000] {dag.py:3096} INFO - Sync 1 DAGs
[2026-04-25T21:11:04.954+0000] {logging_mixin.py:188} INFO - [2026-04-25T21:11:04.953+0000] {dag.py:3954} INFO - Setting next_dagrun for pipeline_job_intelligent_kafka to 2026-04-24 06:00:00+00:00, run_after=2026-04-25 06:00:00+00:00
[2026-04-25T21:11:05.024+0000] {processor.py:183} INFO - Processing /opt/airflow/dags/dag_pipeline_complet.py took 0.331 seconds
[2026-04-25T21:11:35.630+0000] {processor.py:161} INFO - Started process (PID=5522) to work on /opt/airflow/dags/dag_pipeline_complet.py
[2026-04-25T21:11:35.632+0000] {processor.py:830} INFO - Processing file /opt/airflow/dags/dag_pipeline_complet.py for tasks to queue
[2026-04-25T21:11:35.634+0000] {logging_mixin.py:188} INFO - [2026-04-25T21:11:35.634+0000] {dagbag.py:545} INFO - Filling up the DagBag from /opt/airflow/dags/dag_pipeline_complet.py
[2026-04-25T21:11:35.680+0000] {processor.py:840} INFO - DAG(s) 'pipeline_job_intelligent_kafka' retrieved from /opt/airflow/dags/dag_pipeline_complet.py
[2026-04-25T21:11:35.766+0000] {logging_mixin.py:188} INFO - [2026-04-25T21:11:35.765+0000] {dag.py:3096} INFO - Sync 1 DAGs
[2026-04-25T21:11:35.846+0000] {logging_mixin.py:188} INFO - [2026-04-25T21:11:35.846+0000] {dag.py:3954} INFO - Setting next_dagrun for pipeline_job_intelligent_kafka to 2026-04-24 06:00:00+00:00, run_after=2026-04-25 06:00:00+00:00
[2026-04-25T21:11:35.935+0000] {processor.py:183} INFO - Processing /opt/airflow/dags/dag_pipeline_complet.py took 0.320 seconds
[2026-04-25T21:12:06.086+0000] {processor.py:161} INFO - Started process (PID=5530) to work on /opt/airflow/dags/dag_pipeline_complet.py
[2026-04-25T21:12:06.087+0000] {processor.py:830} INFO - Processing file /opt/airflow/dags/dag_pipeline_complet.py for tasks to queue
[2026-04-25T21:12:06.089+0000] {logging_mixin.py:188} INFO - [2026-04-25T21:12:06.088+0000] {dagbag.py:545} INFO - Filling up the DagBag from /opt/airflow/dags/dag_pipeline_complet.py
[2026-04-25T21:12:06.136+0000] {processor.py:840} INFO - DAG(s) 'pipeline_job_intelligent_kafka' retrieved from /opt/airflow/dags/dag_pipeline_complet.py
[2026-04-25T21:12:06.216+0000] {logging_mixin.py:188} INFO - [2026-04-25T21:12:06.215+0000] {dag.py:3096} INFO - Sync 1 DAGs
[2026-04-25T21:12:06.267+0000] {logging_mixin.py:188} INFO - [2026-04-25T21:12:06.267+0000] {dag.py:3954} INFO - Setting next_dagrun for pipeline_job_intelligent_kafka to 2026-04-24 06:00:00+00:00, run_after=2026-04-25 06:00:00+00:00
[2026-04-25T21:12:06.314+0000] {processor.py:183} INFO - Processing /opt/airflow/dags/dag_pipeline_complet.py took 0.243 seconds
[2026-04-25T21:12:37.187+0000] {processor.py:161} INFO - Started process (PID=5544) to work on /opt/airflow/dags/dag_pipeline_complet.py
[2026-04-25T21:12:37.189+0000] {processor.py:830} INFO - Processing file /opt/airflow/dags/dag_pipeline_complet.py for tasks to queue
[2026-04-25T21:12:37.191+0000] {logging_mixin.py:188} INFO - [2026-04-25T21:12:37.190+0000] {dagbag.py:545} INFO - Filling up the DagBag from /opt/airflow/dags/dag_pipeline_complet.py
[2026-04-25T21:12:37.229+0000] {processor.py:840} INFO - DAG(s) 'pipeline_job_intelligent_kafka' retrieved from /opt/airflow/dags/dag_pipeline_complet.py
[2026-04-25T21:12:37.282+0000] {logging_mixin.py:188} INFO - [2026-04-25T21:12:37.282+0000] {dag.py:3096} INFO - Sync 1 DAGs
[2026-04-25T21:12:37.324+0000] {logging_mixin.py:188} INFO - [2026-04-25T21:12:37.323+0000] {dag.py:3954} INFO - Setting next_dagrun for pipeline_job_intelligent_kafka to 2026-04-24 06:00:00+00:00, run_after=2026-04-25 06:00:00+00:00
[2026-04-25T21:12:37.366+0000] {processor.py:183} INFO - Processing /opt/airflow/dags/dag_pipeline_complet.py took 0.193 seconds
[2026-04-25T21:13:07.619+0000] {processor.py:161} INFO - Started process (PID=5551) to work on /opt/airflow/dags/dag_pipeline_complet.py
[2026-04-25T21:13:07.621+0000] {processor.py:830} INFO - Processing file /opt/airflow/dags/dag_pipeline_complet.py for tasks to queue
[2026-04-25T21:13:07.624+0000] {logging_mixin.py:188} INFO - [2026-04-25T21:13:07.623+0000] {dagbag.py:545} INFO - Filling up the DagBag from /opt/airflow/dags/dag_pipeline_complet.py
[2026-04-25T21:13:07.702+0000] {processor.py:840} INFO - DAG(s) 'pipeline_job_intelligent_kafka' retrieved from /opt/airflow/dags/dag_pipeline_complet.py
[2026-04-25T21:13:07.862+0000] {logging_mixin.py:188} INFO - [2026-04-25T21:13:07.862+0000] {dag.py:3096} INFO - Sync 1 DAGs
[2026-04-25T21:13:07.922+0000] {logging_mixin.py:188} INFO - [2026-04-25T21:13:07.921+0000] {dag.py:3954} INFO - Setting next_dagrun for pipeline_job_intelligent_kafka to 2026-04-24 06:00:00+00:00, run_after=2026-04-25 06:00:00+00:00
[2026-04-25T21:13:07.962+0000] {processor.py:183} INFO - Processing /opt/airflow/dags/dag_pipeline_complet.py took 0.367 seconds
[2026-04-25T21:13:38.643+0000] {processor.py:161} INFO - Started process (PID=5566) to work on /opt/airflow/dags/dag_pipeline_complet.py
[2026-04-25T21:13:38.647+0000] {processor.py:830} INFO - Processing file /opt/airflow/dags/dag_pipeline_complet.py for tasks to queue
[2026-04-25T21:13:38.651+0000] {logging_mixin.py:188} INFO - [2026-04-25T21:13:38.650+0000] {dagbag.py:545} INFO - Filling up the DagBag from /opt/airflow/dags/dag_pipeline_complet.py
[2026-04-25T21:13:38.712+0000] {processor.py:840} INFO - DAG(s) 'pipeline_job_intelligent_kafka' retrieved from /opt/airflow/dags/dag_pipeline_complet.py
[2026-04-25T21:13:38.926+0000] {logging_mixin.py:188} INFO - [2026-04-25T21:13:38.923+0000] {dag.py:3096} INFO - Sync 1 DAGs
[2026-04-25T21:13:39.089+0000] {logging_mixin.py:188} INFO - [2026-04-25T21:13:39.089+0000] {dag.py:3954} INFO - Setting next_dagrun for pipeline_job_intelligent_kafka to 2026-04-24 06:00:00+00:00, run_after=2026-04-25 06:00:00+00:00
[2026-04-25T21:13:39.368+0000] {processor.py:183} INFO - Processing /opt/airflow/dags/dag_pipeline_complet.py took 0.751 seconds
[2026-04-25T21:14:09.958+0000] {processor.py:161} INFO - Started process (PID=5581) to work on /opt/airflow/dags/dag_pipeline_complet.py
[2026-04-25T21:14:09.959+0000] {processor.py:830} INFO - Processing file /opt/airflow/dags/dag_pipeline_complet.py for tasks to queue
[2026-04-25T21:14:09.961+0000] {logging_mixin.py:188} INFO - [2026-04-25T21:14:09.960+0000] {dagbag.py:545} INFO - Filling up the DagBag from /opt/airflow/dags/dag_pipeline_complet.py
[2026-04-25T21:14:09.999+0000] {processor.py:840} INFO - DAG(s) 'pipeline_job_intelligent_kafka' retrieved from /opt/airflow/dags/dag_pipeline_complet.py
[2026-04-25T21:14:10.066+0000] {logging_mixin.py:188} INFO - [2026-04-25T21:14:10.065+0000] {dag.py:3096} INFO - Sync 1 DAGs
[2026-04-25T21:14:10.110+0000] {logging_mixin.py:188} INFO - [2026-04-25T21:14:10.110+0000] {dag.py:3954} INFO - Setting next_dagrun for pipeline_job_intelligent_kafka to 2026-04-24 06:00:00+00:00, run_after=2026-04-25 06:00:00+00:00
[2026-04-25T21:14:10.146+0000] {processor.py:183} INFO - Processing /opt/airflow/dags/dag_pipeline_complet.py took 0.201 seconds
[2026-04-25T21:14:40.646+0000] {processor.py:161} INFO - Started process (PID=5589) to work on /opt/airflow/dags/dag_pipeline_complet.py
[2026-04-25T21:14:40.661+0000] {processor.py:830} INFO - Processing file /opt/airflow/dags/dag_pipeline_complet.py for tasks to queue
[2026-04-25T21:14:40.668+0000] {logging_mixin.py:188} INFO - [2026-04-25T21:14:40.667+0000] {dagbag.py:545} INFO - Filling up the DagBag from /opt/airflow/dags/dag_pipeline_complet.py
[2026-04-25T21:14:40.756+0000] {processor.py:840} INFO - DAG(s) 'pipeline_job_intelligent_kafka' retrieved from /opt/airflow/dags/dag_pipeline_complet.py
[2026-04-25T21:14:40.854+0000] {logging_mixin.py:188} INFO - [2026-04-25T21:14:40.854+0000] {dag.py:3096} INFO - Sync 1 DAGs
[2026-04-25T21:14:40.916+0000] {logging_mixin.py:188} INFO - [2026-04-25T21:14:40.916+0000] {dag.py:3954} INFO - Setting next_dagrun for pipeline_job_intelligent_kafka to 2026-04-24 06:00:00+00:00, run_after=2026-04-25 06:00:00+00:00
[2026-04-25T21:14:40.967+0000] {processor.py:183} INFO - Processing /opt/airflow/dags/dag_pipeline_complet.py took 0.373 seconds
[2026-04-25T21:15:11.817+0000] {processor.py:161} INFO - Started process (PID=5604) to work on /opt/airflow/dags/dag_pipeline_complet.py
[2026-04-25T21:15:11.820+0000] {processor.py:830} INFO - Processing file /opt/airflow/dags/dag_pipeline_complet.py for tasks to queue
[2026-04-25T21:15:11.831+0000] {logging_mixin.py:188} INFO - [2026-04-25T21:15:11.831+0000] {dagbag.py:545} INFO - Filling up the DagBag from /opt/airflow/dags/dag_pipeline_complet.py
[2026-04-25T21:15:11.929+0000] {processor.py:840} INFO - DAG(s) 'pipeline_job_intelligent_kafka' retrieved from /opt/airflow/dags/dag_pipeline_complet.py
[2026-04-25T21:15:12.065+0000] {logging_mixin.py:188} INFO - [2026-04-25T21:15:12.064+0000] {dag.py:3096} INFO - Sync 1 DAGs
[2026-04-25T21:15:12.217+0000] {logging_mixin.py:188} INFO - [2026-04-25T21:15:12.216+0000] {dag.py:3954} INFO - Setting next_dagrun for pipeline_job_intelligent_kafka to 2026-04-24 06:00:00+00:00, run_after=2026-04-25 06:00:00+00:00
[2026-04-25T21:15:12.309+0000] {processor.py:183} INFO - Processing /opt/airflow/dags/dag_pipeline_complet.py took 0.518 seconds
[2026-04-25T21:15:43.137+0000] {processor.py:161} INFO - Started process (PID=5612) to work on /opt/airflow/dags/dag_pipeline_complet.py
[2026-04-25T21:15:43.140+0000] {processor.py:830} INFO - Processing file /opt/airflow/dags/dag_pipeline_complet.py for tasks to queue
[2026-04-25T21:15:43.142+0000] {logging_mixin.py:188} INFO - [2026-04-25T21:15:43.141+0000] {dagbag.py:545} INFO - Filling up the DagBag from /opt/airflow/dags/dag_pipeline_complet.py
[2026-04-25T21:15:43.186+0000] {processor.py:840} INFO - DAG(s) 'pipeline_job_intelligent_kafka' retrieved from /opt/airflow/dags/dag_pipeline_complet.py
[2026-04-25T21:15:43.284+0000] {logging_mixin.py:188} INFO - [2026-04-25T21:15:43.283+0000] {dag.py:3096} INFO - Sync 1 DAGs
[2026-04-25T21:15:43.362+0000] {logging_mixin.py:188} INFO - [2026-04-25T21:15:43.361+0000] {dag.py:3954} INFO - Setting next_dagrun for pipeline_job_intelligent_kafka to 2026-04-24 06:00:00+00:00, run_after=2026-04-25 06:00:00+00:00
[2026-04-25T21:15:43.430+0000] {processor.py:183} INFO - Processing /opt/airflow/dags/dag_pipeline_complet.py took 0.307 seconds
[2026-04-25T21:16:14.213+0000] {processor.py:161} INFO - Started process (PID=5625) to work on /opt/airflow/dags/dag_pipeline_complet.py
[2026-04-25T21:16:14.214+0000] {processor.py:830} INFO - Processing file /opt/airflow/dags/dag_pipeline_complet.py for tasks to queue
[2026-04-25T21:16:14.216+0000] {logging_mixin.py:188} INFO - [2026-04-25T21:16:14.216+0000] {dagbag.py:545} INFO - Filling up the DagBag from /opt/airflow/dags/dag_pipeline_complet.py
[2026-04-25T21:16:14.253+0000] {processor.py:840} INFO - DAG(s) 'pipeline_job_intelligent_kafka' retrieved from /opt/airflow/dags/dag_pipeline_complet.py
[2026-04-25T21:16:14.319+0000] {logging_mixin.py:188} INFO - [2026-04-25T21:16:14.318+0000] {dag.py:3096} INFO - Sync 1 DAGs
[2026-04-25T21:16:14.369+0000] {logging_mixin.py:188} INFO - [2026-04-25T21:16:14.369+0000] {dag.py:3954} INFO - Setting next_dagrun for pipeline_job_intelligent_kafka to 2026-04-24 06:00:00+00:00, run_after=2026-04-25 06:00:00+00:00
[2026-04-25T21:16:14.425+0000] {processor.py:183} INFO - Processing /opt/airflow/dags/dag_pipeline_complet.py took 0.227 seconds
[2026-04-25T21:16:44.712+0000] {processor.py:161} INFO - Started process (PID=5634) to work on /opt/airflow/dags/dag_pipeline_complet.py
[2026-04-25T21:16:44.714+0000] {processor.py:830} INFO - Processing file /opt/airflow/dags/dag_pipeline_complet.py for tasks to queue
[2026-04-25T21:16:44.716+0000] {logging_mixin.py:188} INFO - [2026-04-25T21:16:44.715+0000] {dagbag.py:545} INFO - Filling up the DagBag from /opt/airflow/dags/dag_pipeline_complet.py
[2026-04-25T21:16:44.753+0000] {processor.py:840} INFO - DAG(s) 'pipeline_job_intelligent_kafka' retrieved from /opt/airflow/dags/dag_pipeline_complet.py
[2026-04-25T21:16:44.811+0000] {logging_mixin.py:188} INFO - [2026-04-25T21:16:44.811+0000] {dag.py:3096} INFO - Sync 1 DAGs
[2026-04-25T21:16:44.854+0000] {logging_mixin.py:188} INFO - [2026-04-25T21:16:44.853+0000] {dag.py:3954} INFO - Setting next_dagrun for pipeline_job_intelligent_kafka to 2026-04-24 06:00:00+00:00, run_after=2026-04-25 06:00:00+00:00
[2026-04-25T21:16:44.901+0000] {processor.py:183} INFO - Processing /opt/airflow/dags/dag_pipeline_complet.py took 0.202 seconds
[2026-04-25T21:17:15.386+0000] {processor.py:161} INFO - Started process (PID=5647) to work on /opt/airflow/dags/dag_pipeline_complet.py
[2026-04-25T21:17:15.388+0000] {processor.py:830} INFO - Processing file /opt/airflow/dags/dag_pipeline_complet.py for tasks to queue
[2026-04-25T21:17:15.391+0000] {logging_mixin.py:188} INFO - [2026-04-25T21:17:15.390+0000] {dagbag.py:545} INFO - Filling up the DagBag from /opt/airflow/dags/dag_pipeline_complet.py
[2026-04-25T21:17:15.439+0000] {processor.py:840} INFO - DAG(s) 'pipeline_job_intelligent_kafka' retrieved from /opt/airflow/dags/dag_pipeline_complet.py
[2026-04-25T21:17:15.536+0000] {logging_mixin.py:188} INFO - [2026-04-25T21:17:15.536+0000] {dag.py:3096} INFO - Sync 1 DAGs
[2026-04-25T21:17:15.587+0000] {logging_mixin.py:188} INFO - [2026-04-25T21:17:15.587+0000] {dag.py:3954} INFO - Setting next_dagrun for pipeline_job_intelligent_kafka to 2026-04-24 06:00:00+00:00, run_after=2026-04-25 06:00:00+00:00
[2026-04-25T21:17:15.638+0000] {processor.py:183} INFO - Processing /opt/airflow/dags/dag_pipeline_complet.py took 0.287 seconds
[2026-04-25T21:17:45.758+0000] {processor.py:161} INFO - Started process (PID=5655) to work on /opt/airflow/dags/dag_pipeline_complet.py
[2026-04-25T21:17:45.760+0000] {processor.py:830} INFO - Processing file /opt/airflow/dags/dag_pipeline_complet.py for tasks to queue
[2026-04-25T21:17:45.762+0000] {logging_mixin.py:188} INFO - [2026-04-25T21:17:45.761+0000] {dagbag.py:545} INFO - Filling up the DagBag from /opt/airflow/dags/dag_pipeline_complet.py
[2026-04-25T21:17:45.806+0000] {processor.py:840} INFO - DAG(s) 'pipeline_job_intelligent_kafka' retrieved from /opt/airflow/dags/dag_pipeline_complet.py
[2026-04-25T21:17:45.888+0000] {logging_mixin.py:188} INFO - [2026-04-25T21:17:45.887+0000] {dag.py:3096} INFO - Sync 1 DAGs
[2026-04-25T21:17:46.051+0000] {logging_mixin.py:188} INFO - [2026-04-25T21:17:46.051+0000] {dag.py:3954} INFO - Setting next_dagrun for pipeline_job_intelligent_kafka to 2026-04-24 06:00:00+00:00, run_after=2026-04-25 06:00:00+00:00
[2026-04-25T21:17:46.128+0000] {processor.py:183} INFO - Processing /opt/airflow/dags/dag_pipeline_complet.py took 0.381 seconds
[2026-04-25T21:18:16.750+0000] {processor.py:161} INFO - Started process (PID=5669) to work on /opt/airflow/dags/dag_pipeline_complet.py
[2026-04-25T21:18:16.753+0000] {processor.py:830} INFO - Processing file /opt/airflow/dags/dag_pipeline_complet.py for tasks to queue
[2026-04-25T21:18:16.766+0000] {logging_mixin.py:188} INFO - [2026-04-25T21:18:16.755+0000] {dagbag.py:545} INFO - Filling up the DagBag from /opt/airflow/dags/dag_pipeline_complet.py
[2026-04-25T21:18:16.920+0000] {processor.py:840} INFO - DAG(s) 'pipeline_job_intelligent_kafka' retrieved from /opt/airflow/dags/dag_pipeline_complet.py
[2026-04-25T21:18:17.000+0000] {logging_mixin.py:188} INFO - [2026-04-25T21:18:16.999+0000] {dag.py:3096} INFO - Sync 1 DAGs
[2026-04-25T21:18:17.066+0000] {logging_mixin.py:188} INFO - [2026-04-25T21:18:17.065+0000] {dag.py:3954} INFO - Setting next_dagrun for pipeline_job_intelligent_kafka to 2026-04-24 06:00:00+00:00, run_after=2026-04-25 06:00:00+00:00
[2026-04-25T21:18:17.123+0000] {processor.py:183} INFO - Processing /opt/airflow/dags/dag_pipeline_complet.py took 0.408 seconds
[2026-04-25T21:18:47.725+0000] {processor.py:161} INFO - Started process (PID=5677) to work on /opt/airflow/dags/dag_pipeline_complet.py
[2026-04-25T21:18:47.741+0000] {processor.py:830} INFO - Processing file /opt/airflow/dags/dag_pipeline_complet.py for tasks to queue
[2026-04-25T21:18:47.746+0000] {logging_mixin.py:188} INFO - [2026-04-25T21:18:47.744+0000] {dagbag.py:545} INFO - Filling up the DagBag from /opt/airflow/dags/dag_pipeline_complet.py
[2026-04-25T21:18:47.833+0000] {processor.py:840} INFO - DAG(s) 'pipeline_job_intelligent_kafka' retrieved from /opt/airflow/dags/dag_pipeline_complet.py
[2026-04-25T21:18:47.975+0000] {logging_mixin.py:188} INFO - [2026-04-25T21:18:47.975+0000] {dag.py:3096} INFO - Sync 1 DAGs
[2026-04-25T21:18:48.175+0000] {logging_mixin.py:188} INFO - [2026-04-25T21:18:48.175+0000] {dag.py:3954} INFO - Setting next_dagrun for pipeline_job_intelligent_kafka to 2026-04-24 06:00:00+00:00, run_after=2026-04-25 06:00:00+00:00
[2026-04-25T21:18:48.277+0000] {processor.py:183} INFO - Processing /opt/airflow/dags/dag_pipeline_complet.py took 0.582 seconds
[2026-04-25T21:19:18.834+0000] {processor.py:161} INFO - Started process (PID=5691) to work on /opt/airflow/dags/dag_pipeline_complet.py
[2026-04-25T21:19:18.836+0000] {processor.py:830} INFO - Processing file /opt/airflow/dags/dag_pipeline_complet.py for tasks to queue
[2026-04-25T21:19:18.839+0000] {logging_mixin.py:188} INFO - [2026-04-25T21:19:18.838+0000] {dagbag.py:545} INFO - Filling up the DagBag from /opt/airflow/dags/dag_pipeline_complet.py
[2026-04-25T21:19:18.927+0000] {processor.py:840} INFO - DAG(s) 'pipeline_job_intelligent_kafka' retrieved from /opt/airflow/dags/dag_pipeline_complet.py
[2026-04-25T21:19:19.172+0000] {logging_mixin.py:188} INFO - [2026-04-25T21:19:19.166+0000] {dag.py:3096} INFO - Sync 1 DAGs
[2026-04-25T21:19:19.481+0000] {logging_mixin.py:188} INFO - [2026-04-25T21:19:19.474+0000] {dag.py:3954} INFO - Setting next_dagrun for pipeline_job_intelligent_kafka to 2026-04-24 06:00:00+00:00, run_after=2026-04-25 06:00:00+00:00
[2026-04-25T21:19:19.614+0000] {processor.py:183} INFO - Processing /opt/airflow/dags/dag_pipeline_complet.py took 0.803 seconds
[2026-04-25T21:19:50.268+0000] {processor.py:161} INFO - Started process (PID=5698) to work on /opt/airflow/dags/dag_pipeline_complet.py
[2026-04-25T21:19:50.270+0000] {processor.py:830} INFO - Processing file /opt/airflow/dags/dag_pipeline_complet.py for tasks to queue
[2026-04-25T21:19:50.271+0000] {logging_mixin.py:188} INFO - [2026-04-25T21:19:50.271+0000] {dagbag.py:545} INFO - Filling up the DagBag from /opt/airflow/dags/dag_pipeline_complet.py
[2026-04-25T21:19:50.314+0000] {processor.py:840} INFO - DAG(s) 'pipeline_job_intelligent_kafka' retrieved from /opt/airflow/dags/dag_pipeline_complet.py
[2026-04-25T21:19:50.380+0000] {logging_mixin.py:188} INFO - [2026-04-25T21:19:50.380+0000] {dag.py:3096} INFO - Sync 1 DAGs
[2026-04-25T21:19:50.439+0000] {logging_mixin.py:188} INFO - [2026-04-25T21:19:50.438+0000] {dag.py:3954} INFO - Setting next_dagrun for pipeline_job_intelligent_kafka to 2026-04-24 06:00:00+00:00, run_after=2026-04-25 06:00:00+00:00
[2026-04-25T21:19:50.484+0000] {processor.py:183} INFO - Processing /opt/airflow/dags/dag_pipeline_complet.py took 0.228 seconds
[2026-04-25T21:20:20.719+0000] {processor.py:161} INFO - Started process (PID=5712) to work on /opt/airflow/dags/dag_pipeline_complet.py
[2026-04-25T21:20:20.723+0000] {processor.py:830} INFO - Processing file /opt/airflow/dags/dag_pipeline_complet.py for tasks to queue
[2026-04-25T21:20:20.725+0000] {logging_mixin.py:188} INFO - [2026-04-25T21:20:20.724+0000] {dagbag.py:545} INFO - Filling up the DagBag from /opt/airflow/dags/dag_pipeline_complet.py
[2026-04-25T21:20:20.782+0000] {processor.py:840} INFO - DAG(s) 'pipeline_job_intelligent_kafka' retrieved from /opt/airflow/dags/dag_pipeline_complet.py
[2026-04-25T21:20:20.913+0000] {logging_mixin.py:188} INFO - [2026-04-25T21:20:20.913+0000] {dag.py:3096} INFO - Sync 1 DAGs
[2026-04-25T21:20:20.967+0000] {logging_mixin.py:188} INFO - [2026-04-25T21:20:20.966+0000] {dag.py:3954} INFO - Setting next_dagrun for pipeline_job_intelligent_kafka to 2026-04-24 06:00:00+00:00, run_after=2026-04-25 06:00:00+00:00
[2026-04-25T21:20:21.009+0000] {processor.py:183} INFO - Processing /opt/airflow/dags/dag_pipeline_complet.py took 0.304 seconds
[2026-04-25T21:20:51.782+0000] {processor.py:161} INFO - Started process (PID=5720) to work on /opt/airflow/dags/dag_pipeline_complet.py
[2026-04-25T21:20:51.785+0000] {processor.py:830} INFO - Processing file /opt/airflow/dags/dag_pipeline_complet.py for tasks to queue
[2026-04-25T21:20:51.790+0000] {logging_mixin.py:188} INFO - [2026-04-25T21:20:51.789+0000] {dagbag.py:545} INFO - Filling up the DagBag from /opt/airflow/dags/dag_pipeline_complet.py
[2026-04-25T21:20:51.883+0000] {processor.py:840} INFO - DAG(s) 'pipeline_job_intelligent_kafka' retrieved from /opt/airflow/dags/dag_pipeline_complet.py
[2026-04-25T21:20:52.058+0000] {logging_mixin.py:188} INFO - [2026-04-25T21:20:52.057+0000] {dag.py:3096} INFO - Sync 1 DAGs
[2026-04-25T21:20:52.181+0000] {logging_mixin.py:188} INFO - [2026-04-25T21:20:52.180+0000] {dag.py:3954} INFO - Setting next_dagrun for pipeline_job_intelligent_kafka to 2026-04-24 06:00:00+00:00, run_after=2026-04-25 06:00:00+00:00
[2026-04-25T21:20:52.246+0000] {processor.py:183} INFO - Processing /opt/airflow/dags/dag_pipeline_complet.py took 0.482 seconds
[2026-04-25T21:21:22.795+0000] {processor.py:161} INFO - Started process (PID=5735) to work on /opt/airflow/dags/dag_pipeline_complet.py
[2026-04-25T21:21:22.798+0000] {processor.py:830} INFO - Processing file /opt/airflow/dags/dag_pipeline_complet.py for tasks to queue
[2026-04-25T21:21:22.801+0000] {logging_mixin.py:188} INFO - [2026-04-25T21:21:22.800+0000] {dagbag.py:545} INFO - Filling up the DagBag from /opt/airflow/dags/dag_pipeline_complet.py
[2026-04-25T21:21:22.852+0000] {processor.py:840} INFO - DAG(s) 'pipeline_job_intelligent_kafka' retrieved from /opt/airflow/dags/dag_pipeline_complet.py
[2026-04-25T21:21:22.942+0000] {logging_mixin.py:188} INFO - [2026-04-25T21:21:22.941+0000] {dag.py:3096} INFO - Sync 1 DAGs
[2026-04-25T21:21:23.004+0000] {logging_mixin.py:188} INFO - [2026-04-25T21:21:23.004+0000] {dag.py:3954} INFO - Setting next_dagrun for pipeline_job_intelligent_kafka to 2026-04-24 06:00:00+00:00, run_after=2026-04-25 06:00:00+00:00
[2026-04-25T21:21:23.052+0000] {processor.py:183} INFO - Processing /opt/airflow/dags/dag_pipeline_complet.py took 0.298 seconds
[2026-04-25T21:21:53.248+0000] {processor.py:161} INFO - Started process (PID=5743) to work on /opt/airflow/dags/dag_pipeline_complet.py
[2026-04-25T21:21:53.251+0000] {processor.py:830} INFO - Processing file /opt/airflow/dags/dag_pipeline_complet.py for tasks to queue
[2026-04-25T21:21:53.265+0000] {logging_mixin.py:188} INFO - [2026-04-25T21:21:53.254+0000] {dagbag.py:545} INFO - Filling up the DagBag from /opt/airflow/dags/dag_pipeline_complet.py
[2026-04-25T21:21:53.344+0000] {processor.py:840} INFO - DAG(s) 'pipeline_job_intelligent_kafka' retrieved from /opt/airflow/dags/dag_pipeline_complet.py
[2026-04-25T21:21:53.488+0000] {logging_mixin.py:188} INFO - [2026-04-25T21:21:53.487+0000] {dag.py:3096} INFO - Sync 1 DAGs
[2026-04-25T21:21:53.601+0000] {logging_mixin.py:188} INFO - [2026-04-25T21:21:53.601+0000] {dag.py:3954} INFO - Setting next_dagrun for pipeline_job_intelligent_kafka to 2026-04-24 06:00:00+00:00, run_after=2026-04-25 06:00:00+00:00
[2026-04-25T21:21:53.829+0000] {processor.py:183} INFO - Processing /opt/airflow/dags/dag_pipeline_complet.py took 0.603 seconds
[2026-04-25T21:22:24.228+0000] {processor.py:161} INFO - Started process (PID=5757) to work on /opt/airflow/dags/dag_pipeline_complet.py
[2026-04-25T21:22:24.230+0000] {processor.py:830} INFO - Processing file /opt/airflow/dags/dag_pipeline_complet.py for tasks to queue
[2026-04-25T21:22:24.233+0000] {logging_mixin.py:188} INFO - [2026-04-25T21:22:24.232+0000] {dagbag.py:545} INFO - Filling up the DagBag from /opt/airflow/dags/dag_pipeline_complet.py
[2026-04-25T21:22:24.295+0000] {processor.py:840} INFO - DAG(s) 'pipeline_job_intelligent_kafka' retrieved from /opt/airflow/dags/dag_pipeline_complet.py
[2026-04-25T21:22:24.518+0000] {logging_mixin.py:188} INFO - [2026-04-25T21:22:24.517+0000] {dag.py:3096} INFO - Sync 1 DAGs
[2026-04-25T21:22:24.724+0000] {logging_mixin.py:188} INFO - [2026-04-25T21:22:24.723+0000] {dag.py:3954} INFO - Setting next_dagrun for pipeline_job_intelligent_kafka to 2026-04-24 06:00:00+00:00, run_after=2026-04-25 06:00:00+00:00
[2026-04-25T21:22:24.790+0000] {processor.py:183} INFO - Processing /opt/airflow/dags/dag_pipeline_complet.py took 0.582 seconds
[2026-04-25T21:22:55.307+0000] {processor.py:161} INFO - Started process (PID=5772) to work on /opt/airflow/dags/dag_pipeline_complet.py
[2026-04-25T21:22:55.309+0000] {processor.py:830} INFO - Processing file /opt/airflow/dags/dag_pipeline_complet.py for tasks to queue
[2026-04-25T21:22:55.310+0000] {logging_mixin.py:188} INFO - [2026-04-25T21:22:55.310+0000] {dagbag.py:545} INFO - Filling up the DagBag from /opt/airflow/dags/dag_pipeline_complet.py
[2026-04-25T21:22:55.347+0000] {processor.py:840} INFO - DAG(s) 'pipeline_job_intelligent_kafka' retrieved from /opt/airflow/dags/dag_pipeline_complet.py
[2026-04-25T21:22:55.451+0000] {logging_mixin.py:188} INFO - [2026-04-25T21:22:55.451+0000] {dag.py:3096} INFO - Sync 1 DAGs
[2026-04-25T21:22:55.552+0000] {logging_mixin.py:188} INFO - [2026-04-25T21:22:55.551+0000] {dag.py:3954} INFO - Setting next_dagrun for pipeline_job_intelligent_kafka to 2026-04-24 06:00:00+00:00, run_after=2026-04-25 06:00:00+00:00
[2026-04-25T21:22:55.606+0000] {processor.py:183} INFO - Processing /opt/airflow/dags/dag_pipeline_complet.py took 0.314 seconds
[2026-04-25T21:23:25.944+0000] {processor.py:161} INFO - Started process (PID=5779) to work on /opt/airflow/dags/dag_pipeline_complet.py
[2026-04-25T21:23:25.946+0000] {processor.py:830} INFO - Processing file /opt/airflow/dags/dag_pipeline_complet.py for tasks to queue
[2026-04-25T21:23:25.949+0000] {logging_mixin.py:188} INFO - [2026-04-25T21:23:25.948+0000] {dagbag.py:545} INFO - Filling up the DagBag from /opt/airflow/dags/dag_pipeline_complet.py
[2026-04-25T21:23:25.989+0000] {processor.py:840} INFO - DAG(s) 'pipeline_job_intelligent_kafka' retrieved from /opt/airflow/dags/dag_pipeline_complet.py
[2026-04-25T21:23:26.059+0000] {logging_mixin.py:188} INFO - [2026-04-25T21:23:26.059+0000] {dag.py:3096} INFO - Sync 1 DAGs
[2026-04-25T21:23:26.099+0000] {logging_mixin.py:188} INFO - [2026-04-25T21:23:26.099+0000] {dag.py:3954} INFO - Setting next_dagrun for pipeline_job_intelligent_kafka to 2026-04-24 06:00:00+00:00, run_after=2026-04-25 06:00:00+00:00
[2026-04-25T21:23:26.130+0000] {processor.py:183} INFO - Processing /opt/airflow/dags/dag_pipeline_complet.py took 0.201 seconds
[2026-04-25T21:23:56.402+0000] {processor.py:161} INFO - Started process (PID=5793) to work on /opt/airflow/dags/dag_pipeline_complet.py
[2026-04-25T21:23:56.406+0000] {processor.py:830} INFO - Processing file /opt/airflow/dags/dag_pipeline_complet.py for tasks to queue
[2026-04-25T21:23:56.418+0000] {logging_mixin.py:188} INFO - [2026-04-25T21:23:56.417+0000] {dagbag.py:545} INFO - Filling up the DagBag from /opt/airflow/dags/dag_pipeline_complet.py
[2026-04-25T21:23:56.556+0000] {processor.py:840} INFO - DAG(s) 'pipeline_job_intelligent_kafka' retrieved from /opt/airflow/dags/dag_pipeline_complet.py
[2026-04-25T21:23:56.686+0000] {logging_mixin.py:188} INFO - [2026-04-25T21:23:56.685+0000] {dag.py:3096} INFO - Sync 1 DAGs
[2026-04-25T21:23:56.749+0000] {logging_mixin.py:188} INFO - [2026-04-25T21:23:56.748+0000] {dag.py:3954} INFO - Setting next_dagrun for pipeline_job_intelligent_kafka to 2026-04-24 06:00:00+00:00, run_after=2026-04-25 06:00:00+00:00
[2026-04-25T21:23:56.810+0000] {processor.py:183} INFO - Processing /opt/airflow/dags/dag_pipeline_complet.py took 0.427 seconds
[2026-04-25T21:24:27.423+0000] {processor.py:161} INFO - Started process (PID=5801) to work on /opt/airflow/dags/dag_pipeline_complet.py
[2026-04-25T21:24:27.430+0000] {processor.py:830} INFO - Processing file /opt/airflow/dags/dag_pipeline_complet.py for tasks to queue
[2026-04-25T21:24:27.437+0000] {logging_mixin.py:188} INFO - [2026-04-25T21:24:27.435+0000] {dagbag.py:545} INFO - Filling up the DagBag from /opt/airflow/dags/dag_pipeline_complet.py
[2026-04-25T21:24:27.508+0000] {processor.py:840} INFO - DAG(s) 'pipeline_job_intelligent_kafka' retrieved from /opt/airflow/dags/dag_pipeline_complet.py
[2026-04-25T21:24:27.674+0000] {logging_mixin.py:188} INFO - [2026-04-25T21:24:27.674+0000] {dag.py:3096} INFO - Sync 1 DAGs
[2026-04-25T21:24:27.840+0000] {logging_mixin.py:188} INFO - [2026-04-25T21:24:27.839+0000] {dag.py:3954} INFO - Setting next_dagrun for pipeline_job_intelligent_kafka to 2026-04-24 06:00:00+00:00, run_after=2026-04-25 06:00:00+00:00
[2026-04-25T21:24:27.955+0000] {processor.py:183} INFO - Processing /opt/airflow/dags/dag_pipeline_complet.py took 0.553 seconds
[2026-04-25T21:24:58.645+0000] {processor.py:161} INFO - Started process (PID=5817) to work on /opt/airflow/dags/dag_pipeline_complet.py
[2026-04-25T21:24:58.647+0000] {processor.py:830} INFO - Processing file /opt/airflow/dags/dag_pipeline_complet.py for tasks to queue
[2026-04-25T21:24:58.649+0000] {logging_mixin.py:188} INFO - [2026-04-25T21:24:58.649+0000] {dagbag.py:545} INFO - Filling up the DagBag from /opt/airflow/dags/dag_pipeline_complet.py
[2026-04-25T21:24:58.709+0000] {processor.py:840} INFO - DAG(s) 'pipeline_job_intelligent_kafka' retrieved from /opt/airflow/dags/dag_pipeline_complet.py
[2026-04-25T21:24:58.802+0000] {logging_mixin.py:188} INFO - [2026-04-25T21:24:58.802+0000] {dag.py:3096} INFO - Sync 1 DAGs
[2026-04-25T21:24:58.841+0000] {logging_mixin.py:188} INFO - [2026-04-25T21:24:58.841+0000] {dag.py:3954} INFO - Setting next_dagrun for pipeline_job_intelligent_kafka to 2026-04-24 06:00:00+00:00, run_after=2026-04-25 06:00:00+00:00
[2026-04-25T21:24:58.889+0000] {processor.py:183} INFO - Processing /opt/airflow/dags/dag_pipeline_complet.py took 0.258 seconds
[2026-04-25T21:25:29.555+0000] {processor.py:161} INFO - Started process (PID=5826) to work on /opt/airflow/dags/dag_pipeline_complet.py
[2026-04-25T21:25:29.564+0000] {processor.py:830} INFO - Processing file /opt/airflow/dags/dag_pipeline_complet.py for tasks to queue
[2026-04-25T21:25:29.579+0000] {logging_mixin.py:188} INFO - [2026-04-25T21:25:29.578+0000] {dagbag.py:545} INFO - Filling up the DagBag from /opt/airflow/dags/dag_pipeline_complet.py
[2026-04-25T21:25:29.787+0000] {processor.py:840} INFO - DAG(s) 'pipeline_job_intelligent_kafka' retrieved from /opt/airflow/dags/dag_pipeline_complet.py
[2026-04-25T21:25:30.145+0000] {logging_mixin.py:188} INFO - [2026-04-25T21:25:30.144+0000] {dag.py:3096} INFO - Sync 1 DAGs
[2026-04-25T21:25:30.334+0000] {logging_mixin.py:188} INFO - [2026-04-25T21:25:30.333+0000] {dag.py:3954} INFO - Setting next_dagrun for pipeline_job_intelligent_kafka to 2026-04-24 06:00:00+00:00, run_after=2026-04-25 06:00:00+00:00
[2026-04-25T21:25:30.433+0000] {processor.py:183} INFO - Processing /opt/airflow/dags/dag_pipeline_complet.py took 0.918 seconds
[2026-04-25T21:26:01.351+0000] {processor.py:161} INFO - Started process (PID=5840) to work on /opt/airflow/dags/dag_pipeline_complet.py
[2026-04-25T21:26:01.354+0000] {processor.py:830} INFO - Processing file /opt/airflow/dags/dag_pipeline_complet.py for tasks to queue
[2026-04-25T21:26:01.357+0000] {logging_mixin.py:188} INFO - [2026-04-25T21:26:01.357+0000] {dagbag.py:545} INFO - Filling up the DagBag from /opt/airflow/dags/dag_pipeline_complet.py
[2026-04-25T21:26:01.434+0000] {processor.py:840} INFO - DAG(s) 'pipeline_job_intelligent_kafka' retrieved from /opt/airflow/dags/dag_pipeline_complet.py
[2026-04-25T21:26:01.540+0000] {logging_mixin.py:188} INFO - [2026-04-25T21:26:01.538+0000] {dag.py:3096} INFO - Sync 1 DAGs
[2026-04-25T21:26:01.630+0000] {logging_mixin.py:188} INFO - [2026-04-25T21:26:01.628+0000] {dag.py:3954} INFO - Setting next_dagrun for pipeline_job_intelligent_kafka to 2026-04-24 06:00:00+00:00, run_after=2026-04-25 06:00:00+00:00
[2026-04-25T21:26:01.804+0000] {processor.py:183} INFO - Processing /opt/airflow/dags/dag_pipeline_complet.py took 0.469 seconds
[2026-04-25T21:26:32.258+0000] {processor.py:161} INFO - Started process (PID=5848) to work on /opt/airflow/dags/dag_pipeline_complet.py
[2026-04-25T21:26:32.271+0000] {processor.py:830} INFO - Processing file /opt/airflow/dags/dag_pipeline_complet.py for tasks to queue
[2026-04-25T21:26:32.274+0000] {logging_mixin.py:188} INFO - [2026-04-25T21:26:32.272+0000] {dagbag.py:545} INFO - Filling up the DagBag from /opt/airflow/dags/dag_pipeline_complet.py
[2026-04-25T21:26:32.387+0000] {processor.py:840} INFO - DAG(s) 'pipeline_job_intelligent_kafka' retrieved from /opt/airflow/dags/dag_pipeline_complet.py
[2026-04-25T21:26:32.540+0000] {logging_mixin.py:188} INFO - [2026-04-25T21:26:32.540+0000] {dag.py:3096} INFO - Sync 1 DAGs
[2026-04-25T21:26:32.610+0000] {logging_mixin.py:188} INFO - [2026-04-25T21:26:32.610+0000] {dag.py:3954} INFO - Setting next_dagrun for pipeline_job_intelligent_kafka to 2026-04-24 06:00:00+00:00, run_after=2026-04-25 06:00:00+00:00
[2026-04-25T21:26:32.664+0000] {processor.py:183} INFO - Processing /opt/airflow/dags/dag_pipeline_complet.py took 0.426 seconds
[2026-04-25T21:27:02.986+0000] {processor.py:161} INFO - Started process (PID=5862) to work on /opt/airflow/dags/dag_pipeline_complet.py
[2026-04-25T21:27:02.987+0000] {processor.py:830} INFO - Processing file /opt/airflow/dags/dag_pipeline_complet.py for tasks to queue
[2026-04-25T21:27:02.990+0000] {logging_mixin.py:188} INFO - [2026-04-25T21:27:02.989+0000] {dagbag.py:545} INFO - Filling up the DagBag from /opt/airflow/dags/dag_pipeline_complet.py
[2026-04-25T21:27:03.038+0000] {processor.py:840} INFO - DAG(s) 'pipeline_job_intelligent_kafka' retrieved from /opt/airflow/dags/dag_pipeline_complet.py
[2026-04-25T21:27:03.112+0000] {logging_mixin.py:188} INFO - [2026-04-25T21:27:03.112+0000] {dag.py:3096} INFO - Sync 1 DAGs
[2026-04-25T21:27:03.173+0000] {logging_mixin.py:188} INFO - [2026-04-25T21:27:03.173+0000] {dag.py:3954} INFO - Setting next_dagrun for pipeline_job_intelligent_kafka to 2026-04-24 06:00:00+00:00, run_after=2026-04-25 06:00:00+00:00
[2026-04-25T21:27:03.225+0000] {processor.py:183} INFO - Processing /opt/airflow/dags/dag_pipeline_complet.py took 0.258 seconds
[2026-04-25T21:27:34.466+0000] {processor.py:161} INFO - Started process (PID=5870) to work on /opt/airflow/dags/dag_pipeline_complet.py
[2026-04-25T21:27:34.480+0000] {processor.py:830} INFO - Processing file /opt/airflow/dags/dag_pipeline_complet.py for tasks to queue
[2026-04-25T21:27:34.484+0000] {logging_mixin.py:188} INFO - [2026-04-25T21:27:34.482+0000] {dagbag.py:545} INFO - Filling up the DagBag from /opt/airflow/dags/dag_pipeline_complet.py
[2026-04-25T21:27:34.705+0000] {processor.py:840} INFO - DAG(s) 'pipeline_job_intelligent_kafka' retrieved from /opt/airflow/dags/dag_pipeline_complet.py
[2026-04-25T21:27:34.952+0000] {logging_mixin.py:188} INFO - [2026-04-25T21:27:34.951+0000] {dag.py:3096} INFO - Sync 1 DAGs
[2026-04-25T21:27:35.252+0000] {logging_mixin.py:188} INFO - [2026-04-25T21:27:35.239+0000] {dag.py:3954} INFO - Setting next_dagrun for pipeline_job_intelligent_kafka to 2026-04-24 06:00:00+00:00, run_after=2026-04-25 06:00:00+00:00
[2026-04-25T21:27:35.413+0000] {processor.py:183} INFO - Processing /opt/airflow/dags/dag_pipeline_complet.py took 0.998 seconds
[2026-04-25T21:28:06.145+0000] {processor.py:161} INFO - Started process (PID=5883) to work on /opt/airflow/dags/dag_pipeline_complet.py
[2026-04-25T21:28:06.149+0000] {processor.py:830} INFO - Processing file /opt/airflow/dags/dag_pipeline_complet.py for tasks to queue
[2026-04-25T21:28:06.151+0000] {logging_mixin.py:188} INFO - [2026-04-25T21:28:06.150+0000] {dagbag.py:545} INFO - Filling up the DagBag from /opt/airflow/dags/dag_pipeline_complet.py
[2026-04-25T21:28:06.244+0000] {processor.py:840} INFO - DAG(s) 'pipeline_job_intelligent_kafka' retrieved from /opt/airflow/dags/dag_pipeline_complet.py
[2026-04-25T21:28:06.392+0000] {logging_mixin.py:188} INFO - [2026-04-25T21:28:06.391+0000] {dag.py:3096} INFO - Sync 1 DAGs
[2026-04-25T21:28:06.490+0000] {logging_mixin.py:188} INFO - [2026-04-25T21:28:06.490+0000] {dag.py:3954} INFO - Setting next_dagrun for pipeline_job_intelligent_kafka to 2026-04-24 06:00:00+00:00, run_after=2026-04-25 06:00:00+00:00
[2026-04-25T21:28:06.558+0000] {processor.py:183} INFO - Processing /opt/airflow/dags/dag_pipeline_complet.py took 0.438 seconds
[2026-04-25T21:28:37.625+0000] {processor.py:161} INFO - Started process (PID=5898) to work on /opt/airflow/dags/dag_pipeline_complet.py
[2026-04-25T21:28:37.630+0000] {processor.py:830} INFO - Processing file /opt/airflow/dags/dag_pipeline_complet.py for tasks to queue
[2026-04-25T21:28:37.635+0000] {logging_mixin.py:188} INFO - [2026-04-25T21:28:37.634+0000] {dagbag.py:545} INFO - Filling up the DagBag from /opt/airflow/dags/dag_pipeline_complet.py
[2026-04-25T21:28:37.761+0000] {processor.py:840} INFO - DAG(s) 'pipeline_job_intelligent_kafka' retrieved from /opt/airflow/dags/dag_pipeline_complet.py
[2026-04-25T21:28:37.931+0000] {logging_mixin.py:188} INFO - [2026-04-25T21:28:37.930+0000] {dag.py:3096} INFO - Sync 1 DAGs
[2026-04-25T21:28:38.010+0000] {logging_mixin.py:188} INFO - [2026-04-25T21:28:38.009+0000] {dag.py:3954} INFO - Setting next_dagrun for pipeline_job_intelligent_kafka to 2026-04-24 06:00:00+00:00, run_after=2026-04-25 06:00:00+00:00
[2026-04-25T21:28:38.185+0000] {processor.py:183} INFO - Processing /opt/airflow/dags/dag_pipeline_complet.py took 0.588 seconds
[2026-04-25T21:29:08.530+0000] {processor.py:161} INFO - Started process (PID=5906) to work on /opt/airflow/dags/dag_pipeline_complet.py
[2026-04-25T21:29:08.532+0000] {processor.py:830} INFO - Processing file /opt/airflow/dags/dag_pipeline_complet.py for tasks to queue
[2026-04-25T21:29:08.535+0000] {logging_mixin.py:188} INFO - [2026-04-25T21:29:08.534+0000] {dagbag.py:545} INFO - Filling up the DagBag from /opt/airflow/dags/dag_pipeline_complet.py
[2026-04-25T21:29:08.602+0000] {processor.py:840} INFO - DAG(s) 'pipeline_job_intelligent_kafka' retrieved from /opt/airflow/dags/dag_pipeline_complet.py
[2026-04-25T21:29:08.683+0000] {logging_mixin.py:188} INFO - [2026-04-25T21:29:08.683+0000] {dag.py:3096} INFO - Sync 1 DAGs
[2026-04-25T21:29:08.753+0000] {logging_mixin.py:188} INFO - [2026-04-25T21:29:08.752+0000] {dag.py:3954} INFO - Setting next_dagrun for pipeline_job_intelligent_kafka to 2026-04-24 06:00:00+00:00, run_after=2026-04-25 06:00:00+00:00
[2026-04-25T21:29:08.811+0000] {processor.py:183} INFO - Processing /opt/airflow/dags/dag_pipeline_complet.py took 0.297 seconds
[2026-04-25T21:29:38.965+0000] {processor.py:161} INFO - Started process (PID=5920) to work on /opt/airflow/dags/dag_pipeline_complet.py
[2026-04-25T21:29:38.967+0000] {processor.py:830} INFO - Processing file /opt/airflow/dags/dag_pipeline_complet.py for tasks to queue
[2026-04-25T21:29:38.969+0000] {logging_mixin.py:188} INFO - [2026-04-25T21:29:38.968+0000] {dagbag.py:545} INFO - Filling up the DagBag from /opt/airflow/dags/dag_pipeline_complet.py
[2026-04-25T21:29:39.017+0000] {processor.py:840} INFO - DAG(s) 'pipeline_job_intelligent_kafka' retrieved from /opt/airflow/dags/dag_pipeline_complet.py
[2026-04-25T21:29:39.101+0000] {logging_mixin.py:188} INFO - [2026-04-25T21:29:39.100+0000] {dag.py:3096} INFO - Sync 1 DAGs
[2026-04-25T21:29:39.165+0000] {logging_mixin.py:188} INFO - [2026-04-25T21:29:39.165+0000] {dag.py:3954} INFO - Setting next_dagrun for pipeline_job_intelligent_kafka to 2026-04-24 06:00:00+00:00, run_after=2026-04-25 06:00:00+00:00
[2026-04-25T21:29:39.217+0000] {processor.py:183} INFO - Processing /opt/airflow/dags/dag_pipeline_complet.py took 0.270 seconds
[2026-04-25T21:30:09.945+0000] {processor.py:161} INFO - Started process (PID=5929) to work on /opt/airflow/dags/dag_pipeline_complet.py
[2026-04-25T21:30:09.947+0000] {processor.py:830} INFO - Processing file /opt/airflow/dags/dag_pipeline_complet.py for tasks to queue
[2026-04-25T21:30:09.950+0000] {logging_mixin.py:188} INFO - [2026-04-25T21:30:09.949+0000] {dagbag.py:545} INFO - Filling up the DagBag from /opt/airflow/dags/dag_pipeline_complet.py
[2026-04-25T21:30:10.149+0000] {processor.py:840} INFO - DAG(s) 'pipeline_job_intelligent_kafka' retrieved from /opt/airflow/dags/dag_pipeline_complet.py
[2026-04-25T21:30:10.392+0000] {logging_mixin.py:188} INFO - [2026-04-25T21:30:10.392+0000] {dag.py:3096} INFO - Sync 1 DAGs
[2026-04-25T21:30:10.461+0000] {logging_mixin.py:188} INFO - [2026-04-25T21:30:10.460+0000] {dag.py:3954} INFO - Setting next_dagrun for pipeline_job_intelligent_kafka to 2026-04-24 06:00:00+00:00, run_after=2026-04-25 06:00:00+00:00
[2026-04-25T21:30:10.510+0000] {processor.py:183} INFO - Processing /opt/airflow/dags/dag_pipeline_complet.py took 0.616 seconds
[2026-04-25T21:30:41.019+0000] {processor.py:161} INFO - Started process (PID=5943) to work on /opt/airflow/dags/dag_pipeline_complet.py
[2026-04-25T21:30:41.023+0000] {processor.py:830} INFO - Processing file /opt/airflow/dags/dag_pipeline_complet.py for tasks to queue
[2026-04-25T21:30:41.027+0000] {logging_mixin.py:188} INFO - [2026-04-25T21:30:41.026+0000] {dagbag.py:545} INFO - Filling up the DagBag from /opt/airflow/dags/dag_pipeline_complet.py
[2026-04-25T21:30:41.341+0000] {processor.py:840} INFO - DAG(s) 'pipeline_job_intelligent_kafka' retrieved from /opt/airflow/dags/dag_pipeline_complet.py
[2026-04-25T21:30:41.720+0000] {logging_mixin.py:188} INFO - [2026-04-25T21:30:41.719+0000] {dag.py:3096} INFO - Sync 1 DAGs
[2026-04-25T21:30:41.926+0000] {logging_mixin.py:188} INFO - [2026-04-25T21:30:41.910+0000] {dag.py:3954} INFO - Setting next_dagrun for pipeline_job_intelligent_kafka to 2026-04-24 06:00:00+00:00, run_after=2026-04-25 06:00:00+00:00
[2026-04-25T21:30:42.152+0000] {processor.py:183} INFO - Processing /opt/airflow/dags/dag_pipeline_complet.py took 1.204 seconds
[2026-04-25T21:31:13.169+0000] {processor.py:161} INFO - Started process (PID=5951) to work on /opt/airflow/dags/dag_pipeline_complet.py
[2026-04-25T21:31:13.172+0000] {processor.py:830} INFO - Processing file /opt/airflow/dags/dag_pipeline_complet.py for tasks to queue
[2026-04-25T21:31:13.174+0000] {logging_mixin.py:188} INFO - [2026-04-25T21:31:13.173+0000] {dagbag.py:545} INFO - Filling up the DagBag from /opt/airflow/dags/dag_pipeline_complet.py
[2026-04-25T21:31:13.248+0000] {processor.py:840} INFO - DAG(s) 'pipeline_job_intelligent_kafka' retrieved from /opt/airflow/dags/dag_pipeline_complet.py
[2026-04-25T21:31:13.372+0000] {logging_mixin.py:188} INFO - [2026-04-25T21:31:13.371+0000] {dag.py:3096} INFO - Sync 1 DAGs
[2026-04-25T21:31:13.527+0000] {logging_mixin.py:188} INFO - [2026-04-25T21:31:13.527+0000] {dag.py:3954} INFO - Setting next_dagrun for pipeline_job_intelligent_kafka to 2026-04-24 06:00:00+00:00, run_after=2026-04-25 06:00:00+00:00
[2026-04-25T21:31:13.660+0000] {processor.py:183} INFO - Processing /opt/airflow/dags/dag_pipeline_complet.py took 0.525 seconds
[2026-04-25T21:31:44.599+0000] {processor.py:161} INFO - Started process (PID=5964) to work on /opt/airflow/dags/dag_pipeline_complet.py
[2026-04-25T21:31:44.601+0000] {processor.py:830} INFO - Processing file /opt/airflow/dags/dag_pipeline_complet.py for tasks to queue
[2026-04-25T21:31:44.603+0000] {logging_mixin.py:188} INFO - [2026-04-25T21:31:44.603+0000] {dagbag.py:545} INFO - Filling up the DagBag from /opt/airflow/dags/dag_pipeline_complet.py
[2026-04-25T21:31:44.711+0000] {processor.py:840} INFO - DAG(s) 'pipeline_job_intelligent_kafka' retrieved from /opt/airflow/dags/dag_pipeline_complet.py
[2026-04-25T21:31:44.976+0000] {logging_mixin.py:188} INFO - [2026-04-25T21:31:44.974+0000] {dag.py:3096} INFO - Sync 1 DAGs
[2026-04-25T21:31:45.069+0000] {logging_mixin.py:188} INFO - [2026-04-25T21:31:45.069+0000] {dag.py:3954} INFO - Setting next_dagrun for pipeline_job_intelligent_kafka to 2026-04-24 06:00:00+00:00, run_after=2026-04-25 06:00:00+00:00
[2026-04-25T21:31:45.275+0000] {processor.py:183} INFO - Processing /opt/airflow/dags/dag_pipeline_complet.py took 0.692 seconds
[2026-04-25T21:32:15.580+0000] {processor.py:161} INFO - Started process (PID=5972) to work on /opt/airflow/dags/dag_pipeline_complet.py
[2026-04-25T21:32:15.650+0000] {processor.py:830} INFO - Processing file /opt/airflow/dags/dag_pipeline_complet.py for tasks to queue
[2026-04-25T21:32:15.654+0000] {logging_mixin.py:188} INFO - [2026-04-25T21:32:15.653+0000] {dagbag.py:545} INFO - Filling up the DagBag from /opt/airflow/dags/dag_pipeline_complet.py
[2026-04-25T21:32:15.801+0000] {processor.py:840} INFO - DAG(s) 'pipeline_job_intelligent_kafka' retrieved from /opt/airflow/dags/dag_pipeline_complet.py
[2026-04-25T21:32:15.887+0000] {logging_mixin.py:188} INFO - [2026-04-25T21:32:15.887+0000] {dag.py:3096} INFO - Sync 1 DAGs
[2026-04-25T21:32:15.938+0000] {logging_mixin.py:188} INFO - [2026-04-25T21:32:15.937+0000] {dag.py:3954} INFO - Setting next_dagrun for pipeline_job_intelligent_kafka to 2026-04-24 06:00:00+00:00, run_after=2026-04-25 06:00:00+00:00
[2026-04-25T21:32:15.993+0000] {processor.py:183} INFO - Processing /opt/airflow/dags/dag_pipeline_complet.py took 0.449 seconds
[2026-04-25T21:32:46.494+0000] {processor.py:161} INFO - Started process (PID=5987) to work on /opt/airflow/dags/dag_pipeline_complet.py
[2026-04-25T21:32:46.496+0000] {processor.py:830} INFO - Processing file /opt/airflow/dags/dag_pipeline_complet.py for tasks to queue
[2026-04-25T21:32:46.498+0000] {logging_mixin.py:188} INFO - [2026-04-25T21:32:46.498+0000] {dagbag.py:545} INFO - Filling up the DagBag from /opt/airflow/dags/dag_pipeline_complet.py
[2026-04-25T21:32:46.543+0000] {processor.py:840} INFO - DAG(s) 'pipeline_job_intelligent_kafka' retrieved from /opt/airflow/dags/dag_pipeline_complet.py
[2026-04-25T21:32:46.613+0000] {logging_mixin.py:188} INFO - [2026-04-25T21:32:46.612+0000] {dag.py:3096} INFO - Sync 1 DAGs
[2026-04-25T21:32:46.678+0000] {logging_mixin.py:188} INFO - [2026-04-25T21:32:46.677+0000] {dag.py:3954} INFO - Setting next_dagrun for pipeline_job_intelligent_kafka to 2026-04-24 06:00:00+00:00, run_after=2026-04-25 06:00:00+00:00
[2026-04-25T21:32:46.755+0000] {processor.py:183} INFO - Processing /opt/airflow/dags/dag_pipeline_complet.py took 0.279 seconds
[2026-04-25T21:33:17.576+0000] {processor.py:161} INFO - Started process (PID=5995) to work on /opt/airflow/dags/dag_pipeline_complet.py
[2026-04-25T21:33:17.577+0000] {processor.py:830} INFO - Processing file /opt/airflow/dags/dag_pipeline_complet.py for tasks to queue
[2026-04-25T21:33:17.579+0000] {logging_mixin.py:188} INFO - [2026-04-25T21:33:17.578+0000] {dagbag.py:545} INFO - Filling up the DagBag from /opt/airflow/dags/dag_pipeline_complet.py
[2026-04-25T21:33:17.616+0000] {processor.py:840} INFO - DAG(s) 'pipeline_job_intelligent_kafka' retrieved from /opt/airflow/dags/dag_pipeline_complet.py
[2026-04-25T21:33:17.681+0000] {logging_mixin.py:188} INFO - [2026-04-25T21:33:17.681+0000] {dag.py:3096} INFO - Sync 1 DAGs
[2026-04-25T21:33:17.736+0000] {logging_mixin.py:188} INFO - [2026-04-25T21:33:17.735+0000] {dag.py:3954} INFO - Setting next_dagrun for pipeline_job_intelligent_kafka to 2026-04-24 06:00:00+00:00, run_after=2026-04-25 06:00:00+00:00
[2026-04-25T21:33:17.799+0000] {processor.py:183} INFO - Processing /opt/airflow/dags/dag_pipeline_complet.py took 0.236 seconds
[2026-04-25T21:33:48.393+0000] {processor.py:161} INFO - Started process (PID=6009) to work on /opt/airflow/dags/dag_pipeline_complet.py
[2026-04-25T21:33:48.396+0000] {processor.py:830} INFO - Processing file /opt/airflow/dags/dag_pipeline_complet.py for tasks to queue
[2026-04-25T21:33:48.398+0000] {logging_mixin.py:188} INFO - [2026-04-25T21:33:48.397+0000] {dagbag.py:545} INFO - Filling up the DagBag from /opt/airflow/dags/dag_pipeline_complet.py
[2026-04-25T21:33:48.453+0000] {processor.py:840} INFO - DAG(s) 'pipeline_job_intelligent_kafka' retrieved from /opt/airflow/dags/dag_pipeline_complet.py
[2026-04-25T21:33:48.561+0000] {logging_mixin.py:188} INFO - [2026-04-25T21:33:48.561+0000] {dag.py:3096} INFO - Sync 1 DAGs
[2026-04-25T21:33:48.614+0000] {logging_mixin.py:188} INFO - [2026-04-25T21:33:48.614+0000] {dag.py:3954} INFO - Setting next_dagrun for pipeline_job_intelligent_kafka to 2026-04-24 06:00:00+00:00, run_after=2026-04-25 06:00:00+00:00
[2026-04-25T21:33:48.668+0000] {processor.py:183} INFO - Processing /opt/airflow/dags/dag_pipeline_complet.py took 0.293 seconds
[2026-04-25T21:34:19.435+0000] {processor.py:161} INFO - Started process (PID=6025) to work on /opt/airflow/dags/dag_pipeline_complet.py
[2026-04-25T21:34:19.443+0000] {processor.py:830} INFO - Processing file /opt/airflow/dags/dag_pipeline_complet.py for tasks to queue
[2026-04-25T21:34:19.447+0000] {logging_mixin.py:188} INFO - [2026-04-25T21:34:19.446+0000] {dagbag.py:545} INFO - Filling up the DagBag from /opt/airflow/dags/dag_pipeline_complet.py
[2026-04-25T21:34:19.567+0000] {processor.py:840} INFO - DAG(s) 'pipeline_job_intelligent_kafka' retrieved from /opt/airflow/dags/dag_pipeline_complet.py
[2026-04-25T21:34:19.699+0000] {logging_mixin.py:188} INFO - [2026-04-25T21:34:19.698+0000] {dag.py:3096} INFO - Sync 1 DAGs
[2026-04-25T21:34:19.819+0000] {logging_mixin.py:188} INFO - [2026-04-25T21:34:19.818+0000] {dag.py:3954} INFO - Setting next_dagrun for pipeline_job_intelligent_kafka to 2026-04-24 06:00:00+00:00, run_after=2026-04-25 06:00:00+00:00
[2026-04-25T21:34:20.029+0000] {processor.py:183} INFO - Processing /opt/airflow/dags/dag_pipeline_complet.py took 0.618 seconds
[2026-04-25T21:34:50.267+0000] {processor.py:161} INFO - Started process (PID=6033) to work on /opt/airflow/dags/dag_pipeline_complet.py
[2026-04-25T21:34:50.272+0000] {processor.py:830} INFO - Processing file /opt/airflow/dags/dag_pipeline_complet.py for tasks to queue
[2026-04-25T21:34:50.295+0000] {logging_mixin.py:188} INFO - [2026-04-25T21:34:50.286+0000] {dagbag.py:545} INFO - Filling up the DagBag from /opt/airflow/dags/dag_pipeline_complet.py
[2026-04-25T21:34:50.466+0000] {processor.py:840} INFO - DAG(s) 'pipeline_job_intelligent_kafka' retrieved from /opt/airflow/dags/dag_pipeline_complet.py
[2026-04-25T21:34:50.564+0000] {logging_mixin.py:188} INFO - [2026-04-25T21:34:50.563+0000] {dag.py:3096} INFO - Sync 1 DAGs
[2026-04-25T21:34:50.659+0000] {logging_mixin.py:188} INFO - [2026-04-25T21:34:50.659+0000] {dag.py:3954} INFO - Setting next_dagrun for pipeline_job_intelligent_kafka to 2026-04-24 06:00:00+00:00, run_after=2026-04-25 06:00:00+00:00
[2026-04-25T21:34:50.775+0000] {processor.py:183} INFO - Processing /opt/airflow/dags/dag_pipeline_complet.py took 0.556 seconds
[2026-04-25T21:35:21.851+0000] {processor.py:161} INFO - Started process (PID=6047) to work on /opt/airflow/dags/dag_pipeline_complet.py
[2026-04-25T21:35:21.855+0000] {processor.py:830} INFO - Processing file /opt/airflow/dags/dag_pipeline_complet.py for tasks to queue
[2026-04-25T21:35:21.859+0000] {logging_mixin.py:188} INFO - [2026-04-25T21:35:21.858+0000] {dagbag.py:545} INFO - Filling up the DagBag from /opt/airflow/dags/dag_pipeline_complet.py
[2026-04-25T21:35:21.963+0000] {processor.py:840} INFO - DAG(s) 'pipeline_job_intelligent_kafka' retrieved from /opt/airflow/dags/dag_pipeline_complet.py
[2026-04-25T21:35:22.143+0000] {logging_mixin.py:188} INFO - [2026-04-25T21:35:22.143+0000] {dag.py:3096} INFO - Sync 1 DAGs
[2026-04-25T21:35:22.234+0000] {logging_mixin.py:188} INFO - [2026-04-25T21:35:22.233+0000] {dag.py:3954} INFO - Setting next_dagrun for pipeline_job_intelligent_kafka to 2026-04-24 06:00:00+00:00, run_after=2026-04-25 06:00:00+00:00
[2026-04-25T21:35:22.307+0000] {processor.py:183} INFO - Processing /opt/airflow/dags/dag_pipeline_complet.py took 0.481 seconds
[2026-04-25T21:35:53.360+0000] {processor.py:161} INFO - Started process (PID=6056) to work on /opt/airflow/dags/dag_pipeline_complet.py
[2026-04-25T21:35:53.362+0000] {processor.py:830} INFO - Processing file /opt/airflow/dags/dag_pipeline_complet.py for tasks to queue
[2026-04-25T21:35:53.365+0000] {logging_mixin.py:188} INFO - [2026-04-25T21:35:53.364+0000] {dagbag.py:545} INFO - Filling up the DagBag from /opt/airflow/dags/dag_pipeline_complet.py
[2026-04-25T21:35:53.455+0000] {processor.py:840} INFO - DAG(s) 'pipeline_job_intelligent_kafka' retrieved from /opt/airflow/dags/dag_pipeline_complet.py
[2026-04-25T21:35:53.568+0000] {logging_mixin.py:188} INFO - [2026-04-25T21:35:53.567+0000] {dag.py:3096} INFO - Sync 1 DAGs
[2026-04-25T21:35:53.636+0000] {logging_mixin.py:188} INFO - [2026-04-25T21:35:53.636+0000] {dag.py:3954} INFO - Setting next_dagrun for pipeline_job_intelligent_kafka to 2026-04-24 06:00:00+00:00, run_after=2026-04-25 06:00:00+00:00
[2026-04-25T21:35:53.704+0000] {processor.py:183} INFO - Processing /opt/airflow/dags/dag_pipeline_complet.py took 0.362 seconds
[2026-04-25T21:36:24.044+0000] {processor.py:161} INFO - Started process (PID=6071) to work on /opt/airflow/dags/dag_pipeline_complet.py
[2026-04-25T21:36:24.048+0000] {processor.py:830} INFO - Processing file /opt/airflow/dags/dag_pipeline_complet.py for tasks to queue
[2026-04-25T21:36:24.055+0000] {logging_mixin.py:188} INFO - [2026-04-25T21:36:24.055+0000] {dagbag.py:545} INFO - Filling up the DagBag from /opt/airflow/dags/dag_pipeline_complet.py
[2026-04-25T21:36:24.238+0000] {processor.py:840} INFO - DAG(s) 'pipeline_job_intelligent_kafka' retrieved from /opt/airflow/dags/dag_pipeline_complet.py
[2026-04-25T21:36:24.387+0000] {logging_mixin.py:188} INFO - [2026-04-25T21:36:24.386+0000] {dag.py:3096} INFO - Sync 1 DAGs
[2026-04-25T21:36:24.472+0000] {logging_mixin.py:188} INFO - [2026-04-25T21:36:24.472+0000] {dag.py:3954} INFO - Setting next_dagrun for pipeline_job_intelligent_kafka to 2026-04-24 06:00:00+00:00, run_after=2026-04-25 06:00:00+00:00
[2026-04-25T21:36:24.566+0000] {processor.py:183} INFO - Processing /opt/airflow/dags/dag_pipeline_complet.py took 0.538 seconds
[2026-04-25T21:36:54.848+0000] {processor.py:161} INFO - Started process (PID=6079) to work on /opt/airflow/dags/dag_pipeline_complet.py
[2026-04-25T21:36:54.864+0000] {processor.py:830} INFO - Processing file /opt/airflow/dags/dag_pipeline_complet.py for tasks to queue
[2026-04-25T21:36:54.879+0000] {logging_mixin.py:188} INFO - [2026-04-25T21:36:54.877+0000] {dagbag.py:545} INFO - Filling up the DagBag from /opt/airflow/dags/dag_pipeline_complet.py
[2026-04-25T21:36:55.084+0000] {processor.py:840} INFO - DAG(s) 'pipeline_job_intelligent_kafka' retrieved from /opt/airflow/dags/dag_pipeline_complet.py
[2026-04-25T21:36:55.530+0000] {logging_mixin.py:188} INFO - [2026-04-25T21:36:55.529+0000] {dag.py:3096} INFO - Sync 1 DAGs
[2026-04-25T21:36:55.686+0000] {logging_mixin.py:188} INFO - [2026-04-25T21:36:55.686+0000] {dag.py:3954} INFO - Setting next_dagrun for pipeline_job_intelligent_kafka to 2026-04-24 06:00:00+00:00, run_after=2026-04-25 06:00:00+00:00
[2026-04-25T21:36:55.959+0000] {processor.py:183} INFO - Processing /opt/airflow/dags/dag_pipeline_complet.py took 1.151 seconds
[2026-04-25T21:37:26.524+0000] {processor.py:161} INFO - Started process (PID=6093) to work on /opt/airflow/dags/dag_pipeline_complet.py
[2026-04-25T21:37:26.527+0000] {processor.py:830} INFO - Processing file /opt/airflow/dags/dag_pipeline_complet.py for tasks to queue
[2026-04-25T21:37:26.531+0000] {logging_mixin.py:188} INFO - [2026-04-25T21:37:26.530+0000] {dagbag.py:545} INFO - Filling up the DagBag from /opt/airflow/dags/dag_pipeline_complet.py
[2026-04-25T21:37:26.624+0000] {processor.py:840} INFO - DAG(s) 'pipeline_job_intelligent_kafka' retrieved from /opt/airflow/dags/dag_pipeline_complet.py
[2026-04-25T21:37:26.691+0000] {logging_mixin.py:188} INFO - [2026-04-25T21:37:26.690+0000] {dag.py:3096} INFO - Sync 1 DAGs
[2026-04-25T21:37:26.739+0000] {logging_mixin.py:188} INFO - [2026-04-25T21:37:26.739+0000] {dag.py:3954} INFO - Setting next_dagrun for pipeline_job_intelligent_kafka to 2026-04-24 06:00:00+00:00, run_after=2026-04-25 06:00:00+00:00
[2026-04-25T21:37:26.799+0000] {processor.py:183} INFO - Processing /opt/airflow/dags/dag_pipeline_complet.py took 0.297 seconds
[2026-04-25T21:37:57.490+0000] {processor.py:161} INFO - Started process (PID=6102) to work on /opt/airflow/dags/dag_pipeline_complet.py
[2026-04-25T21:37:57.493+0000] {processor.py:830} INFO - Processing file /opt/airflow/dags/dag_pipeline_complet.py for tasks to queue
[2026-04-25T21:37:57.498+0000] {logging_mixin.py:188} INFO - [2026-04-25T21:37:57.495+0000] {dagbag.py:545} INFO - Filling up the DagBag from /opt/airflow/dags/dag_pipeline_complet.py
[2026-04-25T21:37:57.586+0000] {processor.py:840} INFO - DAG(s) 'pipeline_job_intelligent_kafka' retrieved from /opt/airflow/dags/dag_pipeline_complet.py
[2026-04-25T21:37:57.691+0000] {logging_mixin.py:188} INFO - [2026-04-25T21:37:57.691+0000] {dag.py:3096} INFO - Sync 1 DAGs
[2026-04-25T21:37:57.780+0000] {logging_mixin.py:188} INFO - [2026-04-25T21:37:57.780+0000] {dag.py:3954} INFO - Setting next_dagrun for pipeline_job_intelligent_kafka to 2026-04-24 06:00:00+00:00, run_after=2026-04-25 06:00:00+00:00
[2026-04-25T21:37:57.875+0000] {processor.py:183} INFO - Processing /opt/airflow/dags/dag_pipeline_complet.py took 0.412 seconds
[2026-04-25T21:38:28.144+0000] {processor.py:161} INFO - Started process (PID=6114) to work on /opt/airflow/dags/dag_pipeline_complet.py
[2026-04-25T21:38:28.146+0000] {processor.py:830} INFO - Processing file /opt/airflow/dags/dag_pipeline_complet.py for tasks to queue
[2026-04-25T21:38:28.147+0000] {logging_mixin.py:188} INFO - [2026-04-25T21:38:28.147+0000] {dagbag.py:545} INFO - Filling up the DagBag from /opt/airflow/dags/dag_pipeline_complet.py
[2026-04-25T21:38:28.192+0000] {processor.py:840} INFO - DAG(s) 'pipeline_job_intelligent_kafka' retrieved from /opt/airflow/dags/dag_pipeline_complet.py
[2026-04-25T21:38:28.292+0000] {logging_mixin.py:188} INFO - [2026-04-25T21:38:28.291+0000] {dag.py:3096} INFO - Sync 1 DAGs
[2026-04-25T21:38:28.380+0000] {logging_mixin.py:188} INFO - [2026-04-25T21:38:28.379+0000] {dag.py:3954} INFO - Setting next_dagrun for pipeline_job_intelligent_kafka to 2026-04-24 06:00:00+00:00, run_after=2026-04-25 06:00:00+00:00
[2026-04-25T21:38:28.449+0000] {processor.py:183} INFO - Processing /opt/airflow/dags/dag_pipeline_complet.py took 0.327 seconds
[2026-04-25T21:38:58.704+0000] {processor.py:161} INFO - Started process (PID=6122) to work on /opt/airflow/dags/dag_pipeline_complet.py
[2026-04-25T21:38:58.713+0000] {processor.py:830} INFO - Processing file /opt/airflow/dags/dag_pipeline_complet.py for tasks to queue
[2026-04-25T21:38:58.731+0000] {logging_mixin.py:188} INFO - [2026-04-25T21:38:58.716+0000] {dagbag.py:545} INFO - Filling up the DagBag from /opt/airflow/dags/dag_pipeline_complet.py
[2026-04-25T21:38:58.783+0000] {processor.py:840} INFO - DAG(s) 'pipeline_job_intelligent_kafka' retrieved from /opt/airflow/dags/dag_pipeline_complet.py
[2026-04-25T21:38:58.883+0000] {logging_mixin.py:188} INFO - [2026-04-25T21:38:58.882+0000] {dag.py:3096} INFO - Sync 1 DAGs
[2026-04-25T21:38:58.982+0000] {logging_mixin.py:188} INFO - [2026-04-25T21:38:58.982+0000] {dag.py:3954} INFO - Setting next_dagrun for pipeline_job_intelligent_kafka to 2026-04-24 06:00:00+00:00, run_after=2026-04-25 06:00:00+00:00
[2026-04-25T21:38:59.073+0000] {processor.py:183} INFO - Processing /opt/airflow/dags/dag_pipeline_complet.py took 0.384 seconds
[2026-04-25T21:39:29.664+0000] {processor.py:161} INFO - Started process (PID=6136) to work on /opt/airflow/dags/dag_pipeline_complet.py
[2026-04-25T21:39:29.667+0000] {processor.py:830} INFO - Processing file /opt/airflow/dags/dag_pipeline_complet.py for tasks to queue
[2026-04-25T21:39:29.669+0000] {logging_mixin.py:188} INFO - [2026-04-25T21:39:29.668+0000] {dagbag.py:545} INFO - Filling up the DagBag from /opt/airflow/dags/dag_pipeline_complet.py
[2026-04-25T21:39:29.717+0000] {processor.py:840} INFO - DAG(s) 'pipeline_job_intelligent_kafka' retrieved from /opt/airflow/dags/dag_pipeline_complet.py
[2026-04-25T21:39:29.842+0000] {logging_mixin.py:188} INFO - [2026-04-25T21:39:29.842+0000] {dag.py:3096} INFO - Sync 1 DAGs
[2026-04-25T21:39:29.921+0000] {logging_mixin.py:188} INFO - [2026-04-25T21:39:29.920+0000] {dag.py:3954} INFO - Setting next_dagrun for pipeline_job_intelligent_kafka to 2026-04-24 06:00:00+00:00, run_after=2026-04-25 06:00:00+00:00
[2026-04-25T21:39:29.988+0000] {processor.py:183} INFO - Processing /opt/airflow/dags/dag_pipeline_complet.py took 0.339 seconds
[2026-04-25T21:40:00.441+0000] {processor.py:161} INFO - Started process (PID=6144) to work on /opt/airflow/dags/dag_pipeline_complet.py
[2026-04-25T21:40:00.444+0000] {processor.py:830} INFO - Processing file /opt/airflow/dags/dag_pipeline_complet.py for tasks to queue
[2026-04-25T21:40:00.446+0000] {logging_mixin.py:188} INFO - [2026-04-25T21:40:00.445+0000] {dagbag.py:545} INFO - Filling up the DagBag from /opt/airflow/dags/dag_pipeline_complet.py
[2026-04-25T21:40:00.499+0000] {processor.py:840} INFO - DAG(s) 'pipeline_job_intelligent_kafka' retrieved from /opt/airflow/dags/dag_pipeline_complet.py
[2026-04-25T21:40:00.719+0000] {logging_mixin.py:188} INFO - [2026-04-25T21:40:00.719+0000] {dag.py:3096} INFO - Sync 1 DAGs
[2026-04-25T21:40:00.802+0000] {logging_mixin.py:188} INFO - [2026-04-25T21:40:00.801+0000] {dag.py:3954} INFO - Setting next_dagrun for pipeline_job_intelligent_kafka to 2026-04-24 06:00:00+00:00, run_after=2026-04-25 06:00:00+00:00
[2026-04-25T21:40:00.850+0000] {processor.py:183} INFO - Processing /opt/airflow/dags/dag_pipeline_complet.py took 0.445 seconds
[2026-04-25T21:40:31.700+0000] {processor.py:161} INFO - Started process (PID=6157) to work on /opt/airflow/dags/dag_pipeline_complet.py
[2026-04-25T21:40:31.716+0000] {processor.py:830} INFO - Processing file /opt/airflow/dags/dag_pipeline_complet.py for tasks to queue
[2026-04-25T21:40:31.749+0000] {logging_mixin.py:188} INFO - [2026-04-25T21:40:31.719+0000] {dagbag.py:545} INFO - Filling up the DagBag from /opt/airflow/dags/dag_pipeline_complet.py
[2026-04-25T21:40:31.931+0000] {processor.py:840} INFO - DAG(s) 'pipeline_job_intelligent_kafka' retrieved from /opt/airflow/dags/dag_pipeline_complet.py
[2026-04-25T21:40:32.230+0000] {logging_mixin.py:188} INFO - [2026-04-25T21:40:32.230+0000] {dag.py:3096} INFO - Sync 1 DAGs
[2026-04-25T21:40:32.615+0000] {logging_mixin.py:188} INFO - [2026-04-25T21:40:32.615+0000] {dag.py:3954} INFO - Setting next_dagrun for pipeline_job_intelligent_kafka to 2026-04-24 06:00:00+00:00, run_after=2026-04-25 06:00:00+00:00
[2026-04-25T21:40:32.859+0000] {processor.py:183} INFO - Processing /opt/airflow/dags/dag_pipeline_complet.py took 1.204 seconds
[2026-04-25T21:41:02.967+0000] {processor.py:161} INFO - Started process (PID=6164) to work on /opt/airflow/dags/dag_pipeline_complet.py
[2026-04-25T21:41:02.969+0000] {processor.py:830} INFO - Processing file /opt/airflow/dags/dag_pipeline_complet.py for tasks to queue
[2026-04-25T21:41:02.972+0000] {logging_mixin.py:188} INFO - [2026-04-25T21:41:02.971+0000] {dagbag.py:545} INFO - Filling up the DagBag from /opt/airflow/dags/dag_pipeline_complet.py
[2026-04-25T21:41:03.013+0000] {processor.py:840} INFO - DAG(s) 'pipeline_job_intelligent_kafka' retrieved from /opt/airflow/dags/dag_pipeline_complet.py
[2026-04-25T21:41:03.086+0000] {logging_mixin.py:188} INFO - [2026-04-25T21:41:03.086+0000] {dag.py:3096} INFO - Sync 1 DAGs
[2026-04-25T21:41:03.154+0000] {logging_mixin.py:188} INFO - [2026-04-25T21:41:03.153+0000] {dag.py:3954} INFO - Setting next_dagrun for pipeline_job_intelligent_kafka to 2026-04-24 06:00:00+00:00, run_after=2026-04-25 06:00:00+00:00
[2026-04-25T21:41:03.259+0000] {processor.py:183} INFO - Processing /opt/airflow/dags/dag_pipeline_complet.py took 0.304 seconds
[2026-04-25T21:41:34.292+0000] {processor.py:161} INFO - Started process (PID=6176) to work on /opt/airflow/dags/dag_pipeline_complet.py
[2026-04-25T21:41:34.295+0000] {processor.py:830} INFO - Processing file /opt/airflow/dags/dag_pipeline_complet.py for tasks to queue
[2026-04-25T21:41:34.298+0000] {logging_mixin.py:188} INFO - [2026-04-25T21:41:34.296+0000] {dagbag.py:545} INFO - Filling up the DagBag from /opt/airflow/dags/dag_pipeline_complet.py
[2026-04-25T21:41:34.361+0000] {processor.py:840} INFO - DAG(s) 'pipeline_job_intelligent_kafka' retrieved from /opt/airflow/dags/dag_pipeline_complet.py
[2026-04-25T21:41:34.466+0000] {logging_mixin.py:188} INFO - [2026-04-25T21:41:34.466+0000] {dag.py:3096} INFO - Sync 1 DAGs
[2026-04-25T21:41:34.543+0000] {logging_mixin.py:188} INFO - [2026-04-25T21:41:34.542+0000] {dag.py:3954} INFO - Setting next_dagrun for pipeline_job_intelligent_kafka to 2026-04-24 06:00:00+00:00, run_after=2026-04-25 06:00:00+00:00
[2026-04-25T21:41:34.622+0000] {processor.py:183} INFO - Processing /opt/airflow/dags/dag_pipeline_complet.py took 0.349 seconds
[2026-04-25T21:42:04.943+0000] {processor.py:161} INFO - Started process (PID=6191) to work on /opt/airflow/dags/dag_pipeline_complet.py
[2026-04-25T21:42:04.945+0000] {processor.py:830} INFO - Processing file /opt/airflow/dags/dag_pipeline_complet.py for tasks to queue
[2026-04-25T21:42:04.948+0000] {logging_mixin.py:188} INFO - [2026-04-25T21:42:04.947+0000] {dagbag.py:545} INFO - Filling up the DagBag from /opt/airflow/dags/dag_pipeline_complet.py
[2026-04-25T21:42:04.993+0000] {processor.py:840} INFO - DAG(s) 'pipeline_job_intelligent_kafka' retrieved from /opt/airflow/dags/dag_pipeline_complet.py
[2026-04-25T21:42:05.075+0000] {logging_mixin.py:188} INFO - [2026-04-25T21:42:05.074+0000] {dag.py:3096} INFO - Sync 1 DAGs
[2026-04-25T21:42:05.173+0000] {logging_mixin.py:188} INFO - [2026-04-25T21:42:05.172+0000] {dag.py:3954} INFO - Setting next_dagrun for pipeline_job_intelligent_kafka to 2026-04-24 06:00:00+00:00, run_after=2026-04-25 06:00:00+00:00
[2026-04-25T21:42:05.252+0000] {processor.py:183} INFO - Processing /opt/airflow/dags/dag_pipeline_complet.py took 0.325 seconds
[2026-04-25T21:42:36.281+0000] {processor.py:161} INFO - Started process (PID=6199) to work on /opt/airflow/dags/dag_pipeline_complet.py
[2026-04-25T21:42:36.284+0000] {processor.py:830} INFO - Processing file /opt/airflow/dags/dag_pipeline_complet.py for tasks to queue
[2026-04-25T21:42:36.291+0000] {logging_mixin.py:188} INFO - [2026-04-25T21:42:36.290+0000] {dagbag.py:545} INFO - Filling up the DagBag from /opt/airflow/dags/dag_pipeline_complet.py
[2026-04-25T21:42:36.348+0000] {processor.py:840} INFO - DAG(s) 'pipeline_job_intelligent_kafka' retrieved from /opt/airflow/dags/dag_pipeline_complet.py
[2026-04-25T21:42:36.466+0000] {logging_mixin.py:188} INFO - [2026-04-25T21:42:36.466+0000] {dag.py:3096} INFO - Sync 1 DAGs
[2026-04-25T21:42:36.531+0000] {logging_mixin.py:188} INFO - [2026-04-25T21:42:36.530+0000] {dag.py:3954} INFO - Setting next_dagrun for pipeline_job_intelligent_kafka to 2026-04-24 06:00:00+00:00, run_after=2026-04-25 06:00:00+00:00
[2026-04-25T21:42:36.684+0000] {processor.py:183} INFO - Processing /opt/airflow/dags/dag_pipeline_complet.py took 0.426 seconds
[2026-04-25T21:43:06.990+0000] {processor.py:161} INFO - Started process (PID=6213) to work on /opt/airflow/dags/dag_pipeline_complet.py
[2026-04-25T21:43:06.992+0000] {processor.py:830} INFO - Processing file /opt/airflow/dags/dag_pipeline_complet.py for tasks to queue
[2026-04-25T21:43:06.994+0000] {logging_mixin.py:188} INFO - [2026-04-25T21:43:06.993+0000] {dagbag.py:545} INFO - Filling up the DagBag from /opt/airflow/dags/dag_pipeline_complet.py
[2026-04-25T21:43:07.037+0000] {processor.py:840} INFO - DAG(s) 'pipeline_job_intelligent_kafka' retrieved from /opt/airflow/dags/dag_pipeline_complet.py
[2026-04-25T21:43:07.169+0000] {logging_mixin.py:188} INFO - [2026-04-25T21:43:07.168+0000] {dag.py:3096} INFO - Sync 1 DAGs
[2026-04-25T21:43:07.336+0000] {logging_mixin.py:188} INFO - [2026-04-25T21:43:07.335+0000] {dag.py:3954} INFO - Setting next_dagrun for pipeline_job_intelligent_kafka to 2026-04-24 06:00:00+00:00, run_after=2026-04-25 06:00:00+00:00
[2026-04-25T21:43:07.483+0000] {processor.py:183} INFO - Processing /opt/airflow/dags/dag_pipeline_complet.py took 0.512 seconds
[2026-04-25T21:43:38.415+0000] {processor.py:161} INFO - Started process (PID=6220) to work on /opt/airflow/dags/dag_pipeline_complet.py
[2026-04-25T21:43:38.419+0000] {processor.py:830} INFO - Processing file /opt/airflow/dags/dag_pipeline_complet.py for tasks to queue
[2026-04-25T21:43:38.422+0000] {logging_mixin.py:188} INFO - [2026-04-25T21:43:38.421+0000] {dagbag.py:545} INFO - Filling up the DagBag from /opt/airflow/dags/dag_pipeline_complet.py
[2026-04-25T21:43:38.681+0000] {processor.py:840} INFO - DAG(s) 'pipeline_job_intelligent_kafka' retrieved from /opt/airflow/dags/dag_pipeline_complet.py
[2026-04-25T21:43:38.975+0000] {logging_mixin.py:188} INFO - [2026-04-25T21:43:38.974+0000] {dag.py:3096} INFO - Sync 1 DAGs
[2026-04-25T21:43:39.386+0000] {logging_mixin.py:188} INFO - [2026-04-25T21:43:39.385+0000] {dag.py:3954} INFO - Setting next_dagrun for pipeline_job_intelligent_kafka to 2026-04-24 06:00:00+00:00, run_after=2026-04-25 06:00:00+00:00
[2026-04-25T21:43:39.655+0000] {processor.py:183} INFO - Processing /opt/airflow/dags/dag_pipeline_complet.py took 1.282 seconds
[2026-04-25T21:44:10.754+0000] {processor.py:161} INFO - Started process (PID=6234) to work on /opt/airflow/dags/dag_pipeline_complet.py
[2026-04-25T21:44:10.757+0000] {processor.py:830} INFO - Processing file /opt/airflow/dags/dag_pipeline_complet.py for tasks to queue
[2026-04-25T21:44:10.780+0000] {logging_mixin.py:188} INFO - [2026-04-25T21:44:10.779+0000] {dagbag.py:545} INFO - Filling up the DagBag from /opt/airflow/dags/dag_pipeline_complet.py
[2026-04-25T21:44:11.287+0000] {processor.py:840} INFO - DAG(s) 'pipeline_job_intelligent_kafka' retrieved from /opt/airflow/dags/dag_pipeline_complet.py
[2026-04-25T21:44:12.599+0000] {logging_mixin.py:188} INFO - [2026-04-25T21:44:12.598+0000] {dag.py:3096} INFO - Sync 1 DAGs
[2026-04-25T21:44:13.137+0000] {logging_mixin.py:188} INFO - [2026-04-25T21:44:13.096+0000] {dag.py:3954} INFO - Setting next_dagrun for pipeline_job_intelligent_kafka to 2026-04-24 06:00:00+00:00, run_after=2026-04-25 06:00:00+00:00
[2026-04-25T21:44:13.419+0000] {processor.py:183} INFO - Processing /opt/airflow/dags/dag_pipeline_complet.py took 2.706 seconds
[2026-04-25T21:44:44.217+0000] {processor.py:161} INFO - Started process (PID=6243) to work on /opt/airflow/dags/dag_pipeline_complet.py
[2026-04-25T21:44:44.235+0000] {processor.py:830} INFO - Processing file /opt/airflow/dags/dag_pipeline_complet.py for tasks to queue
[2026-04-25T21:44:44.254+0000] {logging_mixin.py:188} INFO - [2026-04-25T21:44:44.252+0000] {dagbag.py:545} INFO - Filling up the DagBag from /opt/airflow/dags/dag_pipeline_complet.py
[2026-04-25T21:44:44.998+0000] {processor.py:840} INFO - DAG(s) 'pipeline_job_intelligent_kafka' retrieved from /opt/airflow/dags/dag_pipeline_complet.py
[2026-04-25T21:44:45.372+0000] {logging_mixin.py:188} INFO - [2026-04-25T21:44:45.370+0000] {dag.py:3096} INFO - Sync 1 DAGs
[2026-04-25T21:44:46.016+0000] {logging_mixin.py:188} INFO - [2026-04-25T21:44:46.015+0000] {dag.py:3954} INFO - Setting next_dagrun for pipeline_job_intelligent_kafka to 2026-04-24 06:00:00+00:00, run_after=2026-04-25 06:00:00+00:00
[2026-04-25T21:44:46.353+0000] {processor.py:183} INFO - Processing /opt/airflow/dags/dag_pipeline_complet.py took 2.263 seconds
[2026-04-25T21:45:16.523+0000] {processor.py:161} INFO - Started process (PID=6256) to work on /opt/airflow/dags/dag_pipeline_complet.py
[2026-04-25T21:45:16.529+0000] {processor.py:830} INFO - Processing file /opt/airflow/dags/dag_pipeline_complet.py for tasks to queue
[2026-04-25T21:45:16.554+0000] {logging_mixin.py:188} INFO - [2026-04-25T21:45:16.552+0000] {dagbag.py:545} INFO - Filling up the DagBag from /opt/airflow/dags/dag_pipeline_complet.py
[2026-04-25T21:45:16.697+0000] {processor.py:840} INFO - DAG(s) 'pipeline_job_intelligent_kafka' retrieved from /opt/airflow/dags/dag_pipeline_complet.py
[2026-04-25T21:45:16.850+0000] {logging_mixin.py:188} INFO - [2026-04-25T21:45:16.850+0000] {dag.py:3096} INFO - Sync 1 DAGs
[2026-04-25T21:45:16.997+0000] {logging_mixin.py:188} INFO - [2026-04-25T21:45:16.972+0000] {dag.py:3954} INFO - Setting next_dagrun for pipeline_job_intelligent_kafka to 2026-04-24 06:00:00+00:00, run_after=2026-04-25 06:00:00+00:00
[2026-04-25T21:45:17.144+0000] {processor.py:183} INFO - Processing /opt/airflow/dags/dag_pipeline_complet.py took 0.653 seconds
[2026-04-25T21:45:48.363+0000] {processor.py:161} INFO - Started process (PID=6264) to work on /opt/airflow/dags/dag_pipeline_complet.py
[2026-04-25T21:45:48.365+0000] {processor.py:830} INFO - Processing file /opt/airflow/dags/dag_pipeline_complet.py for tasks to queue
[2026-04-25T21:45:48.367+0000] {logging_mixin.py:188} INFO - [2026-04-25T21:45:48.366+0000] {dagbag.py:545} INFO - Filling up the DagBag from /opt/airflow/dags/dag_pipeline_complet.py
[2026-04-25T21:45:48.458+0000] {processor.py:840} INFO - DAG(s) 'pipeline_job_intelligent_kafka' retrieved from /opt/airflow/dags/dag_pipeline_complet.py
[2026-04-25T21:45:48.631+0000] {logging_mixin.py:188} INFO - [2026-04-25T21:45:48.631+0000] {dag.py:3096} INFO - Sync 1 DAGs
[2026-04-25T21:45:48.809+0000] {logging_mixin.py:188} INFO - [2026-04-25T21:45:48.809+0000] {dag.py:3954} INFO - Setting next_dagrun for pipeline_job_intelligent_kafka to 2026-04-24 06:00:00+00:00, run_after=2026-04-25 06:00:00+00:00
[2026-04-25T21:45:49.159+0000] {processor.py:183} INFO - Processing /opt/airflow/dags/dag_pipeline_complet.py took 0.811 seconds
[2026-04-25T21:46:19.492+0000] {processor.py:161} INFO - Started process (PID=6278) to work on /opt/airflow/dags/dag_pipeline_complet.py
[2026-04-25T21:46:19.497+0000] {processor.py:830} INFO - Processing file /opt/airflow/dags/dag_pipeline_complet.py for tasks to queue
[2026-04-25T21:46:19.513+0000] {logging_mixin.py:188} INFO - [2026-04-25T21:46:19.512+0000] {dagbag.py:545} INFO - Filling up the DagBag from /opt/airflow/dags/dag_pipeline_complet.py
[2026-04-25T21:46:19.691+0000] {processor.py:840} INFO - DAG(s) 'pipeline_job_intelligent_kafka' retrieved from /opt/airflow/dags/dag_pipeline_complet.py
[2026-04-25T21:46:19.869+0000] {logging_mixin.py:188} INFO - [2026-04-25T21:46:19.869+0000] {dag.py:3096} INFO - Sync 1 DAGs
[2026-04-25T21:46:19.962+0000] {logging_mixin.py:188} INFO - [2026-04-25T21:46:19.961+0000] {dag.py:3954} INFO - Setting next_dagrun for pipeline_job_intelligent_kafka to 2026-04-24 06:00:00+00:00, run_after=2026-04-25 06:00:00+00:00
[2026-04-25T21:46:20.112+0000] {processor.py:183} INFO - Processing /opt/airflow/dags/dag_pipeline_complet.py took 0.638 seconds
[2026-04-25T21:46:50.268+0000] {processor.py:161} INFO - Started process (PID=6292) to work on /opt/airflow/dags/dag_pipeline_complet.py
[2026-04-25T21:46:50.274+0000] {processor.py:830} INFO - Processing file /opt/airflow/dags/dag_pipeline_complet.py for tasks to queue
[2026-04-25T21:46:50.276+0000] {logging_mixin.py:188} INFO - [2026-04-25T21:46:50.275+0000] {dagbag.py:545} INFO - Filling up the DagBag from /opt/airflow/dags/dag_pipeline_complet.py
[2026-04-25T21:46:50.338+0000] {processor.py:840} INFO - DAG(s) 'pipeline_job_intelligent_kafka' retrieved from /opt/airflow/dags/dag_pipeline_complet.py
[2026-04-25T21:46:50.476+0000] {logging_mixin.py:188} INFO - [2026-04-25T21:46:50.475+0000] {dag.py:3096} INFO - Sync 1 DAGs
[2026-04-25T21:46:50.564+0000] {logging_mixin.py:188} INFO - [2026-04-25T21:46:50.563+0000] {dag.py:3954} INFO - Setting next_dagrun for pipeline_job_intelligent_kafka to 2026-04-24 06:00:00+00:00, run_after=2026-04-25 06:00:00+00:00
[2026-04-25T21:46:50.661+0000] {processor.py:183} INFO - Processing /opt/airflow/dags/dag_pipeline_complet.py took 0.410 seconds
[2026-04-25T21:47:21.071+0000] {processor.py:161} INFO - Started process (PID=6301) to work on /opt/airflow/dags/dag_pipeline_complet.py
[2026-04-25T21:47:21.073+0000] {processor.py:830} INFO - Processing file /opt/airflow/dags/dag_pipeline_complet.py for tasks to queue
[2026-04-25T21:47:21.076+0000] {logging_mixin.py:188} INFO - [2026-04-25T21:47:21.075+0000] {dagbag.py:545} INFO - Filling up the DagBag from /opt/airflow/dags/dag_pipeline_complet.py
[2026-04-25T21:47:21.121+0000] {processor.py:840} INFO - DAG(s) 'pipeline_job_intelligent_kafka' retrieved from /opt/airflow/dags/dag_pipeline_complet.py
[2026-04-25T21:47:21.255+0000] {logging_mixin.py:188} INFO - [2026-04-25T21:47:21.255+0000] {dag.py:3096} INFO - Sync 1 DAGs
[2026-04-25T21:47:21.329+0000] {logging_mixin.py:188} INFO - [2026-04-25T21:47:21.328+0000] {dag.py:3954} INFO - Setting next_dagrun for pipeline_job_intelligent_kafka to 2026-04-24 06:00:00+00:00, run_after=2026-04-25 06:00:00+00:00
[2026-04-25T21:47:21.454+0000] {processor.py:183} INFO - Processing /opt/airflow/dags/dag_pipeline_complet.py took 0.398 seconds
[2026-04-25T21:47:54.135+0000] {processor.py:161} INFO - Started process (PID=6315) to work on /opt/airflow/dags/dag_pipeline_complet.py
[2026-04-25T21:47:54.150+0000] {processor.py:830} INFO - Processing file /opt/airflow/dags/dag_pipeline_complet.py for tasks to queue
[2026-04-25T21:47:54.171+0000] {logging_mixin.py:188} INFO - [2026-04-25T21:47:54.157+0000] {dagbag.py:545} INFO - Filling up the DagBag from /opt/airflow/dags/dag_pipeline_complet.py
[2026-04-25T21:47:54.666+0000] {processor.py:840} INFO - DAG(s) 'pipeline_job_intelligent_kafka' retrieved from /opt/airflow/dags/dag_pipeline_complet.py
[2026-04-25T21:47:55.195+0000] {logging_mixin.py:188} INFO - [2026-04-25T21:47:55.194+0000] {dag.py:3096} INFO - Sync 1 DAGs
[2026-04-25T21:47:55.636+0000] {logging_mixin.py:188} INFO - [2026-04-25T21:47:55.635+0000] {dag.py:3954} INFO - Setting next_dagrun for pipeline_job_intelligent_kafka to 2026-04-24 06:00:00+00:00, run_after=2026-04-25 06:00:00+00:00
[2026-04-25T21:47:56.070+0000] {processor.py:183} INFO - Processing /opt/airflow/dags/dag_pipeline_complet.py took 2.091 seconds
[2026-04-25T21:48:27.510+0000] {processor.py:161} INFO - Started process (PID=6323) to work on /opt/airflow/dags/dag_pipeline_complet.py
[2026-04-25T21:48:27.528+0000] {processor.py:830} INFO - Processing file /opt/airflow/dags/dag_pipeline_complet.py for tasks to queue
[2026-04-25T21:48:27.532+0000] {logging_mixin.py:188} INFO - [2026-04-25T21:48:27.531+0000] {dagbag.py:545} INFO - Filling up the DagBag from /opt/airflow/dags/dag_pipeline_complet.py
[2026-04-25T21:48:28.335+0000] {processor.py:840} INFO - DAG(s) 'pipeline_job_intelligent_kafka' retrieved from /opt/airflow/dags/dag_pipeline_complet.py
[2026-04-25T21:48:28.916+0000] {logging_mixin.py:188} INFO - [2026-04-25T21:48:28.916+0000] {dag.py:3096} INFO - Sync 1 DAGs
[2026-04-25T21:48:29.282+0000] {logging_mixin.py:188} INFO - [2026-04-25T21:48:29.261+0000] {dag.py:3954} INFO - Setting next_dagrun for pipeline_job_intelligent_kafka to 2026-04-24 06:00:00+00:00, run_after=2026-04-25 06:00:00+00:00
[2026-04-25T21:48:29.475+0000] {processor.py:183} INFO - Processing /opt/airflow/dags/dag_pipeline_complet.py took 2.015 seconds
[2026-04-25T21:49:00.710+0000] {processor.py:161} INFO - Started process (PID=6339) to work on /opt/airflow/dags/dag_pipeline_complet.py
[2026-04-25T21:49:00.713+0000] {processor.py:830} INFO - Processing file /opt/airflow/dags/dag_pipeline_complet.py for tasks to queue
[2026-04-25T21:49:00.729+0000] {logging_mixin.py:188} INFO - [2026-04-25T21:49:00.728+0000] {dagbag.py:545} INFO - Filling up the DagBag from /opt/airflow/dags/dag_pipeline_complet.py
[2026-04-25T21:49:00.856+0000] {processor.py:840} INFO - DAG(s) 'pipeline_job_intelligent_kafka' retrieved from /opt/airflow/dags/dag_pipeline_complet.py
[2026-04-25T21:49:01.023+0000] {logging_mixin.py:188} INFO - [2026-04-25T21:49:01.022+0000] {dag.py:3096} INFO - Sync 1 DAGs
[2026-04-25T21:49:01.144+0000] {logging_mixin.py:188} INFO - [2026-04-25T21:49:01.143+0000] {dag.py:3954} INFO - Setting next_dagrun for pipeline_job_intelligent_kafka to 2026-04-24 06:00:00+00:00, run_after=2026-04-25 06:00:00+00:00
[2026-04-25T21:49:01.236+0000] {processor.py:183} INFO - Processing /opt/airflow/dags/dag_pipeline_complet.py took 0.583 seconds
[2026-04-25T21:49:31.590+0000] {processor.py:161} INFO - Started process (PID=6347) to work on /opt/airflow/dags/dag_pipeline_complet.py
[2026-04-25T21:49:31.598+0000] {processor.py:830} INFO - Processing file /opt/airflow/dags/dag_pipeline_complet.py for tasks to queue
[2026-04-25T21:49:31.606+0000] {logging_mixin.py:188} INFO - [2026-04-25T21:49:31.602+0000] {dagbag.py:545} INFO - Filling up the DagBag from /opt/airflow/dags/dag_pipeline_complet.py
[2026-04-25T21:49:31.724+0000] {processor.py:840} INFO - DAG(s) 'pipeline_job_intelligent_kafka' retrieved from /opt/airflow/dags/dag_pipeline_complet.py
[2026-04-25T21:49:32.083+0000] {logging_mixin.py:188} INFO - [2026-04-25T21:49:32.083+0000] {dag.py:3096} INFO - Sync 1 DAGs
[2026-04-25T21:49:32.371+0000] {logging_mixin.py:188} INFO - [2026-04-25T21:49:32.371+0000] {dag.py:3954} INFO - Setting next_dagrun for pipeline_job_intelligent_kafka to 2026-04-24 06:00:00+00:00, run_after=2026-04-25 06:00:00+00:00
[2026-04-25T21:49:32.493+0000] {processor.py:183} INFO - Processing /opt/airflow/dags/dag_pipeline_complet.py took 0.945 seconds
[2026-04-25T21:50:02.664+0000] {processor.py:161} INFO - Started process (PID=6360) to work on /opt/airflow/dags/dag_pipeline_complet.py
[2026-04-25T21:50:02.666+0000] {processor.py:830} INFO - Processing file /opt/airflow/dags/dag_pipeline_complet.py for tasks to queue
[2026-04-25T21:50:02.669+0000] {logging_mixin.py:188} INFO - [2026-04-25T21:50:02.668+0000] {dagbag.py:545} INFO - Filling up the DagBag from /opt/airflow/dags/dag_pipeline_complet.py
[2026-04-25T21:50:02.730+0000] {processor.py:840} INFO - DAG(s) 'pipeline_job_intelligent_kafka' retrieved from /opt/airflow/dags/dag_pipeline_complet.py
[2026-04-25T21:50:02.811+0000] {logging_mixin.py:188} INFO - [2026-04-25T21:50:02.811+0000] {dag.py:3096} INFO - Sync 1 DAGs
[2026-04-25T21:50:02.906+0000] {logging_mixin.py:188} INFO - [2026-04-25T21:50:02.905+0000] {dag.py:3954} INFO - Setting next_dagrun for pipeline_job_intelligent_kafka to 2026-04-24 06:00:00+00:00, run_after=2026-04-25 06:00:00+00:00
[2026-04-25T21:50:02.998+0000] {processor.py:183} INFO - Processing /opt/airflow/dags/dag_pipeline_complet.py took 0.348 seconds
[2026-04-25T21:50:33.815+0000] {processor.py:161} INFO - Started process (PID=6375) to work on /opt/airflow/dags/dag_pipeline_complet.py
[2026-04-25T21:50:33.818+0000] {processor.py:830} INFO - Processing file /opt/airflow/dags/dag_pipeline_complet.py for tasks to queue
[2026-04-25T21:50:33.831+0000] {logging_mixin.py:188} INFO - [2026-04-25T21:50:33.830+0000] {dagbag.py:545} INFO - Filling up the DagBag from /opt/airflow/dags/dag_pipeline_complet.py
[2026-04-25T21:50:34.089+0000] {processor.py:840} INFO - DAG(s) 'pipeline_job_intelligent_kafka' retrieved from /opt/airflow/dags/dag_pipeline_complet.py
[2026-04-25T21:50:34.488+0000] {logging_mixin.py:188} INFO - [2026-04-25T21:50:34.487+0000] {dag.py:3096} INFO - Sync 1 DAGs
[2026-04-25T21:50:34.715+0000] {logging_mixin.py:188} INFO - [2026-04-25T21:50:34.712+0000] {dag.py:3954} INFO - Setting next_dagrun for pipeline_job_intelligent_kafka to 2026-04-24 06:00:00+00:00, run_after=2026-04-25 06:00:00+00:00
[2026-04-25T21:50:34.877+0000] {processor.py:183} INFO - Processing /opt/airflow/dags/dag_pipeline_complet.py took 1.134 seconds
[2026-04-25T21:51:05.204+0000] {processor.py:161} INFO - Started process (PID=6384) to work on /opt/airflow/dags/dag_pipeline_complet.py
[2026-04-25T21:51:05.209+0000] {processor.py:830} INFO - Processing file /opt/airflow/dags/dag_pipeline_complet.py for tasks to queue
[2026-04-25T21:51:05.233+0000] {logging_mixin.py:188} INFO - [2026-04-25T21:51:05.228+0000] {dagbag.py:545} INFO - Filling up the DagBag from /opt/airflow/dags/dag_pipeline_complet.py
[2026-04-25T21:51:05.414+0000] {processor.py:840} INFO - DAG(s) 'pipeline_job_intelligent_kafka' retrieved from /opt/airflow/dags/dag_pipeline_complet.py
[2026-04-25T21:51:05.703+0000] {logging_mixin.py:188} INFO - [2026-04-25T21:51:05.702+0000] {dag.py:3096} INFO - Sync 1 DAGs
[2026-04-25T21:51:05.913+0000] {logging_mixin.py:188} INFO - [2026-04-25T21:51:05.911+0000] {dag.py:3954} INFO - Setting next_dagrun for pipeline_job_intelligent_kafka to 2026-04-24 06:00:00+00:00, run_after=2026-04-25 06:00:00+00:00
[2026-04-25T21:51:06.252+0000] {processor.py:183} INFO - Processing /opt/airflow/dags/dag_pipeline_complet.py took 1.107 seconds
[2026-04-25T21:51:36.995+0000] {processor.py:161} INFO - Started process (PID=6398) to work on /opt/airflow/dags/dag_pipeline_complet.py
[2026-04-25T21:51:36.997+0000] {processor.py:830} INFO - Processing file /opt/airflow/dags/dag_pipeline_complet.py for tasks to queue
[2026-04-25T21:51:37.003+0000] {logging_mixin.py:188} INFO - [2026-04-25T21:51:37.002+0000] {dagbag.py:545} INFO - Filling up the DagBag from /opt/airflow/dags/dag_pipeline_complet.py
[2026-04-25T21:51:37.096+0000] {processor.py:840} INFO - DAG(s) 'pipeline_job_intelligent_kafka' retrieved from /opt/airflow/dags/dag_pipeline_complet.py
[2026-04-25T21:51:37.279+0000] {logging_mixin.py:188} INFO - [2026-04-25T21:51:37.279+0000] {dag.py:3096} INFO - Sync 1 DAGs
[2026-04-25T21:51:37.463+0000] {logging_mixin.py:188} INFO - [2026-04-25T21:51:37.462+0000] {dag.py:3954} INFO - Setting next_dagrun for pipeline_job_intelligent_kafka to 2026-04-24 06:00:00+00:00, run_after=2026-04-25 06:00:00+00:00
[2026-04-25T21:51:37.571+0000] {processor.py:183} INFO - Processing /opt/airflow/dags/dag_pipeline_complet.py took 0.595 seconds
[2026-04-25T21:52:08.375+0000] {processor.py:161} INFO - Started process (PID=6406) to work on /opt/airflow/dags/dag_pipeline_complet.py
[2026-04-25T21:52:08.383+0000] {processor.py:830} INFO - Processing file /opt/airflow/dags/dag_pipeline_complet.py for tasks to queue
[2026-04-25T21:52:08.386+0000] {logging_mixin.py:188} INFO - [2026-04-25T21:52:08.385+0000] {dagbag.py:545} INFO - Filling up the DagBag from /opt/airflow/dags/dag_pipeline_complet.py
[2026-04-25T21:52:08.628+0000] {processor.py:840} INFO - DAG(s) 'pipeline_job_intelligent_kafka' retrieved from /opt/airflow/dags/dag_pipeline_complet.py
[2026-04-25T21:52:08.825+0000] {logging_mixin.py:188} INFO - [2026-04-25T21:52:08.824+0000] {dag.py:3096} INFO - Sync 1 DAGs
[2026-04-25T21:52:08.913+0000] {logging_mixin.py:188} INFO - [2026-04-25T21:52:08.912+0000] {dag.py:3954} INFO - Setting next_dagrun for pipeline_job_intelligent_kafka to 2026-04-24 06:00:00+00:00, run_after=2026-04-25 06:00:00+00:00
[2026-04-25T21:52:09.040+0000] {processor.py:183} INFO - Processing /opt/airflow/dags/dag_pipeline_complet.py took 0.689 seconds
[2026-04-25T21:52:39.674+0000] {processor.py:161} INFO - Started process (PID=6419) to work on /opt/airflow/dags/dag_pipeline_complet.py
[2026-04-25T21:52:39.689+0000] {processor.py:830} INFO - Processing file /opt/airflow/dags/dag_pipeline_complet.py for tasks to queue
[2026-04-25T21:52:39.701+0000] {logging_mixin.py:188} INFO - [2026-04-25T21:52:39.700+0000] {dagbag.py:545} INFO - Filling up the DagBag from /opt/airflow/dags/dag_pipeline_complet.py
[2026-04-25T21:52:39.796+0000] {processor.py:840} INFO - DAG(s) 'pipeline_job_intelligent_kafka' retrieved from /opt/airflow/dags/dag_pipeline_complet.py
[2026-04-25T21:52:40.027+0000] {logging_mixin.py:188} INFO - [2026-04-25T21:52:40.027+0000] {dag.py:3096} INFO - Sync 1 DAGs
[2026-04-25T21:52:40.155+0000] {logging_mixin.py:188} INFO - [2026-04-25T21:52:40.153+0000] {dag.py:3954} INFO - Setting next_dagrun for pipeline_job_intelligent_kafka to 2026-04-24 06:00:00+00:00, run_after=2026-04-25 06:00:00+00:00
[2026-04-25T21:52:40.261+0000] {processor.py:183} INFO - Processing /opt/airflow/dags/dag_pipeline_complet.py took 0.610 seconds
[2026-04-25T21:53:10.396+0000] {processor.py:161} INFO - Started process (PID=6427) to work on /opt/airflow/dags/dag_pipeline_complet.py
[2026-04-25T21:53:10.398+0000] {processor.py:830} INFO - Processing file /opt/airflow/dags/dag_pipeline_complet.py for tasks to queue
[2026-04-25T21:53:10.401+0000] {logging_mixin.py:188} INFO - [2026-04-25T21:53:10.400+0000] {dagbag.py:545} INFO - Filling up the DagBag from /opt/airflow/dags/dag_pipeline_complet.py
[2026-04-25T21:53:10.466+0000] {processor.py:840} INFO - DAG(s) 'pipeline_job_intelligent_kafka' retrieved from /opt/airflow/dags/dag_pipeline_complet.py
[2026-04-25T21:53:10.571+0000] {logging_mixin.py:188} INFO - [2026-04-25T21:53:10.570+0000] {dag.py:3096} INFO - Sync 1 DAGs
[2026-04-25T21:53:10.699+0000] {logging_mixin.py:188} INFO - [2026-04-25T21:53:10.699+0000] {dag.py:3954} INFO - Setting next_dagrun for pipeline_job_intelligent_kafka to 2026-04-24 06:00:00+00:00, run_after=2026-04-25 06:00:00+00:00
[2026-04-25T21:53:10.780+0000] {processor.py:183} INFO - Processing /opt/airflow/dags/dag_pipeline_complet.py took 0.404 seconds
[2026-04-25T21:53:41.360+0000] {processor.py:161} INFO - Started process (PID=6441) to work on /opt/airflow/dags/dag_pipeline_complet.py
[2026-04-25T21:53:41.362+0000] {processor.py:830} INFO - Processing file /opt/airflow/dags/dag_pipeline_complet.py for tasks to queue
[2026-04-25T21:53:41.365+0000] {logging_mixin.py:188} INFO - [2026-04-25T21:53:41.364+0000] {dagbag.py:545} INFO - Filling up the DagBag from /opt/airflow/dags/dag_pipeline_complet.py
[2026-04-25T21:53:41.528+0000] {processor.py:840} INFO - DAG(s) 'pipeline_job_intelligent_kafka' retrieved from /opt/airflow/dags/dag_pipeline_complet.py
[2026-04-25T21:53:41.719+0000] {logging_mixin.py:188} INFO - [2026-04-25T21:53:41.719+0000] {dag.py:3096} INFO - Sync 1 DAGs
[2026-04-25T21:53:41.806+0000] {logging_mixin.py:188} INFO - [2026-04-25T21:53:41.805+0000] {dag.py:3954} INFO - Setting next_dagrun for pipeline_job_intelligent_kafka to 2026-04-24 06:00:00+00:00, run_after=2026-04-25 06:00:00+00:00
[2026-04-25T21:53:41.874+0000] {processor.py:183} INFO - Processing /opt/airflow/dags/dag_pipeline_complet.py took 0.538 seconds
[2026-04-25T21:54:12.500+0000] {processor.py:161} INFO - Started process (PID=6450) to work on /opt/airflow/dags/dag_pipeline_complet.py
[2026-04-25T21:54:12.502+0000] {processor.py:830} INFO - Processing file /opt/airflow/dags/dag_pipeline_complet.py for tasks to queue
[2026-04-25T21:54:12.519+0000] {logging_mixin.py:188} INFO - [2026-04-25T21:54:12.518+0000] {dagbag.py:545} INFO - Filling up the DagBag from /opt/airflow/dags/dag_pipeline_complet.py
[2026-04-25T21:54:12.556+0000] {processor.py:840} INFO - DAG(s) 'pipeline_job_intelligent_kafka' retrieved from /opt/airflow/dags/dag_pipeline_complet.py
[2026-04-25T21:54:12.623+0000] {logging_mixin.py:188} INFO - [2026-04-25T21:54:12.622+0000] {dag.py:3096} INFO - Sync 1 DAGs
[2026-04-25T21:54:12.750+0000] {logging_mixin.py:188} INFO - [2026-04-25T21:54:12.744+0000] {dag.py:3954} INFO - Setting next_dagrun for pipeline_job_intelligent_kafka to 2026-04-24 06:00:00+00:00, run_after=2026-04-25 06:00:00+00:00
[2026-04-25T21:54:12.851+0000] {processor.py:183} INFO - Processing /opt/airflow/dags/dag_pipeline_complet.py took 0.389 seconds
[2026-04-25T21:54:43.360+0000] {processor.py:161} INFO - Started process (PID=6463) to work on /opt/airflow/dags/dag_pipeline_complet.py
[2026-04-25T21:54:43.362+0000] {processor.py:830} INFO - Processing file /opt/airflow/dags/dag_pipeline_complet.py for tasks to queue
[2026-04-25T21:54:43.365+0000] {logging_mixin.py:188} INFO - [2026-04-25T21:54:43.364+0000] {dagbag.py:545} INFO - Filling up the DagBag from /opt/airflow/dags/dag_pipeline_complet.py
[2026-04-25T21:54:43.427+0000] {processor.py:840} INFO - DAG(s) 'pipeline_job_intelligent_kafka' retrieved from /opt/airflow/dags/dag_pipeline_complet.py
[2026-04-25T21:54:43.564+0000] {logging_mixin.py:188} INFO - [2026-04-25T21:54:43.563+0000] {dag.py:3096} INFO - Sync 1 DAGs
[2026-04-25T21:54:43.638+0000] {logging_mixin.py:188} INFO - [2026-04-25T21:54:43.637+0000] {dag.py:3954} INFO - Setting next_dagrun for pipeline_job_intelligent_kafka to 2026-04-24 06:00:00+00:00, run_after=2026-04-25 06:00:00+00:00
[2026-04-25T21:54:43.710+0000] {processor.py:183} INFO - Processing /opt/airflow/dags/dag_pipeline_complet.py took 0.367 seconds
[2026-04-25T21:55:14.520+0000] {processor.py:161} INFO - Started process (PID=6470) to work on /opt/airflow/dags/dag_pipeline_complet.py
[2026-04-25T21:55:14.526+0000] {processor.py:830} INFO - Processing file /opt/airflow/dags/dag_pipeline_complet.py for tasks to queue
[2026-04-25T21:55:14.557+0000] {logging_mixin.py:188} INFO - [2026-04-25T21:55:14.555+0000] {dagbag.py:545} INFO - Filling up the DagBag from /opt/airflow/dags/dag_pipeline_complet.py
[2026-04-25T21:55:14.783+0000] {processor.py:840} INFO - DAG(s) 'pipeline_job_intelligent_kafka' retrieved from /opt/airflow/dags/dag_pipeline_complet.py
[2026-04-25T21:55:15.154+0000] {logging_mixin.py:188} INFO - [2026-04-25T21:55:15.154+0000] {dag.py:3096} INFO - Sync 1 DAGs
[2026-04-25T21:55:15.369+0000] {logging_mixin.py:188} INFO - [2026-04-25T21:55:15.368+0000] {dag.py:3954} INFO - Setting next_dagrun for pipeline_job_intelligent_kafka to 2026-04-24 06:00:00+00:00, run_after=2026-04-25 06:00:00+00:00
[2026-04-25T21:55:15.525+0000] {processor.py:183} INFO - Processing /opt/airflow/dags/dag_pipeline_complet.py took 1.026 seconds
[2026-04-25T21:55:46.255+0000] {processor.py:161} INFO - Started process (PID=6484) to work on /opt/airflow/dags/dag_pipeline_complet.py
[2026-04-25T21:55:46.257+0000] {processor.py:830} INFO - Processing file /opt/airflow/dags/dag_pipeline_complet.py for tasks to queue
[2026-04-25T21:55:46.276+0000] {logging_mixin.py:188} INFO - [2026-04-25T21:55:46.265+0000] {dagbag.py:545} INFO - Filling up the DagBag from /opt/airflow/dags/dag_pipeline_complet.py
[2026-04-25T21:55:46.370+0000] {processor.py:840} INFO - DAG(s) 'pipeline_job_intelligent_kafka' retrieved from /opt/airflow/dags/dag_pipeline_complet.py
[2026-04-25T21:55:46.514+0000] {logging_mixin.py:188} INFO - [2026-04-25T21:55:46.514+0000] {dag.py:3096} INFO - Sync 1 DAGs
[2026-04-25T21:55:46.631+0000] {logging_mixin.py:188} INFO - [2026-04-25T21:55:46.629+0000] {dag.py:3954} INFO - Setting next_dagrun for pipeline_job_intelligent_kafka to 2026-04-24 06:00:00+00:00, run_after=2026-04-25 06:00:00+00:00
[2026-04-25T21:55:46.724+0000] {processor.py:183} INFO - Processing /opt/airflow/dags/dag_pipeline_complet.py took 0.488 seconds
[2026-04-25T21:56:17.401+0000] {processor.py:161} INFO - Started process (PID=6499) to work on /opt/airflow/dags/dag_pipeline_complet.py
[2026-04-25T21:56:17.403+0000] {processor.py:830} INFO - Processing file /opt/airflow/dags/dag_pipeline_complet.py for tasks to queue
[2026-04-25T21:56:17.406+0000] {logging_mixin.py:188} INFO - [2026-04-25T21:56:17.405+0000] {dagbag.py:545} INFO - Filling up the DagBag from /opt/airflow/dags/dag_pipeline_complet.py
[2026-04-25T21:56:17.456+0000] {processor.py:840} INFO - DAG(s) 'pipeline_job_intelligent_kafka' retrieved from /opt/airflow/dags/dag_pipeline_complet.py
[2026-04-25T21:56:17.530+0000] {logging_mixin.py:188} INFO - [2026-04-25T21:56:17.529+0000] {dag.py:3096} INFO - Sync 1 DAGs
[2026-04-25T21:56:17.599+0000] {logging_mixin.py:188} INFO - [2026-04-25T21:56:17.599+0000] {dag.py:3954} INFO - Setting next_dagrun for pipeline_job_intelligent_kafka to 2026-04-24 06:00:00+00:00, run_after=2026-04-25 06:00:00+00:00
[2026-04-25T21:56:17.642+0000] {processor.py:183} INFO - Processing /opt/airflow/dags/dag_pipeline_complet.py took 0.257 seconds
[2026-04-25T21:56:48.204+0000] {processor.py:161} INFO - Started process (PID=6508) to work on /opt/airflow/dags/dag_pipeline_complet.py
[2026-04-25T21:56:48.207+0000] {processor.py:830} INFO - Processing file /opt/airflow/dags/dag_pipeline_complet.py for tasks to queue
[2026-04-25T21:56:48.212+0000] {logging_mixin.py:188} INFO - [2026-04-25T21:56:48.211+0000] {dagbag.py:545} INFO - Filling up the DagBag from /opt/airflow/dags/dag_pipeline_complet.py
[2026-04-25T21:56:48.262+0000] {processor.py:840} INFO - DAG(s) 'pipeline_job_intelligent_kafka' retrieved from /opt/airflow/dags/dag_pipeline_complet.py
[2026-04-25T21:56:48.361+0000] {logging_mixin.py:188} INFO - [2026-04-25T21:56:48.360+0000] {dag.py:3096} INFO - Sync 1 DAGs
[2026-04-25T21:56:48.436+0000] {logging_mixin.py:188} INFO - [2026-04-25T21:56:48.436+0000] {dag.py:3954} INFO - Setting next_dagrun for pipeline_job_intelligent_kafka to 2026-04-24 06:00:00+00:00, run_after=2026-04-25 06:00:00+00:00
[2026-04-25T21:56:48.546+0000] {processor.py:183} INFO - Processing /opt/airflow/dags/dag_pipeline_complet.py took 0.362 seconds
[2026-04-25T21:57:18.821+0000] {processor.py:161} INFO - Started process (PID=6522) to work on /opt/airflow/dags/dag_pipeline_complet.py
[2026-04-25T21:57:18.823+0000] {processor.py:830} INFO - Processing file /opt/airflow/dags/dag_pipeline_complet.py for tasks to queue
[2026-04-25T21:57:18.825+0000] {logging_mixin.py:188} INFO - [2026-04-25T21:57:18.824+0000] {dagbag.py:545} INFO - Filling up the DagBag from /opt/airflow/dags/dag_pipeline_complet.py
[2026-04-25T21:57:18.874+0000] {processor.py:840} INFO - DAG(s) 'pipeline_job_intelligent_kafka' retrieved from /opt/airflow/dags/dag_pipeline_complet.py
[2026-04-25T21:57:18.998+0000] {logging_mixin.py:188} INFO - [2026-04-25T21:57:18.997+0000] {dag.py:3096} INFO - Sync 1 DAGs
[2026-04-25T21:57:19.155+0000] {logging_mixin.py:188} INFO - [2026-04-25T21:57:19.154+0000] {dag.py:3954} INFO - Setting next_dagrun for pipeline_job_intelligent_kafka to 2026-04-24 06:00:00+00:00, run_after=2026-04-25 06:00:00+00:00
[2026-04-25T21:57:19.331+0000] {processor.py:183} INFO - Processing /opt/airflow/dags/dag_pipeline_complet.py took 0.526 seconds
[2026-04-25T21:57:49.855+0000] {processor.py:161} INFO - Started process (PID=6530) to work on /opt/airflow/dags/dag_pipeline_complet.py
[2026-04-25T21:57:49.863+0000] {processor.py:830} INFO - Processing file /opt/airflow/dags/dag_pipeline_complet.py for tasks to queue
[2026-04-25T21:57:49.870+0000] {logging_mixin.py:188} INFO - [2026-04-25T21:57:49.868+0000] {dagbag.py:545} INFO - Filling up the DagBag from /opt/airflow/dags/dag_pipeline_complet.py
[2026-04-25T21:57:49.988+0000] {processor.py:840} INFO - DAG(s) 'pipeline_job_intelligent_kafka' retrieved from /opt/airflow/dags/dag_pipeline_complet.py
[2026-04-25T21:57:50.073+0000] {logging_mixin.py:188} INFO - [2026-04-25T21:57:50.072+0000] {dag.py:3096} INFO - Sync 1 DAGs
[2026-04-25T21:57:50.124+0000] {logging_mixin.py:188} INFO - [2026-04-25T21:57:50.124+0000] {dag.py:3954} INFO - Setting next_dagrun for pipeline_job_intelligent_kafka to 2026-04-24 06:00:00+00:00, run_after=2026-04-25 06:00:00+00:00
[2026-04-25T21:57:50.169+0000] {processor.py:183} INFO - Processing /opt/airflow/dags/dag_pipeline_complet.py took 0.355 seconds
[2026-04-25T21:58:20.930+0000] {processor.py:161} INFO - Started process (PID=6545) to work on /opt/airflow/dags/dag_pipeline_complet.py
[2026-04-25T21:58:20.940+0000] {processor.py:830} INFO - Processing file /opt/airflow/dags/dag_pipeline_complet.py for tasks to queue
[2026-04-25T21:58:20.962+0000] {logging_mixin.py:188} INFO - [2026-04-25T21:58:20.958+0000] {dagbag.py:545} INFO - Filling up the DagBag from /opt/airflow/dags/dag_pipeline_complet.py
[2026-04-25T21:58:21.035+0000] {processor.py:840} INFO - DAG(s) 'pipeline_job_intelligent_kafka' retrieved from /opt/airflow/dags/dag_pipeline_complet.py
[2026-04-25T21:58:21.112+0000] {logging_mixin.py:188} INFO - [2026-04-25T21:58:21.112+0000] {dag.py:3096} INFO - Sync 1 DAGs
[2026-04-25T21:58:21.166+0000] {logging_mixin.py:188} INFO - [2026-04-25T21:58:21.166+0000] {dag.py:3954} INFO - Setting next_dagrun for pipeline_job_intelligent_kafka to 2026-04-24 06:00:00+00:00, run_after=2026-04-25 06:00:00+00:00
[2026-04-25T21:58:21.201+0000] {processor.py:183} INFO - Processing /opt/airflow/dags/dag_pipeline_complet.py took 0.317 seconds
[2026-04-25T21:58:51.840+0000] {processor.py:161} INFO - Started process (PID=6553) to work on /opt/airflow/dags/dag_pipeline_complet.py
[2026-04-25T21:58:51.842+0000] {processor.py:830} INFO - Processing file /opt/airflow/dags/dag_pipeline_complet.py for tasks to queue
[2026-04-25T21:58:51.844+0000] {logging_mixin.py:188} INFO - [2026-04-25T21:58:51.843+0000] {dagbag.py:545} INFO - Filling up the DagBag from /opt/airflow/dags/dag_pipeline_complet.py
[2026-04-25T21:58:51.901+0000] {processor.py:840} INFO - DAG(s) 'pipeline_job_intelligent_kafka' retrieved from /opt/airflow/dags/dag_pipeline_complet.py
[2026-04-25T21:58:51.987+0000] {logging_mixin.py:188} INFO - [2026-04-25T21:58:51.987+0000] {dag.py:3096} INFO - Sync 1 DAGs
[2026-04-25T21:58:52.050+0000] {logging_mixin.py:188} INFO - [2026-04-25T21:58:52.050+0000] {dag.py:3954} INFO - Setting next_dagrun for pipeline_job_intelligent_kafka to 2026-04-24 06:00:00+00:00, run_after=2026-04-25 06:00:00+00:00
[2026-04-25T21:58:52.101+0000] {processor.py:183} INFO - Processing /opt/airflow/dags/dag_pipeline_complet.py took 0.281 seconds
[2026-04-25T21:59:22.867+0000] {processor.py:161} INFO - Started process (PID=6568) to work on /opt/airflow/dags/dag_pipeline_complet.py
[2026-04-25T21:59:22.874+0000] {processor.py:830} INFO - Processing file /opt/airflow/dags/dag_pipeline_complet.py for tasks to queue
[2026-04-25T21:59:22.878+0000] {logging_mixin.py:188} INFO - [2026-04-25T21:59:22.877+0000] {dagbag.py:545} INFO - Filling up the DagBag from /opt/airflow/dags/dag_pipeline_complet.py
[2026-04-25T21:59:22.932+0000] {processor.py:840} INFO - DAG(s) 'pipeline_job_intelligent_kafka' retrieved from /opt/airflow/dags/dag_pipeline_complet.py
[2026-04-25T21:59:23.030+0000] {logging_mixin.py:188} INFO - [2026-04-25T21:59:23.030+0000] {dag.py:3096} INFO - Sync 1 DAGs
[2026-04-25T21:59:23.106+0000] {logging_mixin.py:188} INFO - [2026-04-25T21:59:23.105+0000] {dag.py:3954} INFO - Setting next_dagrun for pipeline_job_intelligent_kafka to 2026-04-24 06:00:00+00:00, run_after=2026-04-25 06:00:00+00:00
[2026-04-25T21:59:23.163+0000] {processor.py:183} INFO - Processing /opt/airflow/dags/dag_pipeline_complet.py took 0.365 seconds
[2026-04-25T21:59:53.517+0000] {processor.py:161} INFO - Started process (PID=6576) to work on /opt/airflow/dags/dag_pipeline_complet.py
[2026-04-25T21:59:53.520+0000] {processor.py:830} INFO - Processing file /opt/airflow/dags/dag_pipeline_complet.py for tasks to queue
[2026-04-25T21:59:53.527+0000] {logging_mixin.py:188} INFO - [2026-04-25T21:59:53.524+0000] {dagbag.py:545} INFO - Filling up the DagBag from /opt/airflow/dags/dag_pipeline_complet.py
[2026-04-25T21:59:53.621+0000] {processor.py:840} INFO - DAG(s) 'pipeline_job_intelligent_kafka' retrieved from /opt/airflow/dags/dag_pipeline_complet.py
[2026-04-25T21:59:53.733+0000] {logging_mixin.py:188} INFO - [2026-04-25T21:59:53.732+0000] {dag.py:3096} INFO - Sync 1 DAGs
[2026-04-25T21:59:53.798+0000] {logging_mixin.py:188} INFO - [2026-04-25T21:59:53.797+0000] {dag.py:3954} INFO - Setting next_dagrun for pipeline_job_intelligent_kafka to 2026-04-24 06:00:00+00:00, run_after=2026-04-25 06:00:00+00:00
[2026-04-25T21:59:53.841+0000] {processor.py:183} INFO - Processing /opt/airflow/dags/dag_pipeline_complet.py took 0.339 seconds
[2026-04-25T22:00:24.481+0000] {processor.py:161} INFO - Started process (PID=6590) to work on /opt/airflow/dags/dag_pipeline_complet.py
[2026-04-25T22:00:24.483+0000] {processor.py:830} INFO - Processing file /opt/airflow/dags/dag_pipeline_complet.py for tasks to queue
[2026-04-25T22:00:24.486+0000] {logging_mixin.py:188} INFO - [2026-04-25T22:00:24.485+0000] {dagbag.py:545} INFO - Filling up the DagBag from /opt/airflow/dags/dag_pipeline_complet.py
[2026-04-25T22:00:24.544+0000] {processor.py:840} INFO - DAG(s) 'pipeline_job_intelligent_kafka' retrieved from /opt/airflow/dags/dag_pipeline_complet.py
[2026-04-25T22:00:24.652+0000] {logging_mixin.py:188} INFO - [2026-04-25T22:00:24.651+0000] {dag.py:3096} INFO - Sync 1 DAGs
[2026-04-25T22:00:24.717+0000] {logging_mixin.py:188} INFO - [2026-04-25T22:00:24.716+0000] {dag.py:3954} INFO - Setting next_dagrun for pipeline_job_intelligent_kafka to 2026-04-24 06:00:00+00:00, run_after=2026-04-25 06:00:00+00:00
[2026-04-25T22:00:24.762+0000] {processor.py:183} INFO - Processing /opt/airflow/dags/dag_pipeline_complet.py took 0.295 seconds
[2026-04-25T22:00:55.879+0000] {processor.py:161} INFO - Started process (PID=6598) to work on /opt/airflow/dags/dag_pipeline_complet.py
[2026-04-25T22:00:55.882+0000] {processor.py:830} INFO - Processing file /opt/airflow/dags/dag_pipeline_complet.py for tasks to queue
[2026-04-25T22:00:55.884+0000] {logging_mixin.py:188} INFO - [2026-04-25T22:00:55.883+0000] {dagbag.py:545} INFO - Filling up the DagBag from /opt/airflow/dags/dag_pipeline_complet.py
[2026-04-25T22:00:55.981+0000] {processor.py:840} INFO - DAG(s) 'pipeline_job_intelligent_kafka' retrieved from /opt/airflow/dags/dag_pipeline_complet.py
[2026-04-25T22:00:56.147+0000] {logging_mixin.py:188} INFO - [2026-04-25T22:00:56.146+0000] {dag.py:3096} INFO - Sync 1 DAGs
[2026-04-25T22:00:56.213+0000] {logging_mixin.py:188} INFO - [2026-04-25T22:00:56.212+0000] {dag.py:3954} INFO - Setting next_dagrun for pipeline_job_intelligent_kafka to 2026-04-24 06:00:00+00:00, run_after=2026-04-25 06:00:00+00:00
[2026-04-25T22:00:56.296+0000] {processor.py:183} INFO - Processing /opt/airflow/dags/dag_pipeline_complet.py took 0.476 seconds
[2026-04-25T22:01:27.100+0000] {processor.py:161} INFO - Started process (PID=6615) to work on /opt/airflow/dags/dag_pipeline_complet.py
[2026-04-25T22:01:27.112+0000] {processor.py:830} INFO - Processing file /opt/airflow/dags/dag_pipeline_complet.py for tasks to queue
[2026-04-25T22:01:27.126+0000] {logging_mixin.py:188} INFO - [2026-04-25T22:01:27.116+0000] {dagbag.py:545} INFO - Filling up the DagBag from /opt/airflow/dags/dag_pipeline_complet.py
[2026-04-25T22:01:27.232+0000] {processor.py:840} INFO - DAG(s) 'pipeline_job_intelligent_kafka' retrieved from /opt/airflow/dags/dag_pipeline_complet.py
[2026-04-25T22:01:27.458+0000] {logging_mixin.py:188} INFO - [2026-04-25T22:01:27.458+0000] {dag.py:3096} INFO - Sync 1 DAGs
[2026-04-25T22:01:27.541+0000] {logging_mixin.py:188} INFO - [2026-04-25T22:01:27.541+0000] {dag.py:3954} INFO - Setting next_dagrun for pipeline_job_intelligent_kafka to 2026-04-24 06:00:00+00:00, run_after=2026-04-25 06:00:00+00:00
[2026-04-25T22:01:27.754+0000] {processor.py:183} INFO - Processing /opt/airflow/dags/dag_pipeline_complet.py took 0.710 seconds
[2026-04-25T22:01:58.681+0000] {processor.py:161} INFO - Started process (PID=6623) to work on /opt/airflow/dags/dag_pipeline_complet.py
[2026-04-25T22:01:58.716+0000] {processor.py:830} INFO - Processing file /opt/airflow/dags/dag_pipeline_complet.py for tasks to queue
[2026-04-25T22:01:58.729+0000] {logging_mixin.py:188} INFO - [2026-04-25T22:01:58.728+0000] {dagbag.py:545} INFO - Filling up the DagBag from /opt/airflow/dags/dag_pipeline_complet.py
[2026-04-25T22:01:58.834+0000] {processor.py:840} INFO - DAG(s) 'pipeline_job_intelligent_kafka' retrieved from /opt/airflow/dags/dag_pipeline_complet.py
[2026-04-25T22:01:59.028+0000] {logging_mixin.py:188} INFO - [2026-04-25T22:01:59.019+0000] {dag.py:3096} INFO - Sync 1 DAGs
[2026-04-25T22:01:59.267+0000] {logging_mixin.py:188} INFO - [2026-04-25T22:01:59.266+0000] {dag.py:3954} INFO - Setting next_dagrun for pipeline_job_intelligent_kafka to 2026-04-24 06:00:00+00:00, run_after=2026-04-25 06:00:00+00:00
[2026-04-25T22:01:59.500+0000] {processor.py:183} INFO - Processing /opt/airflow/dags/dag_pipeline_complet.py took 0.844 seconds
[2026-04-25T22:02:30.100+0000] {processor.py:161} INFO - Started process (PID=6638) to work on /opt/airflow/dags/dag_pipeline_complet.py
[2026-04-25T22:02:30.123+0000] {processor.py:830} INFO - Processing file /opt/airflow/dags/dag_pipeline_complet.py for tasks to queue
[2026-04-25T22:02:30.132+0000] {logging_mixin.py:188} INFO - [2026-04-25T22:02:30.131+0000] {dagbag.py:545} INFO - Filling up the DagBag from /opt/airflow/dags/dag_pipeline_complet.py
[2026-04-25T22:02:30.364+0000] {processor.py:840} INFO - DAG(s) 'pipeline_job_intelligent_kafka' retrieved from /opt/airflow/dags/dag_pipeline_complet.py
[2026-04-25T22:02:30.560+0000] {logging_mixin.py:188} INFO - [2026-04-25T22:02:30.559+0000] {dag.py:3096} INFO - Sync 1 DAGs
[2026-04-25T22:02:30.635+0000] {logging_mixin.py:188} INFO - [2026-04-25T22:02:30.634+0000] {dag.py:3954} INFO - Setting next_dagrun for pipeline_job_intelligent_kafka to 2026-04-24 06:00:00+00:00, run_after=2026-04-25 06:00:00+00:00
[2026-04-25T22:02:30.688+0000] {processor.py:183} INFO - Processing /opt/airflow/dags/dag_pipeline_complet.py took 0.674 seconds
[2026-04-25T22:03:01.659+0000] {processor.py:161} INFO - Started process (PID=6646) to work on /opt/airflow/dags/dag_pipeline_complet.py
[2026-04-25T22:03:01.660+0000] {processor.py:830} INFO - Processing file /opt/airflow/dags/dag_pipeline_complet.py for tasks to queue
[2026-04-25T22:03:01.663+0000] {logging_mixin.py:188} INFO - [2026-04-25T22:03:01.662+0000] {dagbag.py:545} INFO - Filling up the DagBag from /opt/airflow/dags/dag_pipeline_complet.py
[2026-04-25T22:03:01.789+0000] {processor.py:840} INFO - DAG(s) 'pipeline_job_intelligent_kafka' retrieved from /opt/airflow/dags/dag_pipeline_complet.py
[2026-04-25T22:03:02.146+0000] {logging_mixin.py:188} INFO - [2026-04-25T22:03:02.145+0000] {dag.py:3096} INFO - Sync 1 DAGs
[2026-04-25T22:03:02.265+0000] {logging_mixin.py:188} INFO - [2026-04-25T22:03:02.264+0000] {dag.py:3954} INFO - Setting next_dagrun for pipeline_job_intelligent_kafka to 2026-04-24 06:00:00+00:00, run_after=2026-04-25 06:00:00+00:00
[2026-04-25T22:03:02.383+0000] {processor.py:183} INFO - Processing /opt/airflow/dags/dag_pipeline_complet.py took 0.742 seconds
[2026-04-25T22:03:33.028+0000] {processor.py:161} INFO - Started process (PID=6660) to work on /opt/airflow/dags/dag_pipeline_complet.py
[2026-04-25T22:03:33.030+0000] {processor.py:830} INFO - Processing file /opt/airflow/dags/dag_pipeline_complet.py for tasks to queue
[2026-04-25T22:03:33.032+0000] {logging_mixin.py:188} INFO - [2026-04-25T22:03:33.031+0000] {dagbag.py:545} INFO - Filling up the DagBag from /opt/airflow/dags/dag_pipeline_complet.py
[2026-04-25T22:03:33.263+0000] {processor.py:840} INFO - DAG(s) 'pipeline_job_intelligent_kafka' retrieved from /opt/airflow/dags/dag_pipeline_complet.py
[2026-04-25T22:03:33.415+0000] {logging_mixin.py:188} INFO - [2026-04-25T22:03:33.414+0000] {dag.py:3096} INFO - Sync 1 DAGs
[2026-04-25T22:03:33.647+0000] {logging_mixin.py:188} INFO - [2026-04-25T22:03:33.646+0000] {dag.py:3954} INFO - Setting next_dagrun for pipeline_job_intelligent_kafka to 2026-04-24 06:00:00+00:00, run_after=2026-04-25 06:00:00+00:00
[2026-04-25T22:03:33.779+0000] {processor.py:183} INFO - Processing /opt/airflow/dags/dag_pipeline_complet.py took 0.785 seconds
[2026-04-25T22:04:04.357+0000] {processor.py:161} INFO - Started process (PID=6674) to work on /opt/airflow/dags/dag_pipeline_complet.py
[2026-04-25T22:04:04.359+0000] {processor.py:830} INFO - Processing file /opt/airflow/dags/dag_pipeline_complet.py for tasks to queue
[2026-04-25T22:04:04.361+0000] {logging_mixin.py:188} INFO - [2026-04-25T22:04:04.361+0000] {dagbag.py:545} INFO - Filling up the DagBag from /opt/airflow/dags/dag_pipeline_complet.py
[2026-04-25T22:04:04.407+0000] {processor.py:840} INFO - DAG(s) 'pipeline_job_intelligent_kafka' retrieved from /opt/airflow/dags/dag_pipeline_complet.py
[2026-04-25T22:04:04.560+0000] {logging_mixin.py:188} INFO - [2026-04-25T22:04:04.560+0000] {dag.py:3096} INFO - Sync 1 DAGs
[2026-04-25T22:04:04.617+0000] {logging_mixin.py:188} INFO - [2026-04-25T22:04:04.616+0000] {dag.py:3954} INFO - Setting next_dagrun for pipeline_job_intelligent_kafka to 2026-04-24 06:00:00+00:00, run_after=2026-04-25 06:00:00+00:00
[2026-04-25T22:04:04.673+0000] {processor.py:183} INFO - Processing /opt/airflow/dags/dag_pipeline_complet.py took 0.338 seconds
[2026-04-25T22:04:35.546+0000] {processor.py:161} INFO - Started process (PID=6683) to work on /opt/airflow/dags/dag_pipeline_complet.py
[2026-04-25T22:04:35.548+0000] {processor.py:830} INFO - Processing file /opt/airflow/dags/dag_pipeline_complet.py for tasks to queue
[2026-04-25T22:04:35.552+0000] {logging_mixin.py:188} INFO - [2026-04-25T22:04:35.551+0000] {dagbag.py:545} INFO - Filling up the DagBag from /opt/airflow/dags/dag_pipeline_complet.py
[2026-04-25T22:04:35.603+0000] {processor.py:840} INFO - DAG(s) 'pipeline_job_intelligent_kafka' retrieved from /opt/airflow/dags/dag_pipeline_complet.py
[2026-04-25T22:04:35.663+0000] {logging_mixin.py:188} INFO - [2026-04-25T22:04:35.662+0000] {dag.py:3096} INFO - Sync 1 DAGs
[2026-04-25T22:04:35.713+0000] {logging_mixin.py:188} INFO - [2026-04-25T22:04:35.712+0000] {dag.py:3954} INFO - Setting next_dagrun for pipeline_job_intelligent_kafka to 2026-04-24 06:00:00+00:00, run_after=2026-04-25 06:00:00+00:00
[2026-04-25T22:04:35.817+0000] {processor.py:183} INFO - Processing /opt/airflow/dags/dag_pipeline_complet.py took 0.300 seconds
[2026-04-25T22:05:06.196+0000] {processor.py:161} INFO - Started process (PID=6697) to work on /opt/airflow/dags/dag_pipeline_complet.py
[2026-04-25T22:05:06.199+0000] {processor.py:830} INFO - Processing file /opt/airflow/dags/dag_pipeline_complet.py for tasks to queue
[2026-04-25T22:05:06.204+0000] {logging_mixin.py:188} INFO - [2026-04-25T22:05:06.201+0000] {dagbag.py:545} INFO - Filling up the DagBag from /opt/airflow/dags/dag_pipeline_complet.py
[2026-04-25T22:05:06.304+0000] {processor.py:840} INFO - DAG(s) 'pipeline_job_intelligent_kafka' retrieved from /opt/airflow/dags/dag_pipeline_complet.py
[2026-04-25T22:05:06.390+0000] {logging_mixin.py:188} INFO - [2026-04-25T22:05:06.389+0000] {dag.py:3096} INFO - Sync 1 DAGs
[2026-04-25T22:05:06.463+0000] {logging_mixin.py:188} INFO - [2026-04-25T22:05:06.463+0000] {dag.py:3954} INFO - Setting next_dagrun for pipeline_job_intelligent_kafka to 2026-04-24 06:00:00+00:00, run_after=2026-04-25 06:00:00+00:00
[2026-04-25T22:05:06.566+0000] {processor.py:183} INFO - Processing /opt/airflow/dags/dag_pipeline_complet.py took 0.392 seconds
[2026-04-25T22:05:37.433+0000] {processor.py:161} INFO - Started process (PID=6705) to work on /opt/airflow/dags/dag_pipeline_complet.py
[2026-04-25T22:05:37.439+0000] {processor.py:830} INFO - Processing file /opt/airflow/dags/dag_pipeline_complet.py for tasks to queue
[2026-04-25T22:05:37.443+0000] {logging_mixin.py:188} INFO - [2026-04-25T22:05:37.442+0000] {dagbag.py:545} INFO - Filling up the DagBag from /opt/airflow/dags/dag_pipeline_complet.py
[2026-04-25T22:05:37.547+0000] {processor.py:840} INFO - DAG(s) 'pipeline_job_intelligent_kafka' retrieved from /opt/airflow/dags/dag_pipeline_complet.py
[2026-04-25T22:05:37.627+0000] {logging_mixin.py:188} INFO - [2026-04-25T22:05:37.627+0000] {dag.py:3096} INFO - Sync 1 DAGs
[2026-04-25T22:05:37.673+0000] {logging_mixin.py:188} INFO - [2026-04-25T22:05:37.673+0000] {dag.py:3954} INFO - Setting next_dagrun for pipeline_job_intelligent_kafka to 2026-04-24 06:00:00+00:00, run_after=2026-04-25 06:00:00+00:00
[2026-04-25T22:05:37.754+0000] {processor.py:183} INFO - Processing /opt/airflow/dags/dag_pipeline_complet.py took 0.349 seconds
[2026-04-25T22:06:08.240+0000] {processor.py:161} INFO - Started process (PID=6719) to work on /opt/airflow/dags/dag_pipeline_complet.py
[2026-04-25T22:06:08.242+0000] {processor.py:830} INFO - Processing file /opt/airflow/dags/dag_pipeline_complet.py for tasks to queue
[2026-04-25T22:06:08.244+0000] {logging_mixin.py:188} INFO - [2026-04-25T22:06:08.243+0000] {dagbag.py:545} INFO - Filling up the DagBag from /opt/airflow/dags/dag_pipeline_complet.py
[2026-04-25T22:06:08.301+0000] {processor.py:840} INFO - DAG(s) 'pipeline_job_intelligent_kafka' retrieved from /opt/airflow/dags/dag_pipeline_complet.py
[2026-04-25T22:06:08.381+0000] {logging_mixin.py:188} INFO - [2026-04-25T22:06:08.381+0000] {dag.py:3096} INFO - Sync 1 DAGs
[2026-04-25T22:06:08.436+0000] {logging_mixin.py:188} INFO - [2026-04-25T22:06:08.435+0000] {dag.py:3954} INFO - Setting next_dagrun for pipeline_job_intelligent_kafka to 2026-04-24 06:00:00+00:00, run_after=2026-04-25 06:00:00+00:00
[2026-04-25T22:06:08.489+0000] {processor.py:183} INFO - Processing /opt/airflow/dags/dag_pipeline_complet.py took 0.264 seconds
[2026-04-25T22:06:38.764+0000] {processor.py:161} INFO - Started process (PID=6726) to work on /opt/airflow/dags/dag_pipeline_complet.py
[2026-04-25T22:06:38.766+0000] {processor.py:830} INFO - Processing file /opt/airflow/dags/dag_pipeline_complet.py for tasks to queue
[2026-04-25T22:06:38.768+0000] {logging_mixin.py:188} INFO - [2026-04-25T22:06:38.767+0000] {dagbag.py:545} INFO - Filling up the DagBag from /opt/airflow/dags/dag_pipeline_complet.py
[2026-04-25T22:06:38.847+0000] {processor.py:840} INFO - DAG(s) 'pipeline_job_intelligent_kafka' retrieved from /opt/airflow/dags/dag_pipeline_complet.py
[2026-04-25T22:06:38.957+0000] {logging_mixin.py:188} INFO - [2026-04-25T22:06:38.957+0000] {dag.py:3096} INFO - Sync 1 DAGs
[2026-04-25T22:06:39.000+0000] {logging_mixin.py:188} INFO - [2026-04-25T22:06:38.999+0000] {dag.py:3954} INFO - Setting next_dagrun for pipeline_job_intelligent_kafka to 2026-04-24 06:00:00+00:00, run_after=2026-04-25 06:00:00+00:00
[2026-04-25T22:06:39.053+0000] {processor.py:183} INFO - Processing /opt/airflow/dags/dag_pipeline_complet.py took 0.341 seconds
[2026-04-25T22:07:09.261+0000] {processor.py:161} INFO - Started process (PID=6741) to work on /opt/airflow/dags/dag_pipeline_complet.py
[2026-04-25T22:07:09.264+0000] {processor.py:830} INFO - Processing file /opt/airflow/dags/dag_pipeline_complet.py for tasks to queue
[2026-04-25T22:07:09.267+0000] {logging_mixin.py:188} INFO - [2026-04-25T22:07:09.266+0000] {dagbag.py:545} INFO - Filling up the DagBag from /opt/airflow/dags/dag_pipeline_complet.py
[2026-04-25T22:07:09.339+0000] {processor.py:840} INFO - DAG(s) 'pipeline_job_intelligent_kafka' retrieved from /opt/airflow/dags/dag_pipeline_complet.py
[2026-04-25T22:07:09.416+0000] {logging_mixin.py:188} INFO - [2026-04-25T22:07:09.415+0000] {dag.py:3096} INFO - Sync 1 DAGs
[2026-04-25T22:07:09.536+0000] {logging_mixin.py:188} INFO - [2026-04-25T22:07:09.523+0000] {dag.py:3954} INFO - Setting next_dagrun for pipeline_job_intelligent_kafka to 2026-04-24 06:00:00+00:00, run_after=2026-04-25 06:00:00+00:00
[2026-04-25T22:07:09.687+0000] {processor.py:183} INFO - Processing /opt/airflow/dags/dag_pipeline_complet.py took 0.450 seconds
[2026-04-25T22:07:40.091+0000] {processor.py:161} INFO - Started process (PID=6748) to work on /opt/airflow/dags/dag_pipeline_complet.py
[2026-04-25T22:07:40.093+0000] {processor.py:830} INFO - Processing file /opt/airflow/dags/dag_pipeline_complet.py for tasks to queue
[2026-04-25T22:07:40.095+0000] {logging_mixin.py:188} INFO - [2026-04-25T22:07:40.095+0000] {dagbag.py:545} INFO - Filling up the DagBag from /opt/airflow/dags/dag_pipeline_complet.py
[2026-04-25T22:07:40.147+0000] {processor.py:840} INFO - DAG(s) 'pipeline_job_intelligent_kafka' retrieved from /opt/airflow/dags/dag_pipeline_complet.py
[2026-04-25T22:07:40.314+0000] {logging_mixin.py:188} INFO - [2026-04-25T22:07:40.314+0000] {dag.py:3096} INFO - Sync 1 DAGs
[2026-04-25T22:07:40.425+0000] {logging_mixin.py:188} INFO - [2026-04-25T22:07:40.424+0000] {dag.py:3954} INFO - Setting next_dagrun for pipeline_job_intelligent_kafka to 2026-04-24 06:00:00+00:00, run_after=2026-04-25 06:00:00+00:00
[2026-04-25T22:07:40.523+0000] {processor.py:183} INFO - Processing /opt/airflow/dags/dag_pipeline_complet.py took 0.445 seconds
[2026-04-25T22:08:11.286+0000] {processor.py:161} INFO - Started process (PID=6763) to work on /opt/airflow/dags/dag_pipeline_complet.py
[2026-04-25T22:08:11.288+0000] {processor.py:830} INFO - Processing file /opt/airflow/dags/dag_pipeline_complet.py for tasks to queue
[2026-04-25T22:08:11.290+0000] {logging_mixin.py:188} INFO - [2026-04-25T22:08:11.290+0000] {dagbag.py:545} INFO - Filling up the DagBag from /opt/airflow/dags/dag_pipeline_complet.py
[2026-04-25T22:08:11.336+0000] {processor.py:840} INFO - DAG(s) 'pipeline_job_intelligent_kafka' retrieved from /opt/airflow/dags/dag_pipeline_complet.py
[2026-04-25T22:08:11.405+0000] {logging_mixin.py:188} INFO - [2026-04-25T22:08:11.404+0000] {dag.py:3096} INFO - Sync 1 DAGs
[2026-04-25T22:08:11.472+0000] {logging_mixin.py:188} INFO - [2026-04-25T22:08:11.472+0000] {dag.py:3954} INFO - Setting next_dagrun for pipeline_job_intelligent_kafka to 2026-04-24 06:00:00+00:00, run_after=2026-04-25 06:00:00+00:00
[2026-04-25T22:08:11.516+0000] {processor.py:183} INFO - Processing /opt/airflow/dags/dag_pipeline_complet.py took 0.251 seconds
[2026-04-25T22:08:42.338+0000] {processor.py:161} INFO - Started process (PID=6772) to work on /opt/airflow/dags/dag_pipeline_complet.py
[2026-04-25T22:08:42.348+0000] {processor.py:830} INFO - Processing file /opt/airflow/dags/dag_pipeline_complet.py for tasks to queue
[2026-04-25T22:08:42.351+0000] {logging_mixin.py:188} INFO - [2026-04-25T22:08:42.350+0000] {dagbag.py:545} INFO - Filling up the DagBag from /opt/airflow/dags/dag_pipeline_complet.py
[2026-04-25T22:08:42.419+0000] {processor.py:840} INFO - DAG(s) 'pipeline_job_intelligent_kafka' retrieved from /opt/airflow/dags/dag_pipeline_complet.py
[2026-04-25T22:08:42.519+0000] {logging_mixin.py:188} INFO - [2026-04-25T22:08:42.518+0000] {dag.py:3096} INFO - Sync 1 DAGs
[2026-04-25T22:08:42.565+0000] {logging_mixin.py:188} INFO - [2026-04-25T22:08:42.565+0000] {dag.py:3954} INFO - Setting next_dagrun for pipeline_job_intelligent_kafka to 2026-04-24 06:00:00+00:00, run_after=2026-04-25 06:00:00+00:00
[2026-04-25T22:08:42.603+0000] {processor.py:183} INFO - Processing /opt/airflow/dags/dag_pipeline_complet.py took 0.291 seconds
[2026-04-25T22:09:13.228+0000] {processor.py:161} INFO - Started process (PID=6787) to work on /opt/airflow/dags/dag_pipeline_complet.py
[2026-04-25T22:09:13.231+0000] {processor.py:830} INFO - Processing file /opt/airflow/dags/dag_pipeline_complet.py for tasks to queue
[2026-04-25T22:09:13.234+0000] {logging_mixin.py:188} INFO - [2026-04-25T22:09:13.233+0000] {dagbag.py:545} INFO - Filling up the DagBag from /opt/airflow/dags/dag_pipeline_complet.py
[2026-04-25T22:09:13.322+0000] {processor.py:840} INFO - DAG(s) 'pipeline_job_intelligent_kafka' retrieved from /opt/airflow/dags/dag_pipeline_complet.py
[2026-04-25T22:09:13.550+0000] {logging_mixin.py:188} INFO - [2026-04-25T22:09:13.543+0000] {dag.py:3096} INFO - Sync 1 DAGs
[2026-04-25T22:09:13.767+0000] {logging_mixin.py:188} INFO - [2026-04-25T22:09:13.766+0000] {dag.py:3954} INFO - Setting next_dagrun for pipeline_job_intelligent_kafka to 2026-04-24 06:00:00+00:00, run_after=2026-04-25 06:00:00+00:00
[2026-04-25T22:09:13.865+0000] {processor.py:183} INFO - Processing /opt/airflow/dags/dag_pipeline_complet.py took 0.654 seconds
[2026-04-25T22:09:44.563+0000] {processor.py:161} INFO - Started process (PID=6796) to work on /opt/airflow/dags/dag_pipeline_complet.py
[2026-04-25T22:09:44.567+0000] {processor.py:830} INFO - Processing file /opt/airflow/dags/dag_pipeline_complet.py for tasks to queue
[2026-04-25T22:09:44.571+0000] {logging_mixin.py:188} INFO - [2026-04-25T22:09:44.570+0000] {dagbag.py:545} INFO - Filling up the DagBag from /opt/airflow/dags/dag_pipeline_complet.py
[2026-04-25T22:09:44.633+0000] {processor.py:840} INFO - DAG(s) 'pipeline_job_intelligent_kafka' retrieved from /opt/airflow/dags/dag_pipeline_complet.py
[2026-04-25T22:09:44.936+0000] {logging_mixin.py:188} INFO - [2026-04-25T22:09:44.936+0000] {dag.py:3096} INFO - Sync 1 DAGs
[2026-04-25T22:09:45.128+0000] {logging_mixin.py:188} INFO - [2026-04-25T22:09:45.127+0000] {dag.py:3954} INFO - Setting next_dagrun for pipeline_job_intelligent_kafka to 2026-04-24 06:00:00+00:00, run_after=2026-04-25 06:00:00+00:00
[2026-04-25T22:09:45.279+0000] {processor.py:183} INFO - Processing /opt/airflow/dags/dag_pipeline_complet.py took 0.756 seconds
[2026-04-25T22:10:15.505+0000] {processor.py:161} INFO - Started process (PID=6809) to work on /opt/airflow/dags/dag_pipeline_complet.py
[2026-04-25T22:10:15.514+0000] {processor.py:830} INFO - Processing file /opt/airflow/dags/dag_pipeline_complet.py for tasks to queue
[2026-04-25T22:10:15.520+0000] {logging_mixin.py:188} INFO - [2026-04-25T22:10:15.519+0000] {dagbag.py:545} INFO - Filling up the DagBag from /opt/airflow/dags/dag_pipeline_complet.py
[2026-04-25T22:10:15.599+0000] {processor.py:840} INFO - DAG(s) 'pipeline_job_intelligent_kafka' retrieved from /opt/airflow/dags/dag_pipeline_complet.py
[2026-04-25T22:10:15.842+0000] {logging_mixin.py:188} INFO - [2026-04-25T22:10:15.841+0000] {dag.py:3096} INFO - Sync 1 DAGs
[2026-04-25T22:10:16.089+0000] {logging_mixin.py:188} INFO - [2026-04-25T22:10:16.088+0000] {dag.py:3954} INFO - Setting next_dagrun for pipeline_job_intelligent_kafka to 2026-04-24 06:00:00+00:00, run_after=2026-04-25 06:00:00+00:00
[2026-04-25T22:10:16.148+0000] {processor.py:183} INFO - Processing /opt/airflow/dags/dag_pipeline_complet.py took 0.665 seconds
[2026-04-25T22:10:47.160+0000] {processor.py:161} INFO - Started process (PID=6817) to work on /opt/airflow/dags/dag_pipeline_complet.py
[2026-04-25T22:10:47.168+0000] {processor.py:830} INFO - Processing file /opt/airflow/dags/dag_pipeline_complet.py for tasks to queue
[2026-04-25T22:10:47.179+0000] {logging_mixin.py:188} INFO - [2026-04-25T22:10:47.178+0000] {dagbag.py:545} INFO - Filling up the DagBag from /opt/airflow/dags/dag_pipeline_complet.py
[2026-04-25T22:10:47.394+0000] {processor.py:840} INFO - DAG(s) 'pipeline_job_intelligent_kafka' retrieved from /opt/airflow/dags/dag_pipeline_complet.py
[2026-04-25T22:10:47.734+0000] {logging_mixin.py:188} INFO - [2026-04-25T22:10:47.733+0000] {dag.py:3096} INFO - Sync 1 DAGs
[2026-04-25T22:10:47.991+0000] {logging_mixin.py:188} INFO - [2026-04-25T22:10:47.990+0000] {dag.py:3954} INFO - Setting next_dagrun for pipeline_job_intelligent_kafka to 2026-04-24 06:00:00+00:00, run_after=2026-04-25 06:00:00+00:00
[2026-04-25T22:10:48.060+0000] {processor.py:183} INFO - Processing /opt/airflow/dags/dag_pipeline_complet.py took 0.941 seconds
[2026-04-25T22:11:18.764+0000] {processor.py:161} INFO - Started process (PID=6833) to work on /opt/airflow/dags/dag_pipeline_complet.py
[2026-04-25T22:11:18.766+0000] {processor.py:830} INFO - Processing file /opt/airflow/dags/dag_pipeline_complet.py for tasks to queue
[2026-04-25T22:11:18.769+0000] {logging_mixin.py:188} INFO - [2026-04-25T22:11:18.768+0000] {dagbag.py:545} INFO - Filling up the DagBag from /opt/airflow/dags/dag_pipeline_complet.py
[2026-04-25T22:11:18.840+0000] {processor.py:840} INFO - DAG(s) 'pipeline_job_intelligent_kafka' retrieved from /opt/airflow/dags/dag_pipeline_complet.py
[2026-04-25T22:11:18.944+0000] {logging_mixin.py:188} INFO - [2026-04-25T22:11:18.944+0000] {dag.py:3096} INFO - Sync 1 DAGs
[2026-04-25T22:11:19.031+0000] {logging_mixin.py:188} INFO - [2026-04-25T22:11:19.030+0000] {dag.py:3954} INFO - Setting next_dagrun for pipeline_job_intelligent_kafka to 2026-04-24 06:00:00+00:00, run_after=2026-04-25 06:00:00+00:00
[2026-04-25T22:11:19.077+0000] {processor.py:183} INFO - Processing /opt/airflow/dags/dag_pipeline_complet.py took 0.335 seconds
[2026-04-25T22:11:49.862+0000] {processor.py:161} INFO - Started process (PID=6847) to work on /opt/airflow/dags/dag_pipeline_complet.py
[2026-04-25T22:11:49.865+0000] {processor.py:830} INFO - Processing file /opt/airflow/dags/dag_pipeline_complet.py for tasks to queue
[2026-04-25T22:11:49.869+0000] {logging_mixin.py:188} INFO - [2026-04-25T22:11:49.868+0000] {dagbag.py:545} INFO - Filling up the DagBag from /opt/airflow/dags/dag_pipeline_complet.py
[2026-04-25T22:11:49.971+0000] {processor.py:840} INFO - DAG(s) 'pipeline_job_intelligent_kafka' retrieved from /opt/airflow/dags/dag_pipeline_complet.py
[2026-04-25T22:11:50.194+0000] {logging_mixin.py:188} INFO - [2026-04-25T22:11:50.194+0000] {dag.py:3096} INFO - Sync 1 DAGs
[2026-04-25T22:11:50.297+0000] {logging_mixin.py:188} INFO - [2026-04-25T22:11:50.297+0000] {dag.py:3954} INFO - Setting next_dagrun for pipeline_job_intelligent_kafka to 2026-04-24 06:00:00+00:00, run_after=2026-04-25 06:00:00+00:00
[2026-04-25T22:11:50.416+0000] {processor.py:183} INFO - Processing /opt/airflow/dags/dag_pipeline_complet.py took 0.593 seconds
[2026-04-25T22:12:20.729+0000] {processor.py:161} INFO - Started process (PID=6854) to work on /opt/airflow/dags/dag_pipeline_complet.py
[2026-04-25T22:12:20.731+0000] {processor.py:830} INFO - Processing file /opt/airflow/dags/dag_pipeline_complet.py for tasks to queue
[2026-04-25T22:12:20.733+0000] {logging_mixin.py:188} INFO - [2026-04-25T22:12:20.732+0000] {dagbag.py:545} INFO - Filling up the DagBag from /opt/airflow/dags/dag_pipeline_complet.py
[2026-04-25T22:12:20.771+0000] {processor.py:840} INFO - DAG(s) 'pipeline_job_intelligent_kafka' retrieved from /opt/airflow/dags/dag_pipeline_complet.py
[2026-04-25T22:12:20.858+0000] {logging_mixin.py:188} INFO - [2026-04-25T22:12:20.858+0000] {dag.py:3096} INFO - Sync 1 DAGs
[2026-04-25T22:12:20.915+0000] {logging_mixin.py:188} INFO - [2026-04-25T22:12:20.914+0000] {dag.py:3954} INFO - Setting next_dagrun for pipeline_job_intelligent_kafka to 2026-04-24 06:00:00+00:00, run_after=2026-04-25 06:00:00+00:00
[2026-04-25T22:12:20.962+0000] {processor.py:183} INFO - Processing /opt/airflow/dags/dag_pipeline_complet.py took 0.247 seconds
[2026-04-25T22:12:51.758+0000] {processor.py:161} INFO - Started process (PID=6868) to work on /opt/airflow/dags/dag_pipeline_complet.py
[2026-04-25T22:12:51.760+0000] {processor.py:830} INFO - Processing file /opt/airflow/dags/dag_pipeline_complet.py for tasks to queue
[2026-04-25T22:12:51.762+0000] {logging_mixin.py:188} INFO - [2026-04-25T22:12:51.762+0000] {dagbag.py:545} INFO - Filling up the DagBag from /opt/airflow/dags/dag_pipeline_complet.py
[2026-04-25T22:12:51.798+0000] {processor.py:840} INFO - DAG(s) 'pipeline_job_intelligent_kafka' retrieved from /opt/airflow/dags/dag_pipeline_complet.py
[2026-04-25T22:12:51.861+0000] {logging_mixin.py:188} INFO - [2026-04-25T22:12:51.860+0000] {dag.py:3096} INFO - Sync 1 DAGs
[2026-04-25T22:12:51.927+0000] {logging_mixin.py:188} INFO - [2026-04-25T22:12:51.926+0000] {dag.py:3954} INFO - Setting next_dagrun for pipeline_job_intelligent_kafka to 2026-04-24 06:00:00+00:00, run_after=2026-04-25 06:00:00+00:00
[2026-04-25T22:12:52.004+0000] {processor.py:183} INFO - Processing /opt/airflow/dags/dag_pipeline_complet.py took 0.260 seconds
[2026-04-25T22:13:22.556+0000] {processor.py:161} INFO - Started process (PID=6877) to work on /opt/airflow/dags/dag_pipeline_complet.py
[2026-04-25T22:13:22.570+0000] {processor.py:830} INFO - Processing file /opt/airflow/dags/dag_pipeline_complet.py for tasks to queue
[2026-04-25T22:13:22.572+0000] {logging_mixin.py:188} INFO - [2026-04-25T22:13:22.571+0000] {dagbag.py:545} INFO - Filling up the DagBag from /opt/airflow/dags/dag_pipeline_complet.py
[2026-04-25T22:13:22.650+0000] {processor.py:840} INFO - DAG(s) 'pipeline_job_intelligent_kafka' retrieved from /opt/airflow/dags/dag_pipeline_complet.py
[2026-04-25T22:13:22.740+0000] {logging_mixin.py:188} INFO - [2026-04-25T22:13:22.739+0000] {dag.py:3096} INFO - Sync 1 DAGs
[2026-04-25T22:13:22.795+0000] {logging_mixin.py:188} INFO - [2026-04-25T22:13:22.795+0000] {dag.py:3954} INFO - Setting next_dagrun for pipeline_job_intelligent_kafka to 2026-04-24 06:00:00+00:00, run_after=2026-04-25 06:00:00+00:00
[2026-04-25T22:13:22.836+0000] {processor.py:183} INFO - Processing /opt/airflow/dags/dag_pipeline_complet.py took 0.302 seconds
[2026-04-25T22:13:53.401+0000] {processor.py:161} INFO - Started process (PID=6891) to work on /opt/airflow/dags/dag_pipeline_complet.py
[2026-04-25T22:13:53.404+0000] {processor.py:830} INFO - Processing file /opt/airflow/dags/dag_pipeline_complet.py for tasks to queue
[2026-04-25T22:13:53.407+0000] {logging_mixin.py:188} INFO - [2026-04-25T22:13:53.406+0000] {dagbag.py:545} INFO - Filling up the DagBag from /opt/airflow/dags/dag_pipeline_complet.py
[2026-04-25T22:13:53.464+0000] {processor.py:840} INFO - DAG(s) 'pipeline_job_intelligent_kafka' retrieved from /opt/airflow/dags/dag_pipeline_complet.py
[2026-04-25T22:13:53.667+0000] {logging_mixin.py:188} INFO - [2026-04-25T22:13:53.666+0000] {dag.py:3096} INFO - Sync 1 DAGs
[2026-04-25T22:13:53.807+0000] {logging_mixin.py:188} INFO - [2026-04-25T22:13:53.807+0000] {dag.py:3954} INFO - Setting next_dagrun for pipeline_job_intelligent_kafka to 2026-04-24 06:00:00+00:00, run_after=2026-04-25 06:00:00+00:00
[2026-04-25T22:13:54.025+0000] {processor.py:183} INFO - Processing /opt/airflow/dags/dag_pipeline_complet.py took 0.643 seconds
[2026-04-25T22:14:24.972+0000] {processor.py:161} INFO - Started process (PID=6899) to work on /opt/airflow/dags/dag_pipeline_complet.py
[2026-04-25T22:14:24.980+0000] {processor.py:830} INFO - Processing file /opt/airflow/dags/dag_pipeline_complet.py for tasks to queue
[2026-04-25T22:14:24.990+0000] {logging_mixin.py:188} INFO - [2026-04-25T22:14:24.986+0000] {dagbag.py:545} INFO - Filling up the DagBag from /opt/airflow/dags/dag_pipeline_complet.py
[2026-04-25T22:14:25.093+0000] {processor.py:840} INFO - DAG(s) 'pipeline_job_intelligent_kafka' retrieved from /opt/airflow/dags/dag_pipeline_complet.py
[2026-04-25T22:14:25.170+0000] {logging_mixin.py:188} INFO - [2026-04-25T22:14:25.170+0000] {dag.py:3096} INFO - Sync 1 DAGs
[2026-04-25T22:14:25.219+0000] {logging_mixin.py:188} INFO - [2026-04-25T22:14:25.218+0000] {dag.py:3954} INFO - Setting next_dagrun for pipeline_job_intelligent_kafka to 2026-04-24 06:00:00+00:00, run_after=2026-04-25 06:00:00+00:00
[2026-04-25T22:14:25.266+0000] {processor.py:183} INFO - Processing /opt/airflow/dags/dag_pipeline_complet.py took 0.321 seconds
[2026-04-25T22:14:55.983+0000] {processor.py:161} INFO - Started process (PID=6914) to work on /opt/airflow/dags/dag_pipeline_complet.py
[2026-04-25T22:14:55.986+0000] {processor.py:830} INFO - Processing file /opt/airflow/dags/dag_pipeline_complet.py for tasks to queue
[2026-04-25T22:14:55.989+0000] {logging_mixin.py:188} INFO - [2026-04-25T22:14:55.988+0000] {dagbag.py:545} INFO - Filling up the DagBag from /opt/airflow/dags/dag_pipeline_complet.py
[2026-04-25T22:14:56.063+0000] {processor.py:840} INFO - DAG(s) 'pipeline_job_intelligent_kafka' retrieved from /opt/airflow/dags/dag_pipeline_complet.py
[2026-04-25T22:14:56.170+0000] {logging_mixin.py:188} INFO - [2026-04-25T22:14:56.167+0000] {dag.py:3096} INFO - Sync 1 DAGs
[2026-04-25T22:14:56.376+0000] {logging_mixin.py:188} INFO - [2026-04-25T22:14:56.375+0000] {dag.py:3954} INFO - Setting next_dagrun for pipeline_job_intelligent_kafka to 2026-04-24 06:00:00+00:00, run_after=2026-04-25 06:00:00+00:00
[2026-04-25T22:14:56.444+0000] {processor.py:183} INFO - Processing /opt/airflow/dags/dag_pipeline_complet.py took 0.491 seconds
[2026-04-25T22:15:26.786+0000] {processor.py:161} INFO - Started process (PID=6922) to work on /opt/airflow/dags/dag_pipeline_complet.py
[2026-04-25T22:15:26.788+0000] {processor.py:830} INFO - Processing file /opt/airflow/dags/dag_pipeline_complet.py for tasks to queue
[2026-04-25T22:15:26.791+0000] {logging_mixin.py:188} INFO - [2026-04-25T22:15:26.790+0000] {dagbag.py:545} INFO - Filling up the DagBag from /opt/airflow/dags/dag_pipeline_complet.py
[2026-04-25T22:15:26.844+0000] {processor.py:840} INFO - DAG(s) 'pipeline_job_intelligent_kafka' retrieved from /opt/airflow/dags/dag_pipeline_complet.py
[2026-04-25T22:15:26.940+0000] {logging_mixin.py:188} INFO - [2026-04-25T22:15:26.939+0000] {dag.py:3096} INFO - Sync 1 DAGs
[2026-04-25T22:15:27.052+0000] {logging_mixin.py:188} INFO - [2026-04-25T22:15:27.051+0000] {dag.py:3954} INFO - Setting next_dagrun for pipeline_job_intelligent_kafka to 2026-04-24 06:00:00+00:00, run_after=2026-04-25 06:00:00+00:00
[2026-04-25T22:15:27.114+0000] {processor.py:183} INFO - Processing /opt/airflow/dags/dag_pipeline_complet.py took 0.344 seconds
[2026-04-25T22:15:58.066+0000] {processor.py:161} INFO - Started process (PID=6935) to work on /opt/airflow/dags/dag_pipeline_complet.py
[2026-04-25T22:15:58.090+0000] {processor.py:830} INFO - Processing file /opt/airflow/dags/dag_pipeline_complet.py for tasks to queue
[2026-04-25T22:15:58.093+0000] {logging_mixin.py:188} INFO - [2026-04-25T22:15:58.092+0000] {dagbag.py:545} INFO - Filling up the DagBag from /opt/airflow/dags/dag_pipeline_complet.py
[2026-04-25T22:15:58.167+0000] {processor.py:840} INFO - DAG(s) 'pipeline_job_intelligent_kafka' retrieved from /opt/airflow/dags/dag_pipeline_complet.py
[2026-04-25T22:15:58.472+0000] {logging_mixin.py:188} INFO - [2026-04-25T22:15:58.471+0000] {dag.py:3096} INFO - Sync 1 DAGs
[2026-04-25T22:15:58.595+0000] {logging_mixin.py:188} INFO - [2026-04-25T22:15:58.595+0000] {dag.py:3954} INFO - Setting next_dagrun for pipeline_job_intelligent_kafka to 2026-04-24 06:00:00+00:00, run_after=2026-04-25 06:00:00+00:00
[2026-04-25T22:15:58.666+0000] {processor.py:183} INFO - Processing /opt/airflow/dags/dag_pipeline_complet.py took 0.622 seconds
[2026-04-25T22:16:29.353+0000] {processor.py:161} INFO - Started process (PID=6944) to work on /opt/airflow/dags/dag_pipeline_complet.py
[2026-04-25T22:16:29.356+0000] {processor.py:830} INFO - Processing file /opt/airflow/dags/dag_pipeline_complet.py for tasks to queue
[2026-04-25T22:16:29.361+0000] {logging_mixin.py:188} INFO - [2026-04-25T22:16:29.360+0000] {dagbag.py:545} INFO - Filling up the DagBag from /opt/airflow/dags/dag_pipeline_complet.py
[2026-04-25T22:16:29.411+0000] {processor.py:840} INFO - DAG(s) 'pipeline_job_intelligent_kafka' retrieved from /opt/airflow/dags/dag_pipeline_complet.py
[2026-04-25T22:16:29.608+0000] {logging_mixin.py:188} INFO - [2026-04-25T22:16:29.607+0000] {dag.py:3096} INFO - Sync 1 DAGs
[2026-04-25T22:16:29.763+0000] {logging_mixin.py:188} INFO - [2026-04-25T22:16:29.749+0000] {dag.py:3954} INFO - Setting next_dagrun for pipeline_job_intelligent_kafka to 2026-04-24 06:00:00+00:00, run_after=2026-04-25 06:00:00+00:00
[2026-04-25T22:16:29.966+0000] {processor.py:183} INFO - Processing /opt/airflow/dags/dag_pipeline_complet.py took 0.635 seconds
[2026-04-25T22:17:00.554+0000] {processor.py:161} INFO - Started process (PID=6959) to work on /opt/airflow/dags/dag_pipeline_complet.py
[2026-04-25T22:17:00.555+0000] {processor.py:830} INFO - Processing file /opt/airflow/dags/dag_pipeline_complet.py for tasks to queue
[2026-04-25T22:17:00.558+0000] {logging_mixin.py:188} INFO - [2026-04-25T22:17:00.557+0000] {dagbag.py:545} INFO - Filling up the DagBag from /opt/airflow/dags/dag_pipeline_complet.py
[2026-04-25T22:17:00.601+0000] {processor.py:840} INFO - DAG(s) 'pipeline_job_intelligent_kafka' retrieved from /opt/airflow/dags/dag_pipeline_complet.py
[2026-04-25T22:17:00.802+0000] {logging_mixin.py:188} INFO - [2026-04-25T22:17:00.802+0000] {dag.py:3096} INFO - Sync 1 DAGs
[2026-04-25T22:17:00.866+0000] {logging_mixin.py:188} INFO - [2026-04-25T22:17:00.865+0000] {dag.py:3954} INFO - Setting next_dagrun for pipeline_job_intelligent_kafka to 2026-04-24 06:00:00+00:00, run_after=2026-04-25 06:00:00+00:00
[2026-04-25T22:17:00.902+0000] {processor.py:183} INFO - Processing /opt/airflow/dags/dag_pipeline_complet.py took 0.368 seconds
[2026-04-25T22:17:31.046+0000] {processor.py:161} INFO - Started process (PID=6968) to work on /opt/airflow/dags/dag_pipeline_complet.py
[2026-04-25T22:17:31.049+0000] {processor.py:830} INFO - Processing file /opt/airflow/dags/dag_pipeline_complet.py for tasks to queue
[2026-04-25T22:17:31.052+0000] {logging_mixin.py:188} INFO - [2026-04-25T22:17:31.051+0000] {dagbag.py:545} INFO - Filling up the DagBag from /opt/airflow/dags/dag_pipeline_complet.py
[2026-04-25T22:17:31.112+0000] {processor.py:840} INFO - DAG(s) 'pipeline_job_intelligent_kafka' retrieved from /opt/airflow/dags/dag_pipeline_complet.py
[2026-04-25T22:17:31.210+0000] {logging_mixin.py:188} INFO - [2026-04-25T22:17:31.210+0000] {dag.py:3096} INFO - Sync 1 DAGs
[2026-04-25T22:17:31.278+0000] {logging_mixin.py:188} INFO - [2026-04-25T22:17:31.277+0000] {dag.py:3954} INFO - Setting next_dagrun for pipeline_job_intelligent_kafka to 2026-04-24 06:00:00+00:00, run_after=2026-04-25 06:00:00+00:00
[2026-04-25T22:17:31.339+0000] {processor.py:183} INFO - Processing /opt/airflow/dags/dag_pipeline_complet.py took 0.315 seconds
[2026-04-25T22:18:01.835+0000] {processor.py:161} INFO - Started process (PID=6982) to work on /opt/airflow/dags/dag_pipeline_complet.py
[2026-04-25T22:18:01.840+0000] {processor.py:830} INFO - Processing file /opt/airflow/dags/dag_pipeline_complet.py for tasks to queue
[2026-04-25T22:18:01.845+0000] {logging_mixin.py:188} INFO - [2026-04-25T22:18:01.844+0000] {dagbag.py:545} INFO - Filling up the DagBag from /opt/airflow/dags/dag_pipeline_complet.py
[2026-04-25T22:18:01.906+0000] {processor.py:840} INFO - DAG(s) 'pipeline_job_intelligent_kafka' retrieved from /opt/airflow/dags/dag_pipeline_complet.py
[2026-04-25T22:18:01.998+0000] {logging_mixin.py:188} INFO - [2026-04-25T22:18:01.998+0000] {dag.py:3096} INFO - Sync 1 DAGs
[2026-04-25T22:18:02.043+0000] {logging_mixin.py:188} INFO - [2026-04-25T22:18:02.043+0000] {dag.py:3954} INFO - Setting next_dagrun for pipeline_job_intelligent_kafka to 2026-04-24 06:00:00+00:00, run_after=2026-04-25 06:00:00+00:00
[2026-04-25T22:18:02.080+0000] {processor.py:183} INFO - Processing /opt/airflow/dags/dag_pipeline_complet.py took 0.274 seconds
[2026-04-25T22:18:32.724+0000] {processor.py:161} INFO - Started process (PID=6996) to work on /opt/airflow/dags/dag_pipeline_complet.py
[2026-04-25T22:18:32.726+0000] {processor.py:830} INFO - Processing file /opt/airflow/dags/dag_pipeline_complet.py for tasks to queue
[2026-04-25T22:18:32.728+0000] {logging_mixin.py:188} INFO - [2026-04-25T22:18:32.727+0000] {dagbag.py:545} INFO - Filling up the DagBag from /opt/airflow/dags/dag_pipeline_complet.py
[2026-04-25T22:18:32.763+0000] {processor.py:840} INFO - DAG(s) 'pipeline_job_intelligent_kafka' retrieved from /opt/airflow/dags/dag_pipeline_complet.py
[2026-04-25T22:18:32.826+0000] {logging_mixin.py:188} INFO - [2026-04-25T22:18:32.825+0000] {dag.py:3096} INFO - Sync 1 DAGs
[2026-04-25T22:18:32.870+0000] {logging_mixin.py:188} INFO - [2026-04-25T22:18:32.869+0000] {dag.py:3954} INFO - Setting next_dagrun for pipeline_job_intelligent_kafka to 2026-04-24 06:00:00+00:00, run_after=2026-04-25 06:00:00+00:00
[2026-04-25T22:18:32.924+0000] {processor.py:183} INFO - Processing /opt/airflow/dags/dag_pipeline_complet.py took 0.213 seconds
[2026-04-25T22:19:03.908+0000] {processor.py:161} INFO - Started process (PID=7004) to work on /opt/airflow/dags/dag_pipeline_complet.py
[2026-04-25T22:19:03.913+0000] {processor.py:830} INFO - Processing file /opt/airflow/dags/dag_pipeline_complet.py for tasks to queue
[2026-04-25T22:19:03.921+0000] {logging_mixin.py:188} INFO - [2026-04-25T22:19:03.920+0000] {dagbag.py:545} INFO - Filling up the DagBag from /opt/airflow/dags/dag_pipeline_complet.py
[2026-04-25T22:19:03.979+0000] {processor.py:840} INFO - DAG(s) 'pipeline_job_intelligent_kafka' retrieved from /opt/airflow/dags/dag_pipeline_complet.py
[2026-04-25T22:19:04.080+0000] {logging_mixin.py:188} INFO - [2026-04-25T22:19:04.079+0000] {dag.py:3096} INFO - Sync 1 DAGs
[2026-04-25T22:19:04.243+0000] {logging_mixin.py:188} INFO - [2026-04-25T22:19:04.242+0000] {dag.py:3954} INFO - Setting next_dagrun for pipeline_job_intelligent_kafka to 2026-04-24 06:00:00+00:00, run_after=2026-04-25 06:00:00+00:00
[2026-04-25T22:19:04.353+0000] {processor.py:183} INFO - Processing /opt/airflow/dags/dag_pipeline_complet.py took 0.463 seconds
[2026-04-25T22:19:35.178+0000] {processor.py:161} INFO - Started process (PID=7019) to work on /opt/airflow/dags/dag_pipeline_complet.py
[2026-04-25T22:19:35.200+0000] {processor.py:830} INFO - Processing file /opt/airflow/dags/dag_pipeline_complet.py for tasks to queue
[2026-04-25T22:19:35.204+0000] {logging_mixin.py:188} INFO - [2026-04-25T22:19:35.202+0000] {dagbag.py:545} INFO - Filling up the DagBag from /opt/airflow/dags/dag_pipeline_complet.py
[2026-04-25T22:19:35.280+0000] {processor.py:840} INFO - DAG(s) 'pipeline_job_intelligent_kafka' retrieved from /opt/airflow/dags/dag_pipeline_complet.py
[2026-04-25T22:19:35.351+0000] {logging_mixin.py:188} INFO - [2026-04-25T22:19:35.350+0000] {dag.py:3096} INFO - Sync 1 DAGs
[2026-04-25T22:19:35.415+0000] {logging_mixin.py:188} INFO - [2026-04-25T22:19:35.414+0000] {dag.py:3954} INFO - Setting next_dagrun for pipeline_job_intelligent_kafka to 2026-04-24 06:00:00+00:00, run_after=2026-04-25 06:00:00+00:00
[2026-04-25T22:19:35.463+0000] {processor.py:183} INFO - Processing /opt/airflow/dags/dag_pipeline_complet.py took 0.350 seconds
[2026-04-25T22:20:06.199+0000] {processor.py:161} INFO - Started process (PID=7027) to work on /opt/airflow/dags/dag_pipeline_complet.py
[2026-04-25T22:20:06.201+0000] {processor.py:830} INFO - Processing file /opt/airflow/dags/dag_pipeline_complet.py for tasks to queue
[2026-04-25T22:20:06.204+0000] {logging_mixin.py:188} INFO - [2026-04-25T22:20:06.203+0000] {dagbag.py:545} INFO - Filling up the DagBag from /opt/airflow/dags/dag_pipeline_complet.py
[2026-04-25T22:20:06.245+0000] {processor.py:840} INFO - DAG(s) 'pipeline_job_intelligent_kafka' retrieved from /opt/airflow/dags/dag_pipeline_complet.py
[2026-04-25T22:20:06.311+0000] {logging_mixin.py:188} INFO - [2026-04-25T22:20:06.310+0000] {dag.py:3096} INFO - Sync 1 DAGs
[2026-04-25T22:20:06.402+0000] {logging_mixin.py:188} INFO - [2026-04-25T22:20:06.402+0000] {dag.py:3954} INFO - Setting next_dagrun for pipeline_job_intelligent_kafka to 2026-04-24 06:00:00+00:00, run_after=2026-04-25 06:00:00+00:00
[2026-04-25T22:20:06.558+0000] {processor.py:183} INFO - Processing /opt/airflow/dags/dag_pipeline_complet.py took 0.378 seconds
[2026-04-25T22:20:37.340+0000] {processor.py:161} INFO - Started process (PID=7042) to work on /opt/airflow/dags/dag_pipeline_complet.py
[2026-04-25T22:20:37.342+0000] {processor.py:830} INFO - Processing file /opt/airflow/dags/dag_pipeline_complet.py for tasks to queue
[2026-04-25T22:20:37.345+0000] {logging_mixin.py:188} INFO - [2026-04-25T22:20:37.344+0000] {dagbag.py:545} INFO - Filling up the DagBag from /opt/airflow/dags/dag_pipeline_complet.py
[2026-04-25T22:20:37.389+0000] {processor.py:840} INFO - DAG(s) 'pipeline_job_intelligent_kafka' retrieved from /opt/airflow/dags/dag_pipeline_complet.py
[2026-04-25T22:20:37.511+0000] {logging_mixin.py:188} INFO - [2026-04-25T22:20:37.510+0000] {dag.py:3096} INFO - Sync 1 DAGs
[2026-04-25T22:20:37.610+0000] {logging_mixin.py:188} INFO - [2026-04-25T22:20:37.610+0000] {dag.py:3954} INFO - Setting next_dagrun for pipeline_job_intelligent_kafka to 2026-04-24 06:00:00+00:00, run_after=2026-04-25 06:00:00+00:00
[2026-04-25T22:20:37.974+0000] {processor.py:183} INFO - Processing /opt/airflow/dags/dag_pipeline_complet.py took 0.653 seconds
[2026-04-25T22:21:08.198+0000] {processor.py:161} INFO - Started process (PID=7051) to work on /opt/airflow/dags/dag_pipeline_complet.py
[2026-04-25T22:21:08.202+0000] {processor.py:830} INFO - Processing file /opt/airflow/dags/dag_pipeline_complet.py for tasks to queue
[2026-04-25T22:21:08.209+0000] {logging_mixin.py:188} INFO - [2026-04-25T22:21:08.206+0000] {dagbag.py:545} INFO - Filling up the DagBag from /opt/airflow/dags/dag_pipeline_complet.py
[2026-04-25T22:21:08.284+0000] {processor.py:840} INFO - DAG(s) 'pipeline_job_intelligent_kafka' retrieved from /opt/airflow/dags/dag_pipeline_complet.py
[2026-04-25T22:21:08.415+0000] {logging_mixin.py:188} INFO - [2026-04-25T22:21:08.414+0000] {dag.py:3096} INFO - Sync 1 DAGs
[2026-04-25T22:21:08.498+0000] {logging_mixin.py:188} INFO - [2026-04-25T22:21:08.497+0000] {dag.py:3954} INFO - Setting next_dagrun for pipeline_job_intelligent_kafka to 2026-04-24 06:00:00+00:00, run_after=2026-04-25 06:00:00+00:00
[2026-04-25T22:21:08.541+0000] {processor.py:183} INFO - Processing /opt/airflow/dags/dag_pipeline_complet.py took 0.372 seconds
[2026-04-25T22:21:39.430+0000] {processor.py:161} INFO - Started process (PID=7064) to work on /opt/airflow/dags/dag_pipeline_complet.py
[2026-04-25T22:21:39.432+0000] {processor.py:830} INFO - Processing file /opt/airflow/dags/dag_pipeline_complet.py for tasks to queue
[2026-04-25T22:21:39.435+0000] {logging_mixin.py:188} INFO - [2026-04-25T22:21:39.434+0000] {dagbag.py:545} INFO - Filling up the DagBag from /opt/airflow/dags/dag_pipeline_complet.py
[2026-04-25T22:21:39.522+0000] {processor.py:840} INFO - DAG(s) 'pipeline_job_intelligent_kafka' retrieved from /opt/airflow/dags/dag_pipeline_complet.py
[2026-04-25T22:21:39.663+0000] {logging_mixin.py:188} INFO - [2026-04-25T22:21:39.663+0000] {dag.py:3096} INFO - Sync 1 DAGs
[2026-04-25T22:21:39.728+0000] {logging_mixin.py:188} INFO - [2026-04-25T22:21:39.728+0000] {dag.py:3954} INFO - Setting next_dagrun for pipeline_job_intelligent_kafka to 2026-04-24 06:00:00+00:00, run_after=2026-04-25 06:00:00+00:00
[2026-04-25T22:21:39.770+0000] {processor.py:183} INFO - Processing /opt/airflow/dags/dag_pipeline_complet.py took 0.361 seconds
[2026-04-25T22:22:09.975+0000] {processor.py:161} INFO - Started process (PID=7072) to work on /opt/airflow/dags/dag_pipeline_complet.py
[2026-04-25T22:22:09.977+0000] {processor.py:830} INFO - Processing file /opt/airflow/dags/dag_pipeline_complet.py for tasks to queue
[2026-04-25T22:22:09.980+0000] {logging_mixin.py:188} INFO - [2026-04-25T22:22:09.979+0000] {dagbag.py:545} INFO - Filling up the DagBag from /opt/airflow/dags/dag_pipeline_complet.py
[2026-04-25T22:22:10.036+0000] {processor.py:840} INFO - DAG(s) 'pipeline_job_intelligent_kafka' retrieved from /opt/airflow/dags/dag_pipeline_complet.py
[2026-04-25T22:22:10.120+0000] {logging_mixin.py:188} INFO - [2026-04-25T22:22:10.120+0000] {dag.py:3096} INFO - Sync 1 DAGs
[2026-04-25T22:22:10.181+0000] {logging_mixin.py:188} INFO - [2026-04-25T22:22:10.180+0000] {dag.py:3954} INFO - Setting next_dagrun for pipeline_job_intelligent_kafka to 2026-04-24 06:00:00+00:00, run_after=2026-04-25 06:00:00+00:00
[2026-04-25T22:22:10.299+0000] {processor.py:183} INFO - Processing /opt/airflow/dags/dag_pipeline_complet.py took 0.340 seconds
[2026-04-25T22:22:40.773+0000] {processor.py:161} INFO - Started process (PID=7086) to work on /opt/airflow/dags/dag_pipeline_complet.py
[2026-04-25T22:22:40.775+0000] {processor.py:830} INFO - Processing file /opt/airflow/dags/dag_pipeline_complet.py for tasks to queue
[2026-04-25T22:22:40.779+0000] {logging_mixin.py:188} INFO - [2026-04-25T22:22:40.778+0000] {dagbag.py:545} INFO - Filling up the DagBag from /opt/airflow/dags/dag_pipeline_complet.py
[2026-04-25T22:22:40.821+0000] {processor.py:840} INFO - DAG(s) 'pipeline_job_intelligent_kafka' retrieved from /opt/airflow/dags/dag_pipeline_complet.py
[2026-04-25T22:22:40.927+0000] {logging_mixin.py:188} INFO - [2026-04-25T22:22:40.927+0000] {dag.py:3096} INFO - Sync 1 DAGs
[2026-04-25T22:22:41.075+0000] {logging_mixin.py:188} INFO - [2026-04-25T22:22:41.073+0000] {dag.py:3954} INFO - Setting next_dagrun for pipeline_job_intelligent_kafka to 2026-04-24 06:00:00+00:00, run_after=2026-04-25 06:00:00+00:00
[2026-04-25T22:22:41.148+0000] {processor.py:183} INFO - Processing /opt/airflow/dags/dag_pipeline_complet.py took 0.399 seconds
[2026-04-25T22:23:11.790+0000] {processor.py:161} INFO - Started process (PID=7094) to work on /opt/airflow/dags/dag_pipeline_complet.py
[2026-04-25T22:23:11.793+0000] {processor.py:830} INFO - Processing file /opt/airflow/dags/dag_pipeline_complet.py for tasks to queue
[2026-04-25T22:23:11.795+0000] {logging_mixin.py:188} INFO - [2026-04-25T22:23:11.794+0000] {dagbag.py:545} INFO - Filling up the DagBag from /opt/airflow/dags/dag_pipeline_complet.py
[2026-04-25T22:23:11.852+0000] {processor.py:840} INFO - DAG(s) 'pipeline_job_intelligent_kafka' retrieved from /opt/airflow/dags/dag_pipeline_complet.py
[2026-04-25T22:23:11.990+0000] {logging_mixin.py:188} INFO - [2026-04-25T22:23:11.989+0000] {dag.py:3096} INFO - Sync 1 DAGs
[2026-04-25T22:23:12.043+0000] {logging_mixin.py:188} INFO - [2026-04-25T22:23:12.043+0000] {dag.py:3954} INFO - Setting next_dagrun for pipeline_job_intelligent_kafka to 2026-04-24 06:00:00+00:00, run_after=2026-04-25 06:00:00+00:00
[2026-04-25T22:23:12.088+0000] {processor.py:183} INFO - Processing /opt/airflow/dags/dag_pipeline_complet.py took 0.320 seconds
[2026-04-25T22:23:42.537+0000] {processor.py:161} INFO - Started process (PID=7108) to work on /opt/airflow/dags/dag_pipeline_complet.py
[2026-04-25T22:23:42.539+0000] {processor.py:830} INFO - Processing file /opt/airflow/dags/dag_pipeline_complet.py for tasks to queue
[2026-04-25T22:23:42.543+0000] {logging_mixin.py:188} INFO - [2026-04-25T22:23:42.542+0000] {dagbag.py:545} INFO - Filling up the DagBag from /opt/airflow/dags/dag_pipeline_complet.py
[2026-04-25T22:23:42.597+0000] {processor.py:840} INFO - DAG(s) 'pipeline_job_intelligent_kafka' retrieved from /opt/airflow/dags/dag_pipeline_complet.py
[2026-04-25T22:23:42.760+0000] {logging_mixin.py:188} INFO - [2026-04-25T22:23:42.759+0000] {dag.py:3096} INFO - Sync 1 DAGs
[2026-04-25T22:23:42.973+0000] {logging_mixin.py:188} INFO - [2026-04-25T22:23:42.973+0000] {dag.py:3954} INFO - Setting next_dagrun for pipeline_job_intelligent_kafka to 2026-04-24 06:00:00+00:00, run_after=2026-04-25 06:00:00+00:00
[2026-04-25T22:23:43.096+0000] {processor.py:183} INFO - Processing /opt/airflow/dags/dag_pipeline_complet.py took 0.585 seconds
[2026-04-25T22:24:13.384+0000] {processor.py:161} INFO - Started process (PID=7117) to work on /opt/airflow/dags/dag_pipeline_complet.py
[2026-04-25T22:24:13.387+0000] {processor.py:830} INFO - Processing file /opt/airflow/dags/dag_pipeline_complet.py for tasks to queue
[2026-04-25T22:24:13.389+0000] {logging_mixin.py:188} INFO - [2026-04-25T22:24:13.388+0000] {dagbag.py:545} INFO - Filling up the DagBag from /opt/airflow/dags/dag_pipeline_complet.py
[2026-04-25T22:24:13.442+0000] {processor.py:840} INFO - DAG(s) 'pipeline_job_intelligent_kafka' retrieved from /opt/airflow/dags/dag_pipeline_complet.py
[2026-04-25T22:24:13.527+0000] {logging_mixin.py:188} INFO - [2026-04-25T22:24:13.526+0000] {dag.py:3096} INFO - Sync 1 DAGs
[2026-04-25T22:24:13.589+0000] {logging_mixin.py:188} INFO - [2026-04-25T22:24:13.589+0000] {dag.py:3954} INFO - Setting next_dagrun for pipeline_job_intelligent_kafka to 2026-04-24 06:00:00+00:00, run_after=2026-04-25 06:00:00+00:00
[2026-04-25T22:24:13.658+0000] {processor.py:183} INFO - Processing /opt/airflow/dags/dag_pipeline_complet.py took 0.291 seconds
[2026-04-25T22:24:43.931+0000] {processor.py:161} INFO - Started process (PID=7131) to work on /opt/airflow/dags/dag_pipeline_complet.py
[2026-04-25T22:24:43.934+0000] {processor.py:830} INFO - Processing file /opt/airflow/dags/dag_pipeline_complet.py for tasks to queue
[2026-04-25T22:24:43.936+0000] {logging_mixin.py:188} INFO - [2026-04-25T22:24:43.936+0000] {dagbag.py:545} INFO - Filling up the DagBag from /opt/airflow/dags/dag_pipeline_complet.py
[2026-04-25T22:24:44.000+0000] {processor.py:840} INFO - DAG(s) 'pipeline_job_intelligent_kafka' retrieved from /opt/airflow/dags/dag_pipeline_complet.py
[2026-04-25T22:24:44.252+0000] {logging_mixin.py:188} INFO - [2026-04-25T22:24:44.251+0000] {dag.py:3096} INFO - Sync 1 DAGs
[2026-04-25T22:24:44.526+0000] {logging_mixin.py:188} INFO - [2026-04-25T22:24:44.525+0000] {dag.py:3954} INFO - Setting next_dagrun for pipeline_job_intelligent_kafka to 2026-04-24 06:00:00+00:00, run_after=2026-04-25 06:00:00+00:00
[2026-04-25T22:24:44.720+0000] {processor.py:183} INFO - Processing /opt/airflow/dags/dag_pipeline_complet.py took 0.807 seconds
[2026-04-25T22:25:15.248+0000] {processor.py:161} INFO - Started process (PID=7139) to work on /opt/airflow/dags/dag_pipeline_complet.py
[2026-04-25T22:25:15.250+0000] {processor.py:830} INFO - Processing file /opt/airflow/dags/dag_pipeline_complet.py for tasks to queue
[2026-04-25T22:25:15.256+0000] {logging_mixin.py:188} INFO - [2026-04-25T22:25:15.255+0000] {dagbag.py:545} INFO - Filling up the DagBag from /opt/airflow/dags/dag_pipeline_complet.py
[2026-04-25T22:25:15.340+0000] {processor.py:840} INFO - DAG(s) 'pipeline_job_intelligent_kafka' retrieved from /opt/airflow/dags/dag_pipeline_complet.py
[2026-04-25T22:25:15.469+0000] {logging_mixin.py:188} INFO - [2026-04-25T22:25:15.469+0000] {dag.py:3096} INFO - Sync 1 DAGs
[2026-04-25T22:25:15.723+0000] {logging_mixin.py:188} INFO - [2026-04-25T22:25:15.722+0000] {dag.py:3954} INFO - Setting next_dagrun for pipeline_job_intelligent_kafka to 2026-04-24 06:00:00+00:00, run_after=2026-04-25 06:00:00+00:00
[2026-04-25T22:25:15.907+0000] {processor.py:183} INFO - Processing /opt/airflow/dags/dag_pipeline_complet.py took 0.682 seconds
[2026-04-25T22:25:46.794+0000] {processor.py:161} INFO - Started process (PID=7153) to work on /opt/airflow/dags/dag_pipeline_complet.py
[2026-04-25T22:25:46.797+0000] {processor.py:830} INFO - Processing file /opt/airflow/dags/dag_pipeline_complet.py for tasks to queue
[2026-04-25T22:25:46.799+0000] {logging_mixin.py:188} INFO - [2026-04-25T22:25:46.798+0000] {dagbag.py:545} INFO - Filling up the DagBag from /opt/airflow/dags/dag_pipeline_complet.py
[2026-04-25T22:25:46.856+0000] {processor.py:840} INFO - DAG(s) 'pipeline_job_intelligent_kafka' retrieved from /opt/airflow/dags/dag_pipeline_complet.py
[2026-04-25T22:25:46.927+0000] {logging_mixin.py:188} INFO - [2026-04-25T22:25:46.927+0000] {dag.py:3096} INFO - Sync 1 DAGs
[2026-04-25T22:25:46.996+0000] {logging_mixin.py:188} INFO - [2026-04-25T22:25:46.995+0000] {dag.py:3954} INFO - Setting next_dagrun for pipeline_job_intelligent_kafka to 2026-04-24 06:00:00+00:00, run_after=2026-04-25 06:00:00+00:00
[2026-04-25T22:25:47.076+0000] {processor.py:183} INFO - Processing /opt/airflow/dags/dag_pipeline_complet.py took 0.296 seconds
[2026-04-25T22:26:17.543+0000] {processor.py:161} INFO - Started process (PID=7167) to work on /opt/airflow/dags/dag_pipeline_complet.py
[2026-04-25T22:26:17.545+0000] {processor.py:830} INFO - Processing file /opt/airflow/dags/dag_pipeline_complet.py for tasks to queue
[2026-04-25T22:26:17.548+0000] {logging_mixin.py:188} INFO - [2026-04-25T22:26:17.547+0000] {dagbag.py:545} INFO - Filling up the DagBag from /opt/airflow/dags/dag_pipeline_complet.py
[2026-04-25T22:26:17.592+0000] {processor.py:840} INFO - DAG(s) 'pipeline_job_intelligent_kafka' retrieved from /opt/airflow/dags/dag_pipeline_complet.py
[2026-04-25T22:26:17.681+0000] {logging_mixin.py:188} INFO - [2026-04-25T22:26:17.680+0000] {dag.py:3096} INFO - Sync 1 DAGs
[2026-04-25T22:26:17.851+0000] {logging_mixin.py:188} INFO - [2026-04-25T22:26:17.851+0000] {dag.py:3954} INFO - Setting next_dagrun for pipeline_job_intelligent_kafka to 2026-04-24 06:00:00+00:00, run_after=2026-04-25 06:00:00+00:00
[2026-04-25T22:26:17.960+0000] {processor.py:183} INFO - Processing /opt/airflow/dags/dag_pipeline_complet.py took 0.431 seconds
[2026-04-25T22:26:48.321+0000] {processor.py:161} INFO - Started process (PID=7175) to work on /opt/airflow/dags/dag_pipeline_complet.py
[2026-04-25T22:26:48.325+0000] {processor.py:830} INFO - Processing file /opt/airflow/dags/dag_pipeline_complet.py for tasks to queue
[2026-04-25T22:26:48.328+0000] {logging_mixin.py:188} INFO - [2026-04-25T22:26:48.327+0000] {dagbag.py:545} INFO - Filling up the DagBag from /opt/airflow/dags/dag_pipeline_complet.py
[2026-04-25T22:26:48.556+0000] {processor.py:840} INFO - DAG(s) 'pipeline_job_intelligent_kafka' retrieved from /opt/airflow/dags/dag_pipeline_complet.py
[2026-04-25T22:26:48.699+0000] {logging_mixin.py:188} INFO - [2026-04-25T22:26:48.698+0000] {dag.py:3096} INFO - Sync 1 DAGs
[2026-04-25T22:26:48.766+0000] {logging_mixin.py:188} INFO - [2026-04-25T22:26:48.765+0000] {dag.py:3954} INFO - Setting next_dagrun for pipeline_job_intelligent_kafka to 2026-04-24 06:00:00+00:00, run_after=2026-04-25 06:00:00+00:00
[2026-04-25T22:26:48.810+0000] {processor.py:183} INFO - Processing /opt/airflow/dags/dag_pipeline_complet.py took 0.555 seconds
[2026-04-25T22:27:19.458+0000] {processor.py:161} INFO - Started process (PID=7189) to work on /opt/airflow/dags/dag_pipeline_complet.py
[2026-04-25T22:27:19.472+0000] {processor.py:830} INFO - Processing file /opt/airflow/dags/dag_pipeline_complet.py for tasks to queue
[2026-04-25T22:27:19.477+0000] {logging_mixin.py:188} INFO - [2026-04-25T22:27:19.476+0000] {dagbag.py:545} INFO - Filling up the DagBag from /opt/airflow/dags/dag_pipeline_complet.py
[2026-04-25T22:27:19.715+0000] {processor.py:840} INFO - DAG(s) 'pipeline_job_intelligent_kafka' retrieved from /opt/airflow/dags/dag_pipeline_complet.py
[2026-04-25T22:27:19.902+0000] {logging_mixin.py:188} INFO - [2026-04-25T22:27:19.902+0000] {dag.py:3096} INFO - Sync 1 DAGs
[2026-04-25T22:27:19.998+0000] {logging_mixin.py:188} INFO - [2026-04-25T22:27:19.998+0000] {dag.py:3954} INFO - Setting next_dagrun for pipeline_job_intelligent_kafka to 2026-04-24 06:00:00+00:00, run_after=2026-04-25 06:00:00+00:00
[2026-04-25T22:27:20.136+0000] {processor.py:183} INFO - Processing /opt/airflow/dags/dag_pipeline_complet.py took 0.713 seconds
[2026-04-25T22:27:50.767+0000] {processor.py:161} INFO - Started process (PID=7199) to work on /opt/airflow/dags/dag_pipeline_complet.py
[2026-04-25T22:27:50.770+0000] {processor.py:830} INFO - Processing file /opt/airflow/dags/dag_pipeline_complet.py for tasks to queue
[2026-04-25T22:27:50.775+0000] {logging_mixin.py:188} INFO - [2026-04-25T22:27:50.774+0000] {dagbag.py:545} INFO - Filling up the DagBag from /opt/airflow/dags/dag_pipeline_complet.py
[2026-04-25T22:27:50.844+0000] {processor.py:840} INFO - DAG(s) 'pipeline_job_intelligent_kafka' retrieved from /opt/airflow/dags/dag_pipeline_complet.py
[2026-04-25T22:27:50.951+0000] {logging_mixin.py:188} INFO - [2026-04-25T22:27:50.950+0000] {dag.py:3096} INFO - Sync 1 DAGs
[2026-04-25T22:27:51.027+0000] {logging_mixin.py:188} INFO - [2026-04-25T22:27:51.027+0000] {dag.py:3954} INFO - Setting next_dagrun for pipeline_job_intelligent_kafka to 2026-04-24 06:00:00+00:00, run_after=2026-04-25 06:00:00+00:00
[2026-04-25T22:27:51.090+0000] {processor.py:183} INFO - Processing /opt/airflow/dags/dag_pipeline_complet.py took 0.344 seconds
[2026-04-25T22:28:21.922+0000] {processor.py:161} INFO - Started process (PID=7213) to work on /opt/airflow/dags/dag_pipeline_complet.py
[2026-04-25T22:28:21.927+0000] {processor.py:830} INFO - Processing file /opt/airflow/dags/dag_pipeline_complet.py for tasks to queue
[2026-04-25T22:28:21.937+0000] {logging_mixin.py:188} INFO - [2026-04-25T22:28:21.935+0000] {dagbag.py:545} INFO - Filling up the DagBag from /opt/airflow/dags/dag_pipeline_complet.py
[2026-04-25T22:28:22.267+0000] {processor.py:840} INFO - DAG(s) 'pipeline_job_intelligent_kafka' retrieved from /opt/airflow/dags/dag_pipeline_complet.py
[2026-04-25T22:28:22.548+0000] {logging_mixin.py:188} INFO - [2026-04-25T22:28:22.547+0000] {dag.py:3096} INFO - Sync 1 DAGs
[2026-04-25T22:28:22.636+0000] {logging_mixin.py:188} INFO - [2026-04-25T22:28:22.636+0000] {dag.py:3954} INFO - Setting next_dagrun for pipeline_job_intelligent_kafka to 2026-04-24 06:00:00+00:00, run_after=2026-04-25 06:00:00+00:00
[2026-04-25T22:28:22.695+0000] {processor.py:183} INFO - Processing /opt/airflow/dags/dag_pipeline_complet.py took 0.814 seconds
[2026-04-25T22:28:53.246+0000] {processor.py:161} INFO - Started process (PID=7220) to work on /opt/airflow/dags/dag_pipeline_complet.py
[2026-04-25T22:28:53.248+0000] {processor.py:830} INFO - Processing file /opt/airflow/dags/dag_pipeline_complet.py for tasks to queue
[2026-04-25T22:28:53.251+0000] {logging_mixin.py:188} INFO - [2026-04-25T22:28:53.250+0000] {dagbag.py:545} INFO - Filling up the DagBag from /opt/airflow/dags/dag_pipeline_complet.py
[2026-04-25T22:28:53.293+0000] {processor.py:840} INFO - DAG(s) 'pipeline_job_intelligent_kafka' retrieved from /opt/airflow/dags/dag_pipeline_complet.py
[2026-04-25T22:28:53.370+0000] {logging_mixin.py:188} INFO - [2026-04-25T22:28:53.369+0000] {dag.py:3096} INFO - Sync 1 DAGs
[2026-04-25T22:28:53.456+0000] {logging_mixin.py:188} INFO - [2026-04-25T22:28:53.456+0000] {dag.py:3954} INFO - Setting next_dagrun for pipeline_job_intelligent_kafka to 2026-04-24 06:00:00+00:00, run_after=2026-04-25 06:00:00+00:00
[2026-04-25T22:28:53.526+0000] {processor.py:183} INFO - Processing /opt/airflow/dags/dag_pipeline_complet.py took 0.294 seconds
[2026-04-25T22:29:24.651+0000] {processor.py:161} INFO - Started process (PID=7235) to work on /opt/airflow/dags/dag_pipeline_complet.py
[2026-04-25T22:29:24.657+0000] {processor.py:830} INFO - Processing file /opt/airflow/dags/dag_pipeline_complet.py for tasks to queue
[2026-04-25T22:29:24.669+0000] {logging_mixin.py:188} INFO - [2026-04-25T22:29:24.668+0000] {dagbag.py:545} INFO - Filling up the DagBag from /opt/airflow/dags/dag_pipeline_complet.py
[2026-04-25T22:29:24.911+0000] {processor.py:840} INFO - DAG(s) 'pipeline_job_intelligent_kafka' retrieved from /opt/airflow/dags/dag_pipeline_complet.py
[2026-04-25T22:29:25.179+0000] {logging_mixin.py:188} INFO - [2026-04-25T22:29:25.178+0000] {dag.py:3096} INFO - Sync 1 DAGs
[2026-04-25T22:29:25.314+0000] {logging_mixin.py:188} INFO - [2026-04-25T22:29:25.314+0000] {dag.py:3954} INFO - Setting next_dagrun for pipeline_job_intelligent_kafka to 2026-04-24 06:00:00+00:00, run_after=2026-04-25 06:00:00+00:00
[2026-04-25T22:29:25.510+0000] {processor.py:183} INFO - Processing /opt/airflow/dags/dag_pipeline_complet.py took 0.899 seconds
[2026-04-25T22:29:56.497+0000] {processor.py:161} INFO - Started process (PID=7244) to work on /opt/airflow/dags/dag_pipeline_complet.py
[2026-04-25T22:29:56.500+0000] {processor.py:830} INFO - Processing file /opt/airflow/dags/dag_pipeline_complet.py for tasks to queue
[2026-04-25T22:29:56.505+0000] {logging_mixin.py:188} INFO - [2026-04-25T22:29:56.503+0000] {dagbag.py:545} INFO - Filling up the DagBag from /opt/airflow/dags/dag_pipeline_complet.py
[2026-04-25T22:29:56.569+0000] {processor.py:840} INFO - DAG(s) 'pipeline_job_intelligent_kafka' retrieved from /opt/airflow/dags/dag_pipeline_complet.py
[2026-04-25T22:29:56.672+0000] {logging_mixin.py:188} INFO - [2026-04-25T22:29:56.671+0000] {dag.py:3096} INFO - Sync 1 DAGs
[2026-04-25T22:29:56.805+0000] {logging_mixin.py:188} INFO - [2026-04-25T22:29:56.803+0000] {dag.py:3954} INFO - Setting next_dagrun for pipeline_job_intelligent_kafka to 2026-04-24 06:00:00+00:00, run_after=2026-04-25 06:00:00+00:00
[2026-04-25T22:29:56.985+0000] {processor.py:183} INFO - Processing /opt/airflow/dags/dag_pipeline_complet.py took 0.534 seconds
[2026-04-25T22:30:27.755+0000] {processor.py:161} INFO - Started process (PID=7258) to work on /opt/airflow/dags/dag_pipeline_complet.py
[2026-04-25T22:30:27.770+0000] {processor.py:830} INFO - Processing file /opt/airflow/dags/dag_pipeline_complet.py for tasks to queue
[2026-04-25T22:30:27.786+0000] {logging_mixin.py:188} INFO - [2026-04-25T22:30:27.781+0000] {dagbag.py:545} INFO - Filling up the DagBag from /opt/airflow/dags/dag_pipeline_complet.py
[2026-04-25T22:30:27.927+0000] {processor.py:840} INFO - DAG(s) 'pipeline_job_intelligent_kafka' retrieved from /opt/airflow/dags/dag_pipeline_complet.py
[2026-04-25T22:30:28.570+0000] {logging_mixin.py:188} INFO - [2026-04-25T22:30:28.569+0000] {dag.py:3096} INFO - Sync 1 DAGs
[2026-04-25T22:30:28.892+0000] {logging_mixin.py:188} INFO - [2026-04-25T22:30:28.891+0000] {dag.py:3954} INFO - Setting next_dagrun for pipeline_job_intelligent_kafka to 2026-04-24 06:00:00+00:00, run_after=2026-04-25 06:00:00+00:00
[2026-04-25T22:30:29.051+0000] {processor.py:183} INFO - Processing /opt/airflow/dags/dag_pipeline_complet.py took 1.348 seconds
[2026-04-25T22:30:59.521+0000] {processor.py:161} INFO - Started process (PID=7271) to work on /opt/airflow/dags/dag_pipeline_complet.py
[2026-04-25T22:30:59.522+0000] {processor.py:830} INFO - Processing file /opt/airflow/dags/dag_pipeline_complet.py for tasks to queue
[2026-04-25T22:30:59.525+0000] {logging_mixin.py:188} INFO - [2026-04-25T22:30:59.524+0000] {dagbag.py:545} INFO - Filling up the DagBag from /opt/airflow/dags/dag_pipeline_complet.py
[2026-04-25T22:30:59.569+0000] {processor.py:840} INFO - DAG(s) 'pipeline_job_intelligent_kafka' retrieved from /opt/airflow/dags/dag_pipeline_complet.py
[2026-04-25T22:30:59.696+0000] {logging_mixin.py:188} INFO - [2026-04-25T22:30:59.695+0000] {dag.py:3096} INFO - Sync 1 DAGs
[2026-04-25T22:30:59.783+0000] {logging_mixin.py:188} INFO - [2026-04-25T22:30:59.783+0000] {dag.py:3954} INFO - Setting next_dagrun for pipeline_job_intelligent_kafka to 2026-04-24 06:00:00+00:00, run_after=2026-04-25 06:00:00+00:00
[2026-04-25T22:30:59.852+0000] {processor.py:183} INFO - Processing /opt/airflow/dags/dag_pipeline_complet.py took 0.356 seconds
[2026-04-25T22:31:31.073+0000] {processor.py:161} INFO - Started process (PID=7279) to work on /opt/airflow/dags/dag_pipeline_complet.py
[2026-04-25T22:31:31.075+0000] {processor.py:830} INFO - Processing file /opt/airflow/dags/dag_pipeline_complet.py for tasks to queue
[2026-04-25T22:31:31.078+0000] {logging_mixin.py:188} INFO - [2026-04-25T22:31:31.077+0000] {dagbag.py:545} INFO - Filling up the DagBag from /opt/airflow/dags/dag_pipeline_complet.py
[2026-04-25T22:31:31.136+0000] {processor.py:840} INFO - DAG(s) 'pipeline_job_intelligent_kafka' retrieved from /opt/airflow/dags/dag_pipeline_complet.py
[2026-04-25T22:31:31.308+0000] {logging_mixin.py:188} INFO - [2026-04-25T22:31:31.307+0000] {dag.py:3096} INFO - Sync 1 DAGs
[2026-04-25T22:31:31.383+0000] {logging_mixin.py:188} INFO - [2026-04-25T22:31:31.382+0000] {dag.py:3954} INFO - Setting next_dagrun for pipeline_job_intelligent_kafka to 2026-04-24 06:00:00+00:00, run_after=2026-04-25 06:00:00+00:00
[2026-04-25T22:31:31.522+0000] {processor.py:183} INFO - Processing /opt/airflow/dags/dag_pipeline_complet.py took 0.476 seconds
[2026-04-25T22:32:02.331+0000] {processor.py:161} INFO - Started process (PID=7293) to work on /opt/airflow/dags/dag_pipeline_complet.py
[2026-04-25T22:32:02.333+0000] {processor.py:830} INFO - Processing file /opt/airflow/dags/dag_pipeline_complet.py for tasks to queue
[2026-04-25T22:32:02.335+0000] {logging_mixin.py:188} INFO - [2026-04-25T22:32:02.334+0000] {dagbag.py:545} INFO - Filling up the DagBag from /opt/airflow/dags/dag_pipeline_complet.py
[2026-04-25T22:32:02.397+0000] {processor.py:840} INFO - DAG(s) 'pipeline_job_intelligent_kafka' retrieved from /opt/airflow/dags/dag_pipeline_complet.py
[2026-04-25T22:32:02.490+0000] {logging_mixin.py:188} INFO - [2026-04-25T22:32:02.489+0000] {dag.py:3096} INFO - Sync 1 DAGs
[2026-04-25T22:32:02.546+0000] {logging_mixin.py:188} INFO - [2026-04-25T22:32:02.545+0000] {dag.py:3954} INFO - Setting next_dagrun for pipeline_job_intelligent_kafka to 2026-04-24 06:00:00+00:00, run_after=2026-04-25 06:00:00+00:00
[2026-04-25T22:32:02.584+0000] {processor.py:183} INFO - Processing /opt/airflow/dags/dag_pipeline_complet.py took 0.271 seconds
[2026-04-25T22:32:33.212+0000] {processor.py:161} INFO - Started process (PID=7300) to work on /opt/airflow/dags/dag_pipeline_complet.py
[2026-04-25T22:32:33.221+0000] {processor.py:830} INFO - Processing file /opt/airflow/dags/dag_pipeline_complet.py for tasks to queue
[2026-04-25T22:32:33.225+0000] {logging_mixin.py:188} INFO - [2026-04-25T22:32:33.225+0000] {dagbag.py:545} INFO - Filling up the DagBag from /opt/airflow/dags/dag_pipeline_complet.py
[2026-04-25T22:32:33.306+0000] {processor.py:840} INFO - DAG(s) 'pipeline_job_intelligent_kafka' retrieved from /opt/airflow/dags/dag_pipeline_complet.py
[2026-04-25T22:32:33.531+0000] {logging_mixin.py:188} INFO - [2026-04-25T22:32:33.530+0000] {dag.py:3096} INFO - Sync 1 DAGs
[2026-04-25T22:32:33.702+0000] {logging_mixin.py:188} INFO - [2026-04-25T22:32:33.702+0000] {dag.py:3954} INFO - Setting next_dagrun for pipeline_job_intelligent_kafka to 2026-04-24 06:00:00+00:00, run_after=2026-04-25 06:00:00+00:00
[2026-04-25T22:32:33.806+0000] {processor.py:183} INFO - Processing /opt/airflow/dags/dag_pipeline_complet.py took 0.629 seconds
[2026-04-25T22:33:04.572+0000] {processor.py:161} INFO - Started process (PID=7315) to work on /opt/airflow/dags/dag_pipeline_complet.py
[2026-04-25T22:33:04.607+0000] {processor.py:830} INFO - Processing file /opt/airflow/dags/dag_pipeline_complet.py for tasks to queue
[2026-04-25T22:33:04.624+0000] {logging_mixin.py:188} INFO - [2026-04-25T22:33:04.623+0000] {dagbag.py:545} INFO - Filling up the DagBag from /opt/airflow/dags/dag_pipeline_complet.py
[2026-04-25T22:33:04.897+0000] {processor.py:840} INFO - DAG(s) 'pipeline_job_intelligent_kafka' retrieved from /opt/airflow/dags/dag_pipeline_complet.py
[2026-04-25T22:33:05.060+0000] {logging_mixin.py:188} INFO - [2026-04-25T22:33:05.059+0000] {dag.py:3096} INFO - Sync 1 DAGs
[2026-04-25T22:33:05.187+0000] {logging_mixin.py:188} INFO - [2026-04-25T22:33:05.186+0000] {dag.py:3954} INFO - Setting next_dagrun for pipeline_job_intelligent_kafka to 2026-04-24 06:00:00+00:00, run_after=2026-04-25 06:00:00+00:00
[2026-04-25T22:33:05.247+0000] {processor.py:183} INFO - Processing /opt/airflow/dags/dag_pipeline_complet.py took 0.722 seconds
[2026-04-25T22:33:36.132+0000] {processor.py:161} INFO - Started process (PID=7323) to work on /opt/airflow/dags/dag_pipeline_complet.py
[2026-04-25T22:33:36.149+0000] {processor.py:830} INFO - Processing file /opt/airflow/dags/dag_pipeline_complet.py for tasks to queue
[2026-04-25T22:33:36.153+0000] {logging_mixin.py:188} INFO - [2026-04-25T22:33:36.152+0000] {dagbag.py:545} INFO - Filling up the DagBag from /opt/airflow/dags/dag_pipeline_complet.py
[2026-04-25T22:33:36.250+0000] {processor.py:840} INFO - DAG(s) 'pipeline_job_intelligent_kafka' retrieved from /opt/airflow/dags/dag_pipeline_complet.py
[2026-04-25T22:33:36.365+0000] {logging_mixin.py:188} INFO - [2026-04-25T22:33:36.365+0000] {dag.py:3096} INFO - Sync 1 DAGs
[2026-04-25T22:33:36.436+0000] {logging_mixin.py:188} INFO - [2026-04-25T22:33:36.435+0000] {dag.py:3954} INFO - Setting next_dagrun for pipeline_job_intelligent_kafka to 2026-04-24 06:00:00+00:00, run_after=2026-04-25 06:00:00+00:00
[2026-04-25T22:33:36.556+0000] {processor.py:183} INFO - Processing /opt/airflow/dags/dag_pipeline_complet.py took 0.446 seconds
[2026-04-25T22:34:07.242+0000] {processor.py:161} INFO - Started process (PID=7336) to work on /opt/airflow/dags/dag_pipeline_complet.py
[2026-04-25T22:34:07.245+0000] {processor.py:830} INFO - Processing file /opt/airflow/dags/dag_pipeline_complet.py for tasks to queue
[2026-04-25T22:34:07.248+0000] {logging_mixin.py:188} INFO - [2026-04-25T22:34:07.247+0000] {dagbag.py:545} INFO - Filling up the DagBag from /opt/airflow/dags/dag_pipeline_complet.py
[2026-04-25T22:34:07.309+0000] {processor.py:840} INFO - DAG(s) 'pipeline_job_intelligent_kafka' retrieved from /opt/airflow/dags/dag_pipeline_complet.py
[2026-04-25T22:34:07.395+0000] {logging_mixin.py:188} INFO - [2026-04-25T22:34:07.395+0000] {dag.py:3096} INFO - Sync 1 DAGs
[2026-04-25T22:34:07.505+0000] {logging_mixin.py:188} INFO - [2026-04-25T22:34:07.501+0000] {dag.py:3954} INFO - Setting next_dagrun for pipeline_job_intelligent_kafka to 2026-04-24 06:00:00+00:00, run_after=2026-04-25 06:00:00+00:00
[2026-04-25T22:34:07.601+0000] {processor.py:183} INFO - Processing /opt/airflow/dags/dag_pipeline_complet.py took 0.377 seconds
[2026-04-25T22:34:38.795+0000] {processor.py:161} INFO - Started process (PID=7345) to work on /opt/airflow/dags/dag_pipeline_complet.py
[2026-04-25T22:34:38.801+0000] {processor.py:830} INFO - Processing file /opt/airflow/dags/dag_pipeline_complet.py for tasks to queue
[2026-04-25T22:34:38.809+0000] {logging_mixin.py:188} INFO - [2026-04-25T22:34:38.808+0000] {dagbag.py:545} INFO - Filling up the DagBag from /opt/airflow/dags/dag_pipeline_complet.py
[2026-04-25T22:34:38.987+0000] {processor.py:840} INFO - DAG(s) 'pipeline_job_intelligent_kafka' retrieved from /opt/airflow/dags/dag_pipeline_complet.py
[2026-04-25T22:34:39.309+0000] {logging_mixin.py:188} INFO - [2026-04-25T22:34:39.307+0000] {dag.py:3096} INFO - Sync 1 DAGs
[2026-04-25T22:34:39.454+0000] {logging_mixin.py:188} INFO - [2026-04-25T22:34:39.454+0000] {dag.py:3954} INFO - Setting next_dagrun for pipeline_job_intelligent_kafka to 2026-04-24 06:00:00+00:00, run_after=2026-04-25 06:00:00+00:00
[2026-04-25T22:34:39.664+0000] {processor.py:183} INFO - Processing /opt/airflow/dags/dag_pipeline_complet.py took 0.927 seconds
[2026-04-25T22:35:10.454+0000] {processor.py:161} INFO - Started process (PID=7359) to work on /opt/airflow/dags/dag_pipeline_complet.py
[2026-04-25T22:35:10.460+0000] {processor.py:830} INFO - Processing file /opt/airflow/dags/dag_pipeline_complet.py for tasks to queue
[2026-04-25T22:35:10.483+0000] {logging_mixin.py:188} INFO - [2026-04-25T22:35:10.479+0000] {dagbag.py:545} INFO - Filling up the DagBag from /opt/airflow/dags/dag_pipeline_complet.py
[2026-04-25T22:35:10.595+0000] {processor.py:840} INFO - DAG(s) 'pipeline_job_intelligent_kafka' retrieved from /opt/airflow/dags/dag_pipeline_complet.py
[2026-04-25T22:35:10.686+0000] {logging_mixin.py:188} INFO - [2026-04-25T22:35:10.685+0000] {dag.py:3096} INFO - Sync 1 DAGs
[2026-04-25T22:35:10.730+0000] {logging_mixin.py:188} INFO - [2026-04-25T22:35:10.729+0000] {dag.py:3954} INFO - Setting next_dagrun for pipeline_job_intelligent_kafka to 2026-04-24 06:00:00+00:00, run_after=2026-04-25 06:00:00+00:00
[2026-04-25T22:35:10.771+0000] {processor.py:183} INFO - Processing /opt/airflow/dags/dag_pipeline_complet.py took 0.385 seconds
[2026-04-25T22:35:40.952+0000] {processor.py:161} INFO - Started process (PID=7367) to work on /opt/airflow/dags/dag_pipeline_complet.py
[2026-04-25T22:35:40.954+0000] {processor.py:830} INFO - Processing file /opt/airflow/dags/dag_pipeline_complet.py for tasks to queue
[2026-04-25T22:35:40.957+0000] {logging_mixin.py:188} INFO - [2026-04-25T22:35:40.956+0000] {dagbag.py:545} INFO - Filling up the DagBag from /opt/airflow/dags/dag_pipeline_complet.py
[2026-04-25T22:35:41.016+0000] {processor.py:840} INFO - DAG(s) 'pipeline_job_intelligent_kafka' retrieved from /opt/airflow/dags/dag_pipeline_complet.py
[2026-04-25T22:35:41.099+0000] {logging_mixin.py:188} INFO - [2026-04-25T22:35:41.098+0000] {dag.py:3096} INFO - Sync 1 DAGs
[2026-04-25T22:35:41.141+0000] {logging_mixin.py:188} INFO - [2026-04-25T22:35:41.141+0000] {dag.py:3954} INFO - Setting next_dagrun for pipeline_job_intelligent_kafka to 2026-04-24 06:00:00+00:00, run_after=2026-04-25 06:00:00+00:00
[2026-04-25T22:35:41.185+0000] {processor.py:183} INFO - Processing /opt/airflow/dags/dag_pipeline_complet.py took 0.250 seconds
[2026-04-25T22:36:11.970+0000] {processor.py:161} INFO - Started process (PID=7382) to work on /opt/airflow/dags/dag_pipeline_complet.py
[2026-04-25T22:36:11.973+0000] {processor.py:830} INFO - Processing file /opt/airflow/dags/dag_pipeline_complet.py for tasks to queue
[2026-04-25T22:36:11.986+0000] {logging_mixin.py:188} INFO - [2026-04-25T22:36:11.985+0000] {dagbag.py:545} INFO - Filling up the DagBag from /opt/airflow/dags/dag_pipeline_complet.py
[2026-04-25T22:36:12.034+0000] {processor.py:840} INFO - DAG(s) 'pipeline_job_intelligent_kafka' retrieved from /opt/airflow/dags/dag_pipeline_complet.py
[2026-04-25T22:36:12.148+0000] {logging_mixin.py:188} INFO - [2026-04-25T22:36:12.147+0000] {dag.py:3096} INFO - Sync 1 DAGs
[2026-04-25T22:36:12.207+0000] {logging_mixin.py:188} INFO - [2026-04-25T22:36:12.206+0000] {dag.py:3954} INFO - Setting next_dagrun for pipeline_job_intelligent_kafka to 2026-04-24 06:00:00+00:00, run_after=2026-04-25 06:00:00+00:00
[2026-04-25T22:36:12.310+0000] {processor.py:183} INFO - Processing /opt/airflow/dags/dag_pipeline_complet.py took 0.362 seconds
[2026-04-25T22:36:42.740+0000] {processor.py:161} INFO - Started process (PID=7396) to work on /opt/airflow/dags/dag_pipeline_complet.py
[2026-04-25T22:36:42.743+0000] {processor.py:830} INFO - Processing file /opt/airflow/dags/dag_pipeline_complet.py for tasks to queue
[2026-04-25T22:36:42.745+0000] {logging_mixin.py:188} INFO - [2026-04-25T22:36:42.745+0000] {dagbag.py:545} INFO - Filling up the DagBag from /opt/airflow/dags/dag_pipeline_complet.py
[2026-04-25T22:36:42.835+0000] {processor.py:840} INFO - DAG(s) 'pipeline_job_intelligent_kafka' retrieved from /opt/airflow/dags/dag_pipeline_complet.py
[2026-04-25T22:36:42.987+0000] {logging_mixin.py:188} INFO - [2026-04-25T22:36:42.986+0000] {dag.py:3096} INFO - Sync 1 DAGs
[2026-04-25T22:36:43.066+0000] {logging_mixin.py:188} INFO - [2026-04-25T22:36:43.065+0000] {dag.py:3954} INFO - Setting next_dagrun for pipeline_job_intelligent_kafka to 2026-04-24 06:00:00+00:00, run_after=2026-04-25 06:00:00+00:00
[2026-04-25T22:36:43.129+0000] {processor.py:183} INFO - Processing /opt/airflow/dags/dag_pipeline_complet.py took 0.403 seconds
[2026-04-25T22:37:13.441+0000] {processor.py:161} INFO - Started process (PID=7406) to work on /opt/airflow/dags/dag_pipeline_complet.py
[2026-04-25T22:37:13.443+0000] {processor.py:830} INFO - Processing file /opt/airflow/dags/dag_pipeline_complet.py for tasks to queue
[2026-04-25T22:37:13.444+0000] {logging_mixin.py:188} INFO - [2026-04-25T22:37:13.444+0000] {dagbag.py:545} INFO - Filling up the DagBag from /opt/airflow/dags/dag_pipeline_complet.py
[2026-04-25T22:37:13.485+0000] {processor.py:840} INFO - DAG(s) 'pipeline_job_intelligent_kafka' retrieved from /opt/airflow/dags/dag_pipeline_complet.py
[2026-04-25T22:37:13.551+0000] {logging_mixin.py:188} INFO - [2026-04-25T22:37:13.551+0000] {dag.py:3096} INFO - Sync 1 DAGs
[2026-04-25T22:37:13.671+0000] {logging_mixin.py:188} INFO - [2026-04-25T22:37:13.671+0000] {dag.py:3954} INFO - Setting next_dagrun for pipeline_job_intelligent_kafka to 2026-04-24 06:00:00+00:00, run_after=2026-04-25 06:00:00+00:00
[2026-04-25T22:37:13.831+0000] {processor.py:183} INFO - Processing /opt/airflow/dags/dag_pipeline_complet.py took 0.402 seconds
[2026-04-25T22:37:44.241+0000] {processor.py:161} INFO - Started process (PID=7420) to work on /opt/airflow/dags/dag_pipeline_complet.py
[2026-04-25T22:37:44.242+0000] {processor.py:830} INFO - Processing file /opt/airflow/dags/dag_pipeline_complet.py for tasks to queue
[2026-04-25T22:37:44.245+0000] {logging_mixin.py:188} INFO - [2026-04-25T22:37:44.244+0000] {dagbag.py:545} INFO - Filling up the DagBag from /opt/airflow/dags/dag_pipeline_complet.py
[2026-04-25T22:37:44.282+0000] {processor.py:840} INFO - DAG(s) 'pipeline_job_intelligent_kafka' retrieved from /opt/airflow/dags/dag_pipeline_complet.py
[2026-04-25T22:37:44.364+0000] {logging_mixin.py:188} INFO - [2026-04-25T22:37:44.363+0000] {dag.py:3096} INFO - Sync 1 DAGs
[2026-04-25T22:37:44.428+0000] {logging_mixin.py:188} INFO - [2026-04-25T22:37:44.428+0000] {dag.py:3954} INFO - Setting next_dagrun for pipeline_job_intelligent_kafka to 2026-04-24 06:00:00+00:00, run_after=2026-04-25 06:00:00+00:00
[2026-04-25T22:37:44.479+0000] {processor.py:183} INFO - Processing /opt/airflow/dags/dag_pipeline_complet.py took 0.248 seconds
[2026-04-25T22:38:15.186+0000] {processor.py:161} INFO - Started process (PID=7428) to work on /opt/airflow/dags/dag_pipeline_complet.py
[2026-04-25T22:38:15.206+0000] {processor.py:830} INFO - Processing file /opt/airflow/dags/dag_pipeline_complet.py for tasks to queue
[2026-04-25T22:38:15.212+0000] {logging_mixin.py:188} INFO - [2026-04-25T22:38:15.211+0000] {dagbag.py:545} INFO - Filling up the DagBag from /opt/airflow/dags/dag_pipeline_complet.py
[2026-04-25T22:38:15.338+0000] {processor.py:840} INFO - DAG(s) 'pipeline_job_intelligent_kafka' retrieved from /opt/airflow/dags/dag_pipeline_complet.py
[2026-04-25T22:38:15.598+0000] {logging_mixin.py:188} INFO - [2026-04-25T22:38:15.591+0000] {dag.py:3096} INFO - Sync 1 DAGs
[2026-04-25T22:38:15.666+0000] {logging_mixin.py:188} INFO - [2026-04-25T22:38:15.666+0000] {dag.py:3954} INFO - Setting next_dagrun for pipeline_job_intelligent_kafka to 2026-04-24 06:00:00+00:00, run_after=2026-04-25 06:00:00+00:00
[2026-04-25T22:38:15.722+0000] {processor.py:183} INFO - Processing /opt/airflow/dags/dag_pipeline_complet.py took 0.602 seconds
[2026-04-25T22:38:46.117+0000] {processor.py:161} INFO - Started process (PID=7442) to work on /opt/airflow/dags/dag_pipeline_complet.py
[2026-04-25T22:38:46.121+0000] {processor.py:830} INFO - Processing file /opt/airflow/dags/dag_pipeline_complet.py for tasks to queue
[2026-04-25T22:38:46.151+0000] {logging_mixin.py:188} INFO - [2026-04-25T22:38:46.149+0000] {dagbag.py:545} INFO - Filling up the DagBag from /opt/airflow/dags/dag_pipeline_complet.py
[2026-04-25T22:38:46.265+0000] {processor.py:840} INFO - DAG(s) 'pipeline_job_intelligent_kafka' retrieved from /opt/airflow/dags/dag_pipeline_complet.py
[2026-04-25T22:38:46.553+0000] {logging_mixin.py:188} INFO - [2026-04-25T22:38:46.552+0000] {dag.py:3096} INFO - Sync 1 DAGs
[2026-04-25T22:38:46.712+0000] {logging_mixin.py:188} INFO - [2026-04-25T22:38:46.711+0000] {dag.py:3954} INFO - Setting next_dagrun for pipeline_job_intelligent_kafka to 2026-04-24 06:00:00+00:00, run_after=2026-04-25 06:00:00+00:00
[2026-04-25T22:38:46.843+0000] {processor.py:183} INFO - Processing /opt/airflow/dags/dag_pipeline_complet.py took 0.791 seconds
[2026-04-25T22:39:17.326+0000] {processor.py:161} INFO - Started process (PID=7450) to work on /opt/airflow/dags/dag_pipeline_complet.py
[2026-04-25T22:39:17.337+0000] {processor.py:830} INFO - Processing file /opt/airflow/dags/dag_pipeline_complet.py for tasks to queue
[2026-04-25T22:39:17.342+0000] {logging_mixin.py:188} INFO - [2026-04-25T22:39:17.339+0000] {dagbag.py:545} INFO - Filling up the DagBag from /opt/airflow/dags/dag_pipeline_complet.py
[2026-04-25T22:39:17.402+0000] {processor.py:840} INFO - DAG(s) 'pipeline_job_intelligent_kafka' retrieved from /opt/airflow/dags/dag_pipeline_complet.py
[2026-04-25T22:39:17.546+0000] {logging_mixin.py:188} INFO - [2026-04-25T22:39:17.544+0000] {dag.py:3096} INFO - Sync 1 DAGs
[2026-04-25T22:39:17.625+0000] {logging_mixin.py:188} INFO - [2026-04-25T22:39:17.625+0000] {dag.py:3954} INFO - Setting next_dagrun for pipeline_job_intelligent_kafka to 2026-04-24 06:00:00+00:00, run_after=2026-04-25 06:00:00+00:00
[2026-04-25T22:39:17.703+0000] {processor.py:183} INFO - Processing /opt/airflow/dags/dag_pipeline_complet.py took 0.438 seconds
[2026-04-25T22:39:48.203+0000] {processor.py:161} INFO - Started process (PID=7464) to work on /opt/airflow/dags/dag_pipeline_complet.py
[2026-04-25T22:39:48.219+0000] {processor.py:830} INFO - Processing file /opt/airflow/dags/dag_pipeline_complet.py for tasks to queue
[2026-04-25T22:39:48.226+0000] {logging_mixin.py:188} INFO - [2026-04-25T22:39:48.224+0000] {dagbag.py:545} INFO - Filling up the DagBag from /opt/airflow/dags/dag_pipeline_complet.py
[2026-04-25T22:39:48.600+0000] {processor.py:840} INFO - DAG(s) 'pipeline_job_intelligent_kafka' retrieved from /opt/airflow/dags/dag_pipeline_complet.py
[2026-04-25T22:39:49.456+0000] {logging_mixin.py:188} INFO - [2026-04-25T22:39:49.455+0000] {dag.py:3096} INFO - Sync 1 DAGs
[2026-04-25T22:39:49.804+0000] {logging_mixin.py:188} INFO - [2026-04-25T22:39:49.803+0000] {dag.py:3954} INFO - Setting next_dagrun for pipeline_job_intelligent_kafka to 2026-04-24 06:00:00+00:00, run_after=2026-04-25 06:00:00+00:00
[2026-04-25T22:39:50.137+0000] {processor.py:183} INFO - Processing /opt/airflow/dags/dag_pipeline_complet.py took 1.974 seconds
[2026-04-25T22:40:20.837+0000] {processor.py:161} INFO - Started process (PID=7472) to work on /opt/airflow/dags/dag_pipeline_complet.py
[2026-04-25T22:40:20.840+0000] {processor.py:830} INFO - Processing file /opt/airflow/dags/dag_pipeline_complet.py for tasks to queue
[2026-04-25T22:40:20.843+0000] {logging_mixin.py:188} INFO - [2026-04-25T22:40:20.842+0000] {dagbag.py:545} INFO - Filling up the DagBag from /opt/airflow/dags/dag_pipeline_complet.py
[2026-04-25T22:40:20.954+0000] {processor.py:840} INFO - DAG(s) 'pipeline_job_intelligent_kafka' retrieved from /opt/airflow/dags/dag_pipeline_complet.py
[2026-04-25T22:40:21.047+0000] {logging_mixin.py:188} INFO - [2026-04-25T22:40:21.046+0000] {dag.py:3096} INFO - Sync 1 DAGs
[2026-04-25T22:40:21.133+0000] {logging_mixin.py:188} INFO - [2026-04-25T22:40:21.120+0000] {dag.py:3954} INFO - Setting next_dagrun for pipeline_job_intelligent_kafka to 2026-04-24 06:00:00+00:00, run_after=2026-04-25 06:00:00+00:00
[2026-04-25T22:40:21.281+0000] {processor.py:183} INFO - Processing /opt/airflow/dags/dag_pipeline_complet.py took 0.457 seconds
[2026-04-25T22:40:52.234+0000] {processor.py:161} INFO - Started process (PID=7485) to work on /opt/airflow/dags/dag_pipeline_complet.py
[2026-04-25T22:40:52.246+0000] {processor.py:830} INFO - Processing file /opt/airflow/dags/dag_pipeline_complet.py for tasks to queue
[2026-04-25T22:40:52.250+0000] {logging_mixin.py:188} INFO - [2026-04-25T22:40:52.249+0000] {dagbag.py:545} INFO - Filling up the DagBag from /opt/airflow/dags/dag_pipeline_complet.py
[2026-04-25T22:40:52.328+0000] {processor.py:840} INFO - DAG(s) 'pipeline_job_intelligent_kafka' retrieved from /opt/airflow/dags/dag_pipeline_complet.py
[2026-04-25T22:40:52.404+0000] {logging_mixin.py:188} INFO - [2026-04-25T22:40:52.404+0000] {dag.py:3096} INFO - Sync 1 DAGs
[2026-04-25T22:40:52.469+0000] {logging_mixin.py:188} INFO - [2026-04-25T22:40:52.469+0000] {dag.py:3954} INFO - Setting next_dagrun for pipeline_job_intelligent_kafka to 2026-04-24 06:00:00+00:00, run_after=2026-04-25 06:00:00+00:00
[2026-04-25T22:40:52.519+0000] {processor.py:183} INFO - Processing /opt/airflow/dags/dag_pipeline_complet.py took 0.307 seconds
[2026-04-25T22:41:23.487+0000] {processor.py:161} INFO - Started process (PID=7492) to work on /opt/airflow/dags/dag_pipeline_complet.py
[2026-04-25T22:41:23.489+0000] {processor.py:830} INFO - Processing file /opt/airflow/dags/dag_pipeline_complet.py for tasks to queue
[2026-04-25T22:41:23.491+0000] {logging_mixin.py:188} INFO - [2026-04-25T22:41:23.490+0000] {dagbag.py:545} INFO - Filling up the DagBag from /opt/airflow/dags/dag_pipeline_complet.py
[2026-04-25T22:41:23.532+0000] {processor.py:840} INFO - DAG(s) 'pipeline_job_intelligent_kafka' retrieved from /opt/airflow/dags/dag_pipeline_complet.py
[2026-04-25T22:41:23.650+0000] {logging_mixin.py:188} INFO - [2026-04-25T22:41:23.649+0000] {dag.py:3096} INFO - Sync 1 DAGs
[2026-04-25T22:41:23.716+0000] {logging_mixin.py:188} INFO - [2026-04-25T22:41:23.715+0000] {dag.py:3954} INFO - Setting next_dagrun for pipeline_job_intelligent_kafka to 2026-04-24 06:00:00+00:00, run_after=2026-04-25 06:00:00+00:00
[2026-04-25T22:41:23.767+0000] {processor.py:183} INFO - Processing /opt/airflow/dags/dag_pipeline_complet.py took 0.296 seconds
[2026-04-25T22:41:54.738+0000] {processor.py:161} INFO - Started process (PID=7506) to work on /opt/airflow/dags/dag_pipeline_complet.py
[2026-04-25T22:41:54.740+0000] {processor.py:830} INFO - Processing file /opt/airflow/dags/dag_pipeline_complet.py for tasks to queue
[2026-04-25T22:41:54.742+0000] {logging_mixin.py:188} INFO - [2026-04-25T22:41:54.742+0000] {dagbag.py:545} INFO - Filling up the DagBag from /opt/airflow/dags/dag_pipeline_complet.py
[2026-04-25T22:41:54.788+0000] {processor.py:840} INFO - DAG(s) 'pipeline_job_intelligent_kafka' retrieved from /opt/airflow/dags/dag_pipeline_complet.py
[2026-04-25T22:41:54.872+0000] {logging_mixin.py:188} INFO - [2026-04-25T22:41:54.871+0000] {dag.py:3096} INFO - Sync 1 DAGs
[2026-04-25T22:41:54.956+0000] {logging_mixin.py:188} INFO - [2026-04-25T22:41:54.956+0000] {dag.py:3954} INFO - Setting next_dagrun for pipeline_job_intelligent_kafka to 2026-04-24 06:00:00+00:00, run_after=2026-04-25 06:00:00+00:00
[2026-04-25T22:41:55.023+0000] {processor.py:183} INFO - Processing /opt/airflow/dags/dag_pipeline_complet.py took 0.304 seconds
[2026-04-25T22:42:25.841+0000] {processor.py:161} INFO - Started process (PID=7514) to work on /opt/airflow/dags/dag_pipeline_complet.py
[2026-04-25T22:42:25.843+0000] {processor.py:830} INFO - Processing file /opt/airflow/dags/dag_pipeline_complet.py for tasks to queue
[2026-04-25T22:42:25.845+0000] {logging_mixin.py:188} INFO - [2026-04-25T22:42:25.844+0000] {dagbag.py:545} INFO - Filling up the DagBag from /opt/airflow/dags/dag_pipeline_complet.py
[2026-04-25T22:42:25.888+0000] {processor.py:840} INFO - DAG(s) 'pipeline_job_intelligent_kafka' retrieved from /opt/airflow/dags/dag_pipeline_complet.py
[2026-04-25T22:42:25.962+0000] {logging_mixin.py:188} INFO - [2026-04-25T22:42:25.962+0000] {dag.py:3096} INFO - Sync 1 DAGs
[2026-04-25T22:42:26.020+0000] {logging_mixin.py:188} INFO - [2026-04-25T22:42:26.020+0000] {dag.py:3954} INFO - Setting next_dagrun for pipeline_job_intelligent_kafka to 2026-04-24 06:00:00+00:00, run_after=2026-04-25 06:00:00+00:00
[2026-04-25T22:42:26.102+0000] {processor.py:183} INFO - Processing /opt/airflow/dags/dag_pipeline_complet.py took 0.278 seconds
[2026-04-25T22:42:56.769+0000] {processor.py:161} INFO - Started process (PID=7528) to work on /opt/airflow/dags/dag_pipeline_complet.py
[2026-04-25T22:42:56.771+0000] {processor.py:830} INFO - Processing file /opt/airflow/dags/dag_pipeline_complet.py for tasks to queue
[2026-04-25T22:42:56.781+0000] {logging_mixin.py:188} INFO - [2026-04-25T22:42:56.780+0000] {dagbag.py:545} INFO - Filling up the DagBag from /opt/airflow/dags/dag_pipeline_complet.py
[2026-04-25T22:42:57.011+0000] {processor.py:840} INFO - DAG(s) 'pipeline_job_intelligent_kafka' retrieved from /opt/airflow/dags/dag_pipeline_complet.py
[2026-04-25T22:42:57.608+0000] {logging_mixin.py:188} INFO - [2026-04-25T22:42:57.606+0000] {dag.py:3096} INFO - Sync 1 DAGs
[2026-04-25T22:42:57.654+0000] {logging_mixin.py:188} INFO - [2026-04-25T22:42:57.653+0000] {dag.py:3954} INFO - Setting next_dagrun for pipeline_job_intelligent_kafka to 2026-04-24 06:00:00+00:00, run_after=2026-04-25 06:00:00+00:00
[2026-04-25T22:42:57.698+0000] {processor.py:183} INFO - Processing /opt/airflow/dags/dag_pipeline_complet.py took 0.964 seconds
[2026-04-25T22:43:28.157+0000] {processor.py:161} INFO - Started process (PID=7541) to work on /opt/airflow/dags/dag_pipeline_complet.py
[2026-04-25T22:43:28.159+0000] {processor.py:830} INFO - Processing file /opt/airflow/dags/dag_pipeline_complet.py for tasks to queue
[2026-04-25T22:43:28.165+0000] {logging_mixin.py:188} INFO - [2026-04-25T22:43:28.164+0000] {dagbag.py:545} INFO - Filling up the DagBag from /opt/airflow/dags/dag_pipeline_complet.py
[2026-04-25T22:43:28.313+0000] {processor.py:840} INFO - DAG(s) 'pipeline_job_intelligent_kafka' retrieved from /opt/airflow/dags/dag_pipeline_complet.py
[2026-04-25T22:43:28.473+0000] {logging_mixin.py:188} INFO - [2026-04-25T22:43:28.473+0000] {dag.py:3096} INFO - Sync 1 DAGs
[2026-04-25T22:43:28.567+0000] {logging_mixin.py:188} INFO - [2026-04-25T22:43:28.566+0000] {dag.py:3954} INFO - Setting next_dagrun for pipeline_job_intelligent_kafka to 2026-04-24 06:00:00+00:00, run_after=2026-04-25 06:00:00+00:00
[2026-04-25T22:43:28.681+0000] {processor.py:183} INFO - Processing /opt/airflow/dags/dag_pipeline_complet.py took 0.544 seconds
[2026-04-25T22:43:59.526+0000] {processor.py:161} INFO - Started process (PID=7551) to work on /opt/airflow/dags/dag_pipeline_complet.py
[2026-04-25T22:43:59.528+0000] {processor.py:830} INFO - Processing file /opt/airflow/dags/dag_pipeline_complet.py for tasks to queue
[2026-04-25T22:43:59.531+0000] {logging_mixin.py:188} INFO - [2026-04-25T22:43:59.530+0000] {dagbag.py:545} INFO - Filling up the DagBag from /opt/airflow/dags/dag_pipeline_complet.py
[2026-04-25T22:43:59.575+0000] {processor.py:840} INFO - DAG(s) 'pipeline_job_intelligent_kafka' retrieved from /opt/airflow/dags/dag_pipeline_complet.py
[2026-04-25T22:43:59.776+0000] {logging_mixin.py:188} INFO - [2026-04-25T22:43:59.775+0000] {dag.py:3096} INFO - Sync 1 DAGs
[2026-04-25T22:43:59.872+0000] {logging_mixin.py:188} INFO - [2026-04-25T22:43:59.871+0000] {dag.py:3954} INFO - Setting next_dagrun for pipeline_job_intelligent_kafka to 2026-04-24 06:00:00+00:00, run_after=2026-04-25 06:00:00+00:00
[2026-04-25T22:43:59.939+0000] {processor.py:183} INFO - Processing /opt/airflow/dags/dag_pipeline_complet.py took 0.427 seconds
[2026-04-25T22:44:30.798+0000] {processor.py:161} INFO - Started process (PID=7564) to work on /opt/airflow/dags/dag_pipeline_complet.py
[2026-04-25T22:44:30.801+0000] {processor.py:830} INFO - Processing file /opt/airflow/dags/dag_pipeline_complet.py for tasks to queue
[2026-04-25T22:44:30.806+0000] {logging_mixin.py:188} INFO - [2026-04-25T22:44:30.804+0000] {dagbag.py:545} INFO - Filling up the DagBag from /opt/airflow/dags/dag_pipeline_complet.py
[2026-04-25T22:44:31.063+0000] {processor.py:840} INFO - DAG(s) 'pipeline_job_intelligent_kafka' retrieved from /opt/airflow/dags/dag_pipeline_complet.py
[2026-04-25T22:44:31.201+0000] {logging_mixin.py:188} INFO - [2026-04-25T22:44:31.201+0000] {dag.py:3096} INFO - Sync 1 DAGs
[2026-04-25T22:44:31.316+0000] {logging_mixin.py:188} INFO - [2026-04-25T22:44:31.316+0000] {dag.py:3954} INFO - Setting next_dagrun for pipeline_job_intelligent_kafka to 2026-04-24 06:00:00+00:00, run_after=2026-04-25 06:00:00+00:00
[2026-04-25T22:44:31.572+0000] {processor.py:183} INFO - Processing /opt/airflow/dags/dag_pipeline_complet.py took 0.794 seconds
[2026-04-25T22:45:02.416+0000] {processor.py:161} INFO - Started process (PID=7573) to work on /opt/airflow/dags/dag_pipeline_complet.py
[2026-04-25T22:45:02.419+0000] {processor.py:830} INFO - Processing file /opt/airflow/dags/dag_pipeline_complet.py for tasks to queue
[2026-04-25T22:45:02.422+0000] {logging_mixin.py:188} INFO - [2026-04-25T22:45:02.421+0000] {dagbag.py:545} INFO - Filling up the DagBag from /opt/airflow/dags/dag_pipeline_complet.py
[2026-04-25T22:45:02.478+0000] {processor.py:840} INFO - DAG(s) 'pipeline_job_intelligent_kafka' retrieved from /opt/airflow/dags/dag_pipeline_complet.py
[2026-04-25T22:45:02.561+0000] {logging_mixin.py:188} INFO - [2026-04-25T22:45:02.560+0000] {dag.py:3096} INFO - Sync 1 DAGs
[2026-04-25T22:45:02.638+0000] {logging_mixin.py:188} INFO - [2026-04-25T22:45:02.637+0000] {dag.py:3954} INFO - Setting next_dagrun for pipeline_job_intelligent_kafka to 2026-04-24 06:00:00+00:00, run_after=2026-04-25 06:00:00+00:00
[2026-04-25T22:45:02.709+0000] {processor.py:183} INFO - Processing /opt/airflow/dags/dag_pipeline_complet.py took 0.316 seconds
[2026-04-25T22:45:33.552+0000] {processor.py:161} INFO - Started process (PID=7587) to work on /opt/airflow/dags/dag_pipeline_complet.py
[2026-04-25T22:45:33.554+0000] {processor.py:830} INFO - Processing file /opt/airflow/dags/dag_pipeline_complet.py for tasks to queue
[2026-04-25T22:45:33.556+0000] {logging_mixin.py:188} INFO - [2026-04-25T22:45:33.555+0000] {dagbag.py:545} INFO - Filling up the DagBag from /opt/airflow/dags/dag_pipeline_complet.py
[2026-04-25T22:45:33.608+0000] {processor.py:840} INFO - DAG(s) 'pipeline_job_intelligent_kafka' retrieved from /opt/airflow/dags/dag_pipeline_complet.py
[2026-04-25T22:45:33.733+0000] {logging_mixin.py:188} INFO - [2026-04-25T22:45:33.732+0000] {dag.py:3096} INFO - Sync 1 DAGs
[2026-04-25T22:45:33.813+0000] {logging_mixin.py:188} INFO - [2026-04-25T22:45:33.812+0000] {dag.py:3954} INFO - Setting next_dagrun for pipeline_job_intelligent_kafka to 2026-04-24 06:00:00+00:00, run_after=2026-04-25 06:00:00+00:00
[2026-04-25T22:45:33.876+0000] {processor.py:183} INFO - Processing /opt/airflow/dags/dag_pipeline_complet.py took 0.336 seconds
[2026-04-25T22:46:04.829+0000] {processor.py:161} INFO - Started process (PID=7596) to work on /opt/airflow/dags/dag_pipeline_complet.py
[2026-04-25T22:46:04.831+0000] {processor.py:830} INFO - Processing file /opt/airflow/dags/dag_pipeline_complet.py for tasks to queue
[2026-04-25T22:46:04.833+0000] {logging_mixin.py:188} INFO - [2026-04-25T22:46:04.833+0000] {dagbag.py:545} INFO - Filling up the DagBag from /opt/airflow/dags/dag_pipeline_complet.py
[2026-04-25T22:46:04.911+0000] {processor.py:840} INFO - DAG(s) 'pipeline_job_intelligent_kafka' retrieved from /opt/airflow/dags/dag_pipeline_complet.py
[2026-04-25T22:46:05.037+0000] {logging_mixin.py:188} INFO - [2026-04-25T22:46:05.037+0000] {dag.py:3096} INFO - Sync 1 DAGs
[2026-04-25T22:46:05.116+0000] {logging_mixin.py:188} INFO - [2026-04-25T22:46:05.116+0000] {dag.py:3954} INFO - Setting next_dagrun for pipeline_job_intelligent_kafka to 2026-04-24 06:00:00+00:00, run_after=2026-04-25 06:00:00+00:00
[2026-04-25T22:46:05.183+0000] {processor.py:183} INFO - Processing /opt/airflow/dags/dag_pipeline_complet.py took 0.376 seconds
[2026-04-25T22:46:36.406+0000] {processor.py:161} INFO - Started process (PID=7610) to work on /opt/airflow/dags/dag_pipeline_complet.py
[2026-04-25T22:46:36.411+0000] {processor.py:830} INFO - Processing file /opt/airflow/dags/dag_pipeline_complet.py for tasks to queue
[2026-04-25T22:46:36.427+0000] {logging_mixin.py:188} INFO - [2026-04-25T22:46:36.426+0000] {dagbag.py:545} INFO - Filling up the DagBag from /opt/airflow/dags/dag_pipeline_complet.py
[2026-04-25T22:46:36.711+0000] {processor.py:840} INFO - DAG(s) 'pipeline_job_intelligent_kafka' retrieved from /opt/airflow/dags/dag_pipeline_complet.py
[2026-04-25T22:46:37.022+0000] {logging_mixin.py:188} INFO - [2026-04-25T22:46:37.014+0000] {dag.py:3096} INFO - Sync 1 DAGs
[2026-04-25T22:46:37.373+0000] {logging_mixin.py:188} INFO - [2026-04-25T22:46:37.372+0000] {dag.py:3954} INFO - Setting next_dagrun for pipeline_job_intelligent_kafka to 2026-04-24 06:00:00+00:00, run_after=2026-04-25 06:00:00+00:00
[2026-04-25T22:46:37.548+0000] {processor.py:183} INFO - Processing /opt/airflow/dags/dag_pipeline_complet.py took 1.229 seconds
[2026-04-25T22:47:08.336+0000] {processor.py:161} INFO - Started process (PID=7619) to work on /opt/airflow/dags/dag_pipeline_complet.py
[2026-04-25T22:47:08.339+0000] {processor.py:830} INFO - Processing file /opt/airflow/dags/dag_pipeline_complet.py for tasks to queue
[2026-04-25T22:47:08.342+0000] {logging_mixin.py:188} INFO - [2026-04-25T22:47:08.341+0000] {dagbag.py:545} INFO - Filling up the DagBag from /opt/airflow/dags/dag_pipeline_complet.py
[2026-04-25T22:47:08.417+0000] {processor.py:840} INFO - DAG(s) 'pipeline_job_intelligent_kafka' retrieved from /opt/airflow/dags/dag_pipeline_complet.py
[2026-04-25T22:47:08.551+0000] {logging_mixin.py:188} INFO - [2026-04-25T22:47:08.551+0000] {dag.py:3096} INFO - Sync 1 DAGs
[2026-04-25T22:47:08.602+0000] {logging_mixin.py:188} INFO - [2026-04-25T22:47:08.601+0000] {dag.py:3954} INFO - Setting next_dagrun for pipeline_job_intelligent_kafka to 2026-04-24 06:00:00+00:00, run_after=2026-04-25 06:00:00+00:00
[2026-04-25T22:47:08.658+0000] {processor.py:183} INFO - Processing /opt/airflow/dags/dag_pipeline_complet.py took 0.346 seconds
[2026-04-25T22:47:39.526+0000] {processor.py:161} INFO - Started process (PID=7633) to work on /opt/airflow/dags/dag_pipeline_complet.py
[2026-04-25T22:47:39.529+0000] {processor.py:830} INFO - Processing file /opt/airflow/dags/dag_pipeline_complet.py for tasks to queue
[2026-04-25T22:47:39.532+0000] {logging_mixin.py:188} INFO - [2026-04-25T22:47:39.531+0000] {dagbag.py:545} INFO - Filling up the DagBag from /opt/airflow/dags/dag_pipeline_complet.py
[2026-04-25T22:47:39.593+0000] {processor.py:840} INFO - DAG(s) 'pipeline_job_intelligent_kafka' retrieved from /opt/airflow/dags/dag_pipeline_complet.py
[2026-04-25T22:47:39.701+0000] {logging_mixin.py:188} INFO - [2026-04-25T22:47:39.701+0000] {dag.py:3096} INFO - Sync 1 DAGs
[2026-04-25T22:47:39.816+0000] {logging_mixin.py:188} INFO - [2026-04-25T22:47:39.815+0000] {dag.py:3954} INFO - Setting next_dagrun for pipeline_job_intelligent_kafka to 2026-04-24 06:00:00+00:00, run_after=2026-04-25 06:00:00+00:00
[2026-04-25T22:47:39.883+0000] {processor.py:183} INFO - Processing /opt/airflow/dags/dag_pipeline_complet.py took 0.377 seconds
[2026-04-25T22:48:11.519+0000] {processor.py:161} INFO - Started process (PID=7647) to work on /opt/airflow/dags/dag_pipeline_complet.py
[2026-04-25T22:48:11.524+0000] {processor.py:830} INFO - Processing file /opt/airflow/dags/dag_pipeline_complet.py for tasks to queue
[2026-04-25T22:48:11.529+0000] {logging_mixin.py:188} INFO - [2026-04-25T22:48:11.528+0000] {dagbag.py:545} INFO - Filling up the DagBag from /opt/airflow/dags/dag_pipeline_complet.py
[2026-04-25T22:48:11.584+0000] {processor.py:840} INFO - DAG(s) 'pipeline_job_intelligent_kafka' retrieved from /opt/airflow/dags/dag_pipeline_complet.py
[2026-04-25T22:48:11.790+0000] {logging_mixin.py:188} INFO - [2026-04-25T22:48:11.790+0000] {dag.py:3096} INFO - Sync 1 DAGs
[2026-04-25T22:48:11.870+0000] {logging_mixin.py:188} INFO - [2026-04-25T22:48:11.869+0000] {dag.py:3954} INFO - Setting next_dagrun for pipeline_job_intelligent_kafka to 2026-04-24 06:00:00+00:00, run_after=2026-04-25 06:00:00+00:00
[2026-04-25T22:48:11.964+0000] {processor.py:183} INFO - Processing /opt/airflow/dags/dag_pipeline_complet.py took 0.507 seconds
[2026-04-25T22:48:42.591+0000] {processor.py:161} INFO - Started process (PID=7655) to work on /opt/airflow/dags/dag_pipeline_complet.py
[2026-04-25T22:48:42.594+0000] {processor.py:830} INFO - Processing file /opt/airflow/dags/dag_pipeline_complet.py for tasks to queue
[2026-04-25T22:48:42.597+0000] {logging_mixin.py:188} INFO - [2026-04-25T22:48:42.596+0000] {dagbag.py:545} INFO - Filling up the DagBag from /opt/airflow/dags/dag_pipeline_complet.py
[2026-04-25T22:48:42.652+0000] {processor.py:840} INFO - DAG(s) 'pipeline_job_intelligent_kafka' retrieved from /opt/airflow/dags/dag_pipeline_complet.py
[2026-04-25T22:48:42.726+0000] {logging_mixin.py:188} INFO - [2026-04-25T22:48:42.726+0000] {dag.py:3096} INFO - Sync 1 DAGs
[2026-04-25T22:48:42.789+0000] {logging_mixin.py:188} INFO - [2026-04-25T22:48:42.788+0000] {dag.py:3954} INFO - Setting next_dagrun for pipeline_job_intelligent_kafka to 2026-04-24 06:00:00+00:00, run_after=2026-04-25 06:00:00+00:00
[2026-04-25T22:48:42.847+0000] {processor.py:183} INFO - Processing /opt/airflow/dags/dag_pipeline_complet.py took 0.297 seconds
[2026-04-25T22:49:13.262+0000] {processor.py:161} INFO - Started process (PID=7669) to work on /opt/airflow/dags/dag_pipeline_complet.py
[2026-04-25T22:49:13.266+0000] {processor.py:830} INFO - Processing file /opt/airflow/dags/dag_pipeline_complet.py for tasks to queue
[2026-04-25T22:49:13.277+0000] {logging_mixin.py:188} INFO - [2026-04-25T22:49:13.272+0000] {dagbag.py:545} INFO - Filling up the DagBag from /opt/airflow/dags/dag_pipeline_complet.py
[2026-04-25T22:49:13.344+0000] {processor.py:840} INFO - DAG(s) 'pipeline_job_intelligent_kafka' retrieved from /opt/airflow/dags/dag_pipeline_complet.py
[2026-04-25T22:49:13.413+0000] {logging_mixin.py:188} INFO - [2026-04-25T22:49:13.412+0000] {dag.py:3096} INFO - Sync 1 DAGs
[2026-04-25T22:49:13.464+0000] {logging_mixin.py:188} INFO - [2026-04-25T22:49:13.463+0000] {dag.py:3954} INFO - Setting next_dagrun for pipeline_job_intelligent_kafka to 2026-04-24 06:00:00+00:00, run_after=2026-04-25 06:00:00+00:00
[2026-04-25T22:49:13.541+0000] {processor.py:183} INFO - Processing /opt/airflow/dags/dag_pipeline_complet.py took 0.306 seconds
[2026-04-25T22:49:44.540+0000] {processor.py:161} INFO - Started process (PID=7678) to work on /opt/airflow/dags/dag_pipeline_complet.py
[2026-04-25T22:49:44.571+0000] {processor.py:830} INFO - Processing file /opt/airflow/dags/dag_pipeline_complet.py for tasks to queue
[2026-04-25T22:49:44.603+0000] {logging_mixin.py:188} INFO - [2026-04-25T22:49:44.600+0000] {dagbag.py:545} INFO - Filling up the DagBag from /opt/airflow/dags/dag_pipeline_complet.py
[2026-04-25T22:49:44.761+0000] {processor.py:840} INFO - DAG(s) 'pipeline_job_intelligent_kafka' retrieved from /opt/airflow/dags/dag_pipeline_complet.py
[2026-04-25T22:49:45.104+0000] {logging_mixin.py:188} INFO - [2026-04-25T22:49:45.103+0000] {dag.py:3096} INFO - Sync 1 DAGs
[2026-04-25T22:49:45.336+0000] {logging_mixin.py:188} INFO - [2026-04-25T22:49:45.336+0000] {dag.py:3954} INFO - Setting next_dagrun for pipeline_job_intelligent_kafka to 2026-04-24 06:00:00+00:00, run_after=2026-04-25 06:00:00+00:00
[2026-04-25T22:49:45.590+0000] {processor.py:183} INFO - Processing /opt/airflow/dags/dag_pipeline_complet.py took 1.107 seconds
[2026-04-25T22:50:15.866+0000] {processor.py:161} INFO - Started process (PID=7691) to work on /opt/airflow/dags/dag_pipeline_complet.py
[2026-04-25T22:50:15.869+0000] {processor.py:830} INFO - Processing file /opt/airflow/dags/dag_pipeline_complet.py for tasks to queue
[2026-04-25T22:50:15.872+0000] {logging_mixin.py:188} INFO - [2026-04-25T22:50:15.871+0000] {dagbag.py:545} INFO - Filling up the DagBag from /opt/airflow/dags/dag_pipeline_complet.py
[2026-04-25T22:50:15.992+0000] {processor.py:840} INFO - DAG(s) 'pipeline_job_intelligent_kafka' retrieved from /opt/airflow/dags/dag_pipeline_complet.py
[2026-04-25T22:50:16.160+0000] {logging_mixin.py:188} INFO - [2026-04-25T22:50:16.159+0000] {dag.py:3096} INFO - Sync 1 DAGs
[2026-04-25T22:50:16.236+0000] {logging_mixin.py:188} INFO - [2026-04-25T22:50:16.235+0000] {dag.py:3954} INFO - Setting next_dagrun for pipeline_job_intelligent_kafka to 2026-04-24 06:00:00+00:00, run_after=2026-04-25 06:00:00+00:00
[2026-04-25T22:50:16.352+0000] {processor.py:183} INFO - Processing /opt/airflow/dags/dag_pipeline_complet.py took 0.531 seconds
[2026-04-25T22:50:46.880+0000] {processor.py:161} INFO - Started process (PID=7700) to work on /opt/airflow/dags/dag_pipeline_complet.py
[2026-04-25T22:50:46.891+0000] {processor.py:830} INFO - Processing file /opt/airflow/dags/dag_pipeline_complet.py for tasks to queue
[2026-04-25T22:50:46.902+0000] {logging_mixin.py:188} INFO - [2026-04-25T22:50:46.901+0000] {dagbag.py:545} INFO - Filling up the DagBag from /opt/airflow/dags/dag_pipeline_complet.py
[2026-04-25T22:50:47.007+0000] {processor.py:840} INFO - DAG(s) 'pipeline_job_intelligent_kafka' retrieved from /opt/airflow/dags/dag_pipeline_complet.py
[2026-04-25T22:50:47.229+0000] {logging_mixin.py:188} INFO - [2026-04-25T22:50:47.226+0000] {dag.py:3096} INFO - Sync 1 DAGs
[2026-04-25T22:50:47.562+0000] {logging_mixin.py:188} INFO - [2026-04-25T22:50:47.561+0000] {dag.py:3954} INFO - Setting next_dagrun for pipeline_job_intelligent_kafka to 2026-04-24 06:00:00+00:00, run_after=2026-04-25 06:00:00+00:00
[2026-04-25T22:50:47.737+0000] {processor.py:183} INFO - Processing /opt/airflow/dags/dag_pipeline_complet.py took 0.896 seconds
[2026-04-25T22:51:18.734+0000] {processor.py:161} INFO - Started process (PID=7713) to work on /opt/airflow/dags/dag_pipeline_complet.py
[2026-04-25T22:51:18.737+0000] {processor.py:830} INFO - Processing file /opt/airflow/dags/dag_pipeline_complet.py for tasks to queue
[2026-04-25T22:51:18.739+0000] {logging_mixin.py:188} INFO - [2026-04-25T22:51:18.738+0000] {dagbag.py:545} INFO - Filling up the DagBag from /opt/airflow/dags/dag_pipeline_complet.py
[2026-04-25T22:51:18.823+0000] {processor.py:840} INFO - DAG(s) 'pipeline_job_intelligent_kafka' retrieved from /opt/airflow/dags/dag_pipeline_complet.py
[2026-04-25T22:51:18.932+0000] {logging_mixin.py:188} INFO - [2026-04-25T22:51:18.931+0000] {dag.py:3096} INFO - Sync 1 DAGs
[2026-04-25T22:51:19.051+0000] {logging_mixin.py:188} INFO - [2026-04-25T22:51:19.051+0000] {dag.py:3954} INFO - Setting next_dagrun for pipeline_job_intelligent_kafka to 2026-04-24 06:00:00+00:00, run_after=2026-04-25 06:00:00+00:00
[2026-04-25T22:51:19.147+0000] {processor.py:183} INFO - Processing /opt/airflow/dags/dag_pipeline_complet.py took 0.446 seconds
[2026-04-25T22:51:49.940+0000] {processor.py:161} INFO - Started process (PID=7722) to work on /opt/airflow/dags/dag_pipeline_complet.py
[2026-04-25T22:51:49.951+0000] {processor.py:830} INFO - Processing file /opt/airflow/dags/dag_pipeline_complet.py for tasks to queue
[2026-04-25T22:51:49.964+0000] {logging_mixin.py:188} INFO - [2026-04-25T22:51:49.963+0000] {dagbag.py:545} INFO - Filling up the DagBag from /opt/airflow/dags/dag_pipeline_complet.py
[2026-04-25T22:51:50.078+0000] {processor.py:840} INFO - DAG(s) 'pipeline_job_intelligent_kafka' retrieved from /opt/airflow/dags/dag_pipeline_complet.py
[2026-04-25T22:51:50.321+0000] {logging_mixin.py:188} INFO - [2026-04-25T22:51:50.321+0000] {dag.py:3096} INFO - Sync 1 DAGs
[2026-04-25T22:51:50.478+0000] {logging_mixin.py:188} INFO - [2026-04-25T22:51:50.477+0000] {dag.py:3954} INFO - Setting next_dagrun for pipeline_job_intelligent_kafka to 2026-04-24 06:00:00+00:00, run_after=2026-04-25 06:00:00+00:00
[2026-04-25T22:51:50.538+0000] {processor.py:183} INFO - Processing /opt/airflow/dags/dag_pipeline_complet.py took 0.627 seconds
[2026-04-25T22:52:21.562+0000] {processor.py:161} INFO - Started process (PID=7737) to work on /opt/airflow/dags/dag_pipeline_complet.py
[2026-04-25T22:52:21.570+0000] {processor.py:830} INFO - Processing file /opt/airflow/dags/dag_pipeline_complet.py for tasks to queue
[2026-04-25T22:52:21.572+0000] {logging_mixin.py:188} INFO - [2026-04-25T22:52:21.571+0000] {dagbag.py:545} INFO - Filling up the DagBag from /opt/airflow/dags/dag_pipeline_complet.py
[2026-04-25T22:52:21.694+0000] {processor.py:840} INFO - DAG(s) 'pipeline_job_intelligent_kafka' retrieved from /opt/airflow/dags/dag_pipeline_complet.py
[2026-04-25T22:52:21.920+0000] {logging_mixin.py:188} INFO - [2026-04-25T22:52:21.919+0000] {dag.py:3096} INFO - Sync 1 DAGs
[2026-04-25T22:52:22.012+0000] {logging_mixin.py:188} INFO - [2026-04-25T22:52:22.012+0000] {dag.py:3954} INFO - Setting next_dagrun for pipeline_job_intelligent_kafka to 2026-04-24 06:00:00+00:00, run_after=2026-04-25 06:00:00+00:00
[2026-04-25T22:52:22.115+0000] {processor.py:183} INFO - Processing /opt/airflow/dags/dag_pipeline_complet.py took 0.632 seconds
[2026-04-25T22:52:52.846+0000] {processor.py:161} INFO - Started process (PID=7745) to work on /opt/airflow/dags/dag_pipeline_complet.py
[2026-04-25T22:52:52.862+0000] {processor.py:830} INFO - Processing file /opt/airflow/dags/dag_pipeline_complet.py for tasks to queue
[2026-04-25T22:52:52.879+0000] {logging_mixin.py:188} INFO - [2026-04-25T22:52:52.878+0000] {dagbag.py:545} INFO - Filling up the DagBag from /opt/airflow/dags/dag_pipeline_complet.py
[2026-04-25T22:52:53.040+0000] {processor.py:840} INFO - DAG(s) 'pipeline_job_intelligent_kafka' retrieved from /opt/airflow/dags/dag_pipeline_complet.py
[2026-04-25T22:52:53.294+0000] {logging_mixin.py:188} INFO - [2026-04-25T22:52:53.293+0000] {dag.py:3096} INFO - Sync 1 DAGs
[2026-04-25T22:52:53.436+0000] {logging_mixin.py:188} INFO - [2026-04-25T22:52:53.435+0000] {dag.py:3954} INFO - Setting next_dagrun for pipeline_job_intelligent_kafka to 2026-04-24 06:00:00+00:00, run_after=2026-04-25 06:00:00+00:00
[2026-04-25T22:52:53.512+0000] {processor.py:183} INFO - Processing /opt/airflow/dags/dag_pipeline_complet.py took 0.697 seconds
[2026-04-25T22:53:24.273+0000] {processor.py:161} INFO - Started process (PID=7759) to work on /opt/airflow/dags/dag_pipeline_complet.py
[2026-04-25T22:53:24.275+0000] {processor.py:830} INFO - Processing file /opt/airflow/dags/dag_pipeline_complet.py for tasks to queue
[2026-04-25T22:53:24.277+0000] {logging_mixin.py:188} INFO - [2026-04-25T22:53:24.276+0000] {dagbag.py:545} INFO - Filling up the DagBag from /opt/airflow/dags/dag_pipeline_complet.py
[2026-04-25T22:53:24.322+0000] {processor.py:840} INFO - DAG(s) 'pipeline_job_intelligent_kafka' retrieved from /opt/airflow/dags/dag_pipeline_complet.py
[2026-04-25T22:53:24.396+0000] {logging_mixin.py:188} INFO - [2026-04-25T22:53:24.396+0000] {dag.py:3096} INFO - Sync 1 DAGs
[2026-04-25T22:53:24.450+0000] {logging_mixin.py:188} INFO - [2026-04-25T22:53:24.450+0000] {dag.py:3954} INFO - Setting next_dagrun for pipeline_job_intelligent_kafka to 2026-04-24 06:00:00+00:00, run_after=2026-04-25 06:00:00+00:00
[2026-04-25T22:53:24.526+0000] {processor.py:183} INFO - Processing /opt/airflow/dags/dag_pipeline_complet.py took 0.268 seconds
[2026-04-25T22:53:55.461+0000] {processor.py:161} INFO - Started process (PID=7774) to work on /opt/airflow/dags/dag_pipeline_complet.py
[2026-04-25T22:53:55.463+0000] {processor.py:830} INFO - Processing file /opt/airflow/dags/dag_pipeline_complet.py for tasks to queue
[2026-04-25T22:53:55.465+0000] {logging_mixin.py:188} INFO - [2026-04-25T22:53:55.464+0000] {dagbag.py:545} INFO - Filling up the DagBag from /opt/airflow/dags/dag_pipeline_complet.py
[2026-04-25T22:53:55.602+0000] {processor.py:840} INFO - DAG(s) 'pipeline_job_intelligent_kafka' retrieved from /opt/airflow/dags/dag_pipeline_complet.py
[2026-04-25T22:53:55.850+0000] {logging_mixin.py:188} INFO - [2026-04-25T22:53:55.849+0000] {dag.py:3096} INFO - Sync 1 DAGs
[2026-04-25T22:53:56.089+0000] {logging_mixin.py:188} INFO - [2026-04-25T22:53:56.089+0000] {dag.py:3954} INFO - Setting next_dagrun for pipeline_job_intelligent_kafka to 2026-04-24 06:00:00+00:00, run_after=2026-04-25 06:00:00+00:00
[2026-04-25T22:53:56.210+0000] {processor.py:183} INFO - Processing /opt/airflow/dags/dag_pipeline_complet.py took 0.766 seconds
[2026-04-25T22:54:26.629+0000] {processor.py:161} INFO - Started process (PID=7783) to work on /opt/airflow/dags/dag_pipeline_complet.py
[2026-04-25T22:54:26.630+0000] {processor.py:830} INFO - Processing file /opt/airflow/dags/dag_pipeline_complet.py for tasks to queue
[2026-04-25T22:54:26.633+0000] {logging_mixin.py:188} INFO - [2026-04-25T22:54:26.632+0000] {dagbag.py:545} INFO - Filling up the DagBag from /opt/airflow/dags/dag_pipeline_complet.py
[2026-04-25T22:54:26.677+0000] {processor.py:840} INFO - DAG(s) 'pipeline_job_intelligent_kafka' retrieved from /opt/airflow/dags/dag_pipeline_complet.py
[2026-04-25T22:54:26.836+0000] {logging_mixin.py:188} INFO - [2026-04-25T22:54:26.836+0000] {dag.py:3096} INFO - Sync 1 DAGs
[2026-04-25T22:54:26.951+0000] {logging_mixin.py:188} INFO - [2026-04-25T22:54:26.951+0000] {dag.py:3954} INFO - Setting next_dagrun for pipeline_job_intelligent_kafka to 2026-04-24 06:00:00+00:00, run_after=2026-04-25 06:00:00+00:00
[2026-04-25T22:54:26.999+0000] {processor.py:183} INFO - Processing /opt/airflow/dags/dag_pipeline_complet.py took 0.383 seconds
[2026-04-25T22:54:58.747+0000] {processor.py:161} INFO - Started process (PID=7796) to work on /opt/airflow/dags/dag_pipeline_complet.py
[2026-04-25T22:54:58.758+0000] {processor.py:830} INFO - Processing file /opt/airflow/dags/dag_pipeline_complet.py for tasks to queue
[2026-04-25T22:54:58.762+0000] {logging_mixin.py:188} INFO - [2026-04-25T22:54:58.761+0000] {dagbag.py:545} INFO - Filling up the DagBag from /opt/airflow/dags/dag_pipeline_complet.py
[2026-04-25T22:54:58.980+0000] {processor.py:840} INFO - DAG(s) 'pipeline_job_intelligent_kafka' retrieved from /opt/airflow/dags/dag_pipeline_complet.py
[2026-04-25T22:54:59.342+0000] {logging_mixin.py:188} INFO - [2026-04-25T22:54:59.341+0000] {dag.py:3096} INFO - Sync 1 DAGs
[2026-04-25T22:54:59.648+0000] {logging_mixin.py:188} INFO - [2026-04-25T22:54:59.648+0000] {dag.py:3954} INFO - Setting next_dagrun for pipeline_job_intelligent_kafka to 2026-04-24 06:00:00+00:00, run_after=2026-04-25 06:00:00+00:00
[2026-04-25T22:54:59.822+0000] {processor.py:183} INFO - Processing /opt/airflow/dags/dag_pipeline_complet.py took 1.100 seconds
[2026-04-25T22:55:30.056+0000] {processor.py:161} INFO - Started process (PID=7805) to work on /opt/airflow/dags/dag_pipeline_complet.py
[2026-04-25T22:55:30.058+0000] {processor.py:830} INFO - Processing file /opt/airflow/dags/dag_pipeline_complet.py for tasks to queue
[2026-04-25T22:55:30.060+0000] {logging_mixin.py:188} INFO - [2026-04-25T22:55:30.060+0000] {dagbag.py:545} INFO - Filling up the DagBag from /opt/airflow/dags/dag_pipeline_complet.py
[2026-04-25T22:55:30.114+0000] {processor.py:840} INFO - DAG(s) 'pipeline_job_intelligent_kafka' retrieved from /opt/airflow/dags/dag_pipeline_complet.py
[2026-04-25T22:55:30.295+0000] {logging_mixin.py:188} INFO - [2026-04-25T22:55:30.295+0000] {dag.py:3096} INFO - Sync 1 DAGs
[2026-04-25T22:55:30.433+0000] {logging_mixin.py:188} INFO - [2026-04-25T22:55:30.433+0000] {dag.py:3954} INFO - Setting next_dagrun for pipeline_job_intelligent_kafka to 2026-04-24 06:00:00+00:00, run_after=2026-04-25 06:00:00+00:00
[2026-04-25T22:55:30.494+0000] {processor.py:183} INFO - Processing /opt/airflow/dags/dag_pipeline_complet.py took 0.454 seconds
[2026-04-25T22:56:00.807+0000] {processor.py:161} INFO - Started process (PID=7819) to work on /opt/airflow/dags/dag_pipeline_complet.py
[2026-04-25T22:56:00.821+0000] {processor.py:830} INFO - Processing file /opt/airflow/dags/dag_pipeline_complet.py for tasks to queue
[2026-04-25T22:56:00.838+0000] {logging_mixin.py:188} INFO - [2026-04-25T22:56:00.828+0000] {dagbag.py:545} INFO - Filling up the DagBag from /opt/airflow/dags/dag_pipeline_complet.py
[2026-04-25T22:56:00.921+0000] {processor.py:840} INFO - DAG(s) 'pipeline_job_intelligent_kafka' retrieved from /opt/airflow/dags/dag_pipeline_complet.py
[2026-04-25T22:56:01.036+0000] {logging_mixin.py:188} INFO - [2026-04-25T22:56:01.034+0000] {dag.py:3096} INFO - Sync 1 DAGs
[2026-04-25T22:56:01.125+0000] {logging_mixin.py:188} INFO - [2026-04-25T22:56:01.124+0000] {dag.py:3954} INFO - Setting next_dagrun for pipeline_job_intelligent_kafka to 2026-04-24 06:00:00+00:00, run_after=2026-04-25 06:00:00+00:00
[2026-04-25T22:56:01.176+0000] {processor.py:183} INFO - Processing /opt/airflow/dags/dag_pipeline_complet.py took 0.419 seconds
[2026-04-25T22:56:31.425+0000] {processor.py:161} INFO - Started process (PID=7826) to work on /opt/airflow/dags/dag_pipeline_complet.py
[2026-04-25T22:56:31.428+0000] {processor.py:830} INFO - Processing file /opt/airflow/dags/dag_pipeline_complet.py for tasks to queue
[2026-04-25T22:56:31.436+0000] {logging_mixin.py:188} INFO - [2026-04-25T22:56:31.433+0000] {dagbag.py:545} INFO - Filling up the DagBag from /opt/airflow/dags/dag_pipeline_complet.py
[2026-04-25T22:56:31.571+0000] {processor.py:840} INFO - DAG(s) 'pipeline_job_intelligent_kafka' retrieved from /opt/airflow/dags/dag_pipeline_complet.py
[2026-04-25T22:56:31.809+0000] {logging_mixin.py:188} INFO - [2026-04-25T22:56:31.808+0000] {dag.py:3096} INFO - Sync 1 DAGs
[2026-04-25T22:56:31.993+0000] {logging_mixin.py:188} INFO - [2026-04-25T22:56:31.992+0000] {dag.py:3954} INFO - Setting next_dagrun for pipeline_job_intelligent_kafka to 2026-04-24 06:00:00+00:00, run_after=2026-04-25 06:00:00+00:00
[2026-04-25T22:56:32.128+0000] {processor.py:183} INFO - Processing /opt/airflow/dags/dag_pipeline_complet.py took 0.742 seconds
[2026-04-25T22:57:02.983+0000] {processor.py:161} INFO - Started process (PID=7841) to work on /opt/airflow/dags/dag_pipeline_complet.py
[2026-04-25T22:57:02.994+0000] {processor.py:830} INFO - Processing file /opt/airflow/dags/dag_pipeline_complet.py for tasks to queue
[2026-04-25T22:57:02.997+0000] {logging_mixin.py:188} INFO - [2026-04-25T22:57:02.996+0000] {dagbag.py:545} INFO - Filling up the DagBag from /opt/airflow/dags/dag_pipeline_complet.py
[2026-04-25T22:57:03.080+0000] {processor.py:840} INFO - DAG(s) 'pipeline_job_intelligent_kafka' retrieved from /opt/airflow/dags/dag_pipeline_complet.py
[2026-04-25T22:57:03.194+0000] {logging_mixin.py:188} INFO - [2026-04-25T22:57:03.193+0000] {dag.py:3096} INFO - Sync 1 DAGs
[2026-04-25T22:57:03.252+0000] {logging_mixin.py:188} INFO - [2026-04-25T22:57:03.252+0000] {dag.py:3954} INFO - Setting next_dagrun for pipeline_job_intelligent_kafka to 2026-04-24 06:00:00+00:00, run_after=2026-04-25 06:00:00+00:00
[2026-04-25T22:57:03.309+0000] {processor.py:183} INFO - Processing /opt/airflow/dags/dag_pipeline_complet.py took 0.345 seconds
[2026-04-25T22:57:34.084+0000] {processor.py:161} INFO - Started process (PID=7849) to work on /opt/airflow/dags/dag_pipeline_complet.py
[2026-04-25T22:57:34.096+0000] {processor.py:830} INFO - Processing file /opt/airflow/dags/dag_pipeline_complet.py for tasks to queue
[2026-04-25T22:57:34.099+0000] {logging_mixin.py:188} INFO - [2026-04-25T22:57:34.098+0000] {dagbag.py:545} INFO - Filling up the DagBag from /opt/airflow/dags/dag_pipeline_complet.py
[2026-04-25T22:57:34.227+0000] {processor.py:840} INFO - DAG(s) 'pipeline_job_intelligent_kafka' retrieved from /opt/airflow/dags/dag_pipeline_complet.py
[2026-04-25T22:57:34.445+0000] {logging_mixin.py:188} INFO - [2026-04-25T22:57:34.444+0000] {dag.py:3096} INFO - Sync 1 DAGs
[2026-04-25T22:57:34.529+0000] {logging_mixin.py:188} INFO - [2026-04-25T22:57:34.529+0000] {dag.py:3954} INFO - Setting next_dagrun for pipeline_job_intelligent_kafka to 2026-04-24 06:00:00+00:00, run_after=2026-04-25 06:00:00+00:00
[2026-04-25T22:57:34.652+0000] {processor.py:183} INFO - Processing /opt/airflow/dags/dag_pipeline_complet.py took 0.637 seconds
[2026-04-25T22:58:04.766+0000] {processor.py:161} INFO - Started process (PID=7863) to work on /opt/airflow/dags/dag_pipeline_complet.py
[2026-04-25T22:58:04.768+0000] {processor.py:830} INFO - Processing file /opt/airflow/dags/dag_pipeline_complet.py for tasks to queue
[2026-04-25T22:58:04.770+0000] {logging_mixin.py:188} INFO - [2026-04-25T22:58:04.770+0000] {dagbag.py:545} INFO - Filling up the DagBag from /opt/airflow/dags/dag_pipeline_complet.py
[2026-04-25T22:58:04.823+0000] {processor.py:840} INFO - DAG(s) 'pipeline_job_intelligent_kafka' retrieved from /opt/airflow/dags/dag_pipeline_complet.py
[2026-04-25T22:58:04.990+0000] {logging_mixin.py:188} INFO - [2026-04-25T22:58:04.990+0000] {dag.py:3096} INFO - Sync 1 DAGs
[2026-04-25T22:58:05.067+0000] {logging_mixin.py:188} INFO - [2026-04-25T22:58:05.067+0000] {dag.py:3954} INFO - Setting next_dagrun for pipeline_job_intelligent_kafka to 2026-04-24 06:00:00+00:00, run_after=2026-04-25 06:00:00+00:00
[2026-04-25T22:58:05.180+0000] {processor.py:183} INFO - Processing /opt/airflow/dags/dag_pipeline_complet.py took 0.431 seconds
[2026-04-25T22:58:35.610+0000] {processor.py:161} INFO - Started process (PID=7872) to work on /opt/airflow/dags/dag_pipeline_complet.py
[2026-04-25T22:58:35.612+0000] {processor.py:830} INFO - Processing file /opt/airflow/dags/dag_pipeline_complet.py for tasks to queue
[2026-04-25T22:58:35.615+0000] {logging_mixin.py:188} INFO - [2026-04-25T22:58:35.614+0000] {dagbag.py:545} INFO - Filling up the DagBag from /opt/airflow/dags/dag_pipeline_complet.py
[2026-04-25T22:58:35.805+0000] {processor.py:840} INFO - DAG(s) 'pipeline_job_intelligent_kafka' retrieved from /opt/airflow/dags/dag_pipeline_complet.py
[2026-04-25T22:58:35.972+0000] {logging_mixin.py:188} INFO - [2026-04-25T22:58:35.971+0000] {dag.py:3096} INFO - Sync 1 DAGs
[2026-04-25T22:58:36.142+0000] {logging_mixin.py:188} INFO - [2026-04-25T22:58:36.141+0000] {dag.py:3954} INFO - Setting next_dagrun for pipeline_job_intelligent_kafka to 2026-04-24 06:00:00+00:00, run_after=2026-04-25 06:00:00+00:00
[2026-04-25T22:58:36.269+0000] {processor.py:183} INFO - Processing /opt/airflow/dags/dag_pipeline_complet.py took 0.686 seconds
[2026-04-25T22:59:06.828+0000] {processor.py:161} INFO - Started process (PID=7886) to work on /opt/airflow/dags/dag_pipeline_complet.py
[2026-04-25T22:59:06.830+0000] {processor.py:830} INFO - Processing file /opt/airflow/dags/dag_pipeline_complet.py for tasks to queue
[2026-04-25T22:59:06.833+0000] {logging_mixin.py:188} INFO - [2026-04-25T22:59:06.832+0000] {dagbag.py:545} INFO - Filling up the DagBag from /opt/airflow/dags/dag_pipeline_complet.py
[2026-04-25T22:59:06.970+0000] {processor.py:840} INFO - DAG(s) 'pipeline_job_intelligent_kafka' retrieved from /opt/airflow/dags/dag_pipeline_complet.py
[2026-04-25T22:59:07.114+0000] {logging_mixin.py:188} INFO - [2026-04-25T22:59:07.113+0000] {dag.py:3096} INFO - Sync 1 DAGs
[2026-04-25T22:59:07.166+0000] {logging_mixin.py:188} INFO - [2026-04-25T22:59:07.165+0000] {dag.py:3954} INFO - Setting next_dagrun for pipeline_job_intelligent_kafka to 2026-04-24 06:00:00+00:00, run_after=2026-04-25 06:00:00+00:00
[2026-04-25T22:59:07.244+0000] {processor.py:183} INFO - Processing /opt/airflow/dags/dag_pipeline_complet.py took 0.456 seconds
[2026-04-25T22:59:37.902+0000] {processor.py:161} INFO - Started process (PID=7894) to work on /opt/airflow/dags/dag_pipeline_complet.py
[2026-04-25T22:59:37.905+0000] {processor.py:830} INFO - Processing file /opt/airflow/dags/dag_pipeline_complet.py for tasks to queue
[2026-04-25T22:59:37.920+0000] {logging_mixin.py:188} INFO - [2026-04-25T22:59:37.919+0000] {dagbag.py:545} INFO - Filling up the DagBag from /opt/airflow/dags/dag_pipeline_complet.py
[2026-04-25T22:59:38.011+0000] {processor.py:840} INFO - DAG(s) 'pipeline_job_intelligent_kafka' retrieved from /opt/airflow/dags/dag_pipeline_complet.py
[2026-04-25T22:59:38.157+0000] {logging_mixin.py:188} INFO - [2026-04-25T22:59:38.156+0000] {dag.py:3096} INFO - Sync 1 DAGs
[2026-04-25T22:59:38.290+0000] {logging_mixin.py:188} INFO - [2026-04-25T22:59:38.289+0000] {dag.py:3954} INFO - Setting next_dagrun for pipeline_job_intelligent_kafka to 2026-04-24 06:00:00+00:00, run_after=2026-04-25 06:00:00+00:00
[2026-04-25T22:59:38.376+0000] {processor.py:183} INFO - Processing /opt/airflow/dags/dag_pipeline_complet.py took 0.497 seconds
[2026-04-25T23:00:09.289+0000] {processor.py:161} INFO - Started process (PID=7907) to work on /opt/airflow/dags/dag_pipeline_complet.py
[2026-04-25T23:00:09.294+0000] {processor.py:830} INFO - Processing file /opt/airflow/dags/dag_pipeline_complet.py for tasks to queue
[2026-04-25T23:00:09.308+0000] {logging_mixin.py:188} INFO - [2026-04-25T23:00:09.307+0000] {dagbag.py:545} INFO - Filling up the DagBag from /opt/airflow/dags/dag_pipeline_complet.py
[2026-04-25T23:00:09.729+0000] {processor.py:840} INFO - DAG(s) 'pipeline_job_intelligent_kafka' retrieved from /opt/airflow/dags/dag_pipeline_complet.py
[2026-04-25T23:00:10.345+0000] {logging_mixin.py:188} INFO - [2026-04-25T23:00:10.318+0000] {dag.py:3096} INFO - Sync 1 DAGs
[2026-04-25T23:00:11.021+0000] {logging_mixin.py:188} INFO - [2026-04-25T23:00:11.010+0000] {dag.py:3954} INFO - Setting next_dagrun for pipeline_job_intelligent_kafka to 2026-04-24 06:00:00+00:00, run_after=2026-04-25 06:00:00+00:00
[2026-04-25T23:00:11.554+0000] {processor.py:183} INFO - Processing /opt/airflow/dags/dag_pipeline_complet.py took 2.344 seconds
[2026-04-25T23:00:42.414+0000] {processor.py:161} INFO - Started process (PID=7923) to work on /opt/airflow/dags/dag_pipeline_complet.py
[2026-04-25T23:00:42.456+0000] {processor.py:830} INFO - Processing file /opt/airflow/dags/dag_pipeline_complet.py for tasks to queue
[2026-04-25T23:00:42.471+0000] {logging_mixin.py:188} INFO - [2026-04-25T23:00:42.470+0000] {dagbag.py:545} INFO - Filling up the DagBag from /opt/airflow/dags/dag_pipeline_complet.py
[2026-04-25T23:00:42.797+0000] {processor.py:840} INFO - DAG(s) 'pipeline_job_intelligent_kafka' retrieved from /opt/airflow/dags/dag_pipeline_complet.py
[2026-04-25T23:00:43.105+0000] {logging_mixin.py:188} INFO - [2026-04-25T23:00:43.102+0000] {dag.py:3096} INFO - Sync 1 DAGs
[2026-04-25T23:00:43.398+0000] {logging_mixin.py:188} INFO - [2026-04-25T23:00:43.398+0000] {dag.py:3954} INFO - Setting next_dagrun for pipeline_job_intelligent_kafka to 2026-04-24 06:00:00+00:00, run_after=2026-04-25 06:00:00+00:00
[2026-04-25T23:00:43.674+0000] {processor.py:183} INFO - Processing /opt/airflow/dags/dag_pipeline_complet.py took 1.333 seconds
[2026-04-25T23:01:14.770+0000] {processor.py:161} INFO - Started process (PID=7931) to work on /opt/airflow/dags/dag_pipeline_complet.py
[2026-04-25T23:01:14.775+0000] {processor.py:830} INFO - Processing file /opt/airflow/dags/dag_pipeline_complet.py for tasks to queue
[2026-04-25T23:01:14.782+0000] {logging_mixin.py:188} INFO - [2026-04-25T23:01:14.781+0000] {dagbag.py:545} INFO - Filling up the DagBag from /opt/airflow/dags/dag_pipeline_complet.py
[2026-04-25T23:01:14.835+0000] {processor.py:840} INFO - DAG(s) 'pipeline_job_intelligent_kafka' retrieved from /opt/airflow/dags/dag_pipeline_complet.py
[2026-04-25T23:01:14.904+0000] {logging_mixin.py:188} INFO - [2026-04-25T23:01:14.904+0000] {dag.py:3096} INFO - Sync 1 DAGs
[2026-04-25T23:01:14.947+0000] {logging_mixin.py:188} INFO - [2026-04-25T23:01:14.946+0000] {dag.py:3954} INFO - Setting next_dagrun for pipeline_job_intelligent_kafka to 2026-04-24 06:00:00+00:00, run_after=2026-04-25 06:00:00+00:00
[2026-04-25T23:01:14.986+0000] {processor.py:183} INFO - Processing /opt/airflow/dags/dag_pipeline_complet.py took 0.238 seconds
[2026-04-25T23:01:45.785+0000] {processor.py:161} INFO - Started process (PID=7946) to work on /opt/airflow/dags/dag_pipeline_complet.py
[2026-04-25T23:01:45.790+0000] {processor.py:830} INFO - Processing file /opt/airflow/dags/dag_pipeline_complet.py for tasks to queue
[2026-04-25T23:01:45.795+0000] {logging_mixin.py:188} INFO - [2026-04-25T23:01:45.793+0000] {dagbag.py:545} INFO - Filling up the DagBag from /opt/airflow/dags/dag_pipeline_complet.py
[2026-04-25T23:01:45.885+0000] {processor.py:840} INFO - DAG(s) 'pipeline_job_intelligent_kafka' retrieved from /opt/airflow/dags/dag_pipeline_complet.py
[2026-04-25T23:01:45.983+0000] {logging_mixin.py:188} INFO - [2026-04-25T23:01:45.983+0000] {dag.py:3096} INFO - Sync 1 DAGs
[2026-04-25T23:01:46.032+0000] {logging_mixin.py:188} INFO - [2026-04-25T23:01:46.031+0000] {dag.py:3954} INFO - Setting next_dagrun for pipeline_job_intelligent_kafka to 2026-04-24 06:00:00+00:00, run_after=2026-04-25 06:00:00+00:00
[2026-04-25T23:01:46.079+0000] {processor.py:183} INFO - Processing /opt/airflow/dags/dag_pipeline_complet.py took 0.341 seconds
[2026-04-25T23:02:16.546+0000] {processor.py:161} INFO - Started process (PID=7954) to work on /opt/airflow/dags/dag_pipeline_complet.py
[2026-04-25T23:02:16.549+0000] {processor.py:830} INFO - Processing file /opt/airflow/dags/dag_pipeline_complet.py for tasks to queue
[2026-04-25T23:02:16.556+0000] {logging_mixin.py:188} INFO - [2026-04-25T23:02:16.555+0000] {dagbag.py:545} INFO - Filling up the DagBag from /opt/airflow/dags/dag_pipeline_complet.py
[2026-04-25T23:02:16.806+0000] {processor.py:840} INFO - DAG(s) 'pipeline_job_intelligent_kafka' retrieved from /opt/airflow/dags/dag_pipeline_complet.py
[2026-04-25T23:02:17.089+0000] {logging_mixin.py:188} INFO - [2026-04-25T23:02:17.088+0000] {dag.py:3096} INFO - Sync 1 DAGs
[2026-04-25T23:02:17.322+0000] {logging_mixin.py:188} INFO - [2026-04-25T23:02:17.322+0000] {dag.py:3954} INFO - Setting next_dagrun for pipeline_job_intelligent_kafka to 2026-04-24 06:00:00+00:00, run_after=2026-04-25 06:00:00+00:00
[2026-04-25T23:02:17.482+0000] {processor.py:183} INFO - Processing /opt/airflow/dags/dag_pipeline_complet.py took 0.970 seconds
[2026-04-25T23:02:47.976+0000] {processor.py:161} INFO - Started process (PID=7967) to work on /opt/airflow/dags/dag_pipeline_complet.py
[2026-04-25T23:02:47.979+0000] {processor.py:830} INFO - Processing file /opt/airflow/dags/dag_pipeline_complet.py for tasks to queue
[2026-04-25T23:02:47.985+0000] {logging_mixin.py:188} INFO - [2026-04-25T23:02:47.983+0000] {dagbag.py:545} INFO - Filling up the DagBag from /opt/airflow/dags/dag_pipeline_complet.py
[2026-04-25T23:02:48.124+0000] {processor.py:840} INFO - DAG(s) 'pipeline_job_intelligent_kafka' retrieved from /opt/airflow/dags/dag_pipeline_complet.py
[2026-04-25T23:02:48.304+0000] {logging_mixin.py:188} INFO - [2026-04-25T23:02:48.303+0000] {dag.py:3096} INFO - Sync 1 DAGs
[2026-04-25T23:02:48.511+0000] {logging_mixin.py:188} INFO - [2026-04-25T23:02:48.510+0000] {dag.py:3954} INFO - Setting next_dagrun for pipeline_job_intelligent_kafka to 2026-04-24 06:00:00+00:00, run_after=2026-04-25 06:00:00+00:00
[2026-04-25T23:02:48.604+0000] {processor.py:183} INFO - Processing /opt/airflow/dags/dag_pipeline_complet.py took 0.646 seconds
[2026-04-25T23:03:18.857+0000] {processor.py:161} INFO - Started process (PID=7975) to work on /opt/airflow/dags/dag_pipeline_complet.py
[2026-04-25T23:03:18.862+0000] {processor.py:830} INFO - Processing file /opt/airflow/dags/dag_pipeline_complet.py for tasks to queue
[2026-04-25T23:03:18.881+0000] {logging_mixin.py:188} INFO - [2026-04-25T23:03:18.880+0000] {dagbag.py:545} INFO - Filling up the DagBag from /opt/airflow/dags/dag_pipeline_complet.py
[2026-04-25T23:03:19.004+0000] {processor.py:840} INFO - DAG(s) 'pipeline_job_intelligent_kafka' retrieved from /opt/airflow/dags/dag_pipeline_complet.py
[2026-04-25T23:03:19.124+0000] {logging_mixin.py:188} INFO - [2026-04-25T23:03:19.123+0000] {dag.py:3096} INFO - Sync 1 DAGs
[2026-04-25T23:03:19.199+0000] {logging_mixin.py:188} INFO - [2026-04-25T23:03:19.198+0000] {dag.py:3954} INFO - Setting next_dagrun for pipeline_job_intelligent_kafka to 2026-04-24 06:00:00+00:00, run_after=2026-04-25 06:00:00+00:00
[2026-04-25T23:03:19.273+0000] {processor.py:183} INFO - Processing /opt/airflow/dags/dag_pipeline_complet.py took 0.443 seconds
[2026-04-25T23:03:49.560+0000] {processor.py:161} INFO - Started process (PID=7989) to work on /opt/airflow/dags/dag_pipeline_complet.py
[2026-04-25T23:03:49.568+0000] {processor.py:830} INFO - Processing file /opt/airflow/dags/dag_pipeline_complet.py for tasks to queue
[2026-04-25T23:03:49.573+0000] {logging_mixin.py:188} INFO - [2026-04-25T23:03:49.572+0000] {dagbag.py:545} INFO - Filling up the DagBag from /opt/airflow/dags/dag_pipeline_complet.py
[2026-04-25T23:03:50.543+0000] {processor.py:840} INFO - DAG(s) 'pipeline_job_intelligent_kafka' retrieved from /opt/airflow/dags/dag_pipeline_complet.py
[2026-04-25T23:03:51.091+0000] {logging_mixin.py:188} INFO - [2026-04-25T23:03:51.076+0000] {dag.py:3096} INFO - Sync 1 DAGs
[2026-04-25T23:03:52.200+0000] {logging_mixin.py:188} INFO - [2026-04-25T23:03:52.199+0000] {dag.py:3954} INFO - Setting next_dagrun for pipeline_job_intelligent_kafka to 2026-04-24 06:00:00+00:00, run_after=2026-04-25 06:00:00+00:00
[2026-04-25T23:03:52.688+0000] {processor.py:183} INFO - Processing /opt/airflow/dags/dag_pipeline_complet.py took 3.153 seconds
[2026-04-25T23:04:23.417+0000] {processor.py:161} INFO - Started process (PID=8003) to work on /opt/airflow/dags/dag_pipeline_complet.py
[2026-04-25T23:04:23.434+0000] {processor.py:830} INFO - Processing file /opt/airflow/dags/dag_pipeline_complet.py for tasks to queue
[2026-04-25T23:04:23.439+0000] {logging_mixin.py:188} INFO - [2026-04-25T23:04:23.438+0000] {dagbag.py:545} INFO - Filling up the DagBag from /opt/airflow/dags/dag_pipeline_complet.py
[2026-04-25T23:04:23.740+0000] {processor.py:840} INFO - DAG(s) 'pipeline_job_intelligent_kafka' retrieved from /opt/airflow/dags/dag_pipeline_complet.py
[2026-04-25T23:04:23.915+0000] {logging_mixin.py:188} INFO - [2026-04-25T23:04:23.914+0000] {dag.py:3096} INFO - Sync 1 DAGs
[2026-04-25T23:04:24.101+0000] {logging_mixin.py:188} INFO - [2026-04-25T23:04:24.100+0000] {dag.py:3954} INFO - Setting next_dagrun for pipeline_job_intelligent_kafka to 2026-04-24 06:00:00+00:00, run_after=2026-04-25 06:00:00+00:00
[2026-04-25T23:04:24.178+0000] {processor.py:183} INFO - Processing /opt/airflow/dags/dag_pipeline_complet.py took 0.810 seconds
[2026-04-25T23:04:55.708+0000] {processor.py:161} INFO - Started process (PID=8013) to work on /opt/airflow/dags/dag_pipeline_complet.py
[2026-04-25T23:04:55.718+0000] {processor.py:830} INFO - Processing file /opt/airflow/dags/dag_pipeline_complet.py for tasks to queue
[2026-04-25T23:04:55.741+0000] {logging_mixin.py:188} INFO - [2026-04-25T23:04:55.739+0000] {dagbag.py:545} INFO - Filling up the DagBag from /opt/airflow/dags/dag_pipeline_complet.py
[2026-04-25T23:04:56.359+0000] {processor.py:840} INFO - DAG(s) 'pipeline_job_intelligent_kafka' retrieved from /opt/airflow/dags/dag_pipeline_complet.py
[2026-04-25T23:04:56.937+0000] {logging_mixin.py:188} INFO - [2026-04-25T23:04:56.936+0000] {dag.py:3096} INFO - Sync 1 DAGs
[2026-04-25T23:04:57.220+0000] {logging_mixin.py:188} INFO - [2026-04-25T23:04:57.220+0000] {dag.py:3954} INFO - Setting next_dagrun for pipeline_job_intelligent_kafka to 2026-04-24 06:00:00+00:00, run_after=2026-04-25 06:00:00+00:00
[2026-04-25T23:04:58.199+0000] {processor.py:183} INFO - Processing /opt/airflow/dags/dag_pipeline_complet.py took 2.556 seconds
[2026-04-25T23:05:28.405+0000] {processor.py:161} INFO - Started process (PID=8027) to work on /opt/airflow/dags/dag_pipeline_complet.py
[2026-04-25T23:05:28.412+0000] {processor.py:830} INFO - Processing file /opt/airflow/dags/dag_pipeline_complet.py for tasks to queue
[2026-04-25T23:05:28.416+0000] {logging_mixin.py:188} INFO - [2026-04-25T23:05:28.415+0000] {dagbag.py:545} INFO - Filling up the DagBag from /opt/airflow/dags/dag_pipeline_complet.py
[2026-04-25T23:05:28.500+0000] {processor.py:840} INFO - DAG(s) 'pipeline_job_intelligent_kafka' retrieved from /opt/airflow/dags/dag_pipeline_complet.py
[2026-04-25T23:05:28.664+0000] {logging_mixin.py:188} INFO - [2026-04-25T23:05:28.663+0000] {dag.py:3096} INFO - Sync 1 DAGs
[2026-04-25T23:05:28.760+0000] {logging_mixin.py:188} INFO - [2026-04-25T23:05:28.759+0000] {dag.py:3954} INFO - Setting next_dagrun for pipeline_job_intelligent_kafka to 2026-04-24 06:00:00+00:00, run_after=2026-04-25 06:00:00+00:00
[2026-04-25T23:05:28.951+0000] {processor.py:183} INFO - Processing /opt/airflow/dags/dag_pipeline_complet.py took 0.585 seconds
[2026-04-25T23:05:59.743+0000] {processor.py:161} INFO - Started process (PID=8036) to work on /opt/airflow/dags/dag_pipeline_complet.py
[2026-04-25T23:05:59.745+0000] {processor.py:830} INFO - Processing file /opt/airflow/dags/dag_pipeline_complet.py for tasks to queue
[2026-04-25T23:05:59.747+0000] {logging_mixin.py:188} INFO - [2026-04-25T23:05:59.746+0000] {dagbag.py:545} INFO - Filling up the DagBag from /opt/airflow/dags/dag_pipeline_complet.py
[2026-04-25T23:05:59.827+0000] {processor.py:840} INFO - DAG(s) 'pipeline_job_intelligent_kafka' retrieved from /opt/airflow/dags/dag_pipeline_complet.py
[2026-04-25T23:05:59.897+0000] {logging_mixin.py:188} INFO - [2026-04-25T23:05:59.897+0000] {dag.py:3096} INFO - Sync 1 DAGs
[2026-04-25T23:05:59.958+0000] {logging_mixin.py:188} INFO - [2026-04-25T23:05:59.957+0000] {dag.py:3954} INFO - Setting next_dagrun for pipeline_job_intelligent_kafka to 2026-04-24 06:00:00+00:00, run_after=2026-04-25 06:00:00+00:00
[2026-04-25T23:06:00.013+0000] {processor.py:183} INFO - Processing /opt/airflow/dags/dag_pipeline_complet.py took 0.287 seconds
[2026-04-25T23:06:30.660+0000] {processor.py:161} INFO - Started process (PID=8051) to work on /opt/airflow/dags/dag_pipeline_complet.py
[2026-04-25T23:06:30.670+0000] {processor.py:830} INFO - Processing file /opt/airflow/dags/dag_pipeline_complet.py for tasks to queue
[2026-04-25T23:06:30.675+0000] {logging_mixin.py:188} INFO - [2026-04-25T23:06:30.674+0000] {dagbag.py:545} INFO - Filling up the DagBag from /opt/airflow/dags/dag_pipeline_complet.py
[2026-04-25T23:06:30.794+0000] {processor.py:840} INFO - DAG(s) 'pipeline_job_intelligent_kafka' retrieved from /opt/airflow/dags/dag_pipeline_complet.py
[2026-04-25T23:06:30.974+0000] {logging_mixin.py:188} INFO - [2026-04-25T23:06:30.973+0000] {dag.py:3096} INFO - Sync 1 DAGs
[2026-04-25T23:06:31.056+0000] {logging_mixin.py:188} INFO - [2026-04-25T23:06:31.056+0000] {dag.py:3954} INFO - Setting next_dagrun for pipeline_job_intelligent_kafka to 2026-04-24 06:00:00+00:00, run_after=2026-04-25 06:00:00+00:00
[2026-04-25T23:06:31.130+0000] {processor.py:183} INFO - Processing /opt/airflow/dags/dag_pipeline_complet.py took 0.487 seconds
[2026-04-25T23:07:01.824+0000] {processor.py:161} INFO - Started process (PID=8059) to work on /opt/airflow/dags/dag_pipeline_complet.py
[2026-04-25T23:07:01.826+0000] {processor.py:830} INFO - Processing file /opt/airflow/dags/dag_pipeline_complet.py for tasks to queue
[2026-04-25T23:07:01.829+0000] {logging_mixin.py:188} INFO - [2026-04-25T23:07:01.828+0000] {dagbag.py:545} INFO - Filling up the DagBag from /opt/airflow/dags/dag_pipeline_complet.py
[2026-04-25T23:07:01.907+0000] {processor.py:840} INFO - DAG(s) 'pipeline_job_intelligent_kafka' retrieved from /opt/airflow/dags/dag_pipeline_complet.py
[2026-04-25T23:07:02.009+0000] {logging_mixin.py:188} INFO - [2026-04-25T23:07:02.009+0000] {dag.py:3096} INFO - Sync 1 DAGs
[2026-04-25T23:07:02.068+0000] {logging_mixin.py:188} INFO - [2026-04-25T23:07:02.068+0000] {dag.py:3954} INFO - Setting next_dagrun for pipeline_job_intelligent_kafka to 2026-04-24 06:00:00+00:00, run_after=2026-04-25 06:00:00+00:00
[2026-04-25T23:07:02.417+0000] {processor.py:183} INFO - Processing /opt/airflow/dags/dag_pipeline_complet.py took 0.613 seconds
[2026-04-25T23:07:33.478+0000] {processor.py:161} INFO - Started process (PID=8073) to work on /opt/airflow/dags/dag_pipeline_complet.py
[2026-04-25T23:07:33.480+0000] {processor.py:830} INFO - Processing file /opt/airflow/dags/dag_pipeline_complet.py for tasks to queue
[2026-04-25T23:07:33.482+0000] {logging_mixin.py:188} INFO - [2026-04-25T23:07:33.481+0000] {dagbag.py:545} INFO - Filling up the DagBag from /opt/airflow/dags/dag_pipeline_complet.py
[2026-04-25T23:07:33.556+0000] {processor.py:840} INFO - DAG(s) 'pipeline_job_intelligent_kafka' retrieved from /opt/airflow/dags/dag_pipeline_complet.py
[2026-04-25T23:07:33.827+0000] {logging_mixin.py:188} INFO - [2026-04-25T23:07:33.826+0000] {dag.py:3096} INFO - Sync 1 DAGs
[2026-04-25T23:07:34.012+0000] {logging_mixin.py:188} INFO - [2026-04-25T23:07:34.000+0000] {dag.py:3954} INFO - Setting next_dagrun for pipeline_job_intelligent_kafka to 2026-04-24 06:00:00+00:00, run_after=2026-04-25 06:00:00+00:00
[2026-04-25T23:07:34.502+0000] {processor.py:183} INFO - Processing /opt/airflow/dags/dag_pipeline_complet.py took 1.044 seconds
[2026-04-25T23:08:04.953+0000] {processor.py:161} INFO - Started process (PID=8087) to work on /opt/airflow/dags/dag_pipeline_complet.py
[2026-04-25T23:08:04.955+0000] {processor.py:830} INFO - Processing file /opt/airflow/dags/dag_pipeline_complet.py for tasks to queue
[2026-04-25T23:08:04.959+0000] {logging_mixin.py:188} INFO - [2026-04-25T23:08:04.958+0000] {dagbag.py:545} INFO - Filling up the DagBag from /opt/airflow/dags/dag_pipeline_complet.py
[2026-04-25T23:08:05.016+0000] {processor.py:840} INFO - DAG(s) 'pipeline_job_intelligent_kafka' retrieved from /opt/airflow/dags/dag_pipeline_complet.py
[2026-04-25T23:08:05.152+0000] {logging_mixin.py:188} INFO - [2026-04-25T23:08:05.141+0000] {dag.py:3096} INFO - Sync 1 DAGs
[2026-04-25T23:08:05.248+0000] {logging_mixin.py:188} INFO - [2026-04-25T23:08:05.247+0000] {dag.py:3954} INFO - Setting next_dagrun for pipeline_job_intelligent_kafka to 2026-04-24 06:00:00+00:00, run_after=2026-04-25 06:00:00+00:00
[2026-04-25T23:08:05.314+0000] {processor.py:183} INFO - Processing /opt/airflow/dags/dag_pipeline_complet.py took 0.384 seconds
[2026-04-25T23:08:35.899+0000] {processor.py:161} INFO - Started process (PID=8094) to work on /opt/airflow/dags/dag_pipeline_complet.py
[2026-04-25T23:08:35.910+0000] {processor.py:830} INFO - Processing file /opt/airflow/dags/dag_pipeline_complet.py for tasks to queue
[2026-04-25T23:08:35.917+0000] {logging_mixin.py:188} INFO - [2026-04-25T23:08:35.916+0000] {dagbag.py:545} INFO - Filling up the DagBag from /opt/airflow/dags/dag_pipeline_complet.py
[2026-04-25T23:08:36.984+0000] {processor.py:840} INFO - DAG(s) 'pipeline_job_intelligent_kafka' retrieved from /opt/airflow/dags/dag_pipeline_complet.py
[2026-04-25T23:08:37.400+0000] {logging_mixin.py:188} INFO - [2026-04-25T23:08:37.399+0000] {dag.py:3096} INFO - Sync 1 DAGs
[2026-04-25T23:08:37.863+0000] {logging_mixin.py:188} INFO - [2026-04-25T23:08:37.863+0000] {dag.py:3954} INFO - Setting next_dagrun for pipeline_job_intelligent_kafka to 2026-04-24 06:00:00+00:00, run_after=2026-04-25 06:00:00+00:00
[2026-04-25T23:08:38.443+0000] {processor.py:183} INFO - Processing /opt/airflow/dags/dag_pipeline_complet.py took 2.593 seconds
[2026-04-25T23:09:08.734+0000] {processor.py:161} INFO - Started process (PID=8108) to work on /opt/airflow/dags/dag_pipeline_complet.py
[2026-04-25T23:09:08.738+0000] {processor.py:830} INFO - Processing file /opt/airflow/dags/dag_pipeline_complet.py for tasks to queue
[2026-04-25T23:09:08.748+0000] {logging_mixin.py:188} INFO - [2026-04-25T23:09:08.747+0000] {dagbag.py:545} INFO - Filling up the DagBag from /opt/airflow/dags/dag_pipeline_complet.py
[2026-04-25T23:09:08.838+0000] {processor.py:840} INFO - DAG(s) 'pipeline_job_intelligent_kafka' retrieved from /opt/airflow/dags/dag_pipeline_complet.py
[2026-04-25T23:09:09.005+0000] {logging_mixin.py:188} INFO - [2026-04-25T23:09:09.001+0000] {dag.py:3096} INFO - Sync 1 DAGs
[2026-04-25T23:09:09.097+0000] {logging_mixin.py:188} INFO - [2026-04-25T23:09:09.096+0000] {dag.py:3954} INFO - Setting next_dagrun for pipeline_job_intelligent_kafka to 2026-04-24 06:00:00+00:00, run_after=2026-04-25 06:00:00+00:00
[2026-04-25T23:09:09.456+0000] {processor.py:183} INFO - Processing /opt/airflow/dags/dag_pipeline_complet.py took 0.736 seconds
[2026-04-25T23:09:39.906+0000] {processor.py:161} INFO - Started process (PID=8116) to work on /opt/airflow/dags/dag_pipeline_complet.py
[2026-04-25T23:09:39.908+0000] {processor.py:830} INFO - Processing file /opt/airflow/dags/dag_pipeline_complet.py for tasks to queue
[2026-04-25T23:09:39.910+0000] {logging_mixin.py:188} INFO - [2026-04-25T23:09:39.909+0000] {dagbag.py:545} INFO - Filling up the DagBag from /opt/airflow/dags/dag_pipeline_complet.py
[2026-04-25T23:09:39.949+0000] {processor.py:840} INFO - DAG(s) 'pipeline_job_intelligent_kafka' retrieved from /opt/airflow/dags/dag_pipeline_complet.py
[2026-04-25T23:09:40.018+0000] {logging_mixin.py:188} INFO - [2026-04-25T23:09:40.018+0000] {dag.py:3096} INFO - Sync 1 DAGs
[2026-04-25T23:09:40.098+0000] {logging_mixin.py:188} INFO - [2026-04-25T23:09:40.088+0000] {dag.py:3954} INFO - Setting next_dagrun for pipeline_job_intelligent_kafka to 2026-04-24 06:00:00+00:00, run_after=2026-04-25 06:00:00+00:00
[2026-04-25T23:09:40.173+0000] {processor.py:183} INFO - Processing /opt/airflow/dags/dag_pipeline_complet.py took 0.281 seconds
[2026-04-25T23:10:10.283+0000] {processor.py:161} INFO - Started process (PID=8130) to work on /opt/airflow/dags/dag_pipeline_complet.py
[2026-04-25T23:10:10.284+0000] {processor.py:830} INFO - Processing file /opt/airflow/dags/dag_pipeline_complet.py for tasks to queue
[2026-04-25T23:10:10.286+0000] {logging_mixin.py:188} INFO - [2026-04-25T23:10:10.285+0000] {dagbag.py:545} INFO - Filling up the DagBag from /opt/airflow/dags/dag_pipeline_complet.py
[2026-04-25T23:10:10.318+0000] {processor.py:840} INFO - DAG(s) 'pipeline_job_intelligent_kafka' retrieved from /opt/airflow/dags/dag_pipeline_complet.py
[2026-04-25T23:10:10.380+0000] {logging_mixin.py:188} INFO - [2026-04-25T23:10:10.380+0000] {dag.py:3096} INFO - Sync 1 DAGs
[2026-04-25T23:10:10.451+0000] {logging_mixin.py:188} INFO - [2026-04-25T23:10:10.450+0000] {dag.py:3954} INFO - Setting next_dagrun for pipeline_job_intelligent_kafka to 2026-04-24 06:00:00+00:00, run_after=2026-04-25 06:00:00+00:00
[2026-04-25T23:10:10.520+0000] {processor.py:183} INFO - Processing /opt/airflow/dags/dag_pipeline_complet.py took 0.249 seconds
[2026-04-25T23:10:41.229+0000] {processor.py:161} INFO - Started process (PID=8137) to work on /opt/airflow/dags/dag_pipeline_complet.py
[2026-04-25T23:10:41.231+0000] {processor.py:830} INFO - Processing file /opt/airflow/dags/dag_pipeline_complet.py for tasks to queue
[2026-04-25T23:10:41.234+0000] {logging_mixin.py:188} INFO - [2026-04-25T23:10:41.233+0000] {dagbag.py:545} INFO - Filling up the DagBag from /opt/airflow/dags/dag_pipeline_complet.py
[2026-04-25T23:10:41.286+0000] {processor.py:840} INFO - DAG(s) 'pipeline_job_intelligent_kafka' retrieved from /opt/airflow/dags/dag_pipeline_complet.py
[2026-04-25T23:10:41.367+0000] {logging_mixin.py:188} INFO - [2026-04-25T23:10:41.366+0000] {dag.py:3096} INFO - Sync 1 DAGs
[2026-04-25T23:10:41.524+0000] {logging_mixin.py:188} INFO - [2026-04-25T23:10:41.523+0000] {dag.py:3954} INFO - Setting next_dagrun for pipeline_job_intelligent_kafka to 2026-04-24 06:00:00+00:00, run_after=2026-04-25 06:00:00+00:00
[2026-04-25T23:10:41.590+0000] {processor.py:183} INFO - Processing /opt/airflow/dags/dag_pipeline_complet.py took 0.379 seconds
[2026-04-25T23:11:11.669+0000] {processor.py:161} INFO - Started process (PID=8152) to work on /opt/airflow/dags/dag_pipeline_complet.py
[2026-04-25T23:11:11.671+0000] {processor.py:830} INFO - Processing file /opt/airflow/dags/dag_pipeline_complet.py for tasks to queue
[2026-04-25T23:11:11.673+0000] {logging_mixin.py:188} INFO - [2026-04-25T23:11:11.672+0000] {dagbag.py:545} INFO - Filling up the DagBag from /opt/airflow/dags/dag_pipeline_complet.py
[2026-04-25T23:11:11.735+0000] {processor.py:840} INFO - DAG(s) 'pipeline_job_intelligent_kafka' retrieved from /opt/airflow/dags/dag_pipeline_complet.py
[2026-04-25T23:11:11.856+0000] {logging_mixin.py:188} INFO - [2026-04-25T23:11:11.856+0000] {dag.py:3096} INFO - Sync 1 DAGs
[2026-04-25T23:11:11.928+0000] {logging_mixin.py:188} INFO - [2026-04-25T23:11:11.927+0000] {dag.py:3954} INFO - Setting next_dagrun for pipeline_job_intelligent_kafka to 2026-04-24 06:00:00+00:00, run_after=2026-04-25 06:00:00+00:00
[2026-04-25T23:11:12.030+0000] {processor.py:183} INFO - Processing /opt/airflow/dags/dag_pipeline_complet.py took 0.373 seconds
[2026-04-25T23:11:42.828+0000] {processor.py:161} INFO - Started process (PID=8161) to work on /opt/airflow/dags/dag_pipeline_complet.py
[2026-04-25T23:11:42.830+0000] {processor.py:830} INFO - Processing file /opt/airflow/dags/dag_pipeline_complet.py for tasks to queue
[2026-04-25T23:11:42.832+0000] {logging_mixin.py:188} INFO - [2026-04-25T23:11:42.832+0000] {dagbag.py:545} INFO - Filling up the DagBag from /opt/airflow/dags/dag_pipeline_complet.py
[2026-04-25T23:11:42.870+0000] {processor.py:840} INFO - DAG(s) 'pipeline_job_intelligent_kafka' retrieved from /opt/airflow/dags/dag_pipeline_complet.py
[2026-04-25T23:11:42.934+0000] {logging_mixin.py:188} INFO - [2026-04-25T23:11:42.934+0000] {dag.py:3096} INFO - Sync 1 DAGs
[2026-04-25T23:11:43.000+0000] {logging_mixin.py:188} INFO - [2026-04-25T23:11:42.999+0000] {dag.py:3954} INFO - Setting next_dagrun for pipeline_job_intelligent_kafka to 2026-04-24 06:00:00+00:00, run_after=2026-04-25 06:00:00+00:00
[2026-04-25T23:11:43.067+0000] {processor.py:183} INFO - Processing /opt/airflow/dags/dag_pipeline_complet.py took 0.259 seconds
[2026-04-25T23:12:13.765+0000] {processor.py:161} INFO - Started process (PID=8176) to work on /opt/airflow/dags/dag_pipeline_complet.py
[2026-04-25T23:12:13.773+0000] {processor.py:830} INFO - Processing file /opt/airflow/dags/dag_pipeline_complet.py for tasks to queue
[2026-04-25T23:12:13.780+0000] {logging_mixin.py:188} INFO - [2026-04-25T23:12:13.776+0000] {dagbag.py:545} INFO - Filling up the DagBag from /opt/airflow/dags/dag_pipeline_complet.py
[2026-04-25T23:12:13.958+0000] {processor.py:840} INFO - DAG(s) 'pipeline_job_intelligent_kafka' retrieved from /opt/airflow/dags/dag_pipeline_complet.py
[2026-04-25T23:12:14.055+0000] {logging_mixin.py:188} INFO - [2026-04-25T23:12:14.054+0000] {dag.py:3096} INFO - Sync 1 DAGs
[2026-04-25T23:12:14.111+0000] {logging_mixin.py:188} INFO - [2026-04-25T23:12:14.110+0000] {dag.py:3954} INFO - Setting next_dagrun for pipeline_job_intelligent_kafka to 2026-04-24 06:00:00+00:00, run_after=2026-04-25 06:00:00+00:00
[2026-04-25T23:12:14.158+0000] {processor.py:183} INFO - Processing /opt/airflow/dags/dag_pipeline_complet.py took 0.411 seconds
[2026-04-25T23:12:44.623+0000] {processor.py:161} INFO - Started process (PID=8183) to work on /opt/airflow/dags/dag_pipeline_complet.py
[2026-04-25T23:12:44.639+0000] {processor.py:830} INFO - Processing file /opt/airflow/dags/dag_pipeline_complet.py for tasks to queue
[2026-04-25T23:12:44.648+0000] {logging_mixin.py:188} INFO - [2026-04-25T23:12:44.642+0000] {dagbag.py:545} INFO - Filling up the DagBag from /opt/airflow/dags/dag_pipeline_complet.py
[2026-04-25T23:12:44.744+0000] {processor.py:840} INFO - DAG(s) 'pipeline_job_intelligent_kafka' retrieved from /opt/airflow/dags/dag_pipeline_complet.py
[2026-04-25T23:12:45.274+0000] {logging_mixin.py:188} INFO - [2026-04-25T23:12:45.273+0000] {dag.py:3096} INFO - Sync 1 DAGs
[2026-04-25T23:12:45.454+0000] {logging_mixin.py:188} INFO - [2026-04-25T23:12:45.453+0000] {dag.py:3954} INFO - Setting next_dagrun for pipeline_job_intelligent_kafka to 2026-04-24 06:00:00+00:00, run_after=2026-04-25 06:00:00+00:00
[2026-04-25T23:12:45.536+0000] {processor.py:183} INFO - Processing /opt/airflow/dags/dag_pipeline_complet.py took 0.953 seconds
[2026-04-25T23:13:16.313+0000] {processor.py:161} INFO - Started process (PID=8196) to work on /opt/airflow/dags/dag_pipeline_complet.py
[2026-04-25T23:13:16.318+0000] {processor.py:830} INFO - Processing file /opt/airflow/dags/dag_pipeline_complet.py for tasks to queue
[2026-04-25T23:13:16.321+0000] {logging_mixin.py:188} INFO - [2026-04-25T23:13:16.320+0000] {dagbag.py:545} INFO - Filling up the DagBag from /opt/airflow/dags/dag_pipeline_complet.py
[2026-04-25T23:13:16.553+0000] {processor.py:840} INFO - DAG(s) 'pipeline_job_intelligent_kafka' retrieved from /opt/airflow/dags/dag_pipeline_complet.py
[2026-04-25T23:13:16.736+0000] {logging_mixin.py:188} INFO - [2026-04-25T23:13:16.735+0000] {dag.py:3096} INFO - Sync 1 DAGs
[2026-04-25T23:13:16.839+0000] {logging_mixin.py:188} INFO - [2026-04-25T23:13:16.838+0000] {dag.py:3954} INFO - Setting next_dagrun for pipeline_job_intelligent_kafka to 2026-04-24 06:00:00+00:00, run_after=2026-04-25 06:00:00+00:00
[2026-04-25T23:13:17.042+0000] {processor.py:183} INFO - Processing /opt/airflow/dags/dag_pipeline_complet.py took 0.827 seconds
[2026-04-25T23:13:47.751+0000] {processor.py:161} INFO - Started process (PID=8204) to work on /opt/airflow/dags/dag_pipeline_complet.py
[2026-04-25T23:13:47.765+0000] {processor.py:830} INFO - Processing file /opt/airflow/dags/dag_pipeline_complet.py for tasks to queue
[2026-04-25T23:13:47.777+0000] {logging_mixin.py:188} INFO - [2026-04-25T23:13:47.776+0000] {dagbag.py:545} INFO - Filling up the DagBag from /opt/airflow/dags/dag_pipeline_complet.py
[2026-04-25T23:13:47.889+0000] {processor.py:840} INFO - DAG(s) 'pipeline_job_intelligent_kafka' retrieved from /opt/airflow/dags/dag_pipeline_complet.py
[2026-04-25T23:13:48.105+0000] {logging_mixin.py:188} INFO - [2026-04-25T23:13:48.104+0000] {dag.py:3096} INFO - Sync 1 DAGs
[2026-04-25T23:13:49.076+0000] {logging_mixin.py:188} INFO - [2026-04-25T23:13:49.076+0000] {dag.py:3954} INFO - Setting next_dagrun for pipeline_job_intelligent_kafka to 2026-04-24 06:00:00+00:00, run_after=2026-04-25 06:00:00+00:00
[2026-04-25T23:13:49.258+0000] {processor.py:183} INFO - Processing /opt/airflow/dags/dag_pipeline_complet.py took 1.574 seconds
[2026-04-25T23:14:20.083+0000] {processor.py:161} INFO - Started process (PID=8217) to work on /opt/airflow/dags/dag_pipeline_complet.py
[2026-04-25T23:14:20.084+0000] {processor.py:830} INFO - Processing file /opt/airflow/dags/dag_pipeline_complet.py for tasks to queue
[2026-04-25T23:14:20.087+0000] {logging_mixin.py:188} INFO - [2026-04-25T23:14:20.086+0000] {dagbag.py:545} INFO - Filling up the DagBag from /opt/airflow/dags/dag_pipeline_complet.py
[2026-04-25T23:14:20.139+0000] {processor.py:840} INFO - DAG(s) 'pipeline_job_intelligent_kafka' retrieved from /opt/airflow/dags/dag_pipeline_complet.py
[2026-04-25T23:14:20.209+0000] {logging_mixin.py:188} INFO - [2026-04-25T23:14:20.209+0000] {dag.py:3096} INFO - Sync 1 DAGs
[2026-04-25T23:14:20.276+0000] {logging_mixin.py:188} INFO - [2026-04-25T23:14:20.275+0000] {dag.py:3954} INFO - Setting next_dagrun for pipeline_job_intelligent_kafka to 2026-04-24 06:00:00+00:00, run_after=2026-04-25 06:00:00+00:00
[2026-04-25T23:14:20.368+0000] {processor.py:183} INFO - Processing /opt/airflow/dags/dag_pipeline_complet.py took 0.298 seconds
[2026-04-25T23:14:51.090+0000] {processor.py:161} INFO - Started process (PID=8231) to work on /opt/airflow/dags/dag_pipeline_complet.py
[2026-04-25T23:14:51.093+0000] {processor.py:830} INFO - Processing file /opt/airflow/dags/dag_pipeline_complet.py for tasks to queue
[2026-04-25T23:14:51.096+0000] {logging_mixin.py:188} INFO - [2026-04-25T23:14:51.095+0000] {dagbag.py:545} INFO - Filling up the DagBag from /opt/airflow/dags/dag_pipeline_complet.py
[2026-04-25T23:14:51.152+0000] {processor.py:840} INFO - DAG(s) 'pipeline_job_intelligent_kafka' retrieved from /opt/airflow/dags/dag_pipeline_complet.py
[2026-04-25T23:14:51.254+0000] {logging_mixin.py:188} INFO - [2026-04-25T23:14:51.253+0000] {dag.py:3096} INFO - Sync 1 DAGs
[2026-04-25T23:14:51.323+0000] {logging_mixin.py:188} INFO - [2026-04-25T23:14:51.322+0000] {dag.py:3954} INFO - Setting next_dagrun for pipeline_job_intelligent_kafka to 2026-04-24 06:00:00+00:00, run_after=2026-04-25 06:00:00+00:00
[2026-04-25T23:14:51.356+0000] {processor.py:183} INFO - Processing /opt/airflow/dags/dag_pipeline_complet.py took 0.287 seconds
[2026-04-25T23:15:21.815+0000] {processor.py:161} INFO - Started process (PID=8238) to work on /opt/airflow/dags/dag_pipeline_complet.py
[2026-04-25T23:15:21.817+0000] {processor.py:830} INFO - Processing file /opt/airflow/dags/dag_pipeline_complet.py for tasks to queue
[2026-04-25T23:15:21.819+0000] {logging_mixin.py:188} INFO - [2026-04-25T23:15:21.818+0000] {dagbag.py:545} INFO - Filling up the DagBag from /opt/airflow/dags/dag_pipeline_complet.py
[2026-04-25T23:15:21.876+0000] {processor.py:840} INFO - DAG(s) 'pipeline_job_intelligent_kafka' retrieved from /opt/airflow/dags/dag_pipeline_complet.py
[2026-04-25T23:15:21.940+0000] {logging_mixin.py:188} INFO - [2026-04-25T23:15:21.940+0000] {dag.py:3096} INFO - Sync 1 DAGs
[2026-04-25T23:15:21.979+0000] {logging_mixin.py:188} INFO - [2026-04-25T23:15:21.979+0000] {dag.py:3954} INFO - Setting next_dagrun for pipeline_job_intelligent_kafka to 2026-04-24 06:00:00+00:00, run_after=2026-04-25 06:00:00+00:00
[2026-04-25T23:15:22.017+0000] {processor.py:183} INFO - Processing /opt/airflow/dags/dag_pipeline_complet.py took 0.224 seconds
[2026-04-25T23:15:52.255+0000] {processor.py:161} INFO - Started process (PID=8251) to work on /opt/airflow/dags/dag_pipeline_complet.py
[2026-04-25T23:15:52.257+0000] {processor.py:830} INFO - Processing file /opt/airflow/dags/dag_pipeline_complet.py for tasks to queue
[2026-04-25T23:15:52.259+0000] {logging_mixin.py:188} INFO - [2026-04-25T23:15:52.259+0000] {dagbag.py:545} INFO - Filling up the DagBag from /opt/airflow/dags/dag_pipeline_complet.py
[2026-04-25T23:15:52.308+0000] {processor.py:840} INFO - DAG(s) 'pipeline_job_intelligent_kafka' retrieved from /opt/airflow/dags/dag_pipeline_complet.py
[2026-04-25T23:15:52.363+0000] {logging_mixin.py:188} INFO - [2026-04-25T23:15:52.363+0000] {dag.py:3096} INFO - Sync 1 DAGs
[2026-04-25T23:15:52.432+0000] {logging_mixin.py:188} INFO - [2026-04-25T23:15:52.431+0000] {dag.py:3954} INFO - Setting next_dagrun for pipeline_job_intelligent_kafka to 2026-04-24 06:00:00+00:00, run_after=2026-04-25 06:00:00+00:00
[2026-04-25T23:15:52.746+0000] {processor.py:183} INFO - Processing /opt/airflow/dags/dag_pipeline_complet.py took 0.508 seconds
[2026-04-25T23:16:23.102+0000] {processor.py:161} INFO - Started process (PID=8258) to work on /opt/airflow/dags/dag_pipeline_complet.py
[2026-04-25T23:16:23.104+0000] {processor.py:830} INFO - Processing file /opt/airflow/dags/dag_pipeline_complet.py for tasks to queue
[2026-04-25T23:16:23.106+0000] {logging_mixin.py:188} INFO - [2026-04-25T23:16:23.105+0000] {dagbag.py:545} INFO - Filling up the DagBag from /opt/airflow/dags/dag_pipeline_complet.py
[2026-04-25T23:16:23.136+0000] {processor.py:840} INFO - DAG(s) 'pipeline_job_intelligent_kafka' retrieved from /opt/airflow/dags/dag_pipeline_complet.py
[2026-04-25T23:16:23.264+0000] {logging_mixin.py:188} INFO - [2026-04-25T23:16:23.263+0000] {dag.py:3096} INFO - Sync 1 DAGs
[2026-04-25T23:16:23.552+0000] {logging_mixin.py:188} INFO - [2026-04-25T23:16:23.552+0000] {dag.py:3954} INFO - Setting next_dagrun for pipeline_job_intelligent_kafka to 2026-04-24 06:00:00+00:00, run_after=2026-04-25 06:00:00+00:00
[2026-04-25T23:16:23.586+0000] {processor.py:183} INFO - Processing /opt/airflow/dags/dag_pipeline_complet.py took 0.499 seconds
[2026-04-25T23:16:53.994+0000] {processor.py:161} INFO - Started process (PID=8273) to work on /opt/airflow/dags/dag_pipeline_complet.py
[2026-04-25T23:16:53.999+0000] {processor.py:830} INFO - Processing file /opt/airflow/dags/dag_pipeline_complet.py for tasks to queue
[2026-04-25T23:16:54.005+0000] {logging_mixin.py:188} INFO - [2026-04-25T23:16:54.004+0000] {dagbag.py:545} INFO - Filling up the DagBag from /opt/airflow/dags/dag_pipeline_complet.py
[2026-04-25T23:16:54.073+0000] {processor.py:840} INFO - DAG(s) 'pipeline_job_intelligent_kafka' retrieved from /opt/airflow/dags/dag_pipeline_complet.py
[2026-04-25T23:16:54.191+0000] {logging_mixin.py:188} INFO - [2026-04-25T23:16:54.190+0000] {dag.py:3096} INFO - Sync 1 DAGs
[2026-04-25T23:16:54.259+0000] {logging_mixin.py:188} INFO - [2026-04-25T23:16:54.259+0000] {dag.py:3954} INFO - Setting next_dagrun for pipeline_job_intelligent_kafka to 2026-04-24 06:00:00+00:00, run_after=2026-04-25 06:00:00+00:00
[2026-04-25T23:16:54.312+0000] {processor.py:183} INFO - Processing /opt/airflow/dags/dag_pipeline_complet.py took 0.356 seconds
[2026-04-25T23:17:24.569+0000] {processor.py:161} INFO - Started process (PID=8281) to work on /opt/airflow/dags/dag_pipeline_complet.py
[2026-04-25T23:17:24.571+0000] {processor.py:830} INFO - Processing file /opt/airflow/dags/dag_pipeline_complet.py for tasks to queue
[2026-04-25T23:17:24.574+0000] {logging_mixin.py:188} INFO - [2026-04-25T23:17:24.573+0000] {dagbag.py:545} INFO - Filling up the DagBag from /opt/airflow/dags/dag_pipeline_complet.py
[2026-04-25T23:17:24.607+0000] {processor.py:840} INFO - DAG(s) 'pipeline_job_intelligent_kafka' retrieved from /opt/airflow/dags/dag_pipeline_complet.py
[2026-04-25T23:17:24.672+0000] {logging_mixin.py:188} INFO - [2026-04-25T23:17:24.672+0000] {dag.py:3096} INFO - Sync 1 DAGs
[2026-04-25T23:17:24.720+0000] {logging_mixin.py:188} INFO - [2026-04-25T23:17:24.720+0000] {dag.py:3954} INFO - Setting next_dagrun for pipeline_job_intelligent_kafka to 2026-04-24 06:00:00+00:00, run_after=2026-04-25 06:00:00+00:00
[2026-04-25T23:17:24.782+0000] {processor.py:183} INFO - Processing /opt/airflow/dags/dag_pipeline_complet.py took 0.226 seconds
[2026-04-25T23:17:55.273+0000] {processor.py:161} INFO - Started process (PID=8296) to work on /opt/airflow/dags/dag_pipeline_complet.py
[2026-04-25T23:17:55.276+0000] {processor.py:830} INFO - Processing file /opt/airflow/dags/dag_pipeline_complet.py for tasks to queue
[2026-04-25T23:17:55.280+0000] {logging_mixin.py:188} INFO - [2026-04-25T23:17:55.278+0000] {dagbag.py:545} INFO - Filling up the DagBag from /opt/airflow/dags/dag_pipeline_complet.py
[2026-04-25T23:17:55.332+0000] {processor.py:840} INFO - DAG(s) 'pipeline_job_intelligent_kafka' retrieved from /opt/airflow/dags/dag_pipeline_complet.py
[2026-04-25T23:17:55.429+0000] {logging_mixin.py:188} INFO - [2026-04-25T23:17:55.428+0000] {dag.py:3096} INFO - Sync 1 DAGs
[2026-04-25T23:17:55.531+0000] {logging_mixin.py:188} INFO - [2026-04-25T23:17:55.530+0000] {dag.py:3954} INFO - Setting next_dagrun for pipeline_job_intelligent_kafka to 2026-04-24 06:00:00+00:00, run_after=2026-04-25 06:00:00+00:00
[2026-04-25T23:17:55.628+0000] {processor.py:183} INFO - Processing /opt/airflow/dags/dag_pipeline_complet.py took 0.374 seconds
[2026-04-25T23:18:25.894+0000] {processor.py:161} INFO - Started process (PID=8304) to work on /opt/airflow/dags/dag_pipeline_complet.py
[2026-04-25T23:18:25.896+0000] {processor.py:830} INFO - Processing file /opt/airflow/dags/dag_pipeline_complet.py for tasks to queue
[2026-04-25T23:18:25.898+0000] {logging_mixin.py:188} INFO - [2026-04-25T23:18:25.897+0000] {dagbag.py:545} INFO - Filling up the DagBag from /opt/airflow/dags/dag_pipeline_complet.py
[2026-04-25T23:18:25.933+0000] {processor.py:840} INFO - DAG(s) 'pipeline_job_intelligent_kafka' retrieved from /opt/airflow/dags/dag_pipeline_complet.py
[2026-04-25T23:18:26.034+0000] {logging_mixin.py:188} INFO - [2026-04-25T23:18:26.033+0000] {dag.py:3096} INFO - Sync 1 DAGs
[2026-04-25T23:18:26.394+0000] {logging_mixin.py:188} INFO - [2026-04-25T23:18:26.393+0000] {dag.py:3954} INFO - Setting next_dagrun for pipeline_job_intelligent_kafka to 2026-04-24 06:00:00+00:00, run_after=2026-04-25 06:00:00+00:00
[2026-04-25T23:18:26.485+0000] {processor.py:183} INFO - Processing /opt/airflow/dags/dag_pipeline_complet.py took 0.605 seconds
[2026-04-25T23:18:56.734+0000] {processor.py:161} INFO - Started process (PID=8318) to work on /opt/airflow/dags/dag_pipeline_complet.py
[2026-04-25T23:18:56.735+0000] {processor.py:830} INFO - Processing file /opt/airflow/dags/dag_pipeline_complet.py for tasks to queue
[2026-04-25T23:18:56.737+0000] {logging_mixin.py:188} INFO - [2026-04-25T23:18:56.736+0000] {dagbag.py:545} INFO - Filling up the DagBag from /opt/airflow/dags/dag_pipeline_complet.py
[2026-04-25T23:18:56.770+0000] {processor.py:840} INFO - DAG(s) 'pipeline_job_intelligent_kafka' retrieved from /opt/airflow/dags/dag_pipeline_complet.py
[2026-04-25T23:18:56.901+0000] {logging_mixin.py:188} INFO - [2026-04-25T23:18:56.900+0000] {dag.py:3096} INFO - Sync 1 DAGs
[2026-04-25T23:18:57.361+0000] {logging_mixin.py:188} INFO - [2026-04-25T23:18:57.360+0000] {dag.py:3954} INFO - Setting next_dagrun for pipeline_job_intelligent_kafka to 2026-04-24 06:00:00+00:00, run_after=2026-04-25 06:00:00+00:00
[2026-04-25T23:18:57.414+0000] {processor.py:183} INFO - Processing /opt/airflow/dags/dag_pipeline_complet.py took 0.690 seconds
[2026-04-25T23:19:28.087+0000] {processor.py:161} INFO - Started process (PID=8326) to work on /opt/airflow/dags/dag_pipeline_complet.py
[2026-04-25T23:19:28.090+0000] {processor.py:830} INFO - Processing file /opt/airflow/dags/dag_pipeline_complet.py for tasks to queue
[2026-04-25T23:19:28.093+0000] {logging_mixin.py:188} INFO - [2026-04-25T23:19:28.092+0000] {dagbag.py:545} INFO - Filling up the DagBag from /opt/airflow/dags/dag_pipeline_complet.py
[2026-04-25T23:19:28.452+0000] {processor.py:840} INFO - DAG(s) 'pipeline_job_intelligent_kafka' retrieved from /opt/airflow/dags/dag_pipeline_complet.py
[2026-04-25T23:19:28.572+0000] {logging_mixin.py:188} INFO - [2026-04-25T23:19:28.571+0000] {dag.py:3096} INFO - Sync 1 DAGs
[2026-04-25T23:19:28.638+0000] {logging_mixin.py:188} INFO - [2026-04-25T23:19:28.637+0000] {dag.py:3954} INFO - Setting next_dagrun for pipeline_job_intelligent_kafka to 2026-04-24 06:00:00+00:00, run_after=2026-04-25 06:00:00+00:00
[2026-04-25T23:19:28.694+0000] {processor.py:183} INFO - Processing /opt/airflow/dags/dag_pipeline_complet.py took 0.632 seconds
[2026-04-25T23:19:59.008+0000] {processor.py:161} INFO - Started process (PID=8339) to work on /opt/airflow/dags/dag_pipeline_complet.py
[2026-04-25T23:19:59.010+0000] {processor.py:830} INFO - Processing file /opt/airflow/dags/dag_pipeline_complet.py for tasks to queue
[2026-04-25T23:19:59.024+0000] {logging_mixin.py:188} INFO - [2026-04-25T23:19:59.023+0000] {dagbag.py:545} INFO - Filling up the DagBag from /opt/airflow/dags/dag_pipeline_complet.py
[2026-04-25T23:19:59.117+0000] {processor.py:840} INFO - DAG(s) 'pipeline_job_intelligent_kafka' retrieved from /opt/airflow/dags/dag_pipeline_complet.py
[2026-04-25T23:19:59.244+0000] {logging_mixin.py:188} INFO - [2026-04-25T23:19:59.243+0000] {dag.py:3096} INFO - Sync 1 DAGs
[2026-04-25T23:19:59.399+0000] {logging_mixin.py:188} INFO - [2026-04-25T23:19:59.398+0000] {dag.py:3954} INFO - Setting next_dagrun for pipeline_job_intelligent_kafka to 2026-04-24 06:00:00+00:00, run_after=2026-04-25 06:00:00+00:00
[2026-04-25T23:19:59.534+0000] {processor.py:183} INFO - Processing /opt/airflow/dags/dag_pipeline_complet.py took 0.577 seconds
[2026-04-25T23:20:30.069+0000] {processor.py:161} INFO - Started process (PID=8347) to work on /opt/airflow/dags/dag_pipeline_complet.py
[2026-04-25T23:20:30.071+0000] {processor.py:830} INFO - Processing file /opt/airflow/dags/dag_pipeline_complet.py for tasks to queue
[2026-04-25T23:20:30.073+0000] {logging_mixin.py:188} INFO - [2026-04-25T23:20:30.072+0000] {dagbag.py:545} INFO - Filling up the DagBag from /opt/airflow/dags/dag_pipeline_complet.py
[2026-04-25T23:20:30.112+0000] {processor.py:840} INFO - DAG(s) 'pipeline_job_intelligent_kafka' retrieved from /opt/airflow/dags/dag_pipeline_complet.py
[2026-04-25T23:20:30.185+0000] {logging_mixin.py:188} INFO - [2026-04-25T23:20:30.184+0000] {dag.py:3096} INFO - Sync 1 DAGs
[2026-04-25T23:20:30.242+0000] {logging_mixin.py:188} INFO - [2026-04-25T23:20:30.242+0000] {dag.py:3954} INFO - Setting next_dagrun for pipeline_job_intelligent_kafka to 2026-04-24 06:00:00+00:00, run_after=2026-04-25 06:00:00+00:00
[2026-04-25T23:20:30.282+0000] {processor.py:183} INFO - Processing /opt/airflow/dags/dag_pipeline_complet.py took 0.227 seconds
[2026-04-25T23:21:00.790+0000] {processor.py:161} INFO - Started process (PID=8360) to work on /opt/airflow/dags/dag_pipeline_complet.py
[2026-04-25T23:21:00.791+0000] {processor.py:830} INFO - Processing file /opt/airflow/dags/dag_pipeline_complet.py for tasks to queue
[2026-04-25T23:21:00.795+0000] {logging_mixin.py:188} INFO - [2026-04-25T23:21:00.794+0000] {dagbag.py:545} INFO - Filling up the DagBag from /opt/airflow/dags/dag_pipeline_complet.py
[2026-04-25T23:21:00.851+0000] {processor.py:840} INFO - DAG(s) 'pipeline_job_intelligent_kafka' retrieved from /opt/airflow/dags/dag_pipeline_complet.py
[2026-04-25T23:21:01.051+0000] {logging_mixin.py:188} INFO - [2026-04-25T23:21:01.050+0000] {dag.py:3096} INFO - Sync 1 DAGs
[2026-04-25T23:21:01.162+0000] {logging_mixin.py:188} INFO - [2026-04-25T23:21:01.161+0000] {dag.py:3954} INFO - Setting next_dagrun for pipeline_job_intelligent_kafka to 2026-04-24 06:00:00+00:00, run_after=2026-04-25 06:00:00+00:00
[2026-04-25T23:21:01.231+0000] {processor.py:183} INFO - Processing /opt/airflow/dags/dag_pipeline_complet.py took 0.453 seconds
[2026-04-25T23:21:32.210+0000] {processor.py:161} INFO - Started process (PID=8368) to work on /opt/airflow/dags/dag_pipeline_complet.py
[2026-04-25T23:21:32.211+0000] {processor.py:830} INFO - Processing file /opt/airflow/dags/dag_pipeline_complet.py for tasks to queue
[2026-04-25T23:21:32.213+0000] {logging_mixin.py:188} INFO - [2026-04-25T23:21:32.212+0000] {dagbag.py:545} INFO - Filling up the DagBag from /opt/airflow/dags/dag_pipeline_complet.py
[2026-04-25T23:21:32.251+0000] {processor.py:840} INFO - DAG(s) 'pipeline_job_intelligent_kafka' retrieved from /opt/airflow/dags/dag_pipeline_complet.py
[2026-04-25T23:21:32.375+0000] {logging_mixin.py:188} INFO - [2026-04-25T23:21:32.374+0000] {dag.py:3096} INFO - Sync 1 DAGs
[2026-04-25T23:21:32.439+0000] {logging_mixin.py:188} INFO - [2026-04-25T23:21:32.439+0000] {dag.py:3954} INFO - Setting next_dagrun for pipeline_job_intelligent_kafka to 2026-04-24 06:00:00+00:00, run_after=2026-04-25 06:00:00+00:00
[2026-04-25T23:21:32.491+0000] {processor.py:183} INFO - Processing /opt/airflow/dags/dag_pipeline_complet.py took 0.295 seconds
[2026-04-25T23:22:03.221+0000] {processor.py:161} INFO - Started process (PID=8382) to work on /opt/airflow/dags/dag_pipeline_complet.py
[2026-04-25T23:22:03.223+0000] {processor.py:830} INFO - Processing file /opt/airflow/dags/dag_pipeline_complet.py for tasks to queue
[2026-04-25T23:22:03.225+0000] {logging_mixin.py:188} INFO - [2026-04-25T23:22:03.224+0000] {dagbag.py:545} INFO - Filling up the DagBag from /opt/airflow/dags/dag_pipeline_complet.py
[2026-04-25T23:22:03.268+0000] {processor.py:840} INFO - DAG(s) 'pipeline_job_intelligent_kafka' retrieved from /opt/airflow/dags/dag_pipeline_complet.py
[2026-04-25T23:22:03.358+0000] {logging_mixin.py:188} INFO - [2026-04-25T23:22:03.358+0000] {dag.py:3096} INFO - Sync 1 DAGs
[2026-04-25T23:22:03.419+0000] {logging_mixin.py:188} INFO - [2026-04-25T23:22:03.418+0000] {dag.py:3954} INFO - Setting next_dagrun for pipeline_job_intelligent_kafka to 2026-04-24 06:00:00+00:00, run_after=2026-04-25 06:00:00+00:00
[2026-04-25T23:22:03.463+0000] {processor.py:183} INFO - Processing /opt/airflow/dags/dag_pipeline_complet.py took 0.265 seconds
[2026-04-25T23:22:34.998+0000] {processor.py:161} INFO - Started process (PID=8395) to work on /opt/airflow/dags/dag_pipeline_complet.py
[2026-04-25T23:22:35.000+0000] {processor.py:830} INFO - Processing file /opt/airflow/dags/dag_pipeline_complet.py for tasks to queue
[2026-04-25T23:22:35.009+0000] {logging_mixin.py:188} INFO - [2026-04-25T23:22:35.008+0000] {dagbag.py:545} INFO - Filling up the DagBag from /opt/airflow/dags/dag_pipeline_complet.py
[2026-04-25T23:22:35.069+0000] {processor.py:840} INFO - DAG(s) 'pipeline_job_intelligent_kafka' retrieved from /opt/airflow/dags/dag_pipeline_complet.py
[2026-04-25T23:22:35.280+0000] {logging_mixin.py:188} INFO - [2026-04-25T23:22:35.279+0000] {dag.py:3096} INFO - Sync 1 DAGs
[2026-04-25T23:22:35.391+0000] {logging_mixin.py:188} INFO - [2026-04-25T23:22:35.390+0000] {dag.py:3954} INFO - Setting next_dagrun for pipeline_job_intelligent_kafka to 2026-04-24 06:00:00+00:00, run_after=2026-04-25 06:00:00+00:00
[2026-04-25T23:22:35.482+0000] {processor.py:183} INFO - Processing /opt/airflow/dags/dag_pipeline_complet.py took 0.537 seconds
[2026-04-25T23:23:05.745+0000] {processor.py:161} INFO - Started process (PID=8403) to work on /opt/airflow/dags/dag_pipeline_complet.py
[2026-04-25T23:23:05.754+0000] {processor.py:830} INFO - Processing file /opt/airflow/dags/dag_pipeline_complet.py for tasks to queue
[2026-04-25T23:23:05.757+0000] {logging_mixin.py:188} INFO - [2026-04-25T23:23:05.756+0000] {dagbag.py:545} INFO - Filling up the DagBag from /opt/airflow/dags/dag_pipeline_complet.py
[2026-04-25T23:23:05.850+0000] {processor.py:840} INFO - DAG(s) 'pipeline_job_intelligent_kafka' retrieved from /opt/airflow/dags/dag_pipeline_complet.py
[2026-04-25T23:23:05.940+0000] {logging_mixin.py:188} INFO - [2026-04-25T23:23:05.939+0000] {dag.py:3096} INFO - Sync 1 DAGs
[2026-04-25T23:23:06.035+0000] {logging_mixin.py:188} INFO - [2026-04-25T23:23:06.034+0000] {dag.py:3954} INFO - Setting next_dagrun for pipeline_job_intelligent_kafka to 2026-04-24 06:00:00+00:00, run_after=2026-04-25 06:00:00+00:00
[2026-04-25T23:23:06.114+0000] {processor.py:183} INFO - Processing /opt/airflow/dags/dag_pipeline_complet.py took 0.393 seconds
[2026-04-25T23:23:36.562+0000] {processor.py:161} INFO - Started process (PID=8417) to work on /opt/airflow/dags/dag_pipeline_complet.py
[2026-04-25T23:23:36.569+0000] {processor.py:830} INFO - Processing file /opt/airflow/dags/dag_pipeline_complet.py for tasks to queue
[2026-04-25T23:23:36.573+0000] {logging_mixin.py:188} INFO - [2026-04-25T23:23:36.571+0000] {dagbag.py:545} INFO - Filling up the DagBag from /opt/airflow/dags/dag_pipeline_complet.py
[2026-04-25T23:23:36.659+0000] {processor.py:840} INFO - DAG(s) 'pipeline_job_intelligent_kafka' retrieved from /opt/airflow/dags/dag_pipeline_complet.py
[2026-04-25T23:23:36.911+0000] {logging_mixin.py:188} INFO - [2026-04-25T23:23:36.899+0000] {dag.py:3096} INFO - Sync 1 DAGs
[2026-04-25T23:23:37.208+0000] {logging_mixin.py:188} INFO - [2026-04-25T23:23:37.207+0000] {dag.py:3954} INFO - Setting next_dagrun for pipeline_job_intelligent_kafka to 2026-04-24 06:00:00+00:00, run_after=2026-04-25 06:00:00+00:00
[2026-04-25T23:23:37.479+0000] {processor.py:183} INFO - Processing /opt/airflow/dags/dag_pipeline_complet.py took 0.942 seconds
[2026-04-25T23:24:07.660+0000] {processor.py:161} INFO - Started process (PID=8425) to work on /opt/airflow/dags/dag_pipeline_complet.py
[2026-04-25T23:24:07.664+0000] {processor.py:830} INFO - Processing file /opt/airflow/dags/dag_pipeline_complet.py for tasks to queue
[2026-04-25T23:24:07.666+0000] {logging_mixin.py:188} INFO - [2026-04-25T23:24:07.665+0000] {dagbag.py:545} INFO - Filling up the DagBag from /opt/airflow/dags/dag_pipeline_complet.py
[2026-04-25T23:24:07.719+0000] {processor.py:840} INFO - DAG(s) 'pipeline_job_intelligent_kafka' retrieved from /opt/airflow/dags/dag_pipeline_complet.py
[2026-04-25T23:24:07.872+0000] {logging_mixin.py:188} INFO - [2026-04-25T23:24:07.871+0000] {dag.py:3096} INFO - Sync 1 DAGs
[2026-04-25T23:24:07.919+0000] {logging_mixin.py:188} INFO - [2026-04-25T23:24:07.919+0000] {dag.py:3954} INFO - Setting next_dagrun for pipeline_job_intelligent_kafka to 2026-04-24 06:00:00+00:00, run_after=2026-04-25 06:00:00+00:00
[2026-04-25T23:24:07.968+0000] {processor.py:183} INFO - Processing /opt/airflow/dags/dag_pipeline_complet.py took 0.324 seconds
[2026-04-25T23:24:38.167+0000] {processor.py:161} INFO - Started process (PID=8439) to work on /opt/airflow/dags/dag_pipeline_complet.py
[2026-04-25T23:24:38.169+0000] {processor.py:830} INFO - Processing file /opt/airflow/dags/dag_pipeline_complet.py for tasks to queue
[2026-04-25T23:24:38.170+0000] {logging_mixin.py:188} INFO - [2026-04-25T23:24:38.170+0000] {dagbag.py:545} INFO - Filling up the DagBag from /opt/airflow/dags/dag_pipeline_complet.py
[2026-04-25T23:24:38.201+0000] {processor.py:840} INFO - DAG(s) 'pipeline_job_intelligent_kafka' retrieved from /opt/airflow/dags/dag_pipeline_complet.py
[2026-04-25T23:24:38.258+0000] {logging_mixin.py:188} INFO - [2026-04-25T23:24:38.257+0000] {dag.py:3096} INFO - Sync 1 DAGs
[2026-04-25T23:24:38.298+0000] {logging_mixin.py:188} INFO - [2026-04-25T23:24:38.297+0000] {dag.py:3954} INFO - Setting next_dagrun for pipeline_job_intelligent_kafka to 2026-04-24 06:00:00+00:00, run_after=2026-04-25 06:00:00+00:00
[2026-04-25T23:24:38.343+0000] {processor.py:183} INFO - Processing /opt/airflow/dags/dag_pipeline_complet.py took 0.188 seconds
[2026-04-25T23:25:08.890+0000] {processor.py:161} INFO - Started process (PID=8447) to work on /opt/airflow/dags/dag_pipeline_complet.py
[2026-04-25T23:25:08.891+0000] {processor.py:830} INFO - Processing file /opt/airflow/dags/dag_pipeline_complet.py for tasks to queue
[2026-04-25T23:25:08.893+0000] {logging_mixin.py:188} INFO - [2026-04-25T23:25:08.893+0000] {dagbag.py:545} INFO - Filling up the DagBag from /opt/airflow/dags/dag_pipeline_complet.py
[2026-04-25T23:25:08.940+0000] {processor.py:840} INFO - DAG(s) 'pipeline_job_intelligent_kafka' retrieved from /opt/airflow/dags/dag_pipeline_complet.py
[2026-04-25T23:25:09.050+0000] {logging_mixin.py:188} INFO - [2026-04-25T23:25:09.049+0000] {dag.py:3096} INFO - Sync 1 DAGs
[2026-04-25T23:25:09.220+0000] {logging_mixin.py:188} INFO - [2026-04-25T23:25:09.219+0000] {dag.py:3954} INFO - Setting next_dagrun for pipeline_job_intelligent_kafka to 2026-04-24 06:00:00+00:00, run_after=2026-04-25 06:00:00+00:00
[2026-04-25T23:25:09.301+0000] {processor.py:183} INFO - Processing /opt/airflow/dags/dag_pipeline_complet.py took 0.424 seconds
[2026-04-25T23:25:39.902+0000] {processor.py:161} INFO - Started process (PID=8462) to work on /opt/airflow/dags/dag_pipeline_complet.py
[2026-04-25T23:25:39.906+0000] {processor.py:830} INFO - Processing file /opt/airflow/dags/dag_pipeline_complet.py for tasks to queue
[2026-04-25T23:25:39.912+0000] {logging_mixin.py:188} INFO - [2026-04-25T23:25:39.909+0000] {dagbag.py:545} INFO - Filling up the DagBag from /opt/airflow/dags/dag_pipeline_complet.py
[2026-04-25T23:25:40.024+0000] {processor.py:840} INFO - DAG(s) 'pipeline_job_intelligent_kafka' retrieved from /opt/airflow/dags/dag_pipeline_complet.py
[2026-04-25T23:25:40.153+0000] {logging_mixin.py:188} INFO - [2026-04-25T23:25:40.152+0000] {dag.py:3096} INFO - Sync 1 DAGs
[2026-04-25T23:25:40.197+0000] {logging_mixin.py:188} INFO - [2026-04-25T23:25:40.196+0000] {dag.py:3954} INFO - Setting next_dagrun for pipeline_job_intelligent_kafka to 2026-04-24 06:00:00+00:00, run_after=2026-04-25 06:00:00+00:00
[2026-04-25T23:25:40.244+0000] {processor.py:183} INFO - Processing /opt/airflow/dags/dag_pipeline_complet.py took 0.368 seconds
[2026-04-25T23:26:11.132+0000] {processor.py:161} INFO - Started process (PID=8470) to work on /opt/airflow/dags/dag_pipeline_complet.py
[2026-04-25T23:26:11.137+0000] {processor.py:830} INFO - Processing file /opt/airflow/dags/dag_pipeline_complet.py for tasks to queue
[2026-04-25T23:26:11.140+0000] {logging_mixin.py:188} INFO - [2026-04-25T23:26:11.139+0000] {dagbag.py:545} INFO - Filling up the DagBag from /opt/airflow/dags/dag_pipeline_complet.py
[2026-04-25T23:26:11.223+0000] {processor.py:840} INFO - DAG(s) 'pipeline_job_intelligent_kafka' retrieved from /opt/airflow/dags/dag_pipeline_complet.py
[2026-04-25T23:26:11.292+0000] {logging_mixin.py:188} INFO - [2026-04-25T23:26:11.291+0000] {dag.py:3096} INFO - Sync 1 DAGs
[2026-04-25T23:26:11.369+0000] {logging_mixin.py:188} INFO - [2026-04-25T23:26:11.368+0000] {dag.py:3954} INFO - Setting next_dagrun for pipeline_job_intelligent_kafka to 2026-04-24 06:00:00+00:00, run_after=2026-04-25 06:00:00+00:00
[2026-04-25T23:26:11.664+0000] {processor.py:183} INFO - Processing /opt/airflow/dags/dag_pipeline_complet.py took 0.556 seconds
[2026-04-25T23:26:42.087+0000] {processor.py:161} INFO - Started process (PID=8484) to work on /opt/airflow/dags/dag_pipeline_complet.py
[2026-04-25T23:26:42.119+0000] {processor.py:830} INFO - Processing file /opt/airflow/dags/dag_pipeline_complet.py for tasks to queue
[2026-04-25T23:26:42.136+0000] {logging_mixin.py:188} INFO - [2026-04-25T23:26:42.135+0000] {dagbag.py:545} INFO - Filling up the DagBag from /opt/airflow/dags/dag_pipeline_complet.py
[2026-04-25T23:26:42.664+0000] {processor.py:840} INFO - DAG(s) 'pipeline_job_intelligent_kafka' retrieved from /opt/airflow/dags/dag_pipeline_complet.py
[2026-04-25T23:26:42.832+0000] {logging_mixin.py:188} INFO - [2026-04-25T23:26:42.831+0000] {dag.py:3096} INFO - Sync 1 DAGs
[2026-04-25T23:26:42.912+0000] {logging_mixin.py:188} INFO - [2026-04-25T23:26:42.911+0000] {dag.py:3954} INFO - Setting next_dagrun for pipeline_job_intelligent_kafka to 2026-04-24 06:00:00+00:00, run_after=2026-04-25 06:00:00+00:00
[2026-04-25T23:26:43.085+0000] {processor.py:183} INFO - Processing /opt/airflow/dags/dag_pipeline_complet.py took 1.023 seconds
[2026-04-25T23:27:13.847+0000] {processor.py:161} INFO - Started process (PID=8491) to work on /opt/airflow/dags/dag_pipeline_complet.py
[2026-04-25T23:27:13.866+0000] {processor.py:830} INFO - Processing file /opt/airflow/dags/dag_pipeline_complet.py for tasks to queue
[2026-04-25T23:27:13.869+0000] {logging_mixin.py:188} INFO - [2026-04-25T23:27:13.868+0000] {dagbag.py:545} INFO - Filling up the DagBag from /opt/airflow/dags/dag_pipeline_complet.py
[2026-04-25T23:27:13.993+0000] {processor.py:840} INFO - DAG(s) 'pipeline_job_intelligent_kafka' retrieved from /opt/airflow/dags/dag_pipeline_complet.py
[2026-04-25T23:27:14.168+0000] {logging_mixin.py:188} INFO - [2026-04-25T23:27:14.165+0000] {dag.py:3096} INFO - Sync 1 DAGs
[2026-04-25T23:27:14.227+0000] {logging_mixin.py:188} INFO - [2026-04-25T23:27:14.227+0000] {dag.py:3954} INFO - Setting next_dagrun for pipeline_job_intelligent_kafka to 2026-04-24 06:00:00+00:00, run_after=2026-04-25 06:00:00+00:00
[2026-04-25T23:27:14.502+0000] {processor.py:183} INFO - Processing /opt/airflow/dags/dag_pipeline_complet.py took 0.697 seconds
[2026-04-25T23:27:44.961+0000] {processor.py:161} INFO - Started process (PID=8507) to work on /opt/airflow/dags/dag_pipeline_complet.py
[2026-04-25T23:27:44.976+0000] {processor.py:830} INFO - Processing file /opt/airflow/dags/dag_pipeline_complet.py for tasks to queue
[2026-04-25T23:27:44.992+0000] {logging_mixin.py:188} INFO - [2026-04-25T23:27:44.984+0000] {dagbag.py:545} INFO - Filling up the DagBag from /opt/airflow/dags/dag_pipeline_complet.py
[2026-04-25T23:27:45.958+0000] {processor.py:840} INFO - DAG(s) 'pipeline_job_intelligent_kafka' retrieved from /opt/airflow/dags/dag_pipeline_complet.py
[2026-04-25T23:27:46.515+0000] {logging_mixin.py:188} INFO - [2026-04-25T23:27:46.514+0000] {dag.py:3096} INFO - Sync 1 DAGs
[2026-04-25T23:27:46.903+0000] {logging_mixin.py:188} INFO - [2026-04-25T23:27:46.903+0000] {dag.py:3954} INFO - Setting next_dagrun for pipeline_job_intelligent_kafka to 2026-04-24 06:00:00+00:00, run_after=2026-04-25 06:00:00+00:00
[2026-04-25T23:27:47.154+0000] {processor.py:183} INFO - Processing /opt/airflow/dags/dag_pipeline_complet.py took 2.250 seconds
[2026-04-25T23:28:17.499+0000] {processor.py:161} INFO - Started process (PID=8514) to work on /opt/airflow/dags/dag_pipeline_complet.py
[2026-04-25T23:28:17.502+0000] {processor.py:830} INFO - Processing file /opt/airflow/dags/dag_pipeline_complet.py for tasks to queue
[2026-04-25T23:28:17.509+0000] {logging_mixin.py:188} INFO - [2026-04-25T23:28:17.508+0000] {dagbag.py:545} INFO - Filling up the DagBag from /opt/airflow/dags/dag_pipeline_complet.py
[2026-04-25T23:28:17.595+0000] {processor.py:840} INFO - DAG(s) 'pipeline_job_intelligent_kafka' retrieved from /opt/airflow/dags/dag_pipeline_complet.py
[2026-04-25T23:28:17.703+0000] {logging_mixin.py:188} INFO - [2026-04-25T23:28:17.701+0000] {dag.py:3096} INFO - Sync 1 DAGs
[2026-04-25T23:28:17.818+0000] {logging_mixin.py:188} INFO - [2026-04-25T23:28:17.818+0000] {dag.py:3954} INFO - Setting next_dagrun for pipeline_job_intelligent_kafka to 2026-04-24 06:00:00+00:00, run_after=2026-04-25 06:00:00+00:00
[2026-04-25T23:28:17.961+0000] {processor.py:183} INFO - Processing /opt/airflow/dags/dag_pipeline_complet.py took 0.504 seconds
[2026-04-25T23:28:48.551+0000] {processor.py:161} INFO - Started process (PID=8528) to work on /opt/airflow/dags/dag_pipeline_complet.py
[2026-04-25T23:28:48.565+0000] {processor.py:830} INFO - Processing file /opt/airflow/dags/dag_pipeline_complet.py for tasks to queue
[2026-04-25T23:28:48.575+0000] {logging_mixin.py:188} INFO - [2026-04-25T23:28:48.574+0000] {dagbag.py:545} INFO - Filling up the DagBag from /opt/airflow/dags/dag_pipeline_complet.py
[2026-04-25T23:28:49.131+0000] {processor.py:840} INFO - DAG(s) 'pipeline_job_intelligent_kafka' retrieved from /opt/airflow/dags/dag_pipeline_complet.py
[2026-04-25T23:28:49.815+0000] {logging_mixin.py:188} INFO - [2026-04-25T23:28:49.814+0000] {dag.py:3096} INFO - Sync 1 DAGs
[2026-04-25T23:28:50.379+0000] {logging_mixin.py:188} INFO - [2026-04-25T23:28:50.378+0000] {dag.py:3954} INFO - Setting next_dagrun for pipeline_job_intelligent_kafka to 2026-04-24 06:00:00+00:00, run_after=2026-04-25 06:00:00+00:00
[2026-04-25T23:28:50.955+0000] {processor.py:183} INFO - Processing /opt/airflow/dags/dag_pipeline_complet.py took 2.439 seconds
[2026-04-25T23:29:22.409+0000] {processor.py:161} INFO - Started process (PID=8541) to work on /opt/airflow/dags/dag_pipeline_complet.py
[2026-04-25T23:29:22.458+0000] {processor.py:830} INFO - Processing file /opt/airflow/dags/dag_pipeline_complet.py for tasks to queue
[2026-04-25T23:29:22.506+0000] {logging_mixin.py:188} INFO - [2026-04-25T23:29:22.473+0000] {dagbag.py:545} INFO - Filling up the DagBag from /opt/airflow/dags/dag_pipeline_complet.py
[2026-04-25T23:29:23.155+0000] {processor.py:840} INFO - DAG(s) 'pipeline_job_intelligent_kafka' retrieved from /opt/airflow/dags/dag_pipeline_complet.py
[2026-04-25T23:29:23.630+0000] {logging_mixin.py:188} INFO - [2026-04-25T23:29:23.629+0000] {dag.py:3096} INFO - Sync 1 DAGs
[2026-04-25T23:29:24.190+0000] {logging_mixin.py:188} INFO - [2026-04-25T23:29:24.190+0000] {dag.py:3954} INFO - Setting next_dagrun for pipeline_job_intelligent_kafka to 2026-04-24 06:00:00+00:00, run_after=2026-04-25 06:00:00+00:00
[2026-04-25T23:29:24.540+0000] {processor.py:183} INFO - Processing /opt/airflow/dags/dag_pipeline_complet.py took 2.217 seconds
[2026-04-25T23:29:55.782+0000] {processor.py:161} INFO - Started process (PID=8551) to work on /opt/airflow/dags/dag_pipeline_complet.py
[2026-04-25T23:29:55.799+0000] {processor.py:830} INFO - Processing file /opt/airflow/dags/dag_pipeline_complet.py for tasks to queue
[2026-04-25T23:29:55.863+0000] {logging_mixin.py:188} INFO - [2026-04-25T23:29:55.833+0000] {dagbag.py:545} INFO - Filling up the DagBag from /opt/airflow/dags/dag_pipeline_complet.py
[2026-04-25T23:29:57.038+0000] {processor.py:840} INFO - DAG(s) 'pipeline_job_intelligent_kafka' retrieved from /opt/airflow/dags/dag_pipeline_complet.py
[2026-04-25T23:29:57.597+0000] {logging_mixin.py:188} INFO - [2026-04-25T23:29:57.596+0000] {dag.py:3096} INFO - Sync 1 DAGs
[2026-04-25T23:29:58.030+0000] {logging_mixin.py:188} INFO - [2026-04-25T23:29:58.029+0000] {dag.py:3954} INFO - Setting next_dagrun for pipeline_job_intelligent_kafka to 2026-04-24 06:00:00+00:00, run_after=2026-04-25 06:00:00+00:00
[2026-04-25T23:29:58.610+0000] {processor.py:183} INFO - Processing /opt/airflow/dags/dag_pipeline_complet.py took 2.901 seconds
[2026-04-25T23:30:30.047+0000] {processor.py:161} INFO - Started process (PID=8562) to work on /opt/airflow/dags/dag_pipeline_complet.py
[2026-04-25T23:30:30.109+0000] {processor.py:830} INFO - Processing file /opt/airflow/dags/dag_pipeline_complet.py for tasks to queue
[2026-04-25T23:30:30.143+0000] {logging_mixin.py:188} INFO - [2026-04-25T23:30:30.142+0000] {dagbag.py:545} INFO - Filling up the DagBag from /opt/airflow/dags/dag_pipeline_complet.py
[2026-04-25T23:30:31.293+0000] {processor.py:840} INFO - DAG(s) 'pipeline_job_intelligent_kafka' retrieved from /opt/airflow/dags/dag_pipeline_complet.py
[2026-04-25T23:30:32.022+0000] {logging_mixin.py:188} INFO - [2026-04-25T23:30:32.021+0000] {dag.py:3096} INFO - Sync 1 DAGs
[2026-04-25T23:30:33.004+0000] {logging_mixin.py:188} INFO - [2026-04-25T23:30:32.991+0000] {dag.py:3954} INFO - Setting next_dagrun for pipeline_job_intelligent_kafka to 2026-04-24 06:00:00+00:00, run_after=2026-04-25 06:00:00+00:00
[2026-04-25T23:30:34.193+0000] {processor.py:183} INFO - Processing /opt/airflow/dags/dag_pipeline_complet.py took 4.216 seconds
[2026-04-25T23:31:05.863+0000] {processor.py:161} INFO - Started process (PID=8576) to work on /opt/airflow/dags/dag_pipeline_complet.py
[2026-04-25T23:31:05.901+0000] {processor.py:830} INFO - Processing file /opt/airflow/dags/dag_pipeline_complet.py for tasks to queue
[2026-04-25T23:31:05.931+0000] {logging_mixin.py:188} INFO - [2026-04-25T23:31:05.930+0000] {dagbag.py:545} INFO - Filling up the DagBag from /opt/airflow/dags/dag_pipeline_complet.py
[2026-04-25T23:31:06.502+0000] {processor.py:840} INFO - DAG(s) 'pipeline_job_intelligent_kafka' retrieved from /opt/airflow/dags/dag_pipeline_complet.py
[2026-04-25T23:31:07.340+0000] {logging_mixin.py:188} INFO - [2026-04-25T23:31:07.326+0000] {dag.py:3096} INFO - Sync 1 DAGs
[2026-04-25T23:31:07.770+0000] {logging_mixin.py:188} INFO - [2026-04-25T23:31:07.741+0000] {dag.py:3954} INFO - Setting next_dagrun for pipeline_job_intelligent_kafka to 2026-04-24 06:00:00+00:00, run_after=2026-04-25 06:00:00+00:00
[2026-04-25T23:31:08.365+0000] {processor.py:183} INFO - Processing /opt/airflow/dags/dag_pipeline_complet.py took 2.641 seconds
[2026-04-25T23:31:39.684+0000] {processor.py:161} INFO - Started process (PID=8583) to work on /opt/airflow/dags/dag_pipeline_complet.py
[2026-04-25T23:31:39.747+0000] {processor.py:830} INFO - Processing file /opt/airflow/dags/dag_pipeline_complet.py for tasks to queue
[2026-04-25T23:31:39.750+0000] {logging_mixin.py:188} INFO - [2026-04-25T23:31:39.749+0000] {dagbag.py:545} INFO - Filling up the DagBag from /opt/airflow/dags/dag_pipeline_complet.py
[2026-04-25T23:31:40.323+0000] {processor.py:840} INFO - DAG(s) 'pipeline_job_intelligent_kafka' retrieved from /opt/airflow/dags/dag_pipeline_complet.py
[2026-04-25T23:31:41.377+0000] {logging_mixin.py:188} INFO - [2026-04-25T23:31:41.376+0000] {dag.py:3096} INFO - Sync 1 DAGs
[2026-04-25T23:31:41.695+0000] {logging_mixin.py:188} INFO - [2026-04-25T23:31:41.695+0000] {dag.py:3954} INFO - Setting next_dagrun for pipeline_job_intelligent_kafka to 2026-04-24 06:00:00+00:00, run_after=2026-04-25 06:00:00+00:00
[2026-04-25T23:31:42.044+0000] {processor.py:183} INFO - Processing /opt/airflow/dags/dag_pipeline_complet.py took 2.496 seconds
[2026-04-25T23:32:13.181+0000] {processor.py:161} INFO - Started process (PID=8598) to work on /opt/airflow/dags/dag_pipeline_complet.py
[2026-04-25T23:32:13.197+0000] {processor.py:830} INFO - Processing file /opt/airflow/dags/dag_pipeline_complet.py for tasks to queue
[2026-04-25T23:32:13.214+0000] {logging_mixin.py:188} INFO - [2026-04-25T23:32:13.213+0000] {dagbag.py:545} INFO - Filling up the DagBag from /opt/airflow/dags/dag_pipeline_complet.py
[2026-04-25T23:32:13.589+0000] {processor.py:840} INFO - DAG(s) 'pipeline_job_intelligent_kafka' retrieved from /opt/airflow/dags/dag_pipeline_complet.py
[2026-04-25T23:32:15.127+0000] {logging_mixin.py:188} INFO - [2026-04-25T23:32:15.126+0000] {dag.py:3096} INFO - Sync 1 DAGs
[2026-04-25T23:32:15.578+0000] {logging_mixin.py:188} INFO - [2026-04-25T23:32:15.577+0000] {dag.py:3954} INFO - Setting next_dagrun for pipeline_job_intelligent_kafka to 2026-04-24 06:00:00+00:00, run_after=2026-04-25 06:00:00+00:00
[2026-04-25T23:32:15.932+0000] {processor.py:183} INFO - Processing /opt/airflow/dags/dag_pipeline_complet.py took 2.869 seconds
[2026-04-25T23:32:47.029+0000] {processor.py:161} INFO - Started process (PID=8607) to work on /opt/airflow/dags/dag_pipeline_complet.py
[2026-04-25T23:32:47.031+0000] {processor.py:830} INFO - Processing file /opt/airflow/dags/dag_pipeline_complet.py for tasks to queue
[2026-04-25T23:32:47.045+0000] {logging_mixin.py:188} INFO - [2026-04-25T23:32:47.038+0000] {dagbag.py:545} INFO - Filling up the DagBag from /opt/airflow/dags/dag_pipeline_complet.py
[2026-04-25T23:32:47.603+0000] {processor.py:840} INFO - DAG(s) 'pipeline_job_intelligent_kafka' retrieved from /opt/airflow/dags/dag_pipeline_complet.py
[2026-04-25T23:32:48.189+0000] {logging_mixin.py:188} INFO - [2026-04-25T23:32:48.175+0000] {dag.py:3096} INFO - Sync 1 DAGs
[2026-04-25T23:32:48.496+0000] {logging_mixin.py:188} INFO - [2026-04-25T23:32:48.496+0000] {dag.py:3954} INFO - Setting next_dagrun for pipeline_job_intelligent_kafka to 2026-04-24 06:00:00+00:00, run_after=2026-04-25 06:00:00+00:00
[2026-04-25T23:32:48.960+0000] {processor.py:183} INFO - Processing /opt/airflow/dags/dag_pipeline_complet.py took 1.983 seconds
[2026-04-25T23:33:19.800+0000] {processor.py:161} INFO - Started process (PID=8621) to work on /opt/airflow/dags/dag_pipeline_complet.py
[2026-04-25T23:33:19.802+0000] {processor.py:830} INFO - Processing file /opt/airflow/dags/dag_pipeline_complet.py for tasks to queue
[2026-04-25T23:33:19.806+0000] {logging_mixin.py:188} INFO - [2026-04-25T23:33:19.805+0000] {dagbag.py:545} INFO - Filling up the DagBag from /opt/airflow/dags/dag_pipeline_complet.py
[2026-04-25T23:33:19.888+0000] {processor.py:840} INFO - DAG(s) 'pipeline_job_intelligent_kafka' retrieved from /opt/airflow/dags/dag_pipeline_complet.py
[2026-04-25T23:33:20.065+0000] {logging_mixin.py:188} INFO - [2026-04-25T23:33:20.064+0000] {dag.py:3096} INFO - Sync 1 DAGs
[2026-04-25T23:33:20.239+0000] {logging_mixin.py:188} INFO - [2026-04-25T23:33:20.237+0000] {dag.py:3954} INFO - Setting next_dagrun for pipeline_job_intelligent_kafka to 2026-04-24 06:00:00+00:00, run_after=2026-04-25 06:00:00+00:00
[2026-04-25T23:33:20.431+0000] {processor.py:183} INFO - Processing /opt/airflow/dags/dag_pipeline_complet.py took 0.651 seconds
[2026-04-25T23:33:51.373+0000] {processor.py:161} INFO - Started process (PID=8635) to work on /opt/airflow/dags/dag_pipeline_complet.py
[2026-04-25T23:33:51.375+0000] {processor.py:830} INFO - Processing file /opt/airflow/dags/dag_pipeline_complet.py for tasks to queue
[2026-04-25T23:33:51.380+0000] {logging_mixin.py:188} INFO - [2026-04-25T23:33:51.377+0000] {dagbag.py:545} INFO - Filling up the DagBag from /opt/airflow/dags/dag_pipeline_complet.py
[2026-04-25T23:33:51.503+0000] {processor.py:840} INFO - DAG(s) 'pipeline_job_intelligent_kafka' retrieved from /opt/airflow/dags/dag_pipeline_complet.py
[2026-04-25T23:33:51.625+0000] {logging_mixin.py:188} INFO - [2026-04-25T23:33:51.625+0000] {dag.py:3096} INFO - Sync 1 DAGs
[2026-04-25T23:33:51.721+0000] {logging_mixin.py:188} INFO - [2026-04-25T23:33:51.720+0000] {dag.py:3954} INFO - Setting next_dagrun for pipeline_job_intelligent_kafka to 2026-04-24 06:00:00+00:00, run_after=2026-04-25 06:00:00+00:00
[2026-04-25T23:33:51.784+0000] {processor.py:183} INFO - Processing /opt/airflow/dags/dag_pipeline_complet.py took 0.436 seconds
[2026-04-25T23:34:22.314+0000] {processor.py:161} INFO - Started process (PID=8641) to work on /opt/airflow/dags/dag_pipeline_complet.py
[2026-04-25T23:34:22.316+0000] {processor.py:830} INFO - Processing file /opt/airflow/dags/dag_pipeline_complet.py for tasks to queue
[2026-04-25T23:34:22.329+0000] {logging_mixin.py:188} INFO - [2026-04-25T23:34:22.317+0000] {dagbag.py:545} INFO - Filling up the DagBag from /opt/airflow/dags/dag_pipeline_complet.py
[2026-04-25T23:34:22.521+0000] {processor.py:840} INFO - DAG(s) 'pipeline_job_intelligent_kafka' retrieved from /opt/airflow/dags/dag_pipeline_complet.py
[2026-04-25T23:34:22.751+0000] {logging_mixin.py:188} INFO - [2026-04-25T23:34:22.750+0000] {dag.py:3096} INFO - Sync 1 DAGs
[2026-04-25T23:34:22.916+0000] {logging_mixin.py:188} INFO - [2026-04-25T23:34:22.915+0000] {dag.py:3954} INFO - Setting next_dagrun for pipeline_job_intelligent_kafka to 2026-04-24 06:00:00+00:00, run_after=2026-04-25 06:00:00+00:00
[2026-04-25T23:34:23.075+0000] {processor.py:183} INFO - Processing /opt/airflow/dags/dag_pipeline_complet.py took 0.785 seconds
[2026-04-25T23:34:53.795+0000] {processor.py:161} INFO - Started process (PID=8655) to work on /opt/airflow/dags/dag_pipeline_complet.py
[2026-04-25T23:34:53.797+0000] {processor.py:830} INFO - Processing file /opt/airflow/dags/dag_pipeline_complet.py for tasks to queue
[2026-04-25T23:34:53.799+0000] {logging_mixin.py:188} INFO - [2026-04-25T23:34:53.798+0000] {dagbag.py:545} INFO - Filling up the DagBag from /opt/airflow/dags/dag_pipeline_complet.py
[2026-04-25T23:34:53.855+0000] {processor.py:840} INFO - DAG(s) 'pipeline_job_intelligent_kafka' retrieved from /opt/airflow/dags/dag_pipeline_complet.py
[2026-04-25T23:34:54.008+0000] {logging_mixin.py:188} INFO - [2026-04-25T23:34:54.000+0000] {dag.py:3096} INFO - Sync 1 DAGs
[2026-04-25T23:34:54.134+0000] {logging_mixin.py:188} INFO - [2026-04-25T23:34:54.133+0000] {dag.py:3954} INFO - Setting next_dagrun for pipeline_job_intelligent_kafka to 2026-04-24 06:00:00+00:00, run_after=2026-04-25 06:00:00+00:00
[2026-04-25T23:34:54.202+0000] {processor.py:183} INFO - Processing /opt/airflow/dags/dag_pipeline_complet.py took 0.426 seconds
[2026-04-25T23:35:25.038+0000] {processor.py:161} INFO - Started process (PID=8663) to work on /opt/airflow/dags/dag_pipeline_complet.py
[2026-04-25T23:35:25.040+0000] {processor.py:830} INFO - Processing file /opt/airflow/dags/dag_pipeline_complet.py for tasks to queue
[2026-04-25T23:35:25.042+0000] {logging_mixin.py:188} INFO - [2026-04-25T23:35:25.041+0000] {dagbag.py:545} INFO - Filling up the DagBag from /opt/airflow/dags/dag_pipeline_complet.py
[2026-04-25T23:35:25.083+0000] {processor.py:840} INFO - DAG(s) 'pipeline_job_intelligent_kafka' retrieved from /opt/airflow/dags/dag_pipeline_complet.py
[2026-04-25T23:35:25.150+0000] {logging_mixin.py:188} INFO - [2026-04-25T23:35:25.149+0000] {dag.py:3096} INFO - Sync 1 DAGs
[2026-04-25T23:35:25.231+0000] {logging_mixin.py:188} INFO - [2026-04-25T23:35:25.230+0000] {dag.py:3954} INFO - Setting next_dagrun for pipeline_job_intelligent_kafka to 2026-04-24 06:00:00+00:00, run_after=2026-04-25 06:00:00+00:00
[2026-04-25T23:35:25.302+0000] {processor.py:183} INFO - Processing /opt/airflow/dags/dag_pipeline_complet.py took 0.279 seconds
[2026-04-25T23:35:55.795+0000] {processor.py:161} INFO - Started process (PID=8676) to work on /opt/airflow/dags/dag_pipeline_complet.py
[2026-04-25T23:35:55.799+0000] {processor.py:830} INFO - Processing file /opt/airflow/dags/dag_pipeline_complet.py for tasks to queue
[2026-04-25T23:35:55.810+0000] {logging_mixin.py:188} INFO - [2026-04-25T23:35:55.808+0000] {dagbag.py:545} INFO - Filling up the DagBag from /opt/airflow/dags/dag_pipeline_complet.py
[2026-04-25T23:35:55.891+0000] {processor.py:840} INFO - DAG(s) 'pipeline_job_intelligent_kafka' retrieved from /opt/airflow/dags/dag_pipeline_complet.py
[2026-04-25T23:35:56.051+0000] {logging_mixin.py:188} INFO - [2026-04-25T23:35:56.050+0000] {dag.py:3096} INFO - Sync 1 DAGs
[2026-04-25T23:35:56.161+0000] {logging_mixin.py:188} INFO - [2026-04-25T23:35:56.161+0000] {dag.py:3954} INFO - Setting next_dagrun for pipeline_job_intelligent_kafka to 2026-04-24 06:00:00+00:00, run_after=2026-04-25 06:00:00+00:00
[2026-04-25T23:35:56.242+0000] {processor.py:183} INFO - Processing /opt/airflow/dags/dag_pipeline_complet.py took 0.521 seconds
[2026-04-25T23:36:27.625+0000] {processor.py:161} INFO - Started process (PID=8683) to work on /opt/airflow/dags/dag_pipeline_complet.py
[2026-04-25T23:36:27.657+0000] {processor.py:830} INFO - Processing file /opt/airflow/dags/dag_pipeline_complet.py for tasks to queue
[2026-04-25T23:36:27.669+0000] {logging_mixin.py:188} INFO - [2026-04-25T23:36:27.668+0000] {dagbag.py:545} INFO - Filling up the DagBag from /opt/airflow/dags/dag_pipeline_complet.py
[2026-04-25T23:36:27.885+0000] {processor.py:840} INFO - DAG(s) 'pipeline_job_intelligent_kafka' retrieved from /opt/airflow/dags/dag_pipeline_complet.py
[2026-04-25T23:36:28.308+0000] {logging_mixin.py:188} INFO - [2026-04-25T23:36:28.307+0000] {dag.py:3096} INFO - Sync 1 DAGs
[2026-04-25T23:36:28.604+0000] {logging_mixin.py:188} INFO - [2026-04-25T23:36:28.603+0000] {dag.py:3954} INFO - Setting next_dagrun for pipeline_job_intelligent_kafka to 2026-04-24 06:00:00+00:00, run_after=2026-04-25 06:00:00+00:00
[2026-04-25T23:36:28.932+0000] {processor.py:183} INFO - Processing /opt/airflow/dags/dag_pipeline_complet.py took 1.392 seconds
[2026-04-25T23:36:59.405+0000] {processor.py:161} INFO - Started process (PID=8697) to work on /opt/airflow/dags/dag_pipeline_complet.py
[2026-04-25T23:36:59.408+0000] {processor.py:830} INFO - Processing file /opt/airflow/dags/dag_pipeline_complet.py for tasks to queue
[2026-04-25T23:36:59.410+0000] {logging_mixin.py:188} INFO - [2026-04-25T23:36:59.409+0000] {dagbag.py:545} INFO - Filling up the DagBag from /opt/airflow/dags/dag_pipeline_complet.py
[2026-04-25T23:36:59.486+0000] {processor.py:840} INFO - DAG(s) 'pipeline_job_intelligent_kafka' retrieved from /opt/airflow/dags/dag_pipeline_complet.py
[2026-04-25T23:36:59.709+0000] {logging_mixin.py:188} INFO - [2026-04-25T23:36:59.708+0000] {dag.py:3096} INFO - Sync 1 DAGs
[2026-04-25T23:36:59.799+0000] {logging_mixin.py:188} INFO - [2026-04-25T23:36:59.795+0000] {dag.py:3954} INFO - Setting next_dagrun for pipeline_job_intelligent_kafka to 2026-04-24 06:00:00+00:00, run_after=2026-04-25 06:00:00+00:00
[2026-04-25T23:36:59.994+0000] {processor.py:183} INFO - Processing /opt/airflow/dags/dag_pipeline_complet.py took 0.625 seconds
[2026-04-25T23:37:30.165+0000] {processor.py:161} INFO - Started process (PID=8705) to work on /opt/airflow/dags/dag_pipeline_complet.py
[2026-04-25T23:37:30.167+0000] {processor.py:830} INFO - Processing file /opt/airflow/dags/dag_pipeline_complet.py for tasks to queue
[2026-04-25T23:37:30.169+0000] {logging_mixin.py:188} INFO - [2026-04-25T23:37:30.168+0000] {dagbag.py:545} INFO - Filling up the DagBag from /opt/airflow/dags/dag_pipeline_complet.py
[2026-04-25T23:37:30.213+0000] {processor.py:840} INFO - DAG(s) 'pipeline_job_intelligent_kafka' retrieved from /opt/airflow/dags/dag_pipeline_complet.py
[2026-04-25T23:37:30.284+0000] {logging_mixin.py:188} INFO - [2026-04-25T23:37:30.283+0000] {dag.py:3096} INFO - Sync 1 DAGs
[2026-04-25T23:37:30.341+0000] {logging_mixin.py:188} INFO - [2026-04-25T23:37:30.340+0000] {dag.py:3954} INFO - Setting next_dagrun for pipeline_job_intelligent_kafka to 2026-04-24 06:00:00+00:00, run_after=2026-04-25 06:00:00+00:00
[2026-04-25T23:37:30.409+0000] {processor.py:183} INFO - Processing /opt/airflow/dags/dag_pipeline_complet.py took 0.262 seconds
[2026-04-25T23:38:00.932+0000] {processor.py:161} INFO - Started process (PID=8719) to work on /opt/airflow/dags/dag_pipeline_complet.py
[2026-04-25T23:38:00.934+0000] {processor.py:830} INFO - Processing file /opt/airflow/dags/dag_pipeline_complet.py for tasks to queue
[2026-04-25T23:38:00.937+0000] {logging_mixin.py:188} INFO - [2026-04-25T23:38:00.936+0000] {dagbag.py:545} INFO - Filling up the DagBag from /opt/airflow/dags/dag_pipeline_complet.py
[2026-04-25T23:38:00.970+0000] {processor.py:840} INFO - DAG(s) 'pipeline_job_intelligent_kafka' retrieved from /opt/airflow/dags/dag_pipeline_complet.py
[2026-04-25T23:38:01.051+0000] {logging_mixin.py:188} INFO - [2026-04-25T23:38:01.051+0000] {dag.py:3096} INFO - Sync 1 DAGs
[2026-04-25T23:38:01.135+0000] {logging_mixin.py:188} INFO - [2026-04-25T23:38:01.134+0000] {dag.py:3954} INFO - Setting next_dagrun for pipeline_job_intelligent_kafka to 2026-04-24 06:00:00+00:00, run_after=2026-04-25 06:00:00+00:00
[2026-04-25T23:38:01.228+0000] {processor.py:183} INFO - Processing /opt/airflow/dags/dag_pipeline_complet.py took 0.327 seconds
[2026-04-25T23:38:32.059+0000] {processor.py:161} INFO - Started process (PID=8728) to work on /opt/airflow/dags/dag_pipeline_complet.py
[2026-04-25T23:38:32.061+0000] {processor.py:830} INFO - Processing file /opt/airflow/dags/dag_pipeline_complet.py for tasks to queue
[2026-04-25T23:38:32.064+0000] {logging_mixin.py:188} INFO - [2026-04-25T23:38:32.063+0000] {dagbag.py:545} INFO - Filling up the DagBag from /opt/airflow/dags/dag_pipeline_complet.py
[2026-04-25T23:38:32.110+0000] {processor.py:840} INFO - DAG(s) 'pipeline_job_intelligent_kafka' retrieved from /opt/airflow/dags/dag_pipeline_complet.py
[2026-04-25T23:38:32.202+0000] {logging_mixin.py:188} INFO - [2026-04-25T23:38:32.201+0000] {dag.py:3096} INFO - Sync 1 DAGs
[2026-04-25T23:38:32.311+0000] {logging_mixin.py:188} INFO - [2026-04-25T23:38:32.310+0000] {dag.py:3954} INFO - Setting next_dagrun for pipeline_job_intelligent_kafka to 2026-04-24 06:00:00+00:00, run_after=2026-04-25 06:00:00+00:00
[2026-04-25T23:38:32.406+0000] {processor.py:183} INFO - Processing /opt/airflow/dags/dag_pipeline_complet.py took 0.373 seconds
[2026-04-25T23:39:03.067+0000] {processor.py:161} INFO - Started process (PID=8743) to work on /opt/airflow/dags/dag_pipeline_complet.py
[2026-04-25T23:39:03.068+0000] {processor.py:830} INFO - Processing file /opt/airflow/dags/dag_pipeline_complet.py for tasks to queue
[2026-04-25T23:39:03.071+0000] {logging_mixin.py:188} INFO - [2026-04-25T23:39:03.070+0000] {dagbag.py:545} INFO - Filling up the DagBag from /opt/airflow/dags/dag_pipeline_complet.py
[2026-04-25T23:39:03.107+0000] {processor.py:840} INFO - DAG(s) 'pipeline_job_intelligent_kafka' retrieved from /opt/airflow/dags/dag_pipeline_complet.py
[2026-04-25T23:39:03.167+0000] {logging_mixin.py:188} INFO - [2026-04-25T23:39:03.166+0000] {dag.py:3096} INFO - Sync 1 DAGs
[2026-04-25T23:39:03.207+0000] {logging_mixin.py:188} INFO - [2026-04-25T23:39:03.207+0000] {dag.py:3954} INFO - Setting next_dagrun for pipeline_job_intelligent_kafka to 2026-04-24 06:00:00+00:00, run_after=2026-04-25 06:00:00+00:00
[2026-04-25T23:39:03.257+0000] {processor.py:183} INFO - Processing /opt/airflow/dags/dag_pipeline_complet.py took 0.202 seconds
[2026-04-25T23:39:33.815+0000] {processor.py:161} INFO - Started process (PID=8758) to work on /opt/airflow/dags/dag_pipeline_complet.py
[2026-04-25T23:39:33.820+0000] {processor.py:830} INFO - Processing file /opt/airflow/dags/dag_pipeline_complet.py for tasks to queue
[2026-04-25T23:39:33.831+0000] {logging_mixin.py:188} INFO - [2026-04-25T23:39:33.827+0000] {dagbag.py:545} INFO - Filling up the DagBag from /opt/airflow/dags/dag_pipeline_complet.py
[2026-04-25T23:39:33.969+0000] {processor.py:840} INFO - DAG(s) 'pipeline_job_intelligent_kafka' retrieved from /opt/airflow/dags/dag_pipeline_complet.py
[2026-04-25T23:39:34.452+0000] {logging_mixin.py:188} INFO - [2026-04-25T23:39:34.451+0000] {dag.py:3096} INFO - Sync 1 DAGs
[2026-04-25T23:39:34.891+0000] {logging_mixin.py:188} INFO - [2026-04-25T23:39:34.891+0000] {dag.py:3954} INFO - Setting next_dagrun for pipeline_job_intelligent_kafka to 2026-04-24 06:00:00+00:00, run_after=2026-04-25 06:00:00+00:00
[2026-04-25T23:39:35.298+0000] {processor.py:183} INFO - Processing /opt/airflow/dags/dag_pipeline_complet.py took 1.514 seconds
[2026-04-25T23:40:05.434+0000] {processor.py:161} INFO - Started process (PID=8766) to work on /opt/airflow/dags/dag_pipeline_complet.py
[2026-04-25T23:40:05.442+0000] {processor.py:830} INFO - Processing file /opt/airflow/dags/dag_pipeline_complet.py for tasks to queue
[2026-04-25T23:40:05.445+0000] {logging_mixin.py:188} INFO - [2026-04-25T23:40:05.444+0000] {dagbag.py:545} INFO - Filling up the DagBag from /opt/airflow/dags/dag_pipeline_complet.py
[2026-04-25T23:40:05.502+0000] {processor.py:840} INFO - DAG(s) 'pipeline_job_intelligent_kafka' retrieved from /opt/airflow/dags/dag_pipeline_complet.py
[2026-04-25T23:40:05.605+0000] {logging_mixin.py:188} INFO - [2026-04-25T23:40:05.604+0000] {dag.py:3096} INFO - Sync 1 DAGs
[2026-04-25T23:40:05.664+0000] {logging_mixin.py:188} INFO - [2026-04-25T23:40:05.663+0000] {dag.py:3954} INFO - Setting next_dagrun for pipeline_job_intelligent_kafka to 2026-04-24 06:00:00+00:00, run_after=2026-04-25 06:00:00+00:00
[2026-04-25T23:40:05.704+0000] {processor.py:183} INFO - Processing /opt/airflow/dags/dag_pipeline_complet.py took 0.281 seconds
[2026-04-25T23:40:35.935+0000] {processor.py:161} INFO - Started process (PID=8780) to work on /opt/airflow/dags/dag_pipeline_complet.py
[2026-04-25T23:40:35.938+0000] {processor.py:830} INFO - Processing file /opt/airflow/dags/dag_pipeline_complet.py for tasks to queue
[2026-04-25T23:40:35.940+0000] {logging_mixin.py:188} INFO - [2026-04-25T23:40:35.939+0000] {dagbag.py:545} INFO - Filling up the DagBag from /opt/airflow/dags/dag_pipeline_complet.py
[2026-04-25T23:40:35.980+0000] {processor.py:840} INFO - DAG(s) 'pipeline_job_intelligent_kafka' retrieved from /opt/airflow/dags/dag_pipeline_complet.py
[2026-04-25T23:40:36.073+0000] {logging_mixin.py:188} INFO - [2026-04-25T23:40:36.073+0000] {dag.py:3096} INFO - Sync 1 DAGs
[2026-04-25T23:40:36.130+0000] {logging_mixin.py:188} INFO - [2026-04-25T23:40:36.130+0000] {dag.py:3954} INFO - Setting next_dagrun for pipeline_job_intelligent_kafka to 2026-04-24 06:00:00+00:00, run_after=2026-04-25 06:00:00+00:00
[2026-04-25T23:40:36.180+0000] {processor.py:183} INFO - Processing /opt/airflow/dags/dag_pipeline_complet.py took 0.259 seconds
[2026-04-25T23:41:06.680+0000] {processor.py:161} INFO - Started process (PID=8788) to work on /opt/airflow/dags/dag_pipeline_complet.py
[2026-04-25T23:41:06.693+0000] {processor.py:830} INFO - Processing file /opt/airflow/dags/dag_pipeline_complet.py for tasks to queue
[2026-04-25T23:41:06.725+0000] {logging_mixin.py:188} INFO - [2026-04-25T23:41:06.720+0000] {dagbag.py:545} INFO - Filling up the DagBag from /opt/airflow/dags/dag_pipeline_complet.py
[2026-04-25T23:41:06.855+0000] {processor.py:840} INFO - DAG(s) 'pipeline_job_intelligent_kafka' retrieved from /opt/airflow/dags/dag_pipeline_complet.py
[2026-04-25T23:41:06.938+0000] {logging_mixin.py:188} INFO - [2026-04-25T23:41:06.937+0000] {dag.py:3096} INFO - Sync 1 DAGs
[2026-04-25T23:41:06.984+0000] {logging_mixin.py:188} INFO - [2026-04-25T23:41:06.984+0000] {dag.py:3954} INFO - Setting next_dagrun for pipeline_job_intelligent_kafka to 2026-04-24 06:00:00+00:00, run_after=2026-04-25 06:00:00+00:00
[2026-04-25T23:41:07.028+0000] {processor.py:183} INFO - Processing /opt/airflow/dags/dag_pipeline_complet.py took 0.382 seconds
[2026-04-25T23:41:37.938+0000] {processor.py:161} INFO - Started process (PID=8801) to work on /opt/airflow/dags/dag_pipeline_complet.py
[2026-04-25T23:41:37.949+0000] {processor.py:830} INFO - Processing file /opt/airflow/dags/dag_pipeline_complet.py for tasks to queue
[2026-04-25T23:41:37.951+0000] {logging_mixin.py:188} INFO - [2026-04-25T23:41:37.950+0000] {dagbag.py:545} INFO - Filling up the DagBag from /opt/airflow/dags/dag_pipeline_complet.py
[2026-04-25T23:41:38.013+0000] {processor.py:840} INFO - DAG(s) 'pipeline_job_intelligent_kafka' retrieved from /opt/airflow/dags/dag_pipeline_complet.py
[2026-04-25T23:41:38.165+0000] {logging_mixin.py:188} INFO - [2026-04-25T23:41:38.165+0000] {dag.py:3096} INFO - Sync 1 DAGs
[2026-04-25T23:41:38.281+0000] {logging_mixin.py:188} INFO - [2026-04-25T23:41:38.280+0000] {dag.py:3954} INFO - Setting next_dagrun for pipeline_job_intelligent_kafka to 2026-04-24 06:00:00+00:00, run_after=2026-04-25 06:00:00+00:00
[2026-04-25T23:41:38.397+0000] {processor.py:183} INFO - Processing /opt/airflow/dags/dag_pipeline_complet.py took 0.485 seconds
[2026-04-25T23:42:08.937+0000] {processor.py:161} INFO - Started process (PID=8809) to work on /opt/airflow/dags/dag_pipeline_complet.py
[2026-04-25T23:42:08.956+0000] {processor.py:830} INFO - Processing file /opt/airflow/dags/dag_pipeline_complet.py for tasks to queue
[2026-04-25T23:42:08.973+0000] {logging_mixin.py:188} INFO - [2026-04-25T23:42:08.972+0000] {dagbag.py:545} INFO - Filling up the DagBag from /opt/airflow/dags/dag_pipeline_complet.py
[2026-04-25T23:42:09.152+0000] {processor.py:840} INFO - DAG(s) 'pipeline_job_intelligent_kafka' retrieved from /opt/airflow/dags/dag_pipeline_complet.py
[2026-04-25T23:42:09.295+0000] {logging_mixin.py:188} INFO - [2026-04-25T23:42:09.295+0000] {dag.py:3096} INFO - Sync 1 DAGs
[2026-04-25T23:42:09.386+0000] {logging_mixin.py:188} INFO - [2026-04-25T23:42:09.386+0000] {dag.py:3954} INFO - Setting next_dagrun for pipeline_job_intelligent_kafka to 2026-04-24 06:00:00+00:00, run_after=2026-04-25 06:00:00+00:00
[2026-04-25T23:42:09.438+0000] {processor.py:183} INFO - Processing /opt/airflow/dags/dag_pipeline_complet.py took 0.538 seconds
[2026-04-25T23:42:39.759+0000] {processor.py:161} INFO - Started process (PID=8823) to work on /opt/airflow/dags/dag_pipeline_complet.py
[2026-04-25T23:42:39.761+0000] {processor.py:830} INFO - Processing file /opt/airflow/dags/dag_pipeline_complet.py for tasks to queue
[2026-04-25T23:42:39.772+0000] {logging_mixin.py:188} INFO - [2026-04-25T23:42:39.771+0000] {dagbag.py:545} INFO - Filling up the DagBag from /opt/airflow/dags/dag_pipeline_complet.py
[2026-04-25T23:42:39.854+0000] {processor.py:840} INFO - DAG(s) 'pipeline_job_intelligent_kafka' retrieved from /opt/airflow/dags/dag_pipeline_complet.py
[2026-04-25T23:42:39.963+0000] {logging_mixin.py:188} INFO - [2026-04-25T23:42:39.962+0000] {dag.py:3096} INFO - Sync 1 DAGs
[2026-04-25T23:42:40.029+0000] {logging_mixin.py:188} INFO - [2026-04-25T23:42:40.028+0000] {dag.py:3954} INFO - Setting next_dagrun for pipeline_job_intelligent_kafka to 2026-04-24 06:00:00+00:00, run_after=2026-04-25 06:00:00+00:00
[2026-04-25T23:42:40.074+0000] {processor.py:183} INFO - Processing /opt/airflow/dags/dag_pipeline_complet.py took 0.335 seconds
[2026-04-25T23:43:10.310+0000] {processor.py:161} INFO - Started process (PID=8832) to work on /opt/airflow/dags/dag_pipeline_complet.py
[2026-04-25T23:43:10.312+0000] {processor.py:830} INFO - Processing file /opt/airflow/dags/dag_pipeline_complet.py for tasks to queue
[2026-04-25T23:43:10.314+0000] {logging_mixin.py:188} INFO - [2026-04-25T23:43:10.313+0000] {dagbag.py:545} INFO - Filling up the DagBag from /opt/airflow/dags/dag_pipeline_complet.py
[2026-04-25T23:43:10.367+0000] {processor.py:840} INFO - DAG(s) 'pipeline_job_intelligent_kafka' retrieved from /opt/airflow/dags/dag_pipeline_complet.py
[2026-04-25T23:43:10.455+0000] {logging_mixin.py:188} INFO - [2026-04-25T23:43:10.454+0000] {dag.py:3096} INFO - Sync 1 DAGs
[2026-04-25T23:43:10.527+0000] {logging_mixin.py:188} INFO - [2026-04-25T23:43:10.526+0000] {dag.py:3954} INFO - Setting next_dagrun for pipeline_job_intelligent_kafka to 2026-04-24 06:00:00+00:00, run_after=2026-04-25 06:00:00+00:00
[2026-04-25T23:43:10.636+0000] {processor.py:183} INFO - Processing /opt/airflow/dags/dag_pipeline_complet.py took 0.352 seconds
[2026-04-25T23:43:41.030+0000] {processor.py:161} INFO - Started process (PID=8846) to work on /opt/airflow/dags/dag_pipeline_complet.py
[2026-04-25T23:43:41.033+0000] {processor.py:830} INFO - Processing file /opt/airflow/dags/dag_pipeline_complet.py for tasks to queue
[2026-04-25T23:43:41.036+0000] {logging_mixin.py:188} INFO - [2026-04-25T23:43:41.035+0000] {dagbag.py:545} INFO - Filling up the DagBag from /opt/airflow/dags/dag_pipeline_complet.py
[2026-04-25T23:43:41.105+0000] {processor.py:840} INFO - DAG(s) 'pipeline_job_intelligent_kafka' retrieved from /opt/airflow/dags/dag_pipeline_complet.py
[2026-04-25T23:43:41.255+0000] {logging_mixin.py:188} INFO - [2026-04-25T23:43:41.254+0000] {dag.py:3096} INFO - Sync 1 DAGs
[2026-04-25T23:43:41.309+0000] {logging_mixin.py:188} INFO - [2026-04-25T23:43:41.308+0000] {dag.py:3954} INFO - Setting next_dagrun for pipeline_job_intelligent_kafka to 2026-04-24 06:00:00+00:00, run_after=2026-04-25 06:00:00+00:00
[2026-04-25T23:43:41.414+0000] {processor.py:183} INFO - Processing /opt/airflow/dags/dag_pipeline_complet.py took 0.411 seconds
[2026-04-25T23:44:11.658+0000] {processor.py:161} INFO - Started process (PID=8853) to work on /opt/airflow/dags/dag_pipeline_complet.py
[2026-04-25T23:44:11.671+0000] {processor.py:830} INFO - Processing file /opt/airflow/dags/dag_pipeline_complet.py for tasks to queue
[2026-04-25T23:44:11.689+0000] {logging_mixin.py:188} INFO - [2026-04-25T23:44:11.688+0000] {dagbag.py:545} INFO - Filling up the DagBag from /opt/airflow/dags/dag_pipeline_complet.py
[2026-04-25T23:44:12.096+0000] {processor.py:840} INFO - DAG(s) 'pipeline_job_intelligent_kafka' retrieved from /opt/airflow/dags/dag_pipeline_complet.py
[2026-04-25T23:44:12.329+0000] {logging_mixin.py:188} INFO - [2026-04-25T23:44:12.328+0000] {dag.py:3096} INFO - Sync 1 DAGs
[2026-04-25T23:44:12.421+0000] {logging_mixin.py:188} INFO - [2026-04-25T23:44:12.421+0000] {dag.py:3954} INFO - Setting next_dagrun for pipeline_job_intelligent_kafka to 2026-04-24 06:00:00+00:00, run_after=2026-04-25 06:00:00+00:00
[2026-04-25T23:44:12.496+0000] {processor.py:183} INFO - Processing /opt/airflow/dags/dag_pipeline_complet.py took 0.877 seconds
[2026-04-25T23:44:43.528+0000] {processor.py:161} INFO - Started process (PID=8868) to work on /opt/airflow/dags/dag_pipeline_complet.py
[2026-04-25T23:44:43.538+0000] {processor.py:830} INFO - Processing file /opt/airflow/dags/dag_pipeline_complet.py for tasks to queue
[2026-04-25T23:44:43.541+0000] {logging_mixin.py:188} INFO - [2026-04-25T23:44:43.540+0000] {dagbag.py:545} INFO - Filling up the DagBag from /opt/airflow/dags/dag_pipeline_complet.py
[2026-04-25T23:44:43.610+0000] {processor.py:840} INFO - DAG(s) 'pipeline_job_intelligent_kafka' retrieved from /opt/airflow/dags/dag_pipeline_complet.py
[2026-04-25T23:44:43.714+0000] {logging_mixin.py:188} INFO - [2026-04-25T23:44:43.714+0000] {dag.py:3096} INFO - Sync 1 DAGs
[2026-04-25T23:44:43.781+0000] {logging_mixin.py:188} INFO - [2026-04-25T23:44:43.780+0000] {dag.py:3954} INFO - Setting next_dagrun for pipeline_job_intelligent_kafka to 2026-04-24 06:00:00+00:00, run_after=2026-04-25 06:00:00+00:00
[2026-04-25T23:44:43.837+0000] {processor.py:183} INFO - Processing /opt/airflow/dags/dag_pipeline_complet.py took 0.325 seconds
[2026-04-25T23:45:14.903+0000] {processor.py:161} INFO - Started process (PID=8876) to work on /opt/airflow/dags/dag_pipeline_complet.py
[2026-04-25T23:45:14.907+0000] {processor.py:830} INFO - Processing file /opt/airflow/dags/dag_pipeline_complet.py for tasks to queue
[2026-04-25T23:45:14.911+0000] {logging_mixin.py:188} INFO - [2026-04-25T23:45:14.910+0000] {dagbag.py:545} INFO - Filling up the DagBag from /opt/airflow/dags/dag_pipeline_complet.py
[2026-04-25T23:45:15.046+0000] {processor.py:840} INFO - DAG(s) 'pipeline_job_intelligent_kafka' retrieved from /opt/airflow/dags/dag_pipeline_complet.py
[2026-04-25T23:45:15.237+0000] {logging_mixin.py:188} INFO - [2026-04-25T23:45:15.237+0000] {dag.py:3096} INFO - Sync 1 DAGs
[2026-04-25T23:45:15.346+0000] {logging_mixin.py:188} INFO - [2026-04-25T23:45:15.345+0000] {dag.py:3954} INFO - Setting next_dagrun for pipeline_job_intelligent_kafka to 2026-04-24 06:00:00+00:00, run_after=2026-04-25 06:00:00+00:00
[2026-04-25T23:45:15.408+0000] {processor.py:183} INFO - Processing /opt/airflow/dags/dag_pipeline_complet.py took 0.578 seconds
[2026-04-25T23:45:46.184+0000] {processor.py:161} INFO - Started process (PID=8890) to work on /opt/airflow/dags/dag_pipeline_complet.py
[2026-04-25T23:45:46.186+0000] {processor.py:830} INFO - Processing file /opt/airflow/dags/dag_pipeline_complet.py for tasks to queue
[2026-04-25T23:45:46.188+0000] {logging_mixin.py:188} INFO - [2026-04-25T23:45:46.187+0000] {dagbag.py:545} INFO - Filling up the DagBag from /opt/airflow/dags/dag_pipeline_complet.py
[2026-04-25T23:45:46.254+0000] {processor.py:840} INFO - DAG(s) 'pipeline_job_intelligent_kafka' retrieved from /opt/airflow/dags/dag_pipeline_complet.py
[2026-04-25T23:45:46.357+0000] {logging_mixin.py:188} INFO - [2026-04-25T23:45:46.356+0000] {dag.py:3096} INFO - Sync 1 DAGs
[2026-04-25T23:45:46.445+0000] {logging_mixin.py:188} INFO - [2026-04-25T23:45:46.444+0000] {dag.py:3954} INFO - Setting next_dagrun for pipeline_job_intelligent_kafka to 2026-04-24 06:00:00+00:00, run_after=2026-04-25 06:00:00+00:00
[2026-04-25T23:45:46.500+0000] {processor.py:183} INFO - Processing /opt/airflow/dags/dag_pipeline_complet.py took 0.334 seconds
[2026-04-25T23:46:16.864+0000] {processor.py:161} INFO - Started process (PID=8898) to work on /opt/airflow/dags/dag_pipeline_complet.py
[2026-04-25T23:46:16.867+0000] {processor.py:830} INFO - Processing file /opt/airflow/dags/dag_pipeline_complet.py for tasks to queue
[2026-04-25T23:46:16.873+0000] {logging_mixin.py:188} INFO - [2026-04-25T23:46:16.873+0000] {dagbag.py:545} INFO - Filling up the DagBag from /opt/airflow/dags/dag_pipeline_complet.py
[2026-04-25T23:46:16.939+0000] {processor.py:840} INFO - DAG(s) 'pipeline_job_intelligent_kafka' retrieved from /opt/airflow/dags/dag_pipeline_complet.py
[2026-04-25T23:46:17.205+0000] {logging_mixin.py:188} INFO - [2026-04-25T23:46:17.205+0000] {dag.py:3096} INFO - Sync 1 DAGs
[2026-04-25T23:46:17.357+0000] {logging_mixin.py:188} INFO - [2026-04-25T23:46:17.344+0000] {dag.py:3954} INFO - Setting next_dagrun for pipeline_job_intelligent_kafka to 2026-04-24 06:00:00+00:00, run_after=2026-04-25 06:00:00+00:00
[2026-04-25T23:46:17.489+0000] {processor.py:183} INFO - Processing /opt/airflow/dags/dag_pipeline_complet.py took 0.664 seconds
[2026-04-25T23:46:48.274+0000] {processor.py:161} INFO - Started process (PID=8913) to work on /opt/airflow/dags/dag_pipeline_complet.py
[2026-04-25T23:46:48.276+0000] {processor.py:830} INFO - Processing file /opt/airflow/dags/dag_pipeline_complet.py for tasks to queue
[2026-04-25T23:46:48.278+0000] {logging_mixin.py:188} INFO - [2026-04-25T23:46:48.277+0000] {dagbag.py:545} INFO - Filling up the DagBag from /opt/airflow/dags/dag_pipeline_complet.py
[2026-04-25T23:46:48.320+0000] {processor.py:840} INFO - DAG(s) 'pipeline_job_intelligent_kafka' retrieved from /opt/airflow/dags/dag_pipeline_complet.py
[2026-04-25T23:46:48.395+0000] {logging_mixin.py:188} INFO - [2026-04-25T23:46:48.395+0000] {dag.py:3096} INFO - Sync 1 DAGs
[2026-04-25T23:46:48.447+0000] {logging_mixin.py:188} INFO - [2026-04-25T23:46:48.447+0000] {dag.py:3954} INFO - Setting next_dagrun for pipeline_job_intelligent_kafka to 2026-04-24 06:00:00+00:00, run_after=2026-04-25 06:00:00+00:00
[2026-04-25T23:46:48.486+0000] {processor.py:183} INFO - Processing /opt/airflow/dags/dag_pipeline_complet.py took 0.227 seconds
[2026-04-25T23:47:19.089+0000] {processor.py:161} INFO - Started process (PID=8928) to work on /opt/airflow/dags/dag_pipeline_complet.py
[2026-04-25T23:47:19.102+0000] {processor.py:830} INFO - Processing file /opt/airflow/dags/dag_pipeline_complet.py for tasks to queue
[2026-04-25T23:47:19.105+0000] {logging_mixin.py:188} INFO - [2026-04-25T23:47:19.104+0000] {dagbag.py:545} INFO - Filling up the DagBag from /opt/airflow/dags/dag_pipeline_complet.py
[2026-04-25T23:47:19.308+0000] {processor.py:840} INFO - DAG(s) 'pipeline_job_intelligent_kafka' retrieved from /opt/airflow/dags/dag_pipeline_complet.py
[2026-04-25T23:47:19.410+0000] {logging_mixin.py:188} INFO - [2026-04-25T23:47:19.410+0000] {dag.py:3096} INFO - Sync 1 DAGs
[2026-04-25T23:47:19.451+0000] {logging_mixin.py:188} INFO - [2026-04-25T23:47:19.451+0000] {dag.py:3954} INFO - Setting next_dagrun for pipeline_job_intelligent_kafka to 2026-04-24 06:00:00+00:00, run_after=2026-04-25 06:00:00+00:00
[2026-04-25T23:47:19.490+0000] {processor.py:183} INFO - Processing /opt/airflow/dags/dag_pipeline_complet.py took 0.426 seconds
[2026-04-25T23:47:50.330+0000] {processor.py:161} INFO - Started process (PID=8936) to work on /opt/airflow/dags/dag_pipeline_complet.py
[2026-04-25T23:47:50.332+0000] {processor.py:830} INFO - Processing file /opt/airflow/dags/dag_pipeline_complet.py for tasks to queue
[2026-04-25T23:47:50.337+0000] {logging_mixin.py:188} INFO - [2026-04-25T23:47:50.336+0000] {dagbag.py:545} INFO - Filling up the DagBag from /opt/airflow/dags/dag_pipeline_complet.py
[2026-04-25T23:47:50.452+0000] {processor.py:840} INFO - DAG(s) 'pipeline_job_intelligent_kafka' retrieved from /opt/airflow/dags/dag_pipeline_complet.py
[2026-04-25T23:47:50.606+0000] {logging_mixin.py:188} INFO - [2026-04-25T23:47:50.605+0000] {dag.py:3096} INFO - Sync 1 DAGs
[2026-04-25T23:47:50.698+0000] {logging_mixin.py:188} INFO - [2026-04-25T23:47:50.698+0000] {dag.py:3954} INFO - Setting next_dagrun for pipeline_job_intelligent_kafka to 2026-04-24 06:00:00+00:00, run_after=2026-04-25 06:00:00+00:00
[2026-04-25T23:47:50.789+0000] {processor.py:183} INFO - Processing /opt/airflow/dags/dag_pipeline_complet.py took 0.482 seconds
[2026-04-25T23:48:21.537+0000] {processor.py:161} INFO - Started process (PID=8951) to work on /opt/airflow/dags/dag_pipeline_complet.py
[2026-04-25T23:48:21.540+0000] {processor.py:830} INFO - Processing file /opt/airflow/dags/dag_pipeline_complet.py for tasks to queue
[2026-04-25T23:48:21.542+0000] {logging_mixin.py:188} INFO - [2026-04-25T23:48:21.541+0000] {dagbag.py:545} INFO - Filling up the DagBag from /opt/airflow/dags/dag_pipeline_complet.py
[2026-04-25T23:48:21.617+0000] {processor.py:840} INFO - DAG(s) 'pipeline_job_intelligent_kafka' retrieved from /opt/airflow/dags/dag_pipeline_complet.py
[2026-04-25T23:48:21.673+0000] {logging_mixin.py:188} INFO - [2026-04-25T23:48:21.673+0000] {dag.py:3096} INFO - Sync 1 DAGs
[2026-04-25T23:48:21.716+0000] {logging_mixin.py:188} INFO - [2026-04-25T23:48:21.716+0000] {dag.py:3954} INFO - Setting next_dagrun for pipeline_job_intelligent_kafka to 2026-04-24 06:00:00+00:00, run_after=2026-04-25 06:00:00+00:00
[2026-04-25T23:48:21.754+0000] {processor.py:183} INFO - Processing /opt/airflow/dags/dag_pipeline_complet.py took 0.250 seconds
[2026-04-25T23:48:52.275+0000] {processor.py:161} INFO - Started process (PID=8959) to work on /opt/airflow/dags/dag_pipeline_complet.py
[2026-04-25T23:48:52.277+0000] {processor.py:830} INFO - Processing file /opt/airflow/dags/dag_pipeline_complet.py for tasks to queue
[2026-04-25T23:48:52.280+0000] {logging_mixin.py:188} INFO - [2026-04-25T23:48:52.279+0000] {dagbag.py:545} INFO - Filling up the DagBag from /opt/airflow/dags/dag_pipeline_complet.py
[2026-04-25T23:48:52.341+0000] {processor.py:840} INFO - DAG(s) 'pipeline_job_intelligent_kafka' retrieved from /opt/airflow/dags/dag_pipeline_complet.py
[2026-04-25T23:48:52.431+0000] {logging_mixin.py:188} INFO - [2026-04-25T23:48:52.430+0000] {dag.py:3096} INFO - Sync 1 DAGs
[2026-04-25T23:48:52.506+0000] {logging_mixin.py:188} INFO - [2026-04-25T23:48:52.505+0000] {dag.py:3954} INFO - Setting next_dagrun for pipeline_job_intelligent_kafka to 2026-04-24 06:00:00+00:00, run_after=2026-04-25 06:00:00+00:00
[2026-04-25T23:48:52.557+0000] {processor.py:183} INFO - Processing /opt/airflow/dags/dag_pipeline_complet.py took 0.312 seconds
[2026-04-25T23:49:23.487+0000] {processor.py:161} INFO - Started process (PID=8973) to work on /opt/airflow/dags/dag_pipeline_complet.py
[2026-04-25T23:49:23.490+0000] {processor.py:830} INFO - Processing file /opt/airflow/dags/dag_pipeline_complet.py for tasks to queue
[2026-04-25T23:49:23.492+0000] {logging_mixin.py:188} INFO - [2026-04-25T23:49:23.491+0000] {dagbag.py:545} INFO - Filling up the DagBag from /opt/airflow/dags/dag_pipeline_complet.py
[2026-04-25T23:49:23.534+0000] {processor.py:840} INFO - DAG(s) 'pipeline_job_intelligent_kafka' retrieved from /opt/airflow/dags/dag_pipeline_complet.py
[2026-04-25T23:49:23.607+0000] {logging_mixin.py:188} INFO - [2026-04-25T23:49:23.606+0000] {dag.py:3096} INFO - Sync 1 DAGs
[2026-04-25T23:49:23.655+0000] {logging_mixin.py:188} INFO - [2026-04-25T23:49:23.654+0000] {dag.py:3954} INFO - Setting next_dagrun for pipeline_job_intelligent_kafka to 2026-04-24 06:00:00+00:00, run_after=2026-04-25 06:00:00+00:00
[2026-04-25T23:49:23.696+0000] {processor.py:183} INFO - Processing /opt/airflow/dags/dag_pipeline_complet.py took 0.224 seconds
[2026-04-25T23:49:54.219+0000] {processor.py:161} INFO - Started process (PID=8981) to work on /opt/airflow/dags/dag_pipeline_complet.py
[2026-04-25T23:49:54.222+0000] {processor.py:830} INFO - Processing file /opt/airflow/dags/dag_pipeline_complet.py for tasks to queue
[2026-04-25T23:49:54.224+0000] {logging_mixin.py:188} INFO - [2026-04-25T23:49:54.223+0000] {dagbag.py:545} INFO - Filling up the DagBag from /opt/airflow/dags/dag_pipeline_complet.py
[2026-04-25T23:49:54.284+0000] {processor.py:840} INFO - DAG(s) 'pipeline_job_intelligent_kafka' retrieved from /opt/airflow/dags/dag_pipeline_complet.py
[2026-04-25T23:49:54.375+0000] {logging_mixin.py:188} INFO - [2026-04-25T23:49:54.374+0000] {dag.py:3096} INFO - Sync 1 DAGs
[2026-04-25T23:49:54.436+0000] {logging_mixin.py:188} INFO - [2026-04-25T23:49:54.435+0000] {dag.py:3954} INFO - Setting next_dagrun for pipeline_job_intelligent_kafka to 2026-04-24 06:00:00+00:00, run_after=2026-04-25 06:00:00+00:00
[2026-04-25T23:49:54.484+0000] {processor.py:183} INFO - Processing /opt/airflow/dags/dag_pipeline_complet.py took 0.283 seconds
[2026-04-25T23:50:25.263+0000] {processor.py:161} INFO - Started process (PID=8994) to work on /opt/airflow/dags/dag_pipeline_complet.py
[2026-04-25T23:50:25.275+0000] {processor.py:830} INFO - Processing file /opt/airflow/dags/dag_pipeline_complet.py for tasks to queue
[2026-04-25T23:50:25.295+0000] {logging_mixin.py:188} INFO - [2026-04-25T23:50:25.293+0000] {dagbag.py:545} INFO - Filling up the DagBag from /opt/airflow/dags/dag_pipeline_complet.py
[2026-04-25T23:50:25.374+0000] {processor.py:840} INFO - DAG(s) 'pipeline_job_intelligent_kafka' retrieved from /opt/airflow/dags/dag_pipeline_complet.py
[2026-04-25T23:50:25.484+0000] {logging_mixin.py:188} INFO - [2026-04-25T23:50:25.484+0000] {dag.py:3096} INFO - Sync 1 DAGs
[2026-04-25T23:50:25.530+0000] {logging_mixin.py:188} INFO - [2026-04-25T23:50:25.529+0000] {dag.py:3954} INFO - Setting next_dagrun for pipeline_job_intelligent_kafka to 2026-04-24 06:00:00+00:00, run_after=2026-04-25 06:00:00+00:00
[2026-04-25T23:50:25.572+0000] {processor.py:183} INFO - Processing /opt/airflow/dags/dag_pipeline_complet.py took 0.364 seconds
[2026-04-25T23:50:56.334+0000] {processor.py:161} INFO - Started process (PID=9002) to work on /opt/airflow/dags/dag_pipeline_complet.py
[2026-04-25T23:50:56.335+0000] {processor.py:830} INFO - Processing file /opt/airflow/dags/dag_pipeline_complet.py for tasks to queue
[2026-04-25T23:50:56.338+0000] {logging_mixin.py:188} INFO - [2026-04-25T23:50:56.337+0000] {dagbag.py:545} INFO - Filling up the DagBag from /opt/airflow/dags/dag_pipeline_complet.py
[2026-04-25T23:50:56.394+0000] {processor.py:840} INFO - DAG(s) 'pipeline_job_intelligent_kafka' retrieved from /opt/airflow/dags/dag_pipeline_complet.py
[2026-04-25T23:50:56.499+0000] {logging_mixin.py:188} INFO - [2026-04-25T23:50:56.499+0000] {dag.py:3096} INFO - Sync 1 DAGs
[2026-04-25T23:50:56.568+0000] {logging_mixin.py:188} INFO - [2026-04-25T23:50:56.568+0000] {dag.py:3954} INFO - Setting next_dagrun for pipeline_job_intelligent_kafka to 2026-04-24 06:00:00+00:00, run_after=2026-04-25 06:00:00+00:00
[2026-04-25T23:50:56.637+0000] {processor.py:183} INFO - Processing /opt/airflow/dags/dag_pipeline_complet.py took 0.322 seconds
[2026-04-25T23:51:27.126+0000] {processor.py:161} INFO - Started process (PID=9016) to work on /opt/airflow/dags/dag_pipeline_complet.py
[2026-04-25T23:51:27.132+0000] {processor.py:830} INFO - Processing file /opt/airflow/dags/dag_pipeline_complet.py for tasks to queue
[2026-04-25T23:51:27.137+0000] {logging_mixin.py:188} INFO - [2026-04-25T23:51:27.136+0000] {dagbag.py:545} INFO - Filling up the DagBag from /opt/airflow/dags/dag_pipeline_complet.py
[2026-04-25T23:51:27.370+0000] {processor.py:840} INFO - DAG(s) 'pipeline_job_intelligent_kafka' retrieved from /opt/airflow/dags/dag_pipeline_complet.py
[2026-04-25T23:51:27.473+0000] {logging_mixin.py:188} INFO - [2026-04-25T23:51:27.472+0000] {dag.py:3096} INFO - Sync 1 DAGs
[2026-04-25T23:51:27.544+0000] {logging_mixin.py:188} INFO - [2026-04-25T23:51:27.543+0000] {dag.py:3954} INFO - Setting next_dagrun for pipeline_job_intelligent_kafka to 2026-04-24 06:00:00+00:00, run_after=2026-04-25 06:00:00+00:00
[2026-04-25T23:51:27.620+0000] {processor.py:183} INFO - Processing /opt/airflow/dags/dag_pipeline_complet.py took 0.535 seconds
[2026-04-25T23:51:58.332+0000] {processor.py:161} INFO - Started process (PID=9024) to work on /opt/airflow/dags/dag_pipeline_complet.py
[2026-04-25T23:51:58.345+0000] {processor.py:830} INFO - Processing file /opt/airflow/dags/dag_pipeline_complet.py for tasks to queue
[2026-04-25T23:51:58.347+0000] {logging_mixin.py:188} INFO - [2026-04-25T23:51:58.347+0000] {dagbag.py:545} INFO - Filling up the DagBag from /opt/airflow/dags/dag_pipeline_complet.py
[2026-04-25T23:51:58.428+0000] {processor.py:840} INFO - DAG(s) 'pipeline_job_intelligent_kafka' retrieved from /opt/airflow/dags/dag_pipeline_complet.py
[2026-04-25T23:51:58.569+0000] {logging_mixin.py:188} INFO - [2026-04-25T23:51:58.568+0000] {dag.py:3096} INFO - Sync 1 DAGs
[2026-04-25T23:51:58.683+0000] {logging_mixin.py:188} INFO - [2026-04-25T23:51:58.683+0000] {dag.py:3954} INFO - Setting next_dagrun for pipeline_job_intelligent_kafka to 2026-04-24 06:00:00+00:00, run_after=2026-04-25 06:00:00+00:00
[2026-04-25T23:51:58.777+0000] {processor.py:183} INFO - Processing /opt/airflow/dags/dag_pipeline_complet.py took 0.481 seconds
[2026-04-25T23:52:28.987+0000] {processor.py:161} INFO - Started process (PID=9038) to work on /opt/airflow/dags/dag_pipeline_complet.py
[2026-04-25T23:52:29.009+0000] {processor.py:830} INFO - Processing file /opt/airflow/dags/dag_pipeline_complet.py for tasks to queue
[2026-04-25T23:52:29.026+0000] {logging_mixin.py:188} INFO - [2026-04-25T23:52:29.025+0000] {dagbag.py:545} INFO - Filling up the DagBag from /opt/airflow/dags/dag_pipeline_complet.py
[2026-04-25T23:52:29.176+0000] {processor.py:840} INFO - DAG(s) 'pipeline_job_intelligent_kafka' retrieved from /opt/airflow/dags/dag_pipeline_complet.py
[2026-04-25T23:52:29.451+0000] {logging_mixin.py:188} INFO - [2026-04-25T23:52:29.451+0000] {dag.py:3096} INFO - Sync 1 DAGs
[2026-04-25T23:52:29.802+0000] {logging_mixin.py:188} INFO - [2026-04-25T23:52:29.802+0000] {dag.py:3954} INFO - Setting next_dagrun for pipeline_job_intelligent_kafka to 2026-04-24 06:00:00+00:00, run_after=2026-04-25 06:00:00+00:00
[2026-04-25T23:52:30.424+0000] {processor.py:183} INFO - Processing /opt/airflow/dags/dag_pipeline_complet.py took 1.472 seconds
[2026-04-25T23:53:05.644+0000] {processor.py:161} INFO - Started process (PID=9052) to work on /opt/airflow/dags/dag_pipeline_complet.py
[2026-04-25T23:53:05.677+0000] {processor.py:830} INFO - Processing file /opt/airflow/dags/dag_pipeline_complet.py for tasks to queue
[2026-04-25T23:53:05.693+0000] {logging_mixin.py:188} INFO - [2026-04-25T23:53:05.692+0000] {dagbag.py:545} INFO - Filling up the DagBag from /opt/airflow/dags/dag_pipeline_complet.py
[2026-04-25T23:53:08.248+0000] {processor.py:840} INFO - DAG(s) 'pipeline_job_intelligent_kafka' retrieved from /opt/airflow/dags/dag_pipeline_complet.py
[2026-04-25T23:53:09.034+0000] {logging_mixin.py:188} INFO - [2026-04-25T23:53:09.033+0000] {dag.py:3096} INFO - Sync 1 DAGs
[2026-04-25T23:53:09.586+0000] {logging_mixin.py:188} INFO - [2026-04-25T23:53:09.586+0000] {dag.py:3954} INFO - Setting next_dagrun for pipeline_job_intelligent_kafka to 2026-04-24 06:00:00+00:00, run_after=2026-04-25 06:00:00+00:00
[2026-04-25T23:53:10.001+0000] {processor.py:183} INFO - Processing /opt/airflow/dags/dag_pipeline_complet.py took 4.420 seconds
[2026-04-25T23:53:42.464+0000] {processor.py:161} INFO - Started process (PID=9060) to work on /opt/airflow/dags/dag_pipeline_complet.py
[2026-04-25T23:53:42.494+0000] {processor.py:830} INFO - Processing file /opt/airflow/dags/dag_pipeline_complet.py for tasks to queue
[2026-04-25T23:53:42.523+0000] {logging_mixin.py:188} INFO - [2026-04-25T23:53:42.510+0000] {dagbag.py:545} INFO - Filling up the DagBag from /opt/airflow/dags/dag_pipeline_complet.py
[2026-04-25T23:53:43.881+0000] {processor.py:840} INFO - DAG(s) 'pipeline_job_intelligent_kafka' retrieved from /opt/airflow/dags/dag_pipeline_complet.py
[2026-04-25T23:53:44.731+0000] {logging_mixin.py:188} INFO - [2026-04-25T23:53:44.731+0000] {dag.py:3096} INFO - Sync 1 DAGs
[2026-04-25T23:53:45.128+0000] {logging_mixin.py:188} INFO - [2026-04-25T23:53:45.127+0000] {dag.py:3954} INFO - Setting next_dagrun for pipeline_job_intelligent_kafka to 2026-04-24 06:00:00+00:00, run_after=2026-04-25 06:00:00+00:00
[2026-04-25T23:53:45.684+0000] {processor.py:183} INFO - Processing /opt/airflow/dags/dag_pipeline_complet.py took 3.320 seconds
[2026-04-25T23:54:21.042+0000] {processor.py:161} INFO - Started process (PID=9075) to work on /opt/airflow/dags/dag_pipeline_complet.py
[2026-04-25T23:54:21.073+0000] {processor.py:830} INFO - Processing file /opt/airflow/dags/dag_pipeline_complet.py for tasks to queue
[2026-04-25T23:54:21.106+0000] {logging_mixin.py:188} INFO - [2026-04-25T23:54:21.105+0000] {dagbag.py:545} INFO - Filling up the DagBag from /opt/airflow/dags/dag_pipeline_complet.py
[2026-04-25T23:54:23.468+0000] {processor.py:840} INFO - DAG(s) 'pipeline_job_intelligent_kafka' retrieved from /opt/airflow/dags/dag_pipeline_complet.py
[2026-04-25T23:54:24.439+0000] {logging_mixin.py:188} INFO - [2026-04-25T23:54:24.439+0000] {dag.py:3096} INFO - Sync 1 DAGs
[2026-04-25T23:54:24.813+0000] {logging_mixin.py:188} INFO - [2026-04-25T23:54:24.812+0000] {dag.py:3954} INFO - Setting next_dagrun for pipeline_job_intelligent_kafka to 2026-04-24 06:00:00+00:00, run_after=2026-04-25 06:00:00+00:00
[2026-04-25T23:54:25.205+0000] {processor.py:183} INFO - Processing /opt/airflow/dags/dag_pipeline_complet.py took 4.277 seconds
[2026-04-25T23:54:56.118+0000] {processor.py:161} INFO - Started process (PID=9089) to work on /opt/airflow/dags/dag_pipeline_complet.py
[2026-04-25T23:54:56.156+0000] {processor.py:830} INFO - Processing file /opt/airflow/dags/dag_pipeline_complet.py for tasks to queue
[2026-04-25T23:54:56.175+0000] {logging_mixin.py:188} INFO - [2026-04-25T23:54:56.163+0000] {dagbag.py:545} INFO - Filling up the DagBag from /opt/airflow/dags/dag_pipeline_complet.py
[2026-04-25T23:54:56.461+0000] {processor.py:840} INFO - DAG(s) 'pipeline_job_intelligent_kafka' retrieved from /opt/airflow/dags/dag_pipeline_complet.py
[2026-04-25T23:54:57.263+0000] {logging_mixin.py:188} INFO - [2026-04-25T23:54:57.250+0000] {dag.py:3096} INFO - Sync 1 DAGs
[2026-04-25T23:54:57.494+0000] {logging_mixin.py:188} INFO - [2026-04-25T23:54:57.493+0000] {dag.py:3954} INFO - Setting next_dagrun for pipeline_job_intelligent_kafka to 2026-04-24 06:00:00+00:00, run_after=2026-04-25 06:00:00+00:00
[2026-04-25T23:54:57.635+0000] {processor.py:183} INFO - Processing /opt/airflow/dags/dag_pipeline_complet.py took 1.616 seconds
[2026-04-25T23:55:28.628+0000] {processor.py:161} INFO - Started process (PID=9104) to work on /opt/airflow/dags/dag_pipeline_complet.py
[2026-04-25T23:55:28.639+0000] {processor.py:830} INFO - Processing file /opt/airflow/dags/dag_pipeline_complet.py for tasks to queue
[2026-04-25T23:55:28.657+0000] {logging_mixin.py:188} INFO - [2026-04-25T23:55:28.656+0000] {dagbag.py:545} INFO - Filling up the DagBag from /opt/airflow/dags/dag_pipeline_complet.py
[2026-04-25T23:55:28.932+0000] {processor.py:840} INFO - DAG(s) 'pipeline_job_intelligent_kafka' retrieved from /opt/airflow/dags/dag_pipeline_complet.py
[2026-04-25T23:55:29.250+0000] {logging_mixin.py:188} INFO - [2026-04-25T23:55:29.249+0000] {dag.py:3096} INFO - Sync 1 DAGs
[2026-04-25T23:55:29.641+0000] {logging_mixin.py:188} INFO - [2026-04-25T23:55:29.641+0000] {dag.py:3954} INFO - Setting next_dagrun for pipeline_job_intelligent_kafka to 2026-04-24 06:00:00+00:00, run_after=2026-04-25 06:00:00+00:00
[2026-04-25T23:55:29.915+0000] {processor.py:183} INFO - Processing /opt/airflow/dags/dag_pipeline_complet.py took 1.326 seconds
[2026-04-25T23:56:00.249+0000] {processor.py:161} INFO - Started process (PID=9112) to work on /opt/airflow/dags/dag_pipeline_complet.py
[2026-04-25T23:56:00.254+0000] {processor.py:830} INFO - Processing file /opt/airflow/dags/dag_pipeline_complet.py for tasks to queue
[2026-04-25T23:56:00.259+0000] {logging_mixin.py:188} INFO - [2026-04-25T23:56:00.258+0000] {dagbag.py:545} INFO - Filling up the DagBag from /opt/airflow/dags/dag_pipeline_complet.py
[2026-04-25T23:56:00.347+0000] {processor.py:840} INFO - DAG(s) 'pipeline_job_intelligent_kafka' retrieved from /opt/airflow/dags/dag_pipeline_complet.py
[2026-04-25T23:56:00.629+0000] {logging_mixin.py:188} INFO - [2026-04-25T23:56:00.620+0000] {dag.py:3096} INFO - Sync 1 DAGs
[2026-04-25T23:56:00.859+0000] {logging_mixin.py:188} INFO - [2026-04-25T23:56:00.858+0000] {dag.py:3954} INFO - Setting next_dagrun for pipeline_job_intelligent_kafka to 2026-04-24 06:00:00+00:00, run_after=2026-04-25 06:00:00+00:00
[2026-04-25T23:56:01.058+0000] {processor.py:183} INFO - Processing /opt/airflow/dags/dag_pipeline_complet.py took 0.828 seconds
[2026-04-25T23:56:32.611+0000] {processor.py:161} INFO - Started process (PID=9125) to work on /opt/airflow/dags/dag_pipeline_complet.py
[2026-04-25T23:56:32.640+0000] {processor.py:830} INFO - Processing file /opt/airflow/dags/dag_pipeline_complet.py for tasks to queue
[2026-04-25T23:56:32.674+0000] {logging_mixin.py:188} INFO - [2026-04-25T23:56:32.673+0000] {dagbag.py:545} INFO - Filling up the DagBag from /opt/airflow/dags/dag_pipeline_complet.py
[2026-04-25T23:56:33.286+0000] {processor.py:840} INFO - DAG(s) 'pipeline_job_intelligent_kafka' retrieved from /opt/airflow/dags/dag_pipeline_complet.py
[2026-04-25T23:56:33.601+0000] {logging_mixin.py:188} INFO - [2026-04-25T23:56:33.601+0000] {dag.py:3096} INFO - Sync 1 DAGs
[2026-04-25T23:56:33.918+0000] {logging_mixin.py:188} INFO - [2026-04-25T23:56:33.917+0000] {dag.py:3954} INFO - Setting next_dagrun for pipeline_job_intelligent_kafka to 2026-04-24 06:00:00+00:00, run_after=2026-04-25 06:00:00+00:00
[2026-04-25T23:56:34.324+0000] {processor.py:183} INFO - Processing /opt/airflow/dags/dag_pipeline_complet.py took 1.774 seconds
[2026-04-25T23:57:05.089+0000] {processor.py:161} INFO - Started process (PID=9133) to work on /opt/airflow/dags/dag_pipeline_complet.py
[2026-04-25T23:57:05.095+0000] {processor.py:830} INFO - Processing file /opt/airflow/dags/dag_pipeline_complet.py for tasks to queue
[2026-04-25T23:57:05.114+0000] {logging_mixin.py:188} INFO - [2026-04-25T23:57:05.111+0000] {dagbag.py:545} INFO - Filling up the DagBag from /opt/airflow/dags/dag_pipeline_complet.py
[2026-04-25T23:57:05.283+0000] {processor.py:840} INFO - DAG(s) 'pipeline_job_intelligent_kafka' retrieved from /opt/airflow/dags/dag_pipeline_complet.py
[2026-04-25T23:57:05.656+0000] {logging_mixin.py:188} INFO - [2026-04-25T23:57:05.656+0000] {dag.py:3096} INFO - Sync 1 DAGs
[2026-04-25T23:57:06.077+0000] {logging_mixin.py:188} INFO - [2026-04-25T23:57:06.076+0000] {dag.py:3954} INFO - Setting next_dagrun for pipeline_job_intelligent_kafka to 2026-04-24 06:00:00+00:00, run_after=2026-04-25 06:00:00+00:00
[2026-04-25T23:57:06.242+0000] {processor.py:183} INFO - Processing /opt/airflow/dags/dag_pipeline_complet.py took 1.177 seconds
[2026-04-25T23:57:38.660+0000] {processor.py:161} INFO - Started process (PID=9147) to work on /opt/airflow/dags/dag_pipeline_complet.py
[2026-04-25T23:57:38.662+0000] {processor.py:830} INFO - Processing file /opt/airflow/dags/dag_pipeline_complet.py for tasks to queue
[2026-04-25T23:57:38.665+0000] {logging_mixin.py:188} INFO - [2026-04-25T23:57:38.664+0000] {dagbag.py:545} INFO - Filling up the DagBag from /opt/airflow/dags/dag_pipeline_complet.py
[2026-04-25T23:57:39.572+0000] {processor.py:840} INFO - DAG(s) 'pipeline_job_intelligent_kafka' retrieved from /opt/airflow/dags/dag_pipeline_complet.py
[2026-04-25T23:57:40.125+0000] {logging_mixin.py:188} INFO - [2026-04-25T23:57:40.125+0000] {dag.py:3096} INFO - Sync 1 DAGs
[2026-04-25T23:57:40.541+0000] {logging_mixin.py:188} INFO - [2026-04-25T23:57:40.528+0000] {dag.py:3954} INFO - Setting next_dagrun for pipeline_job_intelligent_kafka to 2026-04-24 06:00:00+00:00, run_after=2026-04-25 06:00:00+00:00
[2026-04-25T23:57:41.180+0000] {processor.py:183} INFO - Processing /opt/airflow/dags/dag_pipeline_complet.py took 2.613 seconds
[2026-04-25T23:58:12.030+0000] {processor.py:161} INFO - Started process (PID=9156) to work on /opt/airflow/dags/dag_pipeline_complet.py
[2026-04-25T23:58:12.032+0000] {processor.py:830} INFO - Processing file /opt/airflow/dags/dag_pipeline_complet.py for tasks to queue
[2026-04-25T23:58:12.046+0000] {logging_mixin.py:188} INFO - [2026-04-25T23:58:12.045+0000] {dagbag.py:545} INFO - Filling up the DagBag from /opt/airflow/dags/dag_pipeline_complet.py
[2026-04-25T23:58:12.240+0000] {processor.py:840} INFO - DAG(s) 'pipeline_job_intelligent_kafka' retrieved from /opt/airflow/dags/dag_pipeline_complet.py
[2026-04-25T23:58:12.629+0000] {logging_mixin.py:188} INFO - [2026-04-25T23:58:12.628+0000] {dag.py:3096} INFO - Sync 1 DAGs
[2026-04-25T23:58:12.890+0000] {logging_mixin.py:188} INFO - [2026-04-25T23:58:12.885+0000] {dag.py:3954} INFO - Setting next_dagrun for pipeline_job_intelligent_kafka to 2026-04-24 06:00:00+00:00, run_after=2026-04-25 06:00:00+00:00
[2026-04-25T23:58:13.259+0000] {processor.py:183} INFO - Processing /opt/airflow/dags/dag_pipeline_complet.py took 1.286 seconds
[2026-04-25T23:58:43.503+0000] {processor.py:161} INFO - Started process (PID=9170) to work on /opt/airflow/dags/dag_pipeline_complet.py
[2026-04-25T23:58:43.506+0000] {processor.py:830} INFO - Processing file /opt/airflow/dags/dag_pipeline_complet.py for tasks to queue
[2026-04-25T23:58:43.513+0000] {logging_mixin.py:188} INFO - [2026-04-25T23:58:43.512+0000] {dagbag.py:545} INFO - Filling up the DagBag from /opt/airflow/dags/dag_pipeline_complet.py
[2026-04-25T23:58:43.719+0000] {processor.py:840} INFO - DAG(s) 'pipeline_job_intelligent_kafka' retrieved from /opt/airflow/dags/dag_pipeline_complet.py
[2026-04-25T23:58:43.995+0000] {logging_mixin.py:188} INFO - [2026-04-25T23:58:43.995+0000] {dag.py:3096} INFO - Sync 1 DAGs
[2026-04-25T23:58:44.281+0000] {logging_mixin.py:188} INFO - [2026-04-25T23:58:44.265+0000] {dag.py:3954} INFO - Setting next_dagrun for pipeline_job_intelligent_kafka to 2026-04-24 06:00:00+00:00, run_after=2026-04-25 06:00:00+00:00
[2026-04-25T23:58:44.466+0000] {processor.py:183} INFO - Processing /opt/airflow/dags/dag_pipeline_complet.py took 0.998 seconds
[2026-04-25T23:59:15.117+0000] {processor.py:161} INFO - Started process (PID=9184) to work on /opt/airflow/dags/dag_pipeline_complet.py
[2026-04-25T23:59:15.122+0000] {processor.py:830} INFO - Processing file /opt/airflow/dags/dag_pipeline_complet.py for tasks to queue
[2026-04-25T23:59:15.134+0000] {logging_mixin.py:188} INFO - [2026-04-25T23:59:15.133+0000] {dagbag.py:545} INFO - Filling up the DagBag from /opt/airflow/dags/dag_pipeline_complet.py
[2026-04-25T23:59:15.207+0000] {processor.py:840} INFO - DAG(s) 'pipeline_job_intelligent_kafka' retrieved from /opt/airflow/dags/dag_pipeline_complet.py
[2026-04-25T23:59:15.273+0000] {logging_mixin.py:188} INFO - [2026-04-25T23:59:15.272+0000] {dag.py:3096} INFO - Sync 1 DAGs
[2026-04-25T23:59:15.338+0000] {logging_mixin.py:188} INFO - [2026-04-25T23:59:15.338+0000] {dag.py:3954} INFO - Setting next_dagrun for pipeline_job_intelligent_kafka to 2026-04-24 06:00:00+00:00, run_after=2026-04-25 06:00:00+00:00
[2026-04-25T23:59:15.403+0000] {processor.py:183} INFO - Processing /opt/airflow/dags/dag_pipeline_complet.py took 0.307 seconds
[2026-04-25T23:59:45.661+0000] {processor.py:161} INFO - Started process (PID=9192) to work on /opt/airflow/dags/dag_pipeline_complet.py
[2026-04-25T23:59:45.663+0000] {processor.py:830} INFO - Processing file /opt/airflow/dags/dag_pipeline_complet.py for tasks to queue
[2026-04-25T23:59:45.666+0000] {logging_mixin.py:188} INFO - [2026-04-25T23:59:45.665+0000] {dagbag.py:545} INFO - Filling up the DagBag from /opt/airflow/dags/dag_pipeline_complet.py
[2026-04-25T23:59:45.710+0000] {processor.py:840} INFO - DAG(s) 'pipeline_job_intelligent_kafka' retrieved from /opt/airflow/dags/dag_pipeline_complet.py
[2026-04-25T23:59:45.792+0000] {logging_mixin.py:188} INFO - [2026-04-25T23:59:45.791+0000] {dag.py:3096} INFO - Sync 1 DAGs
[2026-04-25T23:59:45.847+0000] {logging_mixin.py:188} INFO - [2026-04-25T23:59:45.847+0000] {dag.py:3954} INFO - Setting next_dagrun for pipeline_job_intelligent_kafka to 2026-04-24 06:00:00+00:00, run_after=2026-04-25 06:00:00+00:00
[2026-04-25T23:59:45.893+0000] {processor.py:183} INFO - Processing /opt/airflow/dags/dag_pipeline_complet.py took 0.247 seconds
