[2026-04-19T09:48:45.009+0000] {processor.py:161} INFO - Started process (PID=36320) to work on /opt/airflow/dags/DagScraper.py
[2026-04-19T09:48:45.092+0000] {processor.py:830} INFO - Processing file /opt/airflow/dags/DagScraper.py for tasks to queue
[2026-04-19T09:48:45.125+0000] {logging_mixin.py:188} INFO - [2026-04-19T09:48:45.124+0000] {dagbag.py:545} INFO - Filling up the DagBag from /opt/airflow/dags/DagScraper.py
[2026-04-19T09:48:45.488+0000] {processor.py:840} INFO - DAG(s) 'dag_scraping_offres_emploi' retrieved from /opt/airflow/dags/DagScraper.py
[2026-04-19T09:48:47.154+0000] {logging_mixin.py:188} INFO - [2026-04-19T09:48:47.153+0000] {dag.py:3096} INFO - Sync 1 DAGs
[2026-04-19T09:48:47.354+0000] {logging_mixin.py:188} INFO - [2026-04-19T09:48:47.343+0000] {dag.py:3954} INFO - Setting next_dagrun for dag_scraping_offres_emploi to 2026-04-19 00:00:00+00:00, run_after=2026-04-19 06:00:00+00:00
[2026-04-19T09:48:47.783+0000] {processor.py:183} INFO - Processing /opt/airflow/dags/DagScraper.py took 2.814 seconds
[2026-04-19T09:49:18.054+0000] {processor.py:161} INFO - Started process (PID=36335) to work on /opt/airflow/dags/DagScraper.py
[2026-04-19T09:49:18.056+0000] {processor.py:830} INFO - Processing file /opt/airflow/dags/DagScraper.py for tasks to queue
[2026-04-19T09:49:18.067+0000] {logging_mixin.py:188} INFO - [2026-04-19T09:49:18.066+0000] {dagbag.py:545} INFO - Filling up the DagBag from /opt/airflow/dags/DagScraper.py
[2026-04-19T09:49:18.146+0000] {processor.py:840} INFO - DAG(s) 'dag_scraping_offres_emploi' retrieved from /opt/airflow/dags/DagScraper.py
[2026-04-19T09:49:18.300+0000] {logging_mixin.py:188} INFO - [2026-04-19T09:49:18.299+0000] {dag.py:3096} INFO - Sync 1 DAGs
[2026-04-19T09:49:18.622+0000] {logging_mixin.py:188} INFO - [2026-04-19T09:49:18.605+0000] {dag.py:3954} INFO - Setting next_dagrun for dag_scraping_offres_emploi to 2026-04-19 00:00:00+00:00, run_after=2026-04-19 06:00:00+00:00
[2026-04-19T09:49:18.867+0000] {processor.py:183} INFO - Processing /opt/airflow/dags/DagScraper.py took 0.838 seconds
[2026-04-19T09:49:49.033+0000] {processor.py:161} INFO - Started process (PID=36350) to work on /opt/airflow/dags/DagScraper.py
[2026-04-19T09:49:49.035+0000] {processor.py:830} INFO - Processing file /opt/airflow/dags/DagScraper.py for tasks to queue
[2026-04-19T09:49:49.039+0000] {logging_mixin.py:188} INFO - [2026-04-19T09:49:49.038+0000] {dagbag.py:545} INFO - Filling up the DagBag from /opt/airflow/dags/DagScraper.py
[2026-04-19T09:49:49.081+0000] {processor.py:840} INFO - DAG(s) 'dag_scraping_offres_emploi' retrieved from /opt/airflow/dags/DagScraper.py
[2026-04-19T09:49:49.151+0000] {logging_mixin.py:188} INFO - [2026-04-19T09:49:49.151+0000] {dag.py:3096} INFO - Sync 1 DAGs
[2026-04-19T09:49:49.198+0000] {logging_mixin.py:188} INFO - [2026-04-19T09:49:49.198+0000] {dag.py:3954} INFO - Setting next_dagrun for dag_scraping_offres_emploi to 2026-04-19 00:00:00+00:00, run_after=2026-04-19 06:00:00+00:00
[2026-04-19T09:49:49.246+0000] {processor.py:183} INFO - Processing /opt/airflow/dags/DagScraper.py took 0.228 seconds
[2026-04-19T09:50:19.957+0000] {processor.py:161} INFO - Started process (PID=36365) to work on /opt/airflow/dags/DagScraper.py
[2026-04-19T09:50:19.960+0000] {processor.py:830} INFO - Processing file /opt/airflow/dags/DagScraper.py for tasks to queue
[2026-04-19T09:50:19.966+0000] {logging_mixin.py:188} INFO - [2026-04-19T09:50:19.965+0000] {dagbag.py:545} INFO - Filling up the DagBag from /opt/airflow/dags/DagScraper.py
[2026-04-19T09:50:20.027+0000] {processor.py:840} INFO - DAG(s) 'dag_scraping_offres_emploi' retrieved from /opt/airflow/dags/DagScraper.py
[2026-04-19T09:50:20.106+0000] {logging_mixin.py:188} INFO - [2026-04-19T09:50:20.106+0000] {dag.py:3096} INFO - Sync 1 DAGs
[2026-04-19T09:50:20.175+0000] {logging_mixin.py:188} INFO - [2026-04-19T09:50:20.175+0000] {dag.py:3954} INFO - Setting next_dagrun for dag_scraping_offres_emploi to 2026-04-19 00:00:00+00:00, run_after=2026-04-19 06:00:00+00:00
[2026-04-19T09:50:20.300+0000] {processor.py:183} INFO - Processing /opt/airflow/dags/DagScraper.py took 0.358 seconds
[2026-04-19T09:50:50.757+0000] {processor.py:161} INFO - Started process (PID=36373) to work on /opt/airflow/dags/DagScraper.py
[2026-04-19T09:50:50.763+0000] {processor.py:830} INFO - Processing file /opt/airflow/dags/DagScraper.py for tasks to queue
[2026-04-19T09:50:50.771+0000] {logging_mixin.py:188} INFO - [2026-04-19T09:50:50.768+0000] {dagbag.py:545} INFO - Filling up the DagBag from /opt/airflow/dags/DagScraper.py
[2026-04-19T09:50:50.825+0000] {processor.py:840} INFO - DAG(s) 'dag_scraping_offres_emploi' retrieved from /opt/airflow/dags/DagScraper.py
[2026-04-19T09:50:50.910+0000] {logging_mixin.py:188} INFO - [2026-04-19T09:50:50.910+0000] {dag.py:3096} INFO - Sync 1 DAGs
[2026-04-19T09:50:51.005+0000] {logging_mixin.py:188} INFO - [2026-04-19T09:50:51.005+0000] {dag.py:3954} INFO - Setting next_dagrun for dag_scraping_offres_emploi to 2026-04-19 00:00:00+00:00, run_after=2026-04-19 06:00:00+00:00
[2026-04-19T09:50:51.068+0000] {processor.py:183} INFO - Processing /opt/airflow/dags/DagScraper.py took 0.336 seconds
[2026-04-19T09:51:22.096+0000] {processor.py:161} INFO - Started process (PID=36386) to work on /opt/airflow/dags/DagScraper.py
[2026-04-19T09:51:22.103+0000] {processor.py:830} INFO - Processing file /opt/airflow/dags/DagScraper.py for tasks to queue
[2026-04-19T09:51:22.113+0000] {logging_mixin.py:188} INFO - [2026-04-19T09:51:22.112+0000] {dagbag.py:545} INFO - Filling up the DagBag from /opt/airflow/dags/DagScraper.py
[2026-04-19T09:51:22.490+0000] {processor.py:840} INFO - DAG(s) 'dag_scraping_offres_emploi' retrieved from /opt/airflow/dags/DagScraper.py
[2026-04-19T09:51:22.931+0000] {logging_mixin.py:188} INFO - [2026-04-19T09:51:22.930+0000] {dag.py:3096} INFO - Sync 1 DAGs
[2026-04-19T09:51:23.372+0000] {logging_mixin.py:188} INFO - [2026-04-19T09:51:23.372+0000] {dag.py:3954} INFO - Setting next_dagrun for dag_scraping_offres_emploi to 2026-04-19 00:00:00+00:00, run_after=2026-04-19 06:00:00+00:00
[2026-04-19T09:51:23.598+0000] {processor.py:183} INFO - Processing /opt/airflow/dags/DagScraper.py took 1.574 seconds
[2026-04-19T09:51:54.105+0000] {processor.py:161} INFO - Started process (PID=36394) to work on /opt/airflow/dags/DagScraper.py
[2026-04-19T09:51:54.107+0000] {processor.py:830} INFO - Processing file /opt/airflow/dags/DagScraper.py for tasks to queue
[2026-04-19T09:51:54.111+0000] {logging_mixin.py:188} INFO - [2026-04-19T09:51:54.109+0000] {dagbag.py:545} INFO - Filling up the DagBag from /opt/airflow/dags/DagScraper.py
[2026-04-19T09:51:54.157+0000] {processor.py:840} INFO - DAG(s) 'dag_scraping_offres_emploi' retrieved from /opt/airflow/dags/DagScraper.py
[2026-04-19T09:51:54.240+0000] {logging_mixin.py:188} INFO - [2026-04-19T09:51:54.239+0000] {dag.py:3096} INFO - Sync 1 DAGs
[2026-04-19T09:51:54.287+0000] {logging_mixin.py:188} INFO - [2026-04-19T09:51:54.286+0000] {dag.py:3954} INFO - Setting next_dagrun for dag_scraping_offres_emploi to 2026-04-19 00:00:00+00:00, run_after=2026-04-19 06:00:00+00:00
[2026-04-19T09:51:54.335+0000] {processor.py:183} INFO - Processing /opt/airflow/dags/DagScraper.py took 0.245 seconds
[2026-04-19T09:52:25.070+0000] {processor.py:161} INFO - Started process (PID=36409) to work on /opt/airflow/dags/DagScraper.py
[2026-04-19T09:52:25.072+0000] {processor.py:830} INFO - Processing file /opt/airflow/dags/DagScraper.py for tasks to queue
[2026-04-19T09:52:25.086+0000] {logging_mixin.py:188} INFO - [2026-04-19T09:52:25.085+0000] {dagbag.py:545} INFO - Filling up the DagBag from /opt/airflow/dags/DagScraper.py
[2026-04-19T09:52:25.239+0000] {processor.py:840} INFO - DAG(s) 'dag_scraping_offres_emploi' retrieved from /opt/airflow/dags/DagScraper.py
[2026-04-19T09:52:25.366+0000] {logging_mixin.py:188} INFO - [2026-04-19T09:52:25.366+0000] {dag.py:3096} INFO - Sync 1 DAGs
[2026-04-19T09:52:25.403+0000] {logging_mixin.py:188} INFO - [2026-04-19T09:52:25.403+0000] {dag.py:3954} INFO - Setting next_dagrun for dag_scraping_offres_emploi to 2026-04-19 00:00:00+00:00, run_after=2026-04-19 06:00:00+00:00
[2026-04-19T09:52:25.457+0000] {processor.py:183} INFO - Processing /opt/airflow/dags/DagScraper.py took 0.435 seconds
[2026-04-19T09:52:56.328+0000] {processor.py:161} INFO - Started process (PID=36417) to work on /opt/airflow/dags/DagScraper.py
[2026-04-19T09:52:56.330+0000] {processor.py:830} INFO - Processing file /opt/airflow/dags/DagScraper.py for tasks to queue
[2026-04-19T09:52:56.333+0000] {logging_mixin.py:188} INFO - [2026-04-19T09:52:56.332+0000] {dagbag.py:545} INFO - Filling up the DagBag from /opt/airflow/dags/DagScraper.py
[2026-04-19T09:52:56.375+0000] {processor.py:840} INFO - DAG(s) 'dag_scraping_offres_emploi' retrieved from /opt/airflow/dags/DagScraper.py
[2026-04-19T09:52:56.447+0000] {logging_mixin.py:188} INFO - [2026-04-19T09:52:56.447+0000] {dag.py:3096} INFO - Sync 1 DAGs
[2026-04-19T09:52:56.495+0000] {logging_mixin.py:188} INFO - [2026-04-19T09:52:56.495+0000] {dag.py:3954} INFO - Setting next_dagrun for dag_scraping_offres_emploi to 2026-04-19 00:00:00+00:00, run_after=2026-04-19 06:00:00+00:00
[2026-04-19T09:52:56.543+0000] {processor.py:183} INFO - Processing /opt/airflow/dags/DagScraper.py took 0.225 seconds
[2026-04-19T09:53:27.528+0000] {processor.py:161} INFO - Started process (PID=36431) to work on /opt/airflow/dags/DagScraper.py
[2026-04-19T09:53:27.535+0000] {processor.py:830} INFO - Processing file /opt/airflow/dags/DagScraper.py for tasks to queue
[2026-04-19T09:53:27.543+0000] {logging_mixin.py:188} INFO - [2026-04-19T09:53:27.541+0000] {dagbag.py:545} INFO - Filling up the DagBag from /opt/airflow/dags/DagScraper.py
[2026-04-19T09:53:27.679+0000] {processor.py:840} INFO - DAG(s) 'dag_scraping_offres_emploi' retrieved from /opt/airflow/dags/DagScraper.py
[2026-04-19T09:53:27.838+0000] {logging_mixin.py:188} INFO - [2026-04-19T09:53:27.837+0000] {dag.py:3096} INFO - Sync 1 DAGs
[2026-04-19T09:53:27.958+0000] {logging_mixin.py:188} INFO - [2026-04-19T09:53:27.956+0000] {dag.py:3954} INFO - Setting next_dagrun for dag_scraping_offres_emploi to 2026-04-19 00:00:00+00:00, run_after=2026-04-19 06:00:00+00:00
[2026-04-19T09:53:28.114+0000] {processor.py:183} INFO - Processing /opt/airflow/dags/DagScraper.py took 0.625 seconds
[2026-04-19T09:53:58.358+0000] {processor.py:161} INFO - Started process (PID=36439) to work on /opt/airflow/dags/DagScraper.py
[2026-04-19T09:53:58.359+0000] {processor.py:830} INFO - Processing file /opt/airflow/dags/DagScraper.py for tasks to queue
[2026-04-19T09:53:58.363+0000] {logging_mixin.py:188} INFO - [2026-04-19T09:53:58.363+0000] {dagbag.py:545} INFO - Filling up the DagBag from /opt/airflow/dags/DagScraper.py
[2026-04-19T09:53:58.423+0000] {processor.py:840} INFO - DAG(s) 'dag_scraping_offres_emploi' retrieved from /opt/airflow/dags/DagScraper.py
[2026-04-19T09:53:58.507+0000] {logging_mixin.py:188} INFO - [2026-04-19T09:53:58.507+0000] {dag.py:3096} INFO - Sync 1 DAGs
[2026-04-19T09:53:58.568+0000] {logging_mixin.py:188} INFO - [2026-04-19T09:53:58.567+0000] {dag.py:3954} INFO - Setting next_dagrun for dag_scraping_offres_emploi to 2026-04-19 00:00:00+00:00, run_after=2026-04-19 06:00:00+00:00
[2026-04-19T09:53:58.637+0000] {processor.py:183} INFO - Processing /opt/airflow/dags/DagScraper.py took 0.289 seconds
[2026-04-19T09:54:29.179+0000] {processor.py:161} INFO - Started process (PID=36452) to work on /opt/airflow/dags/DagScraper.py
[2026-04-19T09:54:29.182+0000] {processor.py:830} INFO - Processing file /opt/airflow/dags/DagScraper.py for tasks to queue
[2026-04-19T09:54:29.187+0000] {logging_mixin.py:188} INFO - [2026-04-19T09:54:29.186+0000] {dagbag.py:545} INFO - Filling up the DagBag from /opt/airflow/dags/DagScraper.py
[2026-04-19T09:54:29.251+0000] {processor.py:840} INFO - DAG(s) 'dag_scraping_offres_emploi' retrieved from /opt/airflow/dags/DagScraper.py
[2026-04-19T09:54:29.344+0000] {logging_mixin.py:188} INFO - [2026-04-19T09:54:29.344+0000] {dag.py:3096} INFO - Sync 1 DAGs
[2026-04-19T09:54:29.408+0000] {logging_mixin.py:188} INFO - [2026-04-19T09:54:29.408+0000] {dag.py:3954} INFO - Setting next_dagrun for dag_scraping_offres_emploi to 2026-04-19 00:00:00+00:00, run_after=2026-04-19 06:00:00+00:00
[2026-04-19T09:54:29.491+0000] {processor.py:183} INFO - Processing /opt/airflow/dags/DagScraper.py took 0.330 seconds
[2026-04-19T09:54:59.684+0000] {processor.py:161} INFO - Started process (PID=36460) to work on /opt/airflow/dags/DagScraper.py
[2026-04-19T09:54:59.686+0000] {processor.py:830} INFO - Processing file /opt/airflow/dags/DagScraper.py for tasks to queue
[2026-04-19T09:54:59.697+0000] {logging_mixin.py:188} INFO - [2026-04-19T09:54:59.696+0000] {dagbag.py:545} INFO - Filling up the DagBag from /opt/airflow/dags/DagScraper.py
[2026-04-19T09:54:59.752+0000] {processor.py:840} INFO - DAG(s) 'dag_scraping_offres_emploi' retrieved from /opt/airflow/dags/DagScraper.py
[2026-04-19T09:54:59.850+0000] {logging_mixin.py:188} INFO - [2026-04-19T09:54:59.849+0000] {dag.py:3096} INFO - Sync 1 DAGs
[2026-04-19T09:54:59.901+0000] {logging_mixin.py:188} INFO - [2026-04-19T09:54:59.901+0000] {dag.py:3954} INFO - Setting next_dagrun for dag_scraping_offres_emploi to 2026-04-19 00:00:00+00:00, run_after=2026-04-19 06:00:00+00:00
[2026-04-19T09:54:59.970+0000] {processor.py:183} INFO - Processing /opt/airflow/dags/DagScraper.py took 0.303 seconds
[2026-04-19T09:55:30.679+0000] {processor.py:161} INFO - Started process (PID=36474) to work on /opt/airflow/dags/DagScraper.py
[2026-04-19T09:55:30.684+0000] {processor.py:830} INFO - Processing file /opt/airflow/dags/DagScraper.py for tasks to queue
[2026-04-19T09:55:30.696+0000] {logging_mixin.py:188} INFO - [2026-04-19T09:55:30.694+0000] {dagbag.py:545} INFO - Filling up the DagBag from /opt/airflow/dags/DagScraper.py
[2026-04-19T09:55:30.803+0000] {processor.py:840} INFO - DAG(s) 'dag_scraping_offres_emploi' retrieved from /opt/airflow/dags/DagScraper.py
[2026-04-19T09:55:30.940+0000] {logging_mixin.py:188} INFO - [2026-04-19T09:55:30.939+0000] {dag.py:3096} INFO - Sync 1 DAGs
[2026-04-19T09:55:31.087+0000] {logging_mixin.py:188} INFO - [2026-04-19T09:55:31.081+0000] {dag.py:3954} INFO - Setting next_dagrun for dag_scraping_offres_emploi to 2026-04-19 00:00:00+00:00, run_after=2026-04-19 06:00:00+00:00
[2026-04-19T09:55:31.196+0000] {processor.py:183} INFO - Processing /opt/airflow/dags/DagScraper.py took 0.543 seconds
[2026-04-19T09:56:01.472+0000] {processor.py:161} INFO - Started process (PID=36482) to work on /opt/airflow/dags/DagScraper.py
[2026-04-19T09:56:01.475+0000] {processor.py:830} INFO - Processing file /opt/airflow/dags/DagScraper.py for tasks to queue
[2026-04-19T09:56:01.479+0000] {logging_mixin.py:188} INFO - [2026-04-19T09:56:01.479+0000] {dagbag.py:545} INFO - Filling up the DagBag from /opt/airflow/dags/DagScraper.py
[2026-04-19T09:56:01.542+0000] {processor.py:840} INFO - DAG(s) 'dag_scraping_offres_emploi' retrieved from /opt/airflow/dags/DagScraper.py
[2026-04-19T09:56:01.708+0000] {logging_mixin.py:188} INFO - [2026-04-19T09:56:01.708+0000] {dag.py:3096} INFO - Sync 1 DAGs
[2026-04-19T09:56:01.763+0000] {logging_mixin.py:188} INFO - [2026-04-19T09:56:01.763+0000] {dag.py:3954} INFO - Setting next_dagrun for dag_scraping_offres_emploi to 2026-04-19 00:00:00+00:00, run_after=2026-04-19 06:00:00+00:00
[2026-04-19T09:56:01.826+0000] {processor.py:183} INFO - Processing /opt/airflow/dags/DagScraper.py took 0.370 seconds
[2026-04-19T09:56:32.355+0000] {processor.py:161} INFO - Started process (PID=36496) to work on /opt/airflow/dags/DagScraper.py
[2026-04-19T09:56:32.357+0000] {processor.py:830} INFO - Processing file /opt/airflow/dags/DagScraper.py for tasks to queue
[2026-04-19T09:56:32.362+0000] {logging_mixin.py:188} INFO - [2026-04-19T09:56:32.361+0000] {dagbag.py:545} INFO - Filling up the DagBag from /opt/airflow/dags/DagScraper.py
[2026-04-19T09:56:32.406+0000] {processor.py:840} INFO - DAG(s) 'dag_scraping_offres_emploi' retrieved from /opt/airflow/dags/DagScraper.py
[2026-04-19T09:56:32.474+0000] {logging_mixin.py:188} INFO - [2026-04-19T09:56:32.474+0000] {dag.py:3096} INFO - Sync 1 DAGs
[2026-04-19T09:56:32.528+0000] {logging_mixin.py:188} INFO - [2026-04-19T09:56:32.528+0000] {dag.py:3954} INFO - Setting next_dagrun for dag_scraping_offres_emploi to 2026-04-19 00:00:00+00:00, run_after=2026-04-19 06:00:00+00:00
[2026-04-19T09:56:32.577+0000] {processor.py:183} INFO - Processing /opt/airflow/dags/DagScraper.py took 0.240 seconds
[2026-04-19T09:57:03.282+0000] {processor.py:161} INFO - Started process (PID=36504) to work on /opt/airflow/dags/DagScraper.py
[2026-04-19T09:57:03.290+0000] {processor.py:830} INFO - Processing file /opt/airflow/dags/DagScraper.py for tasks to queue
[2026-04-19T09:57:03.301+0000] {logging_mixin.py:188} INFO - [2026-04-19T09:57:03.300+0000] {dagbag.py:545} INFO - Filling up the DagBag from /opt/airflow/dags/DagScraper.py
[2026-04-19T09:57:03.391+0000] {processor.py:840} INFO - DAG(s) 'dag_scraping_offres_emploi' retrieved from /opt/airflow/dags/DagScraper.py
[2026-04-19T09:57:03.602+0000] {logging_mixin.py:188} INFO - [2026-04-19T09:57:03.601+0000] {dag.py:3096} INFO - Sync 1 DAGs
[2026-04-19T09:57:03.798+0000] {logging_mixin.py:188} INFO - [2026-04-19T09:57:03.798+0000] {dag.py:3954} INFO - Setting next_dagrun for dag_scraping_offres_emploi to 2026-04-19 00:00:00+00:00, run_after=2026-04-19 06:00:00+00:00
[2026-04-19T09:57:03.876+0000] {processor.py:183} INFO - Processing /opt/airflow/dags/DagScraper.py took 0.623 seconds
[2026-04-19T09:57:34.034+0000] {processor.py:161} INFO - Started process (PID=36519) to work on /opt/airflow/dags/DagScraper.py
[2026-04-19T09:57:34.036+0000] {processor.py:830} INFO - Processing file /opt/airflow/dags/DagScraper.py for tasks to queue
[2026-04-19T09:57:34.042+0000] {logging_mixin.py:188} INFO - [2026-04-19T09:57:34.042+0000] {dagbag.py:545} INFO - Filling up the DagBag from /opt/airflow/dags/DagScraper.py
[2026-04-19T09:57:34.084+0000] {processor.py:840} INFO - DAG(s) 'dag_scraping_offres_emploi' retrieved from /opt/airflow/dags/DagScraper.py
[2026-04-19T09:57:34.161+0000] {logging_mixin.py:188} INFO - [2026-04-19T09:57:34.160+0000] {dag.py:3096} INFO - Sync 1 DAGs
[2026-04-19T09:57:34.215+0000] {logging_mixin.py:188} INFO - [2026-04-19T09:57:34.215+0000] {dag.py:3954} INFO - Setting next_dagrun for dag_scraping_offres_emploi to 2026-04-19 00:00:00+00:00, run_after=2026-04-19 06:00:00+00:00
[2026-04-19T09:57:34.272+0000] {processor.py:183} INFO - Processing /opt/airflow/dags/DagScraper.py took 0.255 seconds
[2026-04-19T09:58:04.935+0000] {processor.py:161} INFO - Started process (PID=36528) to work on /opt/airflow/dags/DagScraper.py
[2026-04-19T09:58:04.937+0000] {processor.py:830} INFO - Processing file /opt/airflow/dags/DagScraper.py for tasks to queue
[2026-04-19T09:58:04.941+0000] {logging_mixin.py:188} INFO - [2026-04-19T09:58:04.940+0000] {dagbag.py:545} INFO - Filling up the DagBag from /opt/airflow/dags/DagScraper.py
[2026-04-19T09:58:04.996+0000] {processor.py:840} INFO - DAG(s) 'dag_scraping_offres_emploi' retrieved from /opt/airflow/dags/DagScraper.py
[2026-04-19T09:58:05.085+0000] {logging_mixin.py:188} INFO - [2026-04-19T09:58:05.085+0000] {dag.py:3096} INFO - Sync 1 DAGs
[2026-04-19T09:58:05.130+0000] {logging_mixin.py:188} INFO - [2026-04-19T09:58:05.130+0000] {dag.py:3954} INFO - Setting next_dagrun for dag_scraping_offres_emploi to 2026-04-19 00:00:00+00:00, run_after=2026-04-19 06:00:00+00:00
[2026-04-19T09:58:05.165+0000] {processor.py:183} INFO - Processing /opt/airflow/dags/DagScraper.py took 0.248 seconds
[2026-04-19T09:58:35.467+0000] {processor.py:161} INFO - Started process (PID=36542) to work on /opt/airflow/dags/DagScraper.py
[2026-04-19T09:58:35.473+0000] {processor.py:830} INFO - Processing file /opt/airflow/dags/DagScraper.py for tasks to queue
[2026-04-19T09:58:35.484+0000] {logging_mixin.py:188} INFO - [2026-04-19T09:58:35.482+0000] {dagbag.py:545} INFO - Filling up the DagBag from /opt/airflow/dags/DagScraper.py
[2026-04-19T09:58:35.602+0000] {processor.py:840} INFO - DAG(s) 'dag_scraping_offres_emploi' retrieved from /opt/airflow/dags/DagScraper.py
[2026-04-19T09:58:35.668+0000] {logging_mixin.py:188} INFO - [2026-04-19T09:58:35.668+0000] {dag.py:3096} INFO - Sync 1 DAGs
[2026-04-19T09:58:35.721+0000] {logging_mixin.py:188} INFO - [2026-04-19T09:58:35.720+0000] {dag.py:3954} INFO - Setting next_dagrun for dag_scraping_offres_emploi to 2026-04-19 00:00:00+00:00, run_after=2026-04-19 06:00:00+00:00
[2026-04-19T09:58:35.770+0000] {processor.py:183} INFO - Processing /opt/airflow/dags/DagScraper.py took 0.344 seconds
[2026-04-19T09:59:06.608+0000] {processor.py:161} INFO - Started process (PID=36557) to work on /opt/airflow/dags/DagScraper.py
[2026-04-19T09:59:06.610+0000] {processor.py:830} INFO - Processing file /opt/airflow/dags/DagScraper.py for tasks to queue
[2026-04-19T09:59:06.614+0000] {logging_mixin.py:188} INFO - [2026-04-19T09:59:06.613+0000] {dagbag.py:545} INFO - Filling up the DagBag from /opt/airflow/dags/DagScraper.py
[2026-04-19T09:59:06.669+0000] {processor.py:840} INFO - DAG(s) 'dag_scraping_offres_emploi' retrieved from /opt/airflow/dags/DagScraper.py
[2026-04-19T09:59:06.771+0000] {logging_mixin.py:188} INFO - [2026-04-19T09:59:06.771+0000] {dag.py:3096} INFO - Sync 1 DAGs
[2026-04-19T09:59:06.808+0000] {logging_mixin.py:188} INFO - [2026-04-19T09:59:06.808+0000] {dag.py:3954} INFO - Setting next_dagrun for dag_scraping_offres_emploi to 2026-04-19 00:00:00+00:00, run_after=2026-04-19 06:00:00+00:00
[2026-04-19T09:59:06.848+0000] {processor.py:183} INFO - Processing /opt/airflow/dags/DagScraper.py took 0.256 seconds
[2026-04-19T09:59:37.453+0000] {processor.py:161} INFO - Started process (PID=36565) to work on /opt/airflow/dags/DagScraper.py
[2026-04-19T09:59:37.455+0000] {processor.py:830} INFO - Processing file /opt/airflow/dags/DagScraper.py for tasks to queue
[2026-04-19T09:59:37.458+0000] {logging_mixin.py:188} INFO - [2026-04-19T09:59:37.458+0000] {dagbag.py:545} INFO - Filling up the DagBag from /opt/airflow/dags/DagScraper.py
[2026-04-19T09:59:37.498+0000] {processor.py:840} INFO - DAG(s) 'dag_scraping_offres_emploi' retrieved from /opt/airflow/dags/DagScraper.py
[2026-04-19T09:59:37.577+0000] {logging_mixin.py:188} INFO - [2026-04-19T09:59:37.576+0000] {dag.py:3096} INFO - Sync 1 DAGs
[2026-04-19T09:59:37.688+0000] {logging_mixin.py:188} INFO - [2026-04-19T09:59:37.675+0000] {dag.py:3954} INFO - Setting next_dagrun for dag_scraping_offres_emploi to 2026-04-19 00:00:00+00:00, run_after=2026-04-19 06:00:00+00:00
[2026-04-19T09:59:37.867+0000] {processor.py:183} INFO - Processing /opt/airflow/dags/DagScraper.py took 0.425 seconds
[2026-04-19T10:00:08.752+0000] {processor.py:161} INFO - Started process (PID=36580) to work on /opt/airflow/dags/DagScraper.py
[2026-04-19T10:00:08.754+0000] {processor.py:830} INFO - Processing file /opt/airflow/dags/DagScraper.py for tasks to queue
[2026-04-19T10:00:08.758+0000] {logging_mixin.py:188} INFO - [2026-04-19T10:00:08.757+0000] {dagbag.py:545} INFO - Filling up the DagBag from /opt/airflow/dags/DagScraper.py
[2026-04-19T10:00:08.802+0000] {processor.py:840} INFO - DAG(s) 'dag_scraping_offres_emploi' retrieved from /opt/airflow/dags/DagScraper.py
[2026-04-19T10:00:08.885+0000] {logging_mixin.py:188} INFO - [2026-04-19T10:00:08.884+0000] {dag.py:3096} INFO - Sync 1 DAGs
[2026-04-19T10:00:08.978+0000] {logging_mixin.py:188} INFO - [2026-04-19T10:00:08.977+0000] {dag.py:3954} INFO - Setting next_dagrun for dag_scraping_offres_emploi to 2026-04-19 00:00:00+00:00, run_after=2026-04-19 06:00:00+00:00
[2026-04-19T10:00:09.071+0000] {processor.py:183} INFO - Processing /opt/airflow/dags/DagScraper.py took 0.329 seconds
[2026-04-19T10:00:39.286+0000] {processor.py:161} INFO - Started process (PID=36587) to work on /opt/airflow/dags/DagScraper.py
[2026-04-19T10:00:39.287+0000] {processor.py:830} INFO - Processing file /opt/airflow/dags/DagScraper.py for tasks to queue
[2026-04-19T10:00:39.292+0000] {logging_mixin.py:188} INFO - [2026-04-19T10:00:39.291+0000] {dagbag.py:545} INFO - Filling up the DagBag from /opt/airflow/dags/DagScraper.py
[2026-04-19T10:00:39.352+0000] {processor.py:840} INFO - DAG(s) 'dag_scraping_offres_emploi' retrieved from /opt/airflow/dags/DagScraper.py
[2026-04-19T10:00:39.418+0000] {logging_mixin.py:188} INFO - [2026-04-19T10:00:39.418+0000] {dag.py:3096} INFO - Sync 1 DAGs
[2026-04-19T10:00:39.464+0000] {logging_mixin.py:188} INFO - [2026-04-19T10:00:39.463+0000] {dag.py:3954} INFO - Setting next_dagrun for dag_scraping_offres_emploi to 2026-04-19 00:00:00+00:00, run_after=2026-04-19 06:00:00+00:00
[2026-04-19T10:00:39.516+0000] {processor.py:183} INFO - Processing /opt/airflow/dags/DagScraper.py took 0.255 seconds
[2026-04-19T10:01:09.877+0000] {processor.py:161} INFO - Started process (PID=36601) to work on /opt/airflow/dags/DagScraper.py
[2026-04-19T10:01:09.891+0000] {processor.py:830} INFO - Processing file /opt/airflow/dags/DagScraper.py for tasks to queue
[2026-04-19T10:01:09.895+0000] {logging_mixin.py:188} INFO - [2026-04-19T10:01:09.894+0000] {dagbag.py:545} INFO - Filling up the DagBag from /opt/airflow/dags/DagScraper.py
[2026-04-19T10:01:09.942+0000] {processor.py:840} INFO - DAG(s) 'dag_scraping_offres_emploi' retrieved from /opt/airflow/dags/DagScraper.py
[2026-04-19T10:01:10.031+0000] {logging_mixin.py:188} INFO - [2026-04-19T10:01:10.031+0000] {dag.py:3096} INFO - Sync 1 DAGs
[2026-04-19T10:01:10.095+0000] {logging_mixin.py:188} INFO - [2026-04-19T10:01:10.094+0000] {dag.py:3954} INFO - Setting next_dagrun for dag_scraping_offres_emploi to 2026-04-19 00:00:00+00:00, run_after=2026-04-19 06:00:00+00:00
[2026-04-19T10:01:10.155+0000] {processor.py:183} INFO - Processing /opt/airflow/dags/DagScraper.py took 0.313 seconds
[2026-04-19T10:01:40.737+0000] {processor.py:161} INFO - Started process (PID=36608) to work on /opt/airflow/dags/DagScraper.py
[2026-04-19T10:01:40.739+0000] {processor.py:830} INFO - Processing file /opt/airflow/dags/DagScraper.py for tasks to queue
[2026-04-19T10:01:40.744+0000] {logging_mixin.py:188} INFO - [2026-04-19T10:01:40.743+0000] {dagbag.py:545} INFO - Filling up the DagBag from /opt/airflow/dags/DagScraper.py
[2026-04-19T10:01:40.801+0000] {processor.py:840} INFO - DAG(s) 'dag_scraping_offres_emploi' retrieved from /opt/airflow/dags/DagScraper.py
[2026-04-19T10:01:40.887+0000] {logging_mixin.py:188} INFO - [2026-04-19T10:01:40.886+0000] {dag.py:3096} INFO - Sync 1 DAGs
[2026-04-19T10:01:40.939+0000] {logging_mixin.py:188} INFO - [2026-04-19T10:01:40.938+0000] {dag.py:3954} INFO - Setting next_dagrun for dag_scraping_offres_emploi to 2026-04-19 00:00:00+00:00, run_after=2026-04-19 06:00:00+00:00
[2026-04-19T10:01:40.986+0000] {processor.py:183} INFO - Processing /opt/airflow/dags/DagScraper.py took 0.264 seconds
[2026-04-19T10:02:11.724+0000] {processor.py:161} INFO - Started process (PID=36621) to work on /opt/airflow/dags/DagScraper.py
[2026-04-19T10:02:11.730+0000] {processor.py:830} INFO - Processing file /opt/airflow/dags/DagScraper.py for tasks to queue
[2026-04-19T10:02:11.749+0000] {logging_mixin.py:188} INFO - [2026-04-19T10:02:11.742+0000] {dagbag.py:545} INFO - Filling up the DagBag from /opt/airflow/dags/DagScraper.py
[2026-04-19T10:02:11.944+0000] {processor.py:840} INFO - DAG(s) 'dag_scraping_offres_emploi' retrieved from /opt/airflow/dags/DagScraper.py
[2026-04-19T10:02:12.074+0000] {logging_mixin.py:188} INFO - [2026-04-19T10:02:12.073+0000] {dag.py:3096} INFO - Sync 1 DAGs
[2026-04-19T10:02:12.122+0000] {logging_mixin.py:188} INFO - [2026-04-19T10:02:12.122+0000] {dag.py:3954} INFO - Setting next_dagrun for dag_scraping_offres_emploi to 2026-04-19 00:00:00+00:00, run_after=2026-04-19 06:00:00+00:00
[2026-04-19T10:02:12.179+0000] {processor.py:183} INFO - Processing /opt/airflow/dags/DagScraper.py took 0.489 seconds
[2026-04-19T10:02:42.883+0000] {processor.py:161} INFO - Started process (PID=36629) to work on /opt/airflow/dags/DagScraper.py
[2026-04-19T10:02:42.884+0000] {processor.py:830} INFO - Processing file /opt/airflow/dags/DagScraper.py for tasks to queue
[2026-04-19T10:02:42.888+0000] {logging_mixin.py:188} INFO - [2026-04-19T10:02:42.887+0000] {dagbag.py:545} INFO - Filling up the DagBag from /opt/airflow/dags/DagScraper.py
[2026-04-19T10:02:42.934+0000] {processor.py:840} INFO - DAG(s) 'dag_scraping_offres_emploi' retrieved from /opt/airflow/dags/DagScraper.py
[2026-04-19T10:02:43.015+0000] {logging_mixin.py:188} INFO - [2026-04-19T10:02:43.014+0000] {dag.py:3096} INFO - Sync 1 DAGs
[2026-04-19T10:02:43.084+0000] {logging_mixin.py:188} INFO - [2026-04-19T10:02:43.083+0000] {dag.py:3954} INFO - Setting next_dagrun for dag_scraping_offres_emploi to 2026-04-19 00:00:00+00:00, run_after=2026-04-19 06:00:00+00:00
[2026-04-19T10:02:43.151+0000] {processor.py:183} INFO - Processing /opt/airflow/dags/DagScraper.py took 0.278 seconds
[2026-04-19T10:03:13.301+0000] {processor.py:161} INFO - Started process (PID=36642) to work on /opt/airflow/dags/DagScraper.py
[2026-04-19T10:03:13.303+0000] {processor.py:830} INFO - Processing file /opt/airflow/dags/DagScraper.py for tasks to queue
[2026-04-19T10:03:13.306+0000] {logging_mixin.py:188} INFO - [2026-04-19T10:03:13.306+0000] {dagbag.py:545} INFO - Filling up the DagBag from /opt/airflow/dags/DagScraper.py
[2026-04-19T10:03:13.340+0000] {processor.py:840} INFO - DAG(s) 'dag_scraping_offres_emploi' retrieved from /opt/airflow/dags/DagScraper.py
[2026-04-19T10:03:13.427+0000] {logging_mixin.py:188} INFO - [2026-04-19T10:03:13.426+0000] {dag.py:3096} INFO - Sync 1 DAGs
[2026-04-19T10:03:13.500+0000] {logging_mixin.py:188} INFO - [2026-04-19T10:03:13.499+0000] {dag.py:3954} INFO - Setting next_dagrun for dag_scraping_offres_emploi to 2026-04-19 00:00:00+00:00, run_after=2026-04-19 06:00:00+00:00
[2026-04-19T10:03:13.560+0000] {processor.py:183} INFO - Processing /opt/airflow/dags/DagScraper.py took 0.269 seconds
[2026-04-19T10:03:44.370+0000] {processor.py:161} INFO - Started process (PID=36651) to work on /opt/airflow/dags/DagScraper.py
[2026-04-19T10:03:44.372+0000] {processor.py:830} INFO - Processing file /opt/airflow/dags/DagScraper.py for tasks to queue
[2026-04-19T10:03:44.377+0000] {logging_mixin.py:188} INFO - [2026-04-19T10:03:44.376+0000] {dagbag.py:545} INFO - Filling up the DagBag from /opt/airflow/dags/DagScraper.py
[2026-04-19T10:03:44.414+0000] {processor.py:840} INFO - DAG(s) 'dag_scraping_offres_emploi' retrieved from /opt/airflow/dags/DagScraper.py
[2026-04-19T10:03:44.467+0000] {logging_mixin.py:188} INFO - [2026-04-19T10:03:44.467+0000] {dag.py:3096} INFO - Sync 1 DAGs
[2026-04-19T10:03:44.514+0000] {logging_mixin.py:188} INFO - [2026-04-19T10:03:44.514+0000] {dag.py:3954} INFO - Setting next_dagrun for dag_scraping_offres_emploi to 2026-04-19 00:00:00+00:00, run_after=2026-04-19 06:00:00+00:00
[2026-04-19T10:03:44.551+0000] {processor.py:183} INFO - Processing /opt/airflow/dags/DagScraper.py took 0.193 seconds
[2026-04-19T10:04:15.274+0000] {processor.py:161} INFO - Started process (PID=36664) to work on /opt/airflow/dags/DagScraper.py
[2026-04-19T10:04:15.279+0000] {processor.py:830} INFO - Processing file /opt/airflow/dags/DagScraper.py for tasks to queue
[2026-04-19T10:04:15.289+0000] {logging_mixin.py:188} INFO - [2026-04-19T10:04:15.287+0000] {dagbag.py:545} INFO - Filling up the DagBag from /opt/airflow/dags/DagScraper.py
[2026-04-19T10:04:15.351+0000] {processor.py:840} INFO - DAG(s) 'dag_scraping_offres_emploi' retrieved from /opt/airflow/dags/DagScraper.py
[2026-04-19T10:04:15.425+0000] {logging_mixin.py:188} INFO - [2026-04-19T10:04:15.425+0000] {dag.py:3096} INFO - Sync 1 DAGs
[2026-04-19T10:04:15.472+0000] {logging_mixin.py:188} INFO - [2026-04-19T10:04:15.472+0000] {dag.py:3954} INFO - Setting next_dagrun for dag_scraping_offres_emploi to 2026-04-19 00:00:00+00:00, run_after=2026-04-19 06:00:00+00:00
[2026-04-19T10:04:15.510+0000] {processor.py:183} INFO - Processing /opt/airflow/dags/DagScraper.py took 0.267 seconds
[2026-04-19T10:04:45.861+0000] {processor.py:161} INFO - Started process (PID=36672) to work on /opt/airflow/dags/DagScraper.py
[2026-04-19T10:04:45.863+0000] {processor.py:830} INFO - Processing file /opt/airflow/dags/DagScraper.py for tasks to queue
[2026-04-19T10:04:45.867+0000] {logging_mixin.py:188} INFO - [2026-04-19T10:04:45.866+0000] {dagbag.py:545} INFO - Filling up the DagBag from /opt/airflow/dags/DagScraper.py
[2026-04-19T10:04:45.911+0000] {processor.py:840} INFO - DAG(s) 'dag_scraping_offres_emploi' retrieved from /opt/airflow/dags/DagScraper.py
[2026-04-19T10:04:45.983+0000] {logging_mixin.py:188} INFO - [2026-04-19T10:04:45.983+0000] {dag.py:3096} INFO - Sync 1 DAGs
[2026-04-19T10:04:46.020+0000] {logging_mixin.py:188} INFO - [2026-04-19T10:04:46.020+0000] {dag.py:3954} INFO - Setting next_dagrun for dag_scraping_offres_emploi to 2026-04-19 00:00:00+00:00, run_after=2026-04-19 06:00:00+00:00
[2026-04-19T10:04:46.096+0000] {processor.py:183} INFO - Processing /opt/airflow/dags/DagScraper.py took 0.251 seconds
[2026-04-19T10:05:17.484+0000] {processor.py:161} INFO - Started process (PID=36685) to work on /opt/airflow/dags/DagScraper.py
[2026-04-19T10:05:17.501+0000] {processor.py:830} INFO - Processing file /opt/airflow/dags/DagScraper.py for tasks to queue
[2026-04-19T10:05:17.526+0000] {logging_mixin.py:188} INFO - [2026-04-19T10:05:17.525+0000] {dagbag.py:545} INFO - Filling up the DagBag from /opt/airflow/dags/DagScraper.py
[2026-04-19T10:05:17.618+0000] {processor.py:840} INFO - DAG(s) 'dag_scraping_offres_emploi' retrieved from /opt/airflow/dags/DagScraper.py
[2026-04-19T10:05:17.736+0000] {logging_mixin.py:188} INFO - [2026-04-19T10:05:17.727+0000] {dag.py:3096} INFO - Sync 1 DAGs
[2026-04-19T10:05:17.893+0000] {logging_mixin.py:188} INFO - [2026-04-19T10:05:17.892+0000] {dag.py:3954} INFO - Setting next_dagrun for dag_scraping_offres_emploi to 2026-04-19 00:00:00+00:00, run_after=2026-04-19 06:00:00+00:00
[2026-04-19T10:05:18.080+0000] {processor.py:183} INFO - Processing /opt/airflow/dags/DagScraper.py took 0.630 seconds
[2026-04-19T10:05:48.598+0000] {processor.py:161} INFO - Started process (PID=36693) to work on /opt/airflow/dags/DagScraper.py
[2026-04-19T10:05:48.600+0000] {processor.py:830} INFO - Processing file /opt/airflow/dags/DagScraper.py for tasks to queue
[2026-04-19T10:05:48.604+0000] {logging_mixin.py:188} INFO - [2026-04-19T10:05:48.603+0000] {dagbag.py:545} INFO - Filling up the DagBag from /opt/airflow/dags/DagScraper.py
[2026-04-19T10:05:48.668+0000] {processor.py:840} INFO - DAG(s) 'dag_scraping_offres_emploi' retrieved from /opt/airflow/dags/DagScraper.py
[2026-04-19T10:05:48.810+0000] {logging_mixin.py:188} INFO - [2026-04-19T10:05:48.809+0000] {dag.py:3096} INFO - Sync 1 DAGs
[2026-04-19T10:05:48.859+0000] {logging_mixin.py:188} INFO - [2026-04-19T10:05:48.858+0000] {dag.py:3954} INFO - Setting next_dagrun for dag_scraping_offres_emploi to 2026-04-19 00:00:00+00:00, run_after=2026-04-19 06:00:00+00:00
[2026-04-19T10:05:48.912+0000] {processor.py:183} INFO - Processing /opt/airflow/dags/DagScraper.py took 0.327 seconds
[2026-04-19T10:06:19.679+0000] {processor.py:161} INFO - Started process (PID=36707) to work on /opt/airflow/dags/DagScraper.py
[2026-04-19T10:06:19.682+0000] {processor.py:830} INFO - Processing file /opt/airflow/dags/DagScraper.py for tasks to queue
[2026-04-19T10:06:19.688+0000] {logging_mixin.py:188} INFO - [2026-04-19T10:06:19.687+0000] {dagbag.py:545} INFO - Filling up the DagBag from /opt/airflow/dags/DagScraper.py
[2026-04-19T10:06:19.764+0000] {processor.py:840} INFO - DAG(s) 'dag_scraping_offres_emploi' retrieved from /opt/airflow/dags/DagScraper.py
[2026-04-19T10:06:19.872+0000] {logging_mixin.py:188} INFO - [2026-04-19T10:06:19.872+0000] {dag.py:3096} INFO - Sync 1 DAGs
[2026-04-19T10:06:19.969+0000] {logging_mixin.py:188} INFO - [2026-04-19T10:06:19.968+0000] {dag.py:3954} INFO - Setting next_dagrun for dag_scraping_offres_emploi to 2026-04-19 00:00:00+00:00, run_after=2026-04-19 06:00:00+00:00
[2026-04-19T10:06:20.059+0000] {processor.py:183} INFO - Processing /opt/airflow/dags/DagScraper.py took 0.398 seconds
[2026-04-19T10:06:51.014+0000] {processor.py:161} INFO - Started process (PID=36722) to work on /opt/airflow/dags/DagScraper.py
[2026-04-19T10:06:51.017+0000] {processor.py:830} INFO - Processing file /opt/airflow/dags/DagScraper.py for tasks to queue
[2026-04-19T10:06:51.025+0000] {logging_mixin.py:188} INFO - [2026-04-19T10:06:51.023+0000] {dagbag.py:545} INFO - Filling up the DagBag from /opt/airflow/dags/DagScraper.py
[2026-04-19T10:06:51.178+0000] {processor.py:840} INFO - DAG(s) 'dag_scraping_offres_emploi' retrieved from /opt/airflow/dags/DagScraper.py
[2026-04-19T10:06:51.296+0000] {logging_mixin.py:188} INFO - [2026-04-19T10:06:51.295+0000] {dag.py:3096} INFO - Sync 1 DAGs
[2026-04-19T10:06:51.356+0000] {logging_mixin.py:188} INFO - [2026-04-19T10:06:51.355+0000] {dag.py:3954} INFO - Setting next_dagrun for dag_scraping_offres_emploi to 2026-04-19 00:00:00+00:00, run_after=2026-04-19 06:00:00+00:00
[2026-04-19T10:06:51.400+0000] {processor.py:183} INFO - Processing /opt/airflow/dags/DagScraper.py took 0.418 seconds
[2026-04-19T10:07:21.978+0000] {processor.py:161} INFO - Started process (PID=36730) to work on /opt/airflow/dags/DagScraper.py
[2026-04-19T10:07:21.980+0000] {processor.py:830} INFO - Processing file /opt/airflow/dags/DagScraper.py for tasks to queue
[2026-04-19T10:07:21.997+0000] {logging_mixin.py:188} INFO - [2026-04-19T10:07:21.996+0000] {dagbag.py:545} INFO - Filling up the DagBag from /opt/airflow/dags/DagScraper.py
[2026-04-19T10:07:22.437+0000] {processor.py:840} INFO - DAG(s) 'dag_scraping_offres_emploi' retrieved from /opt/airflow/dags/DagScraper.py
[2026-04-19T10:07:22.746+0000] {logging_mixin.py:188} INFO - [2026-04-19T10:07:22.745+0000] {dag.py:3096} INFO - Sync 1 DAGs
[2026-04-19T10:07:23.255+0000] {logging_mixin.py:188} INFO - [2026-04-19T10:07:23.246+0000] {dag.py:3954} INFO - Setting next_dagrun for dag_scraping_offres_emploi to 2026-04-19 00:00:00+00:00, run_after=2026-04-19 06:00:00+00:00
[2026-04-19T10:07:23.418+0000] {processor.py:183} INFO - Processing /opt/airflow/dags/DagScraper.py took 1.465 seconds
[2026-04-19T10:07:54.622+0000] {processor.py:161} INFO - Started process (PID=36745) to work on /opt/airflow/dags/DagScraper.py
[2026-04-19T10:07:54.624+0000] {processor.py:830} INFO - Processing file /opt/airflow/dags/DagScraper.py for tasks to queue
[2026-04-19T10:07:54.629+0000] {logging_mixin.py:188} INFO - [2026-04-19T10:07:54.628+0000] {dagbag.py:545} INFO - Filling up the DagBag from /opt/airflow/dags/DagScraper.py
[2026-04-19T10:07:54.677+0000] {processor.py:840} INFO - DAG(s) 'dag_scraping_offres_emploi' retrieved from /opt/airflow/dags/DagScraper.py
[2026-04-19T10:07:54.763+0000] {logging_mixin.py:188} INFO - [2026-04-19T10:07:54.762+0000] {dag.py:3096} INFO - Sync 1 DAGs
[2026-04-19T10:07:54.869+0000] {logging_mixin.py:188} INFO - [2026-04-19T10:07:54.868+0000] {dag.py:3954} INFO - Setting next_dagrun for dag_scraping_offres_emploi to 2026-04-19 00:00:00+00:00, run_after=2026-04-19 06:00:00+00:00
[2026-04-19T10:07:54.983+0000] {processor.py:183} INFO - Processing /opt/airflow/dags/DagScraper.py took 0.375 seconds
[2026-04-19T10:08:25.600+0000] {processor.py:161} INFO - Started process (PID=36754) to work on /opt/airflow/dags/DagScraper.py
[2026-04-19T10:08:25.602+0000] {processor.py:830} INFO - Processing file /opt/airflow/dags/DagScraper.py for tasks to queue
[2026-04-19T10:08:25.606+0000] {logging_mixin.py:188} INFO - [2026-04-19T10:08:25.606+0000] {dagbag.py:545} INFO - Filling up the DagBag from /opt/airflow/dags/DagScraper.py
[2026-04-19T10:08:25.649+0000] {processor.py:840} INFO - DAG(s) 'dag_scraping_offres_emploi' retrieved from /opt/airflow/dags/DagScraper.py
[2026-04-19T10:08:25.708+0000] {logging_mixin.py:188} INFO - [2026-04-19T10:08:25.707+0000] {dag.py:3096} INFO - Sync 1 DAGs
[2026-04-19T10:08:25.748+0000] {logging_mixin.py:188} INFO - [2026-04-19T10:08:25.748+0000] {dag.py:3954} INFO - Setting next_dagrun for dag_scraping_offres_emploi to 2026-04-19 00:00:00+00:00, run_after=2026-04-19 06:00:00+00:00
[2026-04-19T10:08:25.797+0000] {processor.py:183} INFO - Processing /opt/airflow/dags/DagScraper.py took 0.207 seconds
[2026-04-19T10:08:56.482+0000] {processor.py:161} INFO - Started process (PID=36768) to work on /opt/airflow/dags/DagScraper.py
[2026-04-19T10:08:56.484+0000] {processor.py:830} INFO - Processing file /opt/airflow/dags/DagScraper.py for tasks to queue
[2026-04-19T10:08:56.488+0000] {logging_mixin.py:188} INFO - [2026-04-19T10:08:56.487+0000] {dagbag.py:545} INFO - Filling up the DagBag from /opt/airflow/dags/DagScraper.py
[2026-04-19T10:08:56.529+0000] {processor.py:840} INFO - DAG(s) 'dag_scraping_offres_emploi' retrieved from /opt/airflow/dags/DagScraper.py
[2026-04-19T10:08:56.627+0000] {logging_mixin.py:188} INFO - [2026-04-19T10:08:56.626+0000] {dag.py:3096} INFO - Sync 1 DAGs
[2026-04-19T10:08:56.693+0000] {logging_mixin.py:188} INFO - [2026-04-19T10:08:56.693+0000] {dag.py:3954} INFO - Setting next_dagrun for dag_scraping_offres_emploi to 2026-04-19 00:00:00+00:00, run_after=2026-04-19 06:00:00+00:00
[2026-04-19T10:08:56.755+0000] {processor.py:183} INFO - Processing /opt/airflow/dags/DagScraper.py took 0.284 seconds
[2026-04-19T10:09:27.655+0000] {processor.py:161} INFO - Started process (PID=36775) to work on /opt/airflow/dags/DagScraper.py
[2026-04-19T10:09:27.660+0000] {processor.py:830} INFO - Processing file /opt/airflow/dags/DagScraper.py for tasks to queue
[2026-04-19T10:09:27.667+0000] {logging_mixin.py:188} INFO - [2026-04-19T10:09:27.666+0000] {dagbag.py:545} INFO - Filling up the DagBag from /opt/airflow/dags/DagScraper.py
[2026-04-19T10:09:27.744+0000] {processor.py:840} INFO - DAG(s) 'dag_scraping_offres_emploi' retrieved from /opt/airflow/dags/DagScraper.py
[2026-04-19T10:09:27.870+0000] {logging_mixin.py:188} INFO - [2026-04-19T10:09:27.869+0000] {dag.py:3096} INFO - Sync 1 DAGs
[2026-04-19T10:09:27.928+0000] {logging_mixin.py:188} INFO - [2026-04-19T10:09:27.928+0000] {dag.py:3954} INFO - Setting next_dagrun for dag_scraping_offres_emploi to 2026-04-19 00:00:00+00:00, run_after=2026-04-19 06:00:00+00:00
[2026-04-19T10:09:27.977+0000] {processor.py:183} INFO - Processing /opt/airflow/dags/DagScraper.py took 0.374 seconds
[2026-04-19T10:09:58.556+0000] {processor.py:161} INFO - Started process (PID=36790) to work on /opt/airflow/dags/DagScraper.py
[2026-04-19T10:09:58.559+0000] {processor.py:830} INFO - Processing file /opt/airflow/dags/DagScraper.py for tasks to queue
[2026-04-19T10:09:58.564+0000] {logging_mixin.py:188} INFO - [2026-04-19T10:09:58.563+0000] {dagbag.py:545} INFO - Filling up the DagBag from /opt/airflow/dags/DagScraper.py
[2026-04-19T10:09:58.603+0000] {processor.py:840} INFO - DAG(s) 'dag_scraping_offres_emploi' retrieved from /opt/airflow/dags/DagScraper.py
[2026-04-19T10:09:58.689+0000] {logging_mixin.py:188} INFO - [2026-04-19T10:09:58.688+0000] {dag.py:3096} INFO - Sync 1 DAGs
[2026-04-19T10:09:58.748+0000] {logging_mixin.py:188} INFO - [2026-04-19T10:09:58.748+0000] {dag.py:3954} INFO - Setting next_dagrun for dag_scraping_offres_emploi to 2026-04-19 00:00:00+00:00, run_after=2026-04-19 06:00:00+00:00
[2026-04-19T10:09:58.808+0000] {processor.py:183} INFO - Processing /opt/airflow/dags/DagScraper.py took 0.273 seconds
[2026-04-19T10:10:29.405+0000] {processor.py:161} INFO - Started process (PID=36798) to work on /opt/airflow/dags/DagScraper.py
[2026-04-19T10:10:29.407+0000] {processor.py:830} INFO - Processing file /opt/airflow/dags/DagScraper.py for tasks to queue
[2026-04-19T10:10:29.412+0000] {logging_mixin.py:188} INFO - [2026-04-19T10:10:29.411+0000] {dagbag.py:545} INFO - Filling up the DagBag from /opt/airflow/dags/DagScraper.py
[2026-04-19T10:10:29.467+0000] {processor.py:840} INFO - DAG(s) 'dag_scraping_offres_emploi' retrieved from /opt/airflow/dags/DagScraper.py
[2026-04-19T10:10:29.586+0000] {logging_mixin.py:188} INFO - [2026-04-19T10:10:29.586+0000] {dag.py:3096} INFO - Sync 1 DAGs
[2026-04-19T10:10:29.644+0000] {logging_mixin.py:188} INFO - [2026-04-19T10:10:29.643+0000] {dag.py:3954} INFO - Setting next_dagrun for dag_scraping_offres_emploi to 2026-04-19 00:00:00+00:00, run_after=2026-04-19 06:00:00+00:00
[2026-04-19T10:10:29.687+0000] {processor.py:183} INFO - Processing /opt/airflow/dags/DagScraper.py took 0.298 seconds
[2026-04-19T10:11:00.501+0000] {processor.py:161} INFO - Started process (PID=36810) to work on /opt/airflow/dags/DagScraper.py
[2026-04-19T10:11:00.503+0000] {processor.py:830} INFO - Processing file /opt/airflow/dags/DagScraper.py for tasks to queue
[2026-04-19T10:11:00.507+0000] {logging_mixin.py:188} INFO - [2026-04-19T10:11:00.506+0000] {dagbag.py:545} INFO - Filling up the DagBag from /opt/airflow/dags/DagScraper.py
[2026-04-19T10:11:00.552+0000] {processor.py:840} INFO - DAG(s) 'dag_scraping_offres_emploi' retrieved from /opt/airflow/dags/DagScraper.py
[2026-04-19T10:11:00.621+0000] {logging_mixin.py:188} INFO - [2026-04-19T10:11:00.621+0000] {dag.py:3096} INFO - Sync 1 DAGs
[2026-04-19T10:11:00.657+0000] {logging_mixin.py:188} INFO - [2026-04-19T10:11:00.657+0000] {dag.py:3954} INFO - Setting next_dagrun for dag_scraping_offres_emploi to 2026-04-19 00:00:00+00:00, run_after=2026-04-19 06:00:00+00:00
[2026-04-19T10:11:00.697+0000] {processor.py:183} INFO - Processing /opt/airflow/dags/DagScraper.py took 0.217 seconds
[2026-04-19T10:11:31.396+0000] {processor.py:161} INFO - Started process (PID=36818) to work on /opt/airflow/dags/DagScraper.py
[2026-04-19T10:11:31.454+0000] {processor.py:830} INFO - Processing file /opt/airflow/dags/DagScraper.py for tasks to queue
[2026-04-19T10:11:31.465+0000] {logging_mixin.py:188} INFO - [2026-04-19T10:11:31.464+0000] {dagbag.py:545} INFO - Filling up the DagBag from /opt/airflow/dags/DagScraper.py
[2026-04-19T10:11:31.578+0000] {processor.py:840} INFO - DAG(s) 'dag_scraping_offres_emploi' retrieved from /opt/airflow/dags/DagScraper.py
[2026-04-19T10:11:31.695+0000] {logging_mixin.py:188} INFO - [2026-04-19T10:11:31.695+0000] {dag.py:3096} INFO - Sync 1 DAGs
[2026-04-19T10:11:31.731+0000] {logging_mixin.py:188} INFO - [2026-04-19T10:11:31.730+0000] {dag.py:3954} INFO - Setting next_dagrun for dag_scraping_offres_emploi to 2026-04-19 00:00:00+00:00, run_after=2026-04-19 06:00:00+00:00
[2026-04-19T10:11:31.766+0000] {processor.py:183} INFO - Processing /opt/airflow/dags/DagScraper.py took 0.459 seconds
[2026-04-19T10:12:02.349+0000] {processor.py:161} INFO - Started process (PID=36832) to work on /opt/airflow/dags/DagScraper.py
[2026-04-19T10:12:02.351+0000] {processor.py:830} INFO - Processing file /opt/airflow/dags/DagScraper.py for tasks to queue
[2026-04-19T10:12:02.355+0000] {logging_mixin.py:188} INFO - [2026-04-19T10:12:02.354+0000] {dagbag.py:545} INFO - Filling up the DagBag from /opt/airflow/dags/DagScraper.py
[2026-04-19T10:12:02.397+0000] {processor.py:840} INFO - DAG(s) 'dag_scraping_offres_emploi' retrieved from /opt/airflow/dags/DagScraper.py
[2026-04-19T10:12:02.487+0000] {logging_mixin.py:188} INFO - [2026-04-19T10:12:02.486+0000] {dag.py:3096} INFO - Sync 1 DAGs
[2026-04-19T10:12:02.607+0000] {logging_mixin.py:188} INFO - [2026-04-19T10:12:02.607+0000] {dag.py:3954} INFO - Setting next_dagrun for dag_scraping_offres_emploi to 2026-04-19 00:00:00+00:00, run_after=2026-04-19 06:00:00+00:00
[2026-04-19T10:12:02.749+0000] {processor.py:183} INFO - Processing /opt/airflow/dags/DagScraper.py took 0.419 seconds
[2026-04-19T10:12:33.327+0000] {processor.py:161} INFO - Started process (PID=36840) to work on /opt/airflow/dags/DagScraper.py
[2026-04-19T10:12:33.329+0000] {processor.py:830} INFO - Processing file /opt/airflow/dags/DagScraper.py for tasks to queue
[2026-04-19T10:12:33.333+0000] {logging_mixin.py:188} INFO - [2026-04-19T10:12:33.332+0000] {dagbag.py:545} INFO - Filling up the DagBag from /opt/airflow/dags/DagScraper.py
[2026-04-19T10:12:33.387+0000] {processor.py:840} INFO - DAG(s) 'dag_scraping_offres_emploi' retrieved from /opt/airflow/dags/DagScraper.py
[2026-04-19T10:12:33.475+0000] {logging_mixin.py:188} INFO - [2026-04-19T10:12:33.474+0000] {dag.py:3096} INFO - Sync 1 DAGs
[2026-04-19T10:12:33.521+0000] {logging_mixin.py:188} INFO - [2026-04-19T10:12:33.520+0000] {dag.py:3954} INFO - Setting next_dagrun for dag_scraping_offres_emploi to 2026-04-19 00:00:00+00:00, run_after=2026-04-19 06:00:00+00:00
[2026-04-19T10:12:33.561+0000] {processor.py:183} INFO - Processing /opt/airflow/dags/DagScraper.py took 0.244 seconds
[2026-04-19T10:13:04.175+0000] {processor.py:161} INFO - Started process (PID=36855) to work on /opt/airflow/dags/DagScraper.py
[2026-04-19T10:13:04.177+0000] {processor.py:830} INFO - Processing file /opt/airflow/dags/DagScraper.py for tasks to queue
[2026-04-19T10:13:04.180+0000] {logging_mixin.py:188} INFO - [2026-04-19T10:13:04.180+0000] {dagbag.py:545} INFO - Filling up the DagBag from /opt/airflow/dags/DagScraper.py
[2026-04-19T10:13:04.226+0000] {processor.py:840} INFO - DAG(s) 'dag_scraping_offres_emploi' retrieved from /opt/airflow/dags/DagScraper.py
[2026-04-19T10:13:04.307+0000] {logging_mixin.py:188} INFO - [2026-04-19T10:13:04.306+0000] {dag.py:3096} INFO - Sync 1 DAGs
[2026-04-19T10:13:04.377+0000] {logging_mixin.py:188} INFO - [2026-04-19T10:13:04.376+0000] {dag.py:3954} INFO - Setting next_dagrun for dag_scraping_offres_emploi to 2026-04-19 00:00:00+00:00, run_after=2026-04-19 06:00:00+00:00
[2026-04-19T10:13:04.448+0000] {processor.py:183} INFO - Processing /opt/airflow/dags/DagScraper.py took 0.285 seconds
[2026-04-19T10:13:34.987+0000] {processor.py:161} INFO - Started process (PID=36869) to work on /opt/airflow/dags/DagScraper.py
[2026-04-19T10:13:34.989+0000] {processor.py:830} INFO - Processing file /opt/airflow/dags/DagScraper.py for tasks to queue
[2026-04-19T10:13:34.992+0000] {logging_mixin.py:188} INFO - [2026-04-19T10:13:34.992+0000] {dagbag.py:545} INFO - Filling up the DagBag from /opt/airflow/dags/DagScraper.py
[2026-04-19T10:13:35.035+0000] {processor.py:840} INFO - DAG(s) 'dag_scraping_offres_emploi' retrieved from /opt/airflow/dags/DagScraper.py
[2026-04-19T10:13:35.107+0000] {logging_mixin.py:188} INFO - [2026-04-19T10:13:35.106+0000] {dag.py:3096} INFO - Sync 1 DAGs
[2026-04-19T10:13:35.161+0000] {logging_mixin.py:188} INFO - [2026-04-19T10:13:35.159+0000] {dag.py:3954} INFO - Setting next_dagrun for dag_scraping_offres_emploi to 2026-04-19 00:00:00+00:00, run_after=2026-04-19 06:00:00+00:00
[2026-04-19T10:13:35.213+0000] {processor.py:183} INFO - Processing /opt/airflow/dags/DagScraper.py took 0.239 seconds
[2026-04-19T10:14:05.783+0000] {processor.py:161} INFO - Started process (PID=36877) to work on /opt/airflow/dags/DagScraper.py
[2026-04-19T10:14:05.787+0000] {processor.py:830} INFO - Processing file /opt/airflow/dags/DagScraper.py for tasks to queue
[2026-04-19T10:14:05.793+0000] {logging_mixin.py:188} INFO - [2026-04-19T10:14:05.792+0000] {dagbag.py:545} INFO - Filling up the DagBag from /opt/airflow/dags/DagScraper.py
[2026-04-19T10:14:05.874+0000] {processor.py:840} INFO - DAG(s) 'dag_scraping_offres_emploi' retrieved from /opt/airflow/dags/DagScraper.py
[2026-04-19T10:14:05.993+0000] {logging_mixin.py:188} INFO - [2026-04-19T10:14:05.993+0000] {dag.py:3096} INFO - Sync 1 DAGs
[2026-04-19T10:14:06.046+0000] {logging_mixin.py:188} INFO - [2026-04-19T10:14:06.045+0000] {dag.py:3954} INFO - Setting next_dagrun for dag_scraping_offres_emploi to 2026-04-19 00:00:00+00:00, run_after=2026-04-19 06:00:00+00:00
[2026-04-19T10:14:06.087+0000] {processor.py:183} INFO - Processing /opt/airflow/dags/DagScraper.py took 0.325 seconds
[2026-04-19T10:14:36.314+0000] {processor.py:161} INFO - Started process (PID=36892) to work on /opt/airflow/dags/DagScraper.py
[2026-04-19T10:14:36.315+0000] {processor.py:830} INFO - Processing file /opt/airflow/dags/DagScraper.py for tasks to queue
[2026-04-19T10:14:36.320+0000] {logging_mixin.py:188} INFO - [2026-04-19T10:14:36.319+0000] {dagbag.py:545} INFO - Filling up the DagBag from /opt/airflow/dags/DagScraper.py
[2026-04-19T10:14:36.392+0000] {processor.py:840} INFO - DAG(s) 'dag_scraping_offres_emploi' retrieved from /opt/airflow/dags/DagScraper.py
[2026-04-19T10:14:36.486+0000] {logging_mixin.py:188} INFO - [2026-04-19T10:14:36.485+0000] {dag.py:3096} INFO - Sync 1 DAGs
[2026-04-19T10:14:36.524+0000] {logging_mixin.py:188} INFO - [2026-04-19T10:14:36.524+0000] {dag.py:3954} INFO - Setting next_dagrun for dag_scraping_offres_emploi to 2026-04-19 00:00:00+00:00, run_after=2026-04-19 06:00:00+00:00
[2026-04-19T10:14:36.566+0000] {processor.py:183} INFO - Processing /opt/airflow/dags/DagScraper.py took 0.272 seconds
[2026-04-19T10:15:07.279+0000] {processor.py:161} INFO - Started process (PID=36900) to work on /opt/airflow/dags/DagScraper.py
[2026-04-19T10:15:07.284+0000] {processor.py:830} INFO - Processing file /opt/airflow/dags/DagScraper.py for tasks to queue
[2026-04-19T10:15:07.302+0000] {logging_mixin.py:188} INFO - [2026-04-19T10:15:07.299+0000] {dagbag.py:545} INFO - Filling up the DagBag from /opt/airflow/dags/DagScraper.py
[2026-04-19T10:15:07.407+0000] {processor.py:840} INFO - DAG(s) 'dag_scraping_offres_emploi' retrieved from /opt/airflow/dags/DagScraper.py
[2026-04-19T10:15:07.507+0000] {logging_mixin.py:188} INFO - [2026-04-19T10:15:07.507+0000] {dag.py:3096} INFO - Sync 1 DAGs
[2026-04-19T10:15:07.547+0000] {logging_mixin.py:188} INFO - [2026-04-19T10:15:07.546+0000] {dag.py:3954} INFO - Setting next_dagrun for dag_scraping_offres_emploi to 2026-04-19 00:00:00+00:00, run_after=2026-04-19 06:00:00+00:00
[2026-04-19T10:15:07.596+0000] {processor.py:183} INFO - Processing /opt/airflow/dags/DagScraper.py took 0.355 seconds
[2026-04-19T10:15:38.221+0000] {processor.py:161} INFO - Started process (PID=36915) to work on /opt/airflow/dags/DagScraper.py
[2026-04-19T10:15:38.223+0000] {processor.py:830} INFO - Processing file /opt/airflow/dags/DagScraper.py for tasks to queue
[2026-04-19T10:15:38.227+0000] {logging_mixin.py:188} INFO - [2026-04-19T10:15:38.226+0000] {dagbag.py:545} INFO - Filling up the DagBag from /opt/airflow/dags/DagScraper.py
[2026-04-19T10:15:38.280+0000] {processor.py:840} INFO - DAG(s) 'dag_scraping_offres_emploi' retrieved from /opt/airflow/dags/DagScraper.py
[2026-04-19T10:15:38.406+0000] {logging_mixin.py:188} INFO - [2026-04-19T10:15:38.405+0000] {dag.py:3096} INFO - Sync 1 DAGs
[2026-04-19T10:15:38.456+0000] {logging_mixin.py:188} INFO - [2026-04-19T10:15:38.455+0000] {dag.py:3954} INFO - Setting next_dagrun for dag_scraping_offres_emploi to 2026-04-19 00:00:00+00:00, run_after=2026-04-19 06:00:00+00:00
[2026-04-19T10:15:38.497+0000] {processor.py:183} INFO - Processing /opt/airflow/dags/DagScraper.py took 0.287 seconds
[2026-04-19T10:16:09.028+0000] {processor.py:161} INFO - Started process (PID=36922) to work on /opt/airflow/dags/DagScraper.py
[2026-04-19T10:16:09.030+0000] {processor.py:830} INFO - Processing file /opt/airflow/dags/DagScraper.py for tasks to queue
[2026-04-19T10:16:09.033+0000] {logging_mixin.py:188} INFO - [2026-04-19T10:16:09.033+0000] {dagbag.py:545} INFO - Filling up the DagBag from /opt/airflow/dags/DagScraper.py
[2026-04-19T10:16:09.101+0000] {processor.py:840} INFO - DAG(s) 'dag_scraping_offres_emploi' retrieved from /opt/airflow/dags/DagScraper.py
[2026-04-19T10:16:09.261+0000] {logging_mixin.py:188} INFO - [2026-04-19T10:16:09.260+0000] {dag.py:3096} INFO - Sync 1 DAGs
[2026-04-19T10:16:09.314+0000] {logging_mixin.py:188} INFO - [2026-04-19T10:16:09.313+0000] {dag.py:3954} INFO - Setting next_dagrun for dag_scraping_offres_emploi to 2026-04-19 00:00:00+00:00, run_after=2026-04-19 06:00:00+00:00
[2026-04-19T10:16:09.354+0000] {processor.py:183} INFO - Processing /opt/airflow/dags/DagScraper.py took 0.336 seconds
[2026-04-19T10:16:40.200+0000] {processor.py:161} INFO - Started process (PID=36936) to work on /opt/airflow/dags/DagScraper.py
[2026-04-19T10:16:40.202+0000] {processor.py:830} INFO - Processing file /opt/airflow/dags/DagScraper.py for tasks to queue
[2026-04-19T10:16:40.209+0000] {logging_mixin.py:188} INFO - [2026-04-19T10:16:40.207+0000] {dagbag.py:545} INFO - Filling up the DagBag from /opt/airflow/dags/DagScraper.py
[2026-04-19T10:16:40.288+0000] {processor.py:840} INFO - DAG(s) 'dag_scraping_offres_emploi' retrieved from /opt/airflow/dags/DagScraper.py
[2026-04-19T10:16:40.356+0000] {logging_mixin.py:188} INFO - [2026-04-19T10:16:40.355+0000] {dag.py:3096} INFO - Sync 1 DAGs
[2026-04-19T10:16:40.404+0000] {logging_mixin.py:188} INFO - [2026-04-19T10:16:40.404+0000] {dag.py:3954} INFO - Setting next_dagrun for dag_scraping_offres_emploi to 2026-04-19 00:00:00+00:00, run_after=2026-04-19 06:00:00+00:00
[2026-04-19T10:16:40.458+0000] {processor.py:183} INFO - Processing /opt/airflow/dags/DagScraper.py took 0.279 seconds
[2026-04-19T10:17:11.281+0000] {processor.py:161} INFO - Started process (PID=36943) to work on /opt/airflow/dags/DagScraper.py
[2026-04-19T10:17:11.291+0000] {processor.py:830} INFO - Processing file /opt/airflow/dags/DagScraper.py for tasks to queue
[2026-04-19T10:17:11.298+0000] {logging_mixin.py:188} INFO - [2026-04-19T10:17:11.297+0000] {dagbag.py:545} INFO - Filling up the DagBag from /opt/airflow/dags/DagScraper.py
[2026-04-19T10:17:11.380+0000] {processor.py:840} INFO - DAG(s) 'dag_scraping_offres_emploi' retrieved from /opt/airflow/dags/DagScraper.py
[2026-04-19T10:17:11.446+0000] {logging_mixin.py:188} INFO - [2026-04-19T10:17:11.445+0000] {dag.py:3096} INFO - Sync 1 DAGs
[2026-04-19T10:17:11.497+0000] {logging_mixin.py:188} INFO - [2026-04-19T10:17:11.497+0000] {dag.py:3954} INFO - Setting next_dagrun for dag_scraping_offres_emploi to 2026-04-19 00:00:00+00:00, run_after=2026-04-19 06:00:00+00:00
[2026-04-19T10:17:11.534+0000] {processor.py:183} INFO - Processing /opt/airflow/dags/DagScraper.py took 0.337 seconds
[2026-04-19T10:17:42.123+0000] {processor.py:161} INFO - Started process (PID=36957) to work on /opt/airflow/dags/DagScraper.py
[2026-04-19T10:17:42.125+0000] {processor.py:830} INFO - Processing file /opt/airflow/dags/DagScraper.py for tasks to queue
[2026-04-19T10:17:42.129+0000] {logging_mixin.py:188} INFO - [2026-04-19T10:17:42.128+0000] {dagbag.py:545} INFO - Filling up the DagBag from /opt/airflow/dags/DagScraper.py
[2026-04-19T10:17:42.190+0000] {processor.py:840} INFO - DAG(s) 'dag_scraping_offres_emploi' retrieved from /opt/airflow/dags/DagScraper.py
[2026-04-19T10:17:42.292+0000] {logging_mixin.py:188} INFO - [2026-04-19T10:17:42.291+0000] {dag.py:3096} INFO - Sync 1 DAGs
[2026-04-19T10:17:42.350+0000] {logging_mixin.py:188} INFO - [2026-04-19T10:17:42.349+0000] {dag.py:3954} INFO - Setting next_dagrun for dag_scraping_offres_emploi to 2026-04-19 00:00:00+00:00, run_after=2026-04-19 06:00:00+00:00
[2026-04-19T10:17:42.387+0000] {processor.py:183} INFO - Processing /opt/airflow/dags/DagScraper.py took 0.281 seconds
[2026-04-19T10:18:12.609+0000] {processor.py:161} INFO - Started process (PID=36966) to work on /opt/airflow/dags/DagScraper.py
[2026-04-19T10:18:12.614+0000] {processor.py:830} INFO - Processing file /opt/airflow/dags/DagScraper.py for tasks to queue
[2026-04-19T10:18:12.620+0000] {logging_mixin.py:188} INFO - [2026-04-19T10:18:12.619+0000] {dagbag.py:545} INFO - Filling up the DagBag from /opt/airflow/dags/DagScraper.py
[2026-04-19T10:18:12.696+0000] {processor.py:840} INFO - DAG(s) 'dag_scraping_offres_emploi' retrieved from /opt/airflow/dags/DagScraper.py
[2026-04-19T10:18:12.841+0000] {logging_mixin.py:188} INFO - [2026-04-19T10:18:12.840+0000] {dag.py:3096} INFO - Sync 1 DAGs
[2026-04-19T10:18:12.947+0000] {logging_mixin.py:188} INFO - [2026-04-19T10:18:12.947+0000] {dag.py:3954} INFO - Setting next_dagrun for dag_scraping_offres_emploi to 2026-04-19 00:00:00+00:00, run_after=2026-04-19 06:00:00+00:00
[2026-04-19T10:18:12.994+0000] {processor.py:183} INFO - Processing /opt/airflow/dags/DagScraper.py took 0.404 seconds
[2026-04-19T10:18:43.268+0000] {processor.py:161} INFO - Started process (PID=36980) to work on /opt/airflow/dags/DagScraper.py
[2026-04-19T10:18:43.269+0000] {processor.py:830} INFO - Processing file /opt/airflow/dags/DagScraper.py for tasks to queue
[2026-04-19T10:18:43.274+0000] {logging_mixin.py:188} INFO - [2026-04-19T10:18:43.273+0000] {dagbag.py:545} INFO - Filling up the DagBag from /opt/airflow/dags/DagScraper.py
[2026-04-19T10:18:43.325+0000] {processor.py:840} INFO - DAG(s) 'dag_scraping_offres_emploi' retrieved from /opt/airflow/dags/DagScraper.py
[2026-04-19T10:18:43.486+0000] {logging_mixin.py:188} INFO - [2026-04-19T10:18:43.486+0000] {dag.py:3096} INFO - Sync 1 DAGs
[2026-04-19T10:18:43.548+0000] {logging_mixin.py:188} INFO - [2026-04-19T10:18:43.547+0000] {dag.py:3954} INFO - Setting next_dagrun for dag_scraping_offres_emploi to 2026-04-19 00:00:00+00:00, run_after=2026-04-19 06:00:00+00:00
[2026-04-19T10:18:43.629+0000] {processor.py:183} INFO - Processing /opt/airflow/dags/DagScraper.py took 0.375 seconds
[2026-04-19T10:19:14.458+0000] {processor.py:161} INFO - Started process (PID=36987) to work on /opt/airflow/dags/DagScraper.py
[2026-04-19T10:19:14.462+0000] {processor.py:830} INFO - Processing file /opt/airflow/dags/DagScraper.py for tasks to queue
[2026-04-19T10:19:14.467+0000] {logging_mixin.py:188} INFO - [2026-04-19T10:19:14.466+0000] {dagbag.py:545} INFO - Filling up the DagBag from /opt/airflow/dags/DagScraper.py
[2026-04-19T10:19:14.565+0000] {processor.py:840} INFO - DAG(s) 'dag_scraping_offres_emploi' retrieved from /opt/airflow/dags/DagScraper.py
[2026-04-19T10:19:14.799+0000] {logging_mixin.py:188} INFO - [2026-04-19T10:19:14.798+0000] {dag.py:3096} INFO - Sync 1 DAGs
[2026-04-19T10:19:14.908+0000] {logging_mixin.py:188} INFO - [2026-04-19T10:19:14.907+0000] {dag.py:3954} INFO - Setting next_dagrun for dag_scraping_offres_emploi to 2026-04-19 00:00:00+00:00, run_after=2026-04-19 06:00:00+00:00
[2026-04-19T10:19:14.979+0000] {processor.py:183} INFO - Processing /opt/airflow/dags/DagScraper.py took 0.544 seconds
[2026-04-19T10:19:45.950+0000] {processor.py:161} INFO - Started process (PID=37001) to work on /opt/airflow/dags/DagScraper.py
[2026-04-19T10:19:45.952+0000] {processor.py:830} INFO - Processing file /opt/airflow/dags/DagScraper.py for tasks to queue
[2026-04-19T10:19:45.956+0000] {logging_mixin.py:188} INFO - [2026-04-19T10:19:45.955+0000] {dagbag.py:545} INFO - Filling up the DagBag from /opt/airflow/dags/DagScraper.py
[2026-04-19T10:19:46.048+0000] {processor.py:840} INFO - DAG(s) 'dag_scraping_offres_emploi' retrieved from /opt/airflow/dags/DagScraper.py
[2026-04-19T10:19:46.307+0000] {logging_mixin.py:188} INFO - [2026-04-19T10:19:46.306+0000] {dag.py:3096} INFO - Sync 1 DAGs
[2026-04-19T10:19:46.447+0000] {logging_mixin.py:188} INFO - [2026-04-19T10:19:46.446+0000] {dag.py:3954} INFO - Setting next_dagrun for dag_scraping_offres_emploi to 2026-04-19 00:00:00+00:00, run_after=2026-04-19 06:00:00+00:00
[2026-04-19T10:19:46.577+0000] {processor.py:183} INFO - Processing /opt/airflow/dags/DagScraper.py took 0.647 seconds
[2026-04-19T10:20:17.030+0000] {processor.py:161} INFO - Started process (PID=37009) to work on /opt/airflow/dags/DagScraper.py
[2026-04-19T10:20:17.033+0000] {processor.py:830} INFO - Processing file /opt/airflow/dags/DagScraper.py for tasks to queue
[2026-04-19T10:20:17.037+0000] {logging_mixin.py:188} INFO - [2026-04-19T10:20:17.036+0000] {dagbag.py:545} INFO - Filling up the DagBag from /opt/airflow/dags/DagScraper.py
[2026-04-19T10:20:17.089+0000] {processor.py:840} INFO - DAG(s) 'dag_scraping_offres_emploi' retrieved from /opt/airflow/dags/DagScraper.py
[2026-04-19T10:20:17.196+0000] {logging_mixin.py:188} INFO - [2026-04-19T10:20:17.195+0000] {dag.py:3096} INFO - Sync 1 DAGs
[2026-04-19T10:20:17.269+0000] {logging_mixin.py:188} INFO - [2026-04-19T10:20:17.269+0000] {dag.py:3954} INFO - Setting next_dagrun for dag_scraping_offres_emploi to 2026-04-19 00:00:00+00:00, run_after=2026-04-19 06:00:00+00:00
[2026-04-19T10:20:17.353+0000] {processor.py:183} INFO - Processing /opt/airflow/dags/DagScraper.py took 0.337 seconds
[2026-04-19T10:20:47.526+0000] {processor.py:161} INFO - Started process (PID=37023) to work on /opt/airflow/dags/DagScraper.py
[2026-04-19T10:20:47.528+0000] {processor.py:830} INFO - Processing file /opt/airflow/dags/DagScraper.py for tasks to queue
[2026-04-19T10:20:47.533+0000] {logging_mixin.py:188} INFO - [2026-04-19T10:20:47.532+0000] {dagbag.py:545} INFO - Filling up the DagBag from /opt/airflow/dags/DagScraper.py
[2026-04-19T10:20:47.627+0000] {processor.py:840} INFO - DAG(s) 'dag_scraping_offres_emploi' retrieved from /opt/airflow/dags/DagScraper.py
[2026-04-19T10:20:47.751+0000] {logging_mixin.py:188} INFO - [2026-04-19T10:20:47.750+0000] {dag.py:3096} INFO - Sync 1 DAGs
[2026-04-19T10:20:47.829+0000] {logging_mixin.py:188} INFO - [2026-04-19T10:20:47.828+0000] {dag.py:3954} INFO - Setting next_dagrun for dag_scraping_offres_emploi to 2026-04-19 00:00:00+00:00, run_after=2026-04-19 06:00:00+00:00
[2026-04-19T10:20:47.906+0000] {processor.py:183} INFO - Processing /opt/airflow/dags/DagScraper.py took 0.395 seconds
[2026-04-19T10:21:18.587+0000] {processor.py:161} INFO - Started process (PID=37031) to work on /opt/airflow/dags/DagScraper.py
[2026-04-19T10:21:18.600+0000] {processor.py:830} INFO - Processing file /opt/airflow/dags/DagScraper.py for tasks to queue
[2026-04-19T10:21:18.604+0000] {logging_mixin.py:188} INFO - [2026-04-19T10:21:18.603+0000] {dagbag.py:545} INFO - Filling up the DagBag from /opt/airflow/dags/DagScraper.py
[2026-04-19T10:21:18.749+0000] {processor.py:840} INFO - DAG(s) 'dag_scraping_offres_emploi' retrieved from /opt/airflow/dags/DagScraper.py
[2026-04-19T10:21:19.000+0000] {logging_mixin.py:188} INFO - [2026-04-19T10:21:19.000+0000] {dag.py:3096} INFO - Sync 1 DAGs
[2026-04-19T10:21:19.137+0000] {logging_mixin.py:188} INFO - [2026-04-19T10:21:19.137+0000] {dag.py:3954} INFO - Setting next_dagrun for dag_scraping_offres_emploi to 2026-04-19 00:00:00+00:00, run_after=2026-04-19 06:00:00+00:00
[2026-04-19T10:21:19.302+0000] {processor.py:183} INFO - Processing /opt/airflow/dags/DagScraper.py took 0.757 seconds
[2026-04-19T10:21:50.021+0000] {processor.py:161} INFO - Started process (PID=37045) to work on /opt/airflow/dags/DagScraper.py
[2026-04-19T10:21:50.023+0000] {processor.py:830} INFO - Processing file /opt/airflow/dags/DagScraper.py for tasks to queue
[2026-04-19T10:21:50.027+0000] {logging_mixin.py:188} INFO - [2026-04-19T10:21:50.026+0000] {dagbag.py:545} INFO - Filling up the DagBag from /opt/airflow/dags/DagScraper.py
[2026-04-19T10:21:50.058+0000] {processor.py:840} INFO - DAG(s) 'dag_scraping_offres_emploi' retrieved from /opt/airflow/dags/DagScraper.py
[2026-04-19T10:21:50.130+0000] {logging_mixin.py:188} INFO - [2026-04-19T10:21:50.128+0000] {dag.py:3096} INFO - Sync 1 DAGs
[2026-04-19T10:21:50.246+0000] {logging_mixin.py:188} INFO - [2026-04-19T10:21:50.245+0000] {dag.py:3954} INFO - Setting next_dagrun for dag_scraping_offres_emploi to 2026-04-19 00:00:00+00:00, run_after=2026-04-19 06:00:00+00:00
[2026-04-19T10:21:50.367+0000] {processor.py:183} INFO - Processing /opt/airflow/dags/DagScraper.py took 0.356 seconds
[2026-04-19T10:22:21.117+0000] {processor.py:161} INFO - Started process (PID=37052) to work on /opt/airflow/dags/DagScraper.py
[2026-04-19T10:22:21.118+0000] {processor.py:830} INFO - Processing file /opt/airflow/dags/DagScraper.py for tasks to queue
[2026-04-19T10:22:21.121+0000] {logging_mixin.py:188} INFO - [2026-04-19T10:22:21.121+0000] {dagbag.py:545} INFO - Filling up the DagBag from /opt/airflow/dags/DagScraper.py
[2026-04-19T10:22:21.163+0000] {processor.py:840} INFO - DAG(s) 'dag_scraping_offres_emploi' retrieved from /opt/airflow/dags/DagScraper.py
[2026-04-19T10:22:21.256+0000] {logging_mixin.py:188} INFO - [2026-04-19T10:22:21.256+0000] {dag.py:3096} INFO - Sync 1 DAGs
[2026-04-19T10:22:21.317+0000] {logging_mixin.py:188} INFO - [2026-04-19T10:22:21.316+0000] {dag.py:3954} INFO - Setting next_dagrun for dag_scraping_offres_emploi to 2026-04-19 00:00:00+00:00, run_after=2026-04-19 06:00:00+00:00
[2026-04-19T10:22:21.370+0000] {processor.py:183} INFO - Processing /opt/airflow/dags/DagScraper.py took 0.264 seconds
[2026-04-19T10:22:52.315+0000] {processor.py:161} INFO - Started process (PID=37067) to work on /opt/airflow/dags/DagScraper.py
[2026-04-19T10:22:52.318+0000] {processor.py:830} INFO - Processing file /opt/airflow/dags/DagScraper.py for tasks to queue
[2026-04-19T10:22:52.325+0000] {logging_mixin.py:188} INFO - [2026-04-19T10:22:52.322+0000] {dagbag.py:545} INFO - Filling up the DagBag from /opt/airflow/dags/DagScraper.py
[2026-04-19T10:22:52.427+0000] {processor.py:840} INFO - DAG(s) 'dag_scraping_offres_emploi' retrieved from /opt/airflow/dags/DagScraper.py
[2026-04-19T10:22:52.563+0000] {logging_mixin.py:188} INFO - [2026-04-19T10:22:52.562+0000] {dag.py:3096} INFO - Sync 1 DAGs
[2026-04-19T10:22:52.653+0000] {logging_mixin.py:188} INFO - [2026-04-19T10:22:52.652+0000] {dag.py:3954} INFO - Setting next_dagrun for dag_scraping_offres_emploi to 2026-04-19 00:00:00+00:00, run_after=2026-04-19 06:00:00+00:00
[2026-04-19T10:22:52.743+0000] {processor.py:183} INFO - Processing /opt/airflow/dags/DagScraper.py took 0.444 seconds
[2026-04-19T10:23:23.198+0000] {processor.py:161} INFO - Started process (PID=37083) to work on /opt/airflow/dags/DagScraper.py
[2026-04-19T10:23:23.203+0000] {processor.py:830} INFO - Processing file /opt/airflow/dags/DagScraper.py for tasks to queue
[2026-04-19T10:23:23.214+0000] {logging_mixin.py:188} INFO - [2026-04-19T10:23:23.212+0000] {dagbag.py:545} INFO - Filling up the DagBag from /opt/airflow/dags/DagScraper.py
[2026-04-19T10:23:23.311+0000] {processor.py:840} INFO - DAG(s) 'dag_scraping_offres_emploi' retrieved from /opt/airflow/dags/DagScraper.py
[2026-04-19T10:23:23.458+0000] {logging_mixin.py:188} INFO - [2026-04-19T10:23:23.457+0000] {dag.py:3096} INFO - Sync 1 DAGs
[2026-04-19T10:23:23.521+0000] {logging_mixin.py:188} INFO - [2026-04-19T10:23:23.520+0000] {dag.py:3954} INFO - Setting next_dagrun for dag_scraping_offres_emploi to 2026-04-19 00:00:00+00:00, run_after=2026-04-19 06:00:00+00:00
[2026-04-19T10:23:23.560+0000] {processor.py:183} INFO - Processing /opt/airflow/dags/DagScraper.py took 0.394 seconds
[2026-04-19T10:23:54.279+0000] {processor.py:161} INFO - Started process (PID=37092) to work on /opt/airflow/dags/DagScraper.py
[2026-04-19T10:23:54.282+0000] {processor.py:830} INFO - Processing file /opt/airflow/dags/DagScraper.py for tasks to queue
[2026-04-19T10:23:54.289+0000] {logging_mixin.py:188} INFO - [2026-04-19T10:23:54.287+0000] {dagbag.py:545} INFO - Filling up the DagBag from /opt/airflow/dags/DagScraper.py
[2026-04-19T10:23:54.346+0000] {processor.py:840} INFO - DAG(s) 'dag_scraping_offres_emploi' retrieved from /opt/airflow/dags/DagScraper.py
[2026-04-19T10:23:54.539+0000] {logging_mixin.py:188} INFO - [2026-04-19T10:23:54.538+0000] {dag.py:3096} INFO - Sync 1 DAGs
[2026-04-19T10:23:54.612+0000] {logging_mixin.py:188} INFO - [2026-04-19T10:23:54.612+0000] {dag.py:3954} INFO - Setting next_dagrun for dag_scraping_offres_emploi to 2026-04-19 00:00:00+00:00, run_after=2026-04-19 06:00:00+00:00
[2026-04-19T10:23:54.679+0000] {processor.py:183} INFO - Processing /opt/airflow/dags/DagScraper.py took 0.412 seconds
[2026-04-19T10:24:24.914+0000] {processor.py:161} INFO - Started process (PID=37107) to work on /opt/airflow/dags/DagScraper.py
[2026-04-19T10:24:24.916+0000] {processor.py:830} INFO - Processing file /opt/airflow/dags/DagScraper.py for tasks to queue
[2026-04-19T10:24:24.919+0000] {logging_mixin.py:188} INFO - [2026-04-19T10:24:24.919+0000] {dagbag.py:545} INFO - Filling up the DagBag from /opt/airflow/dags/DagScraper.py
[2026-04-19T10:24:24.964+0000] {processor.py:840} INFO - DAG(s) 'dag_scraping_offres_emploi' retrieved from /opt/airflow/dags/DagScraper.py
[2026-04-19T10:24:25.036+0000] {logging_mixin.py:188} INFO - [2026-04-19T10:24:25.036+0000] {dag.py:3096} INFO - Sync 1 DAGs
[2026-04-19T10:24:25.096+0000] {logging_mixin.py:188} INFO - [2026-04-19T10:24:25.096+0000] {dag.py:3954} INFO - Setting next_dagrun for dag_scraping_offres_emploi to 2026-04-19 00:00:00+00:00, run_after=2026-04-19 06:00:00+00:00
[2026-04-19T10:24:25.148+0000] {processor.py:183} INFO - Processing /opt/airflow/dags/DagScraper.py took 0.243 seconds
[2026-04-19T10:24:55.782+0000] {processor.py:161} INFO - Started process (PID=37115) to work on /opt/airflow/dags/DagScraper.py
[2026-04-19T10:24:55.785+0000] {processor.py:830} INFO - Processing file /opt/airflow/dags/DagScraper.py for tasks to queue
[2026-04-19T10:24:55.798+0000] {logging_mixin.py:188} INFO - [2026-04-19T10:24:55.789+0000] {dagbag.py:545} INFO - Filling up the DagBag from /opt/airflow/dags/DagScraper.py
[2026-04-19T10:24:55.856+0000] {processor.py:840} INFO - DAG(s) 'dag_scraping_offres_emploi' retrieved from /opt/airflow/dags/DagScraper.py
[2026-04-19T10:24:55.961+0000] {logging_mixin.py:188} INFO - [2026-04-19T10:24:55.960+0000] {dag.py:3096} INFO - Sync 1 DAGs
[2026-04-19T10:24:56.028+0000] {logging_mixin.py:188} INFO - [2026-04-19T10:24:56.027+0000] {dag.py:3954} INFO - Setting next_dagrun for dag_scraping_offres_emploi to 2026-04-19 00:00:00+00:00, run_after=2026-04-19 06:00:00+00:00
[2026-04-19T10:24:56.149+0000] {processor.py:183} INFO - Processing /opt/airflow/dags/DagScraper.py took 0.383 seconds
[2026-04-19T10:25:26.466+0000] {processor.py:161} INFO - Started process (PID=37129) to work on /opt/airflow/dags/DagScraper.py
[2026-04-19T10:25:26.470+0000] {processor.py:830} INFO - Processing file /opt/airflow/dags/DagScraper.py for tasks to queue
[2026-04-19T10:25:26.480+0000] {logging_mixin.py:188} INFO - [2026-04-19T10:25:26.478+0000] {dagbag.py:545} INFO - Filling up the DagBag from /opt/airflow/dags/DagScraper.py
[2026-04-19T10:25:26.674+0000] {processor.py:840} INFO - DAG(s) 'dag_scraping_offres_emploi' retrieved from /opt/airflow/dags/DagScraper.py
[2026-04-19T10:25:26.762+0000] {logging_mixin.py:188} INFO - [2026-04-19T10:25:26.762+0000] {dag.py:3096} INFO - Sync 1 DAGs
[2026-04-19T10:25:26.816+0000] {logging_mixin.py:188} INFO - [2026-04-19T10:25:26.815+0000] {dag.py:3954} INFO - Setting next_dagrun for dag_scraping_offres_emploi to 2026-04-19 00:00:00+00:00, run_after=2026-04-19 06:00:00+00:00
[2026-04-19T10:25:26.897+0000] {processor.py:183} INFO - Processing /opt/airflow/dags/DagScraper.py took 0.464 seconds
[2026-04-19T10:25:57.605+0000] {processor.py:161} INFO - Started process (PID=37137) to work on /opt/airflow/dags/DagScraper.py
[2026-04-19T10:25:57.607+0000] {processor.py:830} INFO - Processing file /opt/airflow/dags/DagScraper.py for tasks to queue
[2026-04-19T10:25:57.613+0000] {logging_mixin.py:188} INFO - [2026-04-19T10:25:57.612+0000] {dagbag.py:545} INFO - Filling up the DagBag from /opt/airflow/dags/DagScraper.py
[2026-04-19T10:25:57.657+0000] {processor.py:840} INFO - DAG(s) 'dag_scraping_offres_emploi' retrieved from /opt/airflow/dags/DagScraper.py
[2026-04-19T10:25:57.758+0000] {logging_mixin.py:188} INFO - [2026-04-19T10:25:57.758+0000] {dag.py:3096} INFO - Sync 1 DAGs
[2026-04-19T10:25:57.837+0000] {logging_mixin.py:188} INFO - [2026-04-19T10:25:57.836+0000] {dag.py:3954} INFO - Setting next_dagrun for dag_scraping_offres_emploi to 2026-04-19 00:00:00+00:00, run_after=2026-04-19 06:00:00+00:00
[2026-04-19T10:25:57.908+0000] {processor.py:183} INFO - Processing /opt/airflow/dags/DagScraper.py took 0.317 seconds
[2026-04-19T10:26:28.203+0000] {processor.py:161} INFO - Started process (PID=37151) to work on /opt/airflow/dags/DagScraper.py
[2026-04-19T10:26:28.205+0000] {processor.py:830} INFO - Processing file /opt/airflow/dags/DagScraper.py for tasks to queue
[2026-04-19T10:26:28.209+0000] {logging_mixin.py:188} INFO - [2026-04-19T10:26:28.208+0000] {dagbag.py:545} INFO - Filling up the DagBag from /opt/airflow/dags/DagScraper.py
[2026-04-19T10:26:28.254+0000] {processor.py:840} INFO - DAG(s) 'dag_scraping_offres_emploi' retrieved from /opt/airflow/dags/DagScraper.py
[2026-04-19T10:26:28.356+0000] {logging_mixin.py:188} INFO - [2026-04-19T10:26:28.355+0000] {dag.py:3096} INFO - Sync 1 DAGs
[2026-04-19T10:26:28.488+0000] {logging_mixin.py:188} INFO - [2026-04-19T10:26:28.488+0000] {dag.py:3954} INFO - Setting next_dagrun for dag_scraping_offres_emploi to 2026-04-19 00:00:00+00:00, run_after=2026-04-19 06:00:00+00:00
[2026-04-19T10:26:28.575+0000] {processor.py:183} INFO - Processing /opt/airflow/dags/DagScraper.py took 0.384 seconds
[2026-04-19T10:26:59.267+0000] {processor.py:161} INFO - Started process (PID=37159) to work on /opt/airflow/dags/DagScraper.py
[2026-04-19T10:26:59.269+0000] {processor.py:830} INFO - Processing file /opt/airflow/dags/DagScraper.py for tasks to queue
[2026-04-19T10:26:59.273+0000] {logging_mixin.py:188} INFO - [2026-04-19T10:26:59.273+0000] {dagbag.py:545} INFO - Filling up the DagBag from /opt/airflow/dags/DagScraper.py
[2026-04-19T10:26:59.315+0000] {processor.py:840} INFO - DAG(s) 'dag_scraping_offres_emploi' retrieved from /opt/airflow/dags/DagScraper.py
[2026-04-19T10:26:59.448+0000] {logging_mixin.py:188} INFO - [2026-04-19T10:26:59.447+0000] {dag.py:3096} INFO - Sync 1 DAGs
[2026-04-19T10:26:59.542+0000] {logging_mixin.py:188} INFO - [2026-04-19T10:26:59.542+0000] {dag.py:3954} INFO - Setting next_dagrun for dag_scraping_offres_emploi to 2026-04-19 00:00:00+00:00, run_after=2026-04-19 06:00:00+00:00
[2026-04-19T10:26:59.592+0000] {processor.py:183} INFO - Processing /opt/airflow/dags/DagScraper.py took 0.341 seconds
[2026-04-19T10:27:30.193+0000] {processor.py:161} INFO - Started process (PID=37172) to work on /opt/airflow/dags/DagScraper.py
[2026-04-19T10:27:30.198+0000] {processor.py:830} INFO - Processing file /opt/airflow/dags/DagScraper.py for tasks to queue
[2026-04-19T10:27:30.209+0000] {logging_mixin.py:188} INFO - [2026-04-19T10:27:30.207+0000] {dagbag.py:545} INFO - Filling up the DagBag from /opt/airflow/dags/DagScraper.py
[2026-04-19T10:27:30.260+0000] {processor.py:840} INFO - DAG(s) 'dag_scraping_offres_emploi' retrieved from /opt/airflow/dags/DagScraper.py
[2026-04-19T10:27:30.385+0000] {logging_mixin.py:188} INFO - [2026-04-19T10:27:30.384+0000] {dag.py:3096} INFO - Sync 1 DAGs
[2026-04-19T10:27:30.514+0000] {logging_mixin.py:188} INFO - [2026-04-19T10:27:30.513+0000] {dag.py:3954} INFO - Setting next_dagrun for dag_scraping_offres_emploi to 2026-04-19 00:00:00+00:00, run_after=2026-04-19 06:00:00+00:00
[2026-04-19T10:27:30.560+0000] {processor.py:183} INFO - Processing /opt/airflow/dags/DagScraper.py took 0.407 seconds
[2026-04-19T10:28:00.863+0000] {processor.py:161} INFO - Started process (PID=37180) to work on /opt/airflow/dags/DagScraper.py
[2026-04-19T10:28:00.867+0000] {processor.py:830} INFO - Processing file /opt/airflow/dags/DagScraper.py for tasks to queue
[2026-04-19T10:28:00.873+0000] {logging_mixin.py:188} INFO - [2026-04-19T10:28:00.872+0000] {dagbag.py:545} INFO - Filling up the DagBag from /opt/airflow/dags/DagScraper.py
[2026-04-19T10:28:00.968+0000] {processor.py:840} INFO - DAG(s) 'dag_scraping_offres_emploi' retrieved from /opt/airflow/dags/DagScraper.py
[2026-04-19T10:28:01.072+0000] {logging_mixin.py:188} INFO - [2026-04-19T10:28:01.072+0000] {dag.py:3096} INFO - Sync 1 DAGs
[2026-04-19T10:28:01.121+0000] {logging_mixin.py:188} INFO - [2026-04-19T10:28:01.120+0000] {dag.py:3954} INFO - Setting next_dagrun for dag_scraping_offres_emploi to 2026-04-19 00:00:00+00:00, run_after=2026-04-19 06:00:00+00:00
[2026-04-19T10:28:01.177+0000] {processor.py:183} INFO - Processing /opt/airflow/dags/DagScraper.py took 0.340 seconds
[2026-04-19T10:28:31.404+0000] {processor.py:161} INFO - Started process (PID=37194) to work on /opt/airflow/dags/DagScraper.py
[2026-04-19T10:28:31.406+0000] {processor.py:830} INFO - Processing file /opt/airflow/dags/DagScraper.py for tasks to queue
[2026-04-19T10:28:31.411+0000] {logging_mixin.py:188} INFO - [2026-04-19T10:28:31.410+0000] {dagbag.py:545} INFO - Filling up the DagBag from /opt/airflow/dags/DagScraper.py
[2026-04-19T10:28:31.454+0000] {processor.py:840} INFO - DAG(s) 'dag_scraping_offres_emploi' retrieved from /opt/airflow/dags/DagScraper.py
[2026-04-19T10:28:31.614+0000] {logging_mixin.py:188} INFO - [2026-04-19T10:28:31.614+0000] {dag.py:3096} INFO - Sync 1 DAGs
[2026-04-19T10:28:31.685+0000] {logging_mixin.py:188} INFO - [2026-04-19T10:28:31.684+0000] {dag.py:3954} INFO - Setting next_dagrun for dag_scraping_offres_emploi to 2026-04-19 00:00:00+00:00, run_after=2026-04-19 06:00:00+00:00
[2026-04-19T10:28:31.751+0000] {processor.py:183} INFO - Processing /opt/airflow/dags/DagScraper.py took 0.360 seconds
[2026-04-19T10:29:02.441+0000] {processor.py:161} INFO - Started process (PID=37202) to work on /opt/airflow/dags/DagScraper.py
[2026-04-19T10:29:02.446+0000] {processor.py:830} INFO - Processing file /opt/airflow/dags/DagScraper.py for tasks to queue
[2026-04-19T10:29:02.456+0000] {logging_mixin.py:188} INFO - [2026-04-19T10:29:02.454+0000] {dagbag.py:545} INFO - Filling up the DagBag from /opt/airflow/dags/DagScraper.py
[2026-04-19T10:29:02.582+0000] {processor.py:840} INFO - DAG(s) 'dag_scraping_offres_emploi' retrieved from /opt/airflow/dags/DagScraper.py
[2026-04-19T10:29:02.675+0000] {logging_mixin.py:188} INFO - [2026-04-19T10:29:02.670+0000] {dag.py:3096} INFO - Sync 1 DAGs
[2026-04-19T10:29:02.775+0000] {logging_mixin.py:188} INFO - [2026-04-19T10:29:02.774+0000] {dag.py:3954} INFO - Setting next_dagrun for dag_scraping_offres_emploi to 2026-04-19 00:00:00+00:00, run_after=2026-04-19 06:00:00+00:00
[2026-04-19T10:29:03.021+0000] {processor.py:183} INFO - Processing /opt/airflow/dags/DagScraper.py took 0.621 seconds
[2026-04-19T10:29:33.967+0000] {processor.py:161} INFO - Started process (PID=37217) to work on /opt/airflow/dags/DagScraper.py
[2026-04-19T10:29:33.976+0000] {processor.py:830} INFO - Processing file /opt/airflow/dags/DagScraper.py for tasks to queue
[2026-04-19T10:29:33.999+0000] {logging_mixin.py:188} INFO - [2026-04-19T10:29:33.991+0000] {dagbag.py:545} INFO - Filling up the DagBag from /opt/airflow/dags/DagScraper.py
[2026-04-19T10:29:34.075+0000] {processor.py:840} INFO - DAG(s) 'dag_scraping_offres_emploi' retrieved from /opt/airflow/dags/DagScraper.py
[2026-04-19T10:29:34.130+0000] {logging_mixin.py:188} INFO - [2026-04-19T10:29:34.129+0000] {dag.py:3096} INFO - Sync 1 DAGs
[2026-04-19T10:29:34.166+0000] {logging_mixin.py:188} INFO - [2026-04-19T10:29:34.166+0000] {dag.py:3954} INFO - Setting next_dagrun for dag_scraping_offres_emploi to 2026-04-19 00:00:00+00:00, run_after=2026-04-19 06:00:00+00:00
[2026-04-19T10:29:34.235+0000] {processor.py:183} INFO - Processing /opt/airflow/dags/DagScraper.py took 0.320 seconds
[2026-04-19T10:30:04.906+0000] {processor.py:161} INFO - Started process (PID=37226) to work on /opt/airflow/dags/DagScraper.py
[2026-04-19T10:30:04.908+0000] {processor.py:830} INFO - Processing file /opt/airflow/dags/DagScraper.py for tasks to queue
[2026-04-19T10:30:04.912+0000] {logging_mixin.py:188} INFO - [2026-04-19T10:30:04.912+0000] {dagbag.py:545} INFO - Filling up the DagBag from /opt/airflow/dags/DagScraper.py
[2026-04-19T10:30:04.953+0000] {processor.py:840} INFO - DAG(s) 'dag_scraping_offres_emploi' retrieved from /opt/airflow/dags/DagScraper.py
[2026-04-19T10:30:05.026+0000] {logging_mixin.py:188} INFO - [2026-04-19T10:30:05.025+0000] {dag.py:3096} INFO - Sync 1 DAGs
[2026-04-19T10:30:05.068+0000] {logging_mixin.py:188} INFO - [2026-04-19T10:30:05.068+0000] {dag.py:3954} INFO - Setting next_dagrun for dag_scraping_offres_emploi to 2026-04-19 00:00:00+00:00, run_after=2026-04-19 06:00:00+00:00
[2026-04-19T10:30:05.107+0000] {processor.py:183} INFO - Processing /opt/airflow/dags/DagScraper.py took 0.216 seconds
[2026-04-19T10:30:35.705+0000] {processor.py:161} INFO - Started process (PID=37240) to work on /opt/airflow/dags/DagScraper.py
[2026-04-19T10:30:35.710+0000] {processor.py:830} INFO - Processing file /opt/airflow/dags/DagScraper.py for tasks to queue
[2026-04-19T10:30:35.715+0000] {logging_mixin.py:188} INFO - [2026-04-19T10:30:35.714+0000] {dagbag.py:545} INFO - Filling up the DagBag from /opt/airflow/dags/DagScraper.py
[2026-04-19T10:30:35.762+0000] {processor.py:840} INFO - DAG(s) 'dag_scraping_offres_emploi' retrieved from /opt/airflow/dags/DagScraper.py
[2026-04-19T10:30:35.840+0000] {logging_mixin.py:188} INFO - [2026-04-19T10:30:35.840+0000] {dag.py:3096} INFO - Sync 1 DAGs
[2026-04-19T10:30:35.888+0000] {logging_mixin.py:188} INFO - [2026-04-19T10:30:35.887+0000] {dag.py:3954} INFO - Setting next_dagrun for dag_scraping_offres_emploi to 2026-04-19 00:00:00+00:00, run_after=2026-04-19 06:00:00+00:00
[2026-04-19T10:30:35.935+0000] {processor.py:183} INFO - Processing /opt/airflow/dags/DagScraper.py took 0.247 seconds
[2026-04-19T10:31:06.643+0000] {processor.py:161} INFO - Started process (PID=37254) to work on /opt/airflow/dags/DagScraper.py
[2026-04-19T10:31:06.650+0000] {processor.py:830} INFO - Processing file /opt/airflow/dags/DagScraper.py for tasks to queue
[2026-04-19T10:31:06.654+0000] {logging_mixin.py:188} INFO - [2026-04-19T10:31:06.653+0000] {dagbag.py:545} INFO - Filling up the DagBag from /opt/airflow/dags/DagScraper.py
[2026-04-19T10:31:06.695+0000] {processor.py:840} INFO - DAG(s) 'dag_scraping_offres_emploi' retrieved from /opt/airflow/dags/DagScraper.py
[2026-04-19T10:31:06.773+0000] {logging_mixin.py:188} INFO - [2026-04-19T10:31:06.773+0000] {dag.py:3096} INFO - Sync 1 DAGs
[2026-04-19T10:31:06.876+0000] {logging_mixin.py:188} INFO - [2026-04-19T10:31:06.876+0000] {dag.py:3954} INFO - Setting next_dagrun for dag_scraping_offres_emploi to 2026-04-19 00:00:00+00:00, run_after=2026-04-19 06:00:00+00:00
[2026-04-19T10:31:06.991+0000] {processor.py:183} INFO - Processing /opt/airflow/dags/DagScraper.py took 0.361 seconds
[2026-04-19T10:31:37.827+0000] {processor.py:161} INFO - Started process (PID=37262) to work on /opt/airflow/dags/DagScraper.py
[2026-04-19T10:31:37.829+0000] {processor.py:830} INFO - Processing file /opt/airflow/dags/DagScraper.py for tasks to queue
[2026-04-19T10:31:37.833+0000] {logging_mixin.py:188} INFO - [2026-04-19T10:31:37.832+0000] {dagbag.py:545} INFO - Filling up the DagBag from /opt/airflow/dags/DagScraper.py
[2026-04-19T10:31:37.893+0000] {processor.py:840} INFO - DAG(s) 'dag_scraping_offres_emploi' retrieved from /opt/airflow/dags/DagScraper.py
[2026-04-19T10:31:37.986+0000] {logging_mixin.py:188} INFO - [2026-04-19T10:31:37.986+0000] {dag.py:3096} INFO - Sync 1 DAGs
[2026-04-19T10:31:38.046+0000] {logging_mixin.py:188} INFO - [2026-04-19T10:31:38.045+0000] {dag.py:3954} INFO - Setting next_dagrun for dag_scraping_offres_emploi to 2026-04-19 00:00:00+00:00, run_after=2026-04-19 06:00:00+00:00
[2026-04-19T10:31:38.086+0000] {processor.py:183} INFO - Processing /opt/airflow/dags/DagScraper.py took 0.273 seconds
[2026-04-19T10:32:08.667+0000] {processor.py:161} INFO - Started process (PID=37277) to work on /opt/airflow/dags/DagScraper.py
[2026-04-19T10:32:08.669+0000] {processor.py:830} INFO - Processing file /opt/airflow/dags/DagScraper.py for tasks to queue
[2026-04-19T10:32:08.672+0000] {logging_mixin.py:188} INFO - [2026-04-19T10:32:08.672+0000] {dagbag.py:545} INFO - Filling up the DagBag from /opt/airflow/dags/DagScraper.py
[2026-04-19T10:32:08.717+0000] {processor.py:840} INFO - DAG(s) 'dag_scraping_offres_emploi' retrieved from /opt/airflow/dags/DagScraper.py
[2026-04-19T10:32:08.788+0000] {logging_mixin.py:188} INFO - [2026-04-19T10:32:08.788+0000] {dag.py:3096} INFO - Sync 1 DAGs
[2026-04-19T10:32:08.842+0000] {logging_mixin.py:188} INFO - [2026-04-19T10:32:08.842+0000] {dag.py:3954} INFO - Setting next_dagrun for dag_scraping_offres_emploi to 2026-04-19 00:00:00+00:00, run_after=2026-04-19 06:00:00+00:00
[2026-04-19T10:32:08.876+0000] {processor.py:183} INFO - Processing /opt/airflow/dags/DagScraper.py took 0.224 seconds
[2026-04-19T10:32:39.712+0000] {processor.py:161} INFO - Started process (PID=37286) to work on /opt/airflow/dags/DagScraper.py
[2026-04-19T10:32:39.717+0000] {processor.py:830} INFO - Processing file /opt/airflow/dags/DagScraper.py for tasks to queue
[2026-04-19T10:32:39.732+0000] {logging_mixin.py:188} INFO - [2026-04-19T10:32:39.729+0000] {dagbag.py:545} INFO - Filling up the DagBag from /opt/airflow/dags/DagScraper.py
[2026-04-19T10:32:39.837+0000] {processor.py:840} INFO - DAG(s) 'dag_scraping_offres_emploi' retrieved from /opt/airflow/dags/DagScraper.py
[2026-04-19T10:32:39.913+0000] {logging_mixin.py:188} INFO - [2026-04-19T10:32:39.912+0000] {dag.py:3096} INFO - Sync 1 DAGs
[2026-04-19T10:32:39.962+0000] {logging_mixin.py:188} INFO - [2026-04-19T10:32:39.961+0000] {dag.py:3954} INFO - Setting next_dagrun for dag_scraping_offres_emploi to 2026-04-19 00:00:00+00:00, run_after=2026-04-19 06:00:00+00:00
[2026-04-19T10:32:40.010+0000] {processor.py:183} INFO - Processing /opt/airflow/dags/DagScraper.py took 0.332 seconds
[2026-04-19T10:33:10.822+0000] {processor.py:161} INFO - Started process (PID=37301) to work on /opt/airflow/dags/DagScraper.py
[2026-04-19T10:33:10.826+0000] {processor.py:830} INFO - Processing file /opt/airflow/dags/DagScraper.py for tasks to queue
[2026-04-19T10:33:10.836+0000] {logging_mixin.py:188} INFO - [2026-04-19T10:33:10.834+0000] {dagbag.py:545} INFO - Filling up the DagBag from /opt/airflow/dags/DagScraper.py
[2026-04-19T10:33:10.899+0000] {processor.py:840} INFO - DAG(s) 'dag_scraping_offres_emploi' retrieved from /opt/airflow/dags/DagScraper.py
[2026-04-19T10:33:10.979+0000] {logging_mixin.py:188} INFO - [2026-04-19T10:33:10.979+0000] {dag.py:3096} INFO - Sync 1 DAGs
[2026-04-19T10:33:11.017+0000] {logging_mixin.py:188} INFO - [2026-04-19T10:33:11.016+0000] {dag.py:3954} INFO - Setting next_dagrun for dag_scraping_offres_emploi to 2026-04-19 00:00:00+00:00, run_after=2026-04-19 06:00:00+00:00
[2026-04-19T10:33:11.054+0000] {processor.py:183} INFO - Processing /opt/airflow/dags/DagScraper.py took 0.256 seconds
[2026-04-19T10:33:41.670+0000] {processor.py:161} INFO - Started process (PID=37309) to work on /opt/airflow/dags/DagScraper.py
[2026-04-19T10:33:41.672+0000] {processor.py:830} INFO - Processing file /opt/airflow/dags/DagScraper.py for tasks to queue
[2026-04-19T10:33:41.676+0000] {logging_mixin.py:188} INFO - [2026-04-19T10:33:41.675+0000] {dagbag.py:545} INFO - Filling up the DagBag from /opt/airflow/dags/DagScraper.py
[2026-04-19T10:33:41.749+0000] {processor.py:840} INFO - DAG(s) 'dag_scraping_offres_emploi' retrieved from /opt/airflow/dags/DagScraper.py
[2026-04-19T10:33:41.873+0000] {logging_mixin.py:188} INFO - [2026-04-19T10:33:41.873+0000] {dag.py:3096} INFO - Sync 1 DAGs
[2026-04-19T10:33:41.920+0000] {logging_mixin.py:188} INFO - [2026-04-19T10:33:41.920+0000] {dag.py:3954} INFO - Setting next_dagrun for dag_scraping_offres_emploi to 2026-04-19 00:00:00+00:00, run_after=2026-04-19 06:00:00+00:00
[2026-04-19T10:33:41.971+0000] {processor.py:183} INFO - Processing /opt/airflow/dags/DagScraper.py took 0.320 seconds
[2026-04-19T10:34:12.653+0000] {processor.py:161} INFO - Started process (PID=37322) to work on /opt/airflow/dags/DagScraper.py
[2026-04-19T10:34:12.656+0000] {processor.py:830} INFO - Processing file /opt/airflow/dags/DagScraper.py for tasks to queue
[2026-04-19T10:34:12.662+0000] {logging_mixin.py:188} INFO - [2026-04-19T10:34:12.661+0000] {dagbag.py:545} INFO - Filling up the DagBag from /opt/airflow/dags/DagScraper.py
[2026-04-19T10:34:12.742+0000] {processor.py:840} INFO - DAG(s) 'dag_scraping_offres_emploi' retrieved from /opt/airflow/dags/DagScraper.py
[2026-04-19T10:34:12.863+0000] {logging_mixin.py:188} INFO - [2026-04-19T10:34:12.863+0000] {dag.py:3096} INFO - Sync 1 DAGs
[2026-04-19T10:34:12.925+0000] {logging_mixin.py:188} INFO - [2026-04-19T10:34:12.924+0000] {dag.py:3954} INFO - Setting next_dagrun for dag_scraping_offres_emploi to 2026-04-19 00:00:00+00:00, run_after=2026-04-19 06:00:00+00:00
[2026-04-19T10:34:12.987+0000] {processor.py:183} INFO - Processing /opt/airflow/dags/DagScraper.py took 0.354 seconds
[2026-04-19T10:34:43.718+0000] {processor.py:161} INFO - Started process (PID=37330) to work on /opt/airflow/dags/DagScraper.py
[2026-04-19T10:34:43.720+0000] {processor.py:830} INFO - Processing file /opt/airflow/dags/DagScraper.py for tasks to queue
[2026-04-19T10:34:43.725+0000] {logging_mixin.py:188} INFO - [2026-04-19T10:34:43.724+0000] {dagbag.py:545} INFO - Filling up the DagBag from /opt/airflow/dags/DagScraper.py
[2026-04-19T10:34:43.776+0000] {processor.py:840} INFO - DAG(s) 'dag_scraping_offres_emploi' retrieved from /opt/airflow/dags/DagScraper.py
[2026-04-19T10:34:43.885+0000] {logging_mixin.py:188} INFO - [2026-04-19T10:34:43.884+0000] {dag.py:3096} INFO - Sync 1 DAGs
[2026-04-19T10:34:43.939+0000] {logging_mixin.py:188} INFO - [2026-04-19T10:34:43.939+0000] {dag.py:3954} INFO - Setting next_dagrun for dag_scraping_offres_emploi to 2026-04-19 00:00:00+00:00, run_after=2026-04-19 06:00:00+00:00
[2026-04-19T10:34:43.982+0000] {processor.py:183} INFO - Processing /opt/airflow/dags/DagScraper.py took 0.274 seconds
[2026-04-19T10:35:14.730+0000] {processor.py:161} INFO - Started process (PID=37344) to work on /opt/airflow/dags/DagScraper.py
[2026-04-19T10:35:14.733+0000] {processor.py:830} INFO - Processing file /opt/airflow/dags/DagScraper.py for tasks to queue
[2026-04-19T10:35:14.746+0000] {logging_mixin.py:188} INFO - [2026-04-19T10:35:14.745+0000] {dagbag.py:545} INFO - Filling up the DagBag from /opt/airflow/dags/DagScraper.py
[2026-04-19T10:35:14.800+0000] {processor.py:840} INFO - DAG(s) 'dag_scraping_offres_emploi' retrieved from /opt/airflow/dags/DagScraper.py
[2026-04-19T10:35:14.878+0000] {logging_mixin.py:188} INFO - [2026-04-19T10:35:14.877+0000] {dag.py:3096} INFO - Sync 1 DAGs
[2026-04-19T10:35:14.934+0000] {logging_mixin.py:188} INFO - [2026-04-19T10:35:14.934+0000] {dag.py:3954} INFO - Setting next_dagrun for dag_scraping_offres_emploi to 2026-04-19 00:00:00+00:00, run_after=2026-04-19 06:00:00+00:00
[2026-04-19T10:35:15.035+0000] {processor.py:183} INFO - Processing /opt/airflow/dags/DagScraper.py took 0.329 seconds
[2026-04-19T10:35:45.282+0000] {processor.py:161} INFO - Started process (PID=37353) to work on /opt/airflow/dags/DagScraper.py
[2026-04-19T10:35:45.286+0000] {processor.py:830} INFO - Processing file /opt/airflow/dags/DagScraper.py for tasks to queue
[2026-04-19T10:35:45.300+0000] {logging_mixin.py:188} INFO - [2026-04-19T10:35:45.299+0000] {dagbag.py:545} INFO - Filling up the DagBag from /opt/airflow/dags/DagScraper.py
[2026-04-19T10:35:45.362+0000] {processor.py:840} INFO - DAG(s) 'dag_scraping_offres_emploi' retrieved from /opt/airflow/dags/DagScraper.py
[2026-04-19T10:35:45.496+0000] {logging_mixin.py:188} INFO - [2026-04-19T10:35:45.495+0000] {dag.py:3096} INFO - Sync 1 DAGs
[2026-04-19T10:35:45.575+0000] {logging_mixin.py:188} INFO - [2026-04-19T10:35:45.575+0000] {dag.py:3954} INFO - Setting next_dagrun for dag_scraping_offres_emploi to 2026-04-19 00:00:00+00:00, run_after=2026-04-19 06:00:00+00:00
[2026-04-19T10:35:45.634+0000] {processor.py:183} INFO - Processing /opt/airflow/dags/DagScraper.py took 0.382 seconds
[2026-04-19T10:36:16.443+0000] {processor.py:161} INFO - Started process (PID=37367) to work on /opt/airflow/dags/DagScraper.py
[2026-04-19T10:36:16.445+0000] {processor.py:830} INFO - Processing file /opt/airflow/dags/DagScraper.py for tasks to queue
[2026-04-19T10:36:16.448+0000] {logging_mixin.py:188} INFO - [2026-04-19T10:36:16.448+0000] {dagbag.py:545} INFO - Filling up the DagBag from /opt/airflow/dags/DagScraper.py
[2026-04-19T10:36:16.501+0000] {processor.py:840} INFO - DAG(s) 'dag_scraping_offres_emploi' retrieved from /opt/airflow/dags/DagScraper.py
[2026-04-19T10:36:16.581+0000] {logging_mixin.py:188} INFO - [2026-04-19T10:36:16.580+0000] {dag.py:3096} INFO - Sync 1 DAGs
[2026-04-19T10:36:16.649+0000] {logging_mixin.py:188} INFO - [2026-04-19T10:36:16.648+0000] {dag.py:3954} INFO - Setting next_dagrun for dag_scraping_offres_emploi to 2026-04-19 00:00:00+00:00, run_after=2026-04-19 06:00:00+00:00
[2026-04-19T10:36:16.710+0000] {processor.py:183} INFO - Processing /opt/airflow/dags/DagScraper.py took 0.285 seconds
[2026-04-19T10:36:47.523+0000] {processor.py:161} INFO - Started process (PID=37375) to work on /opt/airflow/dags/DagScraper.py
[2026-04-19T10:36:47.525+0000] {processor.py:830} INFO - Processing file /opt/airflow/dags/DagScraper.py for tasks to queue
[2026-04-19T10:36:47.531+0000] {logging_mixin.py:188} INFO - [2026-04-19T10:36:47.530+0000] {dagbag.py:545} INFO - Filling up the DagBag from /opt/airflow/dags/DagScraper.py
[2026-04-19T10:36:47.618+0000] {processor.py:840} INFO - DAG(s) 'dag_scraping_offres_emploi' retrieved from /opt/airflow/dags/DagScraper.py
[2026-04-19T10:36:47.695+0000] {logging_mixin.py:188} INFO - [2026-04-19T10:36:47.694+0000] {dag.py:3096} INFO - Sync 1 DAGs
[2026-04-19T10:36:47.732+0000] {logging_mixin.py:188} INFO - [2026-04-19T10:36:47.732+0000] {dag.py:3954} INFO - Setting next_dagrun for dag_scraping_offres_emploi to 2026-04-19 00:00:00+00:00, run_after=2026-04-19 06:00:00+00:00
[2026-04-19T10:36:47.771+0000] {processor.py:183} INFO - Processing /opt/airflow/dags/DagScraper.py took 0.266 seconds
[2026-04-19T10:37:18.368+0000] {processor.py:161} INFO - Started process (PID=37389) to work on /opt/airflow/dags/DagScraper.py
[2026-04-19T10:37:18.370+0000] {processor.py:830} INFO - Processing file /opt/airflow/dags/DagScraper.py for tasks to queue
[2026-04-19T10:37:18.374+0000] {logging_mixin.py:188} INFO - [2026-04-19T10:37:18.373+0000] {dagbag.py:545} INFO - Filling up the DagBag from /opt/airflow/dags/DagScraper.py
[2026-04-19T10:37:18.424+0000] {processor.py:840} INFO - DAG(s) 'dag_scraping_offres_emploi' retrieved from /opt/airflow/dags/DagScraper.py
[2026-04-19T10:37:18.540+0000] {logging_mixin.py:188} INFO - [2026-04-19T10:37:18.540+0000] {dag.py:3096} INFO - Sync 1 DAGs
[2026-04-19T10:37:18.637+0000] {logging_mixin.py:188} INFO - [2026-04-19T10:37:18.637+0000] {dag.py:3954} INFO - Setting next_dagrun for dag_scraping_offres_emploi to 2026-04-19 00:00:00+00:00, run_after=2026-04-19 06:00:00+00:00
[2026-04-19T10:37:18.746+0000] {processor.py:183} INFO - Processing /opt/airflow/dags/DagScraper.py took 0.392 seconds
[2026-04-19T10:37:49.620+0000] {processor.py:161} INFO - Started process (PID=37397) to work on /opt/airflow/dags/DagScraper.py
[2026-04-19T10:37:49.625+0000] {processor.py:830} INFO - Processing file /opt/airflow/dags/DagScraper.py for tasks to queue
[2026-04-19T10:37:49.637+0000] {logging_mixin.py:188} INFO - [2026-04-19T10:37:49.633+0000] {dagbag.py:545} INFO - Filling up the DagBag from /opt/airflow/dags/DagScraper.py
[2026-04-19T10:37:49.711+0000] {processor.py:840} INFO - DAG(s) 'dag_scraping_offres_emploi' retrieved from /opt/airflow/dags/DagScraper.py
[2026-04-19T10:37:49.801+0000] {logging_mixin.py:188} INFO - [2026-04-19T10:37:49.800+0000] {dag.py:3096} INFO - Sync 1 DAGs
[2026-04-19T10:37:49.839+0000] {logging_mixin.py:188} INFO - [2026-04-19T10:37:49.839+0000] {dag.py:3954} INFO - Setting next_dagrun for dag_scraping_offres_emploi to 2026-04-19 00:00:00+00:00, run_after=2026-04-19 06:00:00+00:00
[2026-04-19T10:37:49.869+0000] {processor.py:183} INFO - Processing /opt/airflow/dags/DagScraper.py took 0.271 seconds
[2026-04-19T10:38:20.881+0000] {processor.py:161} INFO - Started process (PID=37411) to work on /opt/airflow/dags/DagScraper.py
[2026-04-19T10:38:20.884+0000] {processor.py:830} INFO - Processing file /opt/airflow/dags/DagScraper.py for tasks to queue
[2026-04-19T10:38:20.889+0000] {logging_mixin.py:188} INFO - [2026-04-19T10:38:20.888+0000] {dagbag.py:545} INFO - Filling up the DagBag from /opt/airflow/dags/DagScraper.py
[2026-04-19T10:38:20.932+0000] {processor.py:840} INFO - DAG(s) 'dag_scraping_offres_emploi' retrieved from /opt/airflow/dags/DagScraper.py
[2026-04-19T10:38:20.996+0000] {logging_mixin.py:188} INFO - [2026-04-19T10:38:20.995+0000] {dag.py:3096} INFO - Sync 1 DAGs
[2026-04-19T10:38:21.084+0000] {logging_mixin.py:188} INFO - [2026-04-19T10:38:21.083+0000] {dag.py:3954} INFO - Setting next_dagrun for dag_scraping_offres_emploi to 2026-04-19 00:00:00+00:00, run_after=2026-04-19 06:00:00+00:00
[2026-04-19T10:38:21.144+0000] {processor.py:183} INFO - Processing /opt/airflow/dags/DagScraper.py took 0.280 seconds
[2026-04-19T10:38:51.753+0000] {processor.py:161} INFO - Started process (PID=37426) to work on /opt/airflow/dags/DagScraper.py
[2026-04-19T10:38:51.756+0000] {processor.py:830} INFO - Processing file /opt/airflow/dags/DagScraper.py for tasks to queue
[2026-04-19T10:38:51.760+0000] {logging_mixin.py:188} INFO - [2026-04-19T10:38:51.759+0000] {dagbag.py:545} INFO - Filling up the DagBag from /opt/airflow/dags/DagScraper.py
[2026-04-19T10:38:51.861+0000] {processor.py:840} INFO - DAG(s) 'dag_scraping_offres_emploi' retrieved from /opt/airflow/dags/DagScraper.py
[2026-04-19T10:38:52.031+0000] {logging_mixin.py:188} INFO - [2026-04-19T10:38:52.029+0000] {dag.py:3096} INFO - Sync 1 DAGs
[2026-04-19T10:38:52.111+0000] {logging_mixin.py:188} INFO - [2026-04-19T10:38:52.111+0000] {dag.py:3954} INFO - Setting next_dagrun for dag_scraping_offres_emploi to 2026-04-19 00:00:00+00:00, run_after=2026-04-19 06:00:00+00:00
[2026-04-19T10:38:52.187+0000] {processor.py:183} INFO - Processing /opt/airflow/dags/DagScraper.py took 0.452 seconds
[2026-04-19T10:39:22.353+0000] {processor.py:161} INFO - Started process (PID=37434) to work on /opt/airflow/dags/DagScraper.py
[2026-04-19T10:39:22.355+0000] {processor.py:830} INFO - Processing file /opt/airflow/dags/DagScraper.py for tasks to queue
[2026-04-19T10:39:22.359+0000] {logging_mixin.py:188} INFO - [2026-04-19T10:39:22.358+0000] {dagbag.py:545} INFO - Filling up the DagBag from /opt/airflow/dags/DagScraper.py
[2026-04-19T10:39:22.395+0000] {processor.py:840} INFO - DAG(s) 'dag_scraping_offres_emploi' retrieved from /opt/airflow/dags/DagScraper.py
[2026-04-19T10:39:22.468+0000] {logging_mixin.py:188} INFO - [2026-04-19T10:39:22.467+0000] {dag.py:3096} INFO - Sync 1 DAGs
[2026-04-19T10:39:22.523+0000] {logging_mixin.py:188} INFO - [2026-04-19T10:39:22.522+0000] {dag.py:3954} INFO - Setting next_dagrun for dag_scraping_offres_emploi to 2026-04-19 00:00:00+00:00, run_after=2026-04-19 06:00:00+00:00
[2026-04-19T10:39:22.631+0000] {processor.py:183} INFO - Processing /opt/airflow/dags/DagScraper.py took 0.290 seconds
[2026-04-19T10:39:52.787+0000] {processor.py:161} INFO - Started process (PID=37448) to work on /opt/airflow/dags/DagScraper.py
[2026-04-19T10:39:52.789+0000] {processor.py:830} INFO - Processing file /opt/airflow/dags/DagScraper.py for tasks to queue
[2026-04-19T10:39:52.792+0000] {logging_mixin.py:188} INFO - [2026-04-19T10:39:52.791+0000] {dagbag.py:545} INFO - Filling up the DagBag from /opt/airflow/dags/DagScraper.py
[2026-04-19T10:39:52.828+0000] {processor.py:840} INFO - DAG(s) 'dag_scraping_offres_emploi' retrieved from /opt/airflow/dags/DagScraper.py
[2026-04-19T10:39:52.913+0000] {logging_mixin.py:188} INFO - [2026-04-19T10:39:52.913+0000] {dag.py:3096} INFO - Sync 1 DAGs
[2026-04-19T10:39:52.991+0000] {logging_mixin.py:188} INFO - [2026-04-19T10:39:52.991+0000] {dag.py:3954} INFO - Setting next_dagrun for dag_scraping_offres_emploi to 2026-04-19 00:00:00+00:00, run_after=2026-04-19 06:00:00+00:00
[2026-04-19T10:39:53.071+0000] {processor.py:183} INFO - Processing /opt/airflow/dags/DagScraper.py took 0.297 seconds
[2026-04-19T10:40:23.751+0000] {processor.py:161} INFO - Started process (PID=37456) to work on /opt/airflow/dags/DagScraper.py
[2026-04-19T10:40:23.753+0000] {processor.py:830} INFO - Processing file /opt/airflow/dags/DagScraper.py for tasks to queue
[2026-04-19T10:40:23.757+0000] {logging_mixin.py:188} INFO - [2026-04-19T10:40:23.756+0000] {dagbag.py:545} INFO - Filling up the DagBag from /opt/airflow/dags/DagScraper.py
[2026-04-19T10:40:23.829+0000] {processor.py:840} INFO - DAG(s) 'dag_scraping_offres_emploi' retrieved from /opt/airflow/dags/DagScraper.py
[2026-04-19T10:40:24.001+0000] {logging_mixin.py:188} INFO - [2026-04-19T10:40:24.000+0000] {dag.py:3096} INFO - Sync 1 DAGs
[2026-04-19T10:40:24.095+0000] {logging_mixin.py:188} INFO - [2026-04-19T10:40:24.094+0000] {dag.py:3954} INFO - Setting next_dagrun for dag_scraping_offres_emploi to 2026-04-19 00:00:00+00:00, run_after=2026-04-19 06:00:00+00:00
[2026-04-19T10:40:24.145+0000] {processor.py:183} INFO - Processing /opt/airflow/dags/DagScraper.py took 0.407 seconds
[2026-04-19T10:40:54.324+0000] {processor.py:161} INFO - Started process (PID=37471) to work on /opt/airflow/dags/DagScraper.py
[2026-04-19T10:40:54.327+0000] {processor.py:830} INFO - Processing file /opt/airflow/dags/DagScraper.py for tasks to queue
[2026-04-19T10:40:54.333+0000] {logging_mixin.py:188} INFO - [2026-04-19T10:40:54.331+0000] {dagbag.py:545} INFO - Filling up the DagBag from /opt/airflow/dags/DagScraper.py
[2026-04-19T10:40:54.415+0000] {processor.py:840} INFO - DAG(s) 'dag_scraping_offres_emploi' retrieved from /opt/airflow/dags/DagScraper.py
[2026-04-19T10:40:54.507+0000] {logging_mixin.py:188} INFO - [2026-04-19T10:40:54.506+0000] {dag.py:3096} INFO - Sync 1 DAGs
[2026-04-19T10:40:54.565+0000] {logging_mixin.py:188} INFO - [2026-04-19T10:40:54.565+0000] {dag.py:3954} INFO - Setting next_dagrun for dag_scraping_offres_emploi to 2026-04-19 00:00:00+00:00, run_after=2026-04-19 06:00:00+00:00
[2026-04-19T10:40:54.611+0000] {processor.py:183} INFO - Processing /opt/airflow/dags/DagScraper.py took 0.305 seconds
[2026-04-19T10:41:25.605+0000] {processor.py:161} INFO - Started process (PID=37479) to work on /opt/airflow/dags/DagScraper.py
[2026-04-19T10:41:25.607+0000] {processor.py:830} INFO - Processing file /opt/airflow/dags/DagScraper.py for tasks to queue
[2026-04-19T10:41:25.610+0000] {logging_mixin.py:188} INFO - [2026-04-19T10:41:25.609+0000] {dagbag.py:545} INFO - Filling up the DagBag from /opt/airflow/dags/DagScraper.py
[2026-04-19T10:41:25.652+0000] {processor.py:840} INFO - DAG(s) 'dag_scraping_offres_emploi' retrieved from /opt/airflow/dags/DagScraper.py
[2026-04-19T10:41:25.706+0000] {logging_mixin.py:188} INFO - [2026-04-19T10:41:25.706+0000] {dag.py:3096} INFO - Sync 1 DAGs
[2026-04-19T10:41:25.754+0000] {logging_mixin.py:188} INFO - [2026-04-19T10:41:25.754+0000] {dag.py:3954} INFO - Setting next_dagrun for dag_scraping_offres_emploi to 2026-04-19 00:00:00+00:00, run_after=2026-04-19 06:00:00+00:00
[2026-04-19T10:41:25.799+0000] {processor.py:183} INFO - Processing /opt/airflow/dags/DagScraper.py took 0.205 seconds
[2026-04-19T10:41:56.583+0000] {processor.py:161} INFO - Started process (PID=37493) to work on /opt/airflow/dags/DagScraper.py
[2026-04-19T10:41:56.589+0000] {processor.py:830} INFO - Processing file /opt/airflow/dags/DagScraper.py for tasks to queue
[2026-04-19T10:41:56.601+0000] {logging_mixin.py:188} INFO - [2026-04-19T10:41:56.599+0000] {dagbag.py:545} INFO - Filling up the DagBag from /opt/airflow/dags/DagScraper.py
[2026-04-19T10:41:56.682+0000] {processor.py:840} INFO - DAG(s) 'dag_scraping_offres_emploi' retrieved from /opt/airflow/dags/DagScraper.py
[2026-04-19T10:41:56.774+0000] {logging_mixin.py:188} INFO - [2026-04-19T10:41:56.774+0000] {dag.py:3096} INFO - Sync 1 DAGs
[2026-04-19T10:41:56.859+0000] {logging_mixin.py:188} INFO - [2026-04-19T10:41:56.858+0000] {dag.py:3954} INFO - Setting next_dagrun for dag_scraping_offres_emploi to 2026-04-19 00:00:00+00:00, run_after=2026-04-19 06:00:00+00:00
[2026-04-19T10:41:56.934+0000] {processor.py:183} INFO - Processing /opt/airflow/dags/DagScraper.py took 0.391 seconds
[2026-04-19T10:42:27.756+0000] {processor.py:161} INFO - Started process (PID=37501) to work on /opt/airflow/dags/DagScraper.py
[2026-04-19T10:42:27.758+0000] {processor.py:830} INFO - Processing file /opt/airflow/dags/DagScraper.py for tasks to queue
[2026-04-19T10:42:27.761+0000] {logging_mixin.py:188} INFO - [2026-04-19T10:42:27.760+0000] {dagbag.py:545} INFO - Filling up the DagBag from /opt/airflow/dags/DagScraper.py
[2026-04-19T10:42:27.811+0000] {processor.py:840} INFO - DAG(s) 'dag_scraping_offres_emploi' retrieved from /opt/airflow/dags/DagScraper.py
[2026-04-19T10:42:27.936+0000] {logging_mixin.py:188} INFO - [2026-04-19T10:42:27.935+0000] {dag.py:3096} INFO - Sync 1 DAGs
[2026-04-19T10:42:28.048+0000] {logging_mixin.py:188} INFO - [2026-04-19T10:42:28.048+0000] {dag.py:3954} INFO - Setting next_dagrun for dag_scraping_offres_emploi to 2026-04-19 00:00:00+00:00, run_after=2026-04-19 06:00:00+00:00
[2026-04-19T10:42:28.115+0000] {processor.py:183} INFO - Processing /opt/airflow/dags/DagScraper.py took 0.371 seconds
[2026-04-19T10:42:58.690+0000] {processor.py:161} INFO - Started process (PID=37516) to work on /opt/airflow/dags/DagScraper.py
[2026-04-19T10:42:58.692+0000] {processor.py:830} INFO - Processing file /opt/airflow/dags/DagScraper.py for tasks to queue
[2026-04-19T10:42:58.696+0000] {logging_mixin.py:188} INFO - [2026-04-19T10:42:58.695+0000] {dagbag.py:545} INFO - Filling up the DagBag from /opt/airflow/dags/DagScraper.py
[2026-04-19T10:42:58.773+0000] {processor.py:840} INFO - DAG(s) 'dag_scraping_offres_emploi' retrieved from /opt/airflow/dags/DagScraper.py
[2026-04-19T10:42:58.848+0000] {logging_mixin.py:188} INFO - [2026-04-19T10:42:58.848+0000] {dag.py:3096} INFO - Sync 1 DAGs
[2026-04-19T10:42:58.893+0000] {logging_mixin.py:188} INFO - [2026-04-19T10:42:58.892+0000] {dag.py:3954} INFO - Setting next_dagrun for dag_scraping_offres_emploi to 2026-04-19 00:00:00+00:00, run_after=2026-04-19 06:00:00+00:00
[2026-04-19T10:42:58.928+0000] {processor.py:183} INFO - Processing /opt/airflow/dags/DagScraper.py took 0.255 seconds
[2026-04-19T10:43:29.198+0000] {processor.py:161} INFO - Started process (PID=37524) to work on /opt/airflow/dags/DagScraper.py
[2026-04-19T10:43:29.201+0000] {processor.py:830} INFO - Processing file /opt/airflow/dags/DagScraper.py for tasks to queue
[2026-04-19T10:43:29.207+0000] {logging_mixin.py:188} INFO - [2026-04-19T10:43:29.206+0000] {dagbag.py:545} INFO - Filling up the DagBag from /opt/airflow/dags/DagScraper.py
[2026-04-19T10:43:29.279+0000] {processor.py:840} INFO - DAG(s) 'dag_scraping_offres_emploi' retrieved from /opt/airflow/dags/DagScraper.py
[2026-04-19T10:43:29.433+0000] {logging_mixin.py:188} INFO - [2026-04-19T10:43:29.432+0000] {dag.py:3096} INFO - Sync 1 DAGs
[2026-04-19T10:43:29.474+0000] {logging_mixin.py:188} INFO - [2026-04-19T10:43:29.473+0000] {dag.py:3954} INFO - Setting next_dagrun for dag_scraping_offres_emploi to 2026-04-19 00:00:00+00:00, run_after=2026-04-19 06:00:00+00:00
[2026-04-19T10:43:29.505+0000] {processor.py:183} INFO - Processing /opt/airflow/dags/DagScraper.py took 0.338 seconds
[2026-04-19T10:43:59.797+0000] {processor.py:161} INFO - Started process (PID=37540) to work on /opt/airflow/dags/DagScraper.py
[2026-04-19T10:43:59.799+0000] {processor.py:830} INFO - Processing file /opt/airflow/dags/DagScraper.py for tasks to queue
[2026-04-19T10:43:59.803+0000] {logging_mixin.py:188} INFO - [2026-04-19T10:43:59.802+0000] {dagbag.py:545} INFO - Filling up the DagBag from /opt/airflow/dags/DagScraper.py
[2026-04-19T10:43:59.857+0000] {processor.py:840} INFO - DAG(s) 'dag_scraping_offres_emploi' retrieved from /opt/airflow/dags/DagScraper.py
[2026-04-19T10:44:00.072+0000] {logging_mixin.py:188} INFO - [2026-04-19T10:44:00.071+0000] {dag.py:3096} INFO - Sync 1 DAGs
[2026-04-19T10:44:00.195+0000] {logging_mixin.py:188} INFO - [2026-04-19T10:44:00.194+0000] {dag.py:3954} INFO - Setting next_dagrun for dag_scraping_offres_emploi to 2026-04-19 00:00:00+00:00, run_after=2026-04-19 06:00:00+00:00
[2026-04-19T10:44:00.236+0000] {processor.py:183} INFO - Processing /opt/airflow/dags/DagScraper.py took 0.452 seconds
[2026-04-19T10:44:30.502+0000] {processor.py:161} INFO - Started process (PID=37549) to work on /opt/airflow/dags/DagScraper.py
[2026-04-19T10:44:30.565+0000] {processor.py:830} INFO - Processing file /opt/airflow/dags/DagScraper.py for tasks to queue
[2026-04-19T10:44:30.676+0000] {logging_mixin.py:188} INFO - [2026-04-19T10:44:30.676+0000] {dagbag.py:545} INFO - Filling up the DagBag from /opt/airflow/dags/DagScraper.py
[2026-04-19T10:44:30.828+0000] {processor.py:840} INFO - DAG(s) 'dag_scraping_offres_emploi' retrieved from /opt/airflow/dags/DagScraper.py
[2026-04-19T10:44:30.969+0000] {logging_mixin.py:188} INFO - [2026-04-19T10:44:30.968+0000] {dag.py:3096} INFO - Sync 1 DAGs
[2026-04-19T10:44:31.076+0000] {logging_mixin.py:188} INFO - [2026-04-19T10:44:31.075+0000] {dag.py:3954} INFO - Setting next_dagrun for dag_scraping_offres_emploi to 2026-04-19 00:00:00+00:00, run_after=2026-04-19 06:00:00+00:00
[2026-04-19T10:44:31.162+0000] {processor.py:183} INFO - Processing /opt/airflow/dags/DagScraper.py took 0.709 seconds
[2026-04-19T10:45:01.850+0000] {processor.py:161} INFO - Started process (PID=37563) to work on /opt/airflow/dags/DagScraper.py
[2026-04-19T10:45:01.853+0000] {processor.py:830} INFO - Processing file /opt/airflow/dags/DagScraper.py for tasks to queue
[2026-04-19T10:45:01.857+0000] {logging_mixin.py:188} INFO - [2026-04-19T10:45:01.856+0000] {dagbag.py:545} INFO - Filling up the DagBag from /opt/airflow/dags/DagScraper.py
[2026-04-19T10:45:01.899+0000] {processor.py:840} INFO - DAG(s) 'dag_scraping_offres_emploi' retrieved from /opt/airflow/dags/DagScraper.py
[2026-04-19T10:45:01.998+0000] {logging_mixin.py:188} INFO - [2026-04-19T10:45:01.997+0000] {dag.py:3096} INFO - Sync 1 DAGs
[2026-04-19T10:45:02.078+0000] {logging_mixin.py:188} INFO - [2026-04-19T10:45:02.077+0000] {dag.py:3954} INFO - Setting next_dagrun for dag_scraping_offres_emploi to 2026-04-19 00:00:00+00:00, run_after=2026-04-19 06:00:00+00:00
[2026-04-19T10:45:02.130+0000] {processor.py:183} INFO - Processing /opt/airflow/dags/DagScraper.py took 0.295 seconds
[2026-04-19T10:45:32.934+0000] {processor.py:161} INFO - Started process (PID=37571) to work on /opt/airflow/dags/DagScraper.py
[2026-04-19T10:45:32.940+0000] {processor.py:830} INFO - Processing file /opt/airflow/dags/DagScraper.py for tasks to queue
[2026-04-19T10:45:32.951+0000] {logging_mixin.py:188} INFO - [2026-04-19T10:45:32.949+0000] {dagbag.py:545} INFO - Filling up the DagBag from /opt/airflow/dags/DagScraper.py
[2026-04-19T10:45:33.059+0000] {processor.py:840} INFO - DAG(s) 'dag_scraping_offres_emploi' retrieved from /opt/airflow/dags/DagScraper.py
[2026-04-19T10:45:33.320+0000] {logging_mixin.py:188} INFO - [2026-04-19T10:45:33.319+0000] {dag.py:3096} INFO - Sync 1 DAGs
[2026-04-19T10:45:33.372+0000] {logging_mixin.py:188} INFO - [2026-04-19T10:45:33.372+0000] {dag.py:3954} INFO - Setting next_dagrun for dag_scraping_offres_emploi to 2026-04-19 00:00:00+00:00, run_after=2026-04-19 06:00:00+00:00
[2026-04-19T10:45:33.426+0000] {processor.py:183} INFO - Processing /opt/airflow/dags/DagScraper.py took 0.525 seconds
[2026-04-19T10:46:04.257+0000] {processor.py:161} INFO - Started process (PID=37586) to work on /opt/airflow/dags/DagScraper.py
[2026-04-19T10:46:04.259+0000] {processor.py:830} INFO - Processing file /opt/airflow/dags/DagScraper.py for tasks to queue
[2026-04-19T10:46:04.264+0000] {logging_mixin.py:188} INFO - [2026-04-19T10:46:04.263+0000] {dagbag.py:545} INFO - Filling up the DagBag from /opt/airflow/dags/DagScraper.py
[2026-04-19T10:46:04.326+0000] {processor.py:840} INFO - DAG(s) 'dag_scraping_offres_emploi' retrieved from /opt/airflow/dags/DagScraper.py
[2026-04-19T10:46:04.455+0000] {logging_mixin.py:188} INFO - [2026-04-19T10:46:04.454+0000] {dag.py:3096} INFO - Sync 1 DAGs
[2026-04-19T10:46:04.516+0000] {logging_mixin.py:188} INFO - [2026-04-19T10:46:04.516+0000] {dag.py:3954} INFO - Setting next_dagrun for dag_scraping_offres_emploi to 2026-04-19 00:00:00+00:00, run_after=2026-04-19 06:00:00+00:00
[2026-04-19T10:46:04.560+0000] {processor.py:183} INFO - Processing /opt/airflow/dags/DagScraper.py took 0.321 seconds
[2026-04-19T10:46:34.926+0000] {processor.py:161} INFO - Started process (PID=37594) to work on /opt/airflow/dags/DagScraper.py
[2026-04-19T10:46:34.931+0000] {processor.py:830} INFO - Processing file /opt/airflow/dags/DagScraper.py for tasks to queue
[2026-04-19T10:46:34.940+0000] {logging_mixin.py:188} INFO - [2026-04-19T10:46:34.939+0000] {dagbag.py:545} INFO - Filling up the DagBag from /opt/airflow/dags/DagScraper.py
[2026-04-19T10:46:35.145+0000] {processor.py:840} INFO - DAG(s) 'dag_scraping_offres_emploi' retrieved from /opt/airflow/dags/DagScraper.py
[2026-04-19T10:46:35.267+0000] {logging_mixin.py:188} INFO - [2026-04-19T10:46:35.266+0000] {dag.py:3096} INFO - Sync 1 DAGs
[2026-04-19T10:46:35.319+0000] {logging_mixin.py:188} INFO - [2026-04-19T10:46:35.319+0000] {dag.py:3954} INFO - Setting next_dagrun for dag_scraping_offres_emploi to 2026-04-19 00:00:00+00:00, run_after=2026-04-19 06:00:00+00:00
[2026-04-19T10:46:35.368+0000] {processor.py:183} INFO - Processing /opt/airflow/dags/DagScraper.py took 0.475 seconds
[2026-04-19T10:47:05.996+0000] {processor.py:161} INFO - Started process (PID=37609) to work on /opt/airflow/dags/DagScraper.py
[2026-04-19T10:47:05.998+0000] {processor.py:830} INFO - Processing file /opt/airflow/dags/DagScraper.py for tasks to queue
[2026-04-19T10:47:06.004+0000] {logging_mixin.py:188} INFO - [2026-04-19T10:47:06.003+0000] {dagbag.py:545} INFO - Filling up the DagBag from /opt/airflow/dags/DagScraper.py
[2026-04-19T10:47:06.053+0000] {processor.py:840} INFO - DAG(s) 'dag_scraping_offres_emploi' retrieved from /opt/airflow/dags/DagScraper.py
[2026-04-19T10:47:06.128+0000] {logging_mixin.py:188} INFO - [2026-04-19T10:47:06.128+0000] {dag.py:3096} INFO - Sync 1 DAGs
[2026-04-19T10:47:06.165+0000] {logging_mixin.py:188} INFO - [2026-04-19T10:47:06.165+0000] {dag.py:3954} INFO - Setting next_dagrun for dag_scraping_offres_emploi to 2026-04-19 00:00:00+00:00, run_after=2026-04-19 06:00:00+00:00
[2026-04-19T10:47:06.210+0000] {processor.py:183} INFO - Processing /opt/airflow/dags/DagScraper.py took 0.227 seconds
[2026-04-19T10:47:36.976+0000] {processor.py:161} INFO - Started process (PID=37623) to work on /opt/airflow/dags/DagScraper.py
[2026-04-19T10:47:36.982+0000] {processor.py:830} INFO - Processing file /opt/airflow/dags/DagScraper.py for tasks to queue
[2026-04-19T10:47:36.991+0000] {logging_mixin.py:188} INFO - [2026-04-19T10:47:36.990+0000] {dagbag.py:545} INFO - Filling up the DagBag from /opt/airflow/dags/DagScraper.py
[2026-04-19T10:47:37.075+0000] {processor.py:840} INFO - DAG(s) 'dag_scraping_offres_emploi' retrieved from /opt/airflow/dags/DagScraper.py
[2026-04-19T10:47:37.162+0000] {logging_mixin.py:188} INFO - [2026-04-19T10:47:37.161+0000] {dag.py:3096} INFO - Sync 1 DAGs
[2026-04-19T10:47:37.247+0000] {logging_mixin.py:188} INFO - [2026-04-19T10:47:37.246+0000] {dag.py:3954} INFO - Setting next_dagrun for dag_scraping_offres_emploi to 2026-04-19 00:00:00+00:00, run_after=2026-04-19 06:00:00+00:00
[2026-04-19T10:47:37.326+0000] {processor.py:183} INFO - Processing /opt/airflow/dags/DagScraper.py took 0.376 seconds
[2026-04-19T10:48:07.631+0000] {processor.py:161} INFO - Started process (PID=37631) to work on /opt/airflow/dags/DagScraper.py
[2026-04-19T10:48:07.634+0000] {processor.py:830} INFO - Processing file /opt/airflow/dags/DagScraper.py for tasks to queue
[2026-04-19T10:48:07.652+0000] {logging_mixin.py:188} INFO - [2026-04-19T10:48:07.650+0000] {dagbag.py:545} INFO - Filling up the DagBag from /opt/airflow/dags/DagScraper.py
[2026-04-19T10:48:07.719+0000] {processor.py:840} INFO - DAG(s) 'dag_scraping_offres_emploi' retrieved from /opt/airflow/dags/DagScraper.py
[2026-04-19T10:48:07.974+0000] {logging_mixin.py:188} INFO - [2026-04-19T10:48:07.958+0000] {dag.py:3096} INFO - Sync 1 DAGs
[2026-04-19T10:48:08.136+0000] {logging_mixin.py:188} INFO - [2026-04-19T10:48:08.135+0000] {dag.py:3954} INFO - Setting next_dagrun for dag_scraping_offres_emploi to 2026-04-19 00:00:00+00:00, run_after=2026-04-19 06:00:00+00:00
[2026-04-19T10:48:08.190+0000] {processor.py:183} INFO - Processing /opt/airflow/dags/DagScraper.py took 0.590 seconds
[2026-04-19T10:48:39.198+0000] {processor.py:161} INFO - Started process (PID=37645) to work on /opt/airflow/dags/DagScraper.py
[2026-04-19T10:48:39.200+0000] {processor.py:830} INFO - Processing file /opt/airflow/dags/DagScraper.py for tasks to queue
[2026-04-19T10:48:39.204+0000] {logging_mixin.py:188} INFO - [2026-04-19T10:48:39.203+0000] {dagbag.py:545} INFO - Filling up the DagBag from /opt/airflow/dags/DagScraper.py
[2026-04-19T10:48:39.244+0000] {processor.py:840} INFO - DAG(s) 'dag_scraping_offres_emploi' retrieved from /opt/airflow/dags/DagScraper.py
[2026-04-19T10:48:39.352+0000] {logging_mixin.py:188} INFO - [2026-04-19T10:48:39.351+0000] {dag.py:3096} INFO - Sync 1 DAGs
[2026-04-19T10:48:39.414+0000] {logging_mixin.py:188} INFO - [2026-04-19T10:48:39.413+0000] {dag.py:3954} INFO - Setting next_dagrun for dag_scraping_offres_emploi to 2026-04-19 00:00:00+00:00, run_after=2026-04-19 06:00:00+00:00
[2026-04-19T10:48:39.453+0000] {processor.py:183} INFO - Processing /opt/airflow/dags/DagScraper.py took 0.271 seconds
[2026-04-19T10:49:09.633+0000] {processor.py:161} INFO - Started process (PID=37653) to work on /opt/airflow/dags/DagScraper.py
[2026-04-19T10:49:09.635+0000] {processor.py:830} INFO - Processing file /opt/airflow/dags/DagScraper.py for tasks to queue
[2026-04-19T10:49:09.639+0000] {logging_mixin.py:188} INFO - [2026-04-19T10:49:09.639+0000] {dagbag.py:545} INFO - Filling up the DagBag from /opt/airflow/dags/DagScraper.py
[2026-04-19T10:49:09.695+0000] {processor.py:840} INFO - DAG(s) 'dag_scraping_offres_emploi' retrieved from /opt/airflow/dags/DagScraper.py
[2026-04-19T10:49:09.762+0000] {logging_mixin.py:188} INFO - [2026-04-19T10:49:09.761+0000] {dag.py:3096} INFO - Sync 1 DAGs
[2026-04-19T10:49:09.802+0000] {logging_mixin.py:188} INFO - [2026-04-19T10:49:09.801+0000] {dag.py:3954} INFO - Setting next_dagrun for dag_scraping_offres_emploi to 2026-04-19 00:00:00+00:00, run_after=2026-04-19 06:00:00+00:00
[2026-04-19T10:49:09.843+0000] {processor.py:183} INFO - Processing /opt/airflow/dags/DagScraper.py took 0.224 seconds
[2026-04-19T10:49:40.676+0000] {processor.py:161} INFO - Started process (PID=37666) to work on /opt/airflow/dags/DagScraper.py
[2026-04-19T10:49:40.679+0000] {processor.py:830} INFO - Processing file /opt/airflow/dags/DagScraper.py for tasks to queue
[2026-04-19T10:49:40.687+0000] {logging_mixin.py:188} INFO - [2026-04-19T10:49:40.686+0000] {dagbag.py:545} INFO - Filling up the DagBag from /opt/airflow/dags/DagScraper.py
[2026-04-19T10:49:40.757+0000] {processor.py:840} INFO - DAG(s) 'dag_scraping_offres_emploi' retrieved from /opt/airflow/dags/DagScraper.py
[2026-04-19T10:49:40.870+0000] {logging_mixin.py:188} INFO - [2026-04-19T10:49:40.869+0000] {dag.py:3096} INFO - Sync 1 DAGs
[2026-04-19T10:49:40.922+0000] {logging_mixin.py:188} INFO - [2026-04-19T10:49:40.922+0000] {dag.py:3954} INFO - Setting next_dagrun for dag_scraping_offres_emploi to 2026-04-19 00:00:00+00:00, run_after=2026-04-19 06:00:00+00:00
[2026-04-19T10:49:41.210+0000] {processor.py:183} INFO - Processing /opt/airflow/dags/DagScraper.py took 0.558 seconds
[2026-04-19T10:50:11.402+0000] {processor.py:161} INFO - Started process (PID=37675) to work on /opt/airflow/dags/DagScraper.py
[2026-04-19T10:50:11.406+0000] {processor.py:830} INFO - Processing file /opt/airflow/dags/DagScraper.py for tasks to queue
[2026-04-19T10:50:11.411+0000] {logging_mixin.py:188} INFO - [2026-04-19T10:50:11.410+0000] {dagbag.py:545} INFO - Filling up the DagBag from /opt/airflow/dags/DagScraper.py
[2026-04-19T10:50:11.515+0000] {processor.py:840} INFO - DAG(s) 'dag_scraping_offres_emploi' retrieved from /opt/airflow/dags/DagScraper.py
[2026-04-19T10:50:11.611+0000] {logging_mixin.py:188} INFO - [2026-04-19T10:50:11.610+0000] {dag.py:3096} INFO - Sync 1 DAGs
[2026-04-19T10:50:11.690+0000] {logging_mixin.py:188} INFO - [2026-04-19T10:50:11.689+0000] {dag.py:3954} INFO - Setting next_dagrun for dag_scraping_offres_emploi to 2026-04-19 00:00:00+00:00, run_after=2026-04-19 06:00:00+00:00
[2026-04-19T10:50:11.802+0000] {processor.py:183} INFO - Processing /opt/airflow/dags/DagScraper.py took 0.422 seconds
[2026-04-19T10:50:42.521+0000] {processor.py:161} INFO - Started process (PID=37689) to work on /opt/airflow/dags/DagScraper.py
[2026-04-19T10:50:42.526+0000] {processor.py:830} INFO - Processing file /opt/airflow/dags/DagScraper.py for tasks to queue
[2026-04-19T10:50:42.535+0000] {logging_mixin.py:188} INFO - [2026-04-19T10:50:42.533+0000] {dagbag.py:545} INFO - Filling up the DagBag from /opt/airflow/dags/DagScraper.py
[2026-04-19T10:50:42.706+0000] {processor.py:840} INFO - DAG(s) 'dag_scraping_offres_emploi' retrieved from /opt/airflow/dags/DagScraper.py
[2026-04-19T10:50:42.815+0000] {logging_mixin.py:188} INFO - [2026-04-19T10:50:42.814+0000] {dag.py:3096} INFO - Sync 1 DAGs
[2026-04-19T10:50:42.877+0000] {logging_mixin.py:188} INFO - [2026-04-19T10:50:42.876+0000] {dag.py:3954} INFO - Setting next_dagrun for dag_scraping_offres_emploi to 2026-04-19 00:00:00+00:00, run_after=2026-04-19 06:00:00+00:00
[2026-04-19T10:50:42.946+0000] {processor.py:183} INFO - Processing /opt/airflow/dags/DagScraper.py took 0.465 seconds
[2026-04-19T10:51:13.504+0000] {processor.py:161} INFO - Started process (PID=37698) to work on /opt/airflow/dags/DagScraper.py
[2026-04-19T10:51:13.506+0000] {processor.py:830} INFO - Processing file /opt/airflow/dags/DagScraper.py for tasks to queue
[2026-04-19T10:51:13.521+0000] {logging_mixin.py:188} INFO - [2026-04-19T10:51:13.520+0000] {dagbag.py:545} INFO - Filling up the DagBag from /opt/airflow/dags/DagScraper.py
[2026-04-19T10:51:13.633+0000] {processor.py:840} INFO - DAG(s) 'dag_scraping_offres_emploi' retrieved from /opt/airflow/dags/DagScraper.py
[2026-04-19T10:51:13.921+0000] {logging_mixin.py:188} INFO - [2026-04-19T10:51:13.912+0000] {dag.py:3096} INFO - Sync 1 DAGs
[2026-04-19T10:51:14.117+0000] {logging_mixin.py:188} INFO - [2026-04-19T10:51:14.116+0000] {dag.py:3954} INFO - Setting next_dagrun for dag_scraping_offres_emploi to 2026-04-19 00:00:00+00:00, run_after=2026-04-19 06:00:00+00:00
[2026-04-19T10:51:14.275+0000] {processor.py:183} INFO - Processing /opt/airflow/dags/DagScraper.py took 0.821 seconds
[2026-04-19T10:51:45.067+0000] {processor.py:161} INFO - Started process (PID=37713) to work on /opt/airflow/dags/DagScraper.py
[2026-04-19T10:51:45.068+0000] {processor.py:830} INFO - Processing file /opt/airflow/dags/DagScraper.py for tasks to queue
[2026-04-19T10:51:45.074+0000] {logging_mixin.py:188} INFO - [2026-04-19T10:51:45.072+0000] {dagbag.py:545} INFO - Filling up the DagBag from /opt/airflow/dags/DagScraper.py
[2026-04-19T10:51:45.154+0000] {processor.py:840} INFO - DAG(s) 'dag_scraping_offres_emploi' retrieved from /opt/airflow/dags/DagScraper.py
[2026-04-19T10:51:45.259+0000] {logging_mixin.py:188} INFO - [2026-04-19T10:51:45.258+0000] {dag.py:3096} INFO - Sync 1 DAGs
[2026-04-19T10:51:45.302+0000] {logging_mixin.py:188} INFO - [2026-04-19T10:51:45.302+0000] {dag.py:3954} INFO - Setting next_dagrun for dag_scraping_offres_emploi to 2026-04-19 00:00:00+00:00, run_after=2026-04-19 06:00:00+00:00
[2026-04-19T10:51:45.363+0000] {processor.py:183} INFO - Processing /opt/airflow/dags/DagScraper.py took 0.319 seconds
[2026-04-19T10:52:16.137+0000] {processor.py:161} INFO - Started process (PID=37721) to work on /opt/airflow/dags/DagScraper.py
[2026-04-19T10:52:16.140+0000] {processor.py:830} INFO - Processing file /opt/airflow/dags/DagScraper.py for tasks to queue
[2026-04-19T10:52:16.145+0000] {logging_mixin.py:188} INFO - [2026-04-19T10:52:16.145+0000] {dagbag.py:545} INFO - Filling up the DagBag from /opt/airflow/dags/DagScraper.py
[2026-04-19T10:52:16.228+0000] {processor.py:840} INFO - DAG(s) 'dag_scraping_offres_emploi' retrieved from /opt/airflow/dags/DagScraper.py
[2026-04-19T10:52:16.350+0000] {logging_mixin.py:188} INFO - [2026-04-19T10:52:16.350+0000] {dag.py:3096} INFO - Sync 1 DAGs
[2026-04-19T10:52:16.796+0000] {logging_mixin.py:188} INFO - [2026-04-19T10:52:16.795+0000] {dag.py:3954} INFO - Setting next_dagrun for dag_scraping_offres_emploi to 2026-04-19 00:00:00+00:00, run_after=2026-04-19 06:00:00+00:00
[2026-04-19T10:52:16.845+0000] {processor.py:183} INFO - Processing /opt/airflow/dags/DagScraper.py took 0.729 seconds
[2026-04-19T10:52:47.252+0000] {processor.py:161} INFO - Started process (PID=37735) to work on /opt/airflow/dags/DagScraper.py
[2026-04-19T10:52:47.256+0000] {processor.py:830} INFO - Processing file /opt/airflow/dags/DagScraper.py for tasks to queue
[2026-04-19T10:52:47.266+0000] {logging_mixin.py:188} INFO - [2026-04-19T10:52:47.265+0000] {dagbag.py:545} INFO - Filling up the DagBag from /opt/airflow/dags/DagScraper.py
[2026-04-19T10:52:47.371+0000] {processor.py:840} INFO - DAG(s) 'dag_scraping_offres_emploi' retrieved from /opt/airflow/dags/DagScraper.py
[2026-04-19T10:52:47.511+0000] {logging_mixin.py:188} INFO - [2026-04-19T10:52:47.511+0000] {dag.py:3096} INFO - Sync 1 DAGs
[2026-04-19T10:52:47.603+0000] {logging_mixin.py:188} INFO - [2026-04-19T10:52:47.603+0000] {dag.py:3954} INFO - Setting next_dagrun for dag_scraping_offres_emploi to 2026-04-19 00:00:00+00:00, run_after=2026-04-19 06:00:00+00:00
[2026-04-19T10:52:47.707+0000] {processor.py:183} INFO - Processing /opt/airflow/dags/DagScraper.py took 0.475 seconds
[2026-04-19T10:53:18.295+0000] {processor.py:161} INFO - Started process (PID=37743) to work on /opt/airflow/dags/DagScraper.py
[2026-04-19T10:53:18.303+0000] {processor.py:830} INFO - Processing file /opt/airflow/dags/DagScraper.py for tasks to queue
[2026-04-19T10:53:18.330+0000] {logging_mixin.py:188} INFO - [2026-04-19T10:53:18.327+0000] {dagbag.py:545} INFO - Filling up the DagBag from /opt/airflow/dags/DagScraper.py
[2026-04-19T10:53:18.433+0000] {processor.py:840} INFO - DAG(s) 'dag_scraping_offres_emploi' retrieved from /opt/airflow/dags/DagScraper.py
[2026-04-19T10:53:18.510+0000] {logging_mixin.py:188} INFO - [2026-04-19T10:53:18.509+0000] {dag.py:3096} INFO - Sync 1 DAGs
[2026-04-19T10:53:18.562+0000] {logging_mixin.py:188} INFO - [2026-04-19T10:53:18.561+0000] {dag.py:3954} INFO - Setting next_dagrun for dag_scraping_offres_emploi to 2026-04-19 00:00:00+00:00, run_after=2026-04-19 06:00:00+00:00
[2026-04-19T10:53:18.622+0000] {processor.py:183} INFO - Processing /opt/airflow/dags/DagScraper.py took 0.382 seconds
[2026-04-19T10:53:49.583+0000] {processor.py:161} INFO - Started process (PID=37757) to work on /opt/airflow/dags/DagScraper.py
[2026-04-19T10:53:49.585+0000] {processor.py:830} INFO - Processing file /opt/airflow/dags/DagScraper.py for tasks to queue
[2026-04-19T10:53:49.588+0000] {logging_mixin.py:188} INFO - [2026-04-19T10:53:49.587+0000] {dagbag.py:545} INFO - Filling up the DagBag from /opt/airflow/dags/DagScraper.py
[2026-04-19T10:53:49.620+0000] {processor.py:840} INFO - DAG(s) 'dag_scraping_offres_emploi' retrieved from /opt/airflow/dags/DagScraper.py
[2026-04-19T10:53:49.674+0000] {logging_mixin.py:188} INFO - [2026-04-19T10:53:49.674+0000] {dag.py:3096} INFO - Sync 1 DAGs
[2026-04-19T10:53:49.712+0000] {logging_mixin.py:188} INFO - [2026-04-19T10:53:49.712+0000] {dag.py:3954} INFO - Setting next_dagrun for dag_scraping_offres_emploi to 2026-04-19 00:00:00+00:00, run_after=2026-04-19 06:00:00+00:00
[2026-04-19T10:53:49.786+0000] {processor.py:183} INFO - Processing /opt/airflow/dags/DagScraper.py took 0.217 seconds
[2026-04-19T10:54:20.567+0000] {processor.py:161} INFO - Started process (PID=37765) to work on /opt/airflow/dags/DagScraper.py
[2026-04-19T10:54:20.569+0000] {processor.py:830} INFO - Processing file /opt/airflow/dags/DagScraper.py for tasks to queue
[2026-04-19T10:54:20.574+0000] {logging_mixin.py:188} INFO - [2026-04-19T10:54:20.573+0000] {dagbag.py:545} INFO - Filling up the DagBag from /opt/airflow/dags/DagScraper.py
[2026-04-19T10:54:20.613+0000] {processor.py:840} INFO - DAG(s) 'dag_scraping_offres_emploi' retrieved from /opt/airflow/dags/DagScraper.py
[2026-04-19T10:54:20.757+0000] {logging_mixin.py:188} INFO - [2026-04-19T10:54:20.756+0000] {dag.py:3096} INFO - Sync 1 DAGs
[2026-04-19T10:54:21.060+0000] {logging_mixin.py:188} INFO - [2026-04-19T10:54:21.059+0000] {dag.py:3954} INFO - Setting next_dagrun for dag_scraping_offres_emploi to 2026-04-19 00:00:00+00:00, run_after=2026-04-19 06:00:00+00:00
[2026-04-19T10:54:21.127+0000] {processor.py:183} INFO - Processing /opt/airflow/dags/DagScraper.py took 0.569 seconds
[2026-04-19T10:54:51.416+0000] {processor.py:161} INFO - Started process (PID=37779) to work on /opt/airflow/dags/DagScraper.py
[2026-04-19T10:54:51.418+0000] {processor.py:830} INFO - Processing file /opt/airflow/dags/DagScraper.py for tasks to queue
[2026-04-19T10:54:51.421+0000] {logging_mixin.py:188} INFO - [2026-04-19T10:54:51.421+0000] {dagbag.py:545} INFO - Filling up the DagBag from /opt/airflow/dags/DagScraper.py
[2026-04-19T10:54:51.465+0000] {processor.py:840} INFO - DAG(s) 'dag_scraping_offres_emploi' retrieved from /opt/airflow/dags/DagScraper.py
[2026-04-19T10:54:51.549+0000] {logging_mixin.py:188} INFO - [2026-04-19T10:54:51.549+0000] {dag.py:3096} INFO - Sync 1 DAGs
[2026-04-19T10:54:51.704+0000] {logging_mixin.py:188} INFO - [2026-04-19T10:54:51.703+0000] {dag.py:3954} INFO - Setting next_dagrun for dag_scraping_offres_emploi to 2026-04-19 00:00:00+00:00, run_after=2026-04-19 06:00:00+00:00
[2026-04-19T10:54:51.794+0000] {processor.py:183} INFO - Processing /opt/airflow/dags/DagScraper.py took 0.391 seconds
[2026-04-19T10:55:22.499+0000] {processor.py:161} INFO - Started process (PID=37794) to work on /opt/airflow/dags/DagScraper.py
[2026-04-19T10:55:22.501+0000] {processor.py:830} INFO - Processing file /opt/airflow/dags/DagScraper.py for tasks to queue
[2026-04-19T10:55:22.504+0000] {logging_mixin.py:188} INFO - [2026-04-19T10:55:22.503+0000] {dagbag.py:545} INFO - Filling up the DagBag from /opt/airflow/dags/DagScraper.py
[2026-04-19T10:55:22.575+0000] {processor.py:840} INFO - DAG(s) 'dag_scraping_offres_emploi' retrieved from /opt/airflow/dags/DagScraper.py
[2026-04-19T10:55:22.689+0000] {logging_mixin.py:188} INFO - [2026-04-19T10:55:22.688+0000] {dag.py:3096} INFO - Sync 1 DAGs
[2026-04-19T10:55:22.778+0000] {logging_mixin.py:188} INFO - [2026-04-19T10:55:22.778+0000] {dag.py:3954} INFO - Setting next_dagrun for dag_scraping_offres_emploi to 2026-04-19 00:00:00+00:00, run_after=2026-04-19 06:00:00+00:00
[2026-04-19T10:55:22.830+0000] {processor.py:183} INFO - Processing /opt/airflow/dags/DagScraper.py took 0.342 seconds
[2026-04-19T10:55:53.796+0000] {processor.py:161} INFO - Started process (PID=37803) to work on /opt/airflow/dags/DagScraper.py
[2026-04-19T10:55:53.799+0000] {processor.py:830} INFO - Processing file /opt/airflow/dags/DagScraper.py for tasks to queue
[2026-04-19T10:55:53.815+0000] {logging_mixin.py:188} INFO - [2026-04-19T10:55:53.814+0000] {dagbag.py:545} INFO - Filling up the DagBag from /opt/airflow/dags/DagScraper.py
[2026-04-19T10:55:53.894+0000] {processor.py:840} INFO - DAG(s) 'dag_scraping_offres_emploi' retrieved from /opt/airflow/dags/DagScraper.py
[2026-04-19T10:55:54.016+0000] {logging_mixin.py:188} INFO - [2026-04-19T10:55:54.016+0000] {dag.py:3096} INFO - Sync 1 DAGs
[2026-04-19T10:55:54.085+0000] {logging_mixin.py:188} INFO - [2026-04-19T10:55:54.085+0000] {dag.py:3954} INFO - Setting next_dagrun for dag_scraping_offres_emploi to 2026-04-19 00:00:00+00:00, run_after=2026-04-19 06:00:00+00:00
[2026-04-19T10:55:54.269+0000] {processor.py:183} INFO - Processing /opt/airflow/dags/DagScraper.py took 0.497 seconds
[2026-04-19T10:56:24.482+0000] {processor.py:161} INFO - Started process (PID=37816) to work on /opt/airflow/dags/DagScraper.py
[2026-04-19T10:56:24.484+0000] {processor.py:830} INFO - Processing file /opt/airflow/dags/DagScraper.py for tasks to queue
[2026-04-19T10:56:24.491+0000] {logging_mixin.py:188} INFO - [2026-04-19T10:56:24.489+0000] {dagbag.py:545} INFO - Filling up the DagBag from /opt/airflow/dags/DagScraper.py
[2026-04-19T10:56:24.586+0000] {processor.py:840} INFO - DAG(s) 'dag_scraping_offres_emploi' retrieved from /opt/airflow/dags/DagScraper.py
[2026-04-19T10:56:24.852+0000] {logging_mixin.py:188} INFO - [2026-04-19T10:56:24.841+0000] {dag.py:3096} INFO - Sync 1 DAGs
[2026-04-19T10:56:24.959+0000] {logging_mixin.py:188} INFO - [2026-04-19T10:56:24.958+0000] {dag.py:3954} INFO - Setting next_dagrun for dag_scraping_offres_emploi to 2026-04-19 00:00:00+00:00, run_after=2026-04-19 06:00:00+00:00
[2026-04-19T10:56:25.352+0000] {processor.py:183} INFO - Processing /opt/airflow/dags/DagScraper.py took 0.890 seconds
[2026-04-19T10:56:55.687+0000] {processor.py:161} INFO - Started process (PID=37823) to work on /opt/airflow/dags/DagScraper.py
[2026-04-19T10:56:55.689+0000] {processor.py:830} INFO - Processing file /opt/airflow/dags/DagScraper.py for tasks to queue
[2026-04-19T10:56:55.693+0000] {logging_mixin.py:188} INFO - [2026-04-19T10:56:55.693+0000] {dagbag.py:545} INFO - Filling up the DagBag from /opt/airflow/dags/DagScraper.py
[2026-04-19T10:56:55.765+0000] {processor.py:840} INFO - DAG(s) 'dag_scraping_offres_emploi' retrieved from /opt/airflow/dags/DagScraper.py
[2026-04-19T10:56:55.851+0000] {logging_mixin.py:188} INFO - [2026-04-19T10:56:55.850+0000] {dag.py:3096} INFO - Sync 1 DAGs
[2026-04-19T10:56:56.252+0000] {logging_mixin.py:188} INFO - [2026-04-19T10:56:56.251+0000] {dag.py:3954} INFO - Setting next_dagrun for dag_scraping_offres_emploi to 2026-04-19 00:00:00+00:00, run_after=2026-04-19 06:00:00+00:00
[2026-04-19T10:56:56.306+0000] {processor.py:183} INFO - Processing /opt/airflow/dags/DagScraper.py took 0.635 seconds
[2026-04-19T10:57:26.416+0000] {processor.py:161} INFO - Started process (PID=37837) to work on /opt/airflow/dags/DagScraper.py
[2026-04-19T10:57:26.418+0000] {processor.py:830} INFO - Processing file /opt/airflow/dags/DagScraper.py for tasks to queue
[2026-04-19T10:57:26.421+0000] {logging_mixin.py:188} INFO - [2026-04-19T10:57:26.421+0000] {dagbag.py:545} INFO - Filling up the DagBag from /opt/airflow/dags/DagScraper.py
[2026-04-19T10:57:26.463+0000] {processor.py:840} INFO - DAG(s) 'dag_scraping_offres_emploi' retrieved from /opt/airflow/dags/DagScraper.py
[2026-04-19T10:57:26.524+0000] {logging_mixin.py:188} INFO - [2026-04-19T10:57:26.524+0000] {dag.py:3096} INFO - Sync 1 DAGs
[2026-04-19T10:57:26.569+0000] {logging_mixin.py:188} INFO - [2026-04-19T10:57:26.568+0000] {dag.py:3954} INFO - Setting next_dagrun for dag_scraping_offres_emploi to 2026-04-19 00:00:00+00:00, run_after=2026-04-19 06:00:00+00:00
[2026-04-19T10:57:26.608+0000] {processor.py:183} INFO - Processing /opt/airflow/dags/DagScraper.py took 0.203 seconds
[2026-04-19T10:57:57.507+0000] {processor.py:161} INFO - Started process (PID=37845) to work on /opt/airflow/dags/DagScraper.py
[2026-04-19T10:57:57.509+0000] {processor.py:830} INFO - Processing file /opt/airflow/dags/DagScraper.py for tasks to queue
[2026-04-19T10:57:57.515+0000] {logging_mixin.py:188} INFO - [2026-04-19T10:57:57.514+0000] {dagbag.py:545} INFO - Filling up the DagBag from /opt/airflow/dags/DagScraper.py
[2026-04-19T10:57:57.584+0000] {processor.py:840} INFO - DAG(s) 'dag_scraping_offres_emploi' retrieved from /opt/airflow/dags/DagScraper.py
[2026-04-19T10:57:57.750+0000] {logging_mixin.py:188} INFO - [2026-04-19T10:57:57.750+0000] {dag.py:3096} INFO - Sync 1 DAGs
[2026-04-19T10:57:57.802+0000] {logging_mixin.py:188} INFO - [2026-04-19T10:57:57.802+0000] {dag.py:3954} INFO - Setting next_dagrun for dag_scraping_offres_emploi to 2026-04-19 00:00:00+00:00, run_after=2026-04-19 06:00:00+00:00
[2026-04-19T10:57:57.861+0000] {processor.py:183} INFO - Processing /opt/airflow/dags/DagScraper.py took 0.379 seconds
[2026-04-19T10:58:28.889+0000] {processor.py:161} INFO - Started process (PID=37861) to work on /opt/airflow/dags/DagScraper.py
[2026-04-19T10:58:28.892+0000] {processor.py:830} INFO - Processing file /opt/airflow/dags/DagScraper.py for tasks to queue
[2026-04-19T10:58:28.899+0000] {logging_mixin.py:188} INFO - [2026-04-19T10:58:28.899+0000] {dagbag.py:545} INFO - Filling up the DagBag from /opt/airflow/dags/DagScraper.py
[2026-04-19T10:58:28.974+0000] {processor.py:840} INFO - DAG(s) 'dag_scraping_offres_emploi' retrieved from /opt/airflow/dags/DagScraper.py
[2026-04-19T10:58:29.127+0000] {logging_mixin.py:188} INFO - [2026-04-19T10:58:29.127+0000] {dag.py:3096} INFO - Sync 1 DAGs
[2026-04-19T10:58:29.188+0000] {logging_mixin.py:188} INFO - [2026-04-19T10:58:29.188+0000] {dag.py:3954} INFO - Setting next_dagrun for dag_scraping_offres_emploi to 2026-04-19 00:00:00+00:00, run_after=2026-04-19 06:00:00+00:00
[2026-04-19T10:58:29.511+0000] {processor.py:183} INFO - Processing /opt/airflow/dags/DagScraper.py took 0.648 seconds
[2026-04-19T10:58:59.958+0000] {processor.py:161} INFO - Started process (PID=37869) to work on /opt/airflow/dags/DagScraper.py
[2026-04-19T10:58:59.959+0000] {processor.py:830} INFO - Processing file /opt/airflow/dags/DagScraper.py for tasks to queue
[2026-04-19T10:58:59.965+0000] {logging_mixin.py:188} INFO - [2026-04-19T10:58:59.964+0000] {dagbag.py:545} INFO - Filling up the DagBag from /opt/airflow/dags/DagScraper.py
[2026-04-19T10:59:00.055+0000] {processor.py:840} INFO - DAG(s) 'dag_scraping_offres_emploi' retrieved from /opt/airflow/dags/DagScraper.py
[2026-04-19T10:59:00.235+0000] {logging_mixin.py:188} INFO - [2026-04-19T10:59:00.234+0000] {dag.py:3096} INFO - Sync 1 DAGs
[2026-04-19T10:59:00.557+0000] {logging_mixin.py:188} INFO - [2026-04-19T10:59:00.557+0000] {dag.py:3954} INFO - Setting next_dagrun for dag_scraping_offres_emploi to 2026-04-19 00:00:00+00:00, run_after=2026-04-19 06:00:00+00:00
[2026-04-19T10:59:00.624+0000] {processor.py:183} INFO - Processing /opt/airflow/dags/DagScraper.py took 0.682 seconds
[2026-04-19T10:59:38.278+0000] {processor.py:161} INFO - Started process (PID=37884) to work on /opt/airflow/dags/DagScraper.py
[2026-04-19T10:59:38.289+0000] {processor.py:830} INFO - Processing file /opt/airflow/dags/DagScraper.py for tasks to queue
[2026-04-19T10:59:38.315+0000] {logging_mixin.py:188} INFO - [2026-04-19T10:59:38.303+0000] {dagbag.py:545} INFO - Filling up the DagBag from /opt/airflow/dags/DagScraper.py
[2026-04-19T10:59:38.591+0000] {processor.py:840} INFO - DAG(s) 'dag_scraping_offres_emploi' retrieved from /opt/airflow/dags/DagScraper.py
[2026-04-19T10:59:39.384+0000] {logging_mixin.py:188} INFO - [2026-04-19T10:59:39.384+0000] {dag.py:3096} INFO - Sync 1 DAGs
[2026-04-19T10:59:39.536+0000] {logging_mixin.py:188} INFO - [2026-04-19T10:59:39.535+0000] {dag.py:3954} INFO - Setting next_dagrun for dag_scraping_offres_emploi to 2026-04-19 00:00:00+00:00, run_after=2026-04-19 06:00:00+00:00
[2026-04-19T10:59:39.718+0000] {processor.py:183} INFO - Processing /opt/airflow/dags/DagScraper.py took 1.526 seconds
[2026-04-19T11:00:10.426+0000] {processor.py:161} INFO - Started process (PID=37898) to work on /opt/airflow/dags/DagScraper.py
[2026-04-19T11:00:10.429+0000] {processor.py:830} INFO - Processing file /opt/airflow/dags/DagScraper.py for tasks to queue
[2026-04-19T11:00:10.434+0000] {logging_mixin.py:188} INFO - [2026-04-19T11:00:10.433+0000] {dagbag.py:545} INFO - Filling up the DagBag from /opt/airflow/dags/DagScraper.py
[2026-04-19T11:00:10.504+0000] {processor.py:840} INFO - DAG(s) 'dag_scraping_offres_emploi' retrieved from /opt/airflow/dags/DagScraper.py
[2026-04-19T11:00:10.623+0000] {logging_mixin.py:188} INFO - [2026-04-19T11:00:10.623+0000] {dag.py:3096} INFO - Sync 1 DAGs
[2026-04-19T11:00:10.725+0000] {logging_mixin.py:188} INFO - [2026-04-19T11:00:10.724+0000] {dag.py:3954} INFO - Setting next_dagrun for dag_scraping_offres_emploi to 2026-04-19 00:00:00+00:00, run_after=2026-04-19 06:00:00+00:00
[2026-04-19T11:00:10.901+0000] {processor.py:183} INFO - Processing /opt/airflow/dags/DagScraper.py took 0.514 seconds
[2026-04-19T11:00:41.344+0000] {processor.py:161} INFO - Started process (PID=37906) to work on /opt/airflow/dags/DagScraper.py
[2026-04-19T11:00:41.350+0000] {processor.py:830} INFO - Processing file /opt/airflow/dags/DagScraper.py for tasks to queue
[2026-04-19T11:00:41.356+0000] {logging_mixin.py:188} INFO - [2026-04-19T11:00:41.355+0000] {dagbag.py:545} INFO - Filling up the DagBag from /opt/airflow/dags/DagScraper.py
[2026-04-19T11:00:41.464+0000] {processor.py:840} INFO - DAG(s) 'dag_scraping_offres_emploi' retrieved from /opt/airflow/dags/DagScraper.py
[2026-04-19T11:00:41.632+0000] {logging_mixin.py:188} INFO - [2026-04-19T11:00:41.632+0000] {dag.py:3096} INFO - Sync 1 DAGs
[2026-04-19T11:00:41.726+0000] {logging_mixin.py:188} INFO - [2026-04-19T11:00:41.725+0000] {dag.py:3954} INFO - Setting next_dagrun for dag_scraping_offres_emploi to 2026-04-19 00:00:00+00:00, run_after=2026-04-19 06:00:00+00:00
[2026-04-19T11:00:41.823+0000] {processor.py:183} INFO - Processing /opt/airflow/dags/DagScraper.py took 0.520 seconds
[2026-04-19T11:01:12.179+0000] {processor.py:161} INFO - Started process (PID=37919) to work on /opt/airflow/dags/DagScraper.py
[2026-04-19T11:01:12.182+0000] {processor.py:830} INFO - Processing file /opt/airflow/dags/DagScraper.py for tasks to queue
[2026-04-19T11:01:12.187+0000] {logging_mixin.py:188} INFO - [2026-04-19T11:01:12.186+0000] {dagbag.py:545} INFO - Filling up the DagBag from /opt/airflow/dags/DagScraper.py
[2026-04-19T11:01:12.267+0000] {processor.py:840} INFO - DAG(s) 'dag_scraping_offres_emploi' retrieved from /opt/airflow/dags/DagScraper.py
[2026-04-19T11:01:12.408+0000] {logging_mixin.py:188} INFO - [2026-04-19T11:01:12.407+0000] {dag.py:3096} INFO - Sync 1 DAGs
[2026-04-19T11:01:12.857+0000] {logging_mixin.py:188} INFO - [2026-04-19T11:01:12.857+0000] {dag.py:3954} INFO - Setting next_dagrun for dag_scraping_offres_emploi to 2026-04-19 00:00:00+00:00, run_after=2026-04-19 06:00:00+00:00
[2026-04-19T11:01:12.912+0000] {processor.py:183} INFO - Processing /opt/airflow/dags/DagScraper.py took 0.750 seconds
[2026-04-19T11:01:43.281+0000] {processor.py:161} INFO - Started process (PID=37927) to work on /opt/airflow/dags/DagScraper.py
[2026-04-19T11:01:43.283+0000] {processor.py:830} INFO - Processing file /opt/airflow/dags/DagScraper.py for tasks to queue
[2026-04-19T11:01:43.294+0000] {logging_mixin.py:188} INFO - [2026-04-19T11:01:43.293+0000] {dagbag.py:545} INFO - Filling up the DagBag from /opt/airflow/dags/DagScraper.py
[2026-04-19T11:01:43.390+0000] {processor.py:840} INFO - DAG(s) 'dag_scraping_offres_emploi' retrieved from /opt/airflow/dags/DagScraper.py
[2026-04-19T11:01:43.949+0000] {logging_mixin.py:188} INFO - [2026-04-19T11:01:43.948+0000] {dag.py:3096} INFO - Sync 1 DAGs
[2026-04-19T11:01:44.035+0000] {logging_mixin.py:188} INFO - [2026-04-19T11:01:44.035+0000] {dag.py:3954} INFO - Setting next_dagrun for dag_scraping_offres_emploi to 2026-04-19 00:00:00+00:00, run_after=2026-04-19 06:00:00+00:00
[2026-04-19T11:01:44.093+0000] {processor.py:183} INFO - Processing /opt/airflow/dags/DagScraper.py took 0.832 seconds
[2026-04-19T11:02:14.848+0000] {processor.py:161} INFO - Started process (PID=37941) to work on /opt/airflow/dags/DagScraper.py
[2026-04-19T11:02:14.852+0000] {processor.py:830} INFO - Processing file /opt/airflow/dags/DagScraper.py for tasks to queue
[2026-04-19T11:02:14.857+0000] {logging_mixin.py:188} INFO - [2026-04-19T11:02:14.857+0000] {dagbag.py:545} INFO - Filling up the DagBag from /opt/airflow/dags/DagScraper.py
[2026-04-19T11:02:15.257+0000] {processor.py:840} INFO - DAG(s) 'dag_scraping_offres_emploi' retrieved from /opt/airflow/dags/DagScraper.py
[2026-04-19T11:02:15.336+0000] {logging_mixin.py:188} INFO - [2026-04-19T11:02:15.335+0000] {dag.py:3096} INFO - Sync 1 DAGs
[2026-04-19T11:02:15.374+0000] {logging_mixin.py:188} INFO - [2026-04-19T11:02:15.373+0000] {dag.py:3954} INFO - Setting next_dagrun for dag_scraping_offres_emploi to 2026-04-19 00:00:00+00:00, run_after=2026-04-19 06:00:00+00:00
[2026-04-19T11:02:15.418+0000] {processor.py:183} INFO - Processing /opt/airflow/dags/DagScraper.py took 0.589 seconds
[2026-04-19T11:02:46.395+0000] {processor.py:161} INFO - Started process (PID=37955) to work on /opt/airflow/dags/DagScraper.py
[2026-04-19T11:02:46.399+0000] {processor.py:830} INFO - Processing file /opt/airflow/dags/DagScraper.py for tasks to queue
[2026-04-19T11:02:46.405+0000] {logging_mixin.py:188} INFO - [2026-04-19T11:02:46.404+0000] {dagbag.py:545} INFO - Filling up the DagBag from /opt/airflow/dags/DagScraper.py
[2026-04-19T11:02:46.484+0000] {processor.py:840} INFO - DAG(s) 'dag_scraping_offres_emploi' retrieved from /opt/airflow/dags/DagScraper.py
[2026-04-19T11:02:46.587+0000] {logging_mixin.py:188} INFO - [2026-04-19T11:02:46.587+0000] {dag.py:3096} INFO - Sync 1 DAGs
[2026-04-19T11:02:46.679+0000] {logging_mixin.py:188} INFO - [2026-04-19T11:02:46.678+0000] {dag.py:3954} INFO - Setting next_dagrun for dag_scraping_offres_emploi to 2026-04-19 00:00:00+00:00, run_after=2026-04-19 06:00:00+00:00
[2026-04-19T11:02:46.754+0000] {processor.py:183} INFO - Processing /opt/airflow/dags/DagScraper.py took 0.408 seconds
[2026-04-19T11:03:17.504+0000] {processor.py:161} INFO - Started process (PID=37964) to work on /opt/airflow/dags/DagScraper.py
[2026-04-19T11:03:17.507+0000] {processor.py:830} INFO - Processing file /opt/airflow/dags/DagScraper.py for tasks to queue
[2026-04-19T11:03:17.512+0000] {logging_mixin.py:188} INFO - [2026-04-19T11:03:17.511+0000] {dagbag.py:545} INFO - Filling up the DagBag from /opt/airflow/dags/DagScraper.py
[2026-04-19T11:03:17.598+0000] {processor.py:840} INFO - DAG(s) 'dag_scraping_offres_emploi' retrieved from /opt/airflow/dags/DagScraper.py
[2026-04-19T11:03:17.706+0000] {logging_mixin.py:188} INFO - [2026-04-19T11:03:17.706+0000] {dag.py:3096} INFO - Sync 1 DAGs
[2026-04-19T11:03:17.755+0000] {logging_mixin.py:188} INFO - [2026-04-19T11:03:17.754+0000] {dag.py:3954} INFO - Setting next_dagrun for dag_scraping_offres_emploi to 2026-04-19 00:00:00+00:00, run_after=2026-04-19 06:00:00+00:00
[2026-04-19T11:03:17.805+0000] {processor.py:183} INFO - Processing /opt/airflow/dags/DagScraper.py took 0.327 seconds
[2026-04-19T11:03:48.749+0000] {processor.py:161} INFO - Started process (PID=37978) to work on /opt/airflow/dags/DagScraper.py
[2026-04-19T11:03:48.752+0000] {processor.py:830} INFO - Processing file /opt/airflow/dags/DagScraper.py for tasks to queue
[2026-04-19T11:03:48.755+0000] {logging_mixin.py:188} INFO - [2026-04-19T11:03:48.754+0000] {dagbag.py:545} INFO - Filling up the DagBag from /opt/airflow/dags/DagScraper.py
[2026-04-19T11:03:48.798+0000] {processor.py:840} INFO - DAG(s) 'dag_scraping_offres_emploi' retrieved from /opt/airflow/dags/DagScraper.py
[2026-04-19T11:03:48.891+0000] {logging_mixin.py:188} INFO - [2026-04-19T11:03:48.890+0000] {dag.py:3096} INFO - Sync 1 DAGs
[2026-04-19T11:03:48.955+0000] {logging_mixin.py:188} INFO - [2026-04-19T11:03:48.955+0000] {dag.py:3954} INFO - Setting next_dagrun for dag_scraping_offres_emploi to 2026-04-19 00:00:00+00:00, run_after=2026-04-19 06:00:00+00:00
[2026-04-19T11:03:49.002+0000] {processor.py:183} INFO - Processing /opt/airflow/dags/DagScraper.py took 0.269 seconds
[2026-04-19T11:04:19.240+0000] {processor.py:161} INFO - Started process (PID=37987) to work on /opt/airflow/dags/DagScraper.py
[2026-04-19T11:04:19.242+0000] {processor.py:830} INFO - Processing file /opt/airflow/dags/DagScraper.py for tasks to queue
[2026-04-19T11:04:19.253+0000] {logging_mixin.py:188} INFO - [2026-04-19T11:04:19.252+0000] {dagbag.py:545} INFO - Filling up the DagBag from /opt/airflow/dags/DagScraper.py
[2026-04-19T11:04:19.331+0000] {processor.py:840} INFO - DAG(s) 'dag_scraping_offres_emploi' retrieved from /opt/airflow/dags/DagScraper.py
[2026-04-19T11:04:19.552+0000] {logging_mixin.py:188} INFO - [2026-04-19T11:04:19.551+0000] {dag.py:3096} INFO - Sync 1 DAGs
[2026-04-19T11:04:19.625+0000] {logging_mixin.py:188} INFO - [2026-04-19T11:04:19.624+0000] {dag.py:3954} INFO - Setting next_dagrun for dag_scraping_offres_emploi to 2026-04-19 00:00:00+00:00, run_after=2026-04-19 06:00:00+00:00
[2026-04-19T11:04:19.687+0000] {processor.py:183} INFO - Processing /opt/airflow/dags/DagScraper.py took 0.467 seconds
[2026-04-19T11:04:50.355+0000] {processor.py:161} INFO - Started process (PID=38002) to work on /opt/airflow/dags/DagScraper.py
[2026-04-19T11:04:50.357+0000] {processor.py:830} INFO - Processing file /opt/airflow/dags/DagScraper.py for tasks to queue
[2026-04-19T11:04:50.361+0000] {logging_mixin.py:188} INFO - [2026-04-19T11:04:50.360+0000] {dagbag.py:545} INFO - Filling up the DagBag from /opt/airflow/dags/DagScraper.py
[2026-04-19T11:04:50.413+0000] {processor.py:840} INFO - DAG(s) 'dag_scraping_offres_emploi' retrieved from /opt/airflow/dags/DagScraper.py
[2026-04-19T11:04:50.496+0000] {logging_mixin.py:188} INFO - [2026-04-19T11:04:50.495+0000] {dag.py:3096} INFO - Sync 1 DAGs
[2026-04-19T11:04:50.550+0000] {logging_mixin.py:188} INFO - [2026-04-19T11:04:50.549+0000] {dag.py:3954} INFO - Setting next_dagrun for dag_scraping_offres_emploi to 2026-04-19 00:00:00+00:00, run_after=2026-04-19 06:00:00+00:00
[2026-04-19T11:04:50.632+0000] {processor.py:183} INFO - Processing /opt/airflow/dags/DagScraper.py took 0.294 seconds
[2026-04-19T11:05:21.375+0000] {processor.py:161} INFO - Started process (PID=38010) to work on /opt/airflow/dags/DagScraper.py
[2026-04-19T11:05:21.379+0000] {processor.py:830} INFO - Processing file /opt/airflow/dags/DagScraper.py for tasks to queue
[2026-04-19T11:05:21.388+0000] {logging_mixin.py:188} INFO - [2026-04-19T11:05:21.387+0000] {dagbag.py:545} INFO - Filling up the DagBag from /opt/airflow/dags/DagScraper.py
[2026-04-19T11:05:21.428+0000] {processor.py:840} INFO - DAG(s) 'dag_scraping_offres_emploi' retrieved from /opt/airflow/dags/DagScraper.py
[2026-04-19T11:05:21.494+0000] {logging_mixin.py:188} INFO - [2026-04-19T11:05:21.493+0000] {dag.py:3096} INFO - Sync 1 DAGs
[2026-04-19T11:05:21.538+0000] {logging_mixin.py:188} INFO - [2026-04-19T11:05:21.537+0000] {dag.py:3954} INFO - Setting next_dagrun for dag_scraping_offres_emploi to 2026-04-19 00:00:00+00:00, run_after=2026-04-19 06:00:00+00:00
[2026-04-19T11:05:21.586+0000] {processor.py:183} INFO - Processing /opt/airflow/dags/DagScraper.py took 0.271 seconds
[2026-04-19T11:05:52.346+0000] {processor.py:161} INFO - Started process (PID=38024) to work on /opt/airflow/dags/DagScraper.py
[2026-04-19T11:05:52.349+0000] {processor.py:830} INFO - Processing file /opt/airflow/dags/DagScraper.py for tasks to queue
[2026-04-19T11:05:52.355+0000] {logging_mixin.py:188} INFO - [2026-04-19T11:05:52.354+0000] {dagbag.py:545} INFO - Filling up the DagBag from /opt/airflow/dags/DagScraper.py
[2026-04-19T11:05:52.411+0000] {processor.py:840} INFO - DAG(s) 'dag_scraping_offres_emploi' retrieved from /opt/airflow/dags/DagScraper.py
[2026-04-19T11:05:52.500+0000] {logging_mixin.py:188} INFO - [2026-04-19T11:05:52.499+0000] {dag.py:3096} INFO - Sync 1 DAGs
[2026-04-19T11:05:52.551+0000] {logging_mixin.py:188} INFO - [2026-04-19T11:05:52.551+0000] {dag.py:3954} INFO - Setting next_dagrun for dag_scraping_offres_emploi to 2026-04-19 00:00:00+00:00, run_after=2026-04-19 06:00:00+00:00
[2026-04-19T11:05:52.591+0000] {processor.py:183} INFO - Processing /opt/airflow/dags/DagScraper.py took 0.293 seconds
[2026-04-19T11:06:23.231+0000] {processor.py:161} INFO - Started process (PID=38032) to work on /opt/airflow/dags/DagScraper.py
[2026-04-19T11:06:23.233+0000] {processor.py:830} INFO - Processing file /opt/airflow/dags/DagScraper.py for tasks to queue
[2026-04-19T11:06:23.247+0000] {logging_mixin.py:188} INFO - [2026-04-19T11:06:23.246+0000] {dagbag.py:545} INFO - Filling up the DagBag from /opt/airflow/dags/DagScraper.py
[2026-04-19T11:06:23.334+0000] {processor.py:840} INFO - DAG(s) 'dag_scraping_offres_emploi' retrieved from /opt/airflow/dags/DagScraper.py
[2026-04-19T11:06:23.503+0000] {logging_mixin.py:188} INFO - [2026-04-19T11:06:23.503+0000] {dag.py:3096} INFO - Sync 1 DAGs
[2026-04-19T11:06:23.555+0000] {logging_mixin.py:188} INFO - [2026-04-19T11:06:23.554+0000] {dag.py:3954} INFO - Setting next_dagrun for dag_scraping_offres_emploi to 2026-04-19 00:00:00+00:00, run_after=2026-04-19 06:00:00+00:00
[2026-04-19T11:06:23.613+0000] {processor.py:183} INFO - Processing /opt/airflow/dags/DagScraper.py took 0.405 seconds
[2026-04-19T11:06:54.127+0000] {processor.py:161} INFO - Started process (PID=38046) to work on /opt/airflow/dags/DagScraper.py
[2026-04-19T11:06:54.133+0000] {processor.py:830} INFO - Processing file /opt/airflow/dags/DagScraper.py for tasks to queue
[2026-04-19T11:06:54.139+0000] {logging_mixin.py:188} INFO - [2026-04-19T11:06:54.138+0000] {dagbag.py:545} INFO - Filling up the DagBag from /opt/airflow/dags/DagScraper.py
[2026-04-19T11:06:54.183+0000] {processor.py:840} INFO - DAG(s) 'dag_scraping_offres_emploi' retrieved from /opt/airflow/dags/DagScraper.py
[2026-04-19T11:06:54.255+0000] {logging_mixin.py:188} INFO - [2026-04-19T11:06:54.255+0000] {dag.py:3096} INFO - Sync 1 DAGs
[2026-04-19T11:06:54.305+0000] {logging_mixin.py:188} INFO - [2026-04-19T11:06:54.304+0000] {dag.py:3954} INFO - Setting next_dagrun for dag_scraping_offres_emploi to 2026-04-19 00:00:00+00:00, run_after=2026-04-19 06:00:00+00:00
[2026-04-19T11:06:54.370+0000] {processor.py:183} INFO - Processing /opt/airflow/dags/DagScraper.py took 0.276 seconds
[2026-04-19T11:07:25.217+0000] {processor.py:161} INFO - Started process (PID=38053) to work on /opt/airflow/dags/DagScraper.py
[2026-04-19T11:07:25.223+0000] {processor.py:830} INFO - Processing file /opt/airflow/dags/DagScraper.py for tasks to queue
[2026-04-19T11:07:25.230+0000] {logging_mixin.py:188} INFO - [2026-04-19T11:07:25.229+0000] {dagbag.py:545} INFO - Filling up the DagBag from /opt/airflow/dags/DagScraper.py
[2026-04-19T11:07:25.289+0000] {processor.py:840} INFO - DAG(s) 'dag_scraping_offres_emploi' retrieved from /opt/airflow/dags/DagScraper.py
[2026-04-19T11:07:25.407+0000] {logging_mixin.py:188} INFO - [2026-04-19T11:07:25.406+0000] {dag.py:3096} INFO - Sync 1 DAGs
[2026-04-19T11:07:25.506+0000] {logging_mixin.py:188} INFO - [2026-04-19T11:07:25.506+0000] {dag.py:3954} INFO - Setting next_dagrun for dag_scraping_offres_emploi to 2026-04-19 00:00:00+00:00, run_after=2026-04-19 06:00:00+00:00
[2026-04-19T11:07:25.605+0000] {processor.py:183} INFO - Processing /opt/airflow/dags/DagScraper.py took 0.410 seconds
[2026-04-19T11:07:56.677+0000] {processor.py:161} INFO - Started process (PID=38067) to work on /opt/airflow/dags/DagScraper.py
[2026-04-19T11:07:56.680+0000] {processor.py:830} INFO - Processing file /opt/airflow/dags/DagScraper.py for tasks to queue
[2026-04-19T11:07:56.685+0000] {logging_mixin.py:188} INFO - [2026-04-19T11:07:56.684+0000] {dagbag.py:545} INFO - Filling up the DagBag from /opt/airflow/dags/DagScraper.py
[2026-04-19T11:07:56.800+0000] {processor.py:840} INFO - DAG(s) 'dag_scraping_offres_emploi' retrieved from /opt/airflow/dags/DagScraper.py
[2026-04-19T11:07:56.906+0000] {logging_mixin.py:188} INFO - [2026-04-19T11:07:56.906+0000] {dag.py:3096} INFO - Sync 1 DAGs
[2026-04-19T11:07:57.002+0000] {logging_mixin.py:188} INFO - [2026-04-19T11:07:57.001+0000] {dag.py:3954} INFO - Setting next_dagrun for dag_scraping_offres_emploi to 2026-04-19 00:00:00+00:00, run_after=2026-04-19 06:00:00+00:00
[2026-04-19T11:07:57.200+0000] {processor.py:183} INFO - Processing /opt/airflow/dags/DagScraper.py took 0.559 seconds
[2026-04-19T11:08:28.062+0000] {processor.py:161} INFO - Started process (PID=38075) to work on /opt/airflow/dags/DagScraper.py
[2026-04-19T11:08:28.065+0000] {processor.py:830} INFO - Processing file /opt/airflow/dags/DagScraper.py for tasks to queue
[2026-04-19T11:08:28.070+0000] {logging_mixin.py:188} INFO - [2026-04-19T11:08:28.069+0000] {dagbag.py:545} INFO - Filling up the DagBag from /opt/airflow/dags/DagScraper.py
[2026-04-19T11:08:28.118+0000] {processor.py:840} INFO - DAG(s) 'dag_scraping_offres_emploi' retrieved from /opt/airflow/dags/DagScraper.py
[2026-04-19T11:08:28.209+0000] {logging_mixin.py:188} INFO - [2026-04-19T11:08:28.208+0000] {dag.py:3096} INFO - Sync 1 DAGs
[2026-04-19T11:08:28.307+0000] {logging_mixin.py:188} INFO - [2026-04-19T11:08:28.306+0000] {dag.py:3954} INFO - Setting next_dagrun for dag_scraping_offres_emploi to 2026-04-19 00:00:00+00:00, run_after=2026-04-19 06:00:00+00:00
[2026-04-19T11:08:28.373+0000] {processor.py:183} INFO - Processing /opt/airflow/dags/DagScraper.py took 0.342 seconds
[2026-04-19T11:08:59.150+0000] {processor.py:161} INFO - Started process (PID=38091) to work on /opt/airflow/dags/DagScraper.py
[2026-04-19T11:08:59.153+0000] {processor.py:830} INFO - Processing file /opt/airflow/dags/DagScraper.py for tasks to queue
[2026-04-19T11:08:59.157+0000] {logging_mixin.py:188} INFO - [2026-04-19T11:08:59.157+0000] {dagbag.py:545} INFO - Filling up the DagBag from /opt/airflow/dags/DagScraper.py
[2026-04-19T11:08:59.208+0000] {processor.py:840} INFO - DAG(s) 'dag_scraping_offres_emploi' retrieved from /opt/airflow/dags/DagScraper.py
[2026-04-19T11:08:59.420+0000] {logging_mixin.py:188} INFO - [2026-04-19T11:08:59.419+0000] {dag.py:3096} INFO - Sync 1 DAGs
[2026-04-19T11:08:59.577+0000] {logging_mixin.py:188} INFO - [2026-04-19T11:08:59.575+0000] {dag.py:3954} INFO - Setting next_dagrun for dag_scraping_offres_emploi to 2026-04-19 00:00:00+00:00, run_after=2026-04-19 06:00:00+00:00
[2026-04-19T11:08:59.664+0000] {processor.py:183} INFO - Processing /opt/airflow/dags/DagScraper.py took 0.543 seconds
[2026-04-19T11:09:30.191+0000] {processor.py:161} INFO - Started process (PID=38099) to work on /opt/airflow/dags/DagScraper.py
[2026-04-19T11:09:30.232+0000] {processor.py:830} INFO - Processing file /opt/airflow/dags/DagScraper.py for tasks to queue
[2026-04-19T11:09:30.254+0000] {logging_mixin.py:188} INFO - [2026-04-19T11:09:30.253+0000] {dagbag.py:545} INFO - Filling up the DagBag from /opt/airflow/dags/DagScraper.py
[2026-04-19T11:09:30.376+0000] {processor.py:840} INFO - DAG(s) 'dag_scraping_offres_emploi' retrieved from /opt/airflow/dags/DagScraper.py
[2026-04-19T11:09:30.516+0000] {logging_mixin.py:188} INFO - [2026-04-19T11:09:30.515+0000] {dag.py:3096} INFO - Sync 1 DAGs
[2026-04-19T11:09:30.566+0000] {logging_mixin.py:188} INFO - [2026-04-19T11:09:30.565+0000] {dag.py:3954} INFO - Setting next_dagrun for dag_scraping_offres_emploi to 2026-04-19 00:00:00+00:00, run_after=2026-04-19 06:00:00+00:00
[2026-04-19T11:09:30.614+0000] {processor.py:183} INFO - Processing /opt/airflow/dags/DagScraper.py took 0.463 seconds
[2026-04-19T11:10:01.551+0000] {processor.py:161} INFO - Started process (PID=38113) to work on /opt/airflow/dags/DagScraper.py
[2026-04-19T11:10:01.554+0000] {processor.py:830} INFO - Processing file /opt/airflow/dags/DagScraper.py for tasks to queue
[2026-04-19T11:10:01.564+0000] {logging_mixin.py:188} INFO - [2026-04-19T11:10:01.563+0000] {dagbag.py:545} INFO - Filling up the DagBag from /opt/airflow/dags/DagScraper.py
[2026-04-19T11:10:01.655+0000] {processor.py:840} INFO - DAG(s) 'dag_scraping_offres_emploi' retrieved from /opt/airflow/dags/DagScraper.py
[2026-04-19T11:10:01.833+0000] {logging_mixin.py:188} INFO - [2026-04-19T11:10:01.832+0000] {dag.py:3096} INFO - Sync 1 DAGs
[2026-04-19T11:10:01.976+0000] {logging_mixin.py:188} INFO - [2026-04-19T11:10:01.976+0000] {dag.py:3954} INFO - Setting next_dagrun for dag_scraping_offres_emploi to 2026-04-19 00:00:00+00:00, run_after=2026-04-19 06:00:00+00:00
[2026-04-19T11:10:02.064+0000] {processor.py:183} INFO - Processing /opt/airflow/dags/DagScraper.py took 0.548 seconds
[2026-04-19T11:10:32.758+0000] {processor.py:161} INFO - Started process (PID=38127) to work on /opt/airflow/dags/DagScraper.py
[2026-04-19T11:10:32.762+0000] {processor.py:830} INFO - Processing file /opt/airflow/dags/DagScraper.py for tasks to queue
[2026-04-19T11:10:32.767+0000] {logging_mixin.py:188} INFO - [2026-04-19T11:10:32.766+0000] {dagbag.py:545} INFO - Filling up the DagBag from /opt/airflow/dags/DagScraper.py
[2026-04-19T11:10:32.818+0000] {processor.py:840} INFO - DAG(s) 'dag_scraping_offres_emploi' retrieved from /opt/airflow/dags/DagScraper.py
[2026-04-19T11:10:32.894+0000] {logging_mixin.py:188} INFO - [2026-04-19T11:10:32.893+0000] {dag.py:3096} INFO - Sync 1 DAGs
[2026-04-19T11:10:32.963+0000] {logging_mixin.py:188} INFO - [2026-04-19T11:10:32.962+0000] {dag.py:3954} INFO - Setting next_dagrun for dag_scraping_offres_emploi to 2026-04-19 00:00:00+00:00, run_after=2026-04-19 06:00:00+00:00
[2026-04-19T11:10:33.036+0000] {processor.py:183} INFO - Processing /opt/airflow/dags/DagScraper.py took 0.299 seconds
[2026-04-19T11:11:04.697+0000] {processor.py:161} INFO - Started process (PID=38135) to work on /opt/airflow/dags/DagScraper.py
[2026-04-19T11:11:04.701+0000] {processor.py:830} INFO - Processing file /opt/airflow/dags/DagScraper.py for tasks to queue
[2026-04-19T11:11:04.706+0000] {logging_mixin.py:188} INFO - [2026-04-19T11:11:04.705+0000] {dagbag.py:545} INFO - Filling up the DagBag from /opt/airflow/dags/DagScraper.py
[2026-04-19T11:11:04.893+0000] {processor.py:840} INFO - DAG(s) 'dag_scraping_offres_emploi' retrieved from /opt/airflow/dags/DagScraper.py
[2026-04-19T11:11:05.346+0000] {logging_mixin.py:188} INFO - [2026-04-19T11:11:05.345+0000] {dag.py:3096} INFO - Sync 1 DAGs
[2026-04-19T11:11:05.589+0000] {logging_mixin.py:188} INFO - [2026-04-19T11:11:05.578+0000] {dag.py:3954} INFO - Setting next_dagrun for dag_scraping_offres_emploi to 2026-04-19 00:00:00+00:00, run_after=2026-04-19 06:00:00+00:00
[2026-04-19T11:11:05.814+0000] {processor.py:183} INFO - Processing /opt/airflow/dags/DagScraper.py took 1.159 seconds
[2026-04-19T11:11:37.123+0000] {processor.py:161} INFO - Started process (PID=38149) to work on /opt/airflow/dags/DagScraper.py
[2026-04-19T11:11:37.240+0000] {processor.py:830} INFO - Processing file /opt/airflow/dags/DagScraper.py for tasks to queue
[2026-04-19T11:11:37.253+0000] {logging_mixin.py:188} INFO - [2026-04-19T11:11:37.252+0000] {dagbag.py:545} INFO - Filling up the DagBag from /opt/airflow/dags/DagScraper.py
[2026-04-19T11:11:37.586+0000] {processor.py:840} INFO - DAG(s) 'dag_scraping_offres_emploi' retrieved from /opt/airflow/dags/DagScraper.py
[2026-04-19T11:11:37.753+0000] {logging_mixin.py:188} INFO - [2026-04-19T11:11:37.752+0000] {dag.py:3096} INFO - Sync 1 DAGs
[2026-04-19T11:11:37.846+0000] {logging_mixin.py:188} INFO - [2026-04-19T11:11:37.845+0000] {dag.py:3954} INFO - Setting next_dagrun for dag_scraping_offres_emploi to 2026-04-19 00:00:00+00:00, run_after=2026-04-19 06:00:00+00:00
[2026-04-19T11:11:37.906+0000] {processor.py:183} INFO - Processing /opt/airflow/dags/DagScraper.py took 0.864 seconds
[2026-04-19T11:12:08.695+0000] {processor.py:161} INFO - Started process (PID=38157) to work on /opt/airflow/dags/DagScraper.py
[2026-04-19T11:12:08.708+0000] {processor.py:830} INFO - Processing file /opt/airflow/dags/DagScraper.py for tasks to queue
[2026-04-19T11:12:08.721+0000] {logging_mixin.py:188} INFO - [2026-04-19T11:12:08.720+0000] {dagbag.py:545} INFO - Filling up the DagBag from /opt/airflow/dags/DagScraper.py
[2026-04-19T11:12:08.868+0000] {processor.py:840} INFO - DAG(s) 'dag_scraping_offres_emploi' retrieved from /opt/airflow/dags/DagScraper.py
[2026-04-19T11:12:09.096+0000] {logging_mixin.py:188} INFO - [2026-04-19T11:12:09.096+0000] {dag.py:3096} INFO - Sync 1 DAGs
[2026-04-19T11:12:09.203+0000] {logging_mixin.py:188} INFO - [2026-04-19T11:12:09.202+0000] {dag.py:3954} INFO - Setting next_dagrun for dag_scraping_offres_emploi to 2026-04-19 00:00:00+00:00, run_after=2026-04-19 06:00:00+00:00
[2026-04-19T11:12:09.352+0000] {processor.py:183} INFO - Processing /opt/airflow/dags/DagScraper.py took 0.688 seconds
[2026-04-19T11:12:39.928+0000] {processor.py:161} INFO - Started process (PID=38172) to work on /opt/airflow/dags/DagScraper.py
[2026-04-19T11:12:39.931+0000] {processor.py:830} INFO - Processing file /opt/airflow/dags/DagScraper.py for tasks to queue
[2026-04-19T11:12:39.943+0000] {logging_mixin.py:188} INFO - [2026-04-19T11:12:39.942+0000] {dagbag.py:545} INFO - Filling up the DagBag from /opt/airflow/dags/DagScraper.py
[2026-04-19T11:12:40.035+0000] {processor.py:840} INFO - DAG(s) 'dag_scraping_offres_emploi' retrieved from /opt/airflow/dags/DagScraper.py
[2026-04-19T11:12:40.245+0000] {logging_mixin.py:188} INFO - [2026-04-19T11:12:40.244+0000] {dag.py:3096} INFO - Sync 1 DAGs
[2026-04-19T11:12:40.341+0000] {logging_mixin.py:188} INFO - [2026-04-19T11:12:40.341+0000] {dag.py:3954} INFO - Setting next_dagrun for dag_scraping_offres_emploi to 2026-04-19 00:00:00+00:00, run_after=2026-04-19 06:00:00+00:00
[2026-04-19T11:12:40.394+0000] {processor.py:183} INFO - Processing /opt/airflow/dags/DagScraper.py took 0.486 seconds
[2026-04-19T11:13:11.490+0000] {processor.py:161} INFO - Started process (PID=38180) to work on /opt/airflow/dags/DagScraper.py
[2026-04-19T11:13:11.492+0000] {processor.py:830} INFO - Processing file /opt/airflow/dags/DagScraper.py for tasks to queue
[2026-04-19T11:13:11.512+0000] {logging_mixin.py:188} INFO - [2026-04-19T11:13:11.502+0000] {dagbag.py:545} INFO - Filling up the DagBag from /opt/airflow/dags/DagScraper.py
[2026-04-19T11:13:11.584+0000] {processor.py:840} INFO - DAG(s) 'dag_scraping_offres_emploi' retrieved from /opt/airflow/dags/DagScraper.py
[2026-04-19T11:13:11.698+0000] {logging_mixin.py:188} INFO - [2026-04-19T11:13:11.697+0000] {dag.py:3096} INFO - Sync 1 DAGs
[2026-04-19T11:13:11.852+0000] {logging_mixin.py:188} INFO - [2026-04-19T11:13:11.851+0000] {dag.py:3954} INFO - Setting next_dagrun for dag_scraping_offres_emploi to 2026-04-19 00:00:00+00:00, run_after=2026-04-19 06:00:00+00:00
[2026-04-19T11:13:11.935+0000] {processor.py:183} INFO - Processing /opt/airflow/dags/DagScraper.py took 0.474 seconds
[2026-04-19T11:13:42.459+0000] {processor.py:161} INFO - Started process (PID=38194) to work on /opt/airflow/dags/DagScraper.py
[2026-04-19T11:13:42.461+0000] {processor.py:830} INFO - Processing file /opt/airflow/dags/DagScraper.py for tasks to queue
[2026-04-19T11:13:42.466+0000] {logging_mixin.py:188} INFO - [2026-04-19T11:13:42.465+0000] {dagbag.py:545} INFO - Filling up the DagBag from /opt/airflow/dags/DagScraper.py
[2026-04-19T11:13:42.514+0000] {processor.py:840} INFO - DAG(s) 'dag_scraping_offres_emploi' retrieved from /opt/airflow/dags/DagScraper.py
[2026-04-19T11:13:42.612+0000] {logging_mixin.py:188} INFO - [2026-04-19T11:13:42.611+0000] {dag.py:3096} INFO - Sync 1 DAGs
[2026-04-19T11:13:42.724+0000] {logging_mixin.py:188} INFO - [2026-04-19T11:13:42.722+0000] {dag.py:3954} INFO - Setting next_dagrun for dag_scraping_offres_emploi to 2026-04-19 00:00:00+00:00, run_after=2026-04-19 06:00:00+00:00
[2026-04-19T11:13:42.780+0000] {processor.py:183} INFO - Processing /opt/airflow/dags/DagScraper.py took 0.344 seconds
[2026-04-19T11:14:13.863+0000] {processor.py:161} INFO - Started process (PID=38209) to work on /opt/airflow/dags/DagScraper.py
[2026-04-19T11:14:13.868+0000] {processor.py:830} INFO - Processing file /opt/airflow/dags/DagScraper.py for tasks to queue
[2026-04-19T11:14:13.894+0000] {logging_mixin.py:188} INFO - [2026-04-19T11:14:13.886+0000] {dagbag.py:545} INFO - Filling up the DagBag from /opt/airflow/dags/DagScraper.py
[2026-04-19T11:14:14.042+0000] {processor.py:840} INFO - DAG(s) 'dag_scraping_offres_emploi' retrieved from /opt/airflow/dags/DagScraper.py
[2026-04-19T11:14:14.266+0000] {logging_mixin.py:188} INFO - [2026-04-19T11:14:14.259+0000] {dag.py:3096} INFO - Sync 1 DAGs
[2026-04-19T11:14:14.460+0000] {logging_mixin.py:188} INFO - [2026-04-19T11:14:14.458+0000] {dag.py:3954} INFO - Setting next_dagrun for dag_scraping_offres_emploi to 2026-04-19 00:00:00+00:00, run_after=2026-04-19 06:00:00+00:00
[2026-04-19T11:14:14.521+0000] {processor.py:183} INFO - Processing /opt/airflow/dags/DagScraper.py took 0.711 seconds
[2026-04-19T11:14:45.684+0000] {processor.py:161} INFO - Started process (PID=38217) to work on /opt/airflow/dags/DagScraper.py
[2026-04-19T11:14:45.688+0000] {processor.py:830} INFO - Processing file /opt/airflow/dags/DagScraper.py for tasks to queue
[2026-04-19T11:14:45.705+0000] {logging_mixin.py:188} INFO - [2026-04-19T11:14:45.704+0000] {dagbag.py:545} INFO - Filling up the DagBag from /opt/airflow/dags/DagScraper.py
[2026-04-19T11:14:45.932+0000] {processor.py:840} INFO - DAG(s) 'dag_scraping_offres_emploi' retrieved from /opt/airflow/dags/DagScraper.py
[2026-04-19T11:14:46.436+0000] {logging_mixin.py:188} INFO - [2026-04-19T11:14:46.435+0000] {dag.py:3096} INFO - Sync 1 DAGs
[2026-04-19T11:14:46.693+0000] {logging_mixin.py:188} INFO - [2026-04-19T11:14:46.685+0000] {dag.py:3954} INFO - Setting next_dagrun for dag_scraping_offres_emploi to 2026-04-19 00:00:00+00:00, run_after=2026-04-19 06:00:00+00:00
[2026-04-19T11:14:46.796+0000] {processor.py:183} INFO - Processing /opt/airflow/dags/DagScraper.py took 1.140 seconds
[2026-04-19T11:15:16.977+0000] {processor.py:161} INFO - Started process (PID=38231) to work on /opt/airflow/dags/DagScraper.py
[2026-04-19T11:15:16.980+0000] {processor.py:830} INFO - Processing file /opt/airflow/dags/DagScraper.py for tasks to queue
[2026-04-19T11:15:16.987+0000] {logging_mixin.py:188} INFO - [2026-04-19T11:15:16.986+0000] {dagbag.py:545} INFO - Filling up the DagBag from /opt/airflow/dags/DagScraper.py
[2026-04-19T11:15:17.057+0000] {processor.py:840} INFO - DAG(s) 'dag_scraping_offres_emploi' retrieved from /opt/airflow/dags/DagScraper.py
[2026-04-19T11:15:17.231+0000] {logging_mixin.py:188} INFO - [2026-04-19T11:15:17.230+0000] {dag.py:3096} INFO - Sync 1 DAGs
[2026-04-19T11:15:17.310+0000] {logging_mixin.py:188} INFO - [2026-04-19T11:15:17.310+0000] {dag.py:3954} INFO - Setting next_dagrun for dag_scraping_offres_emploi to 2026-04-19 00:00:00+00:00, run_after=2026-04-19 06:00:00+00:00
[2026-04-19T11:15:17.361+0000] {processor.py:183} INFO - Processing /opt/airflow/dags/DagScraper.py took 0.407 seconds
[2026-04-19T11:15:48.015+0000] {processor.py:161} INFO - Started process (PID=38239) to work on /opt/airflow/dags/DagScraper.py
[2026-04-19T11:15:48.017+0000] {processor.py:830} INFO - Processing file /opt/airflow/dags/DagScraper.py for tasks to queue
[2026-04-19T11:15:48.021+0000] {logging_mixin.py:188} INFO - [2026-04-19T11:15:48.021+0000] {dagbag.py:545} INFO - Filling up the DagBag from /opt/airflow/dags/DagScraper.py
[2026-04-19T11:15:48.075+0000] {processor.py:840} INFO - DAG(s) 'dag_scraping_offres_emploi' retrieved from /opt/airflow/dags/DagScraper.py
[2026-04-19T11:15:48.164+0000] {logging_mixin.py:188} INFO - [2026-04-19T11:15:48.164+0000] {dag.py:3096} INFO - Sync 1 DAGs
[2026-04-19T11:15:48.256+0000] {logging_mixin.py:188} INFO - [2026-04-19T11:15:48.255+0000] {dag.py:3954} INFO - Setting next_dagrun for dag_scraping_offres_emploi to 2026-04-19 00:00:00+00:00, run_after=2026-04-19 06:00:00+00:00
[2026-04-19T11:15:48.358+0000] {processor.py:183} INFO - Processing /opt/airflow/dags/DagScraper.py took 0.359 seconds
[2026-04-19T11:16:18.681+0000] {processor.py:161} INFO - Started process (PID=38253) to work on /opt/airflow/dags/DagScraper.py
[2026-04-19T11:16:18.686+0000] {processor.py:830} INFO - Processing file /opt/airflow/dags/DagScraper.py for tasks to queue
[2026-04-19T11:16:18.702+0000] {logging_mixin.py:188} INFO - [2026-04-19T11:16:18.702+0000] {dagbag.py:545} INFO - Filling up the DagBag from /opt/airflow/dags/DagScraper.py
[2026-04-19T11:16:18.801+0000] {processor.py:840} INFO - DAG(s) 'dag_scraping_offres_emploi' retrieved from /opt/airflow/dags/DagScraper.py
[2026-04-19T11:16:18.968+0000] {logging_mixin.py:188} INFO - [2026-04-19T11:16:18.968+0000] {dag.py:3096} INFO - Sync 1 DAGs
[2026-04-19T11:16:19.042+0000] {logging_mixin.py:188} INFO - [2026-04-19T11:16:19.042+0000] {dag.py:3954} INFO - Setting next_dagrun for dag_scraping_offres_emploi to 2026-04-19 00:00:00+00:00, run_after=2026-04-19 06:00:00+00:00
[2026-04-19T11:16:19.133+0000] {processor.py:183} INFO - Processing /opt/airflow/dags/DagScraper.py took 0.488 seconds
[2026-04-19T11:16:49.777+0000] {processor.py:161} INFO - Started process (PID=38261) to work on /opt/airflow/dags/DagScraper.py
[2026-04-19T11:16:49.778+0000] {processor.py:830} INFO - Processing file /opt/airflow/dags/DagScraper.py for tasks to queue
[2026-04-19T11:16:49.782+0000] {logging_mixin.py:188} INFO - [2026-04-19T11:16:49.782+0000] {dagbag.py:545} INFO - Filling up the DagBag from /opt/airflow/dags/DagScraper.py
[2026-04-19T11:16:49.828+0000] {processor.py:840} INFO - DAG(s) 'dag_scraping_offres_emploi' retrieved from /opt/airflow/dags/DagScraper.py
[2026-04-19T11:16:49.959+0000] {logging_mixin.py:188} INFO - [2026-04-19T11:16:49.958+0000] {dag.py:3096} INFO - Sync 1 DAGs
[2026-04-19T11:16:50.048+0000] {logging_mixin.py:188} INFO - [2026-04-19T11:16:50.048+0000] {dag.py:3954} INFO - Setting next_dagrun for dag_scraping_offres_emploi to 2026-04-19 00:00:00+00:00, run_after=2026-04-19 06:00:00+00:00
[2026-04-19T11:16:50.095+0000] {processor.py:183} INFO - Processing /opt/airflow/dags/DagScraper.py took 0.333 seconds
[2026-04-19T11:17:20.618+0000] {processor.py:161} INFO - Started process (PID=38277) to work on /opt/airflow/dags/DagScraper.py
[2026-04-19T11:17:20.621+0000] {processor.py:830} INFO - Processing file /opt/airflow/dags/DagScraper.py for tasks to queue
[2026-04-19T11:17:20.626+0000] {logging_mixin.py:188} INFO - [2026-04-19T11:17:20.624+0000] {dagbag.py:545} INFO - Filling up the DagBag from /opt/airflow/dags/DagScraper.py
[2026-04-19T11:17:20.687+0000] {processor.py:840} INFO - DAG(s) 'dag_scraping_offres_emploi' retrieved from /opt/airflow/dags/DagScraper.py
[2026-04-19T11:17:20.762+0000] {logging_mixin.py:188} INFO - [2026-04-19T11:17:20.761+0000] {dag.py:3096} INFO - Sync 1 DAGs
[2026-04-19T11:17:20.814+0000] {logging_mixin.py:188} INFO - [2026-04-19T11:17:20.813+0000] {dag.py:3954} INFO - Setting next_dagrun for dag_scraping_offres_emploi to 2026-04-19 00:00:00+00:00, run_after=2026-04-19 06:00:00+00:00
[2026-04-19T11:17:20.853+0000] {processor.py:183} INFO - Processing /opt/airflow/dags/DagScraper.py took 0.258 seconds
[2026-04-19T11:17:51.735+0000] {processor.py:161} INFO - Started process (PID=38285) to work on /opt/airflow/dags/DagScraper.py
[2026-04-19T11:17:51.737+0000] {processor.py:830} INFO - Processing file /opt/airflow/dags/DagScraper.py for tasks to queue
[2026-04-19T11:17:51.749+0000] {logging_mixin.py:188} INFO - [2026-04-19T11:17:51.748+0000] {dagbag.py:545} INFO - Filling up the DagBag from /opt/airflow/dags/DagScraper.py
[2026-04-19T11:17:51.862+0000] {processor.py:840} INFO - DAG(s) 'dag_scraping_offres_emploi' retrieved from /opt/airflow/dags/DagScraper.py
[2026-04-19T11:17:52.016+0000] {logging_mixin.py:188} INFO - [2026-04-19T11:17:52.015+0000] {dag.py:3096} INFO - Sync 1 DAGs
[2026-04-19T11:17:52.134+0000] {logging_mixin.py:188} INFO - [2026-04-19T11:17:52.133+0000] {dag.py:3954} INFO - Setting next_dagrun for dag_scraping_offres_emploi to 2026-04-19 00:00:00+00:00, run_after=2026-04-19 06:00:00+00:00
[2026-04-19T11:17:52.192+0000] {processor.py:183} INFO - Processing /opt/airflow/dags/DagScraper.py took 0.487 seconds
[2026-04-19T11:18:22.713+0000] {processor.py:161} INFO - Started process (PID=38298) to work on /opt/airflow/dags/DagScraper.py
[2026-04-19T11:18:22.715+0000] {processor.py:830} INFO - Processing file /opt/airflow/dags/DagScraper.py for tasks to queue
[2026-04-19T11:18:22.718+0000] {logging_mixin.py:188} INFO - [2026-04-19T11:18:22.717+0000] {dagbag.py:545} INFO - Filling up the DagBag from /opt/airflow/dags/DagScraper.py
[2026-04-19T11:18:22.789+0000] {processor.py:840} INFO - DAG(s) 'dag_scraping_offres_emploi' retrieved from /opt/airflow/dags/DagScraper.py
[2026-04-19T11:18:23.001+0000] {logging_mixin.py:188} INFO - [2026-04-19T11:18:23.000+0000] {dag.py:3096} INFO - Sync 1 DAGs
[2026-04-19T11:18:23.088+0000] {logging_mixin.py:188} INFO - [2026-04-19T11:18:23.087+0000] {dag.py:3954} INFO - Setting next_dagrun for dag_scraping_offres_emploi to 2026-04-19 00:00:00+00:00, run_after=2026-04-19 06:00:00+00:00
[2026-04-19T11:18:23.154+0000] {processor.py:183} INFO - Processing /opt/airflow/dags/DagScraper.py took 0.454 seconds
[2026-04-19T11:18:53.622+0000] {processor.py:161} INFO - Started process (PID=38307) to work on /opt/airflow/dags/DagScraper.py
[2026-04-19T11:18:53.632+0000] {processor.py:830} INFO - Processing file /opt/airflow/dags/DagScraper.py for tasks to queue
[2026-04-19T11:18:53.643+0000] {logging_mixin.py:188} INFO - [2026-04-19T11:18:53.642+0000] {dagbag.py:545} INFO - Filling up the DagBag from /opt/airflow/dags/DagScraper.py
[2026-04-19T11:18:53.736+0000] {processor.py:840} INFO - DAG(s) 'dag_scraping_offres_emploi' retrieved from /opt/airflow/dags/DagScraper.py
[2026-04-19T11:18:53.954+0000] {logging_mixin.py:188} INFO - [2026-04-19T11:18:53.953+0000] {dag.py:3096} INFO - Sync 1 DAGs
[2026-04-19T11:18:54.178+0000] {logging_mixin.py:188} INFO - [2026-04-19T11:18:54.178+0000] {dag.py:3954} INFO - Setting next_dagrun for dag_scraping_offres_emploi to 2026-04-19 00:00:00+00:00, run_after=2026-04-19 06:00:00+00:00
[2026-04-19T11:18:54.257+0000] {processor.py:183} INFO - Processing /opt/airflow/dags/DagScraper.py took 0.658 seconds
[2026-04-19T11:19:24.713+0000] {processor.py:161} INFO - Started process (PID=38321) to work on /opt/airflow/dags/DagScraper.py
[2026-04-19T11:19:24.715+0000] {processor.py:830} INFO - Processing file /opt/airflow/dags/DagScraper.py for tasks to queue
[2026-04-19T11:19:24.719+0000] {logging_mixin.py:188} INFO - [2026-04-19T11:19:24.718+0000] {dagbag.py:545} INFO - Filling up the DagBag from /opt/airflow/dags/DagScraper.py
[2026-04-19T11:19:24.771+0000] {processor.py:840} INFO - DAG(s) 'dag_scraping_offres_emploi' retrieved from /opt/airflow/dags/DagScraper.py
[2026-04-19T11:19:24.844+0000] {logging_mixin.py:188} INFO - [2026-04-19T11:19:24.843+0000] {dag.py:3096} INFO - Sync 1 DAGs
[2026-04-19T11:19:24.895+0000] {logging_mixin.py:188} INFO - [2026-04-19T11:19:24.894+0000] {dag.py:3954} INFO - Setting next_dagrun for dag_scraping_offres_emploi to 2026-04-19 00:00:00+00:00, run_after=2026-04-19 06:00:00+00:00
[2026-04-19T11:19:24.938+0000] {processor.py:183} INFO - Processing /opt/airflow/dags/DagScraper.py took 0.237 seconds
[2026-04-19T11:19:55.272+0000] {processor.py:161} INFO - Started process (PID=38328) to work on /opt/airflow/dags/DagScraper.py
[2026-04-19T11:19:55.274+0000] {processor.py:830} INFO - Processing file /opt/airflow/dags/DagScraper.py for tasks to queue
[2026-04-19T11:19:55.280+0000] {logging_mixin.py:188} INFO - [2026-04-19T11:19:55.279+0000] {dagbag.py:545} INFO - Filling up the DagBag from /opt/airflow/dags/DagScraper.py
[2026-04-19T11:19:55.332+0000] {processor.py:840} INFO - DAG(s) 'dag_scraping_offres_emploi' retrieved from /opt/airflow/dags/DagScraper.py
[2026-04-19T11:19:55.479+0000] {logging_mixin.py:188} INFO - [2026-04-19T11:19:55.478+0000] {dag.py:3096} INFO - Sync 1 DAGs
[2026-04-19T11:19:55.587+0000] {logging_mixin.py:188} INFO - [2026-04-19T11:19:55.586+0000] {dag.py:3954} INFO - Setting next_dagrun for dag_scraping_offres_emploi to 2026-04-19 00:00:00+00:00, run_after=2026-04-19 06:00:00+00:00
[2026-04-19T11:19:55.632+0000] {processor.py:183} INFO - Processing /opt/airflow/dags/DagScraper.py took 0.378 seconds
[2026-04-19T11:20:25.803+0000] {processor.py:161} INFO - Started process (PID=38342) to work on /opt/airflow/dags/DagScraper.py
[2026-04-19T11:20:25.805+0000] {processor.py:830} INFO - Processing file /opt/airflow/dags/DagScraper.py for tasks to queue
[2026-04-19T11:20:25.809+0000] {logging_mixin.py:188} INFO - [2026-04-19T11:20:25.808+0000] {dagbag.py:545} INFO - Filling up the DagBag from /opt/airflow/dags/DagScraper.py
[2026-04-19T11:20:25.860+0000] {processor.py:840} INFO - DAG(s) 'dag_scraping_offres_emploi' retrieved from /opt/airflow/dags/DagScraper.py
[2026-04-19T11:20:25.947+0000] {logging_mixin.py:188} INFO - [2026-04-19T11:20:25.946+0000] {dag.py:3096} INFO - Sync 1 DAGs
[2026-04-19T11:20:25.994+0000] {logging_mixin.py:188} INFO - [2026-04-19T11:20:25.994+0000] {dag.py:3954} INFO - Setting next_dagrun for dag_scraping_offres_emploi to 2026-04-19 00:00:00+00:00, run_after=2026-04-19 06:00:00+00:00
[2026-04-19T11:20:26.033+0000] {processor.py:183} INFO - Processing /opt/airflow/dags/DagScraper.py took 0.247 seconds
[2026-04-19T11:20:56.483+0000] {processor.py:161} INFO - Started process (PID=38356) to work on /opt/airflow/dags/DagScraper.py
[2026-04-19T11:20:56.487+0000] {processor.py:830} INFO - Processing file /opt/airflow/dags/DagScraper.py for tasks to queue
[2026-04-19T11:20:56.492+0000] {logging_mixin.py:188} INFO - [2026-04-19T11:20:56.491+0000] {dagbag.py:545} INFO - Filling up the DagBag from /opt/airflow/dags/DagScraper.py
[2026-04-19T11:20:56.545+0000] {processor.py:840} INFO - DAG(s) 'dag_scraping_offres_emploi' retrieved from /opt/airflow/dags/DagScraper.py
[2026-04-19T11:20:56.623+0000] {logging_mixin.py:188} INFO - [2026-04-19T11:20:56.622+0000] {dag.py:3096} INFO - Sync 1 DAGs
[2026-04-19T11:20:56.669+0000] {logging_mixin.py:188} INFO - [2026-04-19T11:20:56.669+0000] {dag.py:3954} INFO - Setting next_dagrun for dag_scraping_offres_emploi to 2026-04-19 00:00:00+00:00, run_after=2026-04-19 06:00:00+00:00
[2026-04-19T11:20:56.708+0000] {processor.py:183} INFO - Processing /opt/airflow/dags/DagScraper.py took 0.254 seconds
[2026-04-19T11:21:26.860+0000] {processor.py:161} INFO - Started process (PID=38364) to work on /opt/airflow/dags/DagScraper.py
[2026-04-19T11:21:26.867+0000] {processor.py:830} INFO - Processing file /opt/airflow/dags/DagScraper.py for tasks to queue
[2026-04-19T11:21:26.884+0000] {logging_mixin.py:188} INFO - [2026-04-19T11:21:26.883+0000] {dagbag.py:545} INFO - Filling up the DagBag from /opt/airflow/dags/DagScraper.py
[2026-04-19T11:21:27.046+0000] {processor.py:840} INFO - DAG(s) 'dag_scraping_offres_emploi' retrieved from /opt/airflow/dags/DagScraper.py
[2026-04-19T11:21:27.271+0000] {logging_mixin.py:188} INFO - [2026-04-19T11:21:27.271+0000] {dag.py:3096} INFO - Sync 1 DAGs
[2026-04-19T11:21:27.424+0000] {logging_mixin.py:188} INFO - [2026-04-19T11:21:27.424+0000] {dag.py:3954} INFO - Setting next_dagrun for dag_scraping_offres_emploi to 2026-04-19 00:00:00+00:00, run_after=2026-04-19 06:00:00+00:00
[2026-04-19T11:21:27.509+0000] {processor.py:183} INFO - Processing /opt/airflow/dags/DagScraper.py took 0.672 seconds
[2026-04-19T11:21:58.084+0000] {processor.py:161} INFO - Started process (PID=38378) to work on /opt/airflow/dags/DagScraper.py
[2026-04-19T11:21:58.087+0000] {processor.py:830} INFO - Processing file /opt/airflow/dags/DagScraper.py for tasks to queue
[2026-04-19T11:21:58.090+0000] {logging_mixin.py:188} INFO - [2026-04-19T11:21:58.089+0000] {dagbag.py:545} INFO - Filling up the DagBag from /opt/airflow/dags/DagScraper.py
[2026-04-19T11:21:58.142+0000] {processor.py:840} INFO - DAG(s) 'dag_scraping_offres_emploi' retrieved from /opt/airflow/dags/DagScraper.py
[2026-04-19T11:21:58.296+0000] {logging_mixin.py:188} INFO - [2026-04-19T11:21:58.286+0000] {dag.py:3096} INFO - Sync 1 DAGs
[2026-04-19T11:21:58.397+0000] {logging_mixin.py:188} INFO - [2026-04-19T11:21:58.396+0000] {dag.py:3954} INFO - Setting next_dagrun for dag_scraping_offres_emploi to 2026-04-19 00:00:00+00:00, run_after=2026-04-19 06:00:00+00:00
[2026-04-19T11:21:58.434+0000] {processor.py:183} INFO - Processing /opt/airflow/dags/DagScraper.py took 0.363 seconds
[2026-04-19T11:22:29.026+0000] {processor.py:161} INFO - Started process (PID=38387) to work on /opt/airflow/dags/DagScraper.py
[2026-04-19T11:22:29.028+0000] {processor.py:830} INFO - Processing file /opt/airflow/dags/DagScraper.py for tasks to queue
[2026-04-19T11:22:29.033+0000] {logging_mixin.py:188} INFO - [2026-04-19T11:22:29.032+0000] {dagbag.py:545} INFO - Filling up the DagBag from /opt/airflow/dags/DagScraper.py
[2026-04-19T11:22:29.091+0000] {processor.py:840} INFO - DAG(s) 'dag_scraping_offres_emploi' retrieved from /opt/airflow/dags/DagScraper.py
[2026-04-19T11:22:29.242+0000] {logging_mixin.py:188} INFO - [2026-04-19T11:22:29.241+0000] {dag.py:3096} INFO - Sync 1 DAGs
[2026-04-19T11:22:29.347+0000] {logging_mixin.py:188} INFO - [2026-04-19T11:22:29.347+0000] {dag.py:3954} INFO - Setting next_dagrun for dag_scraping_offres_emploi to 2026-04-19 00:00:00+00:00, run_after=2026-04-19 06:00:00+00:00
[2026-04-19T11:22:29.412+0000] {processor.py:183} INFO - Processing /opt/airflow/dags/DagScraper.py took 0.405 seconds
[2026-04-19T11:22:59.940+0000] {processor.py:161} INFO - Started process (PID=38403) to work on /opt/airflow/dags/DagScraper.py
[2026-04-19T11:22:59.942+0000] {processor.py:830} INFO - Processing file /opt/airflow/dags/DagScraper.py for tasks to queue
[2026-04-19T11:22:59.947+0000] {logging_mixin.py:188} INFO - [2026-04-19T11:22:59.946+0000] {dagbag.py:545} INFO - Filling up the DagBag from /opt/airflow/dags/DagScraper.py
[2026-04-19T11:23:00.005+0000] {processor.py:840} INFO - DAG(s) 'dag_scraping_offres_emploi' retrieved from /opt/airflow/dags/DagScraper.py
[2026-04-19T11:23:00.142+0000] {logging_mixin.py:188} INFO - [2026-04-19T11:23:00.141+0000] {dag.py:3096} INFO - Sync 1 DAGs
[2026-04-19T11:23:00.211+0000] {logging_mixin.py:188} INFO - [2026-04-19T11:23:00.211+0000] {dag.py:3954} INFO - Setting next_dagrun for dag_scraping_offres_emploi to 2026-04-19 00:00:00+00:00, run_after=2026-04-19 06:00:00+00:00
[2026-04-19T11:23:00.391+0000] {processor.py:183} INFO - Processing /opt/airflow/dags/DagScraper.py took 0.466 seconds
[2026-04-19T11:23:30.991+0000] {processor.py:161} INFO - Started process (PID=38411) to work on /opt/airflow/dags/DagScraper.py
[2026-04-19T11:23:30.993+0000] {processor.py:830} INFO - Processing file /opt/airflow/dags/DagScraper.py for tasks to queue
[2026-04-19T11:23:30.996+0000] {logging_mixin.py:188} INFO - [2026-04-19T11:23:30.995+0000] {dagbag.py:545} INFO - Filling up the DagBag from /opt/airflow/dags/DagScraper.py
[2026-04-19T11:23:31.042+0000] {processor.py:840} INFO - DAG(s) 'dag_scraping_offres_emploi' retrieved from /opt/airflow/dags/DagScraper.py
[2026-04-19T11:23:31.116+0000] {logging_mixin.py:188} INFO - [2026-04-19T11:23:31.116+0000] {dag.py:3096} INFO - Sync 1 DAGs
[2026-04-19T11:23:31.179+0000] {logging_mixin.py:188} INFO - [2026-04-19T11:23:31.179+0000] {dag.py:3954} INFO - Setting next_dagrun for dag_scraping_offres_emploi to 2026-04-19 00:00:00+00:00, run_after=2026-04-19 06:00:00+00:00
[2026-04-19T11:23:31.245+0000] {processor.py:183} INFO - Processing /opt/airflow/dags/DagScraper.py took 0.269 seconds
[2026-04-19T11:24:01.609+0000] {processor.py:161} INFO - Started process (PID=38427) to work on /opt/airflow/dags/DagScraper.py
[2026-04-19T11:24:01.614+0000] {processor.py:830} INFO - Processing file /opt/airflow/dags/DagScraper.py for tasks to queue
[2026-04-19T11:24:01.620+0000] {logging_mixin.py:188} INFO - [2026-04-19T11:24:01.618+0000] {dagbag.py:545} INFO - Filling up the DagBag from /opt/airflow/dags/DagScraper.py
[2026-04-19T11:24:01.688+0000] {processor.py:840} INFO - DAG(s) 'dag_scraping_offres_emploi' retrieved from /opt/airflow/dags/DagScraper.py
[2026-04-19T11:24:01.883+0000] {logging_mixin.py:188} INFO - [2026-04-19T11:24:01.883+0000] {dag.py:3096} INFO - Sync 1 DAGs
[2026-04-19T11:24:02.040+0000] {logging_mixin.py:188} INFO - [2026-04-19T11:24:02.035+0000] {dag.py:3954} INFO - Setting next_dagrun for dag_scraping_offres_emploi to 2026-04-19 00:00:00+00:00, run_after=2026-04-19 06:00:00+00:00
[2026-04-19T11:24:02.244+0000] {processor.py:183} INFO - Processing /opt/airflow/dags/DagScraper.py took 0.655 seconds
[2026-04-19T11:24:33.114+0000] {processor.py:161} INFO - Started process (PID=38435) to work on /opt/airflow/dags/DagScraper.py
[2026-04-19T11:24:33.116+0000] {processor.py:830} INFO - Processing file /opt/airflow/dags/DagScraper.py for tasks to queue
[2026-04-19T11:24:33.121+0000] {logging_mixin.py:188} INFO - [2026-04-19T11:24:33.120+0000] {dagbag.py:545} INFO - Filling up the DagBag from /opt/airflow/dags/DagScraper.py
[2026-04-19T11:24:33.233+0000] {processor.py:840} INFO - DAG(s) 'dag_scraping_offres_emploi' retrieved from /opt/airflow/dags/DagScraper.py
[2026-04-19T11:24:33.374+0000] {logging_mixin.py:188} INFO - [2026-04-19T11:24:33.373+0000] {dag.py:3096} INFO - Sync 1 DAGs
[2026-04-19T11:24:33.423+0000] {logging_mixin.py:188} INFO - [2026-04-19T11:24:33.423+0000] {dag.py:3954} INFO - Setting next_dagrun for dag_scraping_offres_emploi to 2026-04-19 00:00:00+00:00, run_after=2026-04-19 06:00:00+00:00
[2026-04-19T11:24:33.463+0000] {processor.py:183} INFO - Processing /opt/airflow/dags/DagScraper.py took 0.363 seconds
[2026-04-19T11:25:03.757+0000] {processor.py:161} INFO - Started process (PID=38449) to work on /opt/airflow/dags/DagScraper.py
[2026-04-19T11:25:03.762+0000] {processor.py:830} INFO - Processing file /opt/airflow/dags/DagScraper.py for tasks to queue
[2026-04-19T11:25:03.776+0000] {logging_mixin.py:188} INFO - [2026-04-19T11:25:03.773+0000] {dagbag.py:545} INFO - Filling up the DagBag from /opt/airflow/dags/DagScraper.py
[2026-04-19T11:25:03.962+0000] {processor.py:840} INFO - DAG(s) 'dag_scraping_offres_emploi' retrieved from /opt/airflow/dags/DagScraper.py
[2026-04-19T11:25:04.162+0000] {logging_mixin.py:188} INFO - [2026-04-19T11:25:04.158+0000] {dag.py:3096} INFO - Sync 1 DAGs
[2026-04-19T11:25:04.353+0000] {logging_mixin.py:188} INFO - [2026-04-19T11:25:04.353+0000] {dag.py:3954} INFO - Setting next_dagrun for dag_scraping_offres_emploi to 2026-04-19 00:00:00+00:00, run_after=2026-04-19 06:00:00+00:00
[2026-04-19T11:25:04.410+0000] {processor.py:183} INFO - Processing /opt/airflow/dags/DagScraper.py took 0.672 seconds
[2026-04-19T11:25:34.712+0000] {processor.py:161} INFO - Started process (PID=38457) to work on /opt/airflow/dags/DagScraper.py
[2026-04-19T11:25:34.714+0000] {processor.py:830} INFO - Processing file /opt/airflow/dags/DagScraper.py for tasks to queue
[2026-04-19T11:25:34.719+0000] {logging_mixin.py:188} INFO - [2026-04-19T11:25:34.718+0000] {dagbag.py:545} INFO - Filling up the DagBag from /opt/airflow/dags/DagScraper.py
[2026-04-19T11:25:34.765+0000] {processor.py:840} INFO - DAG(s) 'dag_scraping_offres_emploi' retrieved from /opt/airflow/dags/DagScraper.py
[2026-04-19T11:25:34.842+0000] {logging_mixin.py:188} INFO - [2026-04-19T11:25:34.842+0000] {dag.py:3096} INFO - Sync 1 DAGs
[2026-04-19T11:25:34.886+0000] {logging_mixin.py:188} INFO - [2026-04-19T11:25:34.885+0000] {dag.py:3954} INFO - Setting next_dagrun for dag_scraping_offres_emploi to 2026-04-19 00:00:00+00:00, run_after=2026-04-19 06:00:00+00:00
[2026-04-19T11:25:34.939+0000] {processor.py:183} INFO - Processing /opt/airflow/dags/DagScraper.py took 0.241 seconds
[2026-04-19T11:26:05.413+0000] {processor.py:161} INFO - Started process (PID=38472) to work on /opt/airflow/dags/DagScraper.py
[2026-04-19T11:26:05.415+0000] {processor.py:830} INFO - Processing file /opt/airflow/dags/DagScraper.py for tasks to queue
[2026-04-19T11:26:05.419+0000] {logging_mixin.py:188} INFO - [2026-04-19T11:26:05.418+0000] {dagbag.py:545} INFO - Filling up the DagBag from /opt/airflow/dags/DagScraper.py
[2026-04-19T11:26:05.462+0000] {processor.py:840} INFO - DAG(s) 'dag_scraping_offres_emploi' retrieved from /opt/airflow/dags/DagScraper.py
[2026-04-19T11:26:05.540+0000] {logging_mixin.py:188} INFO - [2026-04-19T11:26:05.540+0000] {dag.py:3096} INFO - Sync 1 DAGs
[2026-04-19T11:26:05.605+0000] {logging_mixin.py:188} INFO - [2026-04-19T11:26:05.604+0000] {dag.py:3954} INFO - Setting next_dagrun for dag_scraping_offres_emploi to 2026-04-19 00:00:00+00:00, run_after=2026-04-19 06:00:00+00:00
[2026-04-19T11:26:05.683+0000] {processor.py:183} INFO - Processing /opt/airflow/dags/DagScraper.py took 0.284 seconds
[2026-04-19T11:26:36.168+0000] {processor.py:161} INFO - Started process (PID=38480) to work on /opt/airflow/dags/DagScraper.py
[2026-04-19T11:26:36.171+0000] {processor.py:830} INFO - Processing file /opt/airflow/dags/DagScraper.py for tasks to queue
[2026-04-19T11:26:36.176+0000] {logging_mixin.py:188} INFO - [2026-04-19T11:26:36.175+0000] {dagbag.py:545} INFO - Filling up the DagBag from /opt/airflow/dags/DagScraper.py
[2026-04-19T11:26:36.252+0000] {processor.py:840} INFO - DAG(s) 'dag_scraping_offres_emploi' retrieved from /opt/airflow/dags/DagScraper.py
[2026-04-19T11:26:36.345+0000] {logging_mixin.py:188} INFO - [2026-04-19T11:26:36.344+0000] {dag.py:3096} INFO - Sync 1 DAGs
[2026-04-19T11:26:36.400+0000] {logging_mixin.py:188} INFO - [2026-04-19T11:26:36.399+0000] {dag.py:3954} INFO - Setting next_dagrun for dag_scraping_offres_emploi to 2026-04-19 00:00:00+00:00, run_after=2026-04-19 06:00:00+00:00
[2026-04-19T11:26:36.469+0000] {processor.py:183} INFO - Processing /opt/airflow/dags/DagScraper.py took 0.317 seconds
[2026-04-19T11:27:07.136+0000] {processor.py:161} INFO - Started process (PID=38493) to work on /opt/airflow/dags/DagScraper.py
[2026-04-19T11:27:07.150+0000] {processor.py:830} INFO - Processing file /opt/airflow/dags/DagScraper.py for tasks to queue
[2026-04-19T11:27:07.165+0000] {logging_mixin.py:188} INFO - [2026-04-19T11:27:07.164+0000] {dagbag.py:545} INFO - Filling up the DagBag from /opt/airflow/dags/DagScraper.py
[2026-04-19T11:27:07.311+0000] {processor.py:840} INFO - DAG(s) 'dag_scraping_offres_emploi' retrieved from /opt/airflow/dags/DagScraper.py
[2026-04-19T11:27:07.437+0000] {logging_mixin.py:188} INFO - [2026-04-19T11:27:07.436+0000] {dag.py:3096} INFO - Sync 1 DAGs
[2026-04-19T11:27:07.544+0000] {logging_mixin.py:188} INFO - [2026-04-19T11:27:07.544+0000] {dag.py:3954} INFO - Setting next_dagrun for dag_scraping_offres_emploi to 2026-04-19 00:00:00+00:00, run_after=2026-04-19 06:00:00+00:00
[2026-04-19T11:27:07.733+0000] {processor.py:183} INFO - Processing /opt/airflow/dags/DagScraper.py took 0.623 seconds
[2026-04-19T11:27:38.181+0000] {processor.py:161} INFO - Started process (PID=38501) to work on /opt/airflow/dags/DagScraper.py
[2026-04-19T11:27:38.182+0000] {processor.py:830} INFO - Processing file /opt/airflow/dags/DagScraper.py for tasks to queue
[2026-04-19T11:27:38.187+0000] {logging_mixin.py:188} INFO - [2026-04-19T11:27:38.186+0000] {dagbag.py:545} INFO - Filling up the DagBag from /opt/airflow/dags/DagScraper.py
[2026-04-19T11:27:38.234+0000] {processor.py:840} INFO - DAG(s) 'dag_scraping_offres_emploi' retrieved from /opt/airflow/dags/DagScraper.py
[2026-04-19T11:27:38.318+0000] {logging_mixin.py:188} INFO - [2026-04-19T11:27:38.317+0000] {dag.py:3096} INFO - Sync 1 DAGs
[2026-04-19T11:27:38.441+0000] {logging_mixin.py:188} INFO - [2026-04-19T11:27:38.441+0000] {dag.py:3954} INFO - Setting next_dagrun for dag_scraping_offres_emploi to 2026-04-19 00:00:00+00:00, run_after=2026-04-19 06:00:00+00:00
[2026-04-19T11:27:38.612+0000] {processor.py:183} INFO - Processing /opt/airflow/dags/DagScraper.py took 0.448 seconds
[2026-04-19T11:28:09.090+0000] {processor.py:161} INFO - Started process (PID=38514) to work on /opt/airflow/dags/DagScraper.py
[2026-04-19T11:28:09.092+0000] {processor.py:830} INFO - Processing file /opt/airflow/dags/DagScraper.py for tasks to queue
[2026-04-19T11:28:09.096+0000] {logging_mixin.py:188} INFO - [2026-04-19T11:28:09.095+0000] {dagbag.py:545} INFO - Filling up the DagBag from /opt/airflow/dags/DagScraper.py
[2026-04-19T11:28:09.145+0000] {processor.py:840} INFO - DAG(s) 'dag_scraping_offres_emploi' retrieved from /opt/airflow/dags/DagScraper.py
[2026-04-19T11:28:09.208+0000] {logging_mixin.py:188} INFO - [2026-04-19T11:28:09.208+0000] {dag.py:3096} INFO - Sync 1 DAGs
[2026-04-19T11:28:09.253+0000] {logging_mixin.py:188} INFO - [2026-04-19T11:28:09.252+0000] {dag.py:3954} INFO - Setting next_dagrun for dag_scraping_offres_emploi to 2026-04-19 00:00:00+00:00, run_after=2026-04-19 06:00:00+00:00
[2026-04-19T11:28:09.299+0000] {processor.py:183} INFO - Processing /opt/airflow/dags/DagScraper.py took 0.230 seconds
[2026-04-19T11:28:39.900+0000] {processor.py:161} INFO - Started process (PID=38528) to work on /opt/airflow/dags/DagScraper.py
[2026-04-19T11:28:39.903+0000] {processor.py:830} INFO - Processing file /opt/airflow/dags/DagScraper.py for tasks to queue
[2026-04-19T11:28:39.908+0000] {logging_mixin.py:188} INFO - [2026-04-19T11:28:39.907+0000] {dagbag.py:545} INFO - Filling up the DagBag from /opt/airflow/dags/DagScraper.py
[2026-04-19T11:28:39.964+0000] {processor.py:840} INFO - DAG(s) 'dag_scraping_offres_emploi' retrieved from /opt/airflow/dags/DagScraper.py
[2026-04-19T11:28:40.034+0000] {logging_mixin.py:188} INFO - [2026-04-19T11:28:40.034+0000] {dag.py:3096} INFO - Sync 1 DAGs
[2026-04-19T11:28:40.088+0000] {logging_mixin.py:188} INFO - [2026-04-19T11:28:40.088+0000] {dag.py:3954} INFO - Setting next_dagrun for dag_scraping_offres_emploi to 2026-04-19 00:00:00+00:00, run_after=2026-04-19 06:00:00+00:00
[2026-04-19T11:28:40.137+0000] {processor.py:183} INFO - Processing /opt/airflow/dags/DagScraper.py took 0.254 seconds
[2026-04-19T11:29:10.617+0000] {processor.py:161} INFO - Started process (PID=38537) to work on /opt/airflow/dags/DagScraper.py
[2026-04-19T11:29:10.618+0000] {processor.py:830} INFO - Processing file /opt/airflow/dags/DagScraper.py for tasks to queue
[2026-04-19T11:29:10.623+0000] {logging_mixin.py:188} INFO - [2026-04-19T11:29:10.622+0000] {dagbag.py:545} INFO - Filling up the DagBag from /opt/airflow/dags/DagScraper.py
[2026-04-19T11:29:10.666+0000] {processor.py:840} INFO - DAG(s) 'dag_scraping_offres_emploi' retrieved from /opt/airflow/dags/DagScraper.py
[2026-04-19T11:29:10.763+0000] {logging_mixin.py:188} INFO - [2026-04-19T11:29:10.762+0000] {dag.py:3096} INFO - Sync 1 DAGs
[2026-04-19T11:29:10.866+0000] {logging_mixin.py:188} INFO - [2026-04-19T11:29:10.866+0000] {dag.py:3954} INFO - Setting next_dagrun for dag_scraping_offres_emploi to 2026-04-19 00:00:00+00:00, run_after=2026-04-19 06:00:00+00:00
[2026-04-19T11:29:10.909+0000] {processor.py:183} INFO - Processing /opt/airflow/dags/DagScraper.py took 0.311 seconds
[2026-04-19T11:29:41.057+0000] {processor.py:161} INFO - Started process (PID=38552) to work on /opt/airflow/dags/DagScraper.py
[2026-04-19T11:29:41.059+0000] {processor.py:830} INFO - Processing file /opt/airflow/dags/DagScraper.py for tasks to queue
[2026-04-19T11:29:41.063+0000] {logging_mixin.py:188} INFO - [2026-04-19T11:29:41.062+0000] {dagbag.py:545} INFO - Filling up the DagBag from /opt/airflow/dags/DagScraper.py
[2026-04-19T11:29:41.112+0000] {processor.py:840} INFO - DAG(s) 'dag_scraping_offres_emploi' retrieved from /opt/airflow/dags/DagScraper.py
[2026-04-19T11:29:41.261+0000] {logging_mixin.py:188} INFO - [2026-04-19T11:29:41.260+0000] {dag.py:3096} INFO - Sync 1 DAGs
[2026-04-19T11:29:41.364+0000] {logging_mixin.py:188} INFO - [2026-04-19T11:29:41.363+0000] {dag.py:3954} INFO - Setting next_dagrun for dag_scraping_offres_emploi to 2026-04-19 00:00:00+00:00, run_after=2026-04-19 06:00:00+00:00
[2026-04-19T11:29:41.425+0000] {processor.py:183} INFO - Processing /opt/airflow/dags/DagScraper.py took 0.390 seconds
[2026-04-19T11:30:11.792+0000] {processor.py:161} INFO - Started process (PID=38561) to work on /opt/airflow/dags/DagScraper.py
[2026-04-19T11:30:11.793+0000] {processor.py:830} INFO - Processing file /opt/airflow/dags/DagScraper.py for tasks to queue
[2026-04-19T11:30:11.798+0000] {logging_mixin.py:188} INFO - [2026-04-19T11:30:11.797+0000] {dagbag.py:545} INFO - Filling up the DagBag from /opt/airflow/dags/DagScraper.py
[2026-04-19T11:30:11.846+0000] {processor.py:840} INFO - DAG(s) 'dag_scraping_offres_emploi' retrieved from /opt/airflow/dags/DagScraper.py
[2026-04-19T11:30:11.925+0000] {logging_mixin.py:188} INFO - [2026-04-19T11:30:11.924+0000] {dag.py:3096} INFO - Sync 1 DAGs
[2026-04-19T11:30:12.069+0000] {logging_mixin.py:188} INFO - [2026-04-19T11:30:12.056+0000] {dag.py:3954} INFO - Setting next_dagrun for dag_scraping_offres_emploi to 2026-04-19 00:00:00+00:00, run_after=2026-04-19 06:00:00+00:00
[2026-04-19T11:30:12.199+0000] {processor.py:183} INFO - Processing /opt/airflow/dags/DagScraper.py took 0.428 seconds
[2026-04-19T11:30:42.742+0000] {processor.py:161} INFO - Started process (PID=38576) to work on /opt/airflow/dags/DagScraper.py
[2026-04-19T11:30:42.745+0000] {processor.py:830} INFO - Processing file /opt/airflow/dags/DagScraper.py for tasks to queue
[2026-04-19T11:30:42.749+0000] {logging_mixin.py:188} INFO - [2026-04-19T11:30:42.748+0000] {dagbag.py:545} INFO - Filling up the DagBag from /opt/airflow/dags/DagScraper.py
[2026-04-19T11:30:42.805+0000] {processor.py:840} INFO - DAG(s) 'dag_scraping_offres_emploi' retrieved from /opt/airflow/dags/DagScraper.py
[2026-04-19T11:30:42.940+0000] {logging_mixin.py:188} INFO - [2026-04-19T11:30:42.938+0000] {dag.py:3096} INFO - Sync 1 DAGs
[2026-04-19T11:30:43.033+0000] {logging_mixin.py:188} INFO - [2026-04-19T11:30:43.032+0000] {dag.py:3954} INFO - Setting next_dagrun for dag_scraping_offres_emploi to 2026-04-19 00:00:00+00:00, run_after=2026-04-19 06:00:00+00:00
[2026-04-19T11:30:43.089+0000] {processor.py:183} INFO - Processing /opt/airflow/dags/DagScraper.py took 0.364 seconds
[2026-04-19T11:31:13.542+0000] {processor.py:161} INFO - Started process (PID=38584) to work on /opt/airflow/dags/DagScraper.py
[2026-04-19T11:31:13.544+0000] {processor.py:830} INFO - Processing file /opt/airflow/dags/DagScraper.py for tasks to queue
[2026-04-19T11:31:13.548+0000] {logging_mixin.py:188} INFO - [2026-04-19T11:31:13.547+0000] {dagbag.py:545} INFO - Filling up the DagBag from /opt/airflow/dags/DagScraper.py
[2026-04-19T11:31:13.607+0000] {processor.py:840} INFO - DAG(s) 'dag_scraping_offres_emploi' retrieved from /opt/airflow/dags/DagScraper.py
[2026-04-19T11:31:13.726+0000] {logging_mixin.py:188} INFO - [2026-04-19T11:31:13.725+0000] {dag.py:3096} INFO - Sync 1 DAGs
[2026-04-19T11:31:13.775+0000] {logging_mixin.py:188} INFO - [2026-04-19T11:31:13.774+0000] {dag.py:3954} INFO - Setting next_dagrun for dag_scraping_offres_emploi to 2026-04-19 00:00:00+00:00, run_after=2026-04-19 06:00:00+00:00
[2026-04-19T11:31:13.820+0000] {processor.py:183} INFO - Processing /opt/airflow/dags/DagScraper.py took 0.294 seconds
[2026-04-19T11:31:44.174+0000] {processor.py:161} INFO - Started process (PID=38597) to work on /opt/airflow/dags/DagScraper.py
[2026-04-19T11:31:44.176+0000] {processor.py:830} INFO - Processing file /opt/airflow/dags/DagScraper.py for tasks to queue
[2026-04-19T11:31:44.180+0000] {logging_mixin.py:188} INFO - [2026-04-19T11:31:44.179+0000] {dagbag.py:545} INFO - Filling up the DagBag from /opt/airflow/dags/DagScraper.py
[2026-04-19T11:31:44.227+0000] {processor.py:840} INFO - DAG(s) 'dag_scraping_offres_emploi' retrieved from /opt/airflow/dags/DagScraper.py
[2026-04-19T11:31:44.301+0000] {logging_mixin.py:188} INFO - [2026-04-19T11:31:44.301+0000] {dag.py:3096} INFO - Sync 1 DAGs
[2026-04-19T11:31:44.348+0000] {logging_mixin.py:188} INFO - [2026-04-19T11:31:44.348+0000] {dag.py:3954} INFO - Setting next_dagrun for dag_scraping_offres_emploi to 2026-04-19 00:00:00+00:00, run_after=2026-04-19 06:00:00+00:00
[2026-04-19T11:31:44.439+0000] {processor.py:183} INFO - Processing /opt/airflow/dags/DagScraper.py took 0.279 seconds
[2026-04-19T11:32:14.643+0000] {processor.py:161} INFO - Started process (PID=38605) to work on /opt/airflow/dags/DagScraper.py
[2026-04-19T11:32:14.646+0000] {processor.py:830} INFO - Processing file /opt/airflow/dags/DagScraper.py for tasks to queue
[2026-04-19T11:32:14.653+0000] {logging_mixin.py:188} INFO - [2026-04-19T11:32:14.651+0000] {dagbag.py:545} INFO - Filling up the DagBag from /opt/airflow/dags/DagScraper.py
[2026-04-19T11:32:14.708+0000] {processor.py:840} INFO - DAG(s) 'dag_scraping_offres_emploi' retrieved from /opt/airflow/dags/DagScraper.py
[2026-04-19T11:32:14.775+0000] {logging_mixin.py:188} INFO - [2026-04-19T11:32:14.775+0000] {dag.py:3096} INFO - Sync 1 DAGs
[2026-04-19T11:32:14.821+0000] {logging_mixin.py:188} INFO - [2026-04-19T11:32:14.820+0000] {dag.py:3954} INFO - Setting next_dagrun for dag_scraping_offres_emploi to 2026-04-19 00:00:00+00:00, run_after=2026-04-19 06:00:00+00:00
[2026-04-19T11:32:14.859+0000] {processor.py:183} INFO - Processing /opt/airflow/dags/DagScraper.py took 0.230 seconds
[2026-04-19T11:32:45.210+0000] {processor.py:161} INFO - Started process (PID=38619) to work on /opt/airflow/dags/DagScraper.py
[2026-04-19T11:32:45.212+0000] {processor.py:830} INFO - Processing file /opt/airflow/dags/DagScraper.py for tasks to queue
[2026-04-19T11:32:45.217+0000] {logging_mixin.py:188} INFO - [2026-04-19T11:32:45.216+0000] {dagbag.py:545} INFO - Filling up the DagBag from /opt/airflow/dags/DagScraper.py
[2026-04-19T11:32:45.266+0000] {processor.py:840} INFO - DAG(s) 'dag_scraping_offres_emploi' retrieved from /opt/airflow/dags/DagScraper.py
[2026-04-19T11:32:45.345+0000] {logging_mixin.py:188} INFO - [2026-04-19T11:32:45.345+0000] {dag.py:3096} INFO - Sync 1 DAGs
[2026-04-19T11:32:45.400+0000] {logging_mixin.py:188} INFO - [2026-04-19T11:32:45.399+0000] {dag.py:3954} INFO - Setting next_dagrun for dag_scraping_offres_emploi to 2026-04-19 00:00:00+00:00, run_after=2026-04-19 06:00:00+00:00
[2026-04-19T11:32:45.446+0000] {processor.py:183} INFO - Processing /opt/airflow/dags/DagScraper.py took 0.251 seconds
[2026-04-19T11:33:15.986+0000] {processor.py:161} INFO - Started process (PID=38627) to work on /opt/airflow/dags/DagScraper.py
[2026-04-19T11:33:15.997+0000] {processor.py:830} INFO - Processing file /opt/airflow/dags/DagScraper.py for tasks to queue
[2026-04-19T11:33:16.015+0000] {logging_mixin.py:188} INFO - [2026-04-19T11:33:16.001+0000] {dagbag.py:545} INFO - Filling up the DagBag from /opt/airflow/dags/DagScraper.py
[2026-04-19T11:33:16.072+0000] {processor.py:840} INFO - DAG(s) 'dag_scraping_offres_emploi' retrieved from /opt/airflow/dags/DagScraper.py
[2026-04-19T11:33:16.167+0000] {logging_mixin.py:188} INFO - [2026-04-19T11:33:16.166+0000] {dag.py:3096} INFO - Sync 1 DAGs
[2026-04-19T11:33:16.250+0000] {logging_mixin.py:188} INFO - [2026-04-19T11:33:16.248+0000] {dag.py:3954} INFO - Setting next_dagrun for dag_scraping_offres_emploi to 2026-04-19 00:00:00+00:00, run_after=2026-04-19 06:00:00+00:00
[2026-04-19T11:33:16.343+0000] {processor.py:183} INFO - Processing /opt/airflow/dags/DagScraper.py took 0.391 seconds
[2026-04-19T11:33:46.782+0000] {processor.py:161} INFO - Started process (PID=38641) to work on /opt/airflow/dags/DagScraper.py
[2026-04-19T11:33:46.784+0000] {processor.py:830} INFO - Processing file /opt/airflow/dags/DagScraper.py for tasks to queue
[2026-04-19T11:33:46.794+0000] {logging_mixin.py:188} INFO - [2026-04-19T11:33:46.793+0000] {dagbag.py:545} INFO - Filling up the DagBag from /opt/airflow/dags/DagScraper.py
[2026-04-19T11:33:46.845+0000] {processor.py:840} INFO - DAG(s) 'dag_scraping_offres_emploi' retrieved from /opt/airflow/dags/DagScraper.py
[2026-04-19T11:33:46.913+0000] {logging_mixin.py:188} INFO - [2026-04-19T11:33:46.913+0000] {dag.py:3096} INFO - Sync 1 DAGs
[2026-04-19T11:33:46.957+0000] {logging_mixin.py:188} INFO - [2026-04-19T11:33:46.956+0000] {dag.py:3954} INFO - Setting next_dagrun for dag_scraping_offres_emploi to 2026-04-19 00:00:00+00:00, run_after=2026-04-19 06:00:00+00:00
[2026-04-19T11:33:46.997+0000] {processor.py:183} INFO - Processing /opt/airflow/dags/DagScraper.py took 0.232 seconds
[2026-04-19T11:34:17.496+0000] {processor.py:161} INFO - Started process (PID=38649) to work on /opt/airflow/dags/DagScraper.py
[2026-04-19T11:34:17.498+0000] {processor.py:830} INFO - Processing file /opt/airflow/dags/DagScraper.py for tasks to queue
[2026-04-19T11:34:17.502+0000] {logging_mixin.py:188} INFO - [2026-04-19T11:34:17.501+0000] {dagbag.py:545} INFO - Filling up the DagBag from /opt/airflow/dags/DagScraper.py
[2026-04-19T11:34:17.553+0000] {processor.py:840} INFO - DAG(s) 'dag_scraping_offres_emploi' retrieved from /opt/airflow/dags/DagScraper.py
[2026-04-19T11:34:17.637+0000] {logging_mixin.py:188} INFO - [2026-04-19T11:34:17.636+0000] {dag.py:3096} INFO - Sync 1 DAGs
[2026-04-19T11:34:17.682+0000] {logging_mixin.py:188} INFO - [2026-04-19T11:34:17.682+0000] {dag.py:3954} INFO - Setting next_dagrun for dag_scraping_offres_emploi to 2026-04-19 00:00:00+00:00, run_after=2026-04-19 06:00:00+00:00
[2026-04-19T11:34:17.737+0000] {processor.py:183} INFO - Processing /opt/airflow/dags/DagScraper.py took 0.257 seconds
[2026-04-19T11:34:48.087+0000] {processor.py:161} INFO - Started process (PID=38663) to work on /opt/airflow/dags/DagScraper.py
[2026-04-19T11:34:48.093+0000] {processor.py:830} INFO - Processing file /opt/airflow/dags/DagScraper.py for tasks to queue
[2026-04-19T11:34:48.100+0000] {logging_mixin.py:188} INFO - [2026-04-19T11:34:48.099+0000] {dagbag.py:545} INFO - Filling up the DagBag from /opt/airflow/dags/DagScraper.py
[2026-04-19T11:34:48.173+0000] {processor.py:840} INFO - DAG(s) 'dag_scraping_offres_emploi' retrieved from /opt/airflow/dags/DagScraper.py
[2026-04-19T11:34:48.258+0000] {logging_mixin.py:188} INFO - [2026-04-19T11:34:48.257+0000] {dag.py:3096} INFO - Sync 1 DAGs
[2026-04-19T11:34:48.317+0000] {logging_mixin.py:188} INFO - [2026-04-19T11:34:48.317+0000] {dag.py:3954} INFO - Setting next_dagrun for dag_scraping_offres_emploi to 2026-04-19 00:00:00+00:00, run_after=2026-04-19 06:00:00+00:00
[2026-04-19T11:34:48.358+0000] {processor.py:183} INFO - Processing /opt/airflow/dags/DagScraper.py took 0.289 seconds
[2026-04-19T11:35:18.657+0000] {processor.py:161} INFO - Started process (PID=38672) to work on /opt/airflow/dags/DagScraper.py
[2026-04-19T11:35:18.660+0000] {processor.py:830} INFO - Processing file /opt/airflow/dags/DagScraper.py for tasks to queue
[2026-04-19T11:35:18.665+0000] {logging_mixin.py:188} INFO - [2026-04-19T11:35:18.664+0000] {dagbag.py:545} INFO - Filling up the DagBag from /opt/airflow/dags/DagScraper.py
[2026-04-19T11:35:18.722+0000] {processor.py:840} INFO - DAG(s) 'dag_scraping_offres_emploi' retrieved from /opt/airflow/dags/DagScraper.py
[2026-04-19T11:35:18.796+0000] {logging_mixin.py:188} INFO - [2026-04-19T11:35:18.796+0000] {dag.py:3096} INFO - Sync 1 DAGs
[2026-04-19T11:35:18.839+0000] {logging_mixin.py:188} INFO - [2026-04-19T11:35:18.839+0000] {dag.py:3954} INFO - Setting next_dagrun for dag_scraping_offres_emploi to 2026-04-19 00:00:00+00:00, run_after=2026-04-19 06:00:00+00:00
[2026-04-19T11:35:18.879+0000] {processor.py:183} INFO - Processing /opt/airflow/dags/DagScraper.py took 0.242 seconds
[2026-04-19T11:35:49.244+0000] {processor.py:161} INFO - Started process (PID=38686) to work on /opt/airflow/dags/DagScraper.py
[2026-04-19T11:35:49.246+0000] {processor.py:830} INFO - Processing file /opt/airflow/dags/DagScraper.py for tasks to queue
[2026-04-19T11:35:49.268+0000] {logging_mixin.py:188} INFO - [2026-04-19T11:35:49.267+0000] {dagbag.py:545} INFO - Filling up the DagBag from /opt/airflow/dags/DagScraper.py
[2026-04-19T11:35:49.390+0000] {processor.py:840} INFO - DAG(s) 'dag_scraping_offres_emploi' retrieved from /opt/airflow/dags/DagScraper.py
[2026-04-19T11:35:49.549+0000] {logging_mixin.py:188} INFO - [2026-04-19T11:35:49.549+0000] {dag.py:3096} INFO - Sync 1 DAGs
[2026-04-19T11:35:49.593+0000] {logging_mixin.py:188} INFO - [2026-04-19T11:35:49.593+0000] {dag.py:3954} INFO - Setting next_dagrun for dag_scraping_offres_emploi to 2026-04-19 00:00:00+00:00, run_after=2026-04-19 06:00:00+00:00
[2026-04-19T11:35:49.645+0000] {processor.py:183} INFO - Processing /opt/airflow/dags/DagScraper.py took 0.417 seconds
[2026-04-19T11:36:19.776+0000] {processor.py:161} INFO - Started process (PID=38695) to work on /opt/airflow/dags/DagScraper.py
[2026-04-19T11:36:19.778+0000] {processor.py:830} INFO - Processing file /opt/airflow/dags/DagScraper.py for tasks to queue
[2026-04-19T11:36:19.782+0000] {logging_mixin.py:188} INFO - [2026-04-19T11:36:19.781+0000] {dagbag.py:545} INFO - Filling up the DagBag from /opt/airflow/dags/DagScraper.py
[2026-04-19T11:36:19.823+0000] {processor.py:840} INFO - DAG(s) 'dag_scraping_offres_emploi' retrieved from /opt/airflow/dags/DagScraper.py
[2026-04-19T11:36:19.906+0000] {logging_mixin.py:188} INFO - [2026-04-19T11:36:19.905+0000] {dag.py:3096} INFO - Sync 1 DAGs
[2026-04-19T11:36:19.957+0000] {logging_mixin.py:188} INFO - [2026-04-19T11:36:19.956+0000] {dag.py:3954} INFO - Setting next_dagrun for dag_scraping_offres_emploi to 2026-04-19 00:00:00+00:00, run_after=2026-04-19 06:00:00+00:00
[2026-04-19T11:36:20.017+0000] {processor.py:183} INFO - Processing /opt/airflow/dags/DagScraper.py took 0.253 seconds
[2026-04-19T11:36:50.293+0000] {processor.py:161} INFO - Started process (PID=38709) to work on /opt/airflow/dags/DagScraper.py
[2026-04-19T11:36:50.295+0000] {processor.py:830} INFO - Processing file /opt/airflow/dags/DagScraper.py for tasks to queue
[2026-04-19T11:36:50.298+0000] {logging_mixin.py:188} INFO - [2026-04-19T11:36:50.298+0000] {dagbag.py:545} INFO - Filling up the DagBag from /opt/airflow/dags/DagScraper.py
[2026-04-19T11:36:50.336+0000] {processor.py:840} INFO - DAG(s) 'dag_scraping_offres_emploi' retrieved from /opt/airflow/dags/DagScraper.py
[2026-04-19T11:36:50.405+0000] {logging_mixin.py:188} INFO - [2026-04-19T11:36:50.404+0000] {dag.py:3096} INFO - Sync 1 DAGs
[2026-04-19T11:36:50.464+0000] {logging_mixin.py:188} INFO - [2026-04-19T11:36:50.464+0000] {dag.py:3954} INFO - Setting next_dagrun for dag_scraping_offres_emploi to 2026-04-19 00:00:00+00:00, run_after=2026-04-19 06:00:00+00:00
[2026-04-19T11:36:50.519+0000] {processor.py:183} INFO - Processing /opt/airflow/dags/DagScraper.py took 0.241 seconds
[2026-04-19T11:37:21.218+0000] {processor.py:161} INFO - Started process (PID=38717) to work on /opt/airflow/dags/DagScraper.py
[2026-04-19T11:37:21.222+0000] {processor.py:830} INFO - Processing file /opt/airflow/dags/DagScraper.py for tasks to queue
[2026-04-19T11:37:21.229+0000] {logging_mixin.py:188} INFO - [2026-04-19T11:37:21.229+0000] {dagbag.py:545} INFO - Filling up the DagBag from /opt/airflow/dags/DagScraper.py
[2026-04-19T11:37:21.336+0000] {processor.py:840} INFO - DAG(s) 'dag_scraping_offres_emploi' retrieved from /opt/airflow/dags/DagScraper.py
[2026-04-19T11:37:21.420+0000] {logging_mixin.py:188} INFO - [2026-04-19T11:37:21.420+0000] {dag.py:3096} INFO - Sync 1 DAGs
[2026-04-19T11:37:21.511+0000] {logging_mixin.py:188} INFO - [2026-04-19T11:37:21.510+0000] {dag.py:3954} INFO - Setting next_dagrun for dag_scraping_offres_emploi to 2026-04-19 00:00:00+00:00, run_after=2026-04-19 06:00:00+00:00
[2026-04-19T11:37:21.612+0000] {processor.py:183} INFO - Processing /opt/airflow/dags/DagScraper.py took 0.413 seconds
[2026-04-19T11:37:52.375+0000] {processor.py:161} INFO - Started process (PID=38731) to work on /opt/airflow/dags/DagScraper.py
[2026-04-19T11:37:52.378+0000] {processor.py:830} INFO - Processing file /opt/airflow/dags/DagScraper.py for tasks to queue
[2026-04-19T11:37:52.385+0000] {logging_mixin.py:188} INFO - [2026-04-19T11:37:52.384+0000] {dagbag.py:545} INFO - Filling up the DagBag from /opt/airflow/dags/DagScraper.py
[2026-04-19T11:37:52.429+0000] {processor.py:840} INFO - DAG(s) 'dag_scraping_offres_emploi' retrieved from /opt/airflow/dags/DagScraper.py
[2026-04-19T11:37:52.493+0000] {logging_mixin.py:188} INFO - [2026-04-19T11:37:52.493+0000] {dag.py:3096} INFO - Sync 1 DAGs
[2026-04-19T11:37:52.540+0000] {logging_mixin.py:188} INFO - [2026-04-19T11:37:52.540+0000] {dag.py:3954} INFO - Setting next_dagrun for dag_scraping_offres_emploi to 2026-04-19 00:00:00+00:00, run_after=2026-04-19 06:00:00+00:00
[2026-04-19T11:37:52.580+0000] {processor.py:183} INFO - Processing /opt/airflow/dags/DagScraper.py took 0.220 seconds
[2026-04-19T11:38:22.964+0000] {processor.py:161} INFO - Started process (PID=38739) to work on /opt/airflow/dags/DagScraper.py
[2026-04-19T11:38:22.966+0000] {processor.py:830} INFO - Processing file /opt/airflow/dags/DagScraper.py for tasks to queue
[2026-04-19T11:38:22.970+0000] {logging_mixin.py:188} INFO - [2026-04-19T11:38:22.969+0000] {dagbag.py:545} INFO - Filling up the DagBag from /opt/airflow/dags/DagScraper.py
[2026-04-19T11:38:23.011+0000] {processor.py:840} INFO - DAG(s) 'dag_scraping_offres_emploi' retrieved from /opt/airflow/dags/DagScraper.py
[2026-04-19T11:38:23.081+0000] {logging_mixin.py:188} INFO - [2026-04-19T11:38:23.081+0000] {dag.py:3096} INFO - Sync 1 DAGs
[2026-04-19T11:38:23.132+0000] {logging_mixin.py:188} INFO - [2026-04-19T11:38:23.132+0000] {dag.py:3954} INFO - Setting next_dagrun for dag_scraping_offres_emploi to 2026-04-19 00:00:00+00:00, run_after=2026-04-19 06:00:00+00:00
[2026-04-19T11:38:23.184+0000] {processor.py:183} INFO - Processing /opt/airflow/dags/DagScraper.py took 0.235 seconds
[2026-04-19T11:38:53.486+0000] {processor.py:161} INFO - Started process (PID=38753) to work on /opt/airflow/dags/DagScraper.py
[2026-04-19T11:38:53.489+0000] {processor.py:830} INFO - Processing file /opt/airflow/dags/DagScraper.py for tasks to queue
[2026-04-19T11:38:53.494+0000] {logging_mixin.py:188} INFO - [2026-04-19T11:38:53.493+0000] {dagbag.py:545} INFO - Filling up the DagBag from /opt/airflow/dags/DagScraper.py
[2026-04-19T11:38:53.575+0000] {processor.py:840} INFO - DAG(s) 'dag_scraping_offres_emploi' retrieved from /opt/airflow/dags/DagScraper.py
[2026-04-19T11:38:53.704+0000] {logging_mixin.py:188} INFO - [2026-04-19T11:38:53.704+0000] {dag.py:3096} INFO - Sync 1 DAGs
[2026-04-19T11:38:53.794+0000] {logging_mixin.py:188} INFO - [2026-04-19T11:38:53.792+0000] {dag.py:3954} INFO - Setting next_dagrun for dag_scraping_offres_emploi to 2026-04-19 00:00:00+00:00, run_after=2026-04-19 06:00:00+00:00
[2026-04-19T11:38:54.039+0000] {processor.py:183} INFO - Processing /opt/airflow/dags/DagScraper.py took 0.599 seconds
[2026-04-19T11:39:24.660+0000] {processor.py:161} INFO - Started process (PID=38767) to work on /opt/airflow/dags/DagScraper.py
[2026-04-19T11:39:24.662+0000] {processor.py:830} INFO - Processing file /opt/airflow/dags/DagScraper.py for tasks to queue
[2026-04-19T11:39:24.667+0000] {logging_mixin.py:188} INFO - [2026-04-19T11:39:24.666+0000] {dagbag.py:545} INFO - Filling up the DagBag from /opt/airflow/dags/DagScraper.py
[2026-04-19T11:39:24.707+0000] {processor.py:840} INFO - DAG(s) 'dag_scraping_offres_emploi' retrieved from /opt/airflow/dags/DagScraper.py
[2026-04-19T11:39:24.799+0000] {logging_mixin.py:188} INFO - [2026-04-19T11:39:24.799+0000] {dag.py:3096} INFO - Sync 1 DAGs
[2026-04-19T11:39:24.873+0000] {logging_mixin.py:188} INFO - [2026-04-19T11:39:24.872+0000] {dag.py:3954} INFO - Setting next_dagrun for dag_scraping_offres_emploi to 2026-04-19 00:00:00+00:00, run_after=2026-04-19 06:00:00+00:00
[2026-04-19T11:39:24.914+0000] {processor.py:183} INFO - Processing /opt/airflow/dags/DagScraper.py took 0.270 seconds
[2026-04-19T11:39:55.373+0000] {processor.py:161} INFO - Started process (PID=38776) to work on /opt/airflow/dags/DagScraper.py
[2026-04-19T11:39:55.375+0000] {processor.py:830} INFO - Processing file /opt/airflow/dags/DagScraper.py for tasks to queue
[2026-04-19T11:39:55.379+0000] {logging_mixin.py:188} INFO - [2026-04-19T11:39:55.379+0000] {dagbag.py:545} INFO - Filling up the DagBag from /opt/airflow/dags/DagScraper.py
[2026-04-19T11:39:55.427+0000] {processor.py:840} INFO - DAG(s) 'dag_scraping_offres_emploi' retrieved from /opt/airflow/dags/DagScraper.py
[2026-04-19T11:39:55.544+0000] {logging_mixin.py:188} INFO - [2026-04-19T11:39:55.543+0000] {dag.py:3096} INFO - Sync 1 DAGs
[2026-04-19T11:39:55.651+0000] {logging_mixin.py:188} INFO - [2026-04-19T11:39:55.651+0000] {dag.py:3954} INFO - Setting next_dagrun for dag_scraping_offres_emploi to 2026-04-19 00:00:00+00:00, run_after=2026-04-19 06:00:00+00:00
[2026-04-19T11:39:55.706+0000] {processor.py:183} INFO - Processing /opt/airflow/dags/DagScraper.py took 0.352 seconds
[2026-04-19T11:40:26.202+0000] {processor.py:161} INFO - Started process (PID=38789) to work on /opt/airflow/dags/DagScraper.py
[2026-04-19T11:40:26.204+0000] {processor.py:830} INFO - Processing file /opt/airflow/dags/DagScraper.py for tasks to queue
[2026-04-19T11:40:26.209+0000] {logging_mixin.py:188} INFO - [2026-04-19T11:40:26.208+0000] {dagbag.py:545} INFO - Filling up the DagBag from /opt/airflow/dags/DagScraper.py
[2026-04-19T11:40:26.264+0000] {processor.py:840} INFO - DAG(s) 'dag_scraping_offres_emploi' retrieved from /opt/airflow/dags/DagScraper.py
[2026-04-19T11:40:26.347+0000] {logging_mixin.py:188} INFO - [2026-04-19T11:40:26.346+0000] {dag.py:3096} INFO - Sync 1 DAGs
[2026-04-19T11:40:26.391+0000] {logging_mixin.py:188} INFO - [2026-04-19T11:40:26.391+0000] {dag.py:3954} INFO - Setting next_dagrun for dag_scraping_offres_emploi to 2026-04-19 00:00:00+00:00, run_after=2026-04-19 06:00:00+00:00
[2026-04-19T11:40:26.431+0000] {processor.py:183} INFO - Processing /opt/airflow/dags/DagScraper.py took 0.249 seconds
[2026-04-19T11:40:56.742+0000] {processor.py:161} INFO - Started process (PID=38797) to work on /opt/airflow/dags/DagScraper.py
[2026-04-19T11:40:56.745+0000] {processor.py:830} INFO - Processing file /opt/airflow/dags/DagScraper.py for tasks to queue
[2026-04-19T11:40:56.749+0000] {logging_mixin.py:188} INFO - [2026-04-19T11:40:56.748+0000] {dagbag.py:545} INFO - Filling up the DagBag from /opt/airflow/dags/DagScraper.py
[2026-04-19T11:40:56.806+0000] {processor.py:840} INFO - DAG(s) 'dag_scraping_offres_emploi' retrieved from /opt/airflow/dags/DagScraper.py
[2026-04-19T11:40:56.895+0000] {logging_mixin.py:188} INFO - [2026-04-19T11:40:56.894+0000] {dag.py:3096} INFO - Sync 1 DAGs
[2026-04-19T11:40:56.941+0000] {logging_mixin.py:188} INFO - [2026-04-19T11:40:56.940+0000] {dag.py:3954} INFO - Setting next_dagrun for dag_scraping_offres_emploi to 2026-04-19 00:00:00+00:00, run_after=2026-04-19 06:00:00+00:00
[2026-04-19T11:40:56.980+0000] {processor.py:183} INFO - Processing /opt/airflow/dags/DagScraper.py took 0.248 seconds
[2026-04-19T11:41:27.982+0000] {processor.py:161} INFO - Started process (PID=38811) to work on /opt/airflow/dags/DagScraper.py
[2026-04-19T11:41:27.984+0000] {processor.py:830} INFO - Processing file /opt/airflow/dags/DagScraper.py for tasks to queue
[2026-04-19T11:41:27.991+0000] {logging_mixin.py:188} INFO - [2026-04-19T11:41:27.989+0000] {dagbag.py:545} INFO - Filling up the DagBag from /opt/airflow/dags/DagScraper.py
[2026-04-19T11:41:28.070+0000] {processor.py:840} INFO - DAG(s) 'dag_scraping_offres_emploi' retrieved from /opt/airflow/dags/DagScraper.py
[2026-04-19T11:41:28.148+0000] {logging_mixin.py:188} INFO - [2026-04-19T11:41:28.148+0000] {dag.py:3096} INFO - Sync 1 DAGs
[2026-04-19T11:41:28.223+0000] {logging_mixin.py:188} INFO - [2026-04-19T11:41:28.222+0000] {dag.py:3954} INFO - Setting next_dagrun for dag_scraping_offres_emploi to 2026-04-19 00:00:00+00:00, run_after=2026-04-19 06:00:00+00:00
[2026-04-19T11:41:28.488+0000] {processor.py:183} INFO - Processing /opt/airflow/dags/DagScraper.py took 0.531 seconds
[2026-04-19T11:41:59.058+0000] {processor.py:161} INFO - Started process (PID=38820) to work on /opt/airflow/dags/DagScraper.py
[2026-04-19T11:41:59.060+0000] {processor.py:830} INFO - Processing file /opt/airflow/dags/DagScraper.py for tasks to queue
[2026-04-19T11:41:59.064+0000] {logging_mixin.py:188} INFO - [2026-04-19T11:41:59.064+0000] {dagbag.py:545} INFO - Filling up the DagBag from /opt/airflow/dags/DagScraper.py
[2026-04-19T11:41:59.111+0000] {processor.py:840} INFO - DAG(s) 'dag_scraping_offres_emploi' retrieved from /opt/airflow/dags/DagScraper.py
[2026-04-19T11:41:59.178+0000] {logging_mixin.py:188} INFO - [2026-04-19T11:41:59.177+0000] {dag.py:3096} INFO - Sync 1 DAGs
[2026-04-19T11:41:59.225+0000] {logging_mixin.py:188} INFO - [2026-04-19T11:41:59.225+0000] {dag.py:3954} INFO - Setting next_dagrun for dag_scraping_offres_emploi to 2026-04-19 00:00:00+00:00, run_after=2026-04-19 06:00:00+00:00
[2026-04-19T11:41:59.264+0000] {processor.py:183} INFO - Processing /opt/airflow/dags/DagScraper.py took 0.225 seconds
[2026-04-19T11:42:29.571+0000] {processor.py:161} INFO - Started process (PID=38835) to work on /opt/airflow/dags/DagScraper.py
[2026-04-19T11:42:29.573+0000] {processor.py:830} INFO - Processing file /opt/airflow/dags/DagScraper.py for tasks to queue
[2026-04-19T11:42:29.578+0000] {logging_mixin.py:188} INFO - [2026-04-19T11:42:29.577+0000] {dagbag.py:545} INFO - Filling up the DagBag from /opt/airflow/dags/DagScraper.py
[2026-04-19T11:42:29.635+0000] {processor.py:840} INFO - DAG(s) 'dag_scraping_offres_emploi' retrieved from /opt/airflow/dags/DagScraper.py
[2026-04-19T11:42:29.726+0000] {logging_mixin.py:188} INFO - [2026-04-19T11:42:29.726+0000] {dag.py:3096} INFO - Sync 1 DAGs
[2026-04-19T11:42:29.787+0000] {logging_mixin.py:188} INFO - [2026-04-19T11:42:29.785+0000] {dag.py:3954} INFO - Setting next_dagrun for dag_scraping_offres_emploi to 2026-04-19 00:00:00+00:00, run_after=2026-04-19 06:00:00+00:00
[2026-04-19T11:42:29.844+0000] {processor.py:183} INFO - Processing /opt/airflow/dags/DagScraper.py took 0.286 seconds
[2026-04-19T11:43:00.180+0000] {processor.py:161} INFO - Started process (PID=38843) to work on /opt/airflow/dags/DagScraper.py
[2026-04-19T11:43:00.183+0000] {processor.py:830} INFO - Processing file /opt/airflow/dags/DagScraper.py for tasks to queue
[2026-04-19T11:43:00.193+0000] {logging_mixin.py:188} INFO - [2026-04-19T11:43:00.192+0000] {dagbag.py:545} INFO - Filling up the DagBag from /opt/airflow/dags/DagScraper.py
[2026-04-19T11:43:00.265+0000] {processor.py:840} INFO - DAG(s) 'dag_scraping_offres_emploi' retrieved from /opt/airflow/dags/DagScraper.py
[2026-04-19T11:43:00.400+0000] {logging_mixin.py:188} INFO - [2026-04-19T11:43:00.400+0000] {dag.py:3096} INFO - Sync 1 DAGs
[2026-04-19T11:43:00.448+0000] {logging_mixin.py:188} INFO - [2026-04-19T11:43:00.447+0000] {dag.py:3954} INFO - Setting next_dagrun for dag_scraping_offres_emploi to 2026-04-19 00:00:00+00:00, run_after=2026-04-19 06:00:00+00:00
[2026-04-19T11:43:00.489+0000] {processor.py:183} INFO - Processing /opt/airflow/dags/DagScraper.py took 0.332 seconds
[2026-04-19T11:43:30.646+0000] {processor.py:161} INFO - Started process (PID=38857) to work on /opt/airflow/dags/DagScraper.py
[2026-04-19T11:43:30.648+0000] {processor.py:830} INFO - Processing file /opt/airflow/dags/DagScraper.py for tasks to queue
[2026-04-19T11:43:30.653+0000] {logging_mixin.py:188} INFO - [2026-04-19T11:43:30.652+0000] {dagbag.py:545} INFO - Filling up the DagBag from /opt/airflow/dags/DagScraper.py
[2026-04-19T11:43:30.701+0000] {processor.py:840} INFO - DAG(s) 'dag_scraping_offres_emploi' retrieved from /opt/airflow/dags/DagScraper.py
[2026-04-19T11:43:30.789+0000] {logging_mixin.py:188} INFO - [2026-04-19T11:43:30.789+0000] {dag.py:3096} INFO - Sync 1 DAGs
[2026-04-19T11:43:30.835+0000] {logging_mixin.py:188} INFO - [2026-04-19T11:43:30.835+0000] {dag.py:3954} INFO - Setting next_dagrun for dag_scraping_offres_emploi to 2026-04-19 00:00:00+00:00, run_after=2026-04-19 06:00:00+00:00
[2026-04-19T11:43:30.881+0000] {processor.py:183} INFO - Processing /opt/airflow/dags/DagScraper.py took 0.249 seconds
[2026-04-19T11:44:01.705+0000] {processor.py:161} INFO - Started process (PID=38865) to work on /opt/airflow/dags/DagScraper.py
[2026-04-19T11:44:01.708+0000] {processor.py:830} INFO - Processing file /opt/airflow/dags/DagScraper.py for tasks to queue
[2026-04-19T11:44:01.711+0000] {logging_mixin.py:188} INFO - [2026-04-19T11:44:01.711+0000] {dagbag.py:545} INFO - Filling up the DagBag from /opt/airflow/dags/DagScraper.py
[2026-04-19T11:44:01.769+0000] {processor.py:840} INFO - DAG(s) 'dag_scraping_offres_emploi' retrieved from /opt/airflow/dags/DagScraper.py
[2026-04-19T11:44:01.853+0000] {logging_mixin.py:188} INFO - [2026-04-19T11:44:01.852+0000] {dag.py:3096} INFO - Sync 1 DAGs
[2026-04-19T11:44:01.912+0000] {logging_mixin.py:188} INFO - [2026-04-19T11:44:01.912+0000] {dag.py:3954} INFO - Setting next_dagrun for dag_scraping_offres_emploi to 2026-04-19 00:00:00+00:00, run_after=2026-04-19 06:00:00+00:00
[2026-04-19T11:44:02.057+0000] {processor.py:183} INFO - Processing /opt/airflow/dags/DagScraper.py took 0.372 seconds
[2026-04-19T11:44:32.236+0000] {processor.py:161} INFO - Started process (PID=38880) to work on /opt/airflow/dags/DagScraper.py
[2026-04-19T11:44:32.241+0000] {processor.py:830} INFO - Processing file /opt/airflow/dags/DagScraper.py for tasks to queue
[2026-04-19T11:44:32.246+0000] {logging_mixin.py:188} INFO - [2026-04-19T11:44:32.245+0000] {dagbag.py:545} INFO - Filling up the DagBag from /opt/airflow/dags/DagScraper.py
[2026-04-19T11:44:32.293+0000] {processor.py:840} INFO - DAG(s) 'dag_scraping_offres_emploi' retrieved from /opt/airflow/dags/DagScraper.py
[2026-04-19T11:44:32.389+0000] {logging_mixin.py:188} INFO - [2026-04-19T11:44:32.389+0000] {dag.py:3096} INFO - Sync 1 DAGs
[2026-04-19T11:44:32.451+0000] {logging_mixin.py:188} INFO - [2026-04-19T11:44:32.450+0000] {dag.py:3954} INFO - Setting next_dagrun for dag_scraping_offres_emploi to 2026-04-19 00:00:00+00:00, run_after=2026-04-19 06:00:00+00:00
[2026-04-19T11:44:32.516+0000] {processor.py:183} INFO - Processing /opt/airflow/dags/DagScraper.py took 0.303 seconds
[2026-04-19T11:45:02.691+0000] {processor.py:161} INFO - Started process (PID=38888) to work on /opt/airflow/dags/DagScraper.py
[2026-04-19T11:45:02.693+0000] {processor.py:830} INFO - Processing file /opt/airflow/dags/DagScraper.py for tasks to queue
[2026-04-19T11:45:02.696+0000] {logging_mixin.py:188} INFO - [2026-04-19T11:45:02.695+0000] {dagbag.py:545} INFO - Filling up the DagBag from /opt/airflow/dags/DagScraper.py
[2026-04-19T11:45:02.733+0000] {processor.py:840} INFO - DAG(s) 'dag_scraping_offres_emploi' retrieved from /opt/airflow/dags/DagScraper.py
[2026-04-19T11:45:02.809+0000] {logging_mixin.py:188} INFO - [2026-04-19T11:45:02.808+0000] {dag.py:3096} INFO - Sync 1 DAGs
[2026-04-19T11:45:02.879+0000] {logging_mixin.py:188} INFO - [2026-04-19T11:45:02.878+0000] {dag.py:3954} INFO - Setting next_dagrun for dag_scraping_offres_emploi to 2026-04-19 00:00:00+00:00, run_after=2026-04-19 06:00:00+00:00
[2026-04-19T11:45:02.924+0000] {processor.py:183} INFO - Processing /opt/airflow/dags/DagScraper.py took 0.251 seconds
[2026-04-19T11:45:33.346+0000] {processor.py:161} INFO - Started process (PID=38902) to work on /opt/airflow/dags/DagScraper.py
[2026-04-19T11:45:33.347+0000] {processor.py:830} INFO - Processing file /opt/airflow/dags/DagScraper.py for tasks to queue
[2026-04-19T11:45:33.351+0000] {logging_mixin.py:188} INFO - [2026-04-19T11:45:33.350+0000] {dagbag.py:545} INFO - Filling up the DagBag from /opt/airflow/dags/DagScraper.py
[2026-04-19T11:45:33.397+0000] {processor.py:840} INFO - DAG(s) 'dag_scraping_offres_emploi' retrieved from /opt/airflow/dags/DagScraper.py
[2026-04-19T11:45:33.480+0000] {logging_mixin.py:188} INFO - [2026-04-19T11:45:33.479+0000] {dag.py:3096} INFO - Sync 1 DAGs
[2026-04-19T11:45:33.531+0000] {logging_mixin.py:188} INFO - [2026-04-19T11:45:33.531+0000] {dag.py:3954} INFO - Setting next_dagrun for dag_scraping_offres_emploi to 2026-04-19 00:00:00+00:00, run_after=2026-04-19 06:00:00+00:00
[2026-04-19T11:45:33.576+0000] {processor.py:183} INFO - Processing /opt/airflow/dags/DagScraper.py took 0.242 seconds
[2026-04-19T11:46:04.356+0000] {processor.py:161} INFO - Started process (PID=38909) to work on /opt/airflow/dags/DagScraper.py
[2026-04-19T11:46:04.359+0000] {processor.py:830} INFO - Processing file /opt/airflow/dags/DagScraper.py for tasks to queue
[2026-04-19T11:46:04.368+0000] {logging_mixin.py:188} INFO - [2026-04-19T11:46:04.367+0000] {dagbag.py:545} INFO - Filling up the DagBag from /opt/airflow/dags/DagScraper.py
[2026-04-19T11:46:04.445+0000] {processor.py:840} INFO - DAG(s) 'dag_scraping_offres_emploi' retrieved from /opt/airflow/dags/DagScraper.py
[2026-04-19T11:46:04.646+0000] {logging_mixin.py:188} INFO - [2026-04-19T11:46:04.645+0000] {dag.py:3096} INFO - Sync 1 DAGs
[2026-04-19T11:46:04.710+0000] {logging_mixin.py:188} INFO - [2026-04-19T11:46:04.710+0000] {dag.py:3954} INFO - Setting next_dagrun for dag_scraping_offres_emploi to 2026-04-19 00:00:00+00:00, run_after=2026-04-19 06:00:00+00:00
[2026-04-19T11:46:04.753+0000] {processor.py:183} INFO - Processing /opt/airflow/dags/DagScraper.py took 0.433 seconds
[2026-04-19T11:46:34.882+0000] {processor.py:161} INFO - Started process (PID=38923) to work on /opt/airflow/dags/DagScraper.py
[2026-04-19T11:46:34.885+0000] {processor.py:830} INFO - Processing file /opt/airflow/dags/DagScraper.py for tasks to queue
[2026-04-19T11:46:34.891+0000] {logging_mixin.py:188} INFO - [2026-04-19T11:46:34.890+0000] {dagbag.py:545} INFO - Filling up the DagBag from /opt/airflow/dags/DagScraper.py
[2026-04-19T11:46:34.985+0000] {processor.py:840} INFO - DAG(s) 'dag_scraping_offres_emploi' retrieved from /opt/airflow/dags/DagScraper.py
[2026-04-19T11:46:35.093+0000] {logging_mixin.py:188} INFO - [2026-04-19T11:46:35.092+0000] {dag.py:3096} INFO - Sync 1 DAGs
[2026-04-19T11:46:35.146+0000] {logging_mixin.py:188} INFO - [2026-04-19T11:46:35.146+0000] {dag.py:3954} INFO - Setting next_dagrun for dag_scraping_offres_emploi to 2026-04-19 00:00:00+00:00, run_after=2026-04-19 06:00:00+00:00
[2026-04-19T11:46:35.177+0000] {processor.py:183} INFO - Processing /opt/airflow/dags/DagScraper.py took 0.309 seconds
[2026-04-19T11:47:05.653+0000] {processor.py:161} INFO - Started process (PID=38931) to work on /opt/airflow/dags/DagScraper.py
[2026-04-19T11:47:05.656+0000] {processor.py:830} INFO - Processing file /opt/airflow/dags/DagScraper.py for tasks to queue
[2026-04-19T11:47:05.662+0000] {logging_mixin.py:188} INFO - [2026-04-19T11:47:05.661+0000] {dagbag.py:545} INFO - Filling up the DagBag from /opt/airflow/dags/DagScraper.py
[2026-04-19T11:47:05.731+0000] {processor.py:840} INFO - DAG(s) 'dag_scraping_offres_emploi' retrieved from /opt/airflow/dags/DagScraper.py
[2026-04-19T11:47:05.799+0000] {logging_mixin.py:188} INFO - [2026-04-19T11:47:05.799+0000] {dag.py:3096} INFO - Sync 1 DAGs
[2026-04-19T11:47:05.834+0000] {logging_mixin.py:188} INFO - [2026-04-19T11:47:05.834+0000] {dag.py:3954} INFO - Setting next_dagrun for dag_scraping_offres_emploi to 2026-04-19 00:00:00+00:00, run_after=2026-04-19 06:00:00+00:00
[2026-04-19T11:47:05.874+0000] {processor.py:183} INFO - Processing /opt/airflow/dags/DagScraper.py took 0.241 seconds
[2026-04-19T11:47:36.303+0000] {processor.py:161} INFO - Started process (PID=38945) to work on /opt/airflow/dags/DagScraper.py
[2026-04-19T11:47:36.304+0000] {processor.py:830} INFO - Processing file /opt/airflow/dags/DagScraper.py for tasks to queue
[2026-04-19T11:47:36.307+0000] {logging_mixin.py:188} INFO - [2026-04-19T11:47:36.306+0000] {dagbag.py:545} INFO - Filling up the DagBag from /opt/airflow/dags/DagScraper.py
[2026-04-19T11:47:36.346+0000] {processor.py:840} INFO - DAG(s) 'dag_scraping_offres_emploi' retrieved from /opt/airflow/dags/DagScraper.py
[2026-04-19T11:47:36.401+0000] {logging_mixin.py:188} INFO - [2026-04-19T11:47:36.401+0000] {dag.py:3096} INFO - Sync 1 DAGs
[2026-04-19T11:47:36.439+0000] {logging_mixin.py:188} INFO - [2026-04-19T11:47:36.439+0000] {dag.py:3954} INFO - Setting next_dagrun for dag_scraping_offres_emploi to 2026-04-19 00:00:00+00:00, run_after=2026-04-19 06:00:00+00:00
[2026-04-19T11:47:36.477+0000] {processor.py:183} INFO - Processing /opt/airflow/dags/DagScraper.py took 0.185 seconds
[2026-04-19T11:48:06.662+0000] {processor.py:161} INFO - Started process (PID=38953) to work on /opt/airflow/dags/DagScraper.py
[2026-04-19T11:48:06.664+0000] {processor.py:830} INFO - Processing file /opt/airflow/dags/DagScraper.py for tasks to queue
[2026-04-19T11:48:06.668+0000] {logging_mixin.py:188} INFO - [2026-04-19T11:48:06.667+0000] {dagbag.py:545} INFO - Filling up the DagBag from /opt/airflow/dags/DagScraper.py
[2026-04-19T11:48:06.732+0000] {processor.py:840} INFO - DAG(s) 'dag_scraping_offres_emploi' retrieved from /opt/airflow/dags/DagScraper.py
[2026-04-19T11:48:06.903+0000] {logging_mixin.py:188} INFO - [2026-04-19T11:48:06.902+0000] {dag.py:3096} INFO - Sync 1 DAGs
[2026-04-19T11:48:06.994+0000] {logging_mixin.py:188} INFO - [2026-04-19T11:48:06.993+0000] {dag.py:3954} INFO - Setting next_dagrun for dag_scraping_offres_emploi to 2026-04-19 00:00:00+00:00, run_after=2026-04-19 06:00:00+00:00
[2026-04-19T11:48:07.059+0000] {processor.py:183} INFO - Processing /opt/airflow/dags/DagScraper.py took 0.437 seconds
[2026-04-19T11:48:37.150+0000] {processor.py:161} INFO - Started process (PID=38966) to work on /opt/airflow/dags/DagScraper.py
[2026-04-19T11:48:37.152+0000] {processor.py:830} INFO - Processing file /opt/airflow/dags/DagScraper.py for tasks to queue
[2026-04-19T11:48:37.156+0000] {logging_mixin.py:188} INFO - [2026-04-19T11:48:37.155+0000] {dagbag.py:545} INFO - Filling up the DagBag from /opt/airflow/dags/DagScraper.py
[2026-04-19T11:48:37.198+0000] {processor.py:840} INFO - DAG(s) 'dag_scraping_offres_emploi' retrieved from /opt/airflow/dags/DagScraper.py
[2026-04-19T11:48:37.267+0000] {logging_mixin.py:188} INFO - [2026-04-19T11:48:37.267+0000] {dag.py:3096} INFO - Sync 1 DAGs
[2026-04-19T11:48:37.314+0000] {logging_mixin.py:188} INFO - [2026-04-19T11:48:37.313+0000] {dag.py:3954} INFO - Setting next_dagrun for dag_scraping_offres_emploi to 2026-04-19 00:00:00+00:00, run_after=2026-04-19 06:00:00+00:00
[2026-04-19T11:48:37.359+0000] {processor.py:183} INFO - Processing /opt/airflow/dags/DagScraper.py took 0.224 seconds
[2026-04-19T11:49:07.853+0000] {processor.py:161} INFO - Started process (PID=38974) to work on /opt/airflow/dags/DagScraper.py
[2026-04-19T11:49:07.855+0000] {processor.py:830} INFO - Processing file /opt/airflow/dags/DagScraper.py for tasks to queue
[2026-04-19T11:49:07.860+0000] {logging_mixin.py:188} INFO - [2026-04-19T11:49:07.859+0000] {dagbag.py:545} INFO - Filling up the DagBag from /opt/airflow/dags/DagScraper.py
[2026-04-19T11:49:07.912+0000] {processor.py:840} INFO - DAG(s) 'dag_scraping_offres_emploi' retrieved from /opt/airflow/dags/DagScraper.py
[2026-04-19T11:49:07.982+0000] {logging_mixin.py:188} INFO - [2026-04-19T11:49:07.981+0000] {dag.py:3096} INFO - Sync 1 DAGs
[2026-04-19T11:49:08.058+0000] {logging_mixin.py:188} INFO - [2026-04-19T11:49:08.057+0000] {dag.py:3954} INFO - Setting next_dagrun for dag_scraping_offres_emploi to 2026-04-19 00:00:00+00:00, run_after=2026-04-19 06:00:00+00:00
[2026-04-19T11:49:08.149+0000] {processor.py:183} INFO - Processing /opt/airflow/dags/DagScraper.py took 0.312 seconds
[2026-04-19T11:49:38.787+0000] {processor.py:161} INFO - Started process (PID=38987) to work on /opt/airflow/dags/DagScraper.py
[2026-04-19T11:49:38.788+0000] {processor.py:830} INFO - Processing file /opt/airflow/dags/DagScraper.py for tasks to queue
[2026-04-19T11:49:38.791+0000] {logging_mixin.py:188} INFO - [2026-04-19T11:49:38.791+0000] {dagbag.py:545} INFO - Filling up the DagBag from /opt/airflow/dags/DagScraper.py
[2026-04-19T11:49:38.827+0000] {processor.py:840} INFO - DAG(s) 'dag_scraping_offres_emploi' retrieved from /opt/airflow/dags/DagScraper.py
[2026-04-19T11:49:38.917+0000] {logging_mixin.py:188} INFO - [2026-04-19T11:49:38.916+0000] {dag.py:3096} INFO - Sync 1 DAGs
[2026-04-19T11:49:39.026+0000] {logging_mixin.py:188} INFO - [2026-04-19T11:49:39.026+0000] {dag.py:3954} INFO - Setting next_dagrun for dag_scraping_offres_emploi to 2026-04-19 00:00:00+00:00, run_after=2026-04-19 06:00:00+00:00
[2026-04-19T11:49:39.089+0000] {processor.py:183} INFO - Processing /opt/airflow/dags/DagScraper.py took 0.311 seconds
[2026-04-19T11:50:09.740+0000] {processor.py:161} INFO - Started process (PID=39001) to work on /opt/airflow/dags/DagScraper.py
[2026-04-19T11:50:09.742+0000] {processor.py:830} INFO - Processing file /opt/airflow/dags/DagScraper.py for tasks to queue
[2026-04-19T11:50:09.746+0000] {logging_mixin.py:188} INFO - [2026-04-19T11:50:09.745+0000] {dagbag.py:545} INFO - Filling up the DagBag from /opt/airflow/dags/DagScraper.py
[2026-04-19T11:50:09.787+0000] {processor.py:840} INFO - DAG(s) 'dag_scraping_offres_emploi' retrieved from /opt/airflow/dags/DagScraper.py
[2026-04-19T11:50:09.867+0000] {logging_mixin.py:188} INFO - [2026-04-19T11:50:09.866+0000] {dag.py:3096} INFO - Sync 1 DAGs
[2026-04-19T11:50:09.919+0000] {logging_mixin.py:188} INFO - [2026-04-19T11:50:09.919+0000] {dag.py:3954} INFO - Setting next_dagrun for dag_scraping_offres_emploi to 2026-04-19 00:00:00+00:00, run_after=2026-04-19 06:00:00+00:00
[2026-04-19T11:50:09.976+0000] {processor.py:183} INFO - Processing /opt/airflow/dags/DagScraper.py took 0.247 seconds
[2026-04-19T11:50:40.493+0000] {processor.py:161} INFO - Started process (PID=39009) to work on /opt/airflow/dags/DagScraper.py
[2026-04-19T11:50:40.494+0000] {processor.py:830} INFO - Processing file /opt/airflow/dags/DagScraper.py for tasks to queue
[2026-04-19T11:50:40.497+0000] {logging_mixin.py:188} INFO - [2026-04-19T11:50:40.497+0000] {dagbag.py:545} INFO - Filling up the DagBag from /opt/airflow/dags/DagScraper.py
[2026-04-19T11:50:40.533+0000] {processor.py:840} INFO - DAG(s) 'dag_scraping_offres_emploi' retrieved from /opt/airflow/dags/DagScraper.py
[2026-04-19T11:50:40.592+0000] {logging_mixin.py:188} INFO - [2026-04-19T11:50:40.591+0000] {dag.py:3096} INFO - Sync 1 DAGs
[2026-04-19T11:50:40.636+0000] {logging_mixin.py:188} INFO - [2026-04-19T11:50:40.635+0000] {dag.py:3954} INFO - Setting next_dagrun for dag_scraping_offres_emploi to 2026-04-19 00:00:00+00:00, run_after=2026-04-19 06:00:00+00:00
[2026-04-19T11:50:40.677+0000] {processor.py:183} INFO - Processing /opt/airflow/dags/DagScraper.py took 0.194 seconds
[2026-04-19T11:51:11.101+0000] {processor.py:161} INFO - Started process (PID=39023) to work on /opt/airflow/dags/DagScraper.py
[2026-04-19T11:51:11.103+0000] {processor.py:830} INFO - Processing file /opt/airflow/dags/DagScraper.py for tasks to queue
[2026-04-19T11:51:11.105+0000] {logging_mixin.py:188} INFO - [2026-04-19T11:51:11.105+0000] {dagbag.py:545} INFO - Filling up the DagBag from /opt/airflow/dags/DagScraper.py
[2026-04-19T11:51:11.136+0000] {processor.py:840} INFO - DAG(s) 'dag_scraping_offres_emploi' retrieved from /opt/airflow/dags/DagScraper.py
[2026-04-19T11:51:11.192+0000] {logging_mixin.py:188} INFO - [2026-04-19T11:51:11.191+0000] {dag.py:3096} INFO - Sync 1 DAGs
[2026-04-19T11:51:11.233+0000] {logging_mixin.py:188} INFO - [2026-04-19T11:51:11.233+0000] {dag.py:3954} INFO - Setting next_dagrun for dag_scraping_offres_emploi to 2026-04-19 00:00:00+00:00, run_after=2026-04-19 06:00:00+00:00
[2026-04-19T11:51:11.279+0000] {processor.py:183} INFO - Processing /opt/airflow/dags/DagScraper.py took 0.188 seconds
[2026-04-19T11:51:41.809+0000] {processor.py:161} INFO - Started process (PID=39031) to work on /opt/airflow/dags/DagScraper.py
[2026-04-19T11:51:41.811+0000] {processor.py:830} INFO - Processing file /opt/airflow/dags/DagScraper.py for tasks to queue
[2026-04-19T11:51:41.815+0000] {logging_mixin.py:188} INFO - [2026-04-19T11:51:41.814+0000] {dagbag.py:545} INFO - Filling up the DagBag from /opt/airflow/dags/DagScraper.py
[2026-04-19T11:51:41.860+0000] {processor.py:840} INFO - DAG(s) 'dag_scraping_offres_emploi' retrieved from /opt/airflow/dags/DagScraper.py
[2026-04-19T11:51:41.934+0000] {logging_mixin.py:188} INFO - [2026-04-19T11:51:41.933+0000] {dag.py:3096} INFO - Sync 1 DAGs
[2026-04-19T11:51:41.969+0000] {logging_mixin.py:188} INFO - [2026-04-19T11:51:41.969+0000] {dag.py:3954} INFO - Setting next_dagrun for dag_scraping_offres_emploi to 2026-04-19 00:00:00+00:00, run_after=2026-04-19 06:00:00+00:00
[2026-04-19T11:51:42.024+0000] {processor.py:183} INFO - Processing /opt/airflow/dags/DagScraper.py took 0.228 seconds
[2026-04-19T11:52:12.482+0000] {processor.py:161} INFO - Started process (PID=39047) to work on /opt/airflow/dags/DagScraper.py
[2026-04-19T11:52:12.484+0000] {processor.py:830} INFO - Processing file /opt/airflow/dags/DagScraper.py for tasks to queue
[2026-04-19T11:52:12.487+0000] {logging_mixin.py:188} INFO - [2026-04-19T11:52:12.486+0000] {dagbag.py:545} INFO - Filling up the DagBag from /opt/airflow/dags/DagScraper.py
[2026-04-19T11:52:12.522+0000] {processor.py:840} INFO - DAG(s) 'dag_scraping_offres_emploi' retrieved from /opt/airflow/dags/DagScraper.py
[2026-04-19T11:52:12.578+0000] {logging_mixin.py:188} INFO - [2026-04-19T11:52:12.578+0000] {dag.py:3096} INFO - Sync 1 DAGs
[2026-04-19T11:52:12.615+0000] {logging_mixin.py:188} INFO - [2026-04-19T11:52:12.615+0000] {dag.py:3954} INFO - Setting next_dagrun for dag_scraping_offres_emploi to 2026-04-19 00:00:00+00:00, run_after=2026-04-19 06:00:00+00:00
[2026-04-19T11:52:12.653+0000] {processor.py:183} INFO - Processing /opt/airflow/dags/DagScraper.py took 0.181 seconds
[2026-04-19T11:52:43.332+0000] {processor.py:161} INFO - Started process (PID=39056) to work on /opt/airflow/dags/DagScraper.py
[2026-04-19T11:52:43.333+0000] {processor.py:830} INFO - Processing file /opt/airflow/dags/DagScraper.py for tasks to queue
[2026-04-19T11:52:43.336+0000] {logging_mixin.py:188} INFO - [2026-04-19T11:52:43.336+0000] {dagbag.py:545} INFO - Filling up the DagBag from /opt/airflow/dags/DagScraper.py
[2026-04-19T11:52:43.374+0000] {processor.py:840} INFO - DAG(s) 'dag_scraping_offres_emploi' retrieved from /opt/airflow/dags/DagScraper.py
[2026-04-19T11:52:43.457+0000] {logging_mixin.py:188} INFO - [2026-04-19T11:52:43.457+0000] {dag.py:3096} INFO - Sync 1 DAGs
[2026-04-19T11:52:43.503+0000] {logging_mixin.py:188} INFO - [2026-04-19T11:52:43.503+0000] {dag.py:3954} INFO - Setting next_dagrun for dag_scraping_offres_emploi to 2026-04-19 00:00:00+00:00, run_after=2026-04-19 06:00:00+00:00
[2026-04-19T11:52:43.548+0000] {processor.py:183} INFO - Processing /opt/airflow/dags/DagScraper.py took 0.225 seconds
[2026-04-19T11:53:14.309+0000] {processor.py:161} INFO - Started process (PID=39071) to work on /opt/airflow/dags/DagScraper.py
[2026-04-19T11:53:14.310+0000] {processor.py:830} INFO - Processing file /opt/airflow/dags/DagScraper.py for tasks to queue
[2026-04-19T11:53:14.313+0000] {logging_mixin.py:188} INFO - [2026-04-19T11:53:14.313+0000] {dagbag.py:545} INFO - Filling up the DagBag from /opt/airflow/dags/DagScraper.py
[2026-04-19T11:53:14.350+0000] {processor.py:840} INFO - DAG(s) 'dag_scraping_offres_emploi' retrieved from /opt/airflow/dags/DagScraper.py
[2026-04-19T11:53:14.408+0000] {logging_mixin.py:188} INFO - [2026-04-19T11:53:14.408+0000] {dag.py:3096} INFO - Sync 1 DAGs
[2026-04-19T11:53:14.452+0000] {logging_mixin.py:188} INFO - [2026-04-19T11:53:14.451+0000] {dag.py:3954} INFO - Setting next_dagrun for dag_scraping_offres_emploi to 2026-04-19 00:00:00+00:00, run_after=2026-04-19 06:00:00+00:00
[2026-04-19T11:53:14.494+0000] {processor.py:183} INFO - Processing /opt/airflow/dags/DagScraper.py took 0.194 seconds
[2026-04-19T11:53:44.791+0000] {processor.py:161} INFO - Started process (PID=39079) to work on /opt/airflow/dags/DagScraper.py
[2026-04-19T11:53:44.793+0000] {processor.py:830} INFO - Processing file /opt/airflow/dags/DagScraper.py for tasks to queue
[2026-04-19T11:53:44.802+0000] {logging_mixin.py:188} INFO - [2026-04-19T11:53:44.800+0000] {dagbag.py:545} INFO - Filling up the DagBag from /opt/airflow/dags/DagScraper.py
[2026-04-19T11:53:44.865+0000] {processor.py:840} INFO - DAG(s) 'dag_scraping_offres_emploi' retrieved from /opt/airflow/dags/DagScraper.py
[2026-04-19T11:53:44.986+0000] {logging_mixin.py:188} INFO - [2026-04-19T11:53:44.985+0000] {dag.py:3096} INFO - Sync 1 DAGs
[2026-04-19T11:53:45.088+0000] {logging_mixin.py:188} INFO - [2026-04-19T11:53:45.087+0000] {dag.py:3954} INFO - Setting next_dagrun for dag_scraping_offres_emploi to 2026-04-19 00:00:00+00:00, run_after=2026-04-19 06:00:00+00:00
[2026-04-19T11:53:45.171+0000] {processor.py:183} INFO - Processing /opt/airflow/dags/DagScraper.py took 0.414 seconds
[2026-04-19T11:54:15.546+0000] {processor.py:161} INFO - Started process (PID=39093) to work on /opt/airflow/dags/DagScraper.py
[2026-04-19T11:54:15.548+0000] {processor.py:830} INFO - Processing file /opt/airflow/dags/DagScraper.py for tasks to queue
[2026-04-19T11:54:15.554+0000] {logging_mixin.py:188} INFO - [2026-04-19T11:54:15.551+0000] {dagbag.py:545} INFO - Filling up the DagBag from /opt/airflow/dags/DagScraper.py
[2026-04-19T11:54:15.620+0000] {processor.py:840} INFO - DAG(s) 'dag_scraping_offres_emploi' retrieved from /opt/airflow/dags/DagScraper.py
[2026-04-19T11:54:15.730+0000] {logging_mixin.py:188} INFO - [2026-04-19T11:54:15.730+0000] {dag.py:3096} INFO - Sync 1 DAGs
[2026-04-19T11:54:15.775+0000] {logging_mixin.py:188} INFO - [2026-04-19T11:54:15.775+0000] {dag.py:3954} INFO - Setting next_dagrun for dag_scraping_offres_emploi to 2026-04-19 00:00:00+00:00, run_after=2026-04-19 06:00:00+00:00
[2026-04-19T11:54:15.825+0000] {processor.py:183} INFO - Processing /opt/airflow/dags/DagScraper.py took 0.296 seconds
[2026-04-19T11:54:45.917+0000] {processor.py:161} INFO - Started process (PID=39100) to work on /opt/airflow/dags/DagScraper.py
[2026-04-19T11:54:45.920+0000] {processor.py:830} INFO - Processing file /opt/airflow/dags/DagScraper.py for tasks to queue
[2026-04-19T11:54:45.925+0000] {logging_mixin.py:188} INFO - [2026-04-19T11:54:45.924+0000] {dagbag.py:545} INFO - Filling up the DagBag from /opt/airflow/dags/DagScraper.py
[2026-04-19T11:54:45.983+0000] {processor.py:840} INFO - DAG(s) 'dag_scraping_offres_emploi' retrieved from /opt/airflow/dags/DagScraper.py
[2026-04-19T11:54:46.173+0000] {logging_mixin.py:188} INFO - [2026-04-19T11:54:46.173+0000] {dag.py:3096} INFO - Sync 1 DAGs
[2026-04-19T11:54:46.279+0000] {logging_mixin.py:188} INFO - [2026-04-19T11:54:46.278+0000] {dag.py:3954} INFO - Setting next_dagrun for dag_scraping_offres_emploi to 2026-04-19 00:00:00+00:00, run_after=2026-04-19 06:00:00+00:00
[2026-04-19T11:54:46.327+0000] {processor.py:183} INFO - Processing /opt/airflow/dags/DagScraper.py took 0.423 seconds
[2026-04-19T11:55:16.787+0000] {processor.py:161} INFO - Started process (PID=39116) to work on /opt/airflow/dags/DagScraper.py
[2026-04-19T11:55:16.789+0000] {processor.py:830} INFO - Processing file /opt/airflow/dags/DagScraper.py for tasks to queue
[2026-04-19T11:55:16.793+0000] {logging_mixin.py:188} INFO - [2026-04-19T11:55:16.792+0000] {dagbag.py:545} INFO - Filling up the DagBag from /opt/airflow/dags/DagScraper.py
[2026-04-19T11:55:16.836+0000] {processor.py:840} INFO - DAG(s) 'dag_scraping_offres_emploi' retrieved from /opt/airflow/dags/DagScraper.py
[2026-04-19T11:55:16.966+0000] {logging_mixin.py:188} INFO - [2026-04-19T11:55:16.965+0000] {dag.py:3096} INFO - Sync 1 DAGs
[2026-04-19T11:55:17.100+0000] {logging_mixin.py:188} INFO - [2026-04-19T11:55:17.100+0000] {dag.py:3954} INFO - Setting next_dagrun for dag_scraping_offres_emploi to 2026-04-19 00:00:00+00:00, run_after=2026-04-19 06:00:00+00:00
[2026-04-19T11:55:17.172+0000] {processor.py:183} INFO - Processing /opt/airflow/dags/DagScraper.py took 0.398 seconds
[2026-04-19T11:55:47.378+0000] {processor.py:161} INFO - Started process (PID=39124) to work on /opt/airflow/dags/DagScraper.py
[2026-04-19T11:55:47.380+0000] {processor.py:830} INFO - Processing file /opt/airflow/dags/DagScraper.py for tasks to queue
[2026-04-19T11:55:47.384+0000] {logging_mixin.py:188} INFO - [2026-04-19T11:55:47.384+0000] {dagbag.py:545} INFO - Filling up the DagBag from /opt/airflow/dags/DagScraper.py
[2026-04-19T11:55:47.424+0000] {processor.py:840} INFO - DAG(s) 'dag_scraping_offres_emploi' retrieved from /opt/airflow/dags/DagScraper.py
[2026-04-19T11:55:47.516+0000] {logging_mixin.py:188} INFO - [2026-04-19T11:55:47.516+0000] {dag.py:3096} INFO - Sync 1 DAGs
[2026-04-19T11:55:47.612+0000] {logging_mixin.py:188} INFO - [2026-04-19T11:55:47.612+0000] {dag.py:3954} INFO - Setting next_dagrun for dag_scraping_offres_emploi to 2026-04-19 00:00:00+00:00, run_after=2026-04-19 06:00:00+00:00
[2026-04-19T11:55:47.698+0000] {processor.py:183} INFO - Processing /opt/airflow/dags/DagScraper.py took 0.334 seconds
[2026-04-19T11:56:18.238+0000] {processor.py:161} INFO - Started process (PID=39138) to work on /opt/airflow/dags/DagScraper.py
[2026-04-19T11:56:18.240+0000] {processor.py:830} INFO - Processing file /opt/airflow/dags/DagScraper.py for tasks to queue
[2026-04-19T11:56:18.243+0000] {logging_mixin.py:188} INFO - [2026-04-19T11:56:18.242+0000] {dagbag.py:545} INFO - Filling up the DagBag from /opt/airflow/dags/DagScraper.py
[2026-04-19T11:56:18.276+0000] {processor.py:840} INFO - DAG(s) 'dag_scraping_offres_emploi' retrieved from /opt/airflow/dags/DagScraper.py
[2026-04-19T11:56:18.350+0000] {logging_mixin.py:188} INFO - [2026-04-19T11:56:18.349+0000] {dag.py:3096} INFO - Sync 1 DAGs
[2026-04-19T11:56:18.402+0000] {logging_mixin.py:188} INFO - [2026-04-19T11:56:18.402+0000] {dag.py:3954} INFO - Setting next_dagrun for dag_scraping_offres_emploi to 2026-04-19 00:00:00+00:00, run_after=2026-04-19 06:00:00+00:00
[2026-04-19T11:56:18.446+0000] {processor.py:183} INFO - Processing /opt/airflow/dags/DagScraper.py took 0.218 seconds
[2026-04-19T11:56:48.956+0000] {processor.py:161} INFO - Started process (PID=39146) to work on /opt/airflow/dags/DagScraper.py
[2026-04-19T11:56:48.958+0000] {processor.py:830} INFO - Processing file /opt/airflow/dags/DagScraper.py for tasks to queue
[2026-04-19T11:56:48.962+0000] {logging_mixin.py:188} INFO - [2026-04-19T11:56:48.961+0000] {dagbag.py:545} INFO - Filling up the DagBag from /opt/airflow/dags/DagScraper.py
[2026-04-19T11:56:48.996+0000] {processor.py:840} INFO - DAG(s) 'dag_scraping_offres_emploi' retrieved from /opt/airflow/dags/DagScraper.py
[2026-04-19T11:56:49.051+0000] {logging_mixin.py:188} INFO - [2026-04-19T11:56:49.051+0000] {dag.py:3096} INFO - Sync 1 DAGs
[2026-04-19T11:56:49.087+0000] {logging_mixin.py:188} INFO - [2026-04-19T11:56:49.086+0000] {dag.py:3954} INFO - Setting next_dagrun for dag_scraping_offres_emploi to 2026-04-19 00:00:00+00:00, run_after=2026-04-19 06:00:00+00:00
[2026-04-19T11:56:49.122+0000] {processor.py:183} INFO - Processing /opt/airflow/dags/DagScraper.py took 0.176 seconds
[2026-04-19T11:57:19.648+0000] {processor.py:161} INFO - Started process (PID=39161) to work on /opt/airflow/dags/DagScraper.py
[2026-04-19T11:57:19.650+0000] {processor.py:830} INFO - Processing file /opt/airflow/dags/DagScraper.py for tasks to queue
[2026-04-19T11:57:19.654+0000] {logging_mixin.py:188} INFO - [2026-04-19T11:57:19.653+0000] {dagbag.py:545} INFO - Filling up the DagBag from /opt/airflow/dags/DagScraper.py
[2026-04-19T11:57:19.705+0000] {processor.py:840} INFO - DAG(s) 'dag_scraping_offres_emploi' retrieved from /opt/airflow/dags/DagScraper.py
[2026-04-19T11:57:19.775+0000] {logging_mixin.py:188} INFO - [2026-04-19T11:57:19.774+0000] {dag.py:3096} INFO - Sync 1 DAGs
[2026-04-19T11:57:19.827+0000] {logging_mixin.py:188} INFO - [2026-04-19T11:57:19.826+0000] {dag.py:3954} INFO - Setting next_dagrun for dag_scraping_offres_emploi to 2026-04-19 00:00:00+00:00, run_after=2026-04-19 06:00:00+00:00
[2026-04-19T11:57:19.891+0000] {processor.py:183} INFO - Processing /opt/airflow/dags/DagScraper.py took 0.259 seconds
[2026-04-19T11:57:50.451+0000] {processor.py:161} INFO - Started process (PID=39169) to work on /opt/airflow/dags/DagScraper.py
[2026-04-19T11:57:50.453+0000] {processor.py:830} INFO - Processing file /opt/airflow/dags/DagScraper.py for tasks to queue
[2026-04-19T11:57:50.457+0000] {logging_mixin.py:188} INFO - [2026-04-19T11:57:50.456+0000] {dagbag.py:545} INFO - Filling up the DagBag from /opt/airflow/dags/DagScraper.py
[2026-04-19T11:57:50.521+0000] {processor.py:840} INFO - DAG(s) 'dag_scraping_offres_emploi' retrieved from /opt/airflow/dags/DagScraper.py
[2026-04-19T11:57:50.624+0000] {logging_mixin.py:188} INFO - [2026-04-19T11:57:50.623+0000] {dag.py:3096} INFO - Sync 1 DAGs
[2026-04-19T11:57:50.704+0000] {logging_mixin.py:188} INFO - [2026-04-19T11:57:50.703+0000] {dag.py:3954} INFO - Setting next_dagrun for dag_scraping_offres_emploi to 2026-04-19 00:00:00+00:00, run_after=2026-04-19 06:00:00+00:00
[2026-04-19T11:57:50.802+0000] {processor.py:183} INFO - Processing /opt/airflow/dags/DagScraper.py took 0.365 seconds
[2026-04-19T11:58:21.815+0000] {processor.py:161} INFO - Started process (PID=39183) to work on /opt/airflow/dags/DagScraper.py
[2026-04-19T11:58:21.818+0000] {processor.py:830} INFO - Processing file /opt/airflow/dags/DagScraper.py for tasks to queue
[2026-04-19T11:58:21.822+0000] {logging_mixin.py:188} INFO - [2026-04-19T11:58:21.821+0000] {dagbag.py:545} INFO - Filling up the DagBag from /opt/airflow/dags/DagScraper.py
[2026-04-19T11:58:21.865+0000] {processor.py:840} INFO - DAG(s) 'dag_scraping_offres_emploi' retrieved from /opt/airflow/dags/DagScraper.py
[2026-04-19T11:58:21.955+0000] {logging_mixin.py:188} INFO - [2026-04-19T11:58:21.954+0000] {dag.py:3096} INFO - Sync 1 DAGs
[2026-04-19T11:58:22.014+0000] {logging_mixin.py:188} INFO - [2026-04-19T11:58:22.013+0000] {dag.py:3954} INFO - Setting next_dagrun for dag_scraping_offres_emploi to 2026-04-19 00:00:00+00:00, run_after=2026-04-19 06:00:00+00:00
[2026-04-19T11:58:22.054+0000] {processor.py:183} INFO - Processing /opt/airflow/dags/DagScraper.py took 0.256 seconds
[2026-04-19T11:58:52.572+0000] {processor.py:161} INFO - Started process (PID=39197) to work on /opt/airflow/dags/DagScraper.py
[2026-04-19T11:58:52.574+0000] {processor.py:830} INFO - Processing file /opt/airflow/dags/DagScraper.py for tasks to queue
[2026-04-19T11:58:52.577+0000] {logging_mixin.py:188} INFO - [2026-04-19T11:58:52.577+0000] {dagbag.py:545} INFO - Filling up the DagBag from /opt/airflow/dags/DagScraper.py
[2026-04-19T11:58:52.613+0000] {processor.py:840} INFO - DAG(s) 'dag_scraping_offres_emploi' retrieved from /opt/airflow/dags/DagScraper.py
[2026-04-19T11:58:52.684+0000] {logging_mixin.py:188} INFO - [2026-04-19T11:58:52.684+0000] {dag.py:3096} INFO - Sync 1 DAGs
[2026-04-19T11:58:52.803+0000] {logging_mixin.py:188} INFO - [2026-04-19T11:58:52.803+0000] {dag.py:3954} INFO - Setting next_dagrun for dag_scraping_offres_emploi to 2026-04-19 00:00:00+00:00, run_after=2026-04-19 06:00:00+00:00
[2026-04-19T11:58:52.965+0000] {processor.py:183} INFO - Processing /opt/airflow/dags/DagScraper.py took 0.402 seconds
[2026-04-19T11:59:23.440+0000] {processor.py:161} INFO - Started process (PID=39205) to work on /opt/airflow/dags/DagScraper.py
[2026-04-19T11:59:23.442+0000] {processor.py:830} INFO - Processing file /opt/airflow/dags/DagScraper.py for tasks to queue
[2026-04-19T11:59:23.446+0000] {logging_mixin.py:188} INFO - [2026-04-19T11:59:23.445+0000] {dagbag.py:545} INFO - Filling up the DagBag from /opt/airflow/dags/DagScraper.py
[2026-04-19T11:59:23.500+0000] {processor.py:840} INFO - DAG(s) 'dag_scraping_offres_emploi' retrieved from /opt/airflow/dags/DagScraper.py
[2026-04-19T11:59:23.599+0000] {logging_mixin.py:188} INFO - [2026-04-19T11:59:23.598+0000] {dag.py:3096} INFO - Sync 1 DAGs
[2026-04-19T11:59:23.668+0000] {logging_mixin.py:188} INFO - [2026-04-19T11:59:23.667+0000] {dag.py:3954} INFO - Setting next_dagrun for dag_scraping_offres_emploi to 2026-04-19 00:00:00+00:00, run_after=2026-04-19 06:00:00+00:00
[2026-04-19T11:59:23.762+0000] {processor.py:183} INFO - Processing /opt/airflow/dags/DagScraper.py took 0.339 seconds
[2026-04-19T11:59:54.222+0000] {processor.py:161} INFO - Started process (PID=39219) to work on /opt/airflow/dags/DagScraper.py
[2026-04-19T11:59:54.225+0000] {processor.py:830} INFO - Processing file /opt/airflow/dags/DagScraper.py for tasks to queue
[2026-04-19T11:59:54.229+0000] {logging_mixin.py:188} INFO - [2026-04-19T11:59:54.229+0000] {dagbag.py:545} INFO - Filling up the DagBag from /opt/airflow/dags/DagScraper.py
[2026-04-19T11:59:54.270+0000] {processor.py:840} INFO - DAG(s) 'dag_scraping_offres_emploi' retrieved from /opt/airflow/dags/DagScraper.py
[2026-04-19T11:59:54.354+0000] {logging_mixin.py:188} INFO - [2026-04-19T11:59:54.353+0000] {dag.py:3096} INFO - Sync 1 DAGs
[2026-04-19T11:59:54.405+0000] {logging_mixin.py:188} INFO - [2026-04-19T11:59:54.404+0000] {dag.py:3954} INFO - Setting next_dagrun for dag_scraping_offres_emploi to 2026-04-19 00:00:00+00:00, run_after=2026-04-19 06:00:00+00:00
[2026-04-19T11:59:54.450+0000] {processor.py:183} INFO - Processing /opt/airflow/dags/DagScraper.py took 0.250 seconds
[2026-04-19T12:00:24.596+0000] {processor.py:161} INFO - Started process (PID=39227) to work on /opt/airflow/dags/DagScraper.py
[2026-04-19T12:00:24.598+0000] {processor.py:830} INFO - Processing file /opt/airflow/dags/DagScraper.py for tasks to queue
[2026-04-19T12:00:24.602+0000] {logging_mixin.py:188} INFO - [2026-04-19T12:00:24.601+0000] {dagbag.py:545} INFO - Filling up the DagBag from /opt/airflow/dags/DagScraper.py
[2026-04-19T12:00:24.648+0000] {processor.py:840} INFO - DAG(s) 'dag_scraping_offres_emploi' retrieved from /opt/airflow/dags/DagScraper.py
[2026-04-19T12:00:24.754+0000] {logging_mixin.py:188} INFO - [2026-04-19T12:00:24.753+0000] {dag.py:3096} INFO - Sync 1 DAGs
[2026-04-19T12:00:24.820+0000] {logging_mixin.py:188} INFO - [2026-04-19T12:00:24.819+0000] {dag.py:3954} INFO - Setting next_dagrun for dag_scraping_offres_emploi to 2026-04-19 06:00:00+00:00, run_after=2026-04-19 12:00:00+00:00
[2026-04-19T12:00:24.898+0000] {processor.py:183} INFO - Processing /opt/airflow/dags/DagScraper.py took 0.316 seconds
[2026-04-19T12:00:55.302+0000] {processor.py:161} INFO - Started process (PID=39240) to work on /opt/airflow/dags/DagScraper.py
[2026-04-19T12:00:55.305+0000] {processor.py:830} INFO - Processing file /opt/airflow/dags/DagScraper.py for tasks to queue
[2026-04-19T12:00:55.311+0000] {logging_mixin.py:188} INFO - [2026-04-19T12:00:55.310+0000] {dagbag.py:545} INFO - Filling up the DagBag from /opt/airflow/dags/DagScraper.py
[2026-04-19T12:00:55.354+0000] {processor.py:840} INFO - DAG(s) 'dag_scraping_offres_emploi' retrieved from /opt/airflow/dags/DagScraper.py
[2026-04-19T12:00:55.447+0000] {logging_mixin.py:188} INFO - [2026-04-19T12:00:55.446+0000] {dag.py:3096} INFO - Sync 1 DAGs
[2026-04-19T12:00:55.495+0000] {logging_mixin.py:188} INFO - [2026-04-19T12:00:55.495+0000] {dag.py:3954} INFO - Setting next_dagrun for dag_scraping_offres_emploi to 2026-04-19 06:00:00+00:00, run_after=2026-04-19 12:00:00+00:00
[2026-04-19T12:00:55.543+0000] {processor.py:183} INFO - Processing /opt/airflow/dags/DagScraper.py took 0.254 seconds
[2026-04-19T12:01:26.201+0000] {processor.py:161} INFO - Started process (PID=39249) to work on /opt/airflow/dags/DagScraper.py
[2026-04-19T12:01:26.203+0000] {processor.py:830} INFO - Processing file /opt/airflow/dags/DagScraper.py for tasks to queue
[2026-04-19T12:01:26.210+0000] {logging_mixin.py:188} INFO - [2026-04-19T12:01:26.210+0000] {dagbag.py:545} INFO - Filling up the DagBag from /opt/airflow/dags/DagScraper.py
[2026-04-19T12:01:26.280+0000] {processor.py:840} INFO - DAG(s) 'dag_scraping_offres_emploi' retrieved from /opt/airflow/dags/DagScraper.py
[2026-04-19T12:01:26.355+0000] {logging_mixin.py:188} INFO - [2026-04-19T12:01:26.355+0000] {dag.py:3096} INFO - Sync 1 DAGs
[2026-04-19T12:01:26.403+0000] {logging_mixin.py:188} INFO - [2026-04-19T12:01:26.403+0000] {dag.py:3954} INFO - Setting next_dagrun for dag_scraping_offres_emploi to 2026-04-19 06:00:00+00:00, run_after=2026-04-19 12:00:00+00:00
[2026-04-19T12:01:26.447+0000] {processor.py:183} INFO - Processing /opt/airflow/dags/DagScraper.py took 0.274 seconds
[2026-04-19T12:01:56.914+0000] {processor.py:161} INFO - Started process (PID=39263) to work on /opt/airflow/dags/DagScraper.py
[2026-04-19T12:01:56.916+0000] {processor.py:830} INFO - Processing file /opt/airflow/dags/DagScraper.py for tasks to queue
[2026-04-19T12:01:56.919+0000] {logging_mixin.py:188} INFO - [2026-04-19T12:01:56.918+0000] {dagbag.py:545} INFO - Filling up the DagBag from /opt/airflow/dags/DagScraper.py
[2026-04-19T12:01:56.955+0000] {processor.py:840} INFO - DAG(s) 'dag_scraping_offres_emploi' retrieved from /opt/airflow/dags/DagScraper.py
[2026-04-19T12:01:57.033+0000] {logging_mixin.py:188} INFO - [2026-04-19T12:01:57.032+0000] {dag.py:3096} INFO - Sync 1 DAGs
[2026-04-19T12:01:57.077+0000] {logging_mixin.py:188} INFO - [2026-04-19T12:01:57.077+0000] {dag.py:3954} INFO - Setting next_dagrun for dag_scraping_offres_emploi to 2026-04-19 06:00:00+00:00, run_after=2026-04-19 12:00:00+00:00
[2026-04-19T12:01:57.135+0000] {processor.py:183} INFO - Processing /opt/airflow/dags/DagScraper.py took 0.231 seconds
[2026-04-19T12:02:27.646+0000] {processor.py:161} INFO - Started process (PID=39271) to work on /opt/airflow/dags/DagScraper.py
[2026-04-19T12:02:27.648+0000] {processor.py:830} INFO - Processing file /opt/airflow/dags/DagScraper.py for tasks to queue
[2026-04-19T12:02:27.654+0000] {logging_mixin.py:188} INFO - [2026-04-19T12:02:27.653+0000] {dagbag.py:545} INFO - Filling up the DagBag from /opt/airflow/dags/DagScraper.py
[2026-04-19T12:02:27.690+0000] {processor.py:840} INFO - DAG(s) 'dag_scraping_offres_emploi' retrieved from /opt/airflow/dags/DagScraper.py
[2026-04-19T12:02:27.755+0000] {logging_mixin.py:188} INFO - [2026-04-19T12:02:27.755+0000] {dag.py:3096} INFO - Sync 1 DAGs
[2026-04-19T12:02:27.814+0000] {logging_mixin.py:188} INFO - [2026-04-19T12:02:27.813+0000] {dag.py:3954} INFO - Setting next_dagrun for dag_scraping_offres_emploi to 2026-04-19 06:00:00+00:00, run_after=2026-04-19 12:00:00+00:00
[2026-04-19T12:02:27.871+0000] {processor.py:183} INFO - Processing /opt/airflow/dags/DagScraper.py took 0.237 seconds
[2026-04-19T12:02:58.481+0000] {processor.py:161} INFO - Started process (PID=39284) to work on /opt/airflow/dags/DagScraper.py
[2026-04-19T12:02:58.483+0000] {processor.py:830} INFO - Processing file /opt/airflow/dags/DagScraper.py for tasks to queue
[2026-04-19T12:02:58.488+0000] {logging_mixin.py:188} INFO - [2026-04-19T12:02:58.487+0000] {dagbag.py:545} INFO - Filling up the DagBag from /opt/airflow/dags/DagScraper.py
[2026-04-19T12:02:58.537+0000] {processor.py:840} INFO - DAG(s) 'dag_scraping_offres_emploi' retrieved from /opt/airflow/dags/DagScraper.py
[2026-04-19T12:02:58.633+0000] {logging_mixin.py:188} INFO - [2026-04-19T12:02:58.632+0000] {dag.py:3096} INFO - Sync 1 DAGs
[2026-04-19T12:02:58.721+0000] {logging_mixin.py:188} INFO - [2026-04-19T12:02:58.720+0000] {dag.py:3954} INFO - Setting next_dagrun for dag_scraping_offres_emploi to 2026-04-19 06:00:00+00:00, run_after=2026-04-19 12:00:00+00:00
[2026-04-19T12:02:58.789+0000] {processor.py:183} INFO - Processing /opt/airflow/dags/DagScraper.py took 0.318 seconds
[2026-04-19T12:03:29.597+0000] {processor.py:161} INFO - Started process (PID=39292) to work on /opt/airflow/dags/DagScraper.py
[2026-04-19T12:03:29.599+0000] {processor.py:830} INFO - Processing file /opt/airflow/dags/DagScraper.py for tasks to queue
[2026-04-19T12:03:29.604+0000] {logging_mixin.py:188} INFO - [2026-04-19T12:03:29.603+0000] {dagbag.py:545} INFO - Filling up the DagBag from /opt/airflow/dags/DagScraper.py
[2026-04-19T12:03:29.656+0000] {processor.py:840} INFO - DAG(s) 'dag_scraping_offres_emploi' retrieved from /opt/airflow/dags/DagScraper.py
[2026-04-19T12:03:29.742+0000] {logging_mixin.py:188} INFO - [2026-04-19T12:03:29.741+0000] {dag.py:3096} INFO - Sync 1 DAGs
[2026-04-19T12:03:29.788+0000] {logging_mixin.py:188} INFO - [2026-04-19T12:03:29.787+0000] {dag.py:3954} INFO - Setting next_dagrun for dag_scraping_offres_emploi to 2026-04-19 06:00:00+00:00, run_after=2026-04-19 12:00:00+00:00
[2026-04-19T12:03:29.829+0000] {processor.py:183} INFO - Processing /opt/airflow/dags/DagScraper.py took 0.246 seconds
[2026-04-19T12:04:00.389+0000] {processor.py:161} INFO - Started process (PID=39306) to work on /opt/airflow/dags/DagScraper.py
[2026-04-19T12:04:00.391+0000] {processor.py:830} INFO - Processing file /opt/airflow/dags/DagScraper.py for tasks to queue
[2026-04-19T12:04:00.394+0000] {logging_mixin.py:188} INFO - [2026-04-19T12:04:00.394+0000] {dagbag.py:545} INFO - Filling up the DagBag from /opt/airflow/dags/DagScraper.py
[2026-04-19T12:04:00.436+0000] {processor.py:840} INFO - DAG(s) 'dag_scraping_offres_emploi' retrieved from /opt/airflow/dags/DagScraper.py
[2026-04-19T12:04:00.491+0000] {logging_mixin.py:188} INFO - [2026-04-19T12:04:00.491+0000] {dag.py:3096} INFO - Sync 1 DAGs
[2026-04-19T12:04:00.529+0000] {logging_mixin.py:188} INFO - [2026-04-19T12:04:00.528+0000] {dag.py:3954} INFO - Setting next_dagrun for dag_scraping_offres_emploi to 2026-04-19 06:00:00+00:00, run_after=2026-04-19 12:00:00+00:00
[2026-04-19T12:04:00.579+0000] {processor.py:183} INFO - Processing /opt/airflow/dags/DagScraper.py took 0.203 seconds
[2026-04-19T12:04:31.195+0000] {processor.py:161} INFO - Started process (PID=39314) to work on /opt/airflow/dags/DagScraper.py
[2026-04-19T12:04:31.196+0000] {processor.py:830} INFO - Processing file /opt/airflow/dags/DagScraper.py for tasks to queue
[2026-04-19T12:04:31.200+0000] {logging_mixin.py:188} INFO - [2026-04-19T12:04:31.199+0000] {dagbag.py:545} INFO - Filling up the DagBag from /opt/airflow/dags/DagScraper.py
[2026-04-19T12:04:31.241+0000] {processor.py:840} INFO - DAG(s) 'dag_scraping_offres_emploi' retrieved from /opt/airflow/dags/DagScraper.py
[2026-04-19T12:04:31.338+0000] {logging_mixin.py:188} INFO - [2026-04-19T12:04:31.337+0000] {dag.py:3096} INFO - Sync 1 DAGs
[2026-04-19T12:04:31.410+0000] {logging_mixin.py:188} INFO - [2026-04-19T12:04:31.410+0000] {dag.py:3954} INFO - Setting next_dagrun for dag_scraping_offres_emploi to 2026-04-19 06:00:00+00:00, run_after=2026-04-19 12:00:00+00:00
[2026-04-19T12:04:31.467+0000] {processor.py:183} INFO - Processing /opt/airflow/dags/DagScraper.py took 0.281 seconds
[2026-04-19T12:05:01.662+0000] {processor.py:161} INFO - Started process (PID=39328) to work on /opt/airflow/dags/DagScraper.py
[2026-04-19T12:05:01.663+0000] {processor.py:830} INFO - Processing file /opt/airflow/dags/DagScraper.py for tasks to queue
[2026-04-19T12:05:01.667+0000] {logging_mixin.py:188} INFO - [2026-04-19T12:05:01.666+0000] {dagbag.py:545} INFO - Filling up the DagBag from /opt/airflow/dags/DagScraper.py
[2026-04-19T12:05:01.713+0000] {processor.py:840} INFO - DAG(s) 'dag_scraping_offres_emploi' retrieved from /opt/airflow/dags/DagScraper.py
[2026-04-19T12:05:01.837+0000] {logging_mixin.py:188} INFO - [2026-04-19T12:05:01.837+0000] {dag.py:3096} INFO - Sync 1 DAGs
[2026-04-19T12:05:01.923+0000] {logging_mixin.py:188} INFO - [2026-04-19T12:05:01.922+0000] {dag.py:3954} INFO - Setting next_dagrun for dag_scraping_offres_emploi to 2026-04-19 06:00:00+00:00, run_after=2026-04-19 12:00:00+00:00
[2026-04-19T12:05:01.969+0000] {processor.py:183} INFO - Processing /opt/airflow/dags/DagScraper.py took 0.320 seconds
[2026-04-19T12:05:32.542+0000] {processor.py:161} INFO - Started process (PID=39336) to work on /opt/airflow/dags/DagScraper.py
[2026-04-19T12:05:32.543+0000] {processor.py:830} INFO - Processing file /opt/airflow/dags/DagScraper.py for tasks to queue
[2026-04-19T12:05:32.547+0000] {logging_mixin.py:188} INFO - [2026-04-19T12:05:32.546+0000] {dagbag.py:545} INFO - Filling up the DagBag from /opt/airflow/dags/DagScraper.py
[2026-04-19T12:05:32.581+0000] {processor.py:840} INFO - DAG(s) 'dag_scraping_offres_emploi' retrieved from /opt/airflow/dags/DagScraper.py
[2026-04-19T12:05:32.643+0000] {logging_mixin.py:188} INFO - [2026-04-19T12:05:32.643+0000] {dag.py:3096} INFO - Sync 1 DAGs
[2026-04-19T12:05:32.684+0000] {logging_mixin.py:188} INFO - [2026-04-19T12:05:32.684+0000] {dag.py:3954} INFO - Setting next_dagrun for dag_scraping_offres_emploi to 2026-04-19 06:00:00+00:00, run_after=2026-04-19 12:00:00+00:00
[2026-04-19T12:05:32.728+0000] {processor.py:183} INFO - Processing /opt/airflow/dags/DagScraper.py took 0.199 seconds
[2026-04-19T12:06:03.155+0000] {processor.py:161} INFO - Started process (PID=39349) to work on /opt/airflow/dags/DagScraper.py
[2026-04-19T12:06:03.157+0000] {processor.py:830} INFO - Processing file /opt/airflow/dags/DagScraper.py for tasks to queue
[2026-04-19T12:06:03.160+0000] {logging_mixin.py:188} INFO - [2026-04-19T12:06:03.159+0000] {dagbag.py:545} INFO - Filling up the DagBag from /opt/airflow/dags/DagScraper.py
[2026-04-19T12:06:03.204+0000] {processor.py:840} INFO - DAG(s) 'dag_scraping_offres_emploi' retrieved from /opt/airflow/dags/DagScraper.py
[2026-04-19T12:06:03.307+0000] {logging_mixin.py:188} INFO - [2026-04-19T12:06:03.307+0000] {dag.py:3096} INFO - Sync 1 DAGs
[2026-04-19T12:06:03.403+0000] {logging_mixin.py:188} INFO - [2026-04-19T12:06:03.402+0000] {dag.py:3954} INFO - Setting next_dagrun for dag_scraping_offres_emploi to 2026-04-19 06:00:00+00:00, run_after=2026-04-19 12:00:00+00:00
[2026-04-19T12:06:03.479+0000] {processor.py:183} INFO - Processing /opt/airflow/dags/DagScraper.py took 0.338 seconds
[2026-04-19T12:06:33.583+0000] {processor.py:161} INFO - Started process (PID=39357) to work on /opt/airflow/dags/DagScraper.py
[2026-04-19T12:06:33.584+0000] {processor.py:830} INFO - Processing file /opt/airflow/dags/DagScraper.py for tasks to queue
[2026-04-19T12:06:33.589+0000] {logging_mixin.py:188} INFO - [2026-04-19T12:06:33.588+0000] {dagbag.py:545} INFO - Filling up the DagBag from /opt/airflow/dags/DagScraper.py
[2026-04-19T12:06:33.635+0000] {processor.py:840} INFO - DAG(s) 'dag_scraping_offres_emploi' retrieved from /opt/airflow/dags/DagScraper.py
[2026-04-19T12:06:33.727+0000] {logging_mixin.py:188} INFO - [2026-04-19T12:06:33.727+0000] {dag.py:3096} INFO - Sync 1 DAGs
[2026-04-19T12:06:33.804+0000] {logging_mixin.py:188} INFO - [2026-04-19T12:06:33.803+0000] {dag.py:3954} INFO - Setting next_dagrun for dag_scraping_offres_emploi to 2026-04-19 06:00:00+00:00, run_after=2026-04-19 12:00:00+00:00
[2026-04-19T12:06:33.866+0000] {processor.py:183} INFO - Processing /opt/airflow/dags/DagScraper.py took 0.293 seconds
[2026-04-19T12:07:04.476+0000] {processor.py:161} INFO - Started process (PID=39372) to work on /opt/airflow/dags/DagScraper.py
[2026-04-19T12:07:04.492+0000] {processor.py:830} INFO - Processing file /opt/airflow/dags/DagScraper.py for tasks to queue
[2026-04-19T12:07:04.500+0000] {logging_mixin.py:188} INFO - [2026-04-19T12:07:04.500+0000] {dagbag.py:545} INFO - Filling up the DagBag from /opt/airflow/dags/DagScraper.py
[2026-04-19T12:07:04.624+0000] {processor.py:840} INFO - DAG(s) 'dag_scraping_offres_emploi' retrieved from /opt/airflow/dags/DagScraper.py
[2026-04-19T12:07:04.719+0000] {logging_mixin.py:188} INFO - [2026-04-19T12:07:04.718+0000] {dag.py:3096} INFO - Sync 1 DAGs
[2026-04-19T12:07:04.780+0000] {logging_mixin.py:188} INFO - [2026-04-19T12:07:04.779+0000] {dag.py:3954} INFO - Setting next_dagrun for dag_scraping_offres_emploi to 2026-04-19 06:00:00+00:00, run_after=2026-04-19 12:00:00+00:00
[2026-04-19T12:07:04.819+0000] {processor.py:183} INFO - Processing /opt/airflow/dags/DagScraper.py took 0.375 seconds
[2026-04-19T12:07:35.625+0000] {processor.py:161} INFO - Started process (PID=39380) to work on /opt/airflow/dags/DagScraper.py
[2026-04-19T12:07:35.641+0000] {processor.py:830} INFO - Processing file /opt/airflow/dags/DagScraper.py for tasks to queue
[2026-04-19T12:07:35.658+0000] {logging_mixin.py:188} INFO - [2026-04-19T12:07:35.657+0000] {dagbag.py:545} INFO - Filling up the DagBag from /opt/airflow/dags/DagScraper.py
[2026-04-19T12:07:35.813+0000] {processor.py:840} INFO - DAG(s) 'dag_scraping_offres_emploi' retrieved from /opt/airflow/dags/DagScraper.py
[2026-04-19T12:07:35.938+0000] {logging_mixin.py:188} INFO - [2026-04-19T12:07:35.938+0000] {dag.py:3096} INFO - Sync 1 DAGs
[2026-04-19T12:07:36.034+0000] {logging_mixin.py:188} INFO - [2026-04-19T12:07:36.034+0000] {dag.py:3954} INFO - Setting next_dagrun for dag_scraping_offres_emploi to 2026-04-19 06:00:00+00:00, run_after=2026-04-19 12:00:00+00:00
[2026-04-19T12:07:36.093+0000] {processor.py:183} INFO - Processing /opt/airflow/dags/DagScraper.py took 0.493 seconds
[2026-04-19T12:08:06.255+0000] {processor.py:161} INFO - Started process (PID=39394) to work on /opt/airflow/dags/DagScraper.py
[2026-04-19T12:08:06.257+0000] {processor.py:830} INFO - Processing file /opt/airflow/dags/DagScraper.py for tasks to queue
[2026-04-19T12:08:06.261+0000] {logging_mixin.py:188} INFO - [2026-04-19T12:08:06.260+0000] {dagbag.py:545} INFO - Filling up the DagBag from /opt/airflow/dags/DagScraper.py
[2026-04-19T12:08:06.312+0000] {processor.py:840} INFO - DAG(s) 'dag_scraping_offres_emploi' retrieved from /opt/airflow/dags/DagScraper.py
[2026-04-19T12:08:06.394+0000] {logging_mixin.py:188} INFO - [2026-04-19T12:08:06.394+0000] {dag.py:3096} INFO - Sync 1 DAGs
[2026-04-19T12:08:06.446+0000] {logging_mixin.py:188} INFO - [2026-04-19T12:08:06.446+0000] {dag.py:3954} INFO - Setting next_dagrun for dag_scraping_offres_emploi to 2026-04-19 06:00:00+00:00, run_after=2026-04-19 12:00:00+00:00
[2026-04-19T12:08:06.513+0000] {processor.py:183} INFO - Processing /opt/airflow/dags/DagScraper.py took 0.270 seconds
[2026-04-19T12:08:36.999+0000] {processor.py:161} INFO - Started process (PID=39409) to work on /opt/airflow/dags/DagScraper.py
[2026-04-19T12:08:37.007+0000] {processor.py:830} INFO - Processing file /opt/airflow/dags/DagScraper.py for tasks to queue
[2026-04-19T12:08:37.011+0000] {logging_mixin.py:188} INFO - [2026-04-19T12:08:37.010+0000] {dagbag.py:545} INFO - Filling up the DagBag from /opt/airflow/dags/DagScraper.py
[2026-04-19T12:08:37.059+0000] {processor.py:840} INFO - DAG(s) 'dag_scraping_offres_emploi' retrieved from /opt/airflow/dags/DagScraper.py
[2026-04-19T12:08:37.132+0000] {logging_mixin.py:188} INFO - [2026-04-19T12:08:37.132+0000] {dag.py:3096} INFO - Sync 1 DAGs
[2026-04-19T12:08:37.190+0000] {logging_mixin.py:188} INFO - [2026-04-19T12:08:37.189+0000] {dag.py:3954} INFO - Setting next_dagrun for dag_scraping_offres_emploi to 2026-04-19 06:00:00+00:00, run_after=2026-04-19 12:00:00+00:00
[2026-04-19T12:08:37.234+0000] {processor.py:183} INFO - Processing /opt/airflow/dags/DagScraper.py took 0.247 seconds
[2026-04-19T12:09:07.610+0000] {processor.py:161} INFO - Started process (PID=39417) to work on /opt/airflow/dags/DagScraper.py
[2026-04-19T12:09:07.614+0000] {processor.py:830} INFO - Processing file /opt/airflow/dags/DagScraper.py for tasks to queue
[2026-04-19T12:09:07.618+0000] {logging_mixin.py:188} INFO - [2026-04-19T12:09:07.618+0000] {dagbag.py:545} INFO - Filling up the DagBag from /opt/airflow/dags/DagScraper.py
[2026-04-19T12:09:07.663+0000] {processor.py:840} INFO - DAG(s) 'dag_scraping_offres_emploi' retrieved from /opt/airflow/dags/DagScraper.py
[2026-04-19T12:09:07.763+0000] {logging_mixin.py:188} INFO - [2026-04-19T12:09:07.762+0000] {dag.py:3096} INFO - Sync 1 DAGs
[2026-04-19T12:09:07.878+0000] {logging_mixin.py:188} INFO - [2026-04-19T12:09:07.877+0000] {dag.py:3954} INFO - Setting next_dagrun for dag_scraping_offres_emploi to 2026-04-19 06:00:00+00:00, run_after=2026-04-19 12:00:00+00:00
[2026-04-19T12:09:07.963+0000] {processor.py:183} INFO - Processing /opt/airflow/dags/DagScraper.py took 0.366 seconds
[2026-04-19T12:09:38.113+0000] {processor.py:161} INFO - Started process (PID=39431) to work on /opt/airflow/dags/DagScraper.py
[2026-04-19T12:09:38.116+0000] {processor.py:830} INFO - Processing file /opt/airflow/dags/DagScraper.py for tasks to queue
[2026-04-19T12:09:38.125+0000] {logging_mixin.py:188} INFO - [2026-04-19T12:09:38.124+0000] {dagbag.py:545} INFO - Filling up the DagBag from /opt/airflow/dags/DagScraper.py
[2026-04-19T12:09:38.179+0000] {processor.py:840} INFO - DAG(s) 'dag_scraping_offres_emploi' retrieved from /opt/airflow/dags/DagScraper.py
[2026-04-19T12:09:38.247+0000] {logging_mixin.py:188} INFO - [2026-04-19T12:09:38.247+0000] {dag.py:3096} INFO - Sync 1 DAGs
[2026-04-19T12:09:38.298+0000] {logging_mixin.py:188} INFO - [2026-04-19T12:09:38.295+0000] {dag.py:3954} INFO - Setting next_dagrun for dag_scraping_offres_emploi to 2026-04-19 06:00:00+00:00, run_after=2026-04-19 12:00:00+00:00
[2026-04-19T12:09:38.375+0000] {processor.py:183} INFO - Processing /opt/airflow/dags/DagScraper.py took 0.276 seconds
[2026-04-19T12:10:08.895+0000] {processor.py:161} INFO - Started process (PID=39439) to work on /opt/airflow/dags/DagScraper.py
[2026-04-19T12:10:08.901+0000] {processor.py:830} INFO - Processing file /opt/airflow/dags/DagScraper.py for tasks to queue
[2026-04-19T12:10:08.917+0000] {logging_mixin.py:188} INFO - [2026-04-19T12:10:08.916+0000] {dagbag.py:545} INFO - Filling up the DagBag from /opt/airflow/dags/DagScraper.py
[2026-04-19T12:10:09.104+0000] {processor.py:840} INFO - DAG(s) 'dag_scraping_offres_emploi' retrieved from /opt/airflow/dags/DagScraper.py
[2026-04-19T12:10:09.244+0000] {logging_mixin.py:188} INFO - [2026-04-19T12:10:09.243+0000] {dag.py:3096} INFO - Sync 1 DAGs
[2026-04-19T12:10:09.305+0000] {logging_mixin.py:188} INFO - [2026-04-19T12:10:09.304+0000] {dag.py:3954} INFO - Setting next_dagrun for dag_scraping_offres_emploi to 2026-04-19 06:00:00+00:00, run_after=2026-04-19 12:00:00+00:00
[2026-04-19T12:10:09.376+0000] {processor.py:183} INFO - Processing /opt/airflow/dags/DagScraper.py took 0.496 seconds
[2026-04-19T12:10:39.872+0000] {processor.py:161} INFO - Started process (PID=39454) to work on /opt/airflow/dags/DagScraper.py
[2026-04-19T12:10:39.874+0000] {processor.py:830} INFO - Processing file /opt/airflow/dags/DagScraper.py for tasks to queue
[2026-04-19T12:10:39.880+0000] {logging_mixin.py:188} INFO - [2026-04-19T12:10:39.879+0000] {dagbag.py:545} INFO - Filling up the DagBag from /opt/airflow/dags/DagScraper.py
[2026-04-19T12:10:39.964+0000] {processor.py:840} INFO - DAG(s) 'dag_scraping_offres_emploi' retrieved from /opt/airflow/dags/DagScraper.py
[2026-04-19T12:10:40.045+0000] {logging_mixin.py:188} INFO - [2026-04-19T12:10:40.044+0000] {dag.py:3096} INFO - Sync 1 DAGs
[2026-04-19T12:10:40.093+0000] {logging_mixin.py:188} INFO - [2026-04-19T12:10:40.092+0000] {dag.py:3954} INFO - Setting next_dagrun for dag_scraping_offres_emploi to 2026-04-19 06:00:00+00:00, run_after=2026-04-19 12:00:00+00:00
[2026-04-19T12:10:40.124+0000] {processor.py:183} INFO - Processing /opt/airflow/dags/DagScraper.py took 0.269 seconds
[2026-04-19T12:11:10.301+0000] {processor.py:161} INFO - Started process (PID=39462) to work on /opt/airflow/dags/DagScraper.py
[2026-04-19T12:11:10.303+0000] {processor.py:830} INFO - Processing file /opt/airflow/dags/DagScraper.py for tasks to queue
[2026-04-19T12:11:10.306+0000] {logging_mixin.py:188} INFO - [2026-04-19T12:11:10.305+0000] {dagbag.py:545} INFO - Filling up the DagBag from /opt/airflow/dags/DagScraper.py
[2026-04-19T12:11:10.341+0000] {processor.py:840} INFO - DAG(s) 'dag_scraping_offres_emploi' retrieved from /opt/airflow/dags/DagScraper.py
[2026-04-19T12:11:10.418+0000] {logging_mixin.py:188} INFO - [2026-04-19T12:11:10.417+0000] {dag.py:3096} INFO - Sync 1 DAGs
[2026-04-19T12:11:10.478+0000] {logging_mixin.py:188} INFO - [2026-04-19T12:11:10.478+0000] {dag.py:3954} INFO - Setting next_dagrun for dag_scraping_offres_emploi to 2026-04-19 06:00:00+00:00, run_after=2026-04-19 12:00:00+00:00
[2026-04-19T12:11:10.534+0000] {processor.py:183} INFO - Processing /opt/airflow/dags/DagScraper.py took 0.250 seconds
[2026-04-19T12:11:41.281+0000] {processor.py:161} INFO - Started process (PID=39477) to work on /opt/airflow/dags/DagScraper.py
[2026-04-19T12:11:41.283+0000] {processor.py:830} INFO - Processing file /opt/airflow/dags/DagScraper.py for tasks to queue
[2026-04-19T12:11:41.286+0000] {logging_mixin.py:188} INFO - [2026-04-19T12:11:41.285+0000] {dagbag.py:545} INFO - Filling up the DagBag from /opt/airflow/dags/DagScraper.py
[2026-04-19T12:11:41.349+0000] {processor.py:840} INFO - DAG(s) 'dag_scraping_offres_emploi' retrieved from /opt/airflow/dags/DagScraper.py
[2026-04-19T12:11:41.456+0000] {logging_mixin.py:188} INFO - [2026-04-19T12:11:41.455+0000] {dag.py:3096} INFO - Sync 1 DAGs
[2026-04-19T12:11:41.582+0000] {logging_mixin.py:188} INFO - [2026-04-19T12:11:41.581+0000] {dag.py:3954} INFO - Setting next_dagrun for dag_scraping_offres_emploi to 2026-04-19 06:00:00+00:00, run_after=2026-04-19 12:00:00+00:00
[2026-04-19T12:11:41.660+0000] {processor.py:183} INFO - Processing /opt/airflow/dags/DagScraper.py took 0.389 seconds
[2026-04-19T12:12:12.689+0000] {processor.py:161} INFO - Started process (PID=39485) to work on /opt/airflow/dags/DagScraper.py
[2026-04-19T12:12:12.691+0000] {processor.py:830} INFO - Processing file /opt/airflow/dags/DagScraper.py for tasks to queue
[2026-04-19T12:12:12.696+0000] {logging_mixin.py:188} INFO - [2026-04-19T12:12:12.695+0000] {dagbag.py:545} INFO - Filling up the DagBag from /opt/airflow/dags/DagScraper.py
[2026-04-19T12:12:12.744+0000] {processor.py:840} INFO - DAG(s) 'dag_scraping_offres_emploi' retrieved from /opt/airflow/dags/DagScraper.py
[2026-04-19T12:12:12.825+0000] {logging_mixin.py:188} INFO - [2026-04-19T12:12:12.824+0000] {dag.py:3096} INFO - Sync 1 DAGs
[2026-04-19T12:12:12.875+0000] {logging_mixin.py:188} INFO - [2026-04-19T12:12:12.875+0000] {dag.py:3954} INFO - Setting next_dagrun for dag_scraping_offres_emploi to 2026-04-19 06:00:00+00:00, run_after=2026-04-19 12:00:00+00:00
[2026-04-19T12:12:12.924+0000] {processor.py:183} INFO - Processing /opt/airflow/dags/DagScraper.py took 0.245 seconds
[2026-04-19T12:12:43.348+0000] {processor.py:161} INFO - Started process (PID=39499) to work on /opt/airflow/dags/DagScraper.py
[2026-04-19T12:12:43.350+0000] {processor.py:830} INFO - Processing file /opt/airflow/dags/DagScraper.py for tasks to queue
[2026-04-19T12:12:43.353+0000] {logging_mixin.py:188} INFO - [2026-04-19T12:12:43.352+0000] {dagbag.py:545} INFO - Filling up the DagBag from /opt/airflow/dags/DagScraper.py
[2026-04-19T12:12:43.387+0000] {processor.py:840} INFO - DAG(s) 'dag_scraping_offres_emploi' retrieved from /opt/airflow/dags/DagScraper.py
[2026-04-19T12:12:43.447+0000] {logging_mixin.py:188} INFO - [2026-04-19T12:12:43.447+0000] {dag.py:3096} INFO - Sync 1 DAGs
[2026-04-19T12:12:43.528+0000] {logging_mixin.py:188} INFO - [2026-04-19T12:12:43.528+0000] {dag.py:3954} INFO - Setting next_dagrun for dag_scraping_offres_emploi to 2026-04-19 06:00:00+00:00, run_after=2026-04-19 12:00:00+00:00
[2026-04-19T12:12:43.602+0000] {processor.py:183} INFO - Processing /opt/airflow/dags/DagScraper.py took 0.263 seconds
[2026-04-19T12:13:13.868+0000] {processor.py:161} INFO - Started process (PID=39507) to work on /opt/airflow/dags/DagScraper.py
[2026-04-19T12:13:13.870+0000] {processor.py:830} INFO - Processing file /opt/airflow/dags/DagScraper.py for tasks to queue
[2026-04-19T12:13:13.875+0000] {logging_mixin.py:188} INFO - [2026-04-19T12:13:13.874+0000] {dagbag.py:545} INFO - Filling up the DagBag from /opt/airflow/dags/DagScraper.py
[2026-04-19T12:13:13.927+0000] {processor.py:840} INFO - DAG(s) 'dag_scraping_offres_emploi' retrieved from /opt/airflow/dags/DagScraper.py
[2026-04-19T12:13:13.988+0000] {logging_mixin.py:188} INFO - [2026-04-19T12:13:13.988+0000] {dag.py:3096} INFO - Sync 1 DAGs
[2026-04-19T12:13:14.030+0000] {logging_mixin.py:188} INFO - [2026-04-19T12:13:14.029+0000] {dag.py:3954} INFO - Setting next_dagrun for dag_scraping_offres_emploi to 2026-04-19 06:00:00+00:00, run_after=2026-04-19 12:00:00+00:00
[2026-04-19T12:13:14.065+0000] {processor.py:183} INFO - Processing /opt/airflow/dags/DagScraper.py took 0.215 seconds
[2026-04-19T12:13:44.897+0000] {processor.py:161} INFO - Started process (PID=39521) to work on /opt/airflow/dags/DagScraper.py
[2026-04-19T12:13:44.905+0000] {processor.py:830} INFO - Processing file /opt/airflow/dags/DagScraper.py for tasks to queue
[2026-04-19T12:13:44.911+0000] {logging_mixin.py:188} INFO - [2026-04-19T12:13:44.910+0000] {dagbag.py:545} INFO - Filling up the DagBag from /opt/airflow/dags/DagScraper.py
[2026-04-19T12:13:44.992+0000] {processor.py:840} INFO - DAG(s) 'dag_scraping_offres_emploi' retrieved from /opt/airflow/dags/DagScraper.py
[2026-04-19T12:13:45.080+0000] {logging_mixin.py:188} INFO - [2026-04-19T12:13:45.080+0000] {dag.py:3096} INFO - Sync 1 DAGs
[2026-04-19T12:13:45.166+0000] {logging_mixin.py:188} INFO - [2026-04-19T12:13:45.165+0000] {dag.py:3954} INFO - Setting next_dagrun for dag_scraping_offres_emploi to 2026-04-19 06:00:00+00:00, run_after=2026-04-19 12:00:00+00:00
[2026-04-19T12:13:45.234+0000] {processor.py:183} INFO - Processing /opt/airflow/dags/DagScraper.py took 0.362 seconds
[2026-04-19T12:14:15.538+0000] {processor.py:161} INFO - Started process (PID=39530) to work on /opt/airflow/dags/DagScraper.py
[2026-04-19T12:14:15.540+0000] {processor.py:830} INFO - Processing file /opt/airflow/dags/DagScraper.py for tasks to queue
[2026-04-19T12:14:15.547+0000] {logging_mixin.py:188} INFO - [2026-04-19T12:14:15.546+0000] {dagbag.py:545} INFO - Filling up the DagBag from /opt/airflow/dags/DagScraper.py
[2026-04-19T12:14:15.702+0000] {processor.py:840} INFO - DAG(s) 'dag_scraping_offres_emploi' retrieved from /opt/airflow/dags/DagScraper.py
[2026-04-19T12:14:15.834+0000] {logging_mixin.py:188} INFO - [2026-04-19T12:14:15.833+0000] {dag.py:3096} INFO - Sync 1 DAGs
[2026-04-19T12:14:15.898+0000] {logging_mixin.py:188} INFO - [2026-04-19T12:14:15.898+0000] {dag.py:3954} INFO - Setting next_dagrun for dag_scraping_offres_emploi to 2026-04-19 06:00:00+00:00, run_after=2026-04-19 12:00:00+00:00
[2026-04-19T12:14:15.967+0000] {processor.py:183} INFO - Processing /opt/airflow/dags/DagScraper.py took 0.441 seconds
[2026-04-19T12:14:46.412+0000] {processor.py:161} INFO - Started process (PID=39546) to work on /opt/airflow/dags/DagScraper.py
[2026-04-19T12:14:46.413+0000] {processor.py:830} INFO - Processing file /opt/airflow/dags/DagScraper.py for tasks to queue
[2026-04-19T12:14:46.417+0000] {logging_mixin.py:188} INFO - [2026-04-19T12:14:46.417+0000] {dagbag.py:545} INFO - Filling up the DagBag from /opt/airflow/dags/DagScraper.py
[2026-04-19T12:14:46.456+0000] {processor.py:840} INFO - DAG(s) 'dag_scraping_offres_emploi' retrieved from /opt/airflow/dags/DagScraper.py
[2026-04-19T12:14:46.523+0000] {logging_mixin.py:188} INFO - [2026-04-19T12:14:46.523+0000] {dag.py:3096} INFO - Sync 1 DAGs
[2026-04-19T12:14:46.588+0000] {logging_mixin.py:188} INFO - [2026-04-19T12:14:46.588+0000] {dag.py:3954} INFO - Setting next_dagrun for dag_scraping_offres_emploi to 2026-04-19 06:00:00+00:00, run_after=2026-04-19 12:00:00+00:00
[2026-04-19T12:14:46.652+0000] {processor.py:183} INFO - Processing /opt/airflow/dags/DagScraper.py took 0.250 seconds
[2026-04-19T12:15:17.196+0000] {processor.py:161} INFO - Started process (PID=39554) to work on /opt/airflow/dags/DagScraper.py
[2026-04-19T12:15:17.197+0000] {processor.py:830} INFO - Processing file /opt/airflow/dags/DagScraper.py for tasks to queue
[2026-04-19T12:15:17.200+0000] {logging_mixin.py:188} INFO - [2026-04-19T12:15:17.199+0000] {dagbag.py:545} INFO - Filling up the DagBag from /opt/airflow/dags/DagScraper.py
[2026-04-19T12:15:17.232+0000] {processor.py:840} INFO - DAG(s) 'dag_scraping_offres_emploi' retrieved from /opt/airflow/dags/DagScraper.py
[2026-04-19T12:15:17.294+0000] {logging_mixin.py:188} INFO - [2026-04-19T12:15:17.294+0000] {dag.py:3096} INFO - Sync 1 DAGs
[2026-04-19T12:15:17.341+0000] {logging_mixin.py:188} INFO - [2026-04-19T12:15:17.341+0000] {dag.py:3954} INFO - Setting next_dagrun for dag_scraping_offres_emploi to 2026-04-19 06:00:00+00:00, run_after=2026-04-19 12:00:00+00:00
[2026-04-19T12:15:17.383+0000] {processor.py:183} INFO - Processing /opt/airflow/dags/DagScraper.py took 0.197 seconds
[2026-04-19T12:15:48.003+0000] {processor.py:161} INFO - Started process (PID=39568) to work on /opt/airflow/dags/DagScraper.py
[2026-04-19T12:15:48.012+0000] {processor.py:830} INFO - Processing file /opt/airflow/dags/DagScraper.py for tasks to queue
[2026-04-19T12:15:48.018+0000] {logging_mixin.py:188} INFO - [2026-04-19T12:15:48.017+0000] {dagbag.py:545} INFO - Filling up the DagBag from /opt/airflow/dags/DagScraper.py
[2026-04-19T12:15:48.144+0000] {processor.py:840} INFO - DAG(s) 'dag_scraping_offres_emploi' retrieved from /opt/airflow/dags/DagScraper.py
[2026-04-19T12:15:48.251+0000] {logging_mixin.py:188} INFO - [2026-04-19T12:15:48.250+0000] {dag.py:3096} INFO - Sync 1 DAGs
[2026-04-19T12:15:48.295+0000] {logging_mixin.py:188} INFO - [2026-04-19T12:15:48.295+0000] {dag.py:3954} INFO - Setting next_dagrun for dag_scraping_offres_emploi to 2026-04-19 06:00:00+00:00, run_after=2026-04-19 12:00:00+00:00
[2026-04-19T12:15:48.342+0000] {processor.py:183} INFO - Processing /opt/airflow/dags/DagScraper.py took 0.356 seconds
[2026-04-19T12:16:18.812+0000] {processor.py:161} INFO - Started process (PID=39577) to work on /opt/airflow/dags/DagScraper.py
[2026-04-19T12:16:18.813+0000] {processor.py:830} INFO - Processing file /opt/airflow/dags/DagScraper.py for tasks to queue
[2026-04-19T12:16:18.816+0000] {logging_mixin.py:188} INFO - [2026-04-19T12:16:18.816+0000] {dagbag.py:545} INFO - Filling up the DagBag from /opt/airflow/dags/DagScraper.py
[2026-04-19T12:16:18.868+0000] {processor.py:840} INFO - DAG(s) 'dag_scraping_offres_emploi' retrieved from /opt/airflow/dags/DagScraper.py
[2026-04-19T12:16:18.947+0000] {logging_mixin.py:188} INFO - [2026-04-19T12:16:18.946+0000] {dag.py:3096} INFO - Sync 1 DAGs
[2026-04-19T12:16:19.037+0000] {logging_mixin.py:188} INFO - [2026-04-19T12:16:19.036+0000] {dag.py:3954} INFO - Setting next_dagrun for dag_scraping_offres_emploi to 2026-04-19 06:00:00+00:00, run_after=2026-04-19 12:00:00+00:00
[2026-04-19T12:16:19.083+0000] {processor.py:183} INFO - Processing /opt/airflow/dags/DagScraper.py took 0.280 seconds
[2026-04-19T12:16:49.211+0000] {processor.py:161} INFO - Started process (PID=39591) to work on /opt/airflow/dags/DagScraper.py
[2026-04-19T12:16:49.213+0000] {processor.py:830} INFO - Processing file /opt/airflow/dags/DagScraper.py for tasks to queue
[2026-04-19T12:16:49.216+0000] {logging_mixin.py:188} INFO - [2026-04-19T12:16:49.215+0000] {dagbag.py:545} INFO - Filling up the DagBag from /opt/airflow/dags/DagScraper.py
[2026-04-19T12:16:49.255+0000] {processor.py:840} INFO - DAG(s) 'dag_scraping_offres_emploi' retrieved from /opt/airflow/dags/DagScraper.py
[2026-04-19T12:16:49.310+0000] {logging_mixin.py:188} INFO - [2026-04-19T12:16:49.309+0000] {dag.py:3096} INFO - Sync 1 DAGs
[2026-04-19T12:16:49.350+0000] {logging_mixin.py:188} INFO - [2026-04-19T12:16:49.349+0000] {dag.py:3954} INFO - Setting next_dagrun for dag_scraping_offres_emploi to 2026-04-19 06:00:00+00:00, run_after=2026-04-19 12:00:00+00:00
[2026-04-19T12:16:49.387+0000] {processor.py:183} INFO - Processing /opt/airflow/dags/DagScraper.py took 0.185 seconds
[2026-04-19T12:17:19.871+0000] {processor.py:161} INFO - Started process (PID=39598) to work on /opt/airflow/dags/DagScraper.py
[2026-04-19T12:17:19.873+0000] {processor.py:830} INFO - Processing file /opt/airflow/dags/DagScraper.py for tasks to queue
[2026-04-19T12:17:19.878+0000] {logging_mixin.py:188} INFO - [2026-04-19T12:17:19.877+0000] {dagbag.py:545} INFO - Filling up the DagBag from /opt/airflow/dags/DagScraper.py
[2026-04-19T12:17:19.940+0000] {processor.py:840} INFO - DAG(s) 'dag_scraping_offres_emploi' retrieved from /opt/airflow/dags/DagScraper.py
[2026-04-19T12:17:20.051+0000] {logging_mixin.py:188} INFO - [2026-04-19T12:17:20.051+0000] {dag.py:3096} INFO - Sync 1 DAGs
[2026-04-19T12:17:20.125+0000] {logging_mixin.py:188} INFO - [2026-04-19T12:17:20.124+0000] {dag.py:3954} INFO - Setting next_dagrun for dag_scraping_offres_emploi to 2026-04-19 06:00:00+00:00, run_after=2026-04-19 12:00:00+00:00
[2026-04-19T12:17:20.226+0000] {processor.py:183} INFO - Processing /opt/airflow/dags/DagScraper.py took 0.371 seconds
[2026-04-19T12:17:50.657+0000] {processor.py:161} INFO - Started process (PID=39612) to work on /opt/airflow/dags/DagScraper.py
[2026-04-19T12:17:50.658+0000] {processor.py:830} INFO - Processing file /opt/airflow/dags/DagScraper.py for tasks to queue
[2026-04-19T12:17:50.663+0000] {logging_mixin.py:188} INFO - [2026-04-19T12:17:50.662+0000] {dagbag.py:545} INFO - Filling up the DagBag from /opt/airflow/dags/DagScraper.py
[2026-04-19T12:17:50.703+0000] {processor.py:840} INFO - DAG(s) 'dag_scraping_offres_emploi' retrieved from /opt/airflow/dags/DagScraper.py
[2026-04-19T12:17:50.780+0000] {logging_mixin.py:188} INFO - [2026-04-19T12:17:50.779+0000] {dag.py:3096} INFO - Sync 1 DAGs
[2026-04-19T12:17:50.825+0000] {logging_mixin.py:188} INFO - [2026-04-19T12:17:50.824+0000] {dag.py:3954} INFO - Setting next_dagrun for dag_scraping_offres_emploi to 2026-04-19 06:00:00+00:00, run_after=2026-04-19 12:00:00+00:00
[2026-04-19T12:17:50.860+0000] {processor.py:183} INFO - Processing /opt/airflow/dags/DagScraper.py took 0.213 seconds
[2026-04-19T12:18:21.267+0000] {processor.py:161} INFO - Started process (PID=39626) to work on /opt/airflow/dags/DagScraper.py
[2026-04-19T12:18:21.268+0000] {processor.py:830} INFO - Processing file /opt/airflow/dags/DagScraper.py for tasks to queue
[2026-04-19T12:18:21.272+0000] {logging_mixin.py:188} INFO - [2026-04-19T12:18:21.271+0000] {dagbag.py:545} INFO - Filling up the DagBag from /opt/airflow/dags/DagScraper.py
[2026-04-19T12:18:21.307+0000] {processor.py:840} INFO - DAG(s) 'dag_scraping_offres_emploi' retrieved from /opt/airflow/dags/DagScraper.py
[2026-04-19T12:18:21.366+0000] {logging_mixin.py:188} INFO - [2026-04-19T12:18:21.366+0000] {dag.py:3096} INFO - Sync 1 DAGs
[2026-04-19T12:18:21.413+0000] {logging_mixin.py:188} INFO - [2026-04-19T12:18:21.412+0000] {dag.py:3954} INFO - Setting next_dagrun for dag_scraping_offres_emploi to 2026-04-19 06:00:00+00:00, run_after=2026-04-19 12:00:00+00:00
[2026-04-19T12:18:21.466+0000] {processor.py:183} INFO - Processing /opt/airflow/dags/DagScraper.py took 0.211 seconds
[2026-04-19T12:18:51.997+0000] {processor.py:161} INFO - Started process (PID=39633) to work on /opt/airflow/dags/DagScraper.py
[2026-04-19T12:18:52.005+0000] {processor.py:830} INFO - Processing file /opt/airflow/dags/DagScraper.py for tasks to queue
[2026-04-19T12:18:52.013+0000] {logging_mixin.py:188} INFO - [2026-04-19T12:18:52.012+0000] {dagbag.py:545} INFO - Filling up the DagBag from /opt/airflow/dags/DagScraper.py
[2026-04-19T12:18:52.128+0000] {processor.py:840} INFO - DAG(s) 'dag_scraping_offres_emploi' retrieved from /opt/airflow/dags/DagScraper.py
[2026-04-19T12:18:52.310+0000] {logging_mixin.py:188} INFO - [2026-04-19T12:18:52.310+0000] {dag.py:3096} INFO - Sync 1 DAGs
[2026-04-19T12:18:52.374+0000] {logging_mixin.py:188} INFO - [2026-04-19T12:18:52.373+0000] {dag.py:3954} INFO - Setting next_dagrun for dag_scraping_offres_emploi to 2026-04-19 06:00:00+00:00, run_after=2026-04-19 12:00:00+00:00
[2026-04-19T12:18:52.434+0000] {processor.py:183} INFO - Processing /opt/airflow/dags/DagScraper.py took 0.454 seconds
[2026-04-19T12:19:22.799+0000] {processor.py:161} INFO - Started process (PID=39648) to work on /opt/airflow/dags/DagScraper.py
[2026-04-19T12:19:22.801+0000] {processor.py:830} INFO - Processing file /opt/airflow/dags/DagScraper.py for tasks to queue
[2026-04-19T12:19:22.808+0000] {logging_mixin.py:188} INFO - [2026-04-19T12:19:22.806+0000] {dagbag.py:545} INFO - Filling up the DagBag from /opt/airflow/dags/DagScraper.py
[2026-04-19T12:19:22.879+0000] {processor.py:840} INFO - DAG(s) 'dag_scraping_offres_emploi' retrieved from /opt/airflow/dags/DagScraper.py
[2026-04-19T12:19:22.964+0000] {logging_mixin.py:188} INFO - [2026-04-19T12:19:22.963+0000] {dag.py:3096} INFO - Sync 1 DAGs
[2026-04-19T12:19:23.063+0000] {logging_mixin.py:188} INFO - [2026-04-19T12:19:23.061+0000] {dag.py:3954} INFO - Setting next_dagrun for dag_scraping_offres_emploi to 2026-04-19 06:00:00+00:00, run_after=2026-04-19 12:00:00+00:00
[2026-04-19T12:19:23.149+0000] {processor.py:183} INFO - Processing /opt/airflow/dags/DagScraper.py took 0.368 seconds
[2026-04-19T12:19:53.308+0000] {processor.py:161} INFO - Started process (PID=39658) to work on /opt/airflow/dags/DagScraper.py
[2026-04-19T12:19:53.310+0000] {processor.py:830} INFO - Processing file /opt/airflow/dags/DagScraper.py for tasks to queue
[2026-04-19T12:19:53.313+0000] {logging_mixin.py:188} INFO - [2026-04-19T12:19:53.313+0000] {dagbag.py:545} INFO - Filling up the DagBag from /opt/airflow/dags/DagScraper.py
[2026-04-19T12:19:53.352+0000] {processor.py:840} INFO - DAG(s) 'dag_scraping_offres_emploi' retrieved from /opt/airflow/dags/DagScraper.py
[2026-04-19T12:19:53.408+0000] {logging_mixin.py:188} INFO - [2026-04-19T12:19:53.407+0000] {dag.py:3096} INFO - Sync 1 DAGs
[2026-04-19T12:19:53.444+0000] {logging_mixin.py:188} INFO - [2026-04-19T12:19:53.443+0000] {dag.py:3954} INFO - Setting next_dagrun for dag_scraping_offres_emploi to 2026-04-19 06:00:00+00:00, run_after=2026-04-19 12:00:00+00:00
[2026-04-19T12:19:53.493+0000] {processor.py:183} INFO - Processing /opt/airflow/dags/DagScraper.py took 0.194 seconds
[2026-04-19T12:20:24.158+0000] {processor.py:161} INFO - Started process (PID=39673) to work on /opt/airflow/dags/DagScraper.py
[2026-04-19T12:20:24.159+0000] {processor.py:830} INFO - Processing file /opt/airflow/dags/DagScraper.py for tasks to queue
[2026-04-19T12:20:24.162+0000] {logging_mixin.py:188} INFO - [2026-04-19T12:20:24.162+0000] {dagbag.py:545} INFO - Filling up the DagBag from /opt/airflow/dags/DagScraper.py
[2026-04-19T12:20:24.196+0000] {processor.py:840} INFO - DAG(s) 'dag_scraping_offres_emploi' retrieved from /opt/airflow/dags/DagScraper.py
[2026-04-19T12:20:24.263+0000] {logging_mixin.py:188} INFO - [2026-04-19T12:20:24.263+0000] {dag.py:3096} INFO - Sync 1 DAGs
[2026-04-19T12:20:24.313+0000] {logging_mixin.py:188} INFO - [2026-04-19T12:20:24.313+0000] {dag.py:3954} INFO - Setting next_dagrun for dag_scraping_offres_emploi to 2026-04-19 06:00:00+00:00, run_after=2026-04-19 12:00:00+00:00
[2026-04-19T12:20:24.358+0000] {processor.py:183} INFO - Processing /opt/airflow/dags/DagScraper.py took 0.211 seconds
[2026-04-19T12:20:55.266+0000] {processor.py:161} INFO - Started process (PID=39681) to work on /opt/airflow/dags/DagScraper.py
[2026-04-19T12:20:55.268+0000] {processor.py:830} INFO - Processing file /opt/airflow/dags/DagScraper.py for tasks to queue
[2026-04-19T12:20:55.272+0000] {logging_mixin.py:188} INFO - [2026-04-19T12:20:55.271+0000] {dagbag.py:545} INFO - Filling up the DagBag from /opt/airflow/dags/DagScraper.py
[2026-04-19T12:20:55.319+0000] {processor.py:840} INFO - DAG(s) 'dag_scraping_offres_emploi' retrieved from /opt/airflow/dags/DagScraper.py
[2026-04-19T12:20:55.514+0000] {logging_mixin.py:188} INFO - [2026-04-19T12:20:55.513+0000] {dag.py:3096} INFO - Sync 1 DAGs
[2026-04-19T12:20:55.652+0000] {logging_mixin.py:188} INFO - [2026-04-19T12:20:55.651+0000] {dag.py:3954} INFO - Setting next_dagrun for dag_scraping_offres_emploi to 2026-04-19 06:00:00+00:00, run_after=2026-04-19 12:00:00+00:00
[2026-04-19T12:20:55.728+0000] {processor.py:183} INFO - Processing /opt/airflow/dags/DagScraper.py took 0.475 seconds
[2026-04-19T12:21:26.251+0000] {processor.py:161} INFO - Started process (PID=39695) to work on /opt/airflow/dags/DagScraper.py
[2026-04-19T12:21:26.253+0000] {processor.py:830} INFO - Processing file /opt/airflow/dags/DagScraper.py for tasks to queue
[2026-04-19T12:21:26.257+0000] {logging_mixin.py:188} INFO - [2026-04-19T12:21:26.256+0000] {dagbag.py:545} INFO - Filling up the DagBag from /opt/airflow/dags/DagScraper.py
[2026-04-19T12:21:26.299+0000] {processor.py:840} INFO - DAG(s) 'dag_scraping_offres_emploi' retrieved from /opt/airflow/dags/DagScraper.py
[2026-04-19T12:21:26.364+0000] {logging_mixin.py:188} INFO - [2026-04-19T12:21:26.364+0000] {dag.py:3096} INFO - Sync 1 DAGs
[2026-04-19T12:21:26.402+0000] {logging_mixin.py:188} INFO - [2026-04-19T12:21:26.402+0000] {dag.py:3954} INFO - Setting next_dagrun for dag_scraping_offres_emploi to 2026-04-19 06:00:00+00:00, run_after=2026-04-19 12:00:00+00:00
[2026-04-19T12:21:26.445+0000] {processor.py:183} INFO - Processing /opt/airflow/dags/DagScraper.py took 0.205 seconds
[2026-04-19T12:21:57.218+0000] {processor.py:161} INFO - Started process (PID=39703) to work on /opt/airflow/dags/DagScraper.py
[2026-04-19T12:21:57.220+0000] {processor.py:830} INFO - Processing file /opt/airflow/dags/DagScraper.py for tasks to queue
[2026-04-19T12:21:57.223+0000] {logging_mixin.py:188} INFO - [2026-04-19T12:21:57.223+0000] {dagbag.py:545} INFO - Filling up the DagBag from /opt/airflow/dags/DagScraper.py
[2026-04-19T12:21:57.263+0000] {processor.py:840} INFO - DAG(s) 'dag_scraping_offres_emploi' retrieved from /opt/airflow/dags/DagScraper.py
[2026-04-19T12:21:57.333+0000] {logging_mixin.py:188} INFO - [2026-04-19T12:21:57.333+0000] {dag.py:3096} INFO - Sync 1 DAGs
[2026-04-19T12:21:57.372+0000] {logging_mixin.py:188} INFO - [2026-04-19T12:21:57.371+0000] {dag.py:3954} INFO - Setting next_dagrun for dag_scraping_offres_emploi to 2026-04-19 06:00:00+00:00, run_after=2026-04-19 12:00:00+00:00
[2026-04-19T12:21:57.420+0000] {processor.py:183} INFO - Processing /opt/airflow/dags/DagScraper.py took 0.219 seconds
[2026-04-19T12:22:27.992+0000] {processor.py:161} INFO - Started process (PID=39719) to work on /opt/airflow/dags/DagScraper.py
[2026-04-19T12:22:27.993+0000] {processor.py:830} INFO - Processing file /opt/airflow/dags/DagScraper.py for tasks to queue
[2026-04-19T12:22:27.996+0000] {logging_mixin.py:188} INFO - [2026-04-19T12:22:27.996+0000] {dagbag.py:545} INFO - Filling up the DagBag from /opt/airflow/dags/DagScraper.py
[2026-04-19T12:22:28.034+0000] {processor.py:840} INFO - DAG(s) 'dag_scraping_offres_emploi' retrieved from /opt/airflow/dags/DagScraper.py
[2026-04-19T12:22:28.095+0000] {logging_mixin.py:188} INFO - [2026-04-19T12:22:28.095+0000] {dag.py:3096} INFO - Sync 1 DAGs
[2026-04-19T12:22:28.141+0000] {logging_mixin.py:188} INFO - [2026-04-19T12:22:28.141+0000] {dag.py:3954} INFO - Setting next_dagrun for dag_scraping_offres_emploi to 2026-04-19 06:00:00+00:00, run_after=2026-04-19 12:00:00+00:00
[2026-04-19T12:22:28.189+0000] {processor.py:183} INFO - Processing /opt/airflow/dags/DagScraper.py took 0.207 seconds
[2026-04-19T12:22:58.618+0000] {processor.py:161} INFO - Started process (PID=39727) to work on /opt/airflow/dags/DagScraper.py
[2026-04-19T12:22:58.619+0000] {processor.py:830} INFO - Processing file /opt/airflow/dags/DagScraper.py for tasks to queue
[2026-04-19T12:22:58.623+0000] {logging_mixin.py:188} INFO - [2026-04-19T12:22:58.622+0000] {dagbag.py:545} INFO - Filling up the DagBag from /opt/airflow/dags/DagScraper.py
[2026-04-19T12:22:58.662+0000] {processor.py:840} INFO - DAG(s) 'dag_scraping_offres_emploi' retrieved from /opt/airflow/dags/DagScraper.py
[2026-04-19T12:22:58.738+0000] {logging_mixin.py:188} INFO - [2026-04-19T12:22:58.738+0000] {dag.py:3096} INFO - Sync 1 DAGs
[2026-04-19T12:22:58.808+0000] {logging_mixin.py:188} INFO - [2026-04-19T12:22:58.807+0000] {dag.py:3954} INFO - Setting next_dagrun for dag_scraping_offres_emploi to 2026-04-19 06:00:00+00:00, run_after=2026-04-19 12:00:00+00:00
[2026-04-19T12:22:58.913+0000] {processor.py:183} INFO - Processing /opt/airflow/dags/DagScraper.py took 0.304 seconds
[2026-04-19T12:23:29.273+0000] {processor.py:161} INFO - Started process (PID=39741) to work on /opt/airflow/dags/DagScraper.py
[2026-04-19T12:23:29.276+0000] {processor.py:830} INFO - Processing file /opt/airflow/dags/DagScraper.py for tasks to queue
[2026-04-19T12:23:29.279+0000] {logging_mixin.py:188} INFO - [2026-04-19T12:23:29.278+0000] {dagbag.py:545} INFO - Filling up the DagBag from /opt/airflow/dags/DagScraper.py
[2026-04-19T12:23:29.328+0000] {processor.py:840} INFO - DAG(s) 'dag_scraping_offres_emploi' retrieved from /opt/airflow/dags/DagScraper.py
[2026-04-19T12:23:29.407+0000] {logging_mixin.py:188} INFO - [2026-04-19T12:23:29.407+0000] {dag.py:3096} INFO - Sync 1 DAGs
[2026-04-19T12:23:29.455+0000] {logging_mixin.py:188} INFO - [2026-04-19T12:23:29.455+0000] {dag.py:3954} INFO - Setting next_dagrun for dag_scraping_offres_emploi to 2026-04-19 06:00:00+00:00, run_after=2026-04-19 12:00:00+00:00
[2026-04-19T12:23:29.495+0000] {processor.py:183} INFO - Processing /opt/airflow/dags/DagScraper.py took 0.239 seconds
[2026-04-19T12:24:00.101+0000] {processor.py:161} INFO - Started process (PID=39749) to work on /opt/airflow/dags/DagScraper.py
[2026-04-19T12:24:00.103+0000] {processor.py:830} INFO - Processing file /opt/airflow/dags/DagScraper.py for tasks to queue
[2026-04-19T12:24:00.107+0000] {logging_mixin.py:188} INFO - [2026-04-19T12:24:00.107+0000] {dagbag.py:545} INFO - Filling up the DagBag from /opt/airflow/dags/DagScraper.py
[2026-04-19T12:24:00.152+0000] {processor.py:840} INFO - DAG(s) 'dag_scraping_offres_emploi' retrieved from /opt/airflow/dags/DagScraper.py
[2026-04-19T12:24:00.224+0000] {logging_mixin.py:188} INFO - [2026-04-19T12:24:00.223+0000] {dag.py:3096} INFO - Sync 1 DAGs
[2026-04-19T12:24:00.271+0000] {logging_mixin.py:188} INFO - [2026-04-19T12:24:00.270+0000] {dag.py:3954} INFO - Setting next_dagrun for dag_scraping_offres_emploi to 2026-04-19 06:00:00+00:00, run_after=2026-04-19 12:00:00+00:00
[2026-04-19T12:24:00.305+0000] {processor.py:183} INFO - Processing /opt/airflow/dags/DagScraper.py took 0.222 seconds
[2026-04-19T12:24:30.746+0000] {processor.py:161} INFO - Started process (PID=39763) to work on /opt/airflow/dags/DagScraper.py
[2026-04-19T12:24:30.749+0000] {processor.py:830} INFO - Processing file /opt/airflow/dags/DagScraper.py for tasks to queue
[2026-04-19T12:24:30.753+0000] {logging_mixin.py:188} INFO - [2026-04-19T12:24:30.752+0000] {dagbag.py:545} INFO - Filling up the DagBag from /opt/airflow/dags/DagScraper.py
[2026-04-19T12:24:30.839+0000] {processor.py:840} INFO - DAG(s) 'dag_scraping_offres_emploi' retrieved from /opt/airflow/dags/DagScraper.py
[2026-04-19T12:24:30.976+0000] {logging_mixin.py:188} INFO - [2026-04-19T12:24:30.976+0000] {dag.py:3096} INFO - Sync 1 DAGs
[2026-04-19T12:24:31.037+0000] {logging_mixin.py:188} INFO - [2026-04-19T12:24:31.036+0000] {dag.py:3954} INFO - Setting next_dagrun for dag_scraping_offres_emploi to 2026-04-19 06:00:00+00:00, run_after=2026-04-19 12:00:00+00:00
[2026-04-19T12:24:31.175+0000] {processor.py:183} INFO - Processing /opt/airflow/dags/DagScraper.py took 0.439 seconds
[2026-04-19T12:25:01.375+0000] {processor.py:161} INFO - Started process (PID=39771) to work on /opt/airflow/dags/DagScraper.py
[2026-04-19T12:25:01.377+0000] {processor.py:830} INFO - Processing file /opt/airflow/dags/DagScraper.py for tasks to queue
[2026-04-19T12:25:01.380+0000] {logging_mixin.py:188} INFO - [2026-04-19T12:25:01.380+0000] {dagbag.py:545} INFO - Filling up the DagBag from /opt/airflow/dags/DagScraper.py
[2026-04-19T12:25:01.412+0000] {processor.py:840} INFO - DAG(s) 'dag_scraping_offres_emploi' retrieved from /opt/airflow/dags/DagScraper.py
[2026-04-19T12:25:01.467+0000] {logging_mixin.py:188} INFO - [2026-04-19T12:25:01.467+0000] {dag.py:3096} INFO - Sync 1 DAGs
[2026-04-19T12:25:01.522+0000] {logging_mixin.py:188} INFO - [2026-04-19T12:25:01.521+0000] {dag.py:3954} INFO - Setting next_dagrun for dag_scraping_offres_emploi to 2026-04-19 06:00:00+00:00, run_after=2026-04-19 12:00:00+00:00
[2026-04-19T12:25:01.568+0000] {processor.py:183} INFO - Processing /opt/airflow/dags/DagScraper.py took 0.204 seconds
[2026-04-19T12:25:31.818+0000] {processor.py:161} INFO - Started process (PID=39785) to work on /opt/airflow/dags/DagScraper.py
[2026-04-19T12:25:31.820+0000] {processor.py:830} INFO - Processing file /opt/airflow/dags/DagScraper.py for tasks to queue
[2026-04-19T12:25:31.825+0000] {logging_mixin.py:188} INFO - [2026-04-19T12:25:31.824+0000] {dagbag.py:545} INFO - Filling up the DagBag from /opt/airflow/dags/DagScraper.py
[2026-04-19T12:25:31.877+0000] {processor.py:840} INFO - DAG(s) 'dag_scraping_offres_emploi' retrieved from /opt/airflow/dags/DagScraper.py
[2026-04-19T12:25:31.945+0000] {logging_mixin.py:188} INFO - [2026-04-19T12:25:31.945+0000] {dag.py:3096} INFO - Sync 1 DAGs
[2026-04-19T12:25:31.997+0000] {logging_mixin.py:188} INFO - [2026-04-19T12:25:31.996+0000] {dag.py:3954} INFO - Setting next_dagrun for dag_scraping_offres_emploi to 2026-04-19 06:00:00+00:00, run_after=2026-04-19 12:00:00+00:00
[2026-04-19T12:25:32.035+0000] {processor.py:183} INFO - Processing /opt/airflow/dags/DagScraper.py took 0.233 seconds
[2026-04-19T12:26:02.595+0000] {processor.py:161} INFO - Started process (PID=39793) to work on /opt/airflow/dags/DagScraper.py
[2026-04-19T12:26:02.597+0000] {processor.py:830} INFO - Processing file /opt/airflow/dags/DagScraper.py for tasks to queue
[2026-04-19T12:26:02.600+0000] {logging_mixin.py:188} INFO - [2026-04-19T12:26:02.599+0000] {dagbag.py:545} INFO - Filling up the DagBag from /opt/airflow/dags/DagScraper.py
[2026-04-19T12:26:02.645+0000] {processor.py:840} INFO - DAG(s) 'dag_scraping_offres_emploi' retrieved from /opt/airflow/dags/DagScraper.py
[2026-04-19T12:26:02.712+0000] {logging_mixin.py:188} INFO - [2026-04-19T12:26:02.712+0000] {dag.py:3096} INFO - Sync 1 DAGs
[2026-04-19T12:26:02.757+0000] {logging_mixin.py:188} INFO - [2026-04-19T12:26:02.757+0000] {dag.py:3954} INFO - Setting next_dagrun for dag_scraping_offres_emploi to 2026-04-19 06:00:00+00:00, run_after=2026-04-19 12:00:00+00:00
[2026-04-19T12:26:02.793+0000] {processor.py:183} INFO - Processing /opt/airflow/dags/DagScraper.py took 0.209 seconds
[2026-04-19T12:26:33.324+0000] {processor.py:161} INFO - Started process (PID=39808) to work on /opt/airflow/dags/DagScraper.py
[2026-04-19T12:26:33.327+0000] {processor.py:830} INFO - Processing file /opt/airflow/dags/DagScraper.py for tasks to queue
[2026-04-19T12:26:33.333+0000] {logging_mixin.py:188} INFO - [2026-04-19T12:26:33.332+0000] {dagbag.py:545} INFO - Filling up the DagBag from /opt/airflow/dags/DagScraper.py
[2026-04-19T12:26:33.374+0000] {processor.py:840} INFO - DAG(s) 'dag_scraping_offres_emploi' retrieved from /opt/airflow/dags/DagScraper.py
[2026-04-19T12:26:33.452+0000] {logging_mixin.py:188} INFO - [2026-04-19T12:26:33.451+0000] {dag.py:3096} INFO - Sync 1 DAGs
[2026-04-19T12:26:33.537+0000] {logging_mixin.py:188} INFO - [2026-04-19T12:26:33.536+0000] {dag.py:3954} INFO - Setting next_dagrun for dag_scraping_offres_emploi to 2026-04-19 06:00:00+00:00, run_after=2026-04-19 12:00:00+00:00
[2026-04-19T12:26:33.595+0000] {processor.py:183} INFO - Processing /opt/airflow/dags/DagScraper.py took 0.293 seconds
[2026-04-19T12:27:04.307+0000] {processor.py:161} INFO - Started process (PID=39822) to work on /opt/airflow/dags/DagScraper.py
[2026-04-19T12:27:04.313+0000] {processor.py:830} INFO - Processing file /opt/airflow/dags/DagScraper.py for tasks to queue
[2026-04-19T12:27:04.318+0000] {logging_mixin.py:188} INFO - [2026-04-19T12:27:04.317+0000] {dagbag.py:545} INFO - Filling up the DagBag from /opt/airflow/dags/DagScraper.py
[2026-04-19T12:27:04.399+0000] {processor.py:840} INFO - DAG(s) 'dag_scraping_offres_emploi' retrieved from /opt/airflow/dags/DagScraper.py
[2026-04-19T12:27:04.539+0000] {logging_mixin.py:188} INFO - [2026-04-19T12:27:04.538+0000] {dag.py:3096} INFO - Sync 1 DAGs
[2026-04-19T12:27:04.650+0000] {logging_mixin.py:188} INFO - [2026-04-19T12:27:04.649+0000] {dag.py:3954} INFO - Setting next_dagrun for dag_scraping_offres_emploi to 2026-04-19 06:00:00+00:00, run_after=2026-04-19 12:00:00+00:00
[2026-04-19T12:27:04.719+0000] {processor.py:183} INFO - Processing /opt/airflow/dags/DagScraper.py took 0.449 seconds
[2026-04-19T12:27:34.863+0000] {processor.py:161} INFO - Started process (PID=39830) to work on /opt/airflow/dags/DagScraper.py
[2026-04-19T12:27:34.865+0000] {processor.py:830} INFO - Processing file /opt/airflow/dags/DagScraper.py for tasks to queue
[2026-04-19T12:27:34.869+0000] {logging_mixin.py:188} INFO - [2026-04-19T12:27:34.869+0000] {dagbag.py:545} INFO - Filling up the DagBag from /opt/airflow/dags/DagScraper.py
[2026-04-19T12:27:34.913+0000] {processor.py:840} INFO - DAG(s) 'dag_scraping_offres_emploi' retrieved from /opt/airflow/dags/DagScraper.py
[2026-04-19T12:27:34.972+0000] {logging_mixin.py:188} INFO - [2026-04-19T12:27:34.972+0000] {dag.py:3096} INFO - Sync 1 DAGs
[2026-04-19T12:27:35.010+0000] {logging_mixin.py:188} INFO - [2026-04-19T12:27:35.010+0000] {dag.py:3954} INFO - Setting next_dagrun for dag_scraping_offres_emploi to 2026-04-19 06:00:00+00:00, run_after=2026-04-19 12:00:00+00:00
[2026-04-19T12:27:35.047+0000] {processor.py:183} INFO - Processing /opt/airflow/dags/DagScraper.py took 0.196 seconds
[2026-04-19T12:28:05.428+0000] {processor.py:161} INFO - Started process (PID=39844) to work on /opt/airflow/dags/DagScraper.py
[2026-04-19T12:28:05.430+0000] {processor.py:830} INFO - Processing file /opt/airflow/dags/DagScraper.py for tasks to queue
[2026-04-19T12:28:05.434+0000] {logging_mixin.py:188} INFO - [2026-04-19T12:28:05.433+0000] {dagbag.py:545} INFO - Filling up the DagBag from /opt/airflow/dags/DagScraper.py
[2026-04-19T12:28:05.479+0000] {processor.py:840} INFO - DAG(s) 'dag_scraping_offres_emploi' retrieved from /opt/airflow/dags/DagScraper.py
[2026-04-19T12:28:05.574+0000] {logging_mixin.py:188} INFO - [2026-04-19T12:28:05.573+0000] {dag.py:3096} INFO - Sync 1 DAGs
[2026-04-19T12:28:05.628+0000] {logging_mixin.py:188} INFO - [2026-04-19T12:28:05.628+0000] {dag.py:3954} INFO - Setting next_dagrun for dag_scraping_offres_emploi to 2026-04-19 06:00:00+00:00, run_after=2026-04-19 12:00:00+00:00
[2026-04-19T12:28:05.678+0000] {processor.py:183} INFO - Processing /opt/airflow/dags/DagScraper.py took 0.264 seconds
[2026-04-19T12:28:36.185+0000] {processor.py:161} INFO - Started process (PID=39852) to work on /opt/airflow/dags/DagScraper.py
[2026-04-19T12:28:36.188+0000] {processor.py:830} INFO - Processing file /opt/airflow/dags/DagScraper.py for tasks to queue
[2026-04-19T12:28:36.192+0000] {logging_mixin.py:188} INFO - [2026-04-19T12:28:36.191+0000] {dagbag.py:545} INFO - Filling up the DagBag from /opt/airflow/dags/DagScraper.py
[2026-04-19T12:28:36.256+0000] {processor.py:840} INFO - DAG(s) 'dag_scraping_offres_emploi' retrieved from /opt/airflow/dags/DagScraper.py
[2026-04-19T12:28:36.433+0000] {logging_mixin.py:188} INFO - [2026-04-19T12:28:36.432+0000] {dag.py:3096} INFO - Sync 1 DAGs
[2026-04-19T12:28:36.479+0000] {logging_mixin.py:188} INFO - [2026-04-19T12:28:36.478+0000] {dag.py:3954} INFO - Setting next_dagrun for dag_scraping_offres_emploi to 2026-04-19 06:00:00+00:00, run_after=2026-04-19 12:00:00+00:00
[2026-04-19T12:28:36.528+0000] {processor.py:183} INFO - Processing /opt/airflow/dags/DagScraper.py took 0.359 seconds
[2026-04-19T12:29:06.629+0000] {processor.py:161} INFO - Started process (PID=39867) to work on /opt/airflow/dags/DagScraper.py
[2026-04-19T12:29:06.631+0000] {processor.py:830} INFO - Processing file /opt/airflow/dags/DagScraper.py for tasks to queue
[2026-04-19T12:29:06.635+0000] {logging_mixin.py:188} INFO - [2026-04-19T12:29:06.634+0000] {dagbag.py:545} INFO - Filling up the DagBag from /opt/airflow/dags/DagScraper.py
[2026-04-19T12:29:06.706+0000] {processor.py:840} INFO - DAG(s) 'dag_scraping_offres_emploi' retrieved from /opt/airflow/dags/DagScraper.py
[2026-04-19T12:29:06.823+0000] {logging_mixin.py:188} INFO - [2026-04-19T12:29:06.822+0000] {dag.py:3096} INFO - Sync 1 DAGs
[2026-04-19T12:29:06.876+0000] {logging_mixin.py:188} INFO - [2026-04-19T12:29:06.875+0000] {dag.py:3954} INFO - Setting next_dagrun for dag_scraping_offres_emploi to 2026-04-19 06:00:00+00:00, run_after=2026-04-19 12:00:00+00:00
[2026-04-19T12:29:06.921+0000] {processor.py:183} INFO - Processing /opt/airflow/dags/DagScraper.py took 0.305 seconds
[2026-04-19T12:29:37.501+0000] {processor.py:161} INFO - Started process (PID=39876) to work on /opt/airflow/dags/DagScraper.py
[2026-04-19T12:29:37.530+0000] {processor.py:830} INFO - Processing file /opt/airflow/dags/DagScraper.py for tasks to queue
[2026-04-19T12:29:37.546+0000] {logging_mixin.py:188} INFO - [2026-04-19T12:29:37.537+0000] {dagbag.py:545} INFO - Filling up the DagBag from /opt/airflow/dags/DagScraper.py
[2026-04-19T12:29:37.703+0000] {processor.py:840} INFO - DAG(s) 'dag_scraping_offres_emploi' retrieved from /opt/airflow/dags/DagScraper.py
[2026-04-19T12:29:37.826+0000] {logging_mixin.py:188} INFO - [2026-04-19T12:29:37.825+0000] {dag.py:3096} INFO - Sync 1 DAGs
[2026-04-19T12:29:37.928+0000] {logging_mixin.py:188} INFO - [2026-04-19T12:29:37.927+0000] {dag.py:3954} INFO - Setting next_dagrun for dag_scraping_offres_emploi to 2026-04-19 06:00:00+00:00, run_after=2026-04-19 12:00:00+00:00
[2026-04-19T12:29:37.996+0000] {processor.py:183} INFO - Processing /opt/airflow/dags/DagScraper.py took 0.519 seconds
[2026-04-19T12:30:08.460+0000] {processor.py:161} INFO - Started process (PID=39890) to work on /opt/airflow/dags/DagScraper.py
[2026-04-19T12:30:08.461+0000] {processor.py:830} INFO - Processing file /opt/airflow/dags/DagScraper.py for tasks to queue
[2026-04-19T12:30:08.465+0000] {logging_mixin.py:188} INFO - [2026-04-19T12:30:08.464+0000] {dagbag.py:545} INFO - Filling up the DagBag from /opt/airflow/dags/DagScraper.py
[2026-04-19T12:30:08.499+0000] {processor.py:840} INFO - DAG(s) 'dag_scraping_offres_emploi' retrieved from /opt/airflow/dags/DagScraper.py
[2026-04-19T12:30:08.557+0000] {logging_mixin.py:188} INFO - [2026-04-19T12:30:08.556+0000] {dag.py:3096} INFO - Sync 1 DAGs
[2026-04-19T12:30:08.626+0000] {logging_mixin.py:188} INFO - [2026-04-19T12:30:08.626+0000] {dag.py:3954} INFO - Setting next_dagrun for dag_scraping_offres_emploi to 2026-04-19 06:00:00+00:00, run_after=2026-04-19 12:00:00+00:00
[2026-04-19T12:30:08.696+0000] {processor.py:183} INFO - Processing /opt/airflow/dags/DagScraper.py took 0.248 seconds
[2026-04-19T12:30:38.968+0000] {processor.py:161} INFO - Started process (PID=39897) to work on /opt/airflow/dags/DagScraper.py
[2026-04-19T12:30:38.970+0000] {processor.py:830} INFO - Processing file /opt/airflow/dags/DagScraper.py for tasks to queue
[2026-04-19T12:30:38.973+0000] {logging_mixin.py:188} INFO - [2026-04-19T12:30:38.972+0000] {dagbag.py:545} INFO - Filling up the DagBag from /opt/airflow/dags/DagScraper.py
[2026-04-19T12:30:39.011+0000] {processor.py:840} INFO - DAG(s) 'dag_scraping_offres_emploi' retrieved from /opt/airflow/dags/DagScraper.py
[2026-04-19T12:30:39.067+0000] {logging_mixin.py:188} INFO - [2026-04-19T12:30:39.066+0000] {dag.py:3096} INFO - Sync 1 DAGs
[2026-04-19T12:30:39.103+0000] {logging_mixin.py:188} INFO - [2026-04-19T12:30:39.103+0000] {dag.py:3954} INFO - Setting next_dagrun for dag_scraping_offres_emploi to 2026-04-19 06:00:00+00:00, run_after=2026-04-19 12:00:00+00:00
[2026-04-19T12:30:39.136+0000] {processor.py:183} INFO - Processing /opt/airflow/dags/DagScraper.py took 0.178 seconds
[2026-04-19T12:31:09.556+0000] {processor.py:161} INFO - Started process (PID=39910) to work on /opt/airflow/dags/DagScraper.py
[2026-04-19T12:31:09.559+0000] {processor.py:830} INFO - Processing file /opt/airflow/dags/DagScraper.py for tasks to queue
[2026-04-19T12:31:09.565+0000] {logging_mixin.py:188} INFO - [2026-04-19T12:31:09.564+0000] {dagbag.py:545} INFO - Filling up the DagBag from /opt/airflow/dags/DagScraper.py
[2026-04-19T12:31:09.613+0000] {processor.py:840} INFO - DAG(s) 'dag_scraping_offres_emploi' retrieved from /opt/airflow/dags/DagScraper.py
[2026-04-19T12:31:09.670+0000] {logging_mixin.py:188} INFO - [2026-04-19T12:31:09.669+0000] {dag.py:3096} INFO - Sync 1 DAGs
[2026-04-19T12:31:09.709+0000] {logging_mixin.py:188} INFO - [2026-04-19T12:31:09.709+0000] {dag.py:3954} INFO - Setting next_dagrun for dag_scraping_offres_emploi to 2026-04-19 06:00:00+00:00, run_after=2026-04-19 12:00:00+00:00
[2026-04-19T12:31:09.746+0000] {processor.py:183} INFO - Processing /opt/airflow/dags/DagScraper.py took 0.203 seconds
[2026-04-19T12:31:40.164+0000] {processor.py:161} INFO - Started process (PID=39918) to work on /opt/airflow/dags/DagScraper.py
[2026-04-19T12:31:40.166+0000] {processor.py:830} INFO - Processing file /opt/airflow/dags/DagScraper.py for tasks to queue
[2026-04-19T12:31:40.169+0000] {logging_mixin.py:188} INFO - [2026-04-19T12:31:40.168+0000] {dagbag.py:545} INFO - Filling up the DagBag from /opt/airflow/dags/DagScraper.py
[2026-04-19T12:31:40.203+0000] {processor.py:840} INFO - DAG(s) 'dag_scraping_offres_emploi' retrieved from /opt/airflow/dags/DagScraper.py
[2026-04-19T12:31:40.284+0000] {logging_mixin.py:188} INFO - [2026-04-19T12:31:40.283+0000] {dag.py:3096} INFO - Sync 1 DAGs
[2026-04-19T12:31:40.345+0000] {logging_mixin.py:188} INFO - [2026-04-19T12:31:40.344+0000] {dag.py:3954} INFO - Setting next_dagrun for dag_scraping_offres_emploi to 2026-04-19 06:00:00+00:00, run_after=2026-04-19 12:00:00+00:00
[2026-04-19T12:31:40.390+0000] {processor.py:183} INFO - Processing /opt/airflow/dags/DagScraper.py took 0.237 seconds
[2026-04-19T12:32:10.836+0000] {processor.py:161} INFO - Started process (PID=39933) to work on /opt/airflow/dags/DagScraper.py
[2026-04-19T12:32:10.838+0000] {processor.py:830} INFO - Processing file /opt/airflow/dags/DagScraper.py for tasks to queue
[2026-04-19T12:32:10.842+0000] {logging_mixin.py:188} INFO - [2026-04-19T12:32:10.841+0000] {dagbag.py:545} INFO - Filling up the DagBag from /opt/airflow/dags/DagScraper.py
[2026-04-19T12:32:10.880+0000] {processor.py:840} INFO - DAG(s) 'dag_scraping_offres_emploi' retrieved from /opt/airflow/dags/DagScraper.py
[2026-04-19T12:32:10.955+0000] {logging_mixin.py:188} INFO - [2026-04-19T12:32:10.955+0000] {dag.py:3096} INFO - Sync 1 DAGs
[2026-04-19T12:32:11.001+0000] {logging_mixin.py:188} INFO - [2026-04-19T12:32:11.000+0000] {dag.py:3954} INFO - Setting next_dagrun for dag_scraping_offres_emploi to 2026-04-19 06:00:00+00:00, run_after=2026-04-19 12:00:00+00:00
[2026-04-19T12:32:11.048+0000] {processor.py:183} INFO - Processing /opt/airflow/dags/DagScraper.py took 0.226 seconds
[2026-04-19T12:32:41.741+0000] {processor.py:161} INFO - Started process (PID=39941) to work on /opt/airflow/dags/DagScraper.py
[2026-04-19T12:32:41.743+0000] {processor.py:830} INFO - Processing file /opt/airflow/dags/DagScraper.py for tasks to queue
[2026-04-19T12:32:41.747+0000] {logging_mixin.py:188} INFO - [2026-04-19T12:32:41.746+0000] {dagbag.py:545} INFO - Filling up the DagBag from /opt/airflow/dags/DagScraper.py
[2026-04-19T12:32:41.795+0000] {processor.py:840} INFO - DAG(s) 'dag_scraping_offres_emploi' retrieved from /opt/airflow/dags/DagScraper.py
[2026-04-19T12:32:42.024+0000] {logging_mixin.py:188} INFO - [2026-04-19T12:32:42.023+0000] {dag.py:3096} INFO - Sync 1 DAGs
[2026-04-19T12:32:42.215+0000] {logging_mixin.py:188} INFO - [2026-04-19T12:32:42.214+0000] {dag.py:3954} INFO - Setting next_dagrun for dag_scraping_offres_emploi to 2026-04-19 06:00:00+00:00, run_after=2026-04-19 12:00:00+00:00
[2026-04-19T12:32:42.343+0000] {processor.py:183} INFO - Processing /opt/airflow/dags/DagScraper.py took 0.619 seconds
[2026-04-19T12:33:12.594+0000] {processor.py:161} INFO - Started process (PID=39954) to work on /opt/airflow/dags/DagScraper.py
[2026-04-19T12:33:12.596+0000] {processor.py:830} INFO - Processing file /opt/airflow/dags/DagScraper.py for tasks to queue
[2026-04-19T12:33:12.599+0000] {logging_mixin.py:188} INFO - [2026-04-19T12:33:12.598+0000] {dagbag.py:545} INFO - Filling up the DagBag from /opt/airflow/dags/DagScraper.py
[2026-04-19T12:33:12.637+0000] {processor.py:840} INFO - DAG(s) 'dag_scraping_offres_emploi' retrieved from /opt/airflow/dags/DagScraper.py
[2026-04-19T12:33:12.719+0000] {logging_mixin.py:188} INFO - [2026-04-19T12:33:12.719+0000] {dag.py:3096} INFO - Sync 1 DAGs
[2026-04-19T12:33:12.774+0000] {logging_mixin.py:188} INFO - [2026-04-19T12:33:12.773+0000] {dag.py:3954} INFO - Setting next_dagrun for dag_scraping_offres_emploi to 2026-04-19 06:00:00+00:00, run_after=2026-04-19 12:00:00+00:00
[2026-04-19T12:33:12.815+0000] {processor.py:183} INFO - Processing /opt/airflow/dags/DagScraper.py took 0.231 seconds
[2026-04-19T12:33:43.339+0000] {processor.py:161} INFO - Started process (PID=39963) to work on /opt/airflow/dags/DagScraper.py
[2026-04-19T12:33:43.341+0000] {processor.py:830} INFO - Processing file /opt/airflow/dags/DagScraper.py for tasks to queue
[2026-04-19T12:33:43.345+0000] {logging_mixin.py:188} INFO - [2026-04-19T12:33:43.345+0000] {dagbag.py:545} INFO - Filling up the DagBag from /opt/airflow/dags/DagScraper.py
[2026-04-19T12:33:43.390+0000] {processor.py:840} INFO - DAG(s) 'dag_scraping_offres_emploi' retrieved from /opt/airflow/dags/DagScraper.py
[2026-04-19T12:33:43.465+0000] {logging_mixin.py:188} INFO - [2026-04-19T12:33:43.465+0000] {dag.py:3096} INFO - Sync 1 DAGs
[2026-04-19T12:33:43.503+0000] {logging_mixin.py:188} INFO - [2026-04-19T12:33:43.502+0000] {dag.py:3954} INFO - Setting next_dagrun for dag_scraping_offres_emploi to 2026-04-19 06:00:00+00:00, run_after=2026-04-19 12:00:00+00:00
[2026-04-19T12:33:43.532+0000] {processor.py:183} INFO - Processing /opt/airflow/dags/DagScraper.py took 0.205 seconds
[2026-04-19T12:34:14.353+0000] {processor.py:161} INFO - Started process (PID=39977) to work on /opt/airflow/dags/DagScraper.py
[2026-04-19T12:34:14.355+0000] {processor.py:830} INFO - Processing file /opt/airflow/dags/DagScraper.py for tasks to queue
[2026-04-19T12:34:14.359+0000] {logging_mixin.py:188} INFO - [2026-04-19T12:34:14.358+0000] {dagbag.py:545} INFO - Filling up the DagBag from /opt/airflow/dags/DagScraper.py
[2026-04-19T12:34:14.423+0000] {processor.py:840} INFO - DAG(s) 'dag_scraping_offres_emploi' retrieved from /opt/airflow/dags/DagScraper.py
[2026-04-19T12:34:14.502+0000] {logging_mixin.py:188} INFO - [2026-04-19T12:34:14.502+0000] {dag.py:3096} INFO - Sync 1 DAGs
[2026-04-19T12:34:14.546+0000] {logging_mixin.py:188} INFO - [2026-04-19T12:34:14.545+0000] {dag.py:3954} INFO - Setting next_dagrun for dag_scraping_offres_emploi to 2026-04-19 06:00:00+00:00, run_after=2026-04-19 12:00:00+00:00
[2026-04-19T12:34:14.587+0000] {processor.py:183} INFO - Processing /opt/airflow/dags/DagScraper.py took 0.250 seconds
[2026-04-19T12:34:45.157+0000] {processor.py:161} INFO - Started process (PID=39984) to work on /opt/airflow/dags/DagScraper.py
[2026-04-19T12:34:45.162+0000] {processor.py:830} INFO - Processing file /opt/airflow/dags/DagScraper.py for tasks to queue
[2026-04-19T12:34:45.169+0000] {logging_mixin.py:188} INFO - [2026-04-19T12:34:45.168+0000] {dagbag.py:545} INFO - Filling up the DagBag from /opt/airflow/dags/DagScraper.py
[2026-04-19T12:34:45.215+0000] {processor.py:840} INFO - DAG(s) 'dag_scraping_offres_emploi' retrieved from /opt/airflow/dags/DagScraper.py
[2026-04-19T12:34:45.303+0000] {logging_mixin.py:188} INFO - [2026-04-19T12:34:45.302+0000] {dag.py:3096} INFO - Sync 1 DAGs
[2026-04-19T12:34:45.349+0000] {logging_mixin.py:188} INFO - [2026-04-19T12:34:45.349+0000] {dag.py:3954} INFO - Setting next_dagrun for dag_scraping_offres_emploi to 2026-04-19 06:00:00+00:00, run_after=2026-04-19 12:00:00+00:00
[2026-04-19T12:34:45.393+0000] {processor.py:183} INFO - Processing /opt/airflow/dags/DagScraper.py took 0.263 seconds
[2026-04-19T12:35:16.046+0000] {processor.py:161} INFO - Started process (PID=39998) to work on /opt/airflow/dags/DagScraper.py
[2026-04-19T12:35:16.050+0000] {processor.py:830} INFO - Processing file /opt/airflow/dags/DagScraper.py for tasks to queue
[2026-04-19T12:35:16.054+0000] {logging_mixin.py:188} INFO - [2026-04-19T12:35:16.054+0000] {dagbag.py:545} INFO - Filling up the DagBag from /opt/airflow/dags/DagScraper.py
[2026-04-19T12:35:16.092+0000] {processor.py:840} INFO - DAG(s) 'dag_scraping_offres_emploi' retrieved from /opt/airflow/dags/DagScraper.py
[2026-04-19T12:35:16.284+0000] {logging_mixin.py:188} INFO - [2026-04-19T12:35:16.283+0000] {dag.py:3096} INFO - Sync 1 DAGs
[2026-04-19T12:35:16.415+0000] {logging_mixin.py:188} INFO - [2026-04-19T12:35:16.414+0000] {dag.py:3954} INFO - Setting next_dagrun for dag_scraping_offres_emploi to 2026-04-19 06:00:00+00:00, run_after=2026-04-19 12:00:00+00:00
[2026-04-19T12:35:16.525+0000] {processor.py:183} INFO - Processing /opt/airflow/dags/DagScraper.py took 0.495 seconds
[2026-04-19T12:35:46.813+0000] {processor.py:161} INFO - Started process (PID=40006) to work on /opt/airflow/dags/DagScraper.py
[2026-04-19T12:35:46.815+0000] {processor.py:830} INFO - Processing file /opt/airflow/dags/DagScraper.py for tasks to queue
[2026-04-19T12:35:46.818+0000] {logging_mixin.py:188} INFO - [2026-04-19T12:35:46.817+0000] {dagbag.py:545} INFO - Filling up the DagBag from /opt/airflow/dags/DagScraper.py
[2026-04-19T12:35:46.853+0000] {processor.py:840} INFO - DAG(s) 'dag_scraping_offres_emploi' retrieved from /opt/airflow/dags/DagScraper.py
[2026-04-19T12:35:46.912+0000] {logging_mixin.py:188} INFO - [2026-04-19T12:35:46.912+0000] {dag.py:3096} INFO - Sync 1 DAGs
[2026-04-19T12:35:46.951+0000] {logging_mixin.py:188} INFO - [2026-04-19T12:35:46.950+0000] {dag.py:3954} INFO - Setting next_dagrun for dag_scraping_offres_emploi to 2026-04-19 06:00:00+00:00, run_after=2026-04-19 12:00:00+00:00
[2026-04-19T12:35:47.000+0000] {processor.py:183} INFO - Processing /opt/airflow/dags/DagScraper.py took 0.196 seconds
[2026-04-19T12:36:17.613+0000] {processor.py:161} INFO - Started process (PID=40020) to work on /opt/airflow/dags/DagScraper.py
[2026-04-19T12:36:17.614+0000] {processor.py:830} INFO - Processing file /opt/airflow/dags/DagScraper.py for tasks to queue
[2026-04-19T12:36:17.617+0000] {logging_mixin.py:188} INFO - [2026-04-19T12:36:17.617+0000] {dagbag.py:545} INFO - Filling up the DagBag from /opt/airflow/dags/DagScraper.py
[2026-04-19T12:36:17.650+0000] {processor.py:840} INFO - DAG(s) 'dag_scraping_offres_emploi' retrieved from /opt/airflow/dags/DagScraper.py
[2026-04-19T12:36:17.714+0000] {logging_mixin.py:188} INFO - [2026-04-19T12:36:17.714+0000] {dag.py:3096} INFO - Sync 1 DAGs
[2026-04-19T12:36:17.769+0000] {logging_mixin.py:188} INFO - [2026-04-19T12:36:17.769+0000] {dag.py:3954} INFO - Setting next_dagrun for dag_scraping_offres_emploi to 2026-04-19 06:00:00+00:00, run_after=2026-04-19 12:00:00+00:00
[2026-04-19T12:36:17.821+0000] {processor.py:183} INFO - Processing /opt/airflow/dags/DagScraper.py took 0.219 seconds
[2026-04-19T12:36:48.826+0000] {processor.py:161} INFO - Started process (PID=40034) to work on /opt/airflow/dags/DagScraper.py
[2026-04-19T12:36:48.843+0000] {processor.py:830} INFO - Processing file /opt/airflow/dags/DagScraper.py for tasks to queue
[2026-04-19T12:36:48.874+0000] {logging_mixin.py:188} INFO - [2026-04-19T12:36:48.873+0000] {dagbag.py:545} INFO - Filling up the DagBag from /opt/airflow/dags/DagScraper.py
[2026-04-19T12:36:49.338+0000] {processor.py:840} INFO - DAG(s) 'dag_scraping_offres_emploi' retrieved from /opt/airflow/dags/DagScraper.py
[2026-04-19T12:36:49.466+0000] {logging_mixin.py:188} INFO - [2026-04-19T12:36:49.466+0000] {dag.py:3096} INFO - Sync 1 DAGs
[2026-04-19T12:36:49.546+0000] {logging_mixin.py:188} INFO - [2026-04-19T12:36:49.546+0000] {dag.py:3954} INFO - Setting next_dagrun for dag_scraping_offres_emploi to 2026-04-19 06:00:00+00:00, run_after=2026-04-19 12:00:00+00:00
[2026-04-19T12:36:49.627+0000] {processor.py:183} INFO - Processing /opt/airflow/dags/DagScraper.py took 0.876 seconds
[2026-04-19T12:37:20.478+0000] {processor.py:161} INFO - Started process (PID=40042) to work on /opt/airflow/dags/DagScraper.py
[2026-04-19T12:37:20.489+0000] {processor.py:830} INFO - Processing file /opt/airflow/dags/DagScraper.py for tasks to queue
[2026-04-19T12:37:20.494+0000] {logging_mixin.py:188} INFO - [2026-04-19T12:37:20.493+0000] {dagbag.py:545} INFO - Filling up the DagBag from /opt/airflow/dags/DagScraper.py
[2026-04-19T12:37:20.643+0000] {processor.py:840} INFO - DAG(s) 'dag_scraping_offres_emploi' retrieved from /opt/airflow/dags/DagScraper.py
[2026-04-19T12:37:20.799+0000] {logging_mixin.py:188} INFO - [2026-04-19T12:37:20.798+0000] {dag.py:3096} INFO - Sync 1 DAGs
[2026-04-19T12:37:20.872+0000] {logging_mixin.py:188} INFO - [2026-04-19T12:37:20.872+0000] {dag.py:3954} INFO - Setting next_dagrun for dag_scraping_offres_emploi to 2026-04-19 06:00:00+00:00, run_after=2026-04-19 12:00:00+00:00
[2026-04-19T12:37:20.940+0000] {processor.py:183} INFO - Processing /opt/airflow/dags/DagScraper.py took 0.488 seconds
[2026-04-19T12:37:51.458+0000] {processor.py:161} INFO - Started process (PID=40056) to work on /opt/airflow/dags/DagScraper.py
[2026-04-19T12:37:51.461+0000] {processor.py:830} INFO - Processing file /opt/airflow/dags/DagScraper.py for tasks to queue
[2026-04-19T12:37:51.465+0000] {logging_mixin.py:188} INFO - [2026-04-19T12:37:51.464+0000] {dagbag.py:545} INFO - Filling up the DagBag from /opt/airflow/dags/DagScraper.py
[2026-04-19T12:37:51.524+0000] {processor.py:840} INFO - DAG(s) 'dag_scraping_offres_emploi' retrieved from /opt/airflow/dags/DagScraper.py
[2026-04-19T12:37:51.618+0000] {logging_mixin.py:188} INFO - [2026-04-19T12:37:51.617+0000] {dag.py:3096} INFO - Sync 1 DAGs
[2026-04-19T12:37:51.700+0000] {logging_mixin.py:188} INFO - [2026-04-19T12:37:51.699+0000] {dag.py:3954} INFO - Setting next_dagrun for dag_scraping_offres_emploi to 2026-04-19 06:00:00+00:00, run_after=2026-04-19 12:00:00+00:00
[2026-04-19T12:37:51.791+0000] {processor.py:183} INFO - Processing /opt/airflow/dags/DagScraper.py took 0.354 seconds
[2026-04-19T12:38:22.133+0000] {processor.py:161} INFO - Started process (PID=40063) to work on /opt/airflow/dags/DagScraper.py
[2026-04-19T12:38:22.136+0000] {processor.py:830} INFO - Processing file /opt/airflow/dags/DagScraper.py for tasks to queue
[2026-04-19T12:38:22.144+0000] {logging_mixin.py:188} INFO - [2026-04-19T12:38:22.143+0000] {dagbag.py:545} INFO - Filling up the DagBag from /opt/airflow/dags/DagScraper.py
[2026-04-19T12:38:22.217+0000] {processor.py:840} INFO - DAG(s) 'dag_scraping_offres_emploi' retrieved from /opt/airflow/dags/DagScraper.py
[2026-04-19T12:38:22.363+0000] {logging_mixin.py:188} INFO - [2026-04-19T12:38:22.362+0000] {dag.py:3096} INFO - Sync 1 DAGs
[2026-04-19T12:38:22.449+0000] {logging_mixin.py:188} INFO - [2026-04-19T12:38:22.448+0000] {dag.py:3954} INFO - Setting next_dagrun for dag_scraping_offres_emploi to 2026-04-19 06:00:00+00:00, run_after=2026-04-19 12:00:00+00:00
[2026-04-19T12:38:22.557+0000] {processor.py:183} INFO - Processing /opt/airflow/dags/DagScraper.py took 0.446 seconds
[2026-04-19T12:38:53.102+0000] {processor.py:161} INFO - Started process (PID=40078) to work on /opt/airflow/dags/DagScraper.py
[2026-04-19T12:38:53.104+0000] {processor.py:830} INFO - Processing file /opt/airflow/dags/DagScraper.py for tasks to queue
[2026-04-19T12:38:53.108+0000] {logging_mixin.py:188} INFO - [2026-04-19T12:38:53.107+0000] {dagbag.py:545} INFO - Filling up the DagBag from /opt/airflow/dags/DagScraper.py
[2026-04-19T12:38:53.154+0000] {processor.py:840} INFO - DAG(s) 'dag_scraping_offres_emploi' retrieved from /opt/airflow/dags/DagScraper.py
[2026-04-19T12:38:53.236+0000] {logging_mixin.py:188} INFO - [2026-04-19T12:38:53.236+0000] {dag.py:3096} INFO - Sync 1 DAGs
[2026-04-19T12:38:53.325+0000] {logging_mixin.py:188} INFO - [2026-04-19T12:38:53.324+0000] {dag.py:3954} INFO - Setting next_dagrun for dag_scraping_offres_emploi to 2026-04-19 06:00:00+00:00, run_after=2026-04-19 12:00:00+00:00
[2026-04-19T12:38:53.421+0000] {processor.py:183} INFO - Processing /opt/airflow/dags/DagScraper.py took 0.331 seconds
[2026-04-19T12:39:24.116+0000] {processor.py:161} INFO - Started process (PID=40085) to work on /opt/airflow/dags/DagScraper.py
[2026-04-19T12:39:24.118+0000] {processor.py:830} INFO - Processing file /opt/airflow/dags/DagScraper.py for tasks to queue
[2026-04-19T12:39:24.124+0000] {logging_mixin.py:188} INFO - [2026-04-19T12:39:24.124+0000] {dagbag.py:545} INFO - Filling up the DagBag from /opt/airflow/dags/DagScraper.py
[2026-04-19T12:39:24.204+0000] {processor.py:840} INFO - DAG(s) 'dag_scraping_offres_emploi' retrieved from /opt/airflow/dags/DagScraper.py
[2026-04-19T12:39:24.329+0000] {logging_mixin.py:188} INFO - [2026-04-19T12:39:24.328+0000] {dag.py:3096} INFO - Sync 1 DAGs
[2026-04-19T12:39:24.418+0000] {logging_mixin.py:188} INFO - [2026-04-19T12:39:24.417+0000] {dag.py:3954} INFO - Setting next_dagrun for dag_scraping_offres_emploi to 2026-04-19 06:00:00+00:00, run_after=2026-04-19 12:00:00+00:00
[2026-04-19T12:39:24.449+0000] {processor.py:183} INFO - Processing /opt/airflow/dags/DagScraper.py took 0.342 seconds
[2026-04-19T12:39:54.576+0000] {processor.py:161} INFO - Started process (PID=40100) to work on /opt/airflow/dags/DagScraper.py
[2026-04-19T12:39:54.579+0000] {processor.py:830} INFO - Processing file /opt/airflow/dags/DagScraper.py for tasks to queue
[2026-04-19T12:39:54.584+0000] {logging_mixin.py:188} INFO - [2026-04-19T12:39:54.583+0000] {dagbag.py:545} INFO - Filling up the DagBag from /opt/airflow/dags/DagScraper.py
[2026-04-19T12:39:54.647+0000] {processor.py:840} INFO - DAG(s) 'dag_scraping_offres_emploi' retrieved from /opt/airflow/dags/DagScraper.py
[2026-04-19T12:39:54.826+0000] {logging_mixin.py:188} INFO - [2026-04-19T12:39:54.825+0000] {dag.py:3096} INFO - Sync 1 DAGs
[2026-04-19T12:39:55.088+0000] {logging_mixin.py:188} INFO - [2026-04-19T12:39:55.088+0000] {dag.py:3954} INFO - Setting next_dagrun for dag_scraping_offres_emploi to 2026-04-19 06:00:00+00:00, run_after=2026-04-19 12:00:00+00:00
[2026-04-19T12:39:55.291+0000] {processor.py:183} INFO - Processing /opt/airflow/dags/DagScraper.py took 0.731 seconds
[2026-04-19T12:40:25.563+0000] {processor.py:161} INFO - Started process (PID=40107) to work on /opt/airflow/dags/DagScraper.py
[2026-04-19T12:40:25.565+0000] {processor.py:830} INFO - Processing file /opt/airflow/dags/DagScraper.py for tasks to queue
[2026-04-19T12:40:25.572+0000] {logging_mixin.py:188} INFO - [2026-04-19T12:40:25.571+0000] {dagbag.py:545} INFO - Filling up the DagBag from /opt/airflow/dags/DagScraper.py
[2026-04-19T12:40:25.620+0000] {processor.py:840} INFO - DAG(s) 'dag_scraping_offres_emploi' retrieved from /opt/airflow/dags/DagScraper.py
[2026-04-19T12:40:25.708+0000] {logging_mixin.py:188} INFO - [2026-04-19T12:40:25.708+0000] {dag.py:3096} INFO - Sync 1 DAGs
[2026-04-19T12:40:25.793+0000] {logging_mixin.py:188} INFO - [2026-04-19T12:40:25.793+0000] {dag.py:3954} INFO - Setting next_dagrun for dag_scraping_offres_emploi to 2026-04-19 06:00:00+00:00, run_after=2026-04-19 12:00:00+00:00
[2026-04-19T12:40:25.874+0000] {processor.py:183} INFO - Processing /opt/airflow/dags/DagScraper.py took 0.329 seconds
[2026-04-19T12:40:55.990+0000] {processor.py:161} INFO - Started process (PID=40121) to work on /opt/airflow/dags/DagScraper.py
[2026-04-19T12:40:55.992+0000] {processor.py:830} INFO - Processing file /opt/airflow/dags/DagScraper.py for tasks to queue
[2026-04-19T12:40:55.995+0000] {logging_mixin.py:188} INFO - [2026-04-19T12:40:55.994+0000] {dagbag.py:545} INFO - Filling up the DagBag from /opt/airflow/dags/DagScraper.py
[2026-04-19T12:40:56.029+0000] {processor.py:840} INFO - DAG(s) 'dag_scraping_offres_emploi' retrieved from /opt/airflow/dags/DagScraper.py
[2026-04-19T12:40:56.103+0000] {logging_mixin.py:188} INFO - [2026-04-19T12:40:56.102+0000] {dag.py:3096} INFO - Sync 1 DAGs
[2026-04-19T12:40:56.162+0000] {logging_mixin.py:188} INFO - [2026-04-19T12:40:56.161+0000] {dag.py:3954} INFO - Setting next_dagrun for dag_scraping_offres_emploi to 2026-04-19 06:00:00+00:00, run_after=2026-04-19 12:00:00+00:00
[2026-04-19T12:40:56.208+0000] {processor.py:183} INFO - Processing /opt/airflow/dags/DagScraper.py took 0.229 seconds
[2026-04-19T12:41:26.767+0000] {processor.py:161} INFO - Started process (PID=40129) to work on /opt/airflow/dags/DagScraper.py
[2026-04-19T12:41:26.770+0000] {processor.py:830} INFO - Processing file /opt/airflow/dags/DagScraper.py for tasks to queue
[2026-04-19T12:41:26.774+0000] {logging_mixin.py:188} INFO - [2026-04-19T12:41:26.773+0000] {dagbag.py:545} INFO - Filling up the DagBag from /opt/airflow/dags/DagScraper.py
[2026-04-19T12:41:26.829+0000] {processor.py:840} INFO - DAG(s) 'dag_scraping_offres_emploi' retrieved from /opt/airflow/dags/DagScraper.py
[2026-04-19T12:41:26.893+0000] {logging_mixin.py:188} INFO - [2026-04-19T12:41:26.892+0000] {dag.py:3096} INFO - Sync 1 DAGs
[2026-04-19T12:41:26.935+0000] {logging_mixin.py:188} INFO - [2026-04-19T12:41:26.934+0000] {dag.py:3954} INFO - Setting next_dagrun for dag_scraping_offres_emploi to 2026-04-19 06:00:00+00:00, run_after=2026-04-19 12:00:00+00:00
[2026-04-19T12:41:26.970+0000] {processor.py:183} INFO - Processing /opt/airflow/dags/DagScraper.py took 0.218 seconds
[2026-04-19T12:41:57.657+0000] {processor.py:161} INFO - Started process (PID=40144) to work on /opt/airflow/dags/DagScraper.py
[2026-04-19T12:41:57.661+0000] {processor.py:830} INFO - Processing file /opt/airflow/dags/DagScraper.py for tasks to queue
[2026-04-19T12:41:57.672+0000] {logging_mixin.py:188} INFO - [2026-04-19T12:41:57.671+0000] {dagbag.py:545} INFO - Filling up the DagBag from /opt/airflow/dags/DagScraper.py
[2026-04-19T12:41:57.713+0000] {processor.py:840} INFO - DAG(s) 'dag_scraping_offres_emploi' retrieved from /opt/airflow/dags/DagScraper.py
[2026-04-19T12:41:57.813+0000] {logging_mixin.py:188} INFO - [2026-04-19T12:41:57.812+0000] {dag.py:3096} INFO - Sync 1 DAGs
[2026-04-19T12:41:57.889+0000] {logging_mixin.py:188} INFO - [2026-04-19T12:41:57.888+0000] {dag.py:3954} INFO - Setting next_dagrun for dag_scraping_offres_emploi to 2026-04-19 06:00:00+00:00, run_after=2026-04-19 12:00:00+00:00
[2026-04-19T12:41:57.933+0000] {processor.py:183} INFO - Processing /opt/airflow/dags/DagScraper.py took 0.292 seconds
[2026-04-19T12:42:28.256+0000] {processor.py:161} INFO - Started process (PID=40153) to work on /opt/airflow/dags/DagScraper.py
[2026-04-19T12:42:28.258+0000] {processor.py:830} INFO - Processing file /opt/airflow/dags/DagScraper.py for tasks to queue
[2026-04-19T12:42:28.261+0000] {logging_mixin.py:188} INFO - [2026-04-19T12:42:28.261+0000] {dagbag.py:545} INFO - Filling up the DagBag from /opt/airflow/dags/DagScraper.py
[2026-04-19T12:42:28.297+0000] {processor.py:840} INFO - DAG(s) 'dag_scraping_offres_emploi' retrieved from /opt/airflow/dags/DagScraper.py
[2026-04-19T12:42:28.355+0000] {logging_mixin.py:188} INFO - [2026-04-19T12:42:28.355+0000] {dag.py:3096} INFO - Sync 1 DAGs
[2026-04-19T12:42:28.405+0000] {logging_mixin.py:188} INFO - [2026-04-19T12:42:28.405+0000] {dag.py:3954} INFO - Setting next_dagrun for dag_scraping_offres_emploi to 2026-04-19 06:00:00+00:00, run_after=2026-04-19 12:00:00+00:00
[2026-04-19T12:42:28.444+0000] {processor.py:183} INFO - Processing /opt/airflow/dags/DagScraper.py took 0.197 seconds
[2026-04-19T12:42:59.321+0000] {processor.py:161} INFO - Started process (PID=40167) to work on /opt/airflow/dags/DagScraper.py
[2026-04-19T12:42:59.323+0000] {processor.py:830} INFO - Processing file /opt/airflow/dags/DagScraper.py for tasks to queue
[2026-04-19T12:42:59.326+0000] {logging_mixin.py:188} INFO - [2026-04-19T12:42:59.326+0000] {dagbag.py:545} INFO - Filling up the DagBag from /opt/airflow/dags/DagScraper.py
[2026-04-19T12:42:59.373+0000] {processor.py:840} INFO - DAG(s) 'dag_scraping_offres_emploi' retrieved from /opt/airflow/dags/DagScraper.py
[2026-04-19T12:42:59.445+0000] {logging_mixin.py:188} INFO - [2026-04-19T12:42:59.445+0000] {dag.py:3096} INFO - Sync 1 DAGs
[2026-04-19T12:42:59.486+0000] {logging_mixin.py:188} INFO - [2026-04-19T12:42:59.486+0000] {dag.py:3954} INFO - Setting next_dagrun for dag_scraping_offres_emploi to 2026-04-19 06:00:00+00:00, run_after=2026-04-19 12:00:00+00:00
[2026-04-19T12:42:59.523+0000] {processor.py:183} INFO - Processing /opt/airflow/dags/DagScraper.py took 0.217 seconds
[2026-04-19T12:43:30.071+0000] {processor.py:161} INFO - Started process (PID=40175) to work on /opt/airflow/dags/DagScraper.py
[2026-04-19T12:43:30.073+0000] {processor.py:830} INFO - Processing file /opt/airflow/dags/DagScraper.py for tasks to queue
[2026-04-19T12:43:30.087+0000] {logging_mixin.py:188} INFO - [2026-04-19T12:43:30.086+0000] {dagbag.py:545} INFO - Filling up the DagBag from /opt/airflow/dags/DagScraper.py
[2026-04-19T12:43:30.177+0000] {processor.py:840} INFO - DAG(s) 'dag_scraping_offres_emploi' retrieved from /opt/airflow/dags/DagScraper.py
[2026-04-19T12:43:30.295+0000] {logging_mixin.py:188} INFO - [2026-04-19T12:43:30.294+0000] {dag.py:3096} INFO - Sync 1 DAGs
[2026-04-19T12:43:30.391+0000] {logging_mixin.py:188} INFO - [2026-04-19T12:43:30.390+0000] {dag.py:3954} INFO - Setting next_dagrun for dag_scraping_offres_emploi to 2026-04-19 06:00:00+00:00, run_after=2026-04-19 12:00:00+00:00
[2026-04-19T12:43:30.462+0000] {processor.py:183} INFO - Processing /opt/airflow/dags/DagScraper.py took 0.437 seconds
[2026-04-19T12:44:00.912+0000] {processor.py:161} INFO - Started process (PID=40189) to work on /opt/airflow/dags/DagScraper.py
[2026-04-19T12:44:00.915+0000] {processor.py:830} INFO - Processing file /opt/airflow/dags/DagScraper.py for tasks to queue
[2026-04-19T12:44:00.919+0000] {logging_mixin.py:188} INFO - [2026-04-19T12:44:00.918+0000] {dagbag.py:545} INFO - Filling up the DagBag from /opt/airflow/dags/DagScraper.py
[2026-04-19T12:44:00.963+0000] {processor.py:840} INFO - DAG(s) 'dag_scraping_offres_emploi' retrieved from /opt/airflow/dags/DagScraper.py
[2026-04-19T12:44:01.160+0000] {logging_mixin.py:188} INFO - [2026-04-19T12:44:01.159+0000] {dag.py:3096} INFO - Sync 1 DAGs
[2026-04-19T12:44:01.262+0000] {logging_mixin.py:188} INFO - [2026-04-19T12:44:01.262+0000] {dag.py:3954} INFO - Setting next_dagrun for dag_scraping_offres_emploi to 2026-04-19 06:00:00+00:00, run_after=2026-04-19 12:00:00+00:00
[2026-04-19T12:44:01.313+0000] {processor.py:183} INFO - Processing /opt/airflow/dags/DagScraper.py took 0.417 seconds
[2026-04-19T12:44:31.517+0000] {processor.py:161} INFO - Started process (PID=40197) to work on /opt/airflow/dags/DagScraper.py
[2026-04-19T12:44:31.519+0000] {processor.py:830} INFO - Processing file /opt/airflow/dags/DagScraper.py for tasks to queue
[2026-04-19T12:44:31.528+0000] {logging_mixin.py:188} INFO - [2026-04-19T12:44:31.527+0000] {dagbag.py:545} INFO - Filling up the DagBag from /opt/airflow/dags/DagScraper.py
[2026-04-19T12:44:31.757+0000] {processor.py:840} INFO - DAG(s) 'dag_scraping_offres_emploi' retrieved from /opt/airflow/dags/DagScraper.py
[2026-04-19T12:44:31.926+0000] {logging_mixin.py:188} INFO - [2026-04-19T12:44:31.926+0000] {dag.py:3096} INFO - Sync 1 DAGs
[2026-04-19T12:44:32.069+0000] {logging_mixin.py:188} INFO - [2026-04-19T12:44:32.068+0000] {dag.py:3954} INFO - Setting next_dagrun for dag_scraping_offres_emploi to 2026-04-19 06:00:00+00:00, run_after=2026-04-19 12:00:00+00:00
[2026-04-19T12:44:32.227+0000] {processor.py:183} INFO - Processing /opt/airflow/dags/DagScraper.py took 0.727 seconds
[2026-04-19T12:45:02.577+0000] {processor.py:161} INFO - Started process (PID=40211) to work on /opt/airflow/dags/DagScraper.py
[2026-04-19T12:45:02.579+0000] {processor.py:830} INFO - Processing file /opt/airflow/dags/DagScraper.py for tasks to queue
[2026-04-19T12:45:02.583+0000] {logging_mixin.py:188} INFO - [2026-04-19T12:45:02.582+0000] {dagbag.py:545} INFO - Filling up the DagBag from /opt/airflow/dags/DagScraper.py
[2026-04-19T12:45:02.625+0000] {processor.py:840} INFO - DAG(s) 'dag_scraping_offres_emploi' retrieved from /opt/airflow/dags/DagScraper.py
[2026-04-19T12:45:02.731+0000] {logging_mixin.py:188} INFO - [2026-04-19T12:45:02.730+0000] {dag.py:3096} INFO - Sync 1 DAGs
[2026-04-19T12:45:02.791+0000] {logging_mixin.py:188} INFO - [2026-04-19T12:45:02.791+0000] {dag.py:3954} INFO - Setting next_dagrun for dag_scraping_offres_emploi to 2026-04-19 06:00:00+00:00, run_after=2026-04-19 12:00:00+00:00
[2026-04-19T12:45:02.838+0000] {processor.py:183} INFO - Processing /opt/airflow/dags/DagScraper.py took 0.272 seconds
[2026-04-19T12:45:33.008+0000] {processor.py:161} INFO - Started process (PID=40225) to work on /opt/airflow/dags/DagScraper.py
[2026-04-19T12:45:33.010+0000] {processor.py:830} INFO - Processing file /opt/airflow/dags/DagScraper.py for tasks to queue
[2026-04-19T12:45:33.018+0000] {logging_mixin.py:188} INFO - [2026-04-19T12:45:33.017+0000] {dagbag.py:545} INFO - Filling up the DagBag from /opt/airflow/dags/DagScraper.py
[2026-04-19T12:45:33.073+0000] {processor.py:840} INFO - DAG(s) 'dag_scraping_offres_emploi' retrieved from /opt/airflow/dags/DagScraper.py
[2026-04-19T12:45:33.142+0000] {logging_mixin.py:188} INFO - [2026-04-19T12:45:33.141+0000] {dag.py:3096} INFO - Sync 1 DAGs
[2026-04-19T12:45:33.210+0000] {logging_mixin.py:188} INFO - [2026-04-19T12:45:33.210+0000] {dag.py:3954} INFO - Setting next_dagrun for dag_scraping_offres_emploi to 2026-04-19 06:00:00+00:00, run_after=2026-04-19 12:00:00+00:00
[2026-04-19T12:45:33.262+0000] {processor.py:183} INFO - Processing /opt/airflow/dags/DagScraper.py took 0.272 seconds
[2026-04-19T12:46:03.631+0000] {processor.py:161} INFO - Started process (PID=40233) to work on /opt/airflow/dags/DagScraper.py
[2026-04-19T12:46:03.635+0000] {processor.py:830} INFO - Processing file /opt/airflow/dags/DagScraper.py for tasks to queue
[2026-04-19T12:46:03.639+0000] {logging_mixin.py:188} INFO - [2026-04-19T12:46:03.638+0000] {dagbag.py:545} INFO - Filling up the DagBag from /opt/airflow/dags/DagScraper.py
[2026-04-19T12:46:03.703+0000] {processor.py:840} INFO - DAG(s) 'dag_scraping_offres_emploi' retrieved from /opt/airflow/dags/DagScraper.py
[2026-04-19T12:46:03.877+0000] {logging_mixin.py:188} INFO - [2026-04-19T12:46:03.875+0000] {dag.py:3096} INFO - Sync 1 DAGs
[2026-04-19T12:46:04.005+0000] {logging_mixin.py:188} INFO - [2026-04-19T12:46:04.005+0000] {dag.py:3954} INFO - Setting next_dagrun for dag_scraping_offres_emploi to 2026-04-19 06:00:00+00:00, run_after=2026-04-19 12:00:00+00:00
[2026-04-19T12:46:04.075+0000] {processor.py:183} INFO - Processing /opt/airflow/dags/DagScraper.py took 0.472 seconds
[2026-04-19T12:46:34.549+0000] {processor.py:161} INFO - Started process (PID=40248) to work on /opt/airflow/dags/DagScraper.py
[2026-04-19T12:46:34.551+0000] {processor.py:830} INFO - Processing file /opt/airflow/dags/DagScraper.py for tasks to queue
[2026-04-19T12:46:34.555+0000] {logging_mixin.py:188} INFO - [2026-04-19T12:46:34.554+0000] {dagbag.py:545} INFO - Filling up the DagBag from /opt/airflow/dags/DagScraper.py
[2026-04-19T12:46:34.600+0000] {processor.py:840} INFO - DAG(s) 'dag_scraping_offres_emploi' retrieved from /opt/airflow/dags/DagScraper.py
[2026-04-19T12:46:34.696+0000] {logging_mixin.py:188} INFO - [2026-04-19T12:46:34.696+0000] {dag.py:3096} INFO - Sync 1 DAGs
[2026-04-19T12:46:34.762+0000] {logging_mixin.py:188} INFO - [2026-04-19T12:46:34.761+0000] {dag.py:3954} INFO - Setting next_dagrun for dag_scraping_offres_emploi to 2026-04-19 06:00:00+00:00, run_after=2026-04-19 12:00:00+00:00
[2026-04-19T12:46:34.914+0000] {processor.py:183} INFO - Processing /opt/airflow/dags/DagScraper.py took 0.378 seconds
[2026-04-19T12:47:05.499+0000] {processor.py:161} INFO - Started process (PID=40257) to work on /opt/airflow/dags/DagScraper.py
[2026-04-19T12:47:05.501+0000] {processor.py:830} INFO - Processing file /opt/airflow/dags/DagScraper.py for tasks to queue
[2026-04-19T12:47:05.506+0000] {logging_mixin.py:188} INFO - [2026-04-19T12:47:05.505+0000] {dagbag.py:545} INFO - Filling up the DagBag from /opt/airflow/dags/DagScraper.py
[2026-04-19T12:47:05.554+0000] {processor.py:840} INFO - DAG(s) 'dag_scraping_offres_emploi' retrieved from /opt/airflow/dags/DagScraper.py
[2026-04-19T12:47:05.706+0000] {logging_mixin.py:188} INFO - [2026-04-19T12:47:05.706+0000] {dag.py:3096} INFO - Sync 1 DAGs
[2026-04-19T12:47:05.809+0000] {logging_mixin.py:188} INFO - [2026-04-19T12:47:05.808+0000] {dag.py:3954} INFO - Setting next_dagrun for dag_scraping_offres_emploi to 2026-04-19 06:00:00+00:00, run_after=2026-04-19 12:00:00+00:00
[2026-04-19T12:47:05.878+0000] {processor.py:183} INFO - Processing /opt/airflow/dags/DagScraper.py took 0.392 seconds
[2026-04-19T12:47:36.431+0000] {processor.py:161} INFO - Started process (PID=40271) to work on /opt/airflow/dags/DagScraper.py
[2026-04-19T12:47:36.435+0000] {processor.py:830} INFO - Processing file /opt/airflow/dags/DagScraper.py for tasks to queue
[2026-04-19T12:47:36.440+0000] {logging_mixin.py:188} INFO - [2026-04-19T12:47:36.438+0000] {dagbag.py:545} INFO - Filling up the DagBag from /opt/airflow/dags/DagScraper.py
[2026-04-19T12:47:36.494+0000] {processor.py:840} INFO - DAG(s) 'dag_scraping_offres_emploi' retrieved from /opt/airflow/dags/DagScraper.py
[2026-04-19T12:47:36.561+0000] {logging_mixin.py:188} INFO - [2026-04-19T12:47:36.560+0000] {dag.py:3096} INFO - Sync 1 DAGs
[2026-04-19T12:47:36.610+0000] {logging_mixin.py:188} INFO - [2026-04-19T12:47:36.609+0000] {dag.py:3954} INFO - Setting next_dagrun for dag_scraping_offres_emploi to 2026-04-19 06:00:00+00:00, run_after=2026-04-19 12:00:00+00:00
[2026-04-19T12:47:36.655+0000] {processor.py:183} INFO - Processing /opt/airflow/dags/DagScraper.py took 0.248 seconds
[2026-04-19T12:48:07.085+0000] {processor.py:161} INFO - Started process (PID=40279) to work on /opt/airflow/dags/DagScraper.py
[2026-04-19T12:48:07.091+0000] {processor.py:830} INFO - Processing file /opt/airflow/dags/DagScraper.py for tasks to queue
[2026-04-19T12:48:07.102+0000] {logging_mixin.py:188} INFO - [2026-04-19T12:48:07.101+0000] {dagbag.py:545} INFO - Filling up the DagBag from /opt/airflow/dags/DagScraper.py
[2026-04-19T12:48:07.158+0000] {processor.py:840} INFO - DAG(s) 'dag_scraping_offres_emploi' retrieved from /opt/airflow/dags/DagScraper.py
[2026-04-19T12:48:07.236+0000] {logging_mixin.py:188} INFO - [2026-04-19T12:48:07.235+0000] {dag.py:3096} INFO - Sync 1 DAGs
[2026-04-19T12:48:07.280+0000] {logging_mixin.py:188} INFO - [2026-04-19T12:48:07.280+0000] {dag.py:3954} INFO - Setting next_dagrun for dag_scraping_offres_emploi to 2026-04-19 06:00:00+00:00, run_after=2026-04-19 12:00:00+00:00
[2026-04-19T12:48:07.445+0000] {processor.py:183} INFO - Processing /opt/airflow/dags/DagScraper.py took 0.395 seconds
[2026-04-19T12:48:38.094+0000] {processor.py:161} INFO - Started process (PID=40293) to work on /opt/airflow/dags/DagScraper.py
[2026-04-19T12:48:38.096+0000] {processor.py:830} INFO - Processing file /opt/airflow/dags/DagScraper.py for tasks to queue
[2026-04-19T12:48:38.100+0000] {logging_mixin.py:188} INFO - [2026-04-19T12:48:38.099+0000] {dagbag.py:545} INFO - Filling up the DagBag from /opt/airflow/dags/DagScraper.py
[2026-04-19T12:48:38.169+0000] {processor.py:840} INFO - DAG(s) 'dag_scraping_offres_emploi' retrieved from /opt/airflow/dags/DagScraper.py
[2026-04-19T12:48:38.263+0000] {logging_mixin.py:188} INFO - [2026-04-19T12:48:38.263+0000] {dag.py:3096} INFO - Sync 1 DAGs
[2026-04-19T12:48:38.313+0000] {logging_mixin.py:188} INFO - [2026-04-19T12:48:38.313+0000] {dag.py:3954} INFO - Setting next_dagrun for dag_scraping_offres_emploi to 2026-04-19 06:00:00+00:00, run_after=2026-04-19 12:00:00+00:00
[2026-04-19T12:48:38.352+0000] {processor.py:183} INFO - Processing /opt/airflow/dags/DagScraper.py took 0.277 seconds
[2026-04-19T12:49:08.665+0000] {processor.py:161} INFO - Started process (PID=40301) to work on /opt/airflow/dags/DagScraper.py
[2026-04-19T12:49:08.666+0000] {processor.py:830} INFO - Processing file /opt/airflow/dags/DagScraper.py for tasks to queue
[2026-04-19T12:49:08.671+0000] {logging_mixin.py:188} INFO - [2026-04-19T12:49:08.670+0000] {dagbag.py:545} INFO - Filling up the DagBag from /opt/airflow/dags/DagScraper.py
[2026-04-19T12:49:08.734+0000] {processor.py:840} INFO - DAG(s) 'dag_scraping_offres_emploi' retrieved from /opt/airflow/dags/DagScraper.py
[2026-04-19T12:49:08.876+0000] {logging_mixin.py:188} INFO - [2026-04-19T12:49:08.875+0000] {dag.py:3096} INFO - Sync 1 DAGs
[2026-04-19T12:49:08.954+0000] {logging_mixin.py:188} INFO - [2026-04-19T12:49:08.954+0000] {dag.py:3954} INFO - Setting next_dagrun for dag_scraping_offres_emploi to 2026-04-19 06:00:00+00:00, run_after=2026-04-19 12:00:00+00:00
[2026-04-19T12:49:09.017+0000] {processor.py:183} INFO - Processing /opt/airflow/dags/DagScraper.py took 0.365 seconds
[2026-04-19T12:49:39.416+0000] {processor.py:161} INFO - Started process (PID=40315) to work on /opt/airflow/dags/DagScraper.py
[2026-04-19T12:49:39.418+0000] {processor.py:830} INFO - Processing file /opt/airflow/dags/DagScraper.py for tasks to queue
[2026-04-19T12:49:39.422+0000] {logging_mixin.py:188} INFO - [2026-04-19T12:49:39.421+0000] {dagbag.py:545} INFO - Filling up the DagBag from /opt/airflow/dags/DagScraper.py
[2026-04-19T12:49:39.465+0000] {processor.py:840} INFO - DAG(s) 'dag_scraping_offres_emploi' retrieved from /opt/airflow/dags/DagScraper.py
[2026-04-19T12:49:39.541+0000] {logging_mixin.py:188} INFO - [2026-04-19T12:49:39.541+0000] {dag.py:3096} INFO - Sync 1 DAGs
[2026-04-19T12:49:39.593+0000] {logging_mixin.py:188} INFO - [2026-04-19T12:49:39.593+0000] {dag.py:3954} INFO - Setting next_dagrun for dag_scraping_offres_emploi to 2026-04-19 06:00:00+00:00, run_after=2026-04-19 12:00:00+00:00
[2026-04-19T12:49:39.639+0000] {processor.py:183} INFO - Processing /opt/airflow/dags/DagScraper.py took 0.237 seconds
[2026-04-19T12:50:10.064+0000] {processor.py:161} INFO - Started process (PID=40323) to work on /opt/airflow/dags/DagScraper.py
[2026-04-19T12:50:10.066+0000] {processor.py:830} INFO - Processing file /opt/airflow/dags/DagScraper.py for tasks to queue
[2026-04-19T12:50:10.082+0000] {logging_mixin.py:188} INFO - [2026-04-19T12:50:10.080+0000] {dagbag.py:545} INFO - Filling up the DagBag from /opt/airflow/dags/DagScraper.py
[2026-04-19T12:50:10.259+0000] {processor.py:840} INFO - DAG(s) 'dag_scraping_offres_emploi' retrieved from /opt/airflow/dags/DagScraper.py
[2026-04-19T12:50:10.353+0000] {logging_mixin.py:188} INFO - [2026-04-19T12:50:10.352+0000] {dag.py:3096} INFO - Sync 1 DAGs
[2026-04-19T12:50:10.409+0000] {logging_mixin.py:188} INFO - [2026-04-19T12:50:10.408+0000] {dag.py:3954} INFO - Setting next_dagrun for dag_scraping_offres_emploi to 2026-04-19 06:00:00+00:00, run_after=2026-04-19 12:00:00+00:00
[2026-04-19T12:50:10.469+0000] {processor.py:183} INFO - Processing /opt/airflow/dags/DagScraper.py took 0.440 seconds
[2026-04-19T12:50:40.867+0000] {processor.py:161} INFO - Started process (PID=40336) to work on /opt/airflow/dags/DagScraper.py
[2026-04-19T12:50:40.868+0000] {processor.py:830} INFO - Processing file /opt/airflow/dags/DagScraper.py for tasks to queue
[2026-04-19T12:50:40.872+0000] {logging_mixin.py:188} INFO - [2026-04-19T12:50:40.871+0000] {dagbag.py:545} INFO - Filling up the DagBag from /opt/airflow/dags/DagScraper.py
[2026-04-19T12:50:40.920+0000] {processor.py:840} INFO - DAG(s) 'dag_scraping_offres_emploi' retrieved from /opt/airflow/dags/DagScraper.py
[2026-04-19T12:50:40.992+0000] {logging_mixin.py:188} INFO - [2026-04-19T12:50:40.991+0000] {dag.py:3096} INFO - Sync 1 DAGs
[2026-04-19T12:50:41.055+0000] {logging_mixin.py:188} INFO - [2026-04-19T12:50:41.055+0000] {dag.py:3954} INFO - Setting next_dagrun for dag_scraping_offres_emploi to 2026-04-19 06:00:00+00:00, run_after=2026-04-19 12:00:00+00:00
[2026-04-19T12:50:41.106+0000] {processor.py:183} INFO - Processing /opt/airflow/dags/DagScraper.py took 0.252 seconds
[2026-04-19T12:51:11.429+0000] {processor.py:161} INFO - Started process (PID=40345) to work on /opt/airflow/dags/DagScraper.py
[2026-04-19T12:51:11.434+0000] {processor.py:830} INFO - Processing file /opt/airflow/dags/DagScraper.py for tasks to queue
[2026-04-19T12:51:11.439+0000] {logging_mixin.py:188} INFO - [2026-04-19T12:51:11.438+0000] {dagbag.py:545} INFO - Filling up the DagBag from /opt/airflow/dags/DagScraper.py
[2026-04-19T12:51:11.557+0000] {processor.py:840} INFO - DAG(s) 'dag_scraping_offres_emploi' retrieved from /opt/airflow/dags/DagScraper.py
[2026-04-19T12:51:11.631+0000] {logging_mixin.py:188} INFO - [2026-04-19T12:51:11.630+0000] {dag.py:3096} INFO - Sync 1 DAGs
[2026-04-19T12:51:11.676+0000] {logging_mixin.py:188} INFO - [2026-04-19T12:51:11.676+0000] {dag.py:3954} INFO - Setting next_dagrun for dag_scraping_offres_emploi to 2026-04-19 06:00:00+00:00, run_after=2026-04-19 12:00:00+00:00
[2026-04-19T12:51:11.714+0000] {processor.py:183} INFO - Processing /opt/airflow/dags/DagScraper.py took 0.302 seconds
[2026-04-19T12:51:41.977+0000] {processor.py:161} INFO - Started process (PID=40359) to work on /opt/airflow/dags/DagScraper.py
[2026-04-19T12:51:41.986+0000] {processor.py:830} INFO - Processing file /opt/airflow/dags/DagScraper.py for tasks to queue
[2026-04-19T12:51:41.994+0000] {logging_mixin.py:188} INFO - [2026-04-19T12:51:41.992+0000] {dagbag.py:545} INFO - Filling up the DagBag from /opt/airflow/dags/DagScraper.py
[2026-04-19T12:51:42.057+0000] {processor.py:840} INFO - DAG(s) 'dag_scraping_offres_emploi' retrieved from /opt/airflow/dags/DagScraper.py
[2026-04-19T12:51:42.143+0000] {logging_mixin.py:188} INFO - [2026-04-19T12:51:42.142+0000] {dag.py:3096} INFO - Sync 1 DAGs
[2026-04-19T12:51:42.209+0000] {logging_mixin.py:188} INFO - [2026-04-19T12:51:42.207+0000] {dag.py:3954} INFO - Setting next_dagrun for dag_scraping_offres_emploi to 2026-04-19 06:00:00+00:00, run_after=2026-04-19 12:00:00+00:00
[2026-04-19T12:51:42.280+0000] {processor.py:183} INFO - Processing /opt/airflow/dags/DagScraper.py took 0.327 seconds
[2026-04-19T12:52:12.674+0000] {processor.py:161} INFO - Started process (PID=40366) to work on /opt/airflow/dags/DagScraper.py
[2026-04-19T12:52:12.677+0000] {processor.py:830} INFO - Processing file /opt/airflow/dags/DagScraper.py for tasks to queue
[2026-04-19T12:52:12.681+0000] {logging_mixin.py:188} INFO - [2026-04-19T12:52:12.680+0000] {dagbag.py:545} INFO - Filling up the DagBag from /opt/airflow/dags/DagScraper.py
[2026-04-19T12:52:12.728+0000] {processor.py:840} INFO - DAG(s) 'dag_scraping_offres_emploi' retrieved from /opt/airflow/dags/DagScraper.py
[2026-04-19T12:52:12.813+0000] {logging_mixin.py:188} INFO - [2026-04-19T12:52:12.812+0000] {dag.py:3096} INFO - Sync 1 DAGs
[2026-04-19T12:52:12.867+0000] {logging_mixin.py:188} INFO - [2026-04-19T12:52:12.867+0000] {dag.py:3954} INFO - Setting next_dagrun for dag_scraping_offres_emploi to 2026-04-19 06:00:00+00:00, run_after=2026-04-19 12:00:00+00:00
[2026-04-19T12:52:12.911+0000] {processor.py:183} INFO - Processing /opt/airflow/dags/DagScraper.py took 0.253 seconds
[2026-04-19T12:52:43.267+0000] {processor.py:161} INFO - Started process (PID=40380) to work on /opt/airflow/dags/DagScraper.py
[2026-04-19T12:52:43.269+0000] {processor.py:830} INFO - Processing file /opt/airflow/dags/DagScraper.py for tasks to queue
[2026-04-19T12:52:43.273+0000] {logging_mixin.py:188} INFO - [2026-04-19T12:52:43.273+0000] {dagbag.py:545} INFO - Filling up the DagBag from /opt/airflow/dags/DagScraper.py
[2026-04-19T12:52:43.317+0000] {processor.py:840} INFO - DAG(s) 'dag_scraping_offres_emploi' retrieved from /opt/airflow/dags/DagScraper.py
[2026-04-19T12:52:43.376+0000] {logging_mixin.py:188} INFO - [2026-04-19T12:52:43.376+0000] {dag.py:3096} INFO - Sync 1 DAGs
[2026-04-19T12:52:43.425+0000] {logging_mixin.py:188} INFO - [2026-04-19T12:52:43.425+0000] {dag.py:3954} INFO - Setting next_dagrun for dag_scraping_offres_emploi to 2026-04-19 06:00:00+00:00, run_after=2026-04-19 12:00:00+00:00
[2026-04-19T12:52:43.517+0000] {processor.py:183} INFO - Processing /opt/airflow/dags/DagScraper.py took 0.265 seconds
[2026-04-19T12:53:13.738+0000] {processor.py:161} INFO - Started process (PID=40389) to work on /opt/airflow/dags/DagScraper.py
[2026-04-19T12:53:13.741+0000] {processor.py:830} INFO - Processing file /opt/airflow/dags/DagScraper.py for tasks to queue
[2026-04-19T12:53:13.746+0000] {logging_mixin.py:188} INFO - [2026-04-19T12:53:13.745+0000] {dagbag.py:545} INFO - Filling up the DagBag from /opt/airflow/dags/DagScraper.py
[2026-04-19T12:53:13.795+0000] {processor.py:840} INFO - DAG(s) 'dag_scraping_offres_emploi' retrieved from /opt/airflow/dags/DagScraper.py
[2026-04-19T12:53:13.869+0000] {logging_mixin.py:188} INFO - [2026-04-19T12:53:13.868+0000] {dag.py:3096} INFO - Sync 1 DAGs
[2026-04-19T12:53:13.930+0000] {logging_mixin.py:188} INFO - [2026-04-19T12:53:13.929+0000] {dag.py:3954} INFO - Setting next_dagrun for dag_scraping_offres_emploi to 2026-04-19 06:00:00+00:00, run_after=2026-04-19 12:00:00+00:00
[2026-04-19T12:53:13.997+0000] {processor.py:183} INFO - Processing /opt/airflow/dags/DagScraper.py took 0.281 seconds
[2026-04-19T12:53:44.437+0000] {processor.py:161} INFO - Started process (PID=40404) to work on /opt/airflow/dags/DagScraper.py
[2026-04-19T12:53:44.439+0000] {processor.py:830} INFO - Processing file /opt/airflow/dags/DagScraper.py for tasks to queue
[2026-04-19T12:53:44.442+0000] {logging_mixin.py:188} INFO - [2026-04-19T12:53:44.442+0000] {dagbag.py:545} INFO - Filling up the DagBag from /opt/airflow/dags/DagScraper.py
[2026-04-19T12:53:44.482+0000] {processor.py:840} INFO - DAG(s) 'dag_scraping_offres_emploi' retrieved from /opt/airflow/dags/DagScraper.py
[2026-04-19T12:53:44.629+0000] {logging_mixin.py:188} INFO - [2026-04-19T12:53:44.629+0000] {dag.py:3096} INFO - Sync 1 DAGs
[2026-04-19T12:53:44.728+0000] {logging_mixin.py:188} INFO - [2026-04-19T12:53:44.727+0000] {dag.py:3954} INFO - Setting next_dagrun for dag_scraping_offres_emploi to 2026-04-19 06:00:00+00:00, run_after=2026-04-19 12:00:00+00:00
[2026-04-19T12:53:44.791+0000] {processor.py:183} INFO - Processing /opt/airflow/dags/DagScraper.py took 0.365 seconds
[2026-04-19T12:54:15.789+0000] {processor.py:161} INFO - Started process (PID=40412) to work on /opt/airflow/dags/DagScraper.py
[2026-04-19T12:54:15.792+0000] {processor.py:830} INFO - Processing file /opt/airflow/dags/DagScraper.py for tasks to queue
[2026-04-19T12:54:15.797+0000] {logging_mixin.py:188} INFO - [2026-04-19T12:54:15.796+0000] {dagbag.py:545} INFO - Filling up the DagBag from /opt/airflow/dags/DagScraper.py
[2026-04-19T12:54:15.864+0000] {processor.py:840} INFO - DAG(s) 'dag_scraping_offres_emploi' retrieved from /opt/airflow/dags/DagScraper.py
[2026-04-19T12:54:15.944+0000] {logging_mixin.py:188} INFO - [2026-04-19T12:54:15.943+0000] {dag.py:3096} INFO - Sync 1 DAGs
[2026-04-19T12:54:15.982+0000] {logging_mixin.py:188} INFO - [2026-04-19T12:54:15.981+0000] {dag.py:3954} INFO - Setting next_dagrun for dag_scraping_offres_emploi to 2026-04-19 06:00:00+00:00, run_after=2026-04-19 12:00:00+00:00
[2026-04-19T12:54:16.018+0000] {processor.py:183} INFO - Processing /opt/airflow/dags/DagScraper.py took 0.249 seconds
[2026-04-19T12:54:46.189+0000] {processor.py:161} INFO - Started process (PID=40425) to work on /opt/airflow/dags/DagScraper.py
[2026-04-19T12:54:46.190+0000] {processor.py:830} INFO - Processing file /opt/airflow/dags/DagScraper.py for tasks to queue
[2026-04-19T12:54:46.195+0000] {logging_mixin.py:188} INFO - [2026-04-19T12:54:46.194+0000] {dagbag.py:545} INFO - Filling up the DagBag from /opt/airflow/dags/DagScraper.py
[2026-04-19T12:54:46.245+0000] {processor.py:840} INFO - DAG(s) 'dag_scraping_offres_emploi' retrieved from /opt/airflow/dags/DagScraper.py
[2026-04-19T12:54:46.347+0000] {logging_mixin.py:188} INFO - [2026-04-19T12:54:46.347+0000] {dag.py:3096} INFO - Sync 1 DAGs
[2026-04-19T12:54:46.440+0000] {logging_mixin.py:188} INFO - [2026-04-19T12:54:46.440+0000] {dag.py:3954} INFO - Setting next_dagrun for dag_scraping_offres_emploi to 2026-04-19 06:00:00+00:00, run_after=2026-04-19 12:00:00+00:00
[2026-04-19T12:54:46.492+0000] {processor.py:183} INFO - Processing /opt/airflow/dags/DagScraper.py took 0.317 seconds
[2026-04-19T12:55:17.144+0000] {processor.py:161} INFO - Started process (PID=40440) to work on /opt/airflow/dags/DagScraper.py
[2026-04-19T12:55:17.152+0000] {processor.py:830} INFO - Processing file /opt/airflow/dags/DagScraper.py for tasks to queue
[2026-04-19T12:55:17.159+0000] {logging_mixin.py:188} INFO - [2026-04-19T12:55:17.158+0000] {dagbag.py:545} INFO - Filling up the DagBag from /opt/airflow/dags/DagScraper.py
[2026-04-19T12:55:17.258+0000] {processor.py:840} INFO - DAG(s) 'dag_scraping_offres_emploi' retrieved from /opt/airflow/dags/DagScraper.py
[2026-04-19T12:55:17.414+0000] {logging_mixin.py:188} INFO - [2026-04-19T12:55:17.413+0000] {dag.py:3096} INFO - Sync 1 DAGs
[2026-04-19T12:55:17.604+0000] {logging_mixin.py:188} INFO - [2026-04-19T12:55:17.604+0000] {dag.py:3954} INFO - Setting next_dagrun for dag_scraping_offres_emploi to 2026-04-19 06:00:00+00:00, run_after=2026-04-19 12:00:00+00:00
[2026-04-19T12:55:17.787+0000] {processor.py:183} INFO - Processing /opt/airflow/dags/DagScraper.py took 0.668 seconds
[2026-04-19T12:55:48.018+0000] {processor.py:161} INFO - Started process (PID=40448) to work on /opt/airflow/dags/DagScraper.py
[2026-04-19T12:55:48.020+0000] {processor.py:830} INFO - Processing file /opt/airflow/dags/DagScraper.py for tasks to queue
[2026-04-19T12:55:48.025+0000] {logging_mixin.py:188} INFO - [2026-04-19T12:55:48.024+0000] {dagbag.py:545} INFO - Filling up the DagBag from /opt/airflow/dags/DagScraper.py
[2026-04-19T12:55:48.068+0000] {processor.py:840} INFO - DAG(s) 'dag_scraping_offres_emploi' retrieved from /opt/airflow/dags/DagScraper.py
[2026-04-19T12:55:48.171+0000] {logging_mixin.py:188} INFO - [2026-04-19T12:55:48.170+0000] {dag.py:3096} INFO - Sync 1 DAGs
[2026-04-19T12:55:48.257+0000] {logging_mixin.py:188} INFO - [2026-04-19T12:55:48.256+0000] {dag.py:3954} INFO - Setting next_dagrun for dag_scraping_offres_emploi to 2026-04-19 06:00:00+00:00, run_after=2026-04-19 12:00:00+00:00
[2026-04-19T12:55:48.310+0000] {processor.py:183} INFO - Processing /opt/airflow/dags/DagScraper.py took 0.304 seconds
[2026-04-19T12:56:18.736+0000] {processor.py:161} INFO - Started process (PID=40462) to work on /opt/airflow/dags/DagScraper.py
[2026-04-19T12:56:18.739+0000] {processor.py:830} INFO - Processing file /opt/airflow/dags/DagScraper.py for tasks to queue
[2026-04-19T12:56:18.744+0000] {logging_mixin.py:188} INFO - [2026-04-19T12:56:18.743+0000] {dagbag.py:545} INFO - Filling up the DagBag from /opt/airflow/dags/DagScraper.py
[2026-04-19T12:56:18.832+0000] {processor.py:840} INFO - DAG(s) 'dag_scraping_offres_emploi' retrieved from /opt/airflow/dags/DagScraper.py
[2026-04-19T12:56:19.066+0000] {logging_mixin.py:188} INFO - [2026-04-19T12:56:19.065+0000] {dag.py:3096} INFO - Sync 1 DAGs
[2026-04-19T12:56:19.179+0000] {logging_mixin.py:188} INFO - [2026-04-19T12:56:19.178+0000] {dag.py:3954} INFO - Setting next_dagrun for dag_scraping_offres_emploi to 2026-04-19 06:00:00+00:00, run_after=2026-04-19 12:00:00+00:00
[2026-04-19T12:56:19.265+0000] {processor.py:183} INFO - Processing /opt/airflow/dags/DagScraper.py took 0.548 seconds
[2026-04-19T12:56:49.830+0000] {processor.py:161} INFO - Started process (PID=40470) to work on /opt/airflow/dags/DagScraper.py
[2026-04-19T12:56:49.833+0000] {processor.py:830} INFO - Processing file /opt/airflow/dags/DagScraper.py for tasks to queue
[2026-04-19T12:56:49.839+0000] {logging_mixin.py:188} INFO - [2026-04-19T12:56:49.838+0000] {dagbag.py:545} INFO - Filling up the DagBag from /opt/airflow/dags/DagScraper.py
[2026-04-19T12:56:49.907+0000] {processor.py:840} INFO - DAG(s) 'dag_scraping_offres_emploi' retrieved from /opt/airflow/dags/DagScraper.py
[2026-04-19T12:56:49.986+0000] {logging_mixin.py:188} INFO - [2026-04-19T12:56:49.985+0000] {dag.py:3096} INFO - Sync 1 DAGs
[2026-04-19T12:56:50.038+0000] {logging_mixin.py:188} INFO - [2026-04-19T12:56:50.037+0000] {dag.py:3954} INFO - Setting next_dagrun for dag_scraping_offres_emploi to 2026-04-19 06:00:00+00:00, run_after=2026-04-19 12:00:00+00:00
[2026-04-19T12:56:50.096+0000] {processor.py:183} INFO - Processing /opt/airflow/dags/DagScraper.py took 0.284 seconds
[2026-04-19T12:57:20.401+0000] {processor.py:161} INFO - Started process (PID=40483) to work on /opt/airflow/dags/DagScraper.py
[2026-04-19T12:57:20.404+0000] {processor.py:830} INFO - Processing file /opt/airflow/dags/DagScraper.py for tasks to queue
[2026-04-19T12:57:20.410+0000] {logging_mixin.py:188} INFO - [2026-04-19T12:57:20.409+0000] {dagbag.py:545} INFO - Filling up the DagBag from /opt/airflow/dags/DagScraper.py
[2026-04-19T12:57:20.563+0000] {processor.py:840} INFO - DAG(s) 'dag_scraping_offres_emploi' retrieved from /opt/airflow/dags/DagScraper.py
[2026-04-19T12:57:20.705+0000] {logging_mixin.py:188} INFO - [2026-04-19T12:57:20.704+0000] {dag.py:3096} INFO - Sync 1 DAGs
[2026-04-19T12:57:20.768+0000] {logging_mixin.py:188} INFO - [2026-04-19T12:57:20.768+0000] {dag.py:3954} INFO - Setting next_dagrun for dag_scraping_offres_emploi to 2026-04-19 06:00:00+00:00, run_after=2026-04-19 12:00:00+00:00
[2026-04-19T12:57:20.818+0000] {processor.py:183} INFO - Processing /opt/airflow/dags/DagScraper.py took 0.433 seconds
[2026-04-19T12:57:51.103+0000] {processor.py:161} INFO - Started process (PID=40491) to work on /opt/airflow/dags/DagScraper.py
[2026-04-19T12:57:51.105+0000] {processor.py:830} INFO - Processing file /opt/airflow/dags/DagScraper.py for tasks to queue
[2026-04-19T12:57:51.110+0000] {logging_mixin.py:188} INFO - [2026-04-19T12:57:51.109+0000] {dagbag.py:545} INFO - Filling up the DagBag from /opt/airflow/dags/DagScraper.py
[2026-04-19T12:57:51.168+0000] {processor.py:840} INFO - DAG(s) 'dag_scraping_offres_emploi' retrieved from /opt/airflow/dags/DagScraper.py
[2026-04-19T12:57:51.255+0000] {logging_mixin.py:188} INFO - [2026-04-19T12:57:51.255+0000] {dag.py:3096} INFO - Sync 1 DAGs
[2026-04-19T12:57:51.298+0000] {logging_mixin.py:188} INFO - [2026-04-19T12:57:51.298+0000] {dag.py:3954} INFO - Setting next_dagrun for dag_scraping_offres_emploi to 2026-04-19 06:00:00+00:00, run_after=2026-04-19 12:00:00+00:00
[2026-04-19T12:57:51.337+0000] {processor.py:183} INFO - Processing /opt/airflow/dags/DagScraper.py took 0.251 seconds
[2026-04-19T12:58:21.599+0000] {processor.py:161} INFO - Started process (PID=40504) to work on /opt/airflow/dags/DagScraper.py
[2026-04-19T12:58:21.602+0000] {processor.py:830} INFO - Processing file /opt/airflow/dags/DagScraper.py for tasks to queue
[2026-04-19T12:58:21.607+0000] {logging_mixin.py:188} INFO - [2026-04-19T12:58:21.606+0000] {dagbag.py:545} INFO - Filling up the DagBag from /opt/airflow/dags/DagScraper.py
[2026-04-19T12:58:21.686+0000] {processor.py:840} INFO - DAG(s) 'dag_scraping_offres_emploi' retrieved from /opt/airflow/dags/DagScraper.py
[2026-04-19T12:58:21.791+0000] {logging_mixin.py:188} INFO - [2026-04-19T12:58:21.790+0000] {dag.py:3096} INFO - Sync 1 DAGs
[2026-04-19T12:58:21.867+0000] {logging_mixin.py:188} INFO - [2026-04-19T12:58:21.867+0000] {dag.py:3954} INFO - Setting next_dagrun for dag_scraping_offres_emploi to 2026-04-19 06:00:00+00:00, run_after=2026-04-19 12:00:00+00:00
[2026-04-19T12:58:21.961+0000] {processor.py:183} INFO - Processing /opt/airflow/dags/DagScraper.py took 0.376 seconds
[2026-04-19T12:58:52.171+0000] {processor.py:161} INFO - Started process (PID=40512) to work on /opt/airflow/dags/DagScraper.py
[2026-04-19T12:58:52.173+0000] {processor.py:830} INFO - Processing file /opt/airflow/dags/DagScraper.py for tasks to queue
[2026-04-19T12:58:52.177+0000] {logging_mixin.py:188} INFO - [2026-04-19T12:58:52.176+0000] {dagbag.py:545} INFO - Filling up the DagBag from /opt/airflow/dags/DagScraper.py
[2026-04-19T12:58:52.222+0000] {processor.py:840} INFO - DAG(s) 'dag_scraping_offres_emploi' retrieved from /opt/airflow/dags/DagScraper.py
[2026-04-19T12:58:52.325+0000] {logging_mixin.py:188} INFO - [2026-04-19T12:58:52.324+0000] {dag.py:3096} INFO - Sync 1 DAGs
[2026-04-19T12:58:52.452+0000] {logging_mixin.py:188} INFO - [2026-04-19T12:58:52.451+0000] {dag.py:3954} INFO - Setting next_dagrun for dag_scraping_offres_emploi to 2026-04-19 06:00:00+00:00, run_after=2026-04-19 12:00:00+00:00
[2026-04-19T12:58:52.528+0000] {processor.py:183} INFO - Processing /opt/airflow/dags/DagScraper.py took 0.371 seconds
[2026-04-19T12:59:23.010+0000] {processor.py:161} INFO - Started process (PID=40528) to work on /opt/airflow/dags/DagScraper.py
[2026-04-19T12:59:23.012+0000] {processor.py:830} INFO - Processing file /opt/airflow/dags/DagScraper.py for tasks to queue
[2026-04-19T12:59:23.020+0000] {logging_mixin.py:188} INFO - [2026-04-19T12:59:23.019+0000] {dagbag.py:545} INFO - Filling up the DagBag from /opt/airflow/dags/DagScraper.py
[2026-04-19T12:59:23.190+0000] {processor.py:840} INFO - DAG(s) 'dag_scraping_offres_emploi' retrieved from /opt/airflow/dags/DagScraper.py
[2026-04-19T12:59:23.295+0000] {logging_mixin.py:188} INFO - [2026-04-19T12:59:23.293+0000] {dag.py:3096} INFO - Sync 1 DAGs
[2026-04-19T12:59:23.613+0000] {logging_mixin.py:188} INFO - [2026-04-19T12:59:23.612+0000] {dag.py:3954} INFO - Setting next_dagrun for dag_scraping_offres_emploi to 2026-04-19 06:00:00+00:00, run_after=2026-04-19 12:00:00+00:00
[2026-04-19T12:59:23.845+0000] {processor.py:183} INFO - Processing /opt/airflow/dags/DagScraper.py took 0.856 seconds
[2026-04-19T12:59:54.161+0000] {processor.py:161} INFO - Started process (PID=40535) to work on /opt/airflow/dags/DagScraper.py
[2026-04-19T12:59:54.163+0000] {processor.py:830} INFO - Processing file /opt/airflow/dags/DagScraper.py for tasks to queue
[2026-04-19T12:59:54.168+0000] {logging_mixin.py:188} INFO - [2026-04-19T12:59:54.167+0000] {dagbag.py:545} INFO - Filling up the DagBag from /opt/airflow/dags/DagScraper.py
[2026-04-19T12:59:54.228+0000] {processor.py:840} INFO - DAG(s) 'dag_scraping_offres_emploi' retrieved from /opt/airflow/dags/DagScraper.py
[2026-04-19T12:59:54.316+0000] {logging_mixin.py:188} INFO - [2026-04-19T12:59:54.316+0000] {dag.py:3096} INFO - Sync 1 DAGs
[2026-04-19T12:59:54.369+0000] {logging_mixin.py:188} INFO - [2026-04-19T12:59:54.368+0000] {dag.py:3954} INFO - Setting next_dagrun for dag_scraping_offres_emploi to 2026-04-19 06:00:00+00:00, run_after=2026-04-19 12:00:00+00:00
[2026-04-19T12:59:54.430+0000] {processor.py:183} INFO - Processing /opt/airflow/dags/DagScraper.py took 0.292 seconds
[2026-04-19T13:00:24.839+0000] {processor.py:161} INFO - Started process (PID=40550) to work on /opt/airflow/dags/DagScraper.py
[2026-04-19T13:00:24.841+0000] {processor.py:830} INFO - Processing file /opt/airflow/dags/DagScraper.py for tasks to queue
[2026-04-19T13:00:24.845+0000] {logging_mixin.py:188} INFO - [2026-04-19T13:00:24.844+0000] {dagbag.py:545} INFO - Filling up the DagBag from /opt/airflow/dags/DagScraper.py
[2026-04-19T13:00:24.905+0000] {processor.py:840} INFO - DAG(s) 'dag_scraping_offres_emploi' retrieved from /opt/airflow/dags/DagScraper.py
[2026-04-19T13:00:24.974+0000] {logging_mixin.py:188} INFO - [2026-04-19T13:00:24.973+0000] {dag.py:3096} INFO - Sync 1 DAGs
[2026-04-19T13:00:25.019+0000] {logging_mixin.py:188} INFO - [2026-04-19T13:00:25.018+0000] {dag.py:3954} INFO - Setting next_dagrun for dag_scraping_offres_emploi to 2026-04-19 06:00:00+00:00, run_after=2026-04-19 12:00:00+00:00
[2026-04-19T13:00:25.066+0000] {processor.py:183} INFO - Processing /opt/airflow/dags/DagScraper.py took 0.247 seconds
[2026-04-19T13:00:55.587+0000] {processor.py:161} INFO - Started process (PID=40558) to work on /opt/airflow/dags/DagScraper.py
[2026-04-19T13:00:55.595+0000] {processor.py:830} INFO - Processing file /opt/airflow/dags/DagScraper.py for tasks to queue
[2026-04-19T13:00:55.600+0000] {logging_mixin.py:188} INFO - [2026-04-19T13:00:55.599+0000] {dagbag.py:545} INFO - Filling up the DagBag from /opt/airflow/dags/DagScraper.py
[2026-04-19T13:00:55.656+0000] {processor.py:840} INFO - DAG(s) 'dag_scraping_offres_emploi' retrieved from /opt/airflow/dags/DagScraper.py
[2026-04-19T13:00:55.776+0000] {logging_mixin.py:188} INFO - [2026-04-19T13:00:55.775+0000] {dag.py:3096} INFO - Sync 1 DAGs
[2026-04-19T13:00:55.862+0000] {logging_mixin.py:188} INFO - [2026-04-19T13:00:55.861+0000] {dag.py:3954} INFO - Setting next_dagrun for dag_scraping_offres_emploi to 2026-04-19 06:00:00+00:00, run_after=2026-04-19 12:00:00+00:00
[2026-04-19T13:00:55.912+0000] {processor.py:183} INFO - Processing /opt/airflow/dags/DagScraper.py took 0.356 seconds
[2026-04-19T13:01:26.409+0000] {processor.py:161} INFO - Started process (PID=40571) to work on /opt/airflow/dags/DagScraper.py
[2026-04-19T13:01:26.411+0000] {processor.py:830} INFO - Processing file /opt/airflow/dags/DagScraper.py for tasks to queue
[2026-04-19T13:01:26.416+0000] {logging_mixin.py:188} INFO - [2026-04-19T13:01:26.415+0000] {dagbag.py:545} INFO - Filling up the DagBag from /opt/airflow/dags/DagScraper.py
[2026-04-19T13:01:26.468+0000] {processor.py:840} INFO - DAG(s) 'dag_scraping_offres_emploi' retrieved from /opt/airflow/dags/DagScraper.py
[2026-04-19T13:01:26.670+0000] {logging_mixin.py:188} INFO - [2026-04-19T13:01:26.670+0000] {dag.py:3096} INFO - Sync 1 DAGs
[2026-04-19T13:01:26.793+0000] {logging_mixin.py:188} INFO - [2026-04-19T13:01:26.792+0000] {dag.py:3954} INFO - Setting next_dagrun for dag_scraping_offres_emploi to 2026-04-19 06:00:00+00:00, run_after=2026-04-19 12:00:00+00:00
[2026-04-19T13:01:26.853+0000] {processor.py:183} INFO - Processing /opt/airflow/dags/DagScraper.py took 0.461 seconds
[2026-04-19T13:01:57.245+0000] {processor.py:161} INFO - Started process (PID=40579) to work on /opt/airflow/dags/DagScraper.py
[2026-04-19T13:01:57.247+0000] {processor.py:830} INFO - Processing file /opt/airflow/dags/DagScraper.py for tasks to queue
[2026-04-19T13:01:57.251+0000] {logging_mixin.py:188} INFO - [2026-04-19T13:01:57.250+0000] {dagbag.py:545} INFO - Filling up the DagBag from /opt/airflow/dags/DagScraper.py
[2026-04-19T13:01:57.306+0000] {processor.py:840} INFO - DAG(s) 'dag_scraping_offres_emploi' retrieved from /opt/airflow/dags/DagScraper.py
[2026-04-19T13:01:57.374+0000] {logging_mixin.py:188} INFO - [2026-04-19T13:01:57.374+0000] {dag.py:3096} INFO - Sync 1 DAGs
[2026-04-19T13:01:57.420+0000] {logging_mixin.py:188} INFO - [2026-04-19T13:01:57.420+0000] {dag.py:3954} INFO - Setting next_dagrun for dag_scraping_offres_emploi to 2026-04-19 06:00:00+00:00, run_after=2026-04-19 12:00:00+00:00
[2026-04-19T13:01:57.473+0000] {processor.py:183} INFO - Processing /opt/airflow/dags/DagScraper.py took 0.244 seconds
[2026-04-19T13:02:27.942+0000] {processor.py:161} INFO - Started process (PID=40593) to work on /opt/airflow/dags/DagScraper.py
[2026-04-19T13:02:27.944+0000] {processor.py:830} INFO - Processing file /opt/airflow/dags/DagScraper.py for tasks to queue
[2026-04-19T13:02:27.949+0000] {logging_mixin.py:188} INFO - [2026-04-19T13:02:27.948+0000] {dagbag.py:545} INFO - Filling up the DagBag from /opt/airflow/dags/DagScraper.py
[2026-04-19T13:02:28.015+0000] {processor.py:840} INFO - DAG(s) 'dag_scraping_offres_emploi' retrieved from /opt/airflow/dags/DagScraper.py
[2026-04-19T13:02:28.146+0000] {logging_mixin.py:188} INFO - [2026-04-19T13:02:28.145+0000] {dag.py:3096} INFO - Sync 1 DAGs
[2026-04-19T13:02:28.207+0000] {logging_mixin.py:188} INFO - [2026-04-19T13:02:28.206+0000] {dag.py:3954} INFO - Setting next_dagrun for dag_scraping_offres_emploi to 2026-04-19 06:00:00+00:00, run_after=2026-04-19 12:00:00+00:00
[2026-04-19T13:02:28.304+0000] {processor.py:183} INFO - Processing /opt/airflow/dags/DagScraper.py took 0.379 seconds
[2026-04-19T13:02:58.847+0000] {processor.py:161} INFO - Started process (PID=40601) to work on /opt/airflow/dags/DagScraper.py
[2026-04-19T13:02:58.848+0000] {processor.py:830} INFO - Processing file /opt/airflow/dags/DagScraper.py for tasks to queue
[2026-04-19T13:02:58.852+0000] {logging_mixin.py:188} INFO - [2026-04-19T13:02:58.852+0000] {dagbag.py:545} INFO - Filling up the DagBag from /opt/airflow/dags/DagScraper.py
[2026-04-19T13:02:58.966+0000] {processor.py:840} INFO - DAG(s) 'dag_scraping_offres_emploi' retrieved from /opt/airflow/dags/DagScraper.py
[2026-04-19T13:02:59.105+0000] {logging_mixin.py:188} INFO - [2026-04-19T13:02:59.104+0000] {dag.py:3096} INFO - Sync 1 DAGs
[2026-04-19T13:02:59.197+0000] {logging_mixin.py:188} INFO - [2026-04-19T13:02:59.196+0000] {dag.py:3954} INFO - Setting next_dagrun for dag_scraping_offres_emploi to 2026-04-19 06:00:00+00:00, run_after=2026-04-19 12:00:00+00:00
[2026-04-19T13:02:59.251+0000] {processor.py:183} INFO - Processing /opt/airflow/dags/DagScraper.py took 0.419 seconds
[2026-04-19T13:03:29.492+0000] {processor.py:161} INFO - Started process (PID=40614) to work on /opt/airflow/dags/DagScraper.py
[2026-04-19T13:03:29.496+0000] {processor.py:830} INFO - Processing file /opt/airflow/dags/DagScraper.py for tasks to queue
[2026-04-19T13:03:29.511+0000] {logging_mixin.py:188} INFO - [2026-04-19T13:03:29.510+0000] {dagbag.py:545} INFO - Filling up the DagBag from /opt/airflow/dags/DagScraper.py
[2026-04-19T13:03:29.584+0000] {processor.py:840} INFO - DAG(s) 'dag_scraping_offres_emploi' retrieved from /opt/airflow/dags/DagScraper.py
[2026-04-19T13:03:29.769+0000] {logging_mixin.py:188} INFO - [2026-04-19T13:03:29.768+0000] {dag.py:3096} INFO - Sync 1 DAGs
[2026-04-19T13:03:29.827+0000] {logging_mixin.py:188} INFO - [2026-04-19T13:03:29.827+0000] {dag.py:3954} INFO - Setting next_dagrun for dag_scraping_offres_emploi to 2026-04-19 06:00:00+00:00, run_after=2026-04-19 12:00:00+00:00
[2026-04-19T13:03:29.866+0000] {processor.py:183} INFO - Processing /opt/airflow/dags/DagScraper.py took 0.394 seconds
[2026-04-19T13:04:00.331+0000] {processor.py:161} INFO - Started process (PID=40622) to work on /opt/airflow/dags/DagScraper.py
[2026-04-19T13:04:00.333+0000] {processor.py:830} INFO - Processing file /opt/airflow/dags/DagScraper.py for tasks to queue
[2026-04-19T13:04:00.357+0000] {logging_mixin.py:188} INFO - [2026-04-19T13:04:00.353+0000] {dagbag.py:545} INFO - Filling up the DagBag from /opt/airflow/dags/DagScraper.py
[2026-04-19T13:04:00.560+0000] {processor.py:840} INFO - DAG(s) 'dag_scraping_offres_emploi' retrieved from /opt/airflow/dags/DagScraper.py
[2026-04-19T13:04:00.702+0000] {logging_mixin.py:188} INFO - [2026-04-19T13:04:00.702+0000] {dag.py:3096} INFO - Sync 1 DAGs
[2026-04-19T13:04:00.774+0000] {logging_mixin.py:188} INFO - [2026-04-19T13:04:00.773+0000] {dag.py:3954} INFO - Setting next_dagrun for dag_scraping_offres_emploi to 2026-04-19 06:00:00+00:00, run_after=2026-04-19 12:00:00+00:00
[2026-04-19T13:04:00.827+0000] {processor.py:183} INFO - Processing /opt/airflow/dags/DagScraper.py took 0.545 seconds
[2026-04-19T13:04:31.272+0000] {processor.py:161} INFO - Started process (PID=40636) to work on /opt/airflow/dags/DagScraper.py
[2026-04-19T13:04:31.274+0000] {processor.py:830} INFO - Processing file /opt/airflow/dags/DagScraper.py for tasks to queue
[2026-04-19T13:04:31.279+0000] {logging_mixin.py:188} INFO - [2026-04-19T13:04:31.278+0000] {dagbag.py:545} INFO - Filling up the DagBag from /opt/airflow/dags/DagScraper.py
[2026-04-19T13:04:31.367+0000] {processor.py:840} INFO - DAG(s) 'dag_scraping_offres_emploi' retrieved from /opt/airflow/dags/DagScraper.py
[2026-04-19T13:04:31.464+0000] {logging_mixin.py:188} INFO - [2026-04-19T13:04:31.462+0000] {dag.py:3096} INFO - Sync 1 DAGs
[2026-04-19T13:04:31.532+0000] {logging_mixin.py:188} INFO - [2026-04-19T13:04:31.532+0000] {dag.py:3954} INFO - Setting next_dagrun for dag_scraping_offres_emploi to 2026-04-19 06:00:00+00:00, run_after=2026-04-19 12:00:00+00:00
[2026-04-19T13:04:31.589+0000] {processor.py:183} INFO - Processing /opt/airflow/dags/DagScraper.py took 0.346 seconds
[2026-04-19T13:05:02.091+0000] {processor.py:161} INFO - Started process (PID=40650) to work on /opt/airflow/dags/DagScraper.py
[2026-04-19T13:05:02.092+0000] {processor.py:830} INFO - Processing file /opt/airflow/dags/DagScraper.py for tasks to queue
[2026-04-19T13:05:02.096+0000] {logging_mixin.py:188} INFO - [2026-04-19T13:05:02.095+0000] {dagbag.py:545} INFO - Filling up the DagBag from /opt/airflow/dags/DagScraper.py
[2026-04-19T13:05:02.137+0000] {processor.py:840} INFO - DAG(s) 'dag_scraping_offres_emploi' retrieved from /opt/airflow/dags/DagScraper.py
[2026-04-19T13:05:02.227+0000] {logging_mixin.py:188} INFO - [2026-04-19T13:05:02.227+0000] {dag.py:3096} INFO - Sync 1 DAGs
[2026-04-19T13:05:02.299+0000] {logging_mixin.py:188} INFO - [2026-04-19T13:05:02.299+0000] {dag.py:3954} INFO - Setting next_dagrun for dag_scraping_offres_emploi to 2026-04-19 06:00:00+00:00, run_after=2026-04-19 12:00:00+00:00
[2026-04-19T13:05:02.347+0000] {processor.py:183} INFO - Processing /opt/airflow/dags/DagScraper.py took 0.270 seconds
[2026-04-19T13:05:32.746+0000] {processor.py:161} INFO - Started process (PID=40658) to work on /opt/airflow/dags/DagScraper.py
[2026-04-19T13:05:32.748+0000] {processor.py:830} INFO - Processing file /opt/airflow/dags/DagScraper.py for tasks to queue
[2026-04-19T13:05:32.751+0000] {logging_mixin.py:188} INFO - [2026-04-19T13:05:32.751+0000] {dagbag.py:545} INFO - Filling up the DagBag from /opt/airflow/dags/DagScraper.py
[2026-04-19T13:05:32.794+0000] {processor.py:840} INFO - DAG(s) 'dag_scraping_offres_emploi' retrieved from /opt/airflow/dags/DagScraper.py
[2026-04-19T13:05:32.870+0000] {logging_mixin.py:188} INFO - [2026-04-19T13:05:32.870+0000] {dag.py:3096} INFO - Sync 1 DAGs
[2026-04-19T13:05:32.912+0000] {logging_mixin.py:188} INFO - [2026-04-19T13:05:32.911+0000] {dag.py:3954} INFO - Setting next_dagrun for dag_scraping_offres_emploi to 2026-04-19 06:00:00+00:00, run_after=2026-04-19 12:00:00+00:00
[2026-04-19T13:05:32.960+0000] {processor.py:183} INFO - Processing /opt/airflow/dags/DagScraper.py took 0.228 seconds
[2026-04-19T13:06:03.199+0000] {processor.py:161} INFO - Started process (PID=40673) to work on /opt/airflow/dags/DagScraper.py
[2026-04-19T13:06:03.201+0000] {processor.py:830} INFO - Processing file /opt/airflow/dags/DagScraper.py for tasks to queue
[2026-04-19T13:06:03.204+0000] {logging_mixin.py:188} INFO - [2026-04-19T13:06:03.204+0000] {dagbag.py:545} INFO - Filling up the DagBag from /opt/airflow/dags/DagScraper.py
[2026-04-19T13:06:03.254+0000] {processor.py:840} INFO - DAG(s) 'dag_scraping_offres_emploi' retrieved from /opt/airflow/dags/DagScraper.py
[2026-04-19T13:06:03.373+0000] {logging_mixin.py:188} INFO - [2026-04-19T13:06:03.372+0000] {dag.py:3096} INFO - Sync 1 DAGs
[2026-04-19T13:06:03.428+0000] {logging_mixin.py:188} INFO - [2026-04-19T13:06:03.428+0000] {dag.py:3954} INFO - Setting next_dagrun for dag_scraping_offres_emploi to 2026-04-19 06:00:00+00:00, run_after=2026-04-19 12:00:00+00:00
[2026-04-19T13:06:03.479+0000] {processor.py:183} INFO - Processing /opt/airflow/dags/DagScraper.py took 0.296 seconds
[2026-04-19T13:06:33.708+0000] {processor.py:161} INFO - Started process (PID=40681) to work on /opt/airflow/dags/DagScraper.py
[2026-04-19T13:06:33.709+0000] {processor.py:830} INFO - Processing file /opt/airflow/dags/DagScraper.py for tasks to queue
[2026-04-19T13:06:33.712+0000] {logging_mixin.py:188} INFO - [2026-04-19T13:06:33.711+0000] {dagbag.py:545} INFO - Filling up the DagBag from /opt/airflow/dags/DagScraper.py
[2026-04-19T13:06:33.756+0000] {processor.py:840} INFO - DAG(s) 'dag_scraping_offres_emploi' retrieved from /opt/airflow/dags/DagScraper.py
[2026-04-19T13:06:33.887+0000] {logging_mixin.py:188} INFO - [2026-04-19T13:06:33.886+0000] {dag.py:3096} INFO - Sync 1 DAGs
[2026-04-19T13:06:33.988+0000] {logging_mixin.py:188} INFO - [2026-04-19T13:06:33.987+0000] {dag.py:3954} INFO - Setting next_dagrun for dag_scraping_offres_emploi to 2026-04-19 06:00:00+00:00, run_after=2026-04-19 12:00:00+00:00
[2026-04-19T13:06:34.135+0000] {processor.py:183} INFO - Processing /opt/airflow/dags/DagScraper.py took 0.439 seconds
[2026-04-19T13:07:04.678+0000] {processor.py:161} INFO - Started process (PID=40695) to work on /opt/airflow/dags/DagScraper.py
[2026-04-19T13:07:04.681+0000] {processor.py:830} INFO - Processing file /opt/airflow/dags/DagScraper.py for tasks to queue
[2026-04-19T13:07:04.691+0000] {logging_mixin.py:188} INFO - [2026-04-19T13:07:04.691+0000] {dagbag.py:545} INFO - Filling up the DagBag from /opt/airflow/dags/DagScraper.py
[2026-04-19T13:07:04.888+0000] {processor.py:840} INFO - DAG(s) 'dag_scraping_offres_emploi' retrieved from /opt/airflow/dags/DagScraper.py
[2026-04-19T13:07:05.160+0000] {logging_mixin.py:188} INFO - [2026-04-19T13:07:05.159+0000] {dag.py:3096} INFO - Sync 1 DAGs
[2026-04-19T13:07:05.257+0000] {logging_mixin.py:188} INFO - [2026-04-19T13:07:05.256+0000] {dag.py:3954} INFO - Setting next_dagrun for dag_scraping_offres_emploi to 2026-04-19 06:00:00+00:00, run_after=2026-04-19 12:00:00+00:00
[2026-04-19T13:07:05.337+0000] {processor.py:183} INFO - Processing /opt/airflow/dags/DagScraper.py took 0.680 seconds
[2026-04-19T13:07:35.777+0000] {processor.py:161} INFO - Started process (PID=40703) to work on /opt/airflow/dags/DagScraper.py
[2026-04-19T13:07:35.779+0000] {processor.py:830} INFO - Processing file /opt/airflow/dags/DagScraper.py for tasks to queue
[2026-04-19T13:07:35.783+0000] {logging_mixin.py:188} INFO - [2026-04-19T13:07:35.782+0000] {dagbag.py:545} INFO - Filling up the DagBag from /opt/airflow/dags/DagScraper.py
[2026-04-19T13:07:35.818+0000] {processor.py:840} INFO - DAG(s) 'dag_scraping_offres_emploi' retrieved from /opt/airflow/dags/DagScraper.py
[2026-04-19T13:07:35.882+0000] {logging_mixin.py:188} INFO - [2026-04-19T13:07:35.882+0000] {dag.py:3096} INFO - Sync 1 DAGs
[2026-04-19T13:07:35.921+0000] {logging_mixin.py:188} INFO - [2026-04-19T13:07:35.921+0000] {dag.py:3954} INFO - Setting next_dagrun for dag_scraping_offres_emploi to 2026-04-19 06:00:00+00:00, run_after=2026-04-19 12:00:00+00:00
[2026-04-19T13:07:35.976+0000] {processor.py:183} INFO - Processing /opt/airflow/dags/DagScraper.py took 0.213 seconds
[2026-04-19T13:08:06.328+0000] {processor.py:161} INFO - Started process (PID=40717) to work on /opt/airflow/dags/DagScraper.py
[2026-04-19T13:08:06.330+0000] {processor.py:830} INFO - Processing file /opt/airflow/dags/DagScraper.py for tasks to queue
[2026-04-19T13:08:06.340+0000] {logging_mixin.py:188} INFO - [2026-04-19T13:08:06.339+0000] {dagbag.py:545} INFO - Filling up the DagBag from /opt/airflow/dags/DagScraper.py
[2026-04-19T13:08:06.546+0000] {processor.py:840} INFO - DAG(s) 'dag_scraping_offres_emploi' retrieved from /opt/airflow/dags/DagScraper.py
[2026-04-19T13:08:06.860+0000] {logging_mixin.py:188} INFO - [2026-04-19T13:08:06.860+0000] {dag.py:3096} INFO - Sync 1 DAGs
[2026-04-19T13:08:07.007+0000] {logging_mixin.py:188} INFO - [2026-04-19T13:08:07.006+0000] {dag.py:3954} INFO - Setting next_dagrun for dag_scraping_offres_emploi to 2026-04-19 06:00:00+00:00, run_after=2026-04-19 12:00:00+00:00
[2026-04-19T13:08:07.069+0000] {processor.py:183} INFO - Processing /opt/airflow/dags/DagScraper.py took 0.762 seconds
[2026-04-19T13:08:37.573+0000] {processor.py:161} INFO - Started process (PID=40726) to work on /opt/airflow/dags/DagScraper.py
[2026-04-19T13:08:37.575+0000] {processor.py:830} INFO - Processing file /opt/airflow/dags/DagScraper.py for tasks to queue
[2026-04-19T13:08:37.579+0000] {logging_mixin.py:188} INFO - [2026-04-19T13:08:37.579+0000] {dagbag.py:545} INFO - Filling up the DagBag from /opt/airflow/dags/DagScraper.py
[2026-04-19T13:08:37.615+0000] {processor.py:840} INFO - DAG(s) 'dag_scraping_offres_emploi' retrieved from /opt/airflow/dags/DagScraper.py
[2026-04-19T13:08:37.686+0000] {logging_mixin.py:188} INFO - [2026-04-19T13:08:37.686+0000] {dag.py:3096} INFO - Sync 1 DAGs
[2026-04-19T13:08:37.749+0000] {logging_mixin.py:188} INFO - [2026-04-19T13:08:37.748+0000] {dag.py:3954} INFO - Setting next_dagrun for dag_scraping_offres_emploi to 2026-04-19 06:00:00+00:00, run_after=2026-04-19 12:00:00+00:00
[2026-04-19T13:08:37.817+0000] {processor.py:183} INFO - Processing /opt/airflow/dags/DagScraper.py took 0.253 seconds
[2026-04-19T13:09:08.160+0000] {processor.py:161} INFO - Started process (PID=40738) to work on /opt/airflow/dags/DagScraper.py
[2026-04-19T13:09:08.162+0000] {processor.py:830} INFO - Processing file /opt/airflow/dags/DagScraper.py for tasks to queue
[2026-04-19T13:09:08.167+0000] {logging_mixin.py:188} INFO - [2026-04-19T13:09:08.166+0000] {dagbag.py:545} INFO - Filling up the DagBag from /opt/airflow/dags/DagScraper.py
[2026-04-19T13:09:08.227+0000] {processor.py:840} INFO - DAG(s) 'dag_scraping_offres_emploi' retrieved from /opt/airflow/dags/DagScraper.py
[2026-04-19T13:09:08.305+0000] {logging_mixin.py:188} INFO - [2026-04-19T13:09:08.305+0000] {dag.py:3096} INFO - Sync 1 DAGs
[2026-04-19T13:09:08.379+0000] {logging_mixin.py:188} INFO - [2026-04-19T13:09:08.378+0000] {dag.py:3954} INFO - Setting next_dagrun for dag_scraping_offres_emploi to 2026-04-19 06:00:00+00:00, run_after=2026-04-19 12:00:00+00:00
[2026-04-19T13:09:08.458+0000] {processor.py:183} INFO - Processing /opt/airflow/dags/DagScraper.py took 0.329 seconds
[2026-04-19T13:09:38.998+0000] {processor.py:161} INFO - Started process (PID=40746) to work on /opt/airflow/dags/DagScraper.py
[2026-04-19T13:09:39.000+0000] {processor.py:830} INFO - Processing file /opt/airflow/dags/DagScraper.py for tasks to queue
[2026-04-19T13:09:39.006+0000] {logging_mixin.py:188} INFO - [2026-04-19T13:09:39.005+0000] {dagbag.py:545} INFO - Filling up the DagBag from /opt/airflow/dags/DagScraper.py
[2026-04-19T13:09:39.061+0000] {processor.py:840} INFO - DAG(s) 'dag_scraping_offres_emploi' retrieved from /opt/airflow/dags/DagScraper.py
[2026-04-19T13:09:39.168+0000] {logging_mixin.py:188} INFO - [2026-04-19T13:09:39.167+0000] {dag.py:3096} INFO - Sync 1 DAGs
[2026-04-19T13:09:39.249+0000] {logging_mixin.py:188} INFO - [2026-04-19T13:09:39.248+0000] {dag.py:3954} INFO - Setting next_dagrun for dag_scraping_offres_emploi to 2026-04-19 06:00:00+00:00, run_after=2026-04-19 12:00:00+00:00
[2026-04-19T13:09:39.360+0000] {processor.py:183} INFO - Processing /opt/airflow/dags/DagScraper.py took 0.380 seconds
[2026-04-19T13:10:09.620+0000] {processor.py:161} INFO - Started process (PID=40759) to work on /opt/airflow/dags/DagScraper.py
[2026-04-19T13:10:09.623+0000] {processor.py:830} INFO - Processing file /opt/airflow/dags/DagScraper.py for tasks to queue
[2026-04-19T13:10:09.629+0000] {logging_mixin.py:188} INFO - [2026-04-19T13:10:09.628+0000] {dagbag.py:545} INFO - Filling up the DagBag from /opt/airflow/dags/DagScraper.py
[2026-04-19T13:10:09.705+0000] {processor.py:840} INFO - DAG(s) 'dag_scraping_offres_emploi' retrieved from /opt/airflow/dags/DagScraper.py
[2026-04-19T13:10:09.826+0000] {logging_mixin.py:188} INFO - [2026-04-19T13:10:09.825+0000] {dag.py:3096} INFO - Sync 1 DAGs
[2026-04-19T13:10:09.888+0000] {logging_mixin.py:188} INFO - [2026-04-19T13:10:09.887+0000] {dag.py:3954} INFO - Setting next_dagrun for dag_scraping_offres_emploi to 2026-04-19 06:00:00+00:00, run_after=2026-04-19 12:00:00+00:00
[2026-04-19T13:10:09.996+0000] {processor.py:183} INFO - Processing /opt/airflow/dags/DagScraper.py took 0.396 seconds
[2026-04-19T13:10:40.689+0000] {processor.py:161} INFO - Started process (PID=40767) to work on /opt/airflow/dags/DagScraper.py
[2026-04-19T13:10:40.691+0000] {processor.py:830} INFO - Processing file /opt/airflow/dags/DagScraper.py for tasks to queue
[2026-04-19T13:10:40.695+0000] {logging_mixin.py:188} INFO - [2026-04-19T13:10:40.694+0000] {dagbag.py:545} INFO - Filling up the DagBag from /opt/airflow/dags/DagScraper.py
[2026-04-19T13:10:40.736+0000] {processor.py:840} INFO - DAG(s) 'dag_scraping_offres_emploi' retrieved from /opt/airflow/dags/DagScraper.py
[2026-04-19T13:10:40.820+0000] {logging_mixin.py:188} INFO - [2026-04-19T13:10:40.819+0000] {dag.py:3096} INFO - Sync 1 DAGs
[2026-04-19T13:10:40.930+0000] {logging_mixin.py:188} INFO - [2026-04-19T13:10:40.930+0000] {dag.py:3954} INFO - Setting next_dagrun for dag_scraping_offres_emploi to 2026-04-19 06:00:00+00:00, run_after=2026-04-19 12:00:00+00:00
[2026-04-19T13:10:40.995+0000] {processor.py:183} INFO - Processing /opt/airflow/dags/DagScraper.py took 0.325 seconds
[2026-04-19T13:11:11.732+0000] {processor.py:161} INFO - Started process (PID=40781) to work on /opt/airflow/dags/DagScraper.py
[2026-04-19T13:11:11.735+0000] {processor.py:830} INFO - Processing file /opt/airflow/dags/DagScraper.py for tasks to queue
[2026-04-19T13:11:11.739+0000] {logging_mixin.py:188} INFO - [2026-04-19T13:11:11.738+0000] {dagbag.py:545} INFO - Filling up the DagBag from /opt/airflow/dags/DagScraper.py
[2026-04-19T13:11:11.787+0000] {processor.py:840} INFO - DAG(s) 'dag_scraping_offres_emploi' retrieved from /opt/airflow/dags/DagScraper.py
[2026-04-19T13:11:11.852+0000] {logging_mixin.py:188} INFO - [2026-04-19T13:11:11.851+0000] {dag.py:3096} INFO - Sync 1 DAGs
[2026-04-19T13:11:11.904+0000] {logging_mixin.py:188} INFO - [2026-04-19T13:11:11.904+0000] {dag.py:3954} INFO - Setting next_dagrun for dag_scraping_offres_emploi to 2026-04-19 06:00:00+00:00, run_after=2026-04-19 12:00:00+00:00
[2026-04-19T13:11:11.951+0000] {processor.py:183} INFO - Processing /opt/airflow/dags/DagScraper.py took 0.252 seconds
[2026-04-19T13:11:42.415+0000] {processor.py:161} INFO - Started process (PID=40789) to work on /opt/airflow/dags/DagScraper.py
[2026-04-19T13:11:42.418+0000] {processor.py:830} INFO - Processing file /opt/airflow/dags/DagScraper.py for tasks to queue
[2026-04-19T13:11:42.434+0000] {logging_mixin.py:188} INFO - [2026-04-19T13:11:42.434+0000] {dagbag.py:545} INFO - Filling up the DagBag from /opt/airflow/dags/DagScraper.py
[2026-04-19T13:11:42.501+0000] {processor.py:840} INFO - DAG(s) 'dag_scraping_offres_emploi' retrieved from /opt/airflow/dags/DagScraper.py
[2026-04-19T13:11:42.635+0000] {logging_mixin.py:188} INFO - [2026-04-19T13:11:42.635+0000] {dag.py:3096} INFO - Sync 1 DAGs
[2026-04-19T13:11:42.707+0000] {logging_mixin.py:188} INFO - [2026-04-19T13:11:42.707+0000] {dag.py:3954} INFO - Setting next_dagrun for dag_scraping_offres_emploi to 2026-04-19 06:00:00+00:00, run_after=2026-04-19 12:00:00+00:00
[2026-04-19T13:11:42.767+0000] {processor.py:183} INFO - Processing /opt/airflow/dags/DagScraper.py took 0.370 seconds
[2026-04-19T13:12:13.454+0000] {processor.py:161} INFO - Started process (PID=40803) to work on /opt/airflow/dags/DagScraper.py
[2026-04-19T13:12:13.457+0000] {processor.py:830} INFO - Processing file /opt/airflow/dags/DagScraper.py for tasks to queue
[2026-04-19T13:12:13.461+0000] {logging_mixin.py:188} INFO - [2026-04-19T13:12:13.460+0000] {dagbag.py:545} INFO - Filling up the DagBag from /opt/airflow/dags/DagScraper.py
[2026-04-19T13:12:13.528+0000] {processor.py:840} INFO - DAG(s) 'dag_scraping_offres_emploi' retrieved from /opt/airflow/dags/DagScraper.py
[2026-04-19T13:12:13.687+0000] {logging_mixin.py:188} INFO - [2026-04-19T13:12:13.686+0000] {dag.py:3096} INFO - Sync 1 DAGs
[2026-04-19T13:12:13.732+0000] {logging_mixin.py:188} INFO - [2026-04-19T13:12:13.731+0000] {dag.py:3954} INFO - Setting next_dagrun for dag_scraping_offres_emploi to 2026-04-19 06:00:00+00:00, run_after=2026-04-19 12:00:00+00:00
[2026-04-19T13:12:13.782+0000] {processor.py:183} INFO - Processing /opt/airflow/dags/DagScraper.py took 0.356 seconds
[2026-04-19T13:12:43.972+0000] {processor.py:161} INFO - Started process (PID=40810) to work on /opt/airflow/dags/DagScraper.py
[2026-04-19T13:12:43.974+0000] {processor.py:830} INFO - Processing file /opt/airflow/dags/DagScraper.py for tasks to queue
[2026-04-19T13:12:43.978+0000] {logging_mixin.py:188} INFO - [2026-04-19T13:12:43.977+0000] {dagbag.py:545} INFO - Filling up the DagBag from /opt/airflow/dags/DagScraper.py
[2026-04-19T13:12:44.093+0000] {processor.py:840} INFO - DAG(s) 'dag_scraping_offres_emploi' retrieved from /opt/airflow/dags/DagScraper.py
[2026-04-19T13:12:44.289+0000] {logging_mixin.py:188} INFO - [2026-04-19T13:12:44.288+0000] {dag.py:3096} INFO - Sync 1 DAGs
[2026-04-19T13:12:44.409+0000] {logging_mixin.py:188} INFO - [2026-04-19T13:12:44.405+0000] {dag.py:3954} INFO - Setting next_dagrun for dag_scraping_offres_emploi to 2026-04-19 06:00:00+00:00, run_after=2026-04-19 12:00:00+00:00
[2026-04-19T13:12:44.526+0000] {processor.py:183} INFO - Processing /opt/airflow/dags/DagScraper.py took 0.571 seconds
[2026-04-19T13:31:35.778+0000] {processor.py:161} INFO - Started process (PID=40829) to work on /opt/airflow/dags/DagScraper.py
[2026-04-19T13:31:35.824+0000] {processor.py:830} INFO - Processing file /opt/airflow/dags/DagScraper.py for tasks to queue
[2026-04-19T13:31:35.886+0000] {logging_mixin.py:188} INFO - [2026-04-19T13:31:35.885+0000] {dagbag.py:545} INFO - Filling up the DagBag from /opt/airflow/dags/DagScraper.py
[2026-04-19T13:31:37.223+0000] {processor.py:840} INFO - DAG(s) 'dag_scraping_offres_emploi' retrieved from /opt/airflow/dags/DagScraper.py
[2026-04-19T13:31:37.981+0000] {logging_mixin.py:188} INFO - [2026-04-19T13:31:37.981+0000] {dag.py:3096} INFO - Sync 1 DAGs
[2026-04-19T13:31:38.405+0000] {logging_mixin.py:188} INFO - [2026-04-19T13:31:38.404+0000] {dag.py:3954} INFO - Setting next_dagrun for dag_scraping_offres_emploi to 2026-04-19 06:00:00+00:00, run_after=2026-04-19 12:00:00+00:00
[2026-04-19T13:31:38.750+0000] {processor.py:183} INFO - Processing /opt/airflow/dags/DagScraper.py took 3.061 seconds
[2026-04-19T13:32:09.815+0000] {processor.py:161} INFO - Started process (PID=40837) to work on /opt/airflow/dags/DagScraper.py
[2026-04-19T13:32:09.824+0000] {processor.py:830} INFO - Processing file /opt/airflow/dags/DagScraper.py for tasks to queue
[2026-04-19T13:32:09.828+0000] {logging_mixin.py:188} INFO - [2026-04-19T13:32:09.827+0000] {dagbag.py:545} INFO - Filling up the DagBag from /opt/airflow/dags/DagScraper.py
[2026-04-19T13:32:09.893+0000] {processor.py:840} INFO - DAG(s) 'dag_scraping_offres_emploi' retrieved from /opt/airflow/dags/DagScraper.py
[2026-04-19T13:32:10.113+0000] {logging_mixin.py:188} INFO - [2026-04-19T13:32:10.112+0000] {dag.py:3096} INFO - Sync 1 DAGs
[2026-04-19T13:32:10.175+0000] {logging_mixin.py:188} INFO - [2026-04-19T13:32:10.175+0000] {dag.py:3954} INFO - Setting next_dagrun for dag_scraping_offres_emploi to 2026-04-19 06:00:00+00:00, run_after=2026-04-19 12:00:00+00:00
[2026-04-19T13:32:10.218+0000] {processor.py:183} INFO - Processing /opt/airflow/dags/DagScraper.py took 0.443 seconds
[2026-04-19T13:32:41.176+0000] {processor.py:161} INFO - Started process (PID=40851) to work on /opt/airflow/dags/DagScraper.py
[2026-04-19T13:32:41.178+0000] {processor.py:830} INFO - Processing file /opt/airflow/dags/DagScraper.py for tasks to queue
[2026-04-19T13:32:41.187+0000] {logging_mixin.py:188} INFO - [2026-04-19T13:32:41.186+0000] {dagbag.py:545} INFO - Filling up the DagBag from /opt/airflow/dags/DagScraper.py
[2026-04-19T13:32:41.235+0000] {processor.py:840} INFO - DAG(s) 'dag_scraping_offres_emploi' retrieved from /opt/airflow/dags/DagScraper.py
[2026-04-19T13:32:41.298+0000] {logging_mixin.py:188} INFO - [2026-04-19T13:32:41.297+0000] {dag.py:3096} INFO - Sync 1 DAGs
[2026-04-19T13:32:41.378+0000] {logging_mixin.py:188} INFO - [2026-04-19T13:32:41.377+0000] {dag.py:3954} INFO - Setting next_dagrun for dag_scraping_offres_emploi to 2026-04-19 06:00:00+00:00, run_after=2026-04-19 12:00:00+00:00
[2026-04-19T13:32:41.435+0000] {processor.py:183} INFO - Processing /opt/airflow/dags/DagScraper.py took 0.286 seconds
[2026-04-19T13:33:12.212+0000] {processor.py:161} INFO - Started process (PID=40859) to work on /opt/airflow/dags/DagScraper.py
[2026-04-19T13:33:12.217+0000] {processor.py:830} INFO - Processing file /opt/airflow/dags/DagScraper.py for tasks to queue
[2026-04-19T13:33:12.226+0000] {logging_mixin.py:188} INFO - [2026-04-19T13:33:12.224+0000] {dagbag.py:545} INFO - Filling up the DagBag from /opt/airflow/dags/DagScraper.py
[2026-04-19T13:33:12.312+0000] {processor.py:840} INFO - DAG(s) 'dag_scraping_offres_emploi' retrieved from /opt/airflow/dags/DagScraper.py
[2026-04-19T13:33:12.422+0000] {logging_mixin.py:188} INFO - [2026-04-19T13:33:12.422+0000] {dag.py:3096} INFO - Sync 1 DAGs
[2026-04-19T13:33:12.482+0000] {logging_mixin.py:188} INFO - [2026-04-19T13:33:12.482+0000] {dag.py:3954} INFO - Setting next_dagrun for dag_scraping_offres_emploi to 2026-04-19 06:00:00+00:00, run_after=2026-04-19 12:00:00+00:00
[2026-04-19T13:33:12.532+0000] {processor.py:183} INFO - Processing /opt/airflow/dags/DagScraper.py took 0.346 seconds
[2026-04-19T13:33:43.016+0000] {processor.py:161} INFO - Started process (PID=40872) to work on /opt/airflow/dags/DagScraper.py
[2026-04-19T13:33:43.018+0000] {processor.py:830} INFO - Processing file /opt/airflow/dags/DagScraper.py for tasks to queue
[2026-04-19T13:33:43.023+0000] {logging_mixin.py:188} INFO - [2026-04-19T13:33:43.022+0000] {dagbag.py:545} INFO - Filling up the DagBag from /opt/airflow/dags/DagScraper.py
[2026-04-19T13:33:43.111+0000] {processor.py:840} INFO - DAG(s) 'dag_scraping_offres_emploi' retrieved from /opt/airflow/dags/DagScraper.py
[2026-04-19T13:33:43.321+0000] {logging_mixin.py:188} INFO - [2026-04-19T13:33:43.320+0000] {dag.py:3096} INFO - Sync 1 DAGs
[2026-04-19T13:33:43.454+0000] {logging_mixin.py:188} INFO - [2026-04-19T13:33:43.454+0000] {dag.py:3954} INFO - Setting next_dagrun for dag_scraping_offres_emploi to 2026-04-19 06:00:00+00:00, run_after=2026-04-19 12:00:00+00:00
[2026-04-19T13:33:43.512+0000] {processor.py:183} INFO - Processing /opt/airflow/dags/DagScraper.py took 0.520 seconds
[2026-04-19T13:34:14.230+0000] {processor.py:161} INFO - Started process (PID=40880) to work on /opt/airflow/dags/DagScraper.py
[2026-04-19T13:34:14.240+0000] {processor.py:830} INFO - Processing file /opt/airflow/dags/DagScraper.py for tasks to queue
[2026-04-19T13:34:14.253+0000] {logging_mixin.py:188} INFO - [2026-04-19T13:34:14.252+0000] {dagbag.py:545} INFO - Filling up the DagBag from /opt/airflow/dags/DagScraper.py
[2026-04-19T13:34:14.337+0000] {processor.py:840} INFO - DAG(s) 'dag_scraping_offres_emploi' retrieved from /opt/airflow/dags/DagScraper.py
[2026-04-19T13:34:14.681+0000] {logging_mixin.py:188} INFO - [2026-04-19T13:34:14.671+0000] {dag.py:3096} INFO - Sync 1 DAGs
[2026-04-19T13:34:14.845+0000] {logging_mixin.py:188} INFO - [2026-04-19T13:34:14.844+0000] {dag.py:3954} INFO - Setting next_dagrun for dag_scraping_offres_emploi to 2026-04-19 06:00:00+00:00, run_after=2026-04-19 12:00:00+00:00
[2026-04-19T13:34:15.038+0000] {processor.py:183} INFO - Processing /opt/airflow/dags/DagScraper.py took 0.879 seconds
[2026-04-19T13:34:46.031+0000] {processor.py:161} INFO - Started process (PID=40893) to work on /opt/airflow/dags/DagScraper.py
[2026-04-19T13:34:46.035+0000] {processor.py:830} INFO - Processing file /opt/airflow/dags/DagScraper.py for tasks to queue
[2026-04-19T13:34:46.039+0000] {logging_mixin.py:188} INFO - [2026-04-19T13:34:46.038+0000] {dagbag.py:545} INFO - Filling up the DagBag from /opt/airflow/dags/DagScraper.py
[2026-04-19T13:34:46.196+0000] {processor.py:840} INFO - DAG(s) 'dag_scraping_offres_emploi' retrieved from /opt/airflow/dags/DagScraper.py
[2026-04-19T13:34:46.327+0000] {logging_mixin.py:188} INFO - [2026-04-19T13:34:46.326+0000] {dag.py:3096} INFO - Sync 1 DAGs
[2026-04-19T13:34:46.402+0000] {logging_mixin.py:188} INFO - [2026-04-19T13:34:46.399+0000] {dag.py:3954} INFO - Setting next_dagrun for dag_scraping_offres_emploi to 2026-04-19 06:00:00+00:00, run_after=2026-04-19 12:00:00+00:00
[2026-04-19T13:34:46.507+0000] {processor.py:183} INFO - Processing /opt/airflow/dags/DagScraper.py took 0.526 seconds
[2026-04-19T13:35:17.491+0000] {processor.py:161} INFO - Started process (PID=40906) to work on /opt/airflow/dags/DagScraper.py
[2026-04-19T13:35:17.493+0000] {processor.py:830} INFO - Processing file /opt/airflow/dags/DagScraper.py for tasks to queue
[2026-04-19T13:35:17.503+0000] {logging_mixin.py:188} INFO - [2026-04-19T13:35:17.497+0000] {dagbag.py:545} INFO - Filling up the DagBag from /opt/airflow/dags/DagScraper.py
[2026-04-19T13:35:17.618+0000] {processor.py:840} INFO - DAG(s) 'dag_scraping_offres_emploi' retrieved from /opt/airflow/dags/DagScraper.py
[2026-04-19T13:35:17.763+0000] {logging_mixin.py:188} INFO - [2026-04-19T13:35:17.762+0000] {dag.py:3096} INFO - Sync 1 DAGs
[2026-04-19T13:35:17.889+0000] {logging_mixin.py:188} INFO - [2026-04-19T13:35:17.889+0000] {dag.py:3954} INFO - Setting next_dagrun for dag_scraping_offres_emploi to 2026-04-19 06:00:00+00:00, run_after=2026-04-19 12:00:00+00:00
[2026-04-19T13:35:18.044+0000] {processor.py:183} INFO - Processing /opt/airflow/dags/DagScraper.py took 0.596 seconds
[2026-04-19T13:35:49.641+0000] {processor.py:161} INFO - Started process (PID=40914) to work on /opt/airflow/dags/DagScraper.py
[2026-04-19T13:35:49.643+0000] {processor.py:830} INFO - Processing file /opt/airflow/dags/DagScraper.py for tasks to queue
[2026-04-19T13:35:49.656+0000] {logging_mixin.py:188} INFO - [2026-04-19T13:35:49.656+0000] {dagbag.py:545} INFO - Filling up the DagBag from /opt/airflow/dags/DagScraper.py
[2026-04-19T13:35:49.791+0000] {processor.py:840} INFO - DAG(s) 'dag_scraping_offres_emploi' retrieved from /opt/airflow/dags/DagScraper.py
[2026-04-19T13:35:49.936+0000] {logging_mixin.py:188} INFO - [2026-04-19T13:35:49.927+0000] {dag.py:3096} INFO - Sync 1 DAGs
[2026-04-19T13:35:50.100+0000] {logging_mixin.py:188} INFO - [2026-04-19T13:35:50.100+0000] {dag.py:3954} INFO - Setting next_dagrun for dag_scraping_offres_emploi to 2026-04-19 06:00:00+00:00, run_after=2026-04-19 12:00:00+00:00
[2026-04-19T13:35:50.218+0000] {processor.py:183} INFO - Processing /opt/airflow/dags/DagScraper.py took 0.613 seconds
[2026-04-19T13:36:21.070+0000] {processor.py:161} INFO - Started process (PID=40929) to work on /opt/airflow/dags/DagScraper.py
[2026-04-19T13:36:21.074+0000] {processor.py:830} INFO - Processing file /opt/airflow/dags/DagScraper.py for tasks to queue
[2026-04-19T13:36:21.089+0000] {logging_mixin.py:188} INFO - [2026-04-19T13:36:21.088+0000] {dagbag.py:545} INFO - Filling up the DagBag from /opt/airflow/dags/DagScraper.py
[2026-04-19T13:36:21.289+0000] {processor.py:840} INFO - DAG(s) 'dag_scraping_offres_emploi' retrieved from /opt/airflow/dags/DagScraper.py
[2026-04-19T13:36:21.571+0000] {logging_mixin.py:188} INFO - [2026-04-19T13:36:21.570+0000] {dag.py:3096} INFO - Sync 1 DAGs
[2026-04-19T13:36:21.692+0000] {logging_mixin.py:188} INFO - [2026-04-19T13:36:21.691+0000] {dag.py:3954} INFO - Setting next_dagrun for dag_scraping_offres_emploi to 2026-04-19 06:00:00+00:00, run_after=2026-04-19 12:00:00+00:00
[2026-04-19T13:36:21.824+0000] {processor.py:183} INFO - Processing /opt/airflow/dags/DagScraper.py took 0.787 seconds
[2026-04-19T13:36:52.078+0000] {processor.py:161} INFO - Started process (PID=40937) to work on /opt/airflow/dags/DagScraper.py
[2026-04-19T13:36:52.080+0000] {processor.py:830} INFO - Processing file /opt/airflow/dags/DagScraper.py for tasks to queue
[2026-04-19T13:36:52.084+0000] {logging_mixin.py:188} INFO - [2026-04-19T13:36:52.084+0000] {dagbag.py:545} INFO - Filling up the DagBag from /opt/airflow/dags/DagScraper.py
[2026-04-19T13:36:52.158+0000] {processor.py:840} INFO - DAG(s) 'dag_scraping_offres_emploi' retrieved from /opt/airflow/dags/DagScraper.py
[2026-04-19T13:36:52.437+0000] {logging_mixin.py:188} INFO - [2026-04-19T13:36:52.436+0000] {dag.py:3096} INFO - Sync 1 DAGs
[2026-04-19T13:36:52.580+0000] {logging_mixin.py:188} INFO - [2026-04-19T13:36:52.580+0000] {dag.py:3954} INFO - Setting next_dagrun for dag_scraping_offres_emploi to 2026-04-19 06:00:00+00:00, run_after=2026-04-19 12:00:00+00:00
[2026-04-19T13:36:52.673+0000] {processor.py:183} INFO - Processing /opt/airflow/dags/DagScraper.py took 0.614 seconds
[2026-04-19T13:37:23.614+0000] {processor.py:161} INFO - Started process (PID=40952) to work on /opt/airflow/dags/DagScraper.py
[2026-04-19T13:37:23.619+0000] {processor.py:830} INFO - Processing file /opt/airflow/dags/DagScraper.py for tasks to queue
[2026-04-19T13:37:23.625+0000] {logging_mixin.py:188} INFO - [2026-04-19T13:37:23.623+0000] {dagbag.py:545} INFO - Filling up the DagBag from /opt/airflow/dags/DagScraper.py
[2026-04-19T13:37:23.734+0000] {processor.py:840} INFO - DAG(s) 'dag_scraping_offres_emploi' retrieved from /opt/airflow/dags/DagScraper.py
[2026-04-19T13:37:23.831+0000] {logging_mixin.py:188} INFO - [2026-04-19T13:37:23.830+0000] {dag.py:3096} INFO - Sync 1 DAGs
[2026-04-19T13:37:23.884+0000] {logging_mixin.py:188} INFO - [2026-04-19T13:37:23.883+0000] {dag.py:3954} INFO - Setting next_dagrun for dag_scraping_offres_emploi to 2026-04-19 06:00:00+00:00, run_after=2026-04-19 12:00:00+00:00
[2026-04-19T13:37:23.950+0000] {processor.py:183} INFO - Processing /opt/airflow/dags/DagScraper.py took 0.356 seconds
[2026-04-19T13:37:54.536+0000] {processor.py:161} INFO - Started process (PID=40960) to work on /opt/airflow/dags/DagScraper.py
[2026-04-19T13:37:54.538+0000] {processor.py:830} INFO - Processing file /opt/airflow/dags/DagScraper.py for tasks to queue
[2026-04-19T13:37:54.544+0000] {logging_mixin.py:188} INFO - [2026-04-19T13:37:54.543+0000] {dagbag.py:545} INFO - Filling up the DagBag from /opt/airflow/dags/DagScraper.py
[2026-04-19T13:37:54.619+0000] {processor.py:840} INFO - DAG(s) 'dag_scraping_offres_emploi' retrieved from /opt/airflow/dags/DagScraper.py
[2026-04-19T13:37:54.766+0000] {logging_mixin.py:188} INFO - [2026-04-19T13:37:54.765+0000] {dag.py:3096} INFO - Sync 1 DAGs
[2026-04-19T13:37:54.885+0000] {logging_mixin.py:188} INFO - [2026-04-19T13:37:54.884+0000] {dag.py:3954} INFO - Setting next_dagrun for dag_scraping_offres_emploi to 2026-04-19 06:00:00+00:00, run_after=2026-04-19 12:00:00+00:00
[2026-04-19T13:37:54.997+0000] {processor.py:183} INFO - Processing /opt/airflow/dags/DagScraper.py took 0.476 seconds
[2026-04-19T13:38:25.678+0000] {processor.py:161} INFO - Started process (PID=40975) to work on /opt/airflow/dags/DagScraper.py
[2026-04-19T13:38:25.681+0000] {processor.py:830} INFO - Processing file /opt/airflow/dags/DagScraper.py for tasks to queue
[2026-04-19T13:38:25.687+0000] {logging_mixin.py:188} INFO - [2026-04-19T13:38:25.686+0000] {dagbag.py:545} INFO - Filling up the DagBag from /opt/airflow/dags/DagScraper.py
[2026-04-19T13:38:25.747+0000] {processor.py:840} INFO - DAG(s) 'dag_scraping_offres_emploi' retrieved from /opt/airflow/dags/DagScraper.py
[2026-04-19T13:38:25.823+0000] {logging_mixin.py:188} INFO - [2026-04-19T13:38:25.822+0000] {dag.py:3096} INFO - Sync 1 DAGs
[2026-04-19T13:38:25.878+0000] {logging_mixin.py:188} INFO - [2026-04-19T13:38:25.877+0000] {dag.py:3954} INFO - Setting next_dagrun for dag_scraping_offres_emploi to 2026-04-19 06:00:00+00:00, run_after=2026-04-19 12:00:00+00:00
[2026-04-19T13:38:25.931+0000] {processor.py:183} INFO - Processing /opt/airflow/dags/DagScraper.py took 0.276 seconds
[2026-04-19T13:38:56.850+0000] {processor.py:161} INFO - Started process (PID=40983) to work on /opt/airflow/dags/DagScraper.py
[2026-04-19T13:38:56.852+0000] {processor.py:830} INFO - Processing file /opt/airflow/dags/DagScraper.py for tasks to queue
[2026-04-19T13:38:56.857+0000] {logging_mixin.py:188} INFO - [2026-04-19T13:38:56.856+0000] {dagbag.py:545} INFO - Filling up the DagBag from /opt/airflow/dags/DagScraper.py
[2026-04-19T13:38:56.921+0000] {processor.py:840} INFO - DAG(s) 'dag_scraping_offres_emploi' retrieved from /opt/airflow/dags/DagScraper.py
[2026-04-19T13:38:56.995+0000] {logging_mixin.py:188} INFO - [2026-04-19T13:38:56.993+0000] {dag.py:3096} INFO - Sync 1 DAGs
[2026-04-19T13:38:57.057+0000] {logging_mixin.py:188} INFO - [2026-04-19T13:38:57.057+0000] {dag.py:3954} INFO - Setting next_dagrun for dag_scraping_offres_emploi to 2026-04-19 06:00:00+00:00, run_after=2026-04-19 12:00:00+00:00
[2026-04-19T13:38:57.116+0000] {processor.py:183} INFO - Processing /opt/airflow/dags/DagScraper.py took 0.291 seconds
[2026-04-19T13:39:27.874+0000] {processor.py:161} INFO - Started process (PID=40997) to work on /opt/airflow/dags/DagScraper.py
[2026-04-19T13:39:27.876+0000] {processor.py:830} INFO - Processing file /opt/airflow/dags/DagScraper.py for tasks to queue
[2026-04-19T13:39:27.894+0000] {logging_mixin.py:188} INFO - [2026-04-19T13:39:27.893+0000] {dagbag.py:545} INFO - Filling up the DagBag from /opt/airflow/dags/DagScraper.py
[2026-04-19T13:39:28.208+0000] {processor.py:840} INFO - DAG(s) 'dag_scraping_offres_emploi' retrieved from /opt/airflow/dags/DagScraper.py
[2026-04-19T13:39:28.338+0000] {logging_mixin.py:188} INFO - [2026-04-19T13:39:28.338+0000] {dag.py:3096} INFO - Sync 1 DAGs
[2026-04-19T13:39:28.402+0000] {logging_mixin.py:188} INFO - [2026-04-19T13:39:28.401+0000] {dag.py:3954} INFO - Setting next_dagrun for dag_scraping_offres_emploi to 2026-04-19 06:00:00+00:00, run_after=2026-04-19 12:00:00+00:00
[2026-04-19T13:39:28.458+0000] {processor.py:183} INFO - Processing /opt/airflow/dags/DagScraper.py took 0.621 seconds
[2026-04-19T13:39:59.236+0000] {processor.py:161} INFO - Started process (PID=41010) to work on /opt/airflow/dags/DagScraper.py
[2026-04-19T13:39:59.238+0000] {processor.py:830} INFO - Processing file /opt/airflow/dags/DagScraper.py for tasks to queue
[2026-04-19T13:39:59.243+0000] {logging_mixin.py:188} INFO - [2026-04-19T13:39:59.243+0000] {dagbag.py:545} INFO - Filling up the DagBag from /opt/airflow/dags/DagScraper.py
[2026-04-19T13:39:59.321+0000] {processor.py:840} INFO - DAG(s) 'dag_scraping_offres_emploi' retrieved from /opt/airflow/dags/DagScraper.py
[2026-04-19T13:39:59.551+0000] {logging_mixin.py:188} INFO - [2026-04-19T13:39:59.550+0000] {dag.py:3096} INFO - Sync 1 DAGs
[2026-04-19T13:39:59.621+0000] {logging_mixin.py:188} INFO - [2026-04-19T13:39:59.620+0000] {dag.py:3954} INFO - Setting next_dagrun for dag_scraping_offres_emploi to 2026-04-19 06:00:00+00:00, run_after=2026-04-19 12:00:00+00:00
[2026-04-19T13:39:59.725+0000] {processor.py:183} INFO - Processing /opt/airflow/dags/DagScraper.py took 0.501 seconds
[2026-04-19T13:40:30.581+0000] {processor.py:161} INFO - Started process (PID=41019) to work on /opt/airflow/dags/DagScraper.py
[2026-04-19T13:40:30.587+0000] {processor.py:830} INFO - Processing file /opt/airflow/dags/DagScraper.py for tasks to queue
[2026-04-19T13:40:30.598+0000] {logging_mixin.py:188} INFO - [2026-04-19T13:40:30.597+0000] {dagbag.py:545} INFO - Filling up the DagBag from /opt/airflow/dags/DagScraper.py
[2026-04-19T13:40:30.657+0000] {processor.py:840} INFO - DAG(s) 'dag_scraping_offres_emploi' retrieved from /opt/airflow/dags/DagScraper.py
[2026-04-19T13:40:30.741+0000] {logging_mixin.py:188} INFO - [2026-04-19T13:40:30.740+0000] {dag.py:3096} INFO - Sync 1 DAGs
[2026-04-19T13:40:30.803+0000] {logging_mixin.py:188} INFO - [2026-04-19T13:40:30.802+0000] {dag.py:3954} INFO - Setting next_dagrun for dag_scraping_offres_emploi to 2026-04-19 06:00:00+00:00, run_after=2026-04-19 12:00:00+00:00
[2026-04-19T13:40:30.854+0000] {processor.py:183} INFO - Processing /opt/airflow/dags/DagScraper.py took 0.297 seconds
[2026-04-19T13:41:01.480+0000] {processor.py:161} INFO - Started process (PID=41035) to work on /opt/airflow/dags/DagScraper.py
[2026-04-19T13:41:01.483+0000] {processor.py:830} INFO - Processing file /opt/airflow/dags/DagScraper.py for tasks to queue
[2026-04-19T13:41:01.488+0000] {logging_mixin.py:188} INFO - [2026-04-19T13:41:01.487+0000] {dagbag.py:545} INFO - Filling up the DagBag from /opt/airflow/dags/DagScraper.py
[2026-04-19T13:41:01.572+0000] {processor.py:840} INFO - DAG(s) 'dag_scraping_offres_emploi' retrieved from /opt/airflow/dags/DagScraper.py
[2026-04-19T13:41:01.734+0000] {logging_mixin.py:188} INFO - [2026-04-19T13:41:01.732+0000] {dag.py:3096} INFO - Sync 1 DAGs
[2026-04-19T13:41:01.797+0000] {logging_mixin.py:188} INFO - [2026-04-19T13:41:01.797+0000] {dag.py:3954} INFO - Setting next_dagrun for dag_scraping_offres_emploi to 2026-04-19 06:00:00+00:00, run_after=2026-04-19 12:00:00+00:00
[2026-04-19T13:41:01.940+0000] {processor.py:183} INFO - Processing /opt/airflow/dags/DagScraper.py took 0.485 seconds
[2026-04-19T13:41:32.679+0000] {processor.py:161} INFO - Started process (PID=41043) to work on /opt/airflow/dags/DagScraper.py
[2026-04-19T13:41:32.681+0000] {processor.py:830} INFO - Processing file /opt/airflow/dags/DagScraper.py for tasks to queue
[2026-04-19T13:41:32.685+0000] {logging_mixin.py:188} INFO - [2026-04-19T13:41:32.684+0000] {dagbag.py:545} INFO - Filling up the DagBag from /opt/airflow/dags/DagScraper.py
[2026-04-19T13:41:32.739+0000] {processor.py:840} INFO - DAG(s) 'dag_scraping_offres_emploi' retrieved from /opt/airflow/dags/DagScraper.py
[2026-04-19T13:41:32.847+0000] {logging_mixin.py:188} INFO - [2026-04-19T13:41:32.846+0000] {dag.py:3096} INFO - Sync 1 DAGs
[2026-04-19T13:41:32.980+0000] {logging_mixin.py:188} INFO - [2026-04-19T13:41:32.979+0000] {dag.py:3954} INFO - Setting next_dagrun for dag_scraping_offres_emploi to 2026-04-19 06:00:00+00:00, run_after=2026-04-19 12:00:00+00:00
[2026-04-19T13:41:33.103+0000] {processor.py:183} INFO - Processing /opt/airflow/dags/DagScraper.py took 0.440 seconds
[2026-04-19T13:42:03.819+0000] {processor.py:161} INFO - Started process (PID=41056) to work on /opt/airflow/dags/DagScraper.py
[2026-04-19T13:42:03.821+0000] {processor.py:830} INFO - Processing file /opt/airflow/dags/DagScraper.py for tasks to queue
[2026-04-19T13:42:03.826+0000] {logging_mixin.py:188} INFO - [2026-04-19T13:42:03.825+0000] {dagbag.py:545} INFO - Filling up the DagBag from /opt/airflow/dags/DagScraper.py
[2026-04-19T13:42:03.896+0000] {processor.py:840} INFO - DAG(s) 'dag_scraping_offres_emploi' retrieved from /opt/airflow/dags/DagScraper.py
[2026-04-19T13:42:04.034+0000] {logging_mixin.py:188} INFO - [2026-04-19T13:42:04.033+0000] {dag.py:3096} INFO - Sync 1 DAGs
[2026-04-19T13:42:04.141+0000] {logging_mixin.py:188} INFO - [2026-04-19T13:42:04.140+0000] {dag.py:3954} INFO - Setting next_dagrun for dag_scraping_offres_emploi to 2026-04-19 06:00:00+00:00, run_after=2026-04-19 12:00:00+00:00
[2026-04-19T13:42:04.265+0000] {processor.py:183} INFO - Processing /opt/airflow/dags/DagScraper.py took 0.484 seconds
[2026-04-19T13:42:35.253+0000] {processor.py:161} INFO - Started process (PID=41064) to work on /opt/airflow/dags/DagScraper.py
[2026-04-19T13:42:35.255+0000] {processor.py:830} INFO - Processing file /opt/airflow/dags/DagScraper.py for tasks to queue
[2026-04-19T13:42:35.260+0000] {logging_mixin.py:188} INFO - [2026-04-19T13:42:35.259+0000] {dagbag.py:545} INFO - Filling up the DagBag from /opt/airflow/dags/DagScraper.py
[2026-04-19T13:42:35.312+0000] {processor.py:840} INFO - DAG(s) 'dag_scraping_offres_emploi' retrieved from /opt/airflow/dags/DagScraper.py
[2026-04-19T13:42:35.412+0000] {logging_mixin.py:188} INFO - [2026-04-19T13:42:35.411+0000] {dag.py:3096} INFO - Sync 1 DAGs
[2026-04-19T13:42:35.473+0000] {logging_mixin.py:188} INFO - [2026-04-19T13:42:35.472+0000] {dag.py:3954} INFO - Setting next_dagrun for dag_scraping_offres_emploi to 2026-04-19 06:00:00+00:00, run_after=2026-04-19 12:00:00+00:00
[2026-04-19T13:42:35.540+0000] {processor.py:183} INFO - Processing /opt/airflow/dags/DagScraper.py took 0.306 seconds
[2026-04-19T13:43:06.392+0000] {processor.py:161} INFO - Started process (PID=41078) to work on /opt/airflow/dags/DagScraper.py
[2026-04-19T13:43:06.395+0000] {processor.py:830} INFO - Processing file /opt/airflow/dags/DagScraper.py for tasks to queue
[2026-04-19T13:43:06.404+0000] {logging_mixin.py:188} INFO - [2026-04-19T13:43:06.402+0000] {dagbag.py:545} INFO - Filling up the DagBag from /opt/airflow/dags/DagScraper.py
[2026-04-19T13:43:06.483+0000] {processor.py:840} INFO - DAG(s) 'dag_scraping_offres_emploi' retrieved from /opt/airflow/dags/DagScraper.py
[2026-04-19T13:43:06.582+0000] {logging_mixin.py:188} INFO - [2026-04-19T13:43:06.582+0000] {dag.py:3096} INFO - Sync 1 DAGs
[2026-04-19T13:43:06.649+0000] {logging_mixin.py:188} INFO - [2026-04-19T13:43:06.649+0000] {dag.py:3954} INFO - Setting next_dagrun for dag_scraping_offres_emploi to 2026-04-19 06:00:00+00:00, run_after=2026-04-19 12:00:00+00:00
[2026-04-19T13:43:06.701+0000] {processor.py:183} INFO - Processing /opt/airflow/dags/DagScraper.py took 0.330 seconds
[2026-04-19T13:43:37.413+0000] {processor.py:161} INFO - Started process (PID=41086) to work on /opt/airflow/dags/DagScraper.py
[2026-04-19T13:43:37.414+0000] {processor.py:830} INFO - Processing file /opt/airflow/dags/DagScraper.py for tasks to queue
[2026-04-19T13:43:37.419+0000] {logging_mixin.py:188} INFO - [2026-04-19T13:43:37.418+0000] {dagbag.py:545} INFO - Filling up the DagBag from /opt/airflow/dags/DagScraper.py
[2026-04-19T13:43:37.482+0000] {processor.py:840} INFO - DAG(s) 'dag_scraping_offres_emploi' retrieved from /opt/airflow/dags/DagScraper.py
[2026-04-19T13:43:37.620+0000] {logging_mixin.py:188} INFO - [2026-04-19T13:43:37.619+0000] {dag.py:3096} INFO - Sync 1 DAGs
[2026-04-19T13:43:37.669+0000] {logging_mixin.py:188} INFO - [2026-04-19T13:43:37.668+0000] {dag.py:3954} INFO - Setting next_dagrun for dag_scraping_offres_emploi to 2026-04-19 06:00:00+00:00, run_after=2026-04-19 12:00:00+00:00
[2026-04-19T13:43:37.710+0000] {processor.py:183} INFO - Processing /opt/airflow/dags/DagScraper.py took 0.311 seconds
[2026-04-19T13:44:08.125+0000] {processor.py:161} INFO - Started process (PID=41099) to work on /opt/airflow/dags/DagScraper.py
[2026-04-19T13:44:08.127+0000] {processor.py:830} INFO - Processing file /opt/airflow/dags/DagScraper.py for tasks to queue
[2026-04-19T13:44:08.132+0000] {logging_mixin.py:188} INFO - [2026-04-19T13:44:08.131+0000] {dagbag.py:545} INFO - Filling up the DagBag from /opt/airflow/dags/DagScraper.py
[2026-04-19T13:44:08.210+0000] {processor.py:840} INFO - DAG(s) 'dag_scraping_offres_emploi' retrieved from /opt/airflow/dags/DagScraper.py
[2026-04-19T13:44:08.299+0000] {logging_mixin.py:188} INFO - [2026-04-19T13:44:08.298+0000] {dag.py:3096} INFO - Sync 1 DAGs
[2026-04-19T13:44:08.343+0000] {logging_mixin.py:188} INFO - [2026-04-19T13:44:08.343+0000] {dag.py:3954} INFO - Setting next_dagrun for dag_scraping_offres_emploi to 2026-04-19 06:00:00+00:00, run_after=2026-04-19 12:00:00+00:00
[2026-04-19T13:44:08.419+0000] {processor.py:183} INFO - Processing /opt/airflow/dags/DagScraper.py took 0.321 seconds
[2026-04-19T13:44:38.914+0000] {processor.py:161} INFO - Started process (PID=41107) to work on /opt/airflow/dags/DagScraper.py
[2026-04-19T13:44:38.917+0000] {processor.py:830} INFO - Processing file /opt/airflow/dags/DagScraper.py for tasks to queue
[2026-04-19T13:44:38.921+0000] {logging_mixin.py:188} INFO - [2026-04-19T13:44:38.920+0000] {dagbag.py:545} INFO - Filling up the DagBag from /opt/airflow/dags/DagScraper.py
[2026-04-19T13:44:38.960+0000] {processor.py:840} INFO - DAG(s) 'dag_scraping_offres_emploi' retrieved from /opt/airflow/dags/DagScraper.py
[2026-04-19T13:44:39.039+0000] {logging_mixin.py:188} INFO - [2026-04-19T13:44:39.038+0000] {dag.py:3096} INFO - Sync 1 DAGs
[2026-04-19T13:44:39.111+0000] {logging_mixin.py:188} INFO - [2026-04-19T13:44:39.111+0000] {dag.py:3954} INFO - Setting next_dagrun for dag_scraping_offres_emploi to 2026-04-19 06:00:00+00:00, run_after=2026-04-19 12:00:00+00:00
[2026-04-19T13:44:39.168+0000] {processor.py:183} INFO - Processing /opt/airflow/dags/DagScraper.py took 0.279 seconds
[2026-04-19T13:45:09.959+0000] {processor.py:161} INFO - Started process (PID=41121) to work on /opt/airflow/dags/DagScraper.py
[2026-04-19T13:45:09.962+0000] {processor.py:830} INFO - Processing file /opt/airflow/dags/DagScraper.py for tasks to queue
[2026-04-19T13:45:09.968+0000] {logging_mixin.py:188} INFO - [2026-04-19T13:45:09.967+0000] {dagbag.py:545} INFO - Filling up the DagBag from /opt/airflow/dags/DagScraper.py
[2026-04-19T13:45:10.042+0000] {processor.py:840} INFO - DAG(s) 'dag_scraping_offres_emploi' retrieved from /opt/airflow/dags/DagScraper.py
[2026-04-19T13:45:10.120+0000] {logging_mixin.py:188} INFO - [2026-04-19T13:45:10.119+0000] {dag.py:3096} INFO - Sync 1 DAGs
[2026-04-19T13:45:10.168+0000] {logging_mixin.py:188} INFO - [2026-04-19T13:45:10.168+0000] {dag.py:3954} INFO - Setting next_dagrun for dag_scraping_offres_emploi to 2026-04-19 06:00:00+00:00, run_after=2026-04-19 12:00:00+00:00
[2026-04-19T13:45:10.319+0000] {processor.py:183} INFO - Processing /opt/airflow/dags/DagScraper.py took 0.427 seconds
[2026-04-19T13:45:40.718+0000] {processor.py:161} INFO - Started process (PID=41129) to work on /opt/airflow/dags/DagScraper.py
[2026-04-19T13:45:40.720+0000] {processor.py:830} INFO - Processing file /opt/airflow/dags/DagScraper.py for tasks to queue
[2026-04-19T13:45:40.725+0000] {logging_mixin.py:188} INFO - [2026-04-19T13:45:40.724+0000] {dagbag.py:545} INFO - Filling up the DagBag from /opt/airflow/dags/DagScraper.py
[2026-04-19T13:45:40.782+0000] {processor.py:840} INFO - DAG(s) 'dag_scraping_offres_emploi' retrieved from /opt/airflow/dags/DagScraper.py
[2026-04-19T13:45:40.884+0000] {logging_mixin.py:188} INFO - [2026-04-19T13:45:40.883+0000] {dag.py:3096} INFO - Sync 1 DAGs
[2026-04-19T13:45:40.936+0000] {logging_mixin.py:188} INFO - [2026-04-19T13:45:40.935+0000] {dag.py:3954} INFO - Setting next_dagrun for dag_scraping_offres_emploi to 2026-04-19 06:00:00+00:00, run_after=2026-04-19 12:00:00+00:00
[2026-04-19T13:45:40.990+0000] {processor.py:183} INFO - Processing /opt/airflow/dags/DagScraper.py took 0.297 seconds
[2026-04-19T13:46:11.508+0000] {processor.py:161} INFO - Started process (PID=41145) to work on /opt/airflow/dags/DagScraper.py
[2026-04-19T13:46:11.511+0000] {processor.py:830} INFO - Processing file /opt/airflow/dags/DagScraper.py for tasks to queue
[2026-04-19T13:46:11.516+0000] {logging_mixin.py:188} INFO - [2026-04-19T13:46:11.515+0000] {dagbag.py:545} INFO - Filling up the DagBag from /opt/airflow/dags/DagScraper.py
[2026-04-19T13:46:11.581+0000] {processor.py:840} INFO - DAG(s) 'dag_scraping_offres_emploi' retrieved from /opt/airflow/dags/DagScraper.py
[2026-04-19T13:46:11.722+0000] {logging_mixin.py:188} INFO - [2026-04-19T13:46:11.721+0000] {dag.py:3096} INFO - Sync 1 DAGs
[2026-04-19T13:46:11.819+0000] {logging_mixin.py:188} INFO - [2026-04-19T13:46:11.818+0000] {dag.py:3954} INFO - Setting next_dagrun for dag_scraping_offres_emploi to 2026-04-19 06:00:00+00:00, run_after=2026-04-19 12:00:00+00:00
[2026-04-19T13:46:11.924+0000] {processor.py:183} INFO - Processing /opt/airflow/dags/DagScraper.py took 0.439 seconds
[2026-04-19T13:46:42.869+0000] {processor.py:161} INFO - Started process (PID=41155) to work on /opt/airflow/dags/DagScraper.py
[2026-04-19T13:46:42.871+0000] {processor.py:830} INFO - Processing file /opt/airflow/dags/DagScraper.py for tasks to queue
[2026-04-19T13:46:42.875+0000] {logging_mixin.py:188} INFO - [2026-04-19T13:46:42.874+0000] {dagbag.py:545} INFO - Filling up the DagBag from /opt/airflow/dags/DagScraper.py
[2026-04-19T13:46:42.918+0000] {processor.py:840} INFO - DAG(s) 'dag_scraping_offres_emploi' retrieved from /opt/airflow/dags/DagScraper.py
[2026-04-19T13:46:42.995+0000] {logging_mixin.py:188} INFO - [2026-04-19T13:46:42.994+0000] {dag.py:3096} INFO - Sync 1 DAGs
[2026-04-19T13:46:43.047+0000] {logging_mixin.py:188} INFO - [2026-04-19T13:46:43.046+0000] {dag.py:3954} INFO - Setting next_dagrun for dag_scraping_offres_emploi to 2026-04-19 06:00:00+00:00, run_after=2026-04-19 12:00:00+00:00
[2026-04-19T13:46:43.112+0000] {processor.py:183} INFO - Processing /opt/airflow/dags/DagScraper.py took 0.258 seconds
[2026-04-19T13:47:13.577+0000] {processor.py:161} INFO - Started process (PID=41170) to work on /opt/airflow/dags/DagScraper.py
[2026-04-19T13:47:13.612+0000] {processor.py:830} INFO - Processing file /opt/airflow/dags/DagScraper.py for tasks to queue
[2026-04-19T13:47:13.622+0000] {logging_mixin.py:188} INFO - [2026-04-19T13:47:13.621+0000] {dagbag.py:545} INFO - Filling up the DagBag from /opt/airflow/dags/DagScraper.py
[2026-04-19T13:47:13.705+0000] {processor.py:840} INFO - DAG(s) 'dag_scraping_offres_emploi' retrieved from /opt/airflow/dags/DagScraper.py
[2026-04-19T13:47:13.953+0000] {logging_mixin.py:188} INFO - [2026-04-19T13:47:13.952+0000] {dag.py:3096} INFO - Sync 1 DAGs
[2026-04-19T13:47:14.087+0000] {logging_mixin.py:188} INFO - [2026-04-19T13:47:14.086+0000] {dag.py:3954} INFO - Setting next_dagrun for dag_scraping_offres_emploi to 2026-04-19 06:00:00+00:00, run_after=2026-04-19 12:00:00+00:00
[2026-04-19T13:47:14.201+0000] {processor.py:183} INFO - Processing /opt/airflow/dags/DagScraper.py took 0.644 seconds
[2026-04-19T13:47:44.800+0000] {processor.py:161} INFO - Started process (PID=41184) to work on /opt/airflow/dags/DagScraper.py
[2026-04-19T13:47:44.802+0000] {processor.py:830} INFO - Processing file /opt/airflow/dags/DagScraper.py for tasks to queue
[2026-04-19T13:47:44.806+0000] {logging_mixin.py:188} INFO - [2026-04-19T13:47:44.805+0000] {dagbag.py:545} INFO - Filling up the DagBag from /opt/airflow/dags/DagScraper.py
[2026-04-19T13:47:44.852+0000] {processor.py:840} INFO - DAG(s) 'dag_scraping_offres_emploi' retrieved from /opt/airflow/dags/DagScraper.py
[2026-04-19T13:47:44.976+0000] {logging_mixin.py:188} INFO - [2026-04-19T13:47:44.975+0000] {dag.py:3096} INFO - Sync 1 DAGs
[2026-04-19T13:47:45.053+0000] {logging_mixin.py:188} INFO - [2026-04-19T13:47:45.052+0000] {dag.py:3954} INFO - Setting next_dagrun for dag_scraping_offres_emploi to 2026-04-19 06:00:00+00:00, run_after=2026-04-19 12:00:00+00:00
[2026-04-19T13:47:45.098+0000] {processor.py:183} INFO - Processing /opt/airflow/dags/DagScraper.py took 0.313 seconds
[2026-04-19T13:48:15.784+0000] {processor.py:161} INFO - Started process (PID=41192) to work on /opt/airflow/dags/DagScraper.py
[2026-04-19T13:48:15.789+0000] {processor.py:830} INFO - Processing file /opt/airflow/dags/DagScraper.py for tasks to queue
[2026-04-19T13:48:15.796+0000] {logging_mixin.py:188} INFO - [2026-04-19T13:48:15.795+0000] {dagbag.py:545} INFO - Filling up the DagBag from /opt/airflow/dags/DagScraper.py
[2026-04-19T13:48:15.849+0000] {processor.py:840} INFO - DAG(s) 'dag_scraping_offres_emploi' retrieved from /opt/airflow/dags/DagScraper.py
[2026-04-19T13:48:15.928+0000] {logging_mixin.py:188} INFO - [2026-04-19T13:48:15.927+0000] {dag.py:3096} INFO - Sync 1 DAGs
[2026-04-19T13:48:15.985+0000] {logging_mixin.py:188} INFO - [2026-04-19T13:48:15.985+0000] {dag.py:3954} INFO - Setting next_dagrun for dag_scraping_offres_emploi to 2026-04-19 06:00:00+00:00, run_after=2026-04-19 12:00:00+00:00
[2026-04-19T13:48:16.050+0000] {processor.py:183} INFO - Processing /opt/airflow/dags/DagScraper.py took 0.308 seconds
[2026-04-19T13:48:46.558+0000] {processor.py:161} INFO - Started process (PID=41206) to work on /opt/airflow/dags/DagScraper.py
[2026-04-19T13:48:46.560+0000] {processor.py:830} INFO - Processing file /opt/airflow/dags/DagScraper.py for tasks to queue
[2026-04-19T13:48:46.563+0000] {logging_mixin.py:188} INFO - [2026-04-19T13:48:46.562+0000] {dagbag.py:545} INFO - Filling up the DagBag from /opt/airflow/dags/DagScraper.py
[2026-04-19T13:48:46.634+0000] {processor.py:840} INFO - DAG(s) 'dag_scraping_offres_emploi' retrieved from /opt/airflow/dags/DagScraper.py
[2026-04-19T13:48:46.740+0000] {logging_mixin.py:188} INFO - [2026-04-19T13:48:46.739+0000] {dag.py:3096} INFO - Sync 1 DAGs
[2026-04-19T13:48:46.798+0000] {logging_mixin.py:188} INFO - [2026-04-19T13:48:46.797+0000] {dag.py:3954} INFO - Setting next_dagrun for dag_scraping_offres_emploi to 2026-04-19 06:00:00+00:00, run_after=2026-04-19 12:00:00+00:00
[2026-04-19T13:48:46.882+0000] {processor.py:183} INFO - Processing /opt/airflow/dags/DagScraper.py took 0.338 seconds
[2026-04-19T13:49:17.748+0000] {processor.py:161} INFO - Started process (PID=41213) to work on /opt/airflow/dags/DagScraper.py
[2026-04-19T13:49:17.750+0000] {processor.py:830} INFO - Processing file /opt/airflow/dags/DagScraper.py for tasks to queue
[2026-04-19T13:49:17.755+0000] {logging_mixin.py:188} INFO - [2026-04-19T13:49:17.755+0000] {dagbag.py:545} INFO - Filling up the DagBag from /opt/airflow/dags/DagScraper.py
[2026-04-19T13:49:17.813+0000] {processor.py:840} INFO - DAG(s) 'dag_scraping_offres_emploi' retrieved from /opt/airflow/dags/DagScraper.py
[2026-04-19T13:49:17.916+0000] {logging_mixin.py:188} INFO - [2026-04-19T13:49:17.916+0000] {dag.py:3096} INFO - Sync 1 DAGs
[2026-04-19T13:49:18.041+0000] {logging_mixin.py:188} INFO - [2026-04-19T13:49:18.041+0000] {dag.py:3954} INFO - Setting next_dagrun for dag_scraping_offres_emploi to 2026-04-19 06:00:00+00:00, run_after=2026-04-19 12:00:00+00:00
[2026-04-19T13:49:18.136+0000] {processor.py:183} INFO - Processing /opt/airflow/dags/DagScraper.py took 0.409 seconds
[2026-04-19T13:49:48.986+0000] {processor.py:161} INFO - Started process (PID=41228) to work on /opt/airflow/dags/DagScraper.py
[2026-04-19T13:49:49.001+0000] {processor.py:830} INFO - Processing file /opt/airflow/dags/DagScraper.py for tasks to queue
[2026-04-19T13:49:49.017+0000] {logging_mixin.py:188} INFO - [2026-04-19T13:49:49.016+0000] {dagbag.py:545} INFO - Filling up the DagBag from /opt/airflow/dags/DagScraper.py
[2026-04-19T13:49:49.135+0000] {processor.py:840} INFO - DAG(s) 'dag_scraping_offres_emploi' retrieved from /opt/airflow/dags/DagScraper.py
[2026-04-19T13:49:49.232+0000] {logging_mixin.py:188} INFO - [2026-04-19T13:49:49.231+0000] {dag.py:3096} INFO - Sync 1 DAGs
[2026-04-19T13:49:49.282+0000] {logging_mixin.py:188} INFO - [2026-04-19T13:49:49.282+0000] {dag.py:3954} INFO - Setting next_dagrun for dag_scraping_offres_emploi to 2026-04-19 06:00:00+00:00, run_after=2026-04-19 12:00:00+00:00
[2026-04-19T13:49:49.328+0000] {processor.py:183} INFO - Processing /opt/airflow/dags/DagScraper.py took 0.386 seconds
[2026-04-19T13:50:19.704+0000] {processor.py:161} INFO - Started process (PID=41236) to work on /opt/airflow/dags/DagScraper.py
[2026-04-19T13:50:19.719+0000] {processor.py:830} INFO - Processing file /opt/airflow/dags/DagScraper.py for tasks to queue
[2026-04-19T13:50:19.727+0000] {logging_mixin.py:188} INFO - [2026-04-19T13:50:19.726+0000] {dagbag.py:545} INFO - Filling up the DagBag from /opt/airflow/dags/DagScraper.py
[2026-04-19T13:50:19.780+0000] {processor.py:840} INFO - DAG(s) 'dag_scraping_offres_emploi' retrieved from /opt/airflow/dags/DagScraper.py
[2026-04-19T13:50:19.865+0000] {logging_mixin.py:188} INFO - [2026-04-19T13:50:19.864+0000] {dag.py:3096} INFO - Sync 1 DAGs
[2026-04-19T13:50:19.912+0000] {logging_mixin.py:188} INFO - [2026-04-19T13:50:19.911+0000] {dag.py:3954} INFO - Setting next_dagrun for dag_scraping_offres_emploi to 2026-04-19 06:00:00+00:00, run_after=2026-04-19 12:00:00+00:00
[2026-04-19T13:50:20.040+0000] {processor.py:183} INFO - Processing /opt/airflow/dags/DagScraper.py took 0.366 seconds
[2026-04-19T13:50:50.794+0000] {processor.py:161} INFO - Started process (PID=41250) to work on /opt/airflow/dags/DagScraper.py
[2026-04-19T13:50:50.796+0000] {processor.py:830} INFO - Processing file /opt/airflow/dags/DagScraper.py for tasks to queue
[2026-04-19T13:50:50.801+0000] {logging_mixin.py:188} INFO - [2026-04-19T13:50:50.800+0000] {dagbag.py:545} INFO - Filling up the DagBag from /opt/airflow/dags/DagScraper.py
[2026-04-19T13:50:50.921+0000] {processor.py:840} INFO - DAG(s) 'dag_scraping_offres_emploi' retrieved from /opt/airflow/dags/DagScraper.py
[2026-04-19T13:50:51.123+0000] {logging_mixin.py:188} INFO - [2026-04-19T13:50:51.122+0000] {dag.py:3096} INFO - Sync 1 DAGs
[2026-04-19T13:50:51.281+0000] {logging_mixin.py:188} INFO - [2026-04-19T13:50:51.279+0000] {dag.py:3954} INFO - Setting next_dagrun for dag_scraping_offres_emploi to 2026-04-19 06:00:00+00:00, run_after=2026-04-19 12:00:00+00:00
[2026-04-19T13:50:51.336+0000] {processor.py:183} INFO - Processing /opt/airflow/dags/DagScraper.py took 0.561 seconds
[2026-04-19T13:51:21.992+0000] {processor.py:161} INFO - Started process (PID=41259) to work on /opt/airflow/dags/DagScraper.py
[2026-04-19T13:51:21.994+0000] {processor.py:830} INFO - Processing file /opt/airflow/dags/DagScraper.py for tasks to queue
[2026-04-19T13:51:21.998+0000] {logging_mixin.py:188} INFO - [2026-04-19T13:51:21.997+0000] {dagbag.py:545} INFO - Filling up the DagBag from /opt/airflow/dags/DagScraper.py
[2026-04-19T13:51:22.050+0000] {processor.py:840} INFO - DAG(s) 'dag_scraping_offres_emploi' retrieved from /opt/airflow/dags/DagScraper.py
[2026-04-19T13:51:22.164+0000] {logging_mixin.py:188} INFO - [2026-04-19T13:51:22.163+0000] {dag.py:3096} INFO - Sync 1 DAGs
[2026-04-19T13:51:22.303+0000] {logging_mixin.py:188} INFO - [2026-04-19T13:51:22.303+0000] {dag.py:3954} INFO - Setting next_dagrun for dag_scraping_offres_emploi to 2026-04-19 06:00:00+00:00, run_after=2026-04-19 12:00:00+00:00
[2026-04-19T13:51:22.398+0000] {processor.py:183} INFO - Processing /opt/airflow/dags/DagScraper.py took 0.422 seconds
[2026-04-19T13:51:53.125+0000] {processor.py:161} INFO - Started process (PID=41275) to work on /opt/airflow/dags/DagScraper.py
[2026-04-19T13:51:53.139+0000] {processor.py:830} INFO - Processing file /opt/airflow/dags/DagScraper.py for tasks to queue
[2026-04-19T13:51:53.159+0000] {logging_mixin.py:188} INFO - [2026-04-19T13:51:53.155+0000] {dagbag.py:545} INFO - Filling up the DagBag from /opt/airflow/dags/DagScraper.py
[2026-04-19T13:51:53.290+0000] {processor.py:840} INFO - DAG(s) 'dag_scraping_offres_emploi' retrieved from /opt/airflow/dags/DagScraper.py
[2026-04-19T13:51:53.777+0000] {logging_mixin.py:188} INFO - [2026-04-19T13:51:53.777+0000] {dag.py:3096} INFO - Sync 1 DAGs
[2026-04-19T13:51:54.092+0000] {logging_mixin.py:188} INFO - [2026-04-19T13:51:54.092+0000] {dag.py:3954} INFO - Setting next_dagrun for dag_scraping_offres_emploi to 2026-04-19 06:00:00+00:00, run_after=2026-04-19 12:00:00+00:00
[2026-04-19T13:51:54.508+0000] {processor.py:183} INFO - Processing /opt/airflow/dags/DagScraper.py took 1.407 seconds
[2026-04-19T13:52:25.192+0000] {processor.py:161} INFO - Started process (PID=41283) to work on /opt/airflow/dags/DagScraper.py
[2026-04-19T13:52:25.194+0000] {processor.py:830} INFO - Processing file /opt/airflow/dags/DagScraper.py for tasks to queue
[2026-04-19T13:52:25.198+0000] {logging_mixin.py:188} INFO - [2026-04-19T13:52:25.197+0000] {dagbag.py:545} INFO - Filling up the DagBag from /opt/airflow/dags/DagScraper.py
[2026-04-19T13:52:25.249+0000] {processor.py:840} INFO - DAG(s) 'dag_scraping_offres_emploi' retrieved from /opt/airflow/dags/DagScraper.py
[2026-04-19T13:52:25.414+0000] {logging_mixin.py:188} INFO - [2026-04-19T13:52:25.414+0000] {dag.py:3096} INFO - Sync 1 DAGs
[2026-04-19T13:52:25.683+0000] {logging_mixin.py:188} INFO - [2026-04-19T13:52:25.682+0000] {dag.py:3954} INFO - Setting next_dagrun for dag_scraping_offres_emploi to 2026-04-19 06:00:00+00:00, run_after=2026-04-19 12:00:00+00:00
[2026-04-19T13:52:25.942+0000] {processor.py:183} INFO - Processing /opt/airflow/dags/DagScraper.py took 0.766 seconds
[2026-04-19T13:52:56.263+0000] {processor.py:161} INFO - Started process (PID=41298) to work on /opt/airflow/dags/DagScraper.py
[2026-04-19T13:52:56.275+0000] {processor.py:830} INFO - Processing file /opt/airflow/dags/DagScraper.py for tasks to queue
[2026-04-19T13:52:56.281+0000] {logging_mixin.py:188} INFO - [2026-04-19T13:52:56.280+0000] {dagbag.py:545} INFO - Filling up the DagBag from /opt/airflow/dags/DagScraper.py
[2026-04-19T13:52:56.398+0000] {processor.py:840} INFO - DAG(s) 'dag_scraping_offres_emploi' retrieved from /opt/airflow/dags/DagScraper.py
[2026-04-19T13:52:56.542+0000] {logging_mixin.py:188} INFO - [2026-04-19T13:52:56.541+0000] {dag.py:3096} INFO - Sync 1 DAGs
[2026-04-19T13:52:56.663+0000] {logging_mixin.py:188} INFO - [2026-04-19T13:52:56.662+0000] {dag.py:3954} INFO - Setting next_dagrun for dag_scraping_offres_emploi to 2026-04-19 06:00:00+00:00, run_after=2026-04-19 12:00:00+00:00
[2026-04-19T13:52:56.727+0000] {processor.py:183} INFO - Processing /opt/airflow/dags/DagScraper.py took 0.502 seconds
[2026-04-19T13:53:27.423+0000] {processor.py:161} INFO - Started process (PID=41305) to work on /opt/airflow/dags/DagScraper.py
[2026-04-19T13:53:27.435+0000] {processor.py:830} INFO - Processing file /opt/airflow/dags/DagScraper.py for tasks to queue
[2026-04-19T13:53:27.469+0000] {logging_mixin.py:188} INFO - [2026-04-19T13:53:27.468+0000] {dagbag.py:545} INFO - Filling up the DagBag from /opt/airflow/dags/DagScraper.py
[2026-04-19T13:53:27.615+0000] {processor.py:840} INFO - DAG(s) 'dag_scraping_offres_emploi' retrieved from /opt/airflow/dags/DagScraper.py
[2026-04-19T13:53:27.849+0000] {logging_mixin.py:188} INFO - [2026-04-19T13:53:27.847+0000] {dag.py:3096} INFO - Sync 1 DAGs
[2026-04-19T13:53:28.107+0000] {logging_mixin.py:188} INFO - [2026-04-19T13:53:28.106+0000] {dag.py:3954} INFO - Setting next_dagrun for dag_scraping_offres_emploi to 2026-04-19 06:00:00+00:00, run_after=2026-04-19 12:00:00+00:00
[2026-04-19T13:53:28.246+0000] {processor.py:183} INFO - Processing /opt/airflow/dags/DagScraper.py took 0.874 seconds
[2026-04-19T13:53:58.916+0000] {processor.py:161} INFO - Started process (PID=41320) to work on /opt/airflow/dags/DagScraper.py
[2026-04-19T13:53:58.918+0000] {processor.py:830} INFO - Processing file /opt/airflow/dags/DagScraper.py for tasks to queue
[2026-04-19T13:53:58.925+0000] {logging_mixin.py:188} INFO - [2026-04-19T13:53:58.922+0000] {dagbag.py:545} INFO - Filling up the DagBag from /opt/airflow/dags/DagScraper.py
[2026-04-19T13:53:58.989+0000] {processor.py:840} INFO - DAG(s) 'dag_scraping_offres_emploi' retrieved from /opt/airflow/dags/DagScraper.py
[2026-04-19T13:53:59.061+0000] {logging_mixin.py:188} INFO - [2026-04-19T13:53:59.060+0000] {dag.py:3096} INFO - Sync 1 DAGs
[2026-04-19T13:53:59.110+0000] {logging_mixin.py:188} INFO - [2026-04-19T13:53:59.110+0000] {dag.py:3954} INFO - Setting next_dagrun for dag_scraping_offres_emploi to 2026-04-19 06:00:00+00:00, run_after=2026-04-19 12:00:00+00:00
[2026-04-19T13:53:59.148+0000] {processor.py:183} INFO - Processing /opt/airflow/dags/DagScraper.py took 0.270 seconds
[2026-04-19T13:54:29.340+0000] {processor.py:161} INFO - Started process (PID=41333) to work on /opt/airflow/dags/DagScraper.py
[2026-04-19T13:54:29.345+0000] {processor.py:830} INFO - Processing file /opt/airflow/dags/DagScraper.py for tasks to queue
[2026-04-19T13:54:29.356+0000] {logging_mixin.py:188} INFO - [2026-04-19T13:54:29.355+0000] {dagbag.py:545} INFO - Filling up the DagBag from /opt/airflow/dags/DagScraper.py
[2026-04-19T13:54:29.482+0000] {processor.py:840} INFO - DAG(s) 'dag_scraping_offres_emploi' retrieved from /opt/airflow/dags/DagScraper.py
[2026-04-19T13:54:29.577+0000] {logging_mixin.py:188} INFO - [2026-04-19T13:54:29.577+0000] {dag.py:3096} INFO - Sync 1 DAGs
[2026-04-19T13:54:29.648+0000] {logging_mixin.py:188} INFO - [2026-04-19T13:54:29.647+0000] {dag.py:3954} INFO - Setting next_dagrun for dag_scraping_offres_emploi to 2026-04-19 06:00:00+00:00, run_after=2026-04-19 12:00:00+00:00
[2026-04-19T13:54:29.699+0000] {processor.py:183} INFO - Processing /opt/airflow/dags/DagScraper.py took 0.396 seconds
[2026-04-19T13:54:59.920+0000] {processor.py:161} INFO - Started process (PID=41341) to work on /opt/airflow/dags/DagScraper.py
[2026-04-19T13:54:59.922+0000] {processor.py:830} INFO - Processing file /opt/airflow/dags/DagScraper.py for tasks to queue
[2026-04-19T13:54:59.929+0000] {logging_mixin.py:188} INFO - [2026-04-19T13:54:59.928+0000] {dagbag.py:545} INFO - Filling up the DagBag from /opt/airflow/dags/DagScraper.py
[2026-04-19T13:55:00.207+0000] {processor.py:840} INFO - DAG(s) 'dag_scraping_offres_emploi' retrieved from /opt/airflow/dags/DagScraper.py
[2026-04-19T13:55:00.292+0000] {logging_mixin.py:188} INFO - [2026-04-19T13:55:00.292+0000] {dag.py:3096} INFO - Sync 1 DAGs
[2026-04-19T13:55:00.338+0000] {logging_mixin.py:188} INFO - [2026-04-19T13:55:00.337+0000] {dag.py:3954} INFO - Setting next_dagrun for dag_scraping_offres_emploi to 2026-04-19 06:00:00+00:00, run_after=2026-04-19 12:00:00+00:00
[2026-04-19T13:55:00.384+0000] {processor.py:183} INFO - Processing /opt/airflow/dags/DagScraper.py took 0.484 seconds
[2026-04-19T13:55:30.750+0000] {processor.py:161} INFO - Started process (PID=41355) to work on /opt/airflow/dags/DagScraper.py
[2026-04-19T13:55:30.752+0000] {processor.py:830} INFO - Processing file /opt/airflow/dags/DagScraper.py for tasks to queue
[2026-04-19T13:55:30.758+0000] {logging_mixin.py:188} INFO - [2026-04-19T13:55:30.757+0000] {dagbag.py:545} INFO - Filling up the DagBag from /opt/airflow/dags/DagScraper.py
[2026-04-19T13:55:30.811+0000] {processor.py:840} INFO - DAG(s) 'dag_scraping_offres_emploi' retrieved from /opt/airflow/dags/DagScraper.py
[2026-04-19T13:55:30.887+0000] {logging_mixin.py:188} INFO - [2026-04-19T13:55:30.887+0000] {dag.py:3096} INFO - Sync 1 DAGs
[2026-04-19T13:55:30.947+0000] {logging_mixin.py:188} INFO - [2026-04-19T13:55:30.947+0000] {dag.py:3954} INFO - Setting next_dagrun for dag_scraping_offres_emploi to 2026-04-19 06:00:00+00:00, run_after=2026-04-19 12:00:00+00:00
[2026-04-19T13:55:31.027+0000] {processor.py:183} INFO - Processing /opt/airflow/dags/DagScraper.py took 0.295 seconds
[2026-04-19T13:56:01.742+0000] {processor.py:161} INFO - Started process (PID=41363) to work on /opt/airflow/dags/DagScraper.py
[2026-04-19T13:56:01.744+0000] {processor.py:830} INFO - Processing file /opt/airflow/dags/DagScraper.py for tasks to queue
[2026-04-19T13:56:01.752+0000] {logging_mixin.py:188} INFO - [2026-04-19T13:56:01.750+0000] {dagbag.py:545} INFO - Filling up the DagBag from /opt/airflow/dags/DagScraper.py
[2026-04-19T13:56:01.837+0000] {processor.py:840} INFO - DAG(s) 'dag_scraping_offres_emploi' retrieved from /opt/airflow/dags/DagScraper.py
[2026-04-19T13:56:01.918+0000] {logging_mixin.py:188} INFO - [2026-04-19T13:56:01.917+0000] {dag.py:3096} INFO - Sync 1 DAGs
[2026-04-19T13:56:01.963+0000] {logging_mixin.py:188} INFO - [2026-04-19T13:56:01.963+0000] {dag.py:3954} INFO - Setting next_dagrun for dag_scraping_offres_emploi to 2026-04-19 06:00:00+00:00, run_after=2026-04-19 12:00:00+00:00
[2026-04-19T13:56:02.007+0000] {processor.py:183} INFO - Processing /opt/airflow/dags/DagScraper.py took 0.299 seconds
[2026-04-19T13:56:32.990+0000] {processor.py:161} INFO - Started process (PID=41379) to work on /opt/airflow/dags/DagScraper.py
[2026-04-19T13:56:33.017+0000] {processor.py:830} INFO - Processing file /opt/airflow/dags/DagScraper.py for tasks to queue
[2026-04-19T13:56:33.022+0000] {logging_mixin.py:188} INFO - [2026-04-19T13:56:33.021+0000] {dagbag.py:545} INFO - Filling up the DagBag from /opt/airflow/dags/DagScraper.py
[2026-04-19T13:56:33.087+0000] {processor.py:840} INFO - DAG(s) 'dag_scraping_offres_emploi' retrieved from /opt/airflow/dags/DagScraper.py
[2026-04-19T13:56:33.210+0000] {logging_mixin.py:188} INFO - [2026-04-19T13:56:33.209+0000] {dag.py:3096} INFO - Sync 1 DAGs
[2026-04-19T13:56:33.270+0000] {logging_mixin.py:188} INFO - [2026-04-19T13:56:33.269+0000] {dag.py:3954} INFO - Setting next_dagrun for dag_scraping_offres_emploi to 2026-04-19 06:00:00+00:00, run_after=2026-04-19 12:00:00+00:00
[2026-04-19T13:56:33.330+0000] {processor.py:183} INFO - Processing /opt/airflow/dags/DagScraper.py took 0.369 seconds
[2026-04-19T13:57:03.819+0000] {processor.py:161} INFO - Started process (PID=41387) to work on /opt/airflow/dags/DagScraper.py
[2026-04-19T13:57:03.822+0000] {processor.py:830} INFO - Processing file /opt/airflow/dags/DagScraper.py for tasks to queue
[2026-04-19T13:57:03.840+0000] {logging_mixin.py:188} INFO - [2026-04-19T13:57:03.839+0000] {dagbag.py:545} INFO - Filling up the DagBag from /opt/airflow/dags/DagScraper.py
[2026-04-19T13:57:03.930+0000] {processor.py:840} INFO - DAG(s) 'dag_scraping_offres_emploi' retrieved from /opt/airflow/dags/DagScraper.py
[2026-04-19T13:57:04.080+0000] {logging_mixin.py:188} INFO - [2026-04-19T13:57:04.080+0000] {dag.py:3096} INFO - Sync 1 DAGs
[2026-04-19T13:57:04.175+0000] {logging_mixin.py:188} INFO - [2026-04-19T13:57:04.175+0000] {dag.py:3954} INFO - Setting next_dagrun for dag_scraping_offres_emploi to 2026-04-19 06:00:00+00:00, run_after=2026-04-19 12:00:00+00:00
[2026-04-19T13:57:04.248+0000] {processor.py:183} INFO - Processing /opt/airflow/dags/DagScraper.py took 0.472 seconds
[2026-04-19T13:57:34.772+0000] {processor.py:161} INFO - Started process (PID=41401) to work on /opt/airflow/dags/DagScraper.py
[2026-04-19T13:57:34.774+0000] {processor.py:830} INFO - Processing file /opt/airflow/dags/DagScraper.py for tasks to queue
[2026-04-19T13:57:34.779+0000] {logging_mixin.py:188} INFO - [2026-04-19T13:57:34.778+0000] {dagbag.py:545} INFO - Filling up the DagBag from /opt/airflow/dags/DagScraper.py
[2026-04-19T13:57:34.830+0000] {processor.py:840} INFO - DAG(s) 'dag_scraping_offres_emploi' retrieved from /opt/airflow/dags/DagScraper.py
[2026-04-19T13:57:34.919+0000] {logging_mixin.py:188} INFO - [2026-04-19T13:57:34.918+0000] {dag.py:3096} INFO - Sync 1 DAGs
[2026-04-19T13:57:35.001+0000] {logging_mixin.py:188} INFO - [2026-04-19T13:57:35.000+0000] {dag.py:3954} INFO - Setting next_dagrun for dag_scraping_offres_emploi to 2026-04-19 06:00:00+00:00, run_after=2026-04-19 12:00:00+00:00
[2026-04-19T13:57:35.083+0000] {processor.py:183} INFO - Processing /opt/airflow/dags/DagScraper.py took 0.329 seconds
[2026-04-19T13:58:05.472+0000] {processor.py:161} INFO - Started process (PID=41409) to work on /opt/airflow/dags/DagScraper.py
[2026-04-19T13:58:05.476+0000] {processor.py:830} INFO - Processing file /opt/airflow/dags/DagScraper.py for tasks to queue
[2026-04-19T13:58:05.483+0000] {logging_mixin.py:188} INFO - [2026-04-19T13:58:05.482+0000] {dagbag.py:545} INFO - Filling up the DagBag from /opt/airflow/dags/DagScraper.py
[2026-04-19T13:58:05.614+0000] {processor.py:840} INFO - DAG(s) 'dag_scraping_offres_emploi' retrieved from /opt/airflow/dags/DagScraper.py
[2026-04-19T13:58:05.724+0000] {logging_mixin.py:188} INFO - [2026-04-19T13:58:05.723+0000] {dag.py:3096} INFO - Sync 1 DAGs
[2026-04-19T13:58:06.025+0000] {logging_mixin.py:188} INFO - [2026-04-19T13:58:06.024+0000] {dag.py:3954} INFO - Setting next_dagrun for dag_scraping_offres_emploi to 2026-04-19 06:00:00+00:00, run_after=2026-04-19 12:00:00+00:00
[2026-04-19T13:58:06.312+0000] {processor.py:183} INFO - Processing /opt/airflow/dags/DagScraper.py took 0.874 seconds
[2026-04-19T13:58:37.023+0000] {processor.py:161} INFO - Started process (PID=41423) to work on /opt/airflow/dags/DagScraper.py
[2026-04-19T13:58:37.025+0000] {processor.py:830} INFO - Processing file /opt/airflow/dags/DagScraper.py for tasks to queue
[2026-04-19T13:58:37.031+0000] {logging_mixin.py:188} INFO - [2026-04-19T13:58:37.030+0000] {dagbag.py:545} INFO - Filling up the DagBag from /opt/airflow/dags/DagScraper.py
[2026-04-19T13:58:37.098+0000] {processor.py:840} INFO - DAG(s) 'dag_scraping_offres_emploi' retrieved from /opt/airflow/dags/DagScraper.py
[2026-04-19T13:58:37.252+0000] {logging_mixin.py:188} INFO - [2026-04-19T13:58:37.250+0000] {dag.py:3096} INFO - Sync 1 DAGs
[2026-04-19T13:58:37.315+0000] {logging_mixin.py:188} INFO - [2026-04-19T13:58:37.315+0000] {dag.py:3954} INFO - Setting next_dagrun for dag_scraping_offres_emploi to 2026-04-19 06:00:00+00:00, run_after=2026-04-19 12:00:00+00:00
[2026-04-19T13:58:37.407+0000] {processor.py:183} INFO - Processing /opt/airflow/dags/DagScraper.py took 0.403 seconds
[2026-04-19T13:59:07.799+0000] {processor.py:161} INFO - Started process (PID=41432) to work on /opt/airflow/dags/DagScraper.py
[2026-04-19T13:59:07.801+0000] {processor.py:830} INFO - Processing file /opt/airflow/dags/DagScraper.py for tasks to queue
[2026-04-19T13:59:07.805+0000] {logging_mixin.py:188} INFO - [2026-04-19T13:59:07.804+0000] {dagbag.py:545} INFO - Filling up the DagBag from /opt/airflow/dags/DagScraper.py
[2026-04-19T13:59:07.846+0000] {processor.py:840} INFO - DAG(s) 'dag_scraping_offres_emploi' retrieved from /opt/airflow/dags/DagScraper.py
[2026-04-19T13:59:07.965+0000] {logging_mixin.py:188} INFO - [2026-04-19T13:59:07.964+0000] {dag.py:3096} INFO - Sync 1 DAGs
[2026-04-19T13:59:08.055+0000] {logging_mixin.py:188} INFO - [2026-04-19T13:59:08.054+0000] {dag.py:3954} INFO - Setting next_dagrun for dag_scraping_offres_emploi to 2026-04-19 06:00:00+00:00, run_after=2026-04-19 12:00:00+00:00
[2026-04-19T13:59:08.106+0000] {processor.py:183} INFO - Processing /opt/airflow/dags/DagScraper.py took 0.319 seconds
[2026-04-19T13:59:38.797+0000] {processor.py:161} INFO - Started process (PID=41446) to work on /opt/airflow/dags/DagScraper.py
[2026-04-19T13:59:38.799+0000] {processor.py:830} INFO - Processing file /opt/airflow/dags/DagScraper.py for tasks to queue
[2026-04-19T13:59:38.811+0000] {logging_mixin.py:188} INFO - [2026-04-19T13:59:38.810+0000] {dagbag.py:545} INFO - Filling up the DagBag from /opt/airflow/dags/DagScraper.py
[2026-04-19T13:59:38.918+0000] {processor.py:840} INFO - DAG(s) 'dag_scraping_offres_emploi' retrieved from /opt/airflow/dags/DagScraper.py
[2026-04-19T13:59:39.052+0000] {logging_mixin.py:188} INFO - [2026-04-19T13:59:39.051+0000] {dag.py:3096} INFO - Sync 1 DAGs
[2026-04-19T13:59:39.117+0000] {logging_mixin.py:188} INFO - [2026-04-19T13:59:39.117+0000] {dag.py:3954} INFO - Setting next_dagrun for dag_scraping_offres_emploi to 2026-04-19 06:00:00+00:00, run_after=2026-04-19 12:00:00+00:00
[2026-04-19T13:59:39.157+0000] {processor.py:183} INFO - Processing /opt/airflow/dags/DagScraper.py took 0.401 seconds
[2026-04-19T14:00:09.453+0000] {processor.py:161} INFO - Started process (PID=41454) to work on /opt/airflow/dags/DagScraper.py
[2026-04-19T14:00:09.461+0000] {processor.py:830} INFO - Processing file /opt/airflow/dags/DagScraper.py for tasks to queue
[2026-04-19T14:00:09.468+0000] {logging_mixin.py:188} INFO - [2026-04-19T14:00:09.468+0000] {dagbag.py:545} INFO - Filling up the DagBag from /opt/airflow/dags/DagScraper.py
[2026-04-19T14:00:09.547+0000] {processor.py:840} INFO - DAG(s) 'dag_scraping_offres_emploi' retrieved from /opt/airflow/dags/DagScraper.py
[2026-04-19T14:00:09.707+0000] {logging_mixin.py:188} INFO - [2026-04-19T14:00:09.704+0000] {dag.py:3096} INFO - Sync 1 DAGs
[2026-04-19T14:00:09.832+0000] {logging_mixin.py:188} INFO - [2026-04-19T14:00:09.831+0000] {dag.py:3954} INFO - Setting next_dagrun for dag_scraping_offres_emploi to 2026-04-19 06:00:00+00:00, run_after=2026-04-19 12:00:00+00:00
[2026-04-19T14:00:09.932+0000] {processor.py:183} INFO - Processing /opt/airflow/dags/DagScraper.py took 0.503 seconds
[2026-04-19T14:00:40.632+0000] {processor.py:161} INFO - Started process (PID=41468) to work on /opt/airflow/dags/DagScraper.py
[2026-04-19T14:00:40.638+0000] {processor.py:830} INFO - Processing file /opt/airflow/dags/DagScraper.py for tasks to queue
[2026-04-19T14:00:40.642+0000] {logging_mixin.py:188} INFO - [2026-04-19T14:00:40.642+0000] {dagbag.py:545} INFO - Filling up the DagBag from /opt/airflow/dags/DagScraper.py
[2026-04-19T14:00:40.690+0000] {processor.py:840} INFO - DAG(s) 'dag_scraping_offres_emploi' retrieved from /opt/airflow/dags/DagScraper.py
[2026-04-19T14:00:40.781+0000] {logging_mixin.py:188} INFO - [2026-04-19T14:00:40.781+0000] {dag.py:3096} INFO - Sync 1 DAGs
[2026-04-19T14:00:40.847+0000] {logging_mixin.py:188} INFO - [2026-04-19T14:00:40.846+0000] {dag.py:3954} INFO - Setting next_dagrun for dag_scraping_offres_emploi to 2026-04-19 06:00:00+00:00, run_after=2026-04-19 12:00:00+00:00
[2026-04-19T14:00:40.908+0000] {processor.py:183} INFO - Processing /opt/airflow/dags/DagScraper.py took 0.298 seconds
[2026-04-19T14:01:11.583+0000] {processor.py:161} INFO - Started process (PID=41476) to work on /opt/airflow/dags/DagScraper.py
[2026-04-19T14:01:11.586+0000] {processor.py:830} INFO - Processing file /opt/airflow/dags/DagScraper.py for tasks to queue
[2026-04-19T14:01:11.590+0000] {logging_mixin.py:188} INFO - [2026-04-19T14:01:11.589+0000] {dagbag.py:545} INFO - Filling up the DagBag from /opt/airflow/dags/DagScraper.py
[2026-04-19T14:01:11.646+0000] {processor.py:840} INFO - DAG(s) 'dag_scraping_offres_emploi' retrieved from /opt/airflow/dags/DagScraper.py
[2026-04-19T14:01:11.718+0000] {logging_mixin.py:188} INFO - [2026-04-19T14:01:11.718+0000] {dag.py:3096} INFO - Sync 1 DAGs
[2026-04-19T14:01:11.822+0000] {logging_mixin.py:188} INFO - [2026-04-19T14:01:11.822+0000] {dag.py:3954} INFO - Setting next_dagrun for dag_scraping_offres_emploi to 2026-04-19 06:00:00+00:00, run_after=2026-04-19 12:00:00+00:00
[2026-04-19T14:01:11.958+0000] {processor.py:183} INFO - Processing /opt/airflow/dags/DagScraper.py took 0.407 seconds
[2026-04-19T14:01:42.312+0000] {processor.py:161} INFO - Started process (PID=41490) to work on /opt/airflow/dags/DagScraper.py
[2026-04-19T14:01:42.314+0000] {processor.py:830} INFO - Processing file /opt/airflow/dags/DagScraper.py for tasks to queue
[2026-04-19T14:01:42.318+0000] {logging_mixin.py:188} INFO - [2026-04-19T14:01:42.317+0000] {dagbag.py:545} INFO - Filling up the DagBag from /opt/airflow/dags/DagScraper.py
[2026-04-19T14:01:42.366+0000] {processor.py:840} INFO - DAG(s) 'dag_scraping_offres_emploi' retrieved from /opt/airflow/dags/DagScraper.py
[2026-04-19T14:01:42.446+0000] {logging_mixin.py:188} INFO - [2026-04-19T14:01:42.445+0000] {dag.py:3096} INFO - Sync 1 DAGs
[2026-04-19T14:01:42.522+0000] {logging_mixin.py:188} INFO - [2026-04-19T14:01:42.521+0000] {dag.py:3954} INFO - Setting next_dagrun for dag_scraping_offres_emploi to 2026-04-19 06:00:00+00:00, run_after=2026-04-19 12:00:00+00:00
[2026-04-19T14:01:42.585+0000] {processor.py:183} INFO - Processing /opt/airflow/dags/DagScraper.py took 0.287 seconds
[2026-04-19T14:02:13.217+0000] {processor.py:161} INFO - Started process (PID=41500) to work on /opt/airflow/dags/DagScraper.py
[2026-04-19T14:02:13.221+0000] {processor.py:830} INFO - Processing file /opt/airflow/dags/DagScraper.py for tasks to queue
[2026-04-19T14:02:13.225+0000] {logging_mixin.py:188} INFO - [2026-04-19T14:02:13.224+0000] {dagbag.py:545} INFO - Filling up the DagBag from /opt/airflow/dags/DagScraper.py
[2026-04-19T14:02:13.284+0000] {processor.py:840} INFO - DAG(s) 'dag_scraping_offres_emploi' retrieved from /opt/airflow/dags/DagScraper.py
[2026-04-19T14:02:13.414+0000] {logging_mixin.py:188} INFO - [2026-04-19T14:02:13.413+0000] {dag.py:3096} INFO - Sync 1 DAGs
[2026-04-19T14:02:13.523+0000] {logging_mixin.py:188} INFO - [2026-04-19T14:02:13.522+0000] {dag.py:3954} INFO - Setting next_dagrun for dag_scraping_offres_emploi to 2026-04-19 06:00:00+00:00, run_after=2026-04-19 12:00:00+00:00
[2026-04-19T14:02:13.585+0000] {processor.py:183} INFO - Processing /opt/airflow/dags/DagScraper.py took 0.386 seconds
[2026-04-19T14:02:44.214+0000] {processor.py:161} INFO - Started process (PID=41512) to work on /opt/airflow/dags/DagScraper.py
[2026-04-19T14:02:44.218+0000] {processor.py:830} INFO - Processing file /opt/airflow/dags/DagScraper.py for tasks to queue
[2026-04-19T14:02:44.231+0000] {logging_mixin.py:188} INFO - [2026-04-19T14:02:44.230+0000] {dagbag.py:545} INFO - Filling up the DagBag from /opt/airflow/dags/DagScraper.py
[2026-04-19T14:02:44.299+0000] {processor.py:840} INFO - DAG(s) 'dag_scraping_offres_emploi' retrieved from /opt/airflow/dags/DagScraper.py
[2026-04-19T14:02:44.431+0000] {logging_mixin.py:188} INFO - [2026-04-19T14:02:44.431+0000] {dag.py:3096} INFO - Sync 1 DAGs
[2026-04-19T14:02:44.509+0000] {logging_mixin.py:188} INFO - [2026-04-19T14:02:44.509+0000] {dag.py:3954} INFO - Setting next_dagrun for dag_scraping_offres_emploi to 2026-04-19 06:00:00+00:00, run_after=2026-04-19 12:00:00+00:00
[2026-04-19T14:02:44.555+0000] {processor.py:183} INFO - Processing /opt/airflow/dags/DagScraper.py took 0.368 seconds
[2026-04-19T14:03:15.355+0000] {processor.py:161} INFO - Started process (PID=41527) to work on /opt/airflow/dags/DagScraper.py
[2026-04-19T14:03:15.361+0000] {processor.py:830} INFO - Processing file /opt/airflow/dags/DagScraper.py for tasks to queue
[2026-04-19T14:03:15.382+0000] {logging_mixin.py:188} INFO - [2026-04-19T14:03:15.381+0000] {dagbag.py:545} INFO - Filling up the DagBag from /opt/airflow/dags/DagScraper.py
[2026-04-19T14:03:15.494+0000] {processor.py:840} INFO - DAG(s) 'dag_scraping_offres_emploi' retrieved from /opt/airflow/dags/DagScraper.py
[2026-04-19T14:03:15.660+0000] {logging_mixin.py:188} INFO - [2026-04-19T14:03:15.659+0000] {dag.py:3096} INFO - Sync 1 DAGs
[2026-04-19T14:03:15.731+0000] {logging_mixin.py:188} INFO - [2026-04-19T14:03:15.730+0000] {dag.py:3954} INFO - Setting next_dagrun for dag_scraping_offres_emploi to 2026-04-19 06:00:00+00:00, run_after=2026-04-19 12:00:00+00:00
[2026-04-19T14:03:15.774+0000] {processor.py:183} INFO - Processing /opt/airflow/dags/DagScraper.py took 0.570 seconds
[2026-04-19T14:03:46.343+0000] {processor.py:161} INFO - Started process (PID=41535) to work on /opt/airflow/dags/DagScraper.py
[2026-04-19T14:03:46.350+0000] {processor.py:830} INFO - Processing file /opt/airflow/dags/DagScraper.py for tasks to queue
[2026-04-19T14:03:46.355+0000] {logging_mixin.py:188} INFO - [2026-04-19T14:03:46.354+0000] {dagbag.py:545} INFO - Filling up the DagBag from /opt/airflow/dags/DagScraper.py
[2026-04-19T14:03:46.413+0000] {processor.py:840} INFO - DAG(s) 'dag_scraping_offres_emploi' retrieved from /opt/airflow/dags/DagScraper.py
[2026-04-19T14:03:46.499+0000] {logging_mixin.py:188} INFO - [2026-04-19T14:03:46.498+0000] {dag.py:3096} INFO - Sync 1 DAGs
[2026-04-19T14:03:46.571+0000] {logging_mixin.py:188} INFO - [2026-04-19T14:03:46.566+0000] {dag.py:3954} INFO - Setting next_dagrun for dag_scraping_offres_emploi to 2026-04-19 06:00:00+00:00, run_after=2026-04-19 12:00:00+00:00
[2026-04-19T14:03:46.680+0000] {processor.py:183} INFO - Processing /opt/airflow/dags/DagScraper.py took 0.367 seconds
[2026-04-19T14:04:17.480+0000] {processor.py:161} INFO - Started process (PID=41548) to work on /opt/airflow/dags/DagScraper.py
[2026-04-19T14:04:17.483+0000] {processor.py:830} INFO - Processing file /opt/airflow/dags/DagScraper.py for tasks to queue
[2026-04-19T14:04:17.491+0000] {logging_mixin.py:188} INFO - [2026-04-19T14:04:17.489+0000] {dagbag.py:545} INFO - Filling up the DagBag from /opt/airflow/dags/DagScraper.py
[2026-04-19T14:04:17.559+0000] {processor.py:840} INFO - DAG(s) 'dag_scraping_offres_emploi' retrieved from /opt/airflow/dags/DagScraper.py
[2026-04-19T14:04:17.676+0000] {logging_mixin.py:188} INFO - [2026-04-19T14:04:17.676+0000] {dag.py:3096} INFO - Sync 1 DAGs
[2026-04-19T14:04:17.796+0000] {logging_mixin.py:188} INFO - [2026-04-19T14:04:17.796+0000] {dag.py:3954} INFO - Setting next_dagrun for dag_scraping_offres_emploi to 2026-04-19 06:00:00+00:00, run_after=2026-04-19 12:00:00+00:00
[2026-04-19T14:04:17.920+0000] {processor.py:183} INFO - Processing /opt/airflow/dags/DagScraper.py took 0.463 seconds
[2026-04-19T14:04:48.738+0000] {processor.py:161} INFO - Started process (PID=41556) to work on /opt/airflow/dags/DagScraper.py
[2026-04-19T14:04:48.740+0000] {processor.py:830} INFO - Processing file /opt/airflow/dags/DagScraper.py for tasks to queue
[2026-04-19T14:04:48.744+0000] {logging_mixin.py:188} INFO - [2026-04-19T14:04:48.743+0000] {dagbag.py:545} INFO - Filling up the DagBag from /opt/airflow/dags/DagScraper.py
[2026-04-19T14:04:48.781+0000] {processor.py:840} INFO - DAG(s) 'dag_scraping_offres_emploi' retrieved from /opt/airflow/dags/DagScraper.py
[2026-04-19T14:04:48.887+0000] {logging_mixin.py:188} INFO - [2026-04-19T14:04:48.887+0000] {dag.py:3096} INFO - Sync 1 DAGs
[2026-04-19T14:04:48.983+0000] {logging_mixin.py:188} INFO - [2026-04-19T14:04:48.982+0000] {dag.py:3954} INFO - Setting next_dagrun for dag_scraping_offres_emploi to 2026-04-19 06:00:00+00:00, run_after=2026-04-19 12:00:00+00:00
[2026-04-19T14:04:49.037+0000] {processor.py:183} INFO - Processing /opt/airflow/dags/DagScraper.py took 0.314 seconds
[2026-04-19T14:05:19.693+0000] {processor.py:161} INFO - Started process (PID=41570) to work on /opt/airflow/dags/DagScraper.py
[2026-04-19T14:05:19.694+0000] {processor.py:830} INFO - Processing file /opt/airflow/dags/DagScraper.py for tasks to queue
[2026-04-19T14:05:19.698+0000] {logging_mixin.py:188} INFO - [2026-04-19T14:05:19.697+0000] {dagbag.py:545} INFO - Filling up the DagBag from /opt/airflow/dags/DagScraper.py
[2026-04-19T14:05:19.745+0000] {processor.py:840} INFO - DAG(s) 'dag_scraping_offres_emploi' retrieved from /opt/airflow/dags/DagScraper.py
[2026-04-19T14:05:19.855+0000] {logging_mixin.py:188} INFO - [2026-04-19T14:05:19.855+0000] {dag.py:3096} INFO - Sync 1 DAGs
[2026-04-19T14:05:19.941+0000] {logging_mixin.py:188} INFO - [2026-04-19T14:05:19.940+0000] {dag.py:3954} INFO - Setting next_dagrun for dag_scraping_offres_emploi to 2026-04-19 06:00:00+00:00, run_after=2026-04-19 12:00:00+00:00
[2026-04-19T14:05:19.996+0000] {processor.py:183} INFO - Processing /opt/airflow/dags/DagScraper.py took 0.317 seconds
[2026-04-19T14:05:50.908+0000] {processor.py:161} INFO - Started process (PID=41578) to work on /opt/airflow/dags/DagScraper.py
[2026-04-19T14:05:50.913+0000] {processor.py:830} INFO - Processing file /opt/airflow/dags/DagScraper.py for tasks to queue
[2026-04-19T14:05:50.924+0000] {logging_mixin.py:188} INFO - [2026-04-19T14:05:50.922+0000] {dagbag.py:545} INFO - Filling up the DagBag from /opt/airflow/dags/DagScraper.py
[2026-04-19T14:05:51.009+0000] {processor.py:840} INFO - DAG(s) 'dag_scraping_offres_emploi' retrieved from /opt/airflow/dags/DagScraper.py
[2026-04-19T14:05:51.105+0000] {logging_mixin.py:188} INFO - [2026-04-19T14:05:51.105+0000] {dag.py:3096} INFO - Sync 1 DAGs
[2026-04-19T14:05:51.162+0000] {logging_mixin.py:188} INFO - [2026-04-19T14:05:51.161+0000] {dag.py:3954} INFO - Setting next_dagrun for dag_scraping_offres_emploi to 2026-04-19 06:00:00+00:00, run_after=2026-04-19 12:00:00+00:00
[2026-04-19T14:05:51.207+0000] {processor.py:183} INFO - Processing /opt/airflow/dags/DagScraper.py took 0.379 seconds
[2026-04-19T14:06:21.599+0000] {processor.py:161} INFO - Started process (PID=41591) to work on /opt/airflow/dags/DagScraper.py
[2026-04-19T14:06:21.620+0000] {processor.py:830} INFO - Processing file /opt/airflow/dags/DagScraper.py for tasks to queue
[2026-04-19T14:06:21.637+0000] {logging_mixin.py:188} INFO - [2026-04-19T14:06:21.636+0000] {dagbag.py:545} INFO - Filling up the DagBag from /opt/airflow/dags/DagScraper.py
[2026-04-19T14:06:21.828+0000] {processor.py:840} INFO - DAG(s) 'dag_scraping_offres_emploi' retrieved from /opt/airflow/dags/DagScraper.py
[2026-04-19T14:06:22.149+0000] {logging_mixin.py:188} INFO - [2026-04-19T14:06:22.149+0000] {dag.py:3096} INFO - Sync 1 DAGs
[2026-04-19T14:06:22.374+0000] {logging_mixin.py:188} INFO - [2026-04-19T14:06:22.372+0000] {dag.py:3954} INFO - Setting next_dagrun for dag_scraping_offres_emploi to 2026-04-19 06:00:00+00:00, run_after=2026-04-19 12:00:00+00:00
[2026-04-19T14:06:23.015+0000] {processor.py:183} INFO - Processing /opt/airflow/dags/DagScraper.py took 1.452 seconds
[2026-04-19T14:06:53.450+0000] {processor.py:161} INFO - Started process (PID=41599) to work on /opt/airflow/dags/DagScraper.py
[2026-04-19T14:06:53.454+0000] {processor.py:830} INFO - Processing file /opt/airflow/dags/DagScraper.py for tasks to queue
[2026-04-19T14:06:53.458+0000] {logging_mixin.py:188} INFO - [2026-04-19T14:06:53.457+0000] {dagbag.py:545} INFO - Filling up the DagBag from /opt/airflow/dags/DagScraper.py
[2026-04-19T14:06:53.507+0000] {processor.py:840} INFO - DAG(s) 'dag_scraping_offres_emploi' retrieved from /opt/airflow/dags/DagScraper.py
[2026-04-19T14:06:53.627+0000] {logging_mixin.py:188} INFO - [2026-04-19T14:06:53.626+0000] {dag.py:3096} INFO - Sync 1 DAGs
[2026-04-19T14:06:53.732+0000] {logging_mixin.py:188} INFO - [2026-04-19T14:06:53.731+0000] {dag.py:3954} INFO - Setting next_dagrun for dag_scraping_offres_emploi to 2026-04-19 06:00:00+00:00, run_after=2026-04-19 12:00:00+00:00
[2026-04-19T14:06:53.844+0000] {processor.py:183} INFO - Processing /opt/airflow/dags/DagScraper.py took 0.409 seconds
[2026-04-19T14:07:24.247+0000] {processor.py:161} INFO - Started process (PID=41613) to work on /opt/airflow/dags/DagScraper.py
[2026-04-19T14:07:24.249+0000] {processor.py:830} INFO - Processing file /opt/airflow/dags/DagScraper.py for tasks to queue
[2026-04-19T14:07:24.253+0000] {logging_mixin.py:188} INFO - [2026-04-19T14:07:24.252+0000] {dagbag.py:545} INFO - Filling up the DagBag from /opt/airflow/dags/DagScraper.py
[2026-04-19T14:07:24.334+0000] {processor.py:840} INFO - DAG(s) 'dag_scraping_offres_emploi' retrieved from /opt/airflow/dags/DagScraper.py
[2026-04-19T14:07:24.490+0000] {logging_mixin.py:188} INFO - [2026-04-19T14:07:24.486+0000] {dag.py:3096} INFO - Sync 1 DAGs
[2026-04-19T14:07:24.626+0000] {logging_mixin.py:188} INFO - [2026-04-19T14:07:24.626+0000] {dag.py:3954} INFO - Setting next_dagrun for dag_scraping_offres_emploi to 2026-04-19 06:00:00+00:00, run_after=2026-04-19 12:00:00+00:00
[2026-04-19T14:07:24.750+0000] {processor.py:183} INFO - Processing /opt/airflow/dags/DagScraper.py took 0.524 seconds
[2026-04-19T14:07:55.590+0000] {processor.py:161} INFO - Started process (PID=41621) to work on /opt/airflow/dags/DagScraper.py
[2026-04-19T14:07:55.592+0000] {processor.py:830} INFO - Processing file /opt/airflow/dags/DagScraper.py for tasks to queue
[2026-04-19T14:07:55.597+0000] {logging_mixin.py:188} INFO - [2026-04-19T14:07:55.596+0000] {dagbag.py:545} INFO - Filling up the DagBag from /opt/airflow/dags/DagScraper.py
[2026-04-19T14:07:55.644+0000] {processor.py:840} INFO - DAG(s) 'dag_scraping_offres_emploi' retrieved from /opt/airflow/dags/DagScraper.py
[2026-04-19T14:07:55.726+0000] {logging_mixin.py:188} INFO - [2026-04-19T14:07:55.725+0000] {dag.py:3096} INFO - Sync 1 DAGs
[2026-04-19T14:07:55.779+0000] {logging_mixin.py:188} INFO - [2026-04-19T14:07:55.779+0000] {dag.py:3954} INFO - Setting next_dagrun for dag_scraping_offres_emploi to 2026-04-19 06:00:00+00:00, run_after=2026-04-19 12:00:00+00:00
[2026-04-19T14:07:55.825+0000] {processor.py:183} INFO - Processing /opt/airflow/dags/DagScraper.py took 0.247 seconds
[2026-04-19T14:08:26.547+0000] {processor.py:161} INFO - Started process (PID=41635) to work on /opt/airflow/dags/DagScraper.py
[2026-04-19T14:08:26.549+0000] {processor.py:830} INFO - Processing file /opt/airflow/dags/DagScraper.py for tasks to queue
[2026-04-19T14:08:26.562+0000] {logging_mixin.py:188} INFO - [2026-04-19T14:08:26.561+0000] {dagbag.py:545} INFO - Filling up the DagBag from /opt/airflow/dags/DagScraper.py
[2026-04-19T14:08:26.641+0000] {processor.py:840} INFO - DAG(s) 'dag_scraping_offres_emploi' retrieved from /opt/airflow/dags/DagScraper.py
[2026-04-19T14:08:26.733+0000] {logging_mixin.py:188} INFO - [2026-04-19T14:08:26.732+0000] {dag.py:3096} INFO - Sync 1 DAGs
[2026-04-19T14:08:26.774+0000] {logging_mixin.py:188} INFO - [2026-04-19T14:08:26.773+0000] {dag.py:3954} INFO - Setting next_dagrun for dag_scraping_offres_emploi to 2026-04-19 06:00:00+00:00, run_after=2026-04-19 12:00:00+00:00
[2026-04-19T14:08:26.814+0000] {processor.py:183} INFO - Processing /opt/airflow/dags/DagScraper.py took 0.293 seconds
[2026-04-19T14:08:57.057+0000] {processor.py:161} INFO - Started process (PID=41642) to work on /opt/airflow/dags/DagScraper.py
[2026-04-19T14:08:57.058+0000] {processor.py:830} INFO - Processing file /opt/airflow/dags/DagScraper.py for tasks to queue
[2026-04-19T14:08:57.061+0000] {logging_mixin.py:188} INFO - [2026-04-19T14:08:57.060+0000] {dagbag.py:545} INFO - Filling up the DagBag from /opt/airflow/dags/DagScraper.py
[2026-04-19T14:08:57.116+0000] {processor.py:840} INFO - DAG(s) 'dag_scraping_offres_emploi' retrieved from /opt/airflow/dags/DagScraper.py
[2026-04-19T14:08:57.218+0000] {logging_mixin.py:188} INFO - [2026-04-19T14:08:57.217+0000] {dag.py:3096} INFO - Sync 1 DAGs
[2026-04-19T14:08:57.268+0000] {logging_mixin.py:188} INFO - [2026-04-19T14:08:57.267+0000] {dag.py:3954} INFO - Setting next_dagrun for dag_scraping_offres_emploi to 2026-04-19 06:00:00+00:00, run_after=2026-04-19 12:00:00+00:00
[2026-04-19T14:08:57.311+0000] {processor.py:183} INFO - Processing /opt/airflow/dags/DagScraper.py took 0.268 seconds
[2026-04-19T14:09:28.154+0000] {processor.py:161} INFO - Started process (PID=41657) to work on /opt/airflow/dags/DagScraper.py
[2026-04-19T14:09:28.156+0000] {processor.py:830} INFO - Processing file /opt/airflow/dags/DagScraper.py for tasks to queue
[2026-04-19T14:09:28.165+0000] {logging_mixin.py:188} INFO - [2026-04-19T14:09:28.164+0000] {dagbag.py:545} INFO - Filling up the DagBag from /opt/airflow/dags/DagScraper.py
[2026-04-19T14:09:28.363+0000] {processor.py:840} INFO - DAG(s) 'dag_scraping_offres_emploi' retrieved from /opt/airflow/dags/DagScraper.py
[2026-04-19T14:09:28.721+0000] {logging_mixin.py:188} INFO - [2026-04-19T14:09:28.719+0000] {dag.py:3096} INFO - Sync 1 DAGs
[2026-04-19T14:09:28.957+0000] {logging_mixin.py:188} INFO - [2026-04-19T14:09:28.956+0000] {dag.py:3954} INFO - Setting next_dagrun for dag_scraping_offres_emploi to 2026-04-19 06:00:00+00:00, run_after=2026-04-19 12:00:00+00:00
[2026-04-19T14:09:29.011+0000] {processor.py:183} INFO - Processing /opt/airflow/dags/DagScraper.py took 0.924 seconds
[2026-04-19T14:09:59.664+0000] {processor.py:161} INFO - Started process (PID=41671) to work on /opt/airflow/dags/DagScraper.py
[2026-04-19T14:09:59.666+0000] {processor.py:830} INFO - Processing file /opt/airflow/dags/DagScraper.py for tasks to queue
[2026-04-19T14:09:59.670+0000] {logging_mixin.py:188} INFO - [2026-04-19T14:09:59.669+0000] {dagbag.py:545} INFO - Filling up the DagBag from /opt/airflow/dags/DagScraper.py
[2026-04-19T14:09:59.712+0000] {processor.py:840} INFO - DAG(s) 'dag_scraping_offres_emploi' retrieved from /opt/airflow/dags/DagScraper.py
[2026-04-19T14:09:59.786+0000] {logging_mixin.py:188} INFO - [2026-04-19T14:09:59.785+0000] {dag.py:3096} INFO - Sync 1 DAGs
[2026-04-19T14:09:59.843+0000] {logging_mixin.py:188} INFO - [2026-04-19T14:09:59.842+0000] {dag.py:3954} INFO - Setting next_dagrun for dag_scraping_offres_emploi to 2026-04-19 06:00:00+00:00, run_after=2026-04-19 12:00:00+00:00
[2026-04-19T14:09:59.917+0000] {processor.py:183} INFO - Processing /opt/airflow/dags/DagScraper.py took 0.269 seconds
[2026-04-19T14:10:30.564+0000] {processor.py:161} INFO - Started process (PID=41678) to work on /opt/airflow/dags/DagScraper.py
[2026-04-19T14:10:30.566+0000] {processor.py:830} INFO - Processing file /opt/airflow/dags/DagScraper.py for tasks to queue
[2026-04-19T14:10:30.571+0000] {logging_mixin.py:188} INFO - [2026-04-19T14:10:30.570+0000] {dagbag.py:545} INFO - Filling up the DagBag from /opt/airflow/dags/DagScraper.py
[2026-04-19T14:10:30.621+0000] {processor.py:840} INFO - DAG(s) 'dag_scraping_offres_emploi' retrieved from /opt/airflow/dags/DagScraper.py
[2026-04-19T14:10:30.708+0000] {logging_mixin.py:188} INFO - [2026-04-19T14:10:30.708+0000] {dag.py:3096} INFO - Sync 1 DAGs
[2026-04-19T14:10:30.786+0000] {logging_mixin.py:188} INFO - [2026-04-19T14:10:30.785+0000] {dag.py:3954} INFO - Setting next_dagrun for dag_scraping_offres_emploi to 2026-04-19 06:00:00+00:00, run_after=2026-04-19 12:00:00+00:00
[2026-04-19T14:10:30.837+0000] {processor.py:183} INFO - Processing /opt/airflow/dags/DagScraper.py took 0.292 seconds
[2026-04-19T14:11:01.499+0000] {processor.py:161} INFO - Started process (PID=41691) to work on /opt/airflow/dags/DagScraper.py
[2026-04-19T14:11:01.502+0000] {processor.py:830} INFO - Processing file /opt/airflow/dags/DagScraper.py for tasks to queue
[2026-04-19T14:11:01.507+0000] {logging_mixin.py:188} INFO - [2026-04-19T14:11:01.506+0000] {dagbag.py:545} INFO - Filling up the DagBag from /opt/airflow/dags/DagScraper.py
[2026-04-19T14:11:01.577+0000] {processor.py:840} INFO - DAG(s) 'dag_scraping_offres_emploi' retrieved from /opt/airflow/dags/DagScraper.py
[2026-04-19T14:11:01.663+0000] {logging_mixin.py:188} INFO - [2026-04-19T14:11:01.662+0000] {dag.py:3096} INFO - Sync 1 DAGs
[2026-04-19T14:11:01.739+0000] {logging_mixin.py:188} INFO - [2026-04-19T14:11:01.739+0000] {dag.py:3954} INFO - Setting next_dagrun for dag_scraping_offres_emploi to 2026-04-19 06:00:00+00:00, run_after=2026-04-19 12:00:00+00:00
[2026-04-19T14:11:01.840+0000] {processor.py:183} INFO - Processing /opt/airflow/dags/DagScraper.py took 0.364 seconds
[2026-04-19T14:11:32.567+0000] {processor.py:161} INFO - Started process (PID=41699) to work on /opt/airflow/dags/DagScraper.py
[2026-04-19T14:11:32.569+0000] {processor.py:830} INFO - Processing file /opt/airflow/dags/DagScraper.py for tasks to queue
[2026-04-19T14:11:32.573+0000] {logging_mixin.py:188} INFO - [2026-04-19T14:11:32.572+0000] {dagbag.py:545} INFO - Filling up the DagBag from /opt/airflow/dags/DagScraper.py
[2026-04-19T14:11:32.644+0000] {processor.py:840} INFO - DAG(s) 'dag_scraping_offres_emploi' retrieved from /opt/airflow/dags/DagScraper.py
[2026-04-19T14:11:32.759+0000] {logging_mixin.py:188} INFO - [2026-04-19T14:11:32.759+0000] {dag.py:3096} INFO - Sync 1 DAGs
[2026-04-19T14:11:32.934+0000] {logging_mixin.py:188} INFO - [2026-04-19T14:11:32.921+0000] {dag.py:3954} INFO - Setting next_dagrun for dag_scraping_offres_emploi to 2026-04-19 06:00:00+00:00, run_after=2026-04-19 12:00:00+00:00
[2026-04-19T14:11:33.044+0000] {processor.py:183} INFO - Processing /opt/airflow/dags/DagScraper.py took 0.491 seconds
[2026-04-19T14:12:03.812+0000] {processor.py:161} INFO - Started process (PID=41713) to work on /opt/airflow/dags/DagScraper.py
[2026-04-19T14:12:03.814+0000] {processor.py:830} INFO - Processing file /opt/airflow/dags/DagScraper.py for tasks to queue
[2026-04-19T14:12:03.819+0000] {logging_mixin.py:188} INFO - [2026-04-19T14:12:03.818+0000] {dagbag.py:545} INFO - Filling up the DagBag from /opt/airflow/dags/DagScraper.py
[2026-04-19T14:12:03.871+0000] {processor.py:840} INFO - DAG(s) 'dag_scraping_offres_emploi' retrieved from /opt/airflow/dags/DagScraper.py
[2026-04-19T14:12:03.947+0000] {logging_mixin.py:188} INFO - [2026-04-19T14:12:03.946+0000] {dag.py:3096} INFO - Sync 1 DAGs
[2026-04-19T14:12:03.987+0000] {logging_mixin.py:188} INFO - [2026-04-19T14:12:03.987+0000] {dag.py:3954} INFO - Setting next_dagrun for dag_scraping_offres_emploi to 2026-04-19 06:00:00+00:00, run_after=2026-04-19 12:00:00+00:00
[2026-04-19T14:12:04.044+0000] {processor.py:183} INFO - Processing /opt/airflow/dags/DagScraper.py took 0.249 seconds
[2026-04-19T14:12:34.957+0000] {processor.py:161} INFO - Started process (PID=41720) to work on /opt/airflow/dags/DagScraper.py
[2026-04-19T14:12:34.960+0000] {processor.py:830} INFO - Processing file /opt/airflow/dags/DagScraper.py for tasks to queue
[2026-04-19T14:12:34.966+0000] {logging_mixin.py:188} INFO - [2026-04-19T14:12:34.965+0000] {dagbag.py:545} INFO - Filling up the DagBag from /opt/airflow/dags/DagScraper.py
[2026-04-19T14:12:35.026+0000] {processor.py:840} INFO - DAG(s) 'dag_scraping_offres_emploi' retrieved from /opt/airflow/dags/DagScraper.py
[2026-04-19T14:12:35.111+0000] {logging_mixin.py:188} INFO - [2026-04-19T14:12:35.110+0000] {dag.py:3096} INFO - Sync 1 DAGs
[2026-04-19T14:12:35.158+0000] {logging_mixin.py:188} INFO - [2026-04-19T14:12:35.158+0000] {dag.py:3954} INFO - Setting next_dagrun for dag_scraping_offres_emploi to 2026-04-19 06:00:00+00:00, run_after=2026-04-19 12:00:00+00:00
[2026-04-19T14:12:35.197+0000] {processor.py:183} INFO - Processing /opt/airflow/dags/DagScraper.py took 0.305 seconds
[2026-04-19T14:13:05.880+0000] {processor.py:161} INFO - Started process (PID=41734) to work on /opt/airflow/dags/DagScraper.py
[2026-04-19T14:13:05.882+0000] {processor.py:830} INFO - Processing file /opt/airflow/dags/DagScraper.py for tasks to queue
[2026-04-19T14:13:05.887+0000] {logging_mixin.py:188} INFO - [2026-04-19T14:13:05.886+0000] {dagbag.py:545} INFO - Filling up the DagBag from /opt/airflow/dags/DagScraper.py
[2026-04-19T14:13:05.940+0000] {processor.py:840} INFO - DAG(s) 'dag_scraping_offres_emploi' retrieved from /opt/airflow/dags/DagScraper.py
[2026-04-19T14:13:06.063+0000] {logging_mixin.py:188} INFO - [2026-04-19T14:13:06.062+0000] {dag.py:3096} INFO - Sync 1 DAGs
[2026-04-19T14:13:06.143+0000] {logging_mixin.py:188} INFO - [2026-04-19T14:13:06.142+0000] {dag.py:3954} INFO - Setting next_dagrun for dag_scraping_offres_emploi to 2026-04-19 06:00:00+00:00, run_after=2026-04-19 12:00:00+00:00
[2026-04-19T14:13:06.189+0000] {processor.py:183} INFO - Processing /opt/airflow/dags/DagScraper.py took 0.331 seconds
[2026-04-19T14:13:36.910+0000] {processor.py:161} INFO - Started process (PID=41742) to work on /opt/airflow/dags/DagScraper.py
[2026-04-19T14:13:36.911+0000] {processor.py:830} INFO - Processing file /opt/airflow/dags/DagScraper.py for tasks to queue
[2026-04-19T14:13:36.915+0000] {logging_mixin.py:188} INFO - [2026-04-19T14:13:36.914+0000] {dagbag.py:545} INFO - Filling up the DagBag from /opt/airflow/dags/DagScraper.py
[2026-04-19T14:13:36.958+0000] {processor.py:840} INFO - DAG(s) 'dag_scraping_offres_emploi' retrieved from /opt/airflow/dags/DagScraper.py
[2026-04-19T14:13:37.029+0000] {logging_mixin.py:188} INFO - [2026-04-19T14:13:37.029+0000] {dag.py:3096} INFO - Sync 1 DAGs
[2026-04-19T14:13:37.077+0000] {logging_mixin.py:188} INFO - [2026-04-19T14:13:37.076+0000] {dag.py:3954} INFO - Setting next_dagrun for dag_scraping_offres_emploi to 2026-04-19 06:00:00+00:00, run_after=2026-04-19 12:00:00+00:00
[2026-04-19T14:13:37.125+0000] {processor.py:183} INFO - Processing /opt/airflow/dags/DagScraper.py took 0.228 seconds
